sequence,v115@GhA8IeA8BeC8DeA8AeE8CeA8Jei/IvhF3gBGiBZoBc?pBlmBTsB,v115@GhA8IeA8BeC8DeA8AeE8CeA8Jei/IvhF3gBRiBcpBl?mBznB2xB,v115@GhA8IeA8BeC8DeA8AeE8CeA8JeZEJvhFukB3gBziBl?mBUnByxB,v115@GhA8IeA8BeC8DeA8AeE8CeA8Je3AJvhFZoBTkBlmBc?sBipBGsB,v115@GhA8IeA8BeC8DeA8AeE8CeA8Je3AJvhFRiBTkBlmBc?sBetBipB
TILJSZO,X,X,X,X,X
TILJSOZ,X,X,O,X,X
TILJZSO,X,X,X,X,X
TILJZOS,X,X,X,X,X
TILJOSZ,X,X,O,X,X
TILJOZS,X,X,X,X,X
TILSJZO,X,X,X,X,X
TILSJOZ,X,X,O,X,X
TILSZJO,X,X,X,X,X
TILSZOJ,X,X,X,X,X
TILSOJZ,X,X,O,X,X
TILSOZJ,X,X,X,X,X
TILZJSO,X,X,X,X,X
TILZJOS,X,X,X,X,X
TILZSJO,X,X,X,X,X
TILZSOJ,X,X,X,X,X
TILZOJS,X,X,X,X,X
TILZOSJ,X,X,X,X,X
TILOJSZ,X,X,O,X,X
TILOJZS,X,X,X,X,X
TILOSJZ,X,X,O,X,X
TILOSZJ,X,X,X,X,X
TILOZJS,X,X,X,X,X
TILOZSJ,X,X,X,X,X
TIJLSZO,X,X,X,X,X
TIJLSOZ,X,X,O,X,X
TIJLZSO,X,X,X,X,X
TIJLZOS,X,X,X,X,X
TIJLOSZ,X,X,O,X,X
TIJLOZS,X,X,X,X,X
TIJSLZO,X,X,X,X,X
TIJSLOZ,X,X,O,X,X
TIJSZLO,O,X,X,X,X
TIJSZOL,X,X,X,X,X
TIJSOLZ,X,X,X,X,X
TIJSOZL,X,X,X,X,X
TIJZLSO,O,X,X,X,X
TIJZLOS,X,X,X,X,X
TIJZSLO,O,X,X,X,X
TIJZSOL,X,X,X,X,X
TIJZOLS,X,X,X,X,X
TIJZOSL,X,X,X,X,X
TIJOLSZ,X,X,X,X,X
TIJOLZS,X,X,X,X,X
TIJOSLZ,X,X,X,X,X
TIJOSZL,X,X,X,X,X
TIJOZLS,X,X,X,X,X
TIJOZSL,X,X,X,X,X
TISLJZO,X,X,X,X,X
TISLJOZ,X,X,O,X,X
TISLZJO,X,X,X,X,X
TISLZOJ,X,X,X,X,X
TISLOJZ,X,X,O,X,X
TISLOZJ,X,X,X,X,X
TISJLZO,X,X,X,X,X
TISJLOZ,X,X,O,X,X
TISJZLO,O,X,X,X,X
TISJZOL,X,X,X,X,X
TISJOLZ,X,X,X,X,X
TISJOZL,X,X,X,X,X
TISZLJO,O,O,X,X,X
TISZLOJ,X,X,X,X,X
TISZJLO,O,X,X,X,X
TISZJOL,X,X,X,X,X
TISZOLJ,X,X,X,X,X
TISZOJL,X,X,X,X,X
TISOLJZ,X,X,X,X,X
TISOLZJ,X,X,X,X,X
TISOJLZ,X,X,X,X,X
TISOJZL,X,X,X,X,X
TISOZLJ,X,X,X,X,X
TISOZJL,X,X,X,X,X
TIZLJSO,O,X,X,X,X
TIZLJOS,X,X,X,X,X
TIZLSJO,O,O,X,X,X
TIZLSOJ,X,X,X,X,X
TIZLOJS,X,X,X,X,X
TIZLOSJ,X,X,X,X,X
TIZJLSO,O,X,X,X,X
TIZJLOS,X,X,X,X,X
TIZJSLO,O,X,X,X,X
TIZJSOL,X,X,X,X,X
TIZJOLS,X,X,X,X,X
TIZJOSL,X,X,X,X,X
TIZSLJO,O,O,X,X,X
TIZSLOJ,X,X,X,X,X
TIZSJLO,O,X,X,X,X
TIZSJOL,X,X,X,X,X
TIZSOLJ,X,X,X,X,X
TIZSOJL,X,X,X,X,X
TIZOLJS,X,X,X,X,X
TIZOLSJ,X,X,X,X,X
TIZOJLS,X,X,X,X,X
TIZOJSL,X,X,X,X,X
TIZOSLJ,X,X,X,X,X
TIZOSJL,X,X,X,X,X
TIOLJSZ,X,X,X,X,X
TIOLJZS,X,X,X,X,X
TIOLSJZ,X,X,X,X,X
TIOLSZJ,X,X,X,X,X
TIOLZJS,X,X,X,X,X
TIOLZSJ,X,X,X,X,X
TIOJLSZ,X,X,X,X,X
TIOJLZS,X,X,X,X,X
TIOJSLZ,X,X,X,X,X
TIOJSZL,X,X,X,X,X
TIOJZLS,X,X,X,X,X
TIOJZSL,X,X,X,X,X
TIOSLJZ,X,X,X,X,X
TIOSLZJ,X,X,X,X,X
TIOSJLZ,X,X,X,X,X
TIOSJZL,X,X,X,X,X
TIOSZLJ,X,X,X,X,X
TIOSZJL,X,X,X,X,X
TIOZLJS,X,X,X,X,X
TIOZLSJ,X,X,X,X,X
TIOZJLS,X,X,X,X,X
TIOZJSL,X,X,X,X,X
TIOZSLJ,X,X,X,X,X
TIOZSJL,X,X,X,X,X
TLIJSZO,X,X,X,X,X
TLIJSOZ,X,X,O,X,X
TLIJZSO,X,X,X,X,X
TLIJZOS,X,X,X,X,X
TLIJOSZ,X,X,O,X,X
TLIJOZS,X,X,X,X,X
TLISJZO,X,X,X,X,X
TLISJOZ,X,X,O,X,X
TLISZJO,X,X,X,X,X
TLISZOJ,X,X,X,X,X
TLISOJZ,X,X,O,X,X
TLISOZJ,X,X,X,X,X
TLIZJSO,X,X,X,X,X
TLIZJOS,X,X,X,X,X
TLIZSJO,X,X,X,X,X
TLIZSOJ,X,X,X,X,X
TLIZOJS,X,X,X,X,X
TLIZOSJ,X,X,X,X,X
TLIOJSZ,X,X,O,X,X
TLIOJZS,X,X,X,X,X
TLIOSJZ,X,X,O,X,X
TLIOSZJ,X,X,X,X,X
TLIOZJS,X,X,X,X,X
TLIOZSJ,X,X,X,X,X
TLJISZO,X,X,X,X,X
TLJISOZ,X,X,O,X,X
TLJIZSO,X,X,X,X,X
TLJIZOS,X,X,X,X,X
TLJIOSZ,X,X,O,X,X
TLJIOZS,X,X,X,X,X
TLJSIZO,X,X,X,X,X
TLJSIOZ,X,X,O,X,X
TLJSZIO,X,X,X,X,X
TLJSZOI,X,X,X,X,X
TLJSOIZ,X,X,O,X,X
TLJSOZI,X,X,X,X,X
TLJZISO,X,X,X,X,X
TLJZIOS,X,X,X,X,X
TLJZSIO,X,X,X,X,X
TLJZSOI,X,X,X,X,X
TLJZOIS,X,X,X,X,X
TLJZOSI,X,X,X,X,X
TLJOISZ,X,X,O,X,X
TLJOIZS,X,X,X,X,X
TLJOSIZ,X,X,O,X,X
TLJOSZI,X,X,X,X,X
TLJOZIS,X,X,X,X,X
TLJOZSI,X,X,X,X,X
TLSIJZO,X,X,X,X,X
TLSIJOZ,X,X,O,X,X
TLSIZJO,X,X,X,X,X
TLSIZOJ,X,X,X,X,X
TLSIOJZ,X,X,O,X,X
TLSIOZJ,X,X,X,X,X
TLSJIZO,X,X,X,X,X
TLSJIOZ,X,X,O,X,X
TLSJZIO,X,X,X,X,X
TLSJZOI,X,X,X,X,X
TLSJOIZ,X,X,O,X,X
TLSJOZI,X,X,X,X,X
TLSZIJO,X,X,X,X,X
TLSZIOJ,X,X,X,X,X
TLSZJIO,X,X,X,X,X
TLSZJOI,X,X,X,X,X
TLSZOIJ,X,X,X,X,X
TLSZOJI,X,X,X,X,X
TLSOIJZ,X,X,O,X,X
TLSOIZJ,X,X,X,X,X
TLSOJIZ,X,X,O,X,X
TLSOJZI,X,X,X,X,X
TLSOZIJ,X,X,X,X,X
TLSOZJI,X,X,X,X,X
TLZIJSO,X,X,X,X,X
TLZIJOS,X,X,X,X,X
TLZISJO,X,X,X,X,X
TLZISOJ,X,X,X,X,X
TLZIOJS,X,X,X,X,X
TLZIOSJ,X,X,X,X,X
TLZJISO,X,X,X,X,X
TLZJIOS,X,X,X,X,X
TLZJSIO,X,X,X,X,X
TLZJSOI,X,X,X,X,X
TLZJOIS,X,X,X,X,X
TLZJOSI,X,X,X,X,X
TLZSIJO,X,X,X,X,X
TLZSIOJ,X,X,X,X,X
TLZSJIO,X,X,X,X,X
TLZSJOI,X,X,X,X,X
TLZSOIJ,X,X,X,X,X
TLZSOJI,X,X,X,X,X
TLZOIJS,X,X,X,X,X
TLZOISJ,X,X,X,X,X
TLZOJIS,X,X,X,X,X
TLZOJSI,X,X,X,X,X
TLZOSIJ,X,X,X,X,X
TLZOSJI,X,X,X,X,X
TLOIJSZ,X,X,O,X,X
TLOIJZS,X,X,X,X,X
TLOISJZ,X,X,O,X,X
TLOISZJ,X,X,X,X,X
TLOIZJS,X,X,X,X,X
TLOIZSJ,X,X,X,X,X
TLOJISZ,X,X,O,X,X
TLOJIZS,X,X,X,X,X
TLOJSIZ,X,X,O,X,X
TLOJSZI,X,X,X,X,X
TLOJZIS,X,X,X,X,X
TLOJZSI,X,X,X,X,X
TLOSIJZ,X,X,O,X,X
TLOSIZJ,X,X,X,X,X
TLOSJIZ,X,X,O,X,X
TLOSJZI,X,X,X,X,X
TLOSZIJ,X,X,X,X,X
TLOSZJI,X,X,X,X,X
TLOZIJS,X,X,X,X,X
TLOZISJ,X,X,X,X,X
TLOZJIS,X,X,X,X,X
TLOZJSI,X,X,X,X,X
TLOZSIJ,X,X,X,X,X
TLOZSJI,X,X,X,X,X
TJILSZO,X,X,X,X,X
TJILSOZ,X,X,O,X,X
TJILZSO,X,X,X,X,X
TJILZOS,X,X,X,X,X
TJILOSZ,X,X,O,X,X
TJILOZS,X,X,X,X,X
TJISLZO,X,X,X,X,X
TJISLOZ,X,X,O,X,X
TJISZLO,O,O,X,X,X
TJISZOL,X,X,X,X,X
TJISOLZ,X,X,X,X,X
TJISOZL,X,X,X,X,X
TJIZLSO,O,O,X,X,X
TJIZLOS,X,X,X,X,X
TJIZSLO,O,O,X,X,X
TJIZSOL,X,X,X,X,X
TJIZOLS,X,X,X,X,X
TJIZOSL,X,X,X,X,X
TJIOLSZ,X,X,X,X,X
TJIOLZS,X,X,X,X,X
TJIOSLZ,X,X,X,X,X
TJIOSZL,X,X,X,X,X
TJIOZLS,X,X,X,X,X
TJIOZSL,X,X,X,X,X
TJLISZO,X,X,X,X,X
TJLISOZ,X,X,O,X,X
TJLIZSO,X,X,X,X,X
TJLIZOS,X,X,X,X,X
TJLIOSZ,X,X,O,X,X
TJLIOZS,X,X,X,X,X
TJLSIZO,X,X,X,X,X
TJLSIOZ,X,X,O,X,X
TJLSZIO,X,X,X,X,X
TJLSZOI,X,X,X,X,X
TJLSOIZ,X,X,O,X,X
TJLSOZI,X,X,X,X,X
TJLZISO,X,X,X,X,X
TJLZIOS,X,X,X,X,X
TJLZSIO,X,X,X,X,X
TJLZSOI,X,X,X,X,X
TJLZOIS,X,X,X,X,X
TJLZOSI,X,X,X,X,X
TJLOISZ,X,X,O,X,X
TJLOIZS,X,X,X,X,X
TJLOSIZ,X,X,O,X,X
TJLOSZI,X,X,X,X,X
TJLOZIS,X,X,X,X,X
TJLOZSI,X,X,X,X,X
TJSILZO,X,X,X,X,X
TJSILOZ,X,X,O,X,X
TJSIZLO,O,O,X,X,X
TJSIZOL,X,X,X,X,X
TJSIOLZ,X,X,X,X,X
TJSIOZL,X,X,X,X,X
TJSLIZO,X,X,X,X,X
TJSLIOZ,X,X,O,X,X
TJSLZIO,X,X,X,X,X
TJSLZOI,X,X,X,X,X
TJSLOIZ,X,X,O,X,X
TJSLOZI,X,X,X,X,X
TJSZILO,O,O,X,X,X
TJSZIOL,X,X,X,X,X
TJSZLIO,O,O,X,X,X
TJSZLOI,X,O,X,X,X
TJSZOIL,X,O,X,X,X
TJSZOLI,X,O,X,X,X
TJSOILZ,X,X,X,X,X
TJSOIZL,X,O,X,X,X
TJSOLIZ,X,X,X,X,X
TJSOLZI,X,X,X,X,X
TJSOZIL,X,O,X,X,X
TJSOZLI,X,O,X,X,X
TJZILSO,O,O,X,X,X
TJZILOS,X,X,X,X,X
TJZISLO,O,O,X,X,X
TJZISOL,X,X,X,X,X
TJZIOLS,X,X,X,X,X
TJZIOSL,X,X,X,X,X
TJZLISO,O,O,X,X,X
TJZLIOS,X,X,X,X,X
TJZLSIO,O,O,X,X,X
TJZLSOI,X,O,X,X,X
TJZLOIS,X,O,X,X,X
TJZLOSI,X,O,X,X,X
TJZSILO,O,O,X,X,X
TJZSIOL,X,X,X,X,X
TJZSLIO,O,O,X,X,X
TJZSLOI,X,O,X,X,X
TJZSOIL,X,O,X,X,X
TJZSOLI,X,O,X,X,X
TJZOILS,X,O,X,X,X
TJZOISL,X,O,X,X,X
TJZOLIS,X,O,X,X,X
TJZOLSI,X,O,X,X,X
TJZOSIL,X,O,X,X,X
TJZOSLI,X,O,X,X,X
TJOILSZ,X,X,X,X,X
TJOILZS,X,X,X,X,X
TJOISLZ,X,X,X,X,X
TJOISZL,X,O,X,X,X
TJOIZLS,X,O,X,X,X
TJOIZSL,X,O,X,X,X
TJOLISZ,X,X,X,X,X
TJOLIZS,X,X,X,X,X
TJOLSIZ,X,X,X,X,X
TJOLSZI,X,X,X,X,X
TJOLZIS,X,X,X,X,X
TJOLZSI,X,X,X,X,X
TJOSILZ,X,X,X,X,X
TJOSIZL,X,O,X,X,X
TJOSLIZ,X,X,X,X,X
TJOSLZI,X,X,X,X,X
TJOSZIL,X,O,X,X,X
TJOSZLI,X,O,X,X,X
TJOZILS,X,O,X,X,X
TJOZISL,X,O,X,X,X
TJOZLIS,X,O,X,X,X
TJOZLSI,X,O,X,X,X
TJOZSIL,X,O,X,X,X
TJOZSLI,X,O,X,X,X
TSILJZO,X,X,X,X,X
TSILJOZ,X,X,O,X,X
TSILZJO,X,X,X,X,X
TSILZOJ,X,X,X,X,X
TSILOJZ,X,X,O,X,X
TSILOZJ,X,X,X,X,X
TSIJLZO,X,X,X,X,X
TSIJLOZ,X,X,O,X,X
TSIJZLO,O,X,X,X,X
TSIJZOL,X,X,X,X,X
TSIJOLZ,X,X,X,X,X
TSIJOZL,X,X,X,X,X
TSIZLJO,O,O,X,X,X
TSIZLOJ,X,X,X,X,X
TSIZJLO,O,X,X,X,X
TSIZJOL,X,X,X,X,X
TSIZOLJ,X,X,X,X,X
TSIZOJL,X,X,X,X,X
TSIOLJZ,X,X,X,X,X
TSIOLZJ,X,X,X,X,X
TSIOJLZ,X,X,X,X,X
TSIOJZL,X,X,X,X,X
TSIOZLJ,X,X,X,X,X
TSIOZJL,X,X,X,X,X
TSLIJZO,X,X,X,X,X
TSLIJOZ,X,X,O,X,X
TSLIZJO,X,X,X,X,X
TSLIZOJ,X,X,X,X,X
TSLIOJZ,X,X,O,X,X
TSLIOZJ,X,X,X,X,X
TSLJIZO,X,X,X,X,X
TSLJIOZ,X,X,O,X,X
TSLJZIO,X,X,X,X,X
TSLJZOI,X,X,X,X,X
TSLJOIZ,X,X,O,X,X
TSLJOZI,X,X,X,X,X
TSLZIJO,X,X,X,X,X
TSLZIOJ,X,X,X,X,X
TSLZJIO,X,X,X,X,X
TSLZJOI,X,X,X,X,X
TSLZOIJ,X,X,X,X,X
TSLZOJI,X,X,X,X,X
TSLOIJZ,X,X,O,X,X
TSLOIZJ,X,X,X,X,X
TSLOJIZ,X,X,O,X,X
TSLOJZI,X,X,X,X,X
TSLOZIJ,X,X,X,X,X
TSLOZJI,X,X,X,X,X
TSJILZO,X,X,X,X,X
TSJILOZ,X,X,O,X,X
TSJIZLO,O,O,X,X,X
TSJIZOL,X,X,X,X,X
TSJIOLZ,X,X,X,X,X
TSJIOZL,X,X,X,X,X
TSJLIZO,X,X,X,X,X
TSJLIOZ,X,X,O,X,X
TSJLZIO,X,X,X,X,X
TSJLZOI,X,X,X,X,X
TSJLOIZ,X,X,O,X,X
TSJLOZI,X,X,X,X,X
TSJZILO,O,O,X,X,X
TSJZIOL,X,X,X,X,X
TSJZLIO,O,O,X,X,X
TSJZLOI,X,O,X,X,X
TSJZOIL,X,O,X,X,X
TSJZOLI,X,O,X,X,X
TSJOILZ,X,X,X,X,X
TSJOIZL,X,O,X,X,X
TSJOLIZ,X,X,X,X,X
TSJOLZI,X,X,X,X,X
TSJOZIL,X,O,X,X,X
TSJOZLI,X,O,X,X,X
TSZILJO,O,O,X,X,X
TSZILOJ,X,X,X,X,X
TSZIJLO,O,X,X,X,X
TSZIJOL,X,X,X,X,X
TSZIOLJ,X,X,X,O,X
TSZIOJL,X,X,X,O,X
TSZLIJO,O,O,X,X,X
TSZLIOJ,X,X,X,X,X
TSZLJIO,O,O,X,X,X
TSZLJOI,X,O,X,X,X
TSZLOIJ,O,X,X,X,X
TSZLOJI,O,X,X,X,X
TSZJILO,O,O,X,X,X
TSZJIOL,X,X,X,X,X
TSZJLIO,O,O,X,X,X
TSZJLOI,X,O,X,X,X
TSZJOIL,X,O,X,X,X
TSZJOLI,X,O,X,X,X
TSZOILJ,O,X,X,O,X
TSZOIJL,O,X,X,O,X
TSZOLIJ,O,X,X,X,X
TSZOLJI,O,X,X,X,X
TSZOJIL,O,X,X,X,X
TSZOJLI,O,X,X,X,X
TSOILJZ,X,X,X,X,X
TSOILZJ,X,X,X,X,X
TSOIJLZ,X,X,X,X,X
TSOIJZL,O,X,X,X,X
TSOIZLJ,O,X,X,X,X
TSOIZJL,O,X,X,X,X
TSOLIJZ,X,X,X,X,X
TSOLIZJ,X,X,X,X,X
TSOLJIZ,X,X,X,X,X
TSOLJZI,X,X,X,X,X
TSOLZIJ,X,X,X,X,X
TSOLZJI,X,X,X,X,X
TSOJILZ,X,X,X,X,X
TSOJIZL,O,X,X,X,X
TSOJLIZ,X,X,X,X,X
TSOJLZI,X,X,X,X,X
TSOJZIL,O,X,X,X,X
TSOJZLI,O,X,X,X,X
TSOZILJ,O,X,X,O,X
TSOZIJL,O,X,X,O,X
TSOZLIJ,O,X,X,X,X
TSOZLJI,O,X,X,X,X
TSOZJIL,O,X,X,X,X
TSOZJLI,O,X,X,X,X
TZILJSO,O,X,X,X,X
TZILJOS,X,X,X,X,X
TZILSJO,O,O,X,X,X
TZILSOJ,X,X,X,X,X
TZILOJS,X,X,X,X,X
TZILOSJ,X,X,X,X,X
TZIJLSO,O,X,X,X,X
TZIJLOS,X,X,X,X,X
TZIJSLO,O,X,X,X,X
TZIJSOL,X,X,X,X,X
TZIJOLS,X,X,X,X,X
TZIJOSL,X,X,X,X,X
TZISLJO,O,O,X,X,X
TZISLOJ,X,X,X,X,X
TZISJLO,O,X,X,X,X
TZISJOL,X,X,X,X,X
TZISOLJ,X,X,X,O,X
TZISOJL,X,X,X,O,X
TZIOLJS,X,X,X,X,X
TZIOLSJ,X,X,X,X,X
TZIOJLS,X,X,X,X,X
TZIOJSL,X,X,X,X,X
TZIOSLJ,X,X,X,O,X
TZIOSJL,X,X,X,O,X
TZLIJSO,O,X,X,X,X
TZLIJOS,X,X,X,X,X
TZLISJO,O,O,X,X,X
TZLISOJ,X,X,X,X,X
TZLIOJS,X,X,X,X,X
TZLIOSJ,X,X,X,X,X
TZLJISO,O,O,X,X,X
TZLJIOS,X,X,X,X,X
TZLJSIO,O,O,X,X,X
TZLJSOI,X,O,X,X,X
TZLJOIS,X,O,X,X,X
TZLJOSI,X,O,X,X,X
TZLSIJO,O,O,X,X,X
TZLSIOJ,X,X,X,X,X
TZLSJIO,O,O,X,X,X
TZLSJOI,X,O,X,X,X
TZLSOIJ,O,X,X,X,X
TZLSOJI,O,X,X,X,X
TZLOIJS,O,X,X,X,X
TZLOISJ,O,X,X,X,X
TZLOJIS,O,X,X,X,X
TZLOJSI,O,X,X,X,X
TZLOSIJ,O,X,X,X,X
TZLOSJI,O,X,X,X,X
TZJILSO,O,O,X,X,X
TZJILOS,X,X,X,X,X
TZJISLO,O,O,X,X,X
TZJISOL,X,X,X,X,X
TZJIOLS,X,X,X,X,X
TZJIOSL,X,X,X,X,X
TZJLISO,O,O,X,X,X
TZJLIOS,X,X,X,X,X
TZJLSIO,O,O,X,X,X
TZJLSOI,X,O,X,X,X
TZJLOIS,X,O,X,X,X
TZJLOSI,X,O,X,X,X
TZJSILO,O,O,X,X,X
TZJSIOL,X,X,X,X,X
TZJSLIO,O,O,X,X,X
TZJSLOI,X,O,X,X,X
TZJSOIL,X,O,X,X,X
TZJSOLI,X,O,X,X,X
TZJOILS,X,O,X,X,X
TZJOISL,X,O,X,X,X
TZJOLIS,X,O,X,X,X
TZJOLSI,X,O,X,X,X
TZJOSIL,X,O,X,X,X
TZJOSLI,X,O,X,X,X
TZSILJO,O,O,X,X,X
TZSILOJ,X,X,X,X,X
TZSIJLO,O,X,X,X,X
TZSIJOL,X,X,X,X,X
TZSIOLJ,X,X,X,O,X
TZSIOJL,X,X,X,O,X
TZSLIJO,O,O,X,X,X
TZSLIOJ,X,X,X,X,X
TZSLJIO,O,O,X,X,X
TZSLJOI,X,O,X,X,X
TZSLOIJ,O,X,X,X,X
TZSLOJI,O,X,X,X,X
TZSJILO,O,O,X,X,X
TZSJIOL,X,X,X,X,X
TZSJLIO,O,O,X,X,X
TZSJLOI,X,O,X,X,X
TZSJOIL,X,O,X,X,X
TZSJOLI,X,O,X,X,X
TZSOILJ,O,X,X,O,X
TZSOIJL,O,X,X,O,X
TZSOLIJ,O,X,X,X,X
TZSOLJI,O,X,X,X,X
TZSOJIL,O,X,X,X,X
TZSOJLI,O,X,X,X,X
TZOILJS,O,X,X,X,X
TZOILSJ,O,X,X,X,X
TZOIJLS,O,X,X,X,X
TZOIJSL,O,X,X,X,X
TZOISLJ,O,X,X,O,X
TZOISJL,O,X,X,O,X
TZOLIJS,O,X,X,X,X
TZOLISJ,O,X,X,X,X
TZOLJIS,O,X,X,X,X
TZOLJSI,O,X,X,X,X
TZOLSIJ,O,X,X,X,X
TZOLSJI,O,X,X,X,X
TZOJILS,O,X,X,X,X
TZOJISL,O,X,X,X,X
TZOJLIS,O,X,X,X,X
TZOJLSI,O,X,X,X,X
TZOJSIL,O,X,X,X,X
TZOJSLI,O,X,X,X,X
TZOSILJ,O,X,X,O,X
TZOSIJL,O,X,X,O,X
TZOSLIJ,O,X,X,X,X
TZOSLJI,O,X,X,X,X
TZOSJIL,O,X,X,X,X
TZOSJLI,O,X,X,X,X
TOILJSZ,X,X,X,X,X
TOILJZS,X,X,X,X,X
TOILSJZ,X,X,X,X,X
TOILSZJ,X,X,X,X,X
TOILZJS,X,X,X,X,X
TOILZSJ,X,X,X,X,X
TOIJLSZ,X,X,X,X,X
TOIJLZS,X,X,X,X,X
TOIJSLZ,X,X,X,X,X
TOIJSZL,O,X,X,X,X
TOIJZLS,O,X,X,X,X
TOIJZSL,O,X,X,X,X
TOISLJZ,X,X,X,X,X
TOISLZJ,X,X,X,X,X
TOISJLZ,X,X,X,X,X
TOISJZL,O,X,X,X,X
TOISZLJ,O,X,X,X,X
TOISZJL,O,X,X,X,X
TOIZLJS,O,X,X,X,X
TOIZLSJ,O,X,X,X,X
TOIZJLS,O,X,X,X,X
TOIZJSL,O,X,X,X,X
TOIZSLJ,O,X,X,X,X
TOIZSJL,O,X,X,X,X
TOLIJSZ,X,X,X,X,X
TOLIJZS,X,X,X,X,X
TOLISJZ,X,X,X,X,X
TOLISZJ,X,X,X,X,X
TOLIZJS,X,X,X,X,X
TOLIZSJ,X,X,X,X,X
TOLJISZ,X,X,X,X,X
TOLJIZS,X,X,X,X,X
TOLJSIZ,X,X,X,X,X
TOLJSZI,X,X,X,X,X
TOLJZIS,X,X,X,X,X
TOLJZSI,X,X,X,X,X
TOLSIJZ,X,X,X,X,X
TOLSIZJ,X,X,X,X,X
TOLSJIZ,X,X,X,X,X
TOLSJZI,X,X,X,X,X
TOLSZIJ,X,X,X,X,X
TOLSZJI,X,X,X,X,X
TOLZIJS,X,X,X,X,X
TOLZISJ,X,X,X,X,X
TOLZJIS,X,X,X,X,X
TOLZJSI,X,X,X,X,X
TOLZSIJ,X,X,X,X,X
TOLZSJI,X,X,X,X,X
TOJILSZ,X,X,X,X,X
TOJILZS,X,X,X,X,X
TOJISLZ,X,X,X,X,X
TOJISZL,O,X,X,X,X
TOJIZLS,O,X,X,X,X
TOJIZSL,O,X,X,X,X
TOJLISZ,X,X,X,X,X
TOJLIZS,X,X,X,X,X
TOJLSIZ,X,X,X,X,X
TOJLSZI,X,X,X,X,X
TOJLZIS,X,X,X,X,X
TOJLZSI,X,X,X,X,X
TOJSILZ,X,X,X,X,X
TOJSIZL,O,X,X,X,X
TOJSLIZ,X,X,X,X,X
TOJSLZI,X,X,X,X,X
TOJSZIL,O,X,X,X,X
TOJSZLI,O,X,X,X,X
TOJZILS,O,X,X,X,X
TOJZISL,O,X,X,X,X
TOJZLIS,O,X,X,X,X
TOJZLSI,O,X,X,X,X
TOJZSIL,O,X,X,X,X
TOJZSLI,O,X,X,X,X
TOSILJZ,X,X,X,X,X
TOSILZJ,X,X,X,X,X
TOSIJLZ,X,X,X,X,X
TOSIJZL,O,X,X,X,X
TOSIZLJ,O,X,X,X,X
TOSIZJL,O,X,X,X,X
TOSLIJZ,X,X,X,X,X
TOSLIZJ,X,X,X,X,X
TOSLJIZ,X,X,X,X,X
TOSLJZI,X,X,X,X,X
TOSLZIJ,X,X,X,X,X
TOSLZJI,X,X,X,X,X
TOSJILZ,X,X,X,X,X
TOSJIZL,O,X,X,X,X
TOSJLIZ,X,X,X,X,X
TOSJLZI,X,X,X,X,X
TOSJZIL,O,X,X,X,X
TOSJZLI,O,X,X,X,X
TOSZILJ,O,X,X,O,X
TOSZIJL,O,X,X,O,X
TOSZLIJ,O,X,X,X,X
TOSZLJI,O,X,X,X,X
TOSZJIL,O,X,X,X,X
TOSZJLI,O,X,X,X,X
TOZILJS,O,X,X,X,X
TOZILSJ,O,X,X,X,X
TOZIJLS,O,X,X,X,X
TOZIJSL,O,X,X,X,X
TOZISLJ,O,X,X,O,X
TOZISJL,O,X,X,O,X
TOZLIJS,O,X,X,X,X
TOZLISJ,O,X,X,X,X
TOZLJIS,O,X,X,X,X
TOZLJSI,O,X,X,X,X
TOZLSIJ,O,X,X,X,X
TOZLSJI,O,X,X,X,X
TOZJILS,O,X,X,X,X
TOZJISL,O,X,X,X,X
TOZJLIS,O,X,X,X,X
TOZJLSI,O,X,X,X,X
TOZJSIL,O,X,X,X,X
TOZJSLI,O,X,X,X,X
TOZSILJ,O,X,X,O,X
TOZSIJL,O,X,X,O,X
TOZSLIJ,O,X,X,X,X
TOZSLJI,O,X,X,X,X
TOZSJIL,O,X,X,X,X
TOZSJLI,O,X,X,X,X
ITLJSZO,X,X,X,X,X
ITLJSOZ,X,X,O,X,X
ITLJZSO,X,X,X,X,X
ITLJZOS,X,X,X,X,X
ITLJOSZ,X,X,O,X,X
ITLJOZS,X,X,X,X,X
ITLSJZO,X,X,X,X,X
ITLSJOZ,X,X,O,X,X
ITLSZJO,X,X,X,X,X
ITLSZOJ,X,X,X,X,X
ITLSOJZ,X,X,O,X,X
ITLSOZJ,X,X,X,X,X
ITLZJSO,X,X,X,X,X
ITLZJOS,X,X,X,X,X
ITLZSJO,X,X,X,X,X
ITLZSOJ,X,X,X,X,X
ITLZOJS,X,X,X,X,X
ITLZOSJ,X,X,X,X,X
ITLOJSZ,X,X,O,X,X
ITLOJZS,X,X,X,X,X
ITLOSJZ,X,X,O,X,X
ITLOSZJ,X,X,X,X,X
ITLOZJS,X,X,X,X,X
ITLOZSJ,X,X,X,X,X
ITJLSZO,X,X,X,X,X
ITJLSOZ,X,X,O,X,X
ITJLZSO,X,X,X,X,X
ITJLZOS,X,X,X,X,X
ITJLOSZ,X,X,O,X,X
ITJLOZS,X,X,X,X,X
ITJSLZO,X,X,X,X,X
ITJSLOZ,X,X,O,X,X
ITJSZLO,O,X,X,X,X
ITJSZOL,X,X,X,X,X
ITJSOLZ,X,X,X,X,X
ITJSOZL,X,X,X,X,X
ITJZLSO,O,X,X,X,X
ITJZLOS,X,X,X,X,X
ITJZSLO,O,X,X,X,X
ITJZSOL,X,X,X,X,X
ITJZOLS,X,X,X,X,X
ITJZOSL,X,X,X,X,X
ITJOLSZ,X,X,X,X,X
ITJOLZS,X,X,X,X,X
ITJOSLZ,X,X,X,X,X
ITJOSZL,X,X,X,X,X
ITJOZLS,X,X,X,X,X
ITJOZSL,X,X,X,X,X
ITSLJZO,X,X,X,X,X
ITSLJOZ,X,X,O,X,X
ITSLZJO,X,X,X,X,X
ITSLZOJ,X,X,X,X,X
ITSLOJZ,X,X,O,X,X
ITSLOZJ,X,X,X,X,X
ITSJLZO,X,X,X,X,X
ITSJLOZ,X,X,O,X,X
ITSJZLO,O,X,X,X,X
ITSJZOL,X,X,X,X,X
ITSJOLZ,X,X,X,X,X
ITSJOZL,X,X,X,X,X
ITSZLJO,O,X,X,X,X
ITSZLOJ,X,X,X,X,X
ITSZJLO,O,X,X,X,X
ITSZJOL,X,X,X,X,X
ITSZOLJ,X,X,X,X,X
ITSZOJL,X,X,X,X,X
ITSOLJZ,X,X,X,X,X
ITSOLZJ,X,X,X,X,X
ITSOJLZ,X,X,X,X,X
ITSOJZL,X,X,X,X,X
ITSOZLJ,X,X,X,X,X
ITSOZJL,X,X,X,X,X
ITZLJSO,O,X,X,X,X
ITZLJOS,X,X,X,X,X
ITZLSJO,O,X,X,X,X
ITZLSOJ,X,X,X,X,X
ITZLOJS,X,X,X,X,X
ITZLOSJ,X,X,X,X,X
ITZJLSO,O,X,X,X,X
ITZJLOS,X,X,X,X,X
ITZJSLO,O,X,X,X,X
ITZJSOL,X,X,X,X,X
ITZJOLS,X,X,X,X,X
ITZJOSL,X,X,X,X,X
ITZSLJO,O,X,X,X,X
ITZSLOJ,X,X,X,X,X
ITZSJLO,O,X,X,X,X
ITZSJOL,X,X,X,X,X
ITZSOLJ,X,X,X,X,X
ITZSOJL,X,X,X,X,X
ITZOLJS,X,X,X,X,X
ITZOLSJ,X,X,X,X,X
ITZOJLS,X,X,X,X,X
ITZOJSL,X,X,X,X,X
ITZOSLJ,X,X,X,X,X
ITZOSJL,X,X,X,X,X
ITOLJSZ,X,X,X,X,X
ITOLJZS,X,X,X,X,X
ITOLSJZ,X,X,X,X,X
ITOLSZJ,X,X,X,X,X
ITOLZJS,X,X,X,X,X
ITOLZSJ,X,X,X,X,X
ITOJLSZ,X,X,X,X,X
ITOJLZS,X,X,X,X,X
ITOJSLZ,X,X,X,X,X
ITOJSZL,X,X,X,X,X
ITOJZLS,X,X,X,X,X
ITOJZSL,X,X,X,X,X
ITOSLJZ,X,X,X,X,X
ITOSLZJ,X,X,X,X,X
ITOSJLZ,X,X,X,X,X
ITOSJZL,X,X,X,X,X
ITOSZLJ,X,X,X,X,X
ITOSZJL,X,X,X,X,X
ITOZLJS,X,X,X,X,X
ITOZLSJ,X,X,X,X,X
ITOZJLS,X,X,X,X,X
ITOZJSL,X,X,X,X,X
ITOZSLJ,X,X,X,X,X
ITOZSJL,X,X,X,X,X
ILTJSZO,X,X,X,X,X
ILTJSOZ,X,X,O,X,X
ILTJZSO,X,X,X,X,X
ILTJZOS,X,X,X,X,X
ILTJOSZ,X,X,O,X,X
ILTJOZS,X,X,X,X,X
ILTSJZO,X,X,X,X,X
ILTSJOZ,X,X,O,X,X
ILTSZJO,X,X,X,X,X
ILTSZOJ,X,X,X,X,X
ILTSOJZ,X,X,O,X,X
ILTSOZJ,X,X,X,X,X
ILTZJSO,X,X,X,X,X
ILTZJOS,X,X,X,X,X
ILTZSJO,X,X,X,X,X
ILTZSOJ,X,X,X,X,X
ILTZOJS,X,X,X,X,X
ILTZOSJ,X,X,X,X,X
ILTOJSZ,X,X,O,X,X
ILTOJZS,X,X,X,X,X
ILTOSJZ,X,X,O,X,X
ILTOSZJ,X,X,X,X,X
ILTOZJS,X,X,X,X,X
ILTOZSJ,X,X,X,X,X
ILJTSZO,X,X,X,X,X
ILJTSOZ,X,X,O,X,X
ILJTZSO,X,X,X,X,X
ILJTZOS,X,X,X,X,X
ILJTOSZ,X,X,O,X,X
ILJTOZS,X,X,X,X,X
ILJSTZO,X,X,X,X,X
ILJSTOZ,X,X,O,X,X
ILJSZTO,X,X,X,X,X
ILJSZOT,X,X,X,X,X
ILJSOTZ,X,X,O,X,X
ILJSOZT,X,X,X,X,X
ILJZTSO,X,X,X,X,X
ILJZTOS,X,X,X,X,X
ILJZSTO,X,X,X,X,X
ILJZSOT,X,X,X,X,X
ILJZOTS,X,X,X,X,X
ILJZOST,X,X,X,X,X
ILJOTSZ,X,X,O,X,X
ILJOTZS,X,X,X,X,X
ILJOSTZ,X,X,O,X,X
ILJOSZT,X,X,X,X,X
ILJOZTS,X,X,X,X,X
ILJOZST,X,X,X,X,X
ILSTJZO,X,X,X,X,X
ILSTJOZ,X,X,O,X,X
ILSTZJO,X,X,X,X,X
ILSTZOJ,X,X,X,X,X
ILSTOJZ,X,X,O,X,X
ILSTOZJ,X,X,X,X,X
ILSJTZO,X,X,X,X,X
ILSJTOZ,X,X,O,X,X
ILSJZTO,X,X,X,X,X
ILSJZOT,X,X,X,X,X
ILSJOTZ,X,X,O,X,X
ILSJOZT,X,X,X,X,X
ILSZTJO,X,X,X,X,X
ILSZTOJ,X,X,X,X,X
ILSZJTO,X,X,X,X,X
ILSZJOT,X,X,X,X,X
ILSZOTJ,X,X,X,X,X
ILSZOJT,X,X,X,X,X
ILSOTJZ,X,X,O,X,X
ILSOTZJ,X,X,X,X,X
ILSOJTZ,X,X,O,X,X
ILSOJZT,X,X,X,X,X
ILSOZTJ,X,X,X,X,X
ILSOZJT,X,X,X,X,X
ILZTJSO,X,X,X,X,X
ILZTJOS,X,X,X,X,X
ILZTSJO,X,X,X,X,X
ILZTSOJ,X,X,X,X,X
ILZTOJS,X,X,X,X,X
ILZTOSJ,X,X,X,X,X
ILZJTSO,X,X,X,X,X
ILZJTOS,X,X,X,X,X
ILZJSTO,X,X,X,X,X
ILZJSOT,X,X,X,X,X
ILZJOTS,X,X,X,X,X
ILZJOST,X,X,X,X,X
ILZSTJO,X,X,X,X,X
ILZSTOJ,X,X,X,X,X
ILZSJTO,X,X,X,X,X
ILZSJOT,X,X,X,X,X
ILZSOTJ,X,X,X,X,X
ILZSOJT,X,X,X,X,X
ILZOTJS,X,X,X,X,X
ILZOTSJ,X,X,X,X,X
ILZOJTS,X,X,X,X,X
ILZOJST,X,X,X,X,X
ILZOSTJ,X,X,X,X,X
ILZOSJT,X,X,X,X,X
ILOTJSZ,X,X,O,X,X
ILOTJZS,X,X,X,X,X
ILOTSJZ,X,X,O,X,X
ILOTSZJ,X,X,X,X,X
ILOTZJS,X,X,X,X,X
ILOTZSJ,X,X,X,X,X
ILOJTSZ,X,X,O,X,X
ILOJTZS,X,X,X,X,X
ILOJSTZ,X,X,O,X,X
ILOJSZT,X,X,X,X,X
ILOJZTS,X,X,X,X,X
ILOJZST,X,X,X,X,X
ILOSTJZ,X,X,O,X,X
ILOSTZJ,X,X,X,X,X
ILOSJTZ,X,X,O,X,X
ILOSJZT,X,X,X,X,X
ILOSZTJ,X,X,X,X,X
ILOSZJT,X,X,X,X,X
ILOZTJS,X,X,X,X,X
ILOZTSJ,X,X,X,X,X
ILOZJTS,X,X,X,X,X
ILOZJST,X,X,X,X,X
ILOZSTJ,X,X,X,X,X
ILOZSJT,X,X,X,X,X
IJTLSZO,X,X,X,X,X
IJTLSOZ,X,X,O,X,X
IJTLZSO,X,X,X,X,X
IJTLZOS,X,X,X,X,X
IJTLOSZ,X,X,O,X,X
IJTLOZS,X,X,X,X,X
IJTSLZO,X,X,X,X,X
IJTSLOZ,X,X,O,X,X
IJTSZLO,X,X,X,X,X
IJTSZOL,X,X,X,X,X
IJTSOLZ,X,X,X,X,X
IJTSOZL,X,X,X,X,X
IJTZLSO,X,X,X,X,X
IJTZLOS,X,X,X,X,X
IJTZSLO,X,X,X,X,X
IJTZSOL,X,X,X,X,X
IJTZOLS,X,X,X,X,X
IJTZOSL,X,X,X,X,X
IJTOLSZ,X,X,X,X,X
IJTOLZS,X,X,X,X,X
IJTOSLZ,X,X,X,X,X
IJTOSZL,X,X,X,X,X
IJTOZLS,X,X,X,X,X
IJTOZSL,X,X,X,X,X
IJLTSZO,X,X,X,X,X
IJLTSOZ,X,X,O,X,X
IJLTZSO,X,X,X,X,X
IJLTZOS,X,X,X,X,X
IJLTOSZ,X,X,O,X,X
IJLTOZS,X,X,X,X,X
IJLSTZO,X,X,X,X,X
IJLSTOZ,X,X,O,X,X
IJLSZTO,X,X,X,X,X
IJLSZOT,X,X,X,X,X
IJLSOTZ,X,X,O,X,X
IJLSOZT,X,X,X,X,X
IJLZTSO,X,X,X,X,X
IJLZTOS,X,X,X,X,X
IJLZSTO,X,X,X,X,X
IJLZSOT,X,X,X,X,X
IJLZOTS,X,X,X,X,X
IJLZOST,X,X,X,X,X
IJLOTSZ,X,X,O,X,X
IJLOTZS,X,X,X,X,X
IJLOSTZ,X,X,O,X,X
IJLOSZT,X,X,X,X,X
IJLOZTS,X,X,X,X,X
IJLOZST,X,X,X,X,X
IJSTLZO,X,X,X,X,X
IJSTLOZ,X,X,O,X,X
IJSTZLO,X,X,X,X,X
IJSTZOL,X,X,X,X,X
IJSTOLZ,X,X,X,X,X
IJSTOZL,X,X,X,X,X
IJSLTZO,X,X,X,X,X
IJSLTOZ,X,X,O,X,X
IJSLZTO,X,X,X,X,X
IJSLZOT,X,X,X,X,X
IJSLOTZ,X,X,O,X,X
IJSLOZT,X,X,X,X,X
IJSZTLO,X,X,X,X,X
IJSZTOL,X,X,X,X,X
IJSZLTO,X,X,X,X,X
IJSZLOT,X,X,X,X,X
IJSZOTL,X,X,X,X,X
IJSZOLT,X,X,X,X,X
IJSOTLZ,X,X,X,X,X
IJSOTZL,X,X,X,X,X
IJSOLTZ,X,X,X,X,X
IJSOLZT,X,X,X,X,X
IJSOZTL,X,X,X,X,X
IJSOZLT,X,X,X,X,X
IJZTLSO,X,X,X,X,X
IJZTLOS,X,X,X,X,X
IJZTSLO,X,X,X,X,X
IJZTSOL,X,X,X,X,X
IJZTOLS,X,X,X,X,X
IJZTOSL,X,X,X,X,X
IJZLTSO,X,X,X,X,X
IJZLTOS,X,X,X,X,X
IJZLSTO,X,X,X,X,X
IJZLSOT,X,X,X,X,X
IJZLOTS,X,X,X,X,X
IJZLOST,X,X,X,X,X
IJZSTLO,X,X,X,X,X
IJZSTOL,X,X,X,X,X
IJZSLTO,X,X,X,X,X
IJZSLOT,X,X,X,X,X
IJZSOTL,X,X,X,X,X
IJZSOLT,X,X,X,X,X
IJZOTLS,X,X,X,X,X
IJZOTSL,X,X,X,X,X
IJZOLTS,X,X,X,X,X
IJZOLST,X,X,X,X,X
IJZOSTL,X,X,X,X,X
IJZOSLT,X,X,X,X,X
IJOTLSZ,X,X,X,X,X
IJOTLZS,X,X,X,X,X
IJOTSLZ,X,X,X,X,X
IJOTSZL,X,X,X,X,X
IJOTZLS,X,X,X,X,X
IJOTZSL,X,X,X,X,X
IJOLTSZ,X,X,X,X,X
IJOLTZS,X,X,X,X,X
IJOLSTZ,X,X,X,X,X
IJOLSZT,X,X,X,X,X
IJOLZTS,X,X,X,X,X
IJOLZST,X,X,X,X,X
IJOSTLZ,X,X,X,X,X
IJOSTZL,X,X,X,X,X
IJOSLTZ,X,X,X,X,X
IJOSLZT,X,X,X,X,X
IJOSZTL,X,X,X,X,X
IJOSZLT,X,X,X,X,X
IJOZTLS,X,X,X,X,X
IJOZTSL,X,X,X,X,X
IJOZLTS,X,X,X,X,X
IJOZLST,X,X,X,X,X
IJOZSTL,X,X,X,X,X
IJOZSLT,X,X,X,X,X
ISTLJZO,X,X,X,X,X
ISTLJOZ,X,X,O,X,X
ISTLZJO,X,X,X,X,X
ISTLZOJ,X,X,X,X,X
ISTLOJZ,X,X,O,X,X
ISTLOZJ,X,X,X,X,X
ISTJLZO,X,X,X,X,X
ISTJLOZ,X,X,O,X,X
ISTJZLO,O,X,X,X,X
ISTJZOL,X,X,X,X,X
ISTJOLZ,X,X,X,X,X
ISTJOZL,X,X,X,X,X
ISTZLJO,O,X,X,X,X
ISTZLOJ,X,X,X,X,X
ISTZJLO,O,X,X,X,X
ISTZJOL,X,X,X,X,X
ISTZOLJ,X,X,X,X,X
ISTZOJL,X,X,X,X,X
ISTOLJZ,X,X,X,X,X
ISTOLZJ,X,X,X,X,X
ISTOJLZ,X,X,X,X,X
ISTOJZL,X,X,X,X,X
ISTOZLJ,X,X,X,X,X
ISTOZJL,X,X,X,X,X
ISLTJZO,X,X,X,X,X
ISLTJOZ,X,X,O,X,X
ISLTZJO,X,X,X,X,X
ISLTZOJ,X,X,X,X,X
ISLTOJZ,X,X,O,X,X
ISLTOZJ,X,X,X,X,X
ISLJTZO,X,X,X,X,X
ISLJTOZ,X,X,O,X,X
ISLJZTO,X,X,X,X,X
ISLJZOT,X,X,X,X,X
ISLJOTZ,X,X,O,X,X
ISLJOZT,X,X,X,X,X
ISLZTJO,X,X,X,X,X
ISLZTOJ,X,X,X,X,X
ISLZJTO,X,X,X,X,X
ISLZJOT,X,X,X,X,X
ISLZOTJ,X,X,X,X,X
ISLZOJT,X,X,X,X,X
ISLOTJZ,X,X,O,X,X
ISLOTZJ,X,X,X,X,X
ISLOJTZ,X,X,O,X,X
ISLOJZT,X,X,X,X,X
ISLOZTJ,X,X,X,X,X
ISLOZJT,X,X,X,X,X
ISJTLZO,X,X,X,X,X
ISJTLOZ,X,X,O,X,X
ISJTZLO,X,X,X,X,X
ISJTZOL,X,X,X,X,X
ISJTOLZ,X,X,X,X,X
ISJTOZL,X,X,X,X,X
ISJLTZO,X,X,X,X,X
ISJLTOZ,X,X,O,X,X
ISJLZTO,X,X,X,X,X
ISJLZOT,X,X,X,X,X
ISJLOTZ,X,X,O,X,X
ISJLOZT,X,X,X,X,X
ISJZTLO,X,X,X,X,X
ISJZTOL,X,X,X,X,X
ISJZLTO,X,X,X,X,X
ISJZLOT,X,X,X,X,X
ISJZOTL,X,X,X,X,X
ISJZOLT,X,X,X,X,X
ISJOTLZ,X,X,X,X,X
ISJOTZL,X,X,X,X,X
ISJOLTZ,X,X,X,X,X
ISJOLZT,X,X,X,X,X
ISJOZTL,X,X,X,X,X
ISJOZLT,X,X,X,X,X
ISZTLJO,O,X,X,X,X
ISZTLOJ,X,X,X,X,X
ISZTJLO,O,X,X,X,X
ISZTJOL,X,X,X,X,X
ISZTOLJ,X,X,X,O,X
ISZTOJL,X,X,X,O,X
ISZLTJO,O,X,X,X,X
ISZLTOJ,X,X,X,X,X
ISZLJTO,X,X,X,X,X
ISZLJOT,X,X,X,X,X
ISZLOTJ,O,X,X,X,X
ISZLOJT,O,X,X,X,X
ISZJTLO,X,X,X,X,X
ISZJTOL,X,X,X,X,X
ISZJLTO,X,X,X,X,X
ISZJLOT,X,X,X,X,X
ISZJOTL,X,X,X,X,X
ISZJOLT,X,X,X,X,X
ISZOTLJ,O,X,X,O,X
ISZOTJL,O,X,X,O,X
ISZOLTJ,O,X,X,X,X
ISZOLJT,O,X,X,X,X
ISZOJTL,X,X,X,X,X
ISZOJLT,O,X,X,X,X
ISOTLJZ,X,X,X,X,X
ISOTLZJ,X,X,X,X,X
ISOTJLZ,X,X,X,X,X
ISOTJZL,O,X,X,X,X
ISOTZLJ,O,X,X,X,X
ISOTZJL,O,X,X,X,X
ISOLTJZ,X,X,X,X,X
ISOLTZJ,X,X,X,X,X
ISOLJTZ,X,X,X,X,X
ISOLJZT,X,X,X,X,X
ISOLZTJ,X,X,X,X,X
ISOLZJT,X,X,X,X,X
ISOJTLZ,X,X,X,X,X
ISOJTZL,X,X,X,X,X
ISOJLTZ,X,X,X,X,X
ISOJLZT,X,X,X,X,X
ISOJZTL,X,X,X,X,X
ISOJZLT,O,X,X,X,X
ISOZTLJ,O,X,X,O,X
ISOZTJL,O,X,X,O,X
ISOZLTJ,O,X,X,X,X
ISOZLJT,O,X,X,X,X
ISOZJTL,X,X,X,X,X
ISOZJLT,O,X,X,X,X
IZTLJSO,O,X,X,X,X
IZTLJOS,X,X,X,X,X
IZTLSJO,O,X,X,X,X
IZTLSOJ,X,X,X,X,X
IZTLOJS,X,X,X,X,X
IZTLOSJ,X,X,X,X,X
IZTJLSO,O,X,X,X,X
IZTJLOS,X,X,X,X,X
IZTJSLO,O,X,X,X,X
IZTJSOL,X,X,X,X,X
IZTJOLS,X,X,X,X,X
IZTJOSL,X,X,X,X,X
IZTSLJO,O,X,X,X,X
IZTSLOJ,X,X,X,X,X
IZTSJLO,O,X,X,X,X
IZTSJOL,X,X,X,X,X
IZTSOLJ,X,X,X,O,X
IZTSOJL,X,X,X,O,X
IZTOLJS,X,X,X,X,X
IZTOLSJ,X,X,X,X,X
IZTOJLS,X,X,X,X,X
IZTOJSL,X,X,X,X,X
IZTOSLJ,X,X,X,O,X
IZTOSJL,X,X,X,O,X
IZLTJSO,O,X,X,X,X
IZLTJOS,X,X,X,X,X
IZLTSJO,O,X,X,X,X
IZLTSOJ,X,X,X,X,X
IZLTOJS,X,X,X,X,X
IZLTOSJ,X,X,X,X,X
IZLJTSO,X,X,X,X,X
IZLJTOS,X,X,X,X,X
IZLJSTO,X,X,X,X,X
IZLJSOT,X,X,X,X,X
IZLJOTS,X,X,X,X,X
IZLJOST,X,X,X,X,X
IZLSTJO,O,X,X,X,X
IZLSTOJ,X,X,X,X,X
IZLSJTO,X,X,X,X,X
IZLSJOT,X,X,X,X,X
IZLSOTJ,O,X,X,X,X
IZLSOJT,O,X,X,X,X
IZLOTJS,O,X,X,X,X
IZLOTSJ,O,X,X,X,X
IZLOJTS,O,X,X,X,X
IZLOJST,O,X,X,X,X
IZLOSTJ,O,X,X,X,X
IZLOSJT,O,X,X,X,X
IZJTLSO,X,X,X,X,X
IZJTLOS,X,X,X,X,X
IZJTSLO,X,X,X,X,X
IZJTSOL,X,X,X,X,X
IZJTOLS,X,X,X,X,X
IZJTOSL,X,X,X,X,X
IZJLTSO,X,X,X,X,X
IZJLTOS,X,X,X,X,X
IZJLSTO,X,X,X,X,X
IZJLSOT,X,X,X,X,X
IZJLOTS,X,X,X,X,X
IZJLOST,X,X,X,X,X
IZJSTLO,X,X,X,X,X
IZJSTOL,X,X,X,X,X
IZJSLTO,X,X,X,X,X
IZJSLOT,X,X,X,X,X
IZJSOTL,X,X,X,X,X
IZJSOLT,X,X,X,X,X
IZJOTLS,X,X,X,X,X
IZJOTSL,X,X,X,X,X
IZJOLTS,X,X,X,X,X
IZJOLST,X,X,X,X,X
IZJOSTL,X,X,X,X,X
IZJOSLT,X,X,X,X,X
IZSTLJO,O,X,X,X,X
IZSTLOJ,X,X,X,X,X
IZSTJLO,O,X,X,X,X
IZSTJOL,X,X,X,X,X
IZSTOLJ,X,X,X,O,X
IZSTOJL,X,X,X,O,X
IZSLTJO,O,X,X,X,X
IZSLTOJ,X,X,X,X,X
IZSLJTO,X,X,X,X,X
IZSLJOT,X,X,X,X,X
IZSLOTJ,O,X,X,X,X
IZSLOJT,O,X,X,X,X
IZSJTLO,X,X,X,X,X
IZSJTOL,X,X,X,X,X
IZSJLTO,X,X,X,X,X
IZSJLOT,X,X,X,X,X
IZSJOTL,X,X,X,X,X
IZSJOLT,X,X,X,X,X
IZSOTLJ,O,X,X,O,X
IZSOTJL,O,X,X,O,X
IZSOLTJ,O,X,X,X,X
IZSOLJT,O,X,X,X,X
IZSOJTL,X,X,X,X,X
IZSOJLT,O,X,X,X,X
IZOTLJS,O,X,X,X,X
IZOTLSJ,O,X,X,X,X
IZOTJLS,O,X,X,X,X
IZOTJSL,O,X,X,X,X
IZOTSLJ,O,X,X,O,X
IZOTSJL,O,X,X,O,X
IZOLTJS,O,X,X,X,X
IZOLTSJ,O,X,X,X,X
IZOLJTS,O,X,X,X,X
IZOLJST,O,X,X,X,X
IZOLSTJ,O,X,X,X,X
IZOLSJT,O,X,X,X,X
IZOJTLS,X,X,X,X,X
IZOJTSL,X,X,X,X,X
IZOJLTS,O,X,X,X,X
IZOJLST,O,X,X,X,X
IZOJSTL,X,X,X,X,X
IZOJSLT,O,X,X,X,X
IZOSTLJ,O,X,X,O,X
IZOSTJL,O,X,X,O,X
IZOSLTJ,O,X,X,X,X
IZOSLJT,O,X,X,X,X
IZOSJTL,X,X,X,X,X
IZOSJLT,O,X,X,X,X
IOTLJSZ,X,X,X,X,X
IOTLJZS,X,X,X,X,X
IOTLSJZ,X,X,X,X,X
IOTLSZJ,X,X,X,X,X
IOTLZJS,X,X,X,X,X
IOTLZSJ,X,X,X,X,X
IOTJLSZ,X,X,X,X,X
IOTJLZS,X,X,X,X,X
IOTJSLZ,X,X,X,X,X
IOTJSZL,O,X,X,X,X
IOTJZLS,O,X,X,X,X
IOTJZSL,O,X,X,X,X
IOTSLJZ,X,X,X,X,X
IOTSLZJ,X,X,X,X,X
IOTSJLZ,X,X,X,X,X
IOTSJZL,O,X,X,X,X
IOTSZLJ,O,X,X,X,X
IOTSZJL,O,X,X,X,X
IOTZLJS,O,X,X,X,X
IOTZLSJ,O,X,X,X,X
IOTZJLS,O,X,X,X,X
IOTZJSL,O,X,X,X,X
IOTZSLJ,O,X,X,X,X
IOTZSJL,O,X,X,X,X
IOLTJSZ,X,X,X,X,X
IOLTJZS,X,X,X,X,X
IOLTSJZ,X,X,X,X,X
IOLTSZJ,X,X,X,X,X
IOLTZJS,X,X,X,X,X
IOLTZSJ,X,X,X,X,X
IOLJTSZ,X,X,X,X,X
IOLJTZS,X,X,X,X,X
IOLJSTZ,X,X,X,X,X
IOLJSZT,X,X,X,X,X
IOLJZTS,X,X,X,X,X
IOLJZST,X,X,X,X,X
IOLSTJZ,X,X,X,X,X
IOLSTZJ,X,X,X,X,X
IOLSJTZ,X,X,X,X,X
IOLSJZT,X,X,X,X,X
IOLSZTJ,X,X,X,X,X
IOLSZJT,X,X,X,X,X
IOLZTJS,X,X,X,X,X
IOLZTSJ,X,X,X,X,X
IOLZJTS,X,X,X,X,X
IOLZJST,X,X,X,X,X
IOLZSTJ,X,X,X,X,X
IOLZSJT,X,X,X,X,X
IOJTLSZ,X,X,X,X,X
IOJTLZS,X,X,X,X,X
IOJTSLZ,X,X,X,X,X
IOJTSZL,X,X,X,X,X
IOJTZLS,X,X,X,X,X
IOJTZSL,X,X,X,X,X
IOJLTSZ,X,X,X,X,X
IOJLTZS,X,X,X,X,X
IOJLSTZ,X,X,X,X,X
IOJLSZT,X,X,X,X,X
IOJLZTS,X,X,X,X,X
IOJLZST,X,X,X,X,X
IOJSTLZ,X,X,X,X,X
IOJSTZL,X,X,X,X,X
IOJSLTZ,X,X,X,X,X
IOJSLZT,X,X,X,X,X
IOJSZTL,X,X,X,X,X
IOJSZLT,O,X,X,X,X
IOJZTLS,X,X,X,X,X
IOJZTSL,X,X,X,X,X
IOJZLTS,O,X,X,X,X
IOJZLST,O,X,X,X,X
IOJZSTL,X,X,X,X,X
IOJZSLT,O,X,X,X,X
IOSTLJZ,X,X,X,X,X
IOSTLZJ,X,X,X,X,X
IOSTJLZ,X,X,X,X,X
IOSTJZL,O,X,X,X,X
IOSTZLJ,O,X,X,X,X
IOSTZJL,O,X,X,X,X
IOSLTJZ,X,X,X,X,X
IOSLTZJ,X,X,X,X,X
IOSLJTZ,X,X,X,X,X
IOSLJZT,X,X,X,X,X
IOSLZTJ,X,X,X,X,X
IOSLZJT,X,X,X,X,X
IOSJTLZ,X,X,X,X,X
IOSJTZL,X,X,X,X,X
IOSJLTZ,X,X,X,X,X
IOSJLZT,X,X,X,X,X
IOSJZTL,X,X,X,X,X
IOSJZLT,O,X,X,X,X
IOSZTLJ,O,X,X,O,X
IOSZTJL,O,X,X,O,X
IOSZLTJ,O,X,X,X,X
IOSZLJT,O,X,X,X,X
IOSZJTL,X,X,X,X,X
IOSZJLT,O,X,X,X,X
IOZTLJS,O,X,X,X,X
IOZTLSJ,O,X,X,X,X
IOZTJLS,O,X,X,X,X
IOZTJSL,O,X,X,X,X
IOZTSLJ,O,X,X,O,X
IOZTSJL,O,X,X,O,X
IOZLTJS,O,X,X,X,X
IOZLTSJ,O,X,X,X,X
IOZLJTS,O,X,X,X,X
IOZLJST,O,X,X,X,X
IOZLSTJ,O,X,X,X,X
IOZLSJT,O,X,X,X,X
IOZJTLS,X,X,X,X,X
IOZJTSL,X,X,X,X,X
IOZJLTS,O,X,X,X,X
IOZJLST,O,X,X,X,X
IOZJSTL,X,X,X,X,X
IOZJSLT,O,X,X,X,X
IOZSTLJ,O,X,X,O,X
IOZSTJL,O,X,X,O,X
IOZSLTJ,O,X,X,X,X
IOZSLJT,O,X,X,X,X
IOZSJTL,X,X,X,X,X
IOZSJLT,O,X,X,X,X
LTIJSZO,X,X,X,X,X
LTIJSOZ,X,X,O,X,X
LTIJZSO,X,X,X,X,X
LTIJZOS,X,X,X,X,X
LTIJOSZ,X,X,O,X,X
LTIJOZS,X,X,X,X,X
LTISJZO,X,X,X,X,X
LTISJOZ,X,X,O,X,X
LTISZJO,X,X,X,X,X
LTISZOJ,X,X,X,X,X
LTISOJZ,X,X,O,X,X
LTISOZJ,X,X,X,X,X
LTIZJSO,X,X,X,X,X
LTIZJOS,X,X,X,X,X
LTIZSJO,X,X,X,X,X
LTIZSOJ,X,X,X,X,X
LTIZOJS,X,X,X,X,X
LTIZOSJ,X,X,X,X,X
LTIOJSZ,X,X,O,X,X
LTIOJZS,X,X,X,X,X
LTIOSJZ,X,X,O,X,X
LTIOSZJ,X,X,X,X,X
LTIOZJS,X,X,X,X,X
LTIOZSJ,X,X,X,X,X
LTJISZO,X,X,X,X,X
LTJISOZ,X,X,O,X,X
LTJIZSO,X,X,X,X,X
LTJIZOS,X,X,X,X,X
LTJIOSZ,X,X,O,X,X
LTJIOZS,X,X,X,X,X
LTJSIZO,X,X,X,X,X
LTJSIOZ,X,X,O,X,X
LTJSZIO,X,X,X,X,X
LTJSZOI,X,X,X,X,X
LTJSOIZ,X,X,O,X,X
LTJSOZI,X,X,X,X,X
LTJZISO,X,X,X,X,X
LTJZIOS,X,X,X,X,X
LTJZSIO,X,X,X,X,X
LTJZSOI,X,X,X,X,X
LTJZOIS,X,X,X,X,X
LTJZOSI,X,X,X,X,X
LTJOISZ,X,X,O,X,X
LTJOIZS,X,X,X,X,X
LTJOSIZ,X,X,O,X,X
LTJOSZI,X,X,X,X,X
LTJOZIS,X,X,X,X,X
LTJOZSI,X,X,X,X,X
LTSIJZO,X,X,X,X,X
LTSIJOZ,X,X,O,X,X
LTSIZJO,X,X,X,X,X
LTSIZOJ,X,X,X,X,X
LTSIOJZ,X,X,O,X,X
LTSIOZJ,X,X,X,X,X
LTSJIZO,X,X,X,X,X
LTSJIOZ,X,X,O,X,X
LTSJZIO,X,X,X,X,X
LTSJZOI,X,X,X,X,X
LTSJOIZ,X,X,O,X,X
LTSJOZI,X,X,X,X,X
LTSZIJO,X,X,X,X,X
LTSZIOJ,X,X,X,X,X
LTSZJIO,X,X,X,X,X
LTSZJOI,X,X,X,X,X
LTSZOIJ,X,X,X,X,X
LTSZOJI,X,X,X,X,X
LTSOIJZ,X,X,O,X,X
LTSOIZJ,X,X,X,X,X
LTSOJIZ,X,X,O,X,X
LTSOJZI,X,X,X,X,X
LTSOZIJ,X,X,X,X,X
LTSOZJI,X,X,X,X,X
LTZIJSO,X,X,X,X,X
LTZIJOS,X,X,X,X,X
LTZISJO,X,X,X,X,X
LTZISOJ,X,X,X,X,X
LTZIOJS,X,X,X,X,X
LTZIOSJ,X,X,X,X,X
LTZJISO,X,X,X,X,X
LTZJIOS,X,X,X,X,X
LTZJSIO,X,X,X,X,X
LTZJSOI,X,X,X,X,X
LTZJOIS,X,X,X,X,X
LTZJOSI,X,X,X,X,X
LTZSIJO,X,X,X,X,X
LTZSIOJ,X,X,X,X,X
LTZSJIO,X,X,X,X,X
LTZSJOI,X,X,X,X,X
LTZSOIJ,X,X,X,X,X
LTZSOJI,X,X,X,X,X
LTZOIJS,X,X,X,X,X
LTZOISJ,X,X,X,X,X
LTZOJIS,X,X,X,X,X
LTZOJSI,X,X,X,X,X
LTZOSIJ,X,X,X,X,X
LTZOSJI,X,X,X,X,X
LTOIJSZ,X,X,O,X,X
LTOIJZS,X,X,X,X,X
LTOISJZ,X,X,O,X,X
LTOISZJ,X,X,X,X,X
LTOIZJS,X,X,X,X,X
LTOIZSJ,X,X,X,X,X
LTOJISZ,X,X,O,X,X
LTOJIZS,X,X,X,X,X
LTOJSIZ,X,X,O,X,X
LTOJSZI,X,X,X,X,X
LTOJZIS,X,X,X,X,X
LTOJZSI,X,X,X,X,X
LTOSIJZ,X,X,O,X,X
LTOSIZJ,X,X,X,X,X
LTOSJIZ,X,X,O,X,X
LTOSJZI,X,X,X,X,X
LTOSZIJ,X,X,X,X,X
LTOSZJI,X,X,X,X,X
LTOZIJS,X,X,X,X,X
LTOZISJ,X,X,X,X,X
LTOZJIS,X,X,X,X,X
LTOZJSI,X,X,X,X,X
LTOZSIJ,X,X,X,X,X
LTOZSJI,X,X,X,X,X
LITJSZO,X,X,X,X,X
LITJSOZ,X,X,O,X,X
LITJZSO,X,X,X,X,X
LITJZOS,X,X,X,X,X
LITJOSZ,X,X,O,X,X
LITJOZS,X,X,X,X,X
LITSJZO,X,X,X,X,X
LITSJOZ,X,X,O,X,X
LITSZJO,X,X,X,X,X
LITSZOJ,X,X,X,X,X
LITSOJZ,X,X,O,X,X
LITSOZJ,X,X,X,X,X
LITZJSO,X,X,X,X,X
LITZJOS,X,X,X,X,X
LITZSJO,X,X,X,X,X
LITZSOJ,X,X,X,X,X
LITZOJS,X,X,X,X,X
LITZOSJ,X,X,X,X,X
LITOJSZ,X,X,O,X,X
LITOJZS,X,X,X,X,X
LITOSJZ,X,X,O,X,X
LITOSZJ,X,X,X,X,X
LITOZJS,X,X,X,X,X
LITOZSJ,X,X,X,X,X
LIJTSZO,X,X,X,X,X
LIJTSOZ,X,X,O,X,X
LIJTZSO,X,X,X,X,X
LIJTZOS,X,X,X,X,X
LIJTOSZ,X,X,O,X,X
LIJTOZS,X,X,X,X,X
LIJSTZO,X,X,X,X,X
LIJSTOZ,X,X,O,X,X
LIJSZTO,X,X,X,X,X
LIJSZOT,X,X,X,X,X
LIJSOTZ,X,X,O,X,X
LIJSOZT,X,X,X,X,X
LIJZTSO,X,X,X,X,X
LIJZTOS,X,X,X,X,X
LIJZSTO,X,X,X,X,X
LIJZSOT,X,X,X,X,X
LIJZOTS,X,X,X,X,X
LIJZOST,X,X,X,X,X
LIJOTSZ,X,X,O,X,X
LIJOTZS,X,X,X,X,X
LIJOSTZ,X,X,O,X,X
LIJOSZT,X,X,X,X,X
LIJOZTS,X,X,X,X,X
LIJOZST,X,X,X,X,X
LISTJZO,X,X,X,X,X
LISTJOZ,X,X,O,X,X
LISTZJO,X,X,X,X,X
LISTZOJ,X,X,X,X,X
LISTOJZ,X,X,O,X,X
LISTOZJ,X,X,X,X,X
LISJTZO,X,X,X,X,X
LISJTOZ,X,X,O,X,X
LISJZTO,X,X,X,X,X
LISJZOT,X,X,X,X,X
LISJOTZ,X,X,O,X,X
LISJOZT,X,X,X,X,X
LISZTJO,X,X,X,X,X
LISZTOJ,X,X,X,X,X
LISZJTO,X,X,X,X,X
LISZJOT,X,X,X,X,X
LISZOTJ,X,X,X,X,X
LISZOJT,X,X,X,X,X
LISOTJZ,X,X,O,X,X
LISOTZJ,X,X,X,X,X
LISOJTZ,X,X,O,X,X
LISOJZT,X,X,X,X,X
LISOZTJ,X,X,X,X,X
LISOZJT,X,X,X,X,X
LIZTJSO,X,X,X,X,X
LIZTJOS,X,X,X,X,X
LIZTSJO,X,X,X,X,X
LIZTSOJ,X,X,X,X,X
LIZTOJS,X,X,X,X,X
LIZTOSJ,X,X,X,X,X
LIZJTSO,X,X,X,X,X
LIZJTOS,X,X,X,X,X
LIZJSTO,X,X,X,X,X
LIZJSOT,X,X,X,X,X
LIZJOTS,X,X,X,X,X
LIZJOST,X,X,X,X,X
LIZSTJO,X,X,X,X,X
LIZSTOJ,X,X,X,X,X
LIZSJTO,X,X,X,X,X
LIZSJOT,X,X,X,X,X
LIZSOTJ,X,X,X,X,X
LIZSOJT,X,X,X,X,X
LIZOTJS,X,X,X,X,X
LIZOTSJ,X,X,X,X,X
LIZOJTS,X,X,X,X,X
LIZOJST,X,X,X,X,X
LIZOSTJ,X,X,X,X,X
LIZOSJT,X,X,X,X,X
LIOTJSZ,X,X,O,X,X
LIOTJZS,X,X,X,X,X
LIOTSJZ,X,X,O,X,X
LIOTSZJ,X,X,X,X,X
LIOTZJS,X,X,X,X,X
LIOTZSJ,X,X,X,X,X
LIOJTSZ,X,X,O,X,X
LIOJTZS,X,X,X,X,X
LIOJSTZ,X,X,O,X,X
LIOJSZT,X,X,X,X,X
LIOJZTS,X,X,X,X,X
LIOJZST,X,X,X,X,X
LIOSTJZ,X,X,O,X,X
LIOSTZJ,X,X,X,X,X
LIOSJTZ,X,X,O,X,X
LIOSJZT,X,X,X,X,X
LIOSZTJ,X,X,X,X,X
LIOSZJT,X,X,X,X,X
LIOZTJS,X,X,X,X,X
LIOZTSJ,X,X,X,X,X
LIOZJTS,X,X,X,X,X
LIOZJST,X,X,X,X,X
LIOZSTJ,X,X,X,X,X
LIOZSJT,X,X,X,X,X
LJTISZO,X,X,X,X,X
LJTISOZ,X,X,O,X,X
LJTIZSO,X,X,X,X,X
LJTIZOS,X,X,X,X,X
LJTIOSZ,X,X,O,X,X
LJTIOZS,X,X,X,X,X
LJTSIZO,X,X,X,X,X
LJTSIOZ,X,X,O,X,X
LJTSZIO,X,X,X,X,X
LJTSZOI,X,X,X,X,X
LJTSOIZ,X,X,O,X,X
LJTSOZI,X,X,X,X,X
LJTZISO,X,X,X,X,X
LJTZIOS,X,X,X,X,X
LJTZSIO,X,X,X,X,X
LJTZSOI,X,X,X,X,X
LJTZOIS,X,X,X,X,X
LJTZOSI,X,X,X,X,X
LJTOISZ,X,X,O,X,X
LJTOIZS,X,X,X,X,X
LJTOSIZ,X,X,O,X,X
LJTOSZI,X,X,X,X,X
LJTOZIS,X,X,X,X,X
LJTOZSI,X,X,X,X,X
LJITSZO,X,X,X,X,X
LJITSOZ,X,X,O,X,X
LJITZSO,X,X,X,X,X
LJITZOS,X,X,X,X,X
LJITOSZ,X,X,O,X,X
LJITOZS,X,X,X,X,X
LJISTZO,X,X,X,X,X
LJISTOZ,X,X,O,X,X
LJISZTO,X,X,X,X,X
LJISZOT,X,X,X,X,X
LJISOTZ,X,X,O,X,X
LJISOZT,X,X,X,X,X
LJIZTSO,X,X,X,X,X
LJIZTOS,X,X,X,X,X
LJIZSTO,X,X,X,X,X
LJIZSOT,X,X,X,X,X
LJIZOTS,X,X,X,X,X
LJIZOST,X,X,X,X,X
LJIOTSZ,X,X,O,X,X
LJIOTZS,X,X,X,X,X
LJIOSTZ,X,X,O,X,X
LJIOSZT,X,X,X,X,X
LJIOZTS,X,X,X,X,X
LJIOZST,X,X,X,X,X
LJSTIZO,X,X,X,X,X
LJSTIOZ,X,X,O,X,X
LJSTZIO,X,X,X,X,X
LJSTZOI,X,X,X,X,X
LJSTOIZ,X,X,O,X,X
LJSTOZI,X,X,X,X,X
LJSITZO,X,X,X,X,X
LJSITOZ,X,X,O,X,X
LJSIZTO,X,X,X,X,X
LJSIZOT,X,X,X,X,X
LJSIOTZ,X,X,O,X,X
LJSIOZT,X,X,X,X,X
LJSZTIO,X,X,X,X,X
LJSZTOI,X,X,X,X,X
LJSZITO,X,X,X,X,X
LJSZIOT,X,X,X,X,X
LJSZOTI,X,X,X,X,X
LJSZOIT,X,X,X,X,X
LJSOTIZ,X,X,O,X,X
LJSOTZI,X,X,X,X,X
LJSOITZ,X,X,O,X,X
LJSOIZT,X,X,X,X,X
LJSOZTI,X,X,X,X,X
LJSOZIT,X,X,X,X,X
LJZTISO,X,X,X,X,X
LJZTIOS,X,X,X,X,X
LJZTSIO,X,X,X,X,X
LJZTSOI,X,X,X,X,X
LJZTOIS,X,X,X,X,X
LJZTOSI,X,X,X,X,X
LJZITSO,X,X,X,X,X
LJZITOS,X,X,X,X,X
LJZISTO,X,X,X,X,X
LJZISOT,X,X,X,X,X
LJZIOTS,X,X,X,X,X
LJZIOST,X,X,X,X,X
LJZSTIO,X,X,X,X,X
LJZSTOI,X,X,X,X,X
LJZSITO,X,X,X,X,X
LJZSIOT,X,X,X,X,X
LJZSOTI,X,X,X,X,X
LJZSOIT,X,X,X,X,X
LJZOTIS,X,X,X,X,X
LJZOTSI,X,X,X,X,X
LJZOITS,X,X,X,X,X
LJZOIST,X,X,X,X,X
LJZOSTI,X,X,X,X,X
LJZOSIT,X,X,X,X,X
LJOTISZ,X,X,O,X,X
LJOTIZS,X,X,X,X,X
LJOTSIZ,X,X,O,X,X
LJOTSZI,X,X,X,X,X
LJOTZIS,X,X,X,X,X
LJOTZSI,X,X,X,X,X
LJOITSZ,X,X,O,X,X
LJOITZS,X,X,X,X,X
LJOISTZ,X,X,O,X,X
LJOISZT,X,X,X,X,X
LJOIZTS,X,X,X,X,X
LJOIZST,X,X,X,X,X
LJOSTIZ,X,X,O,X,X
LJOSTZI,X,X,X,X,X
LJOSITZ,X,X,O,X,X
LJOSIZT,X,X,X,X,X
LJOSZTI,X,X,X,X,X
LJOSZIT,X,X,X,X,X
LJOZTIS,X,X,X,X,X
LJOZTSI,X,X,X,X,X
LJOZITS,X,X,X,X,X
LJOZIST,X,X,X,X,X
LJOZSTI,X,X,X,X,X
LJOZSIT,X,X,X,X,X
LSTIJZO,X,X,X,X,X
LSTIJOZ,X,X,O,X,X
LSTIZJO,X,X,X,X,X
LSTIZOJ,X,X,X,X,X
LSTIOJZ,X,X,O,X,X
LSTIOZJ,X,X,X,X,X
LSTJIZO,X,X,X,X,X
LSTJIOZ,X,X,O,X,X
LSTJZIO,X,X,X,X,X
LSTJZOI,X,X,X,X,X
LSTJOIZ,X,X,O,X,X
LSTJOZI,X,X,X,X,X
LSTZIJO,X,X,X,X,X
LSTZIOJ,X,X,X,X,X
LSTZJIO,X,X,X,X,X
LSTZJOI,X,X,X,X,X
LSTZOIJ,X,X,X,X,X
LSTZOJI,X,X,X,X,X
LSTOIJZ,X,X,O,X,X
LSTOIZJ,X,X,X,X,X
LSTOJIZ,X,X,O,X,X
LSTOJZI,X,X,X,X,X
LSTOZIJ,X,X,X,X,X
LSTOZJI,X,X,X,X,X
LSITJZO,X,X,X,X,X
LSITJOZ,X,X,O,X,X
LSITZJO,X,X,X,X,X
LSITZOJ,X,X,X,X,X
LSITOJZ,X,X,O,X,X
LSITOZJ,X,X,X,X,X
LSIJTZO,X,X,X,X,X
LSIJTOZ,X,X,O,X,X
LSIJZTO,X,X,X,X,X
LSIJZOT,X,X,X,X,X
LSIJOTZ,X,X,O,X,X
LSIJOZT,X,X,X,X,X
LSIZTJO,X,X,X,X,X
LSIZTOJ,X,X,X,X,X
LSIZJTO,X,X,X,X,X
LSIZJOT,X,X,X,X,X
LSIZOTJ,X,X,X,X,X
LSIZOJT,X,X,X,X,X
LSIOTJZ,X,X,O,X,X
LSIOTZJ,X,X,X,X,X
LSIOJTZ,X,X,O,X,X
LSIOJZT,X,X,X,X,X
LSIOZTJ,X,X,X,X,X
LSIOZJT,X,X,X,X,X
LSJTIZO,X,X,X,X,X
LSJTIOZ,X,X,O,X,X
LSJTZIO,X,X,X,X,X
LSJTZOI,X,X,X,X,X
LSJTOIZ,X,X,O,X,X
LSJTOZI,X,X,X,X,X
LSJITZO,X,X,X,X,X
LSJITOZ,X,X,O,X,X
LSJIZTO,X,X,X,X,X
LSJIZOT,X,X,X,X,X
LSJIOTZ,X,X,O,X,X
LSJIOZT,X,X,X,X,X
LSJZTIO,X,X,X,X,X
LSJZTOI,X,X,X,X,X
LSJZITO,X,X,X,X,X
LSJZIOT,X,X,X,X,X
LSJZOTI,X,X,X,X,X
LSJZOIT,X,X,X,X,X
LSJOTIZ,X,X,O,X,X
LSJOTZI,X,X,X,X,X
LSJOITZ,X,X,O,X,X
LSJOIZT,X,X,X,X,X
LSJOZTI,X,X,X,X,X
LSJOZIT,X,X,X,X,X
LSZTIJO,X,X,X,X,X
LSZTIOJ,X,X,X,X,X
LSZTJIO,X,X,X,X,X
LSZTJOI,X,X,X,X,X
LSZTOIJ,X,X,X,X,X
LSZTOJI,X,X,X,X,X
LSZITJO,X,X,X,X,X
LSZITOJ,X,X,X,X,X
LSZIJTO,X,X,X,X,X
LSZIJOT,X,X,X,X,X
LSZIOTJ,X,X,X,X,X
LSZIOJT,X,X,X,X,X
LSZJTIO,X,X,X,X,X
LSZJTOI,X,X,X,X,X
LSZJITO,X,X,X,X,X
LSZJIOT,X,X,X,X,X
LSZJOTI,X,X,X,X,X
LSZJOIT,X,X,X,X,X
LSZOTIJ,X,X,X,X,X
LSZOTJI,X,X,X,X,X
LSZOITJ,X,X,X,X,X
LSZOIJT,X,X,X,X,X
LSZOJTI,X,X,X,X,X
LSZOJIT,X,X,X,X,X
LSOTIJZ,X,X,O,X,X
LSOTIZJ,X,X,X,X,X
LSOTJIZ,X,X,O,X,X
LSOTJZI,X,X,X,X,X
LSOTZIJ,X,X,X,X,X
LSOTZJI,X,X,X,X,X
LSOITJZ,X,X,O,X,X
LSOITZJ,X,X,X,X,X
LSOIJTZ,X,X,O,X,X
LSOIJZT,X,X,X,X,X
LSOIZTJ,X,X,X,X,X
LSOIZJT,X,X,X,X,X
LSOJTIZ,X,X,O,X,X
LSOJTZI,X,X,X,X,X
LSOJITZ,X,X,O,X,X
LSOJIZT,X,X,X,X,X
LSOJZTI,X,X,X,X,X
LSOJZIT,X,X,X,X,X
LSOZTIJ,X,X,X,X,X
LSOZTJI,X,X,X,X,X
LSOZITJ,X,X,X,X,X
LSOZIJT,X,X,X,X,X
LSOZJTI,X,X,X,X,X
LSOZJIT,X,X,X,X,X
LZTIJSO,X,X,X,X,X
LZTIJOS,X,X,X,X,X
LZTISJO,X,X,X,X,X
LZTISOJ,X,X,X,X,X
LZTIOJS,X,X,X,X,X
LZTIOSJ,X,X,X,X,X
LZTJISO,X,X,X,X,X
LZTJIOS,X,X,X,X,X
LZTJSIO,X,X,X,X,X
LZTJSOI,X,X,X,X,X
LZTJOIS,X,X,X,X,X
LZTJOSI,X,X,X,X,X
LZTSIJO,X,X,X,X,X
LZTSIOJ,X,X,X,X,X
LZTSJIO,X,X,X,X,X
LZTSJOI,X,X,X,X,X
LZTSOIJ,X,X,X,X,X
LZTSOJI,X,X,X,X,X
LZTOIJS,X,X,X,X,X
LZTOISJ,X,X,X,X,X
LZTOJIS,X,X,X,X,X
LZTOJSI,X,X,X,X,X
LZTOSIJ,X,X,X,X,X
LZTOSJI,X,X,X,X,X
LZITJSO,X,X,X,X,X
LZITJOS,X,X,X,X,X
LZITSJO,X,X,X,X,X
LZITSOJ,X,X,X,X,X
LZITOJS,X,X,X,X,X
LZITOSJ,X,X,X,X,X
LZIJTSO,X,X,X,X,X
LZIJTOS,X,X,X,X,X
LZIJSTO,X,X,X,X,X
LZIJSOT,X,X,X,X,X
LZIJOTS,X,X,X,X,X
LZIJOST,X,X,X,X,X
LZISTJO,X,X,X,X,X
LZISTOJ,X,X,X,X,X
LZISJTO,X,X,X,X,X
LZISJOT,X,X,X,X,X
LZISOTJ,X,X,X,X,X
LZISOJT,X,X,X,X,X
LZIOTJS,X,X,X,X,X
LZIOTSJ,X,X,X,X,X
LZIOJTS,X,X,X,X,X
LZIOJST,X,X,X,X,X
LZIOSTJ,X,X,X,X,X
LZIOSJT,X,X,X,X,X
LZJTISO,X,X,X,X,X
LZJTIOS,X,X,X,X,X
LZJTSIO,X,X,X,X,X
LZJTSOI,X,X,X,X,X
LZJTOIS,X,X,X,X,X
LZJTOSI,X,X,X,X,X
LZJITSO,X,X,X,X,X
LZJITOS,X,X,X,X,X
LZJISTO,X,X,X,X,X
LZJISOT,X,X,X,X,X
LZJIOTS,X,X,X,X,X
LZJIOST,X,X,X,X,X
LZJSTIO,X,X,X,X,X
LZJSTOI,X,X,X,X,X
LZJSITO,X,X,X,X,X
LZJSIOT,X,X,X,X,X
LZJSOTI,X,X,X,X,X
LZJSOIT,X,X,X,X,X
LZJOTIS,X,X,X,X,X
LZJOTSI,X,X,X,X,X
LZJOITS,X,X,X,X,X
LZJOIST,X,X,X,X,X
LZJOSTI,X,X,X,X,X
LZJOSIT,X,X,X,X,X
LZSTIJO,X,X,X,X,X
LZSTIOJ,X,X,X,X,X
LZSTJIO,X,X,X,X,X
LZSTJOI,X,X,X,X,X
LZSTOIJ,X,X,X,X,X
LZSTOJI,X,X,X,X,X
LZSITJO,X,X,X,X,X
LZSITOJ,X,X,X,X,X
LZSIJTO,X,X,X,X,X
LZSIJOT,X,X,X,X,X
LZSIOTJ,X,X,X,X,X
LZSIOJT,X,X,X,X,X
LZSJTIO,X,X,X,X,X
LZSJTOI,X,X,X,X,X
LZSJITO,X,X,X,X,X
LZSJIOT,X,X,X,X,X
LZSJOTI,X,X,X,X,X
LZSJOIT,X,X,X,X,X
LZSOTIJ,X,X,X,X,X
LZSOTJI,X,X,X,X,X
LZSOITJ,X,X,X,X,X
LZSOIJT,X,X,X,X,X
LZSOJTI,X,X,X,X,X
LZSOJIT,X,X,X,X,X
LZOTIJS,X,X,X,X,X
LZOTISJ,X,X,X,X,X
LZOTJIS,X,X,X,X,X
LZOTJSI,X,X,X,X,X
LZOTSIJ,X,X,X,X,X
LZOTSJI,X,X,X,X,X
LZOITJS,X,X,X,X,X
LZOITSJ,X,X,X,X,X
LZOIJTS,X,X,X,X,X
LZOIJST,X,X,X,X,X
LZOISTJ,X,X,X,X,X
LZOISJT,X,X,X,X,X
LZOJTIS,X,X,X,X,X
LZOJTSI,X,X,X,X,X
LZOJITS,X,X,X,X,X
LZOJIST,X,X,X,X,X
LZOJSTI,X,X,X,X,X
LZOJSIT,X,X,X,X,X
LZOSTIJ,X,X,X,X,X
LZOSTJI,X,X,X,X,X
LZOSITJ,X,X,X,X,X
LZOSIJT,X,X,X,X,X
LZOSJTI,X,X,X,X,X
LZOSJIT,X,X,X,X,X
LOTIJSZ,X,X,O,X,X
LOTIJZS,X,X,X,X,X
LOTISJZ,X,X,O,X,X
LOTISZJ,X,X,X,X,X
LOTIZJS,X,X,X,X,X
LOTIZSJ,X,X,X,X,X
LOTJISZ,X,X,O,X,X
LOTJIZS,X,X,X,X,X
LOTJSIZ,X,X,O,X,X
LOTJSZI,X,X,X,X,X
LOTJZIS,X,X,X,X,X
LOTJZSI,X,X,X,X,X
LOTSIJZ,X,X,O,X,X
LOTSIZJ,X,X,X,X,X
LOTSJIZ,X,X,O,X,X
LOTSJZI,X,X,X,X,X
LOTSZIJ,X,X,X,X,X
LOTSZJI,X,X,X,X,X
LOTZIJS,X,X,X,X,X
LOTZISJ,X,X,X,X,X
LOTZJIS,X,X,X,X,X
LOTZJSI,X,X,X,X,X
LOTZSIJ,X,X,X,X,X
LOTZSJI,X,X,X,X,X
LOITJSZ,X,X,O,X,X
LOITJZS,X,X,X,X,X
LOITSJZ,X,X,O,X,X
LOITSZJ,X,X,X,X,X
LOITZJS,X,X,X,X,X
LOITZSJ,X,X,X,X,X
LOIJTSZ,X,X,O,X,X
LOIJTZS,X,X,X,X,X
LOIJSTZ,X,X,O,X,X
LOIJSZT,X,X,X,X,X
LOIJZTS,X,X,X,X,X
LOIJZST,X,X,X,X,X
LOISTJZ,X,X,O,X,X
LOISTZJ,X,X,X,X,X
LOISJTZ,X,X,O,X,X
LOISJZT,X,X,X,X,X
LOISZTJ,X,X,X,X,X
LOISZJT,X,X,X,X,X
LOIZTJS,X,X,X,X,X
LOIZTSJ,X,X,X,X,X
LOIZJTS,X,X,X,X,X
LOIZJST,X,X,X,X,X
LOIZSTJ,X,X,X,X,X
LOIZSJT,X,X,X,X,X
LOJTISZ,X,X,O,X,X
LOJTIZS,X,X,X,X,X
LOJTSIZ,X,X,O,X,X
LOJTSZI,X,X,X,X,X
LOJTZIS,X,X,X,X,X
LOJTZSI,X,X,X,X,X
LOJITSZ,X,X,O,X,X
LOJITZS,X,X,X,X,X
LOJISTZ,X,X,O,X,X
LOJISZT,X,X,X,X,X
LOJIZTS,X,X,X,X,X
LOJIZST,X,X,X,X,X
LOJSTIZ,X,X,O,X,X
LOJSTZI,X,X,X,X,X
LOJSITZ,X,X,O,X,X
LOJSIZT,X,X,X,X,X
LOJSZTI,X,X,X,X,X
LOJSZIT,X,X,X,X,X
LOJZTIS,X,X,X,X,X
LOJZTSI,X,X,X,X,X
LOJZITS,X,X,X,X,X
LOJZIST,X,X,X,X,X
LOJZSTI,X,X,X,X,X
LOJZSIT,X,X,X,X,X
LOSTIJZ,X,X,O,X,X
LOSTIZJ,X,X,X,X,X
LOSTJIZ,X,X,O,X,X
LOSTJZI,X,X,X,X,X
LOSTZIJ,X,X,X,X,X
LOSTZJI,X,X,X,X,X
LOSITJZ,X,X,O,X,X
LOSITZJ,X,X,X,X,X
LOSIJTZ,X,X,O,X,X
LOSIJZT,X,X,X,X,X
LOSIZTJ,X,X,X,X,X
LOSIZJT,X,X,X,X,X
LOSJTIZ,X,X,O,X,X
LOSJTZI,X,X,X,X,X
LOSJITZ,X,X,O,X,X
LOSJIZT,X,X,X,X,X
LOSJZTI,X,X,X,X,X
LOSJZIT,X,X,X,X,X
LOSZTIJ,X,X,X,X,X
LOSZTJI,X,X,X,X,X
LOSZITJ,X,X,X,X,X
LOSZIJT,X,X,X,X,X
LOSZJTI,X,X,X,X,X
LOSZJIT,X,X,X,X,X
LOZTIJS,X,X,X,X,X
LOZTISJ,X,X,X,X,X
LOZTJIS,X,X,X,X,X
LOZTJSI,X,X,X,X,X
LOZTSIJ,X,X,X,X,X
LOZTSJI,X,X,X,X,X
LOZITJS,X,X,X,X,X
LOZITSJ,X,X,X,X,X
LOZIJTS,X,X,X,X,X
LOZIJST,X,X,X,X,X
LOZISTJ,X,X,X,X,X
LOZISJT,X,X,X,X,X
LOZJTIS,X,X,X,X,X
LOZJTSI,X,X,X,X,X
LOZJITS,X,X,X,X,X
LOZJIST,X,X,X,X,X
LOZJSTI,X,X,X,X,X
LOZJSIT,X,X,X,X,X
LOZSTIJ,X,X,X,X,X
LOZSTJI,X,X,X,X,X
LOZSITJ,X,X,X,X,X
LOZSIJT,X,X,X,X,X
LOZSJTI,X,X,X,X,X
LOZSJIT,X,X,X,X,X
JTILSZO,X,X,X,X,X
JTILSOZ,X,X,O,X,X
JTILZSO,X,X,X,X,X
JTILZOS,X,X,X,X,X
JTILOSZ,X,X,O,X,X
JTILOZS,X,X,X,X,X
JTISLZO,X,X,X,X,X
JTISLOZ,X,X,O,X,X
JTISZLO,X,O,X,X,X
JTISZOL,X,X,X,X,X
JTISOLZ,X,X,X,X,X
JTISOZL,X,X,X,X,X
JTIZLSO,X,O,X,X,X
JTIZLOS,X,X,X,X,X
JTIZSLO,X,O,X,X,X
JTIZSOL,X,X,X,X,X
JTIZOLS,X,X,X,X,X
JTIZOSL,X,X,X,X,X
JTIOLSZ,X,X,X,X,X
JTIOLZS,X,X,X,X,X
JTIOSLZ,X,X,X,X,X
JTIOSZL,X,X,X,X,X
JTIOZLS,X,X,X,X,X
JTIOZSL,X,X,X,X,X
JTLISZO,X,X,X,X,X
JTLISOZ,X,X,O,X,X
JTLIZSO,X,X,X,X,X
JTLIZOS,X,X,X,X,X
JTLIOSZ,X,X,O,X,X
JTLIOZS,X,X,X,X,X
JTLSIZO,X,X,X,X,X
JTLSIOZ,X,X,O,X,X
JTLSZIO,X,X,X,X,X
JTLSZOI,X,X,X,X,X
JTLSOIZ,X,X,O,X,X
JTLSOZI,X,X,X,X,X
JTLZISO,X,X,X,X,X
JTLZIOS,X,X,X,X,X
JTLZSIO,X,X,X,X,X
JTLZSOI,X,X,X,X,X
JTLZOIS,X,X,X,X,X
JTLZOSI,X,X,X,X,X
JTLOISZ,X,X,O,X,X
JTLOIZS,X,X,X,X,X
JTLOSIZ,X,X,O,X,X
JTLOSZI,X,X,X,X,X
JTLOZIS,X,X,X,X,X
JTLOZSI,X,X,X,X,X
JTSILZO,X,X,X,X,X
JTSILOZ,X,X,O,X,X
JTSIZLO,X,O,X,X,X
JTSIZOL,X,X,X,X,X
JTSIOLZ,X,X,X,X,X
JTSIOZL,X,X,X,X,X
JTSLIZO,X,X,X,X,X
JTSLIOZ,X,X,O,X,X
JTSLZIO,X,X,X,X,X
JTSLZOI,X,X,X,X,X
JTSLOIZ,X,X,O,X,X
JTSLOZI,X,X,X,X,X
JTSZILO,X,O,X,X,X
JTSZIOL,X,X,X,X,X
JTSZLIO,X,O,X,X,X
JTSZLOI,X,O,X,X,X
JTSZOIL,X,O,X,X,X
JTSZOLI,X,O,X,X,X
JTSOILZ,X,X,X,X,X
JTSOIZL,X,O,X,X,X
JTSOLIZ,X,X,X,X,X
JTSOLZI,X,X,X,X,X
JTSOZIL,X,O,X,X,X
JTSOZLI,X,O,X,X,X
JTZILSO,X,O,X,X,X
JTZILOS,X,X,X,X,X
JTZISLO,X,O,X,X,X
JTZISOL,X,X,X,X,X
JTZIOLS,X,X,X,X,X
JTZIOSL,X,X,X,X,X
JTZLISO,X,O,X,X,X
JTZLIOS,X,X,X,X,X
JTZLSIO,X,O,X,X,X
JTZLSOI,X,O,X,X,X
JTZLOIS,X,O,X,X,X
JTZLOSI,X,O,X,X,X
JTZSILO,X,O,X,X,X
JTZSIOL,X,X,X,X,X
JTZSLIO,X,O,X,X,X
JTZSLOI,X,O,X,X,X
JTZSOIL,X,O,X,X,X
JTZSOLI,X,O,X,X,X
JTZOILS,X,O,X,X,X
JTZOISL,X,O,X,X,X
JTZOLIS,X,O,X,X,X
JTZOLSI,X,O,X,X,X
JTZOSIL,X,O,X,X,X
JTZOSLI,X,O,X,X,X
JTOILSZ,X,X,X,X,X
JTOILZS,X,X,X,X,X
JTOISLZ,X,X,X,X,X
JTOISZL,X,O,X,X,X
JTOIZLS,X,O,X,X,X
JTOIZSL,X,O,X,X,X
JTOLISZ,X,X,X,X,X
JTOLIZS,X,X,X,X,X
JTOLSIZ,X,X,X,X,X
JTOLSZI,X,X,X,X,X
JTOLZIS,X,X,X,X,X
JTOLZSI,X,X,X,X,X
JTOSILZ,X,X,X,X,X
JTOSIZL,X,O,X,X,X
JTOSLIZ,X,X,X,X,X
JTOSLZI,X,X,X,X,X
JTOSZIL,X,O,X,X,X
JTOSZLI,X,O,X,X,X
JTOZILS,X,O,X,X,X
JTOZISL,X,O,X,X,X
JTOZLIS,X,O,X,X,X
JTOZLSI,X,O,X,X,X
JTOZSIL,X,O,X,X,X
JTOZSLI,X,O,X,X,X
JITLSZO,X,X,X,X,X
JITLSOZ,X,X,O,X,X
JITLZSO,X,X,X,X,X
JITLZOS,X,X,X,X,X
JITLOSZ,X,X,O,X,X
JITLOZS,X,X,X,X,X
JITSLZO,X,X,X,X,X
JITSLOZ,X,X,O,X,X
JITSZLO,X,X,X,X,X
JITSZOL,X,X,X,X,X
JITSOLZ,X,X,X,X,X
JITSOZL,X,X,X,X,X
JITZLSO,X,X,X,X,X
JITZLOS,X,X,X,X,X
JITZSLO,X,X,X,X,X
JITZSOL,X,X,X,X,X
JITZOLS,X,X,X,X,X
JITZOSL,X,X,X,X,X
JITOLSZ,X,X,X,X,X
JITOLZS,X,X,X,X,X
JITOSLZ,X,X,X,X,X
JITOSZL,X,X,X,X,X
JITOZLS,X,X,X,X,X
JITOZSL,X,X,X,X,X
JILTSZO,X,X,X,X,X
JILTSOZ,X,X,O,X,X
JILTZSO,X,X,X,X,X
JILTZOS,X,X,X,X,X
JILTOSZ,X,X,O,X,X
JILTOZS,X,X,X,X,X
JILSTZO,X,X,X,X,X
JILSTOZ,X,X,O,X,X
JILSZTO,X,X,X,X,X
JILSZOT,X,X,X,X,X
JILSOTZ,X,X,O,X,X
JILSOZT,X,X,X,X,X
JILZTSO,X,X,X,X,X
JILZTOS,X,X,X,X,X
JILZSTO,X,X,X,X,X
JILZSOT,X,X,X,X,X
JILZOTS,X,X,X,X,X
JILZOST,X,X,X,X,X
JILOTSZ,X,X,O,X,X
JILOTZS,X,X,X,X,X
JILOSTZ,X,X,O,X,X
JILOSZT,X,X,X,X,X
JILOZTS,X,X,X,X,X
JILOZST,X,X,X,X,X
JISTLZO,X,X,X,X,X
JISTLOZ,X,X,O,X,X
JISTZLO,X,X,X,X,X
JISTZOL,X,X,X,X,X
JISTOLZ,X,X,X,X,X
JISTOZL,X,X,X,X,X
JISLTZO,X,X,X,X,X
JISLTOZ,X,X,O,X,X
JISLZTO,X,X,X,X,X
JISLZOT,X,X,X,X,X
JISLOTZ,X,X,O,X,X
JISLOZT,X,X,X,X,X
JISZTLO,X,X,X,X,X
JISZTOL,X,X,X,X,X
JISZLTO,X,X,X,X,X
JISZLOT,X,X,X,X,X
JISZOTL,X,X,X,X,X
JISZOLT,X,X,X,X,X
JISOTLZ,X,X,X,X,X
JISOTZL,X,X,X,X,X
JISOLTZ,X,X,X,X,X
JISOLZT,X,X,X,X,X
JISOZTL,X,X,X,X,X
JISOZLT,X,X,X,X,X
JIZTLSO,X,X,X,X,X
JIZTLOS,X,X,X,X,X
JIZTSLO,X,X,X,X,X
JIZTSOL,X,X,X,X,X
JIZTOLS,X,X,X,X,X
JIZTOSL,X,X,X,X,X
JIZLTSO,X,X,X,X,X
JIZLTOS,X,X,X,X,X
JIZLSTO,X,X,X,X,X
JIZLSOT,X,X,X,X,X
JIZLOTS,X,X,X,X,X
JIZLOST,X,X,X,X,X
JIZSTLO,X,X,X,X,X
JIZSTOL,X,X,X,X,X
JIZSLTO,X,X,X,X,X
JIZSLOT,X,X,X,X,X
JIZSOTL,X,X,X,X,X
JIZSOLT,X,X,X,X,X
JIZOTLS,X,X,X,X,X
JIZOTSL,X,X,X,X,X
JIZOLTS,X,X,X,X,X
JIZOLST,X,X,X,X,X
JIZOSTL,X,X,X,X,X
JIZOSLT,X,X,X,X,X
JIOTLSZ,X,X,X,X,X
JIOTLZS,X,X,X,X,X
JIOTSLZ,X,X,X,X,X
JIOTSZL,X,X,X,X,X
JIOTZLS,X,X,X,X,X
JIOTZSL,X,X,X,X,X
JIOLTSZ,X,X,X,X,X
JIOLTZS,X,X,X,X,X
JIOLSTZ,X,X,X,X,X
JIOLSZT,X,X,X,X,X
JIOLZTS,X,X,X,X,X
JIOLZST,X,X,X,X,X
JIOSTLZ,X,X,X,X,X
JIOSTZL,X,X,X,X,X
JIOSLTZ,X,X,X,X,X
JIOSLZT,X,X,X,X,X
JIOSZTL,X,X,X,X,X
JIOSZLT,X,X,X,X,X
JIOZTLS,X,X,X,X,X
JIOZTSL,X,X,X,X,X
JIOZLTS,X,X,X,X,X
JIOZLST,X,X,X,X,X
JIOZSTL,X,X,X,X,X
JIOZSLT,X,X,X,X,X
JLTISZO,X,X,X,X,X
JLTISOZ,X,X,O,X,X
JLTIZSO,X,X,X,X,X
JLTIZOS,X,X,X,X,X
JLTIOSZ,X,X,O,X,X
JLTIOZS,X,X,X,X,X
JLTSIZO,X,X,X,X,X
JLTSIOZ,X,X,O,X,X
JLTSZIO,X,X,X,X,X
JLTSZOI,X,X,X,X,X
JLTSOIZ,X,X,O,X,X
JLTSOZI,X,X,X,X,X
JLTZISO,X,X,X,X,X
JLTZIOS,X,X,X,X,X
JLTZSIO,X,X,X,X,X
JLTZSOI,X,X,X,X,X
JLTZOIS,X,X,X,X,X
JLTZOSI,X,X,X,X,X
JLTOISZ,X,X,O,X,X
JLTOIZS,X,X,X,X,X
JLTOSIZ,X,X,O,X,X
JLTOSZI,X,X,X,X,X
JLTOZIS,X,X,X,X,X
JLTOZSI,X,X,X,X,X
JLITSZO,X,X,X,X,X
JLITSOZ,X,X,O,X,X
JLITZSO,X,X,X,X,X
JLITZOS,X,X,X,X,X
JLITOSZ,X,X,O,X,X
JLITOZS,X,X,X,X,X
JLISTZO,X,X,X,X,X
JLISTOZ,X,X,O,X,X
JLISZTO,X,X,X,X,X
JLISZOT,X,X,X,X,X
JLISOTZ,X,X,O,X,X
JLISOZT,X,X,X,X,X
JLIZTSO,X,X,X,X,X
JLIZTOS,X,X,X,X,X
JLIZSTO,X,X,X,X,X
JLIZSOT,X,X,X,X,X
JLIZOTS,X,X,X,X,X
JLIZOST,X,X,X,X,X
JLIOTSZ,X,X,O,X,X
JLIOTZS,X,X,X,X,X
JLIOSTZ,X,X,O,X,X
JLIOSZT,X,X,X,X,X
JLIOZTS,X,X,X,X,X
JLIOZST,X,X,X,X,X
JLSTIZO,X,X,X,X,X
JLSTIOZ,X,X,O,X,X
JLSTZIO,X,X,X,X,X
JLSTZOI,X,X,X,X,X
JLSTOIZ,X,X,O,X,X
JLSTOZI,X,X,X,X,X
JLSITZO,X,X,X,X,X
JLSITOZ,X,X,O,X,X
JLSIZTO,X,X,X,X,X
JLSIZOT,X,X,X,X,X
JLSIOTZ,X,X,O,X,X
JLSIOZT,X,X,X,X,X
JLSZTIO,X,X,X,X,X
JLSZTOI,X,X,X,X,X
JLSZITO,X,X,X,X,X
JLSZIOT,X,X,X,X,X
JLSZOTI,X,X,X,X,X
JLSZOIT,X,X,X,X,X
JLSOTIZ,X,X,O,X,X
JLSOTZI,X,X,X,X,X
JLSOITZ,X,X,O,X,X
JLSOIZT,X,X,X,X,X
JLSOZTI,X,X,X,X,X
JLSOZIT,X,X,X,X,X
JLZTISO,X,X,X,X,X
JLZTIOS,X,X,X,X,X
JLZTSIO,X,X,X,X,X
JLZTSOI,X,X,X,X,X
JLZTOIS,X,X,X,X,X
JLZTOSI,X,X,X,X,X
JLZITSO,X,X,X,X,X
JLZITOS,X,X,X,X,X
JLZISTO,X,X,X,X,X
JLZISOT,X,X,X,X,X
JLZIOTS,X,X,X,X,X
JLZIOST,X,X,X,X,X
JLZSTIO,X,X,X,X,X
JLZSTOI,X,X,X,X,X
JLZSITO,X,X,X,X,X
JLZSIOT,X,X,X,X,X
JLZSOTI,X,X,X,X,X
JLZSOIT,X,X,X,X,X
JLZOTIS,X,X,X,X,X
JLZOTSI,X,X,X,X,X
JLZOITS,X,X,X,X,X
JLZOIST,X,X,X,X,X
JLZOSTI,X,X,X,X,X
JLZOSIT,X,X,X,X,X
JLOTISZ,X,X,O,X,X
JLOTIZS,X,X,X,X,X
JLOTSIZ,X,X,O,X,X
JLOTSZI,X,X,X,X,X
JLOTZIS,X,X,X,X,X
JLOTZSI,X,X,X,X,X
JLOITSZ,X,X,O,X,X
JLOITZS,X,X,X,X,X
JLOISTZ,X,X,O,X,X
JLOISZT,X,X,X,X,X
JLOIZTS,X,X,X,X,X
JLOIZST,X,X,X,X,X
JLOSTIZ,X,X,O,X,X
JLOSTZI,X,X,X,X,X
JLOSITZ,X,X,O,X,X
JLOSIZT,X,X,X,X,X
JLOSZTI,X,X,X,X,X
JLOSZIT,X,X,X,X,X
JLOZTIS,X,X,X,X,X
JLOZTSI,X,X,X,X,X
JLOZITS,X,X,X,X,X
JLOZIST,X,X,X,X,X
JLOZSTI,X,X,X,X,X
JLOZSIT,X,X,X,X,X
JSTILZO,X,X,X,X,X
JSTILOZ,X,X,O,X,X
JSTIZLO,X,O,X,X,X
JSTIZOL,X,X,X,X,X
JSTIOLZ,X,X,X,X,X
JSTIOZL,X,X,X,X,X
JSTLIZO,X,X,X,X,X
JSTLIOZ,X,X,O,X,X
JSTLZIO,X,X,X,X,X
JSTLZOI,X,X,X,X,X
JSTLOIZ,X,X,O,X,X
JSTLOZI,X,X,X,X,X
JSTZILO,X,O,X,X,X
JSTZIOL,X,X,X,X,X
JSTZLIO,X,O,X,X,X
JSTZLOI,X,O,X,X,X
JSTZOIL,X,O,X,X,X
JSTZOLI,X,O,X,X,X
JSTOILZ,X,X,X,X,X
JSTOIZL,X,O,X,X,X
JSTOLIZ,X,X,X,X,X
JSTOLZI,X,X,X,X,X
JSTOZIL,X,O,X,X,X
JSTOZLI,X,O,X,X,X
JSITLZO,X,X,X,X,X
JSITLOZ,X,X,O,X,X
JSITZLO,X,X,X,X,X
JSITZOL,X,X,X,X,X
JSITOLZ,X,X,X,X,X
JSITOZL,X,X,X,X,X
JSILTZO,X,X,X,X,X
JSILTOZ,X,X,O,X,X
JSILZTO,X,X,X,X,X
JSILZOT,X,X,X,X,X
JSILOTZ,X,X,O,X,X
JSILOZT,X,X,X,X,X
JSIZTLO,X,X,X,X,X
JSIZTOL,X,X,X,X,X
JSIZLTO,X,X,X,X,X
JSIZLOT,X,X,X,X,X
JSIZOTL,X,X,X,X,X
JSIZOLT,X,X,X,X,X
JSIOTLZ,X,X,X,X,X
JSIOTZL,X,X,X,X,X
JSIOLTZ,X,X,X,X,X
JSIOLZT,X,X,X,X,X
JSIOZTL,X,X,X,X,X
JSIOZLT,X,X,X,X,X
JSLTIZO,X,X,X,X,X
JSLTIOZ,X,X,O,X,X
JSLTZIO,X,X,X,X,X
JSLTZOI,X,X,X,X,X
JSLTOIZ,X,X,O,X,X
JSLTOZI,X,X,X,X,X
JSLITZO,X,X,X,X,X
JSLITOZ,X,X,O,X,X
JSLIZTO,X,X,X,X,X
JSLIZOT,X,X,X,X,X
JSLIOTZ,X,X,O,X,X
JSLIOZT,X,X,X,X,X
JSLZTIO,X,X,X,X,X
JSLZTOI,X,X,X,X,X
JSLZITO,X,X,X,X,X
JSLZIOT,X,X,X,X,X
JSLZOTI,X,X,X,X,X
JSLZOIT,X,X,X,X,X
JSLOTIZ,X,X,O,X,X
JSLOTZI,X,X,X,X,X
JSLOITZ,X,X,O,X,X
JSLOIZT,X,X,X,X,X
JSLOZTI,X,X,X,X,X
JSLOZIT,X,X,X,X,X
JSZTILO,X,O,X,X,X
JSZTIOL,X,X,X,X,O
JSZTLIO,X,O,X,X,X
JSZTLOI,X,O,X,X,X
JSZTOIL,X,O,X,X,O
JSZTOLI,X,O,X,X,O
JSZITLO,X,X,X,X,X
JSZITOL,X,X,X,X,X
JSZILTO,X,X,X,X,X
JSZILOT,X,X,X,X,X
JSZIOTL,X,X,X,X,X
JSZIOLT,X,X,X,X,X
JSZLTIO,X,O,X,X,X
JSZLTOI,X,O,X,X,X
JSZLITO,X,X,X,X,X
JSZLIOT,X,X,X,X,X
JSZLOTI,X,O,X,X,X
JSZLOIT,X,O,X,X,X
JSZOTIL,X,O,X,X,O
JSZOTLI,X,O,X,X,O
JSZOITL,X,X,X,X,X
JSZOILT,X,O,X,X,X
JSZOLTI,X,O,X,X,X
JSZOLIT,X,O,X,X,X
JSOTILZ,X,X,X,X,X
JSOTIZL,X,O,X,X,X
JSOTLIZ,X,X,X,X,X
JSOTLZI,X,X,X,X,X
JSOTZIL,X,O,X,X,X
JSOTZLI,X,O,X,X,X
JSOITLZ,X,X,X,X,X
JSOITZL,X,X,X,X,X
JSOILTZ,X,X,X,X,X
JSOILZT,X,X,X,X,X
JSOIZTL,X,X,X,X,X
JSOIZLT,X,O,X,X,X
JSOLTIZ,X,X,X,X,X
JSOLTZI,X,X,X,X,X
JSOLITZ,X,X,X,X,X
JSOLIZT,X,X,X,X,X
JSOLZTI,X,X,X,X,X
JSOLZIT,X,X,X,X,X
JSOZTIL,X,O,X,X,O
JSOZTLI,X,O,X,X,O
JSOZITL,X,X,X,X,X
JSOZILT,X,O,X,X,X
JSOZLTI,X,O,X,X,X
JSOZLIT,X,O,X,X,X
JZTILSO,X,O,X,X,X
JZTILOS,X,X,X,X,X
JZTISLO,X,O,X,X,X
JZTISOL,X,X,X,X,O
JZTIOLS,X,X,X,X,X
JZTIOSL,X,X,X,X,O
JZTLISO,X,O,X,X,X
JZTLIOS,X,X,X,X,X
JZTLSIO,X,O,X,X,X
JZTLSOI,X,O,X,X,X
JZTLOIS,X,O,X,X,X
JZTLOSI,X,O,X,X,X
JZTSILO,X,O,X,X,X
JZTSIOL,X,X,X,X,O
JZTSLIO,X,O,X,X,X
JZTSLOI,X,O,X,X,X
JZTSOIL,X,O,X,X,O
JZTSOLI,X,O,X,X,O
JZTOILS,X,O,X,X,X
JZTOISL,X,O,X,X,O
JZTOLIS,X,O,X,X,X
JZTOLSI,X,O,X,X,X
JZTOSIL,X,O,X,X,O
JZTOSLI,X,O,X,X,O
JZITLSO,X,X,X,X,X
JZITLOS,X,X,X,X,X
JZITSLO,X,X,X,X,X
JZITSOL,X,X,X,X,X
JZITOLS,X,X,X,X,X
JZITOSL,X,X,X,X,X
JZILTSO,X,X,X,X,X
JZILTOS,X,X,X,X,X
JZILSTO,X,X,X,X,X
JZILSOT,X,X,X,X,X
JZILOTS,X,X,X,X,X
JZILOST,X,X,X,X,X
JZISTLO,X,X,X,X,X
JZISTOL,X,X,X,X,X
JZISLTO,X,X,X,X,X
JZISLOT,X,X,X,X,X
JZISOTL,X,X,X,X,X
JZISOLT,X,X,X,X,X
JZIOTLS,X,X,X,X,X
JZIOTSL,X,X,X,X,X
JZIOLTS,X,X,X,X,X
JZIOLST,X,X,X,X,X
JZIOSTL,X,X,X,X,X
JZIOSLT,X,X,X,X,X
JZLTISO,X,O,X,X,X
JZLTIOS,X,X,X,X,X
JZLTSIO,X,O,X,X,X
JZLTSOI,X,O,X,X,X
JZLTOIS,X,O,X,X,X
JZLTOSI,X,O,X,X,X
JZLITSO,X,X,X,X,X
JZLITOS,X,X,X,X,X
JZLISTO,X,X,X,X,X
JZLISOT,X,X,X,X,X
JZLIOTS,X,X,X,X,X
JZLIOST,X,X,X,X,X
JZLSTIO,X,O,X,X,X
JZLSTOI,X,O,X,X,X
JZLSITO,X,X,X,X,X
JZLSIOT,X,X,X,X,X
JZLSOTI,X,O,X,X,X
JZLSOIT,X,O,X,X,X
JZLOTIS,X,O,X,X,X
JZLOTSI,X,O,X,X,X
JZLOITS,X,O,X,X,X
JZLOIST,X,O,X,X,X
JZLOSTI,X,O,X,X,X
JZLOSIT,X,O,X,X,X
JZSTILO,X,O,X,X,X
JZSTIOL,X,X,X,X,O
JZSTLIO,X,O,X,X,X
JZSTLOI,X,O,X,X,X
JZSTOIL,X,O,X,X,O
JZSTOLI,X,O,X,X,O
JZSITLO,X,X,X,X,X
JZSITOL,X,X,X,X,X
JZSILTO,X,X,X,X,X
JZSILOT,X,X,X,X,X
JZSIOTL,X,X,X,X,X
JZSIOLT,X,X,X,X,X
JZSLTIO,X,O,X,X,X
JZSLTOI,X,O,X,X,X
JZSLITO,X,X,X,X,X
JZSLIOT,X,X,X,X,X
JZSLOTI,X,O,X,X,X
JZSLOIT,X,O,X,X,X
JZSOTIL,X,O,X,X,O
JZSOTLI,X,O,X,X,O
JZSOITL,X,X,X,X,X
JZSOILT,X,O,X,X,X
JZSOLTI,X,O,X,X,X
JZSOLIT,X,O,X,X,X
JZOTILS,X,O,X,X,X
JZOTISL,X,O,X,X,O
JZOTLIS,X,O,X,X,X
JZOTLSI,X,O,X,X,X
JZOTSIL,X,O,X,X,O
JZOTSLI,X,O,X,X,O
JZOITLS,X,X,X,X,X
JZOITSL,X,X,X,X,X
JZOILTS,X,O,X,X,X
JZOILST,X,O,X,X,X
JZOISTL,X,X,X,X,X
JZOISLT,X,O,X,X,X
JZOLTIS,X,O,X,X,X
JZOLTSI,X,O,X,X,X
JZOLITS,X,O,X,X,X
JZOLIST,X,O,X,X,X
JZOLSTI,X,O,X,X,X
JZOLSIT,X,O,X,X,X
JZOSTIL,X,O,X,X,O
JZOSTLI,X,O,X,X,O
JZOSITL,X,X,X,X,X
JZOSILT,X,O,X,X,X
JZOSLTI,X,O,X,X,X
JZOSLIT,X,O,X,X,X
JOTILSZ,X,X,X,X,X
JOTILZS,X,X,X,X,X
JOTISLZ,X,X,X,X,X
JOTISZL,X,O,X,X,X
JOTIZLS,X,O,X,X,X
JOTIZSL,X,O,X,X,X
JOTLISZ,X,X,X,X,X
JOTLIZS,X,X,X,X,X
JOTLSIZ,X,X,X,X,X
JOTLSZI,X,X,X,X,X
JOTLZIS,X,X,X,X,X
JOTLZSI,X,X,X,X,X
JOTSILZ,X,X,X,X,X
JOTSIZL,X,O,X,X,X
JOTSLIZ,X,X,X,X,X
JOTSLZI,X,X,X,X,X
JOTSZIL,X,O,X,X,X
JOTSZLI,X,O,X,X,X
JOTZILS,X,O,X,X,X
JOTZISL,X,O,X,X,X
JOTZLIS,X,O,X,X,X
JOTZLSI,X,O,X,X,X
JOTZSIL,X,O,X,X,X
JOTZSLI,X,O,X,X,X
JOITLSZ,X,X,X,X,X
JOITLZS,X,X,X,X,X
JOITSLZ,X,X,X,X,X
JOITSZL,X,X,X,X,X
JOITZLS,X,X,X,X,X
JOITZSL,X,X,X,X,X
JOILTSZ,X,X,X,X,X
JOILTZS,X,X,X,X,X
JOILSTZ,X,X,X,X,X
JOILSZT,X,X,X,X,X
JOILZTS,X,X,X,X,X
JOILZST,X,X,X,X,X
JOISTLZ,X,X,X,X,X
JOISTZL,X,X,X,X,X
JOISLTZ,X,X,X,X,X
JOISLZT,X,X,X,X,X
JOISZTL,X,X,X,X,X
JOISZLT,X,O,X,X,X
JOIZTLS,X,X,X,X,X
JOIZTSL,X,X,X,X,X
JOIZLTS,X,O,X,X,X
JOIZLST,X,O,X,X,X
JOIZSTL,X,X,X,X,X
JOIZSLT,X,O,X,X,X
JOLTISZ,X,X,X,X,X
JOLTIZS,X,X,X,X,X
JOLTSIZ,X,X,X,X,X
JOLTSZI,X,X,X,X,X
JOLTZIS,X,X,X,X,X
JOLTZSI,X,X,X,X,X
JOLITSZ,X,X,X,X,X
JOLITZS,X,X,X,X,X
JOLISTZ,X,X,X,X,X
JOLISZT,X,X,X,X,X
JOLIZTS,X,X,X,X,X
JOLIZST,X,X,X,X,X
JOLSTIZ,X,X,X,X,X
JOLSTZI,X,X,X,X,X
JOLSITZ,X,X,X,X,X
JOLSIZT,X,X,X,X,X
JOLSZTI,X,X,X,X,X
JOLSZIT,X,X,X,X,X
JOLZTIS,X,X,X,X,X
JOLZTSI,X,X,X,X,X
JOLZITS,X,X,X,X,X
JOLZIST,X,X,X,X,X
JOLZSTI,X,X,X,X,X
JOLZSIT,X,X,X,X,X
JOSTILZ,X,X,X,X,X
JOSTIZL,X,O,X,X,X
JOSTLIZ,X,X,X,X,X
JOSTLZI,X,X,X,X,X
JOSTZIL,X,O,X,X,X
JOSTZLI,X,O,X,X,X
JOSITLZ,X,X,X,X,X
JOSITZL,X,X,X,X,X
JOSILTZ,X,X,X,X,X
JOSILZT,X,X,X,X,X
JOSIZTL,X,X,X,X,X
JOSIZLT,X,O,X,X,X
JOSLTIZ,X,X,X,X,X
JOSLTZI,X,X,X,X,X
JOSLITZ,X,X,X,X,X
JOSLIZT,X,X,X,X,X
JOSLZTI,X,X,X,X,X
JOSLZIT,X,X,X,X,X
JOSZTIL,X,O,X,X,O
JOSZTLI,X,O,X,X,O
JOSZITL,X,X,X,X,X
JOSZILT,X,O,X,X,X
JOSZLTI,X,O,X,X,X
JOSZLIT,X,O,X,X,X
JOZTILS,X,O,X,X,X
JOZTISL,X,O,X,X,O
JOZTLIS,X,O,X,X,X
JOZTLSI,X,O,X,X,X
JOZTSIL,X,O,X,X,O
JOZTSLI,X,O,X,X,O
JOZITLS,X,X,X,X,X
JOZITSL,X,X,X,X,X
JOZILTS,X,O,X,X,X
JOZILST,X,O,X,X,X
JOZISTL,X,X,X,X,X
JOZISLT,X,O,X,X,X
JOZLTIS,X,O,X,X,X
JOZLTSI,X,O,X,X,X
JOZLITS,X,O,X,X,X
JOZLIST,X,O,X,X,X
JOZLSTI,X,O,X,X,X
JOZLSIT,X,O,X,X,X
JOZSTIL,X,O,X,X,O
JOZSTLI,X,O,X,X,O
JOZSITL,X,X,X,X,X
JOZSILT,X,O,X,X,X
JOZSLTI,X,O,X,X,X
JOZSLIT,X,O,X,X,X
STILJZO,X,X,X,X,X
STILJOZ,X,X,O,X,X
STILZJO,X,X,X,X,X
STILZOJ,X,X,X,X,X
STILOJZ,X,X,O,X,X
STILOZJ,X,X,X,X,X
STIJLZO,X,X,X,X,X
STIJLOZ,X,X,O,X,X
STIJZLO,O,X,X,X,X
STIJZOL,X,X,X,X,X
STIJOLZ,X,X,X,X,X
STIJOZL,X,X,X,X,X
STIZLJO,O,O,X,X,X
STIZLOJ,X,X,X,X,X
STIZJLO,O,X,X,X,X
STIZJOL,X,X,X,X,X
STIZOLJ,X,X,X,X,X
STIZOJL,X,X,X,X,X
STIOLJZ,X,X,X,X,X
STIOLZJ,X,X,X,X,X
STIOJLZ,X,X,X,X,X
STIOJZL,X,X,X,X,X
STIOZLJ,X,X,X,X,X
STIOZJL,X,X,X,X,X
STLIJZO,X,X,X,X,X
STLIJOZ,X,X,O,X,X
STLIZJO,X,X,X,X,X
STLIZOJ,X,X,X,X,X
STLIOJZ,X,X,O,X,X
STLIOZJ,X,X,X,X,X
STLJIZO,X,X,X,X,X
STLJIOZ,X,X,O,X,X
STLJZIO,X,X,X,X,X
STLJZOI,X,X,X,X,X
STLJOIZ,X,X,O,X,X
STLJOZI,X,X,X,X,X
STLZIJO,X,X,X,X,X
STLZIOJ,X,X,X,X,X
STLZJIO,X,X,X,X,X
STLZJOI,X,X,X,X,X
STLZOIJ,X,X,X,X,X
STLZOJI,X,X,X,X,X
STLOIJZ,X,X,O,X,X
STLOIZJ,X,X,X,X,X
STLOJIZ,X,X,O,X,X
STLOJZI,X,X,X,X,X
STLOZIJ,X,X,X,X,X
STLOZJI,X,X,X,X,X
STJILZO,X,X,X,X,X
STJILOZ,X,X,O,X,X
STJIZLO,O,O,X,X,X
STJIZOL,X,X,X,X,X
STJIOLZ,X,X,X,X,X
STJIOZL,X,X,X,X,X
STJLIZO,X,X,X,X,X
STJLIOZ,X,X,O,X,X
STJLZIO,X,X,X,X,X
STJLZOI,X,X,X,X,X
STJLOIZ,X,X,O,X,X
STJLOZI,X,X,X,X,X
STJZILO,O,O,X,X,X
STJZIOL,X,X,X,X,X
STJZLIO,O,O,X,X,X
STJZLOI,X,O,X,X,X
STJZOIL,X,O,X,X,X
STJZOLI,X,O,X,X,X
STJOILZ,X,X,X,X,X
STJOIZL,X,O,X,X,X
STJOLIZ,X,X,X,X,X
STJOLZI,X,X,X,X,X
STJOZIL,X,O,X,X,X
STJOZLI,X,O,X,X,X
STZILJO,O,O,X,X,X
STZILOJ,X,X,X,X,X
STZIJLO,O,X,X,X,X
STZIJOL,X,X,X,X,X
STZIOLJ,X,X,X,O,X
STZIOJL,X,X,X,O,X
STZLIJO,O,O,X,X,X
STZLIOJ,X,X,X,X,X
STZLJIO,O,O,X,X,X
STZLJOI,X,O,X,X,X
STZLOIJ,O,X,X,X,X
STZLOJI,O,X,X,X,X
STZJILO,O,O,X,X,X
STZJIOL,X,X,X,X,X
STZJLIO,O,O,X,X,X
STZJLOI,X,O,X,X,X
STZJOIL,X,O,X,X,X
STZJOLI,X,O,X,X,X
STZOILJ,O,X,X,O,X
STZOIJL,O,X,X,O,X
STZOLIJ,O,X,X,X,X
STZOLJI,O,X,X,X,X
STZOJIL,O,X,X,X,X
STZOJLI,O,X,X,X,X
STOILJZ,X,X,X,X,X
STOILZJ,X,X,X,X,X
STOIJLZ,X,X,X,X,X
STOIJZL,O,X,X,X,X
STOIZLJ,O,X,X,X,X
STOIZJL,O,X,X,X,X
STOLIJZ,X,X,X,X,X
STOLIZJ,X,X,X,X,X
STOLJIZ,X,X,X,X,X
STOLJZI,X,X,X,X,X
STOLZIJ,X,X,X,X,X
STOLZJI,X,X,X,X,X
STOJILZ,X,X,X,X,X
STOJIZL,O,X,X,X,X
STOJLIZ,X,X,X,X,X
STOJLZI,X,X,X,X,X
STOJZIL,O,X,X,X,X
STOJZLI,O,X,X,X,X
STOZILJ,O,X,X,O,X
STOZIJL,O,X,X,O,X
STOZLIJ,O,X,X,X,X
STOZLJI,O,X,X,X,X
STOZJIL,O,X,X,X,X
STOZJLI,O,X,X,X,X
SITLJZO,X,X,X,X,X
SITLJOZ,X,X,O,X,X
SITLZJO,X,X,X,X,X
SITLZOJ,X,X,X,X,X
SITLOJZ,X,X,O,X,X
SITLOZJ,X,X,X,X,X
SITJLZO,X,X,X,X,X
SITJLOZ,X,X,O,X,X
SITJZLO,O,X,X,X,X
SITJZOL,X,X,X,X,X
SITJOLZ,X,X,X,X,X
SITJOZL,X,X,X,X,X
SITZLJO,O,X,X,X,X
SITZLOJ,X,X,X,X,X
SITZJLO,O,X,X,X,X
SITZJOL,X,X,X,X,X
SITZOLJ,X,X,X,X,X
SITZOJL,X,X,X,X,X
SITOLJZ,X,X,X,X,X
SITOLZJ,X,X,X,X,X
SITOJLZ,X,X,X,X,X
SITOJZL,X,X,X,X,X
SITOZLJ,X,X,X,X,X
SITOZJL,X,X,X,X,X
SILTJZO,X,X,X,X,X
SILTJOZ,X,X,O,X,X
SILTZJO,X,X,X,X,X
SILTZOJ,X,X,X,X,X
SILTOJZ,X,X,O,X,X
SILTOZJ,X,X,X,X,X
SILJTZO,X,X,X,X,X
SILJTOZ,X,X,O,X,X
SILJZTO,X,X,X,X,X
SILJZOT,X,X,X,X,X
SILJOTZ,X,X,O,X,X
SILJOZT,X,X,X,X,X
SILZTJO,X,X,X,X,X
SILZTOJ,X,X,X,X,X
SILZJTO,X,X,X,X,X
SILZJOT,X,X,X,X,X
SILZOTJ,X,X,X,X,X
SILZOJT,X,X,X,X,X
SILOTJZ,X,X,O,X,X
SILOTZJ,X,X,X,X,X
SILOJTZ,X,X,O,X,X
SILOJZT,X,X,X,X,X
SILOZTJ,X,X,X,X,X
SILOZJT,X,X,X,X,X
SIJTLZO,X,X,X,X,X
SIJTLOZ,X,X,O,X,X
SIJTZLO,X,X,X,X,X
SIJTZOL,X,X,X,X,X
SIJTOLZ,X,X,X,X,X
SIJTOZL,X,X,X,X,X
SIJLTZO,X,X,X,X,X
SIJLTOZ,X,X,O,X,X
SIJLZTO,X,X,X,X,X
SIJLZOT,X,X,X,X,X
SIJLOTZ,X,X,O,X,X
SIJLOZT,X,X,X,X,X
SIJZTLO,X,X,X,X,X
SIJZTOL,X,X,X,X,X
SIJZLTO,X,X,X,X,X
SIJZLOT,X,X,X,X,X
SIJZOTL,X,X,X,X,X
SIJZOLT,X,X,X,X,X
SIJOTLZ,X,X,X,X,X
SIJOTZL,X,X,X,X,X
SIJOLTZ,X,X,X,X,X
SIJOLZT,X,X,X,X,X
SIJOZTL,X,X,X,X,X
SIJOZLT,X,X,X,X,X
SIZTLJO,O,X,X,X,X
SIZTLOJ,X,X,X,X,X
SIZTJLO,O,X,X,X,X
SIZTJOL,X,X,X,X,X
SIZTOLJ,X,X,X,O,X
SIZTOJL,X,X,X,O,X
SIZLTJO,O,X,X,X,X
SIZLTOJ,X,X,X,X,X
SIZLJTO,X,X,X,X,X
SIZLJOT,X,X,X,X,X
SIZLOTJ,O,X,X,X,X
SIZLOJT,O,X,X,X,X
SIZJTLO,X,X,X,X,X
SIZJTOL,X,X,X,X,X
SIZJLTO,X,X,X,X,X
SIZJLOT,X,X,X,X,X
SIZJOTL,X,X,X,X,X
SIZJOLT,X,X,X,X,X
SIZOTLJ,O,X,X,O,X
SIZOTJL,O,X,X,O,X
SIZOLTJ,O,X,X,X,X
SIZOLJT,O,X,X,X,X
SIZOJTL,X,X,X,X,X
SIZOJLT,O,X,X,X,X
SIOTLJZ,X,X,X,X,X
SIOTLZJ,X,X,X,X,X
SIOTJLZ,X,X,X,X,X
SIOTJZL,O,X,X,X,X
SIOTZLJ,O,X,X,X,X
SIOTZJL,O,X,X,X,X
SIOLTJZ,X,X,X,X,X
SIOLTZJ,X,X,X,X,X
SIOLJTZ,X,X,X,X,X
SIOLJZT,X,X,X,X,X
SIOLZTJ,X,X,X,X,X
SIOLZJT,X,X,X,X,X
SIOJTLZ,X,X,X,X,X
SIOJTZL,X,X,X,X,X
SIOJLTZ,X,X,X,X,X
SIOJLZT,X,X,X,X,X
SIOJZTL,X,X,X,X,X
SIOJZLT,O,X,X,X,X
SIOZTLJ,O,X,X,O,X
SIOZTJL,O,X,X,O,X
SIOZLTJ,O,X,X,X,X
SIOZLJT,O,X,X,X,X
SIOZJTL,X,X,X,X,X
SIOZJLT,O,X,X,X,X
SLTIJZO,X,X,X,X,X
SLTIJOZ,X,X,O,X,X
SLTIZJO,X,X,X,X,X
SLTIZOJ,X,X,X,X,X
SLTIOJZ,X,X,O,X,X
SLTIOZJ,X,X,X,X,X
SLTJIZO,X,X,X,X,X
SLTJIOZ,X,X,O,X,X
SLTJZIO,X,X,X,X,X
SLTJZOI,X,X,X,X,X
SLTJOIZ,X,X,O,X,X
SLTJOZI,X,X,X,X,X
SLTZIJO,X,X,X,X,X
SLTZIOJ,X,X,X,X,X
SLTZJIO,X,X,X,X,X
SLTZJOI,X,X,X,X,X
SLTZOIJ,X,X,X,X,X
SLTZOJI,X,X,X,X,X
SLTOIJZ,X,X,O,X,X
SLTOIZJ,X,X,X,X,X
SLTOJIZ,X,X,O,X,X
SLTOJZI,X,X,X,X,X
SLTOZIJ,X,X,X,X,X
SLTOZJI,X,X,X,X,X
SLITJZO,X,X,X,X,X
SLITJOZ,X,X,O,X,X
SLITZJO,X,X,X,X,X
SLITZOJ,X,X,X,X,X
SLITOJZ,X,X,O,X,X
SLITOZJ,X,X,X,X,X
SLIJTZO,X,X,X,X,X
SLIJTOZ,X,X,O,X,X
SLIJZTO,X,X,X,X,X
SLIJZOT,X,X,X,X,X
SLIJOTZ,X,X,O,X,X
SLIJOZT,X,X,X,X,X
SLIZTJO,X,X,X,X,X
SLIZTOJ,X,X,X,X,X
SLIZJTO,X,X,X,X,X
SLIZJOT,X,X,X,X,X
SLIZOTJ,X,X,X,X,X
SLIZOJT,X,X,X,X,X
SLIOTJZ,X,X,O,X,X
SLIOTZJ,X,X,X,X,X
SLIOJTZ,X,X,O,X,X
SLIOJZT,X,X,X,X,X
SLIOZTJ,X,X,X,X,X
SLIOZJT,X,X,X,X,X
SLJTIZO,X,X,X,X,X
SLJTIOZ,X,X,O,X,X
SLJTZIO,X,X,X,X,X
SLJTZOI,X,X,X,X,X
SLJTOIZ,X,X,O,X,X
SLJTOZI,X,X,X,X,X
SLJITZO,X,X,X,X,X
SLJITOZ,X,X,O,X,X
SLJIZTO,X,X,X,X,X
SLJIZOT,X,X,X,X,X
SLJIOTZ,X,X,O,X,X
SLJIOZT,X,X,X,X,X
SLJZTIO,X,X,X,X,X
SLJZTOI,X,X,X,X,X
SLJZITO,X,X,X,X,X
SLJZIOT,X,X,X,X,X
SLJZOTI,X,X,X,X,X
SLJZOIT,X,X,X,X,X
SLJOTIZ,X,X,O,X,X
SLJOTZI,X,X,X,X,X
SLJOITZ,X,X,O,X,X
SLJOIZT,X,X,X,X,X
SLJOZTI,X,X,X,X,X
SLJOZIT,X,X,X,X,X
SLZTIJO,X,X,X,X,X
SLZTIOJ,X,X,X,X,X
SLZTJIO,X,X,X,X,X
SLZTJOI,X,X,X,X,X
SLZTOIJ,X,X,X,X,X
SLZTOJI,X,X,X,X,X
SLZITJO,X,X,X,X,X
SLZITOJ,X,X,X,X,X
SLZIJTO,X,X,X,X,X
SLZIJOT,X,X,X,X,X
SLZIOTJ,X,X,X,X,X
SLZIOJT,X,X,X,X,X
SLZJTIO,X,X,X,X,X
SLZJTOI,X,X,X,X,X
SLZJITO,X,X,X,X,X
SLZJIOT,X,X,X,X,X
SLZJOTI,X,X,X,X,X
SLZJOIT,X,X,X,X,X
SLZOTIJ,X,X,X,X,X
SLZOTJI,X,X,X,X,X
SLZOITJ,X,X,X,X,X
SLZOIJT,X,X,X,X,X
SLZOJTI,X,X,X,X,X
SLZOJIT,X,X,X,X,X
SLOTIJZ,X,X,O,X,X
SLOTIZJ,X,X,X,X,X
SLOTJIZ,X,X,O,X,X
SLOTJZI,X,X,X,X,X
SLOTZIJ,X,X,X,X,X
SLOTZJI,X,X,X,X,X
SLOITJZ,X,X,O,X,X
SLOITZJ,X,X,X,X,X
SLOIJTZ,X,X,O,X,X
SLOIJZT,X,X,X,X,X
SLOIZTJ,X,X,X,X,X
SLOIZJT,X,X,X,X,X
SLOJTIZ,X,X,O,X,X
SLOJTZI,X,X,X,X,X
SLOJITZ,X,X,O,X,X
SLOJIZT,X,X,X,X,X
SLOJZTI,X,X,X,X,X
SLOJZIT,X,X,X,X,X
SLOZTIJ,X,X,X,X,X
SLOZTJI,X,X,X,X,X
SLOZITJ,X,X,X,X,X
SLOZIJT,X,X,X,X,X
SLOZJTI,X,X,X,X,X
SLOZJIT,X,X,X,X,X
SJTILZO,X,X,X,X,X
SJTILOZ,X,X,O,X,X
SJTIZLO,X,O,X,X,X
SJTIZOL,X,X,X,X,X
SJTIOLZ,X,X,X,X,X
SJTIOZL,X,X,X,X,X
SJTLIZO,X,X,X,X,X
SJTLIOZ,X,X,O,X,X
SJTLZIO,X,X,X,X,X
SJTLZOI,X,X,X,X,X
SJTLOIZ,X,X,O,X,X
SJTLOZI,X,X,X,X,X
SJTZILO,X,O,X,X,X
SJTZIOL,X,X,X,X,X
SJTZLIO,X,O,X,X,X
SJTZLOI,X,O,X,X,X
SJTZOIL,X,O,X,X,X
SJTZOLI,X,O,X,X,X
SJTOILZ,X,X,X,X,X
SJTOIZL,X,O,X,X,X
SJTOLIZ,X,X,X,X,X
SJTOLZI,X,X,X,X,X
SJTOZIL,X,O,X,X,X
SJTOZLI,X,O,X,X,X
SJITLZO,X,X,X,X,X
SJITLOZ,X,X,O,X,X
SJITZLO,X,X,X,X,X
SJITZOL,X,X,X,X,X
SJITOLZ,X,X,X,X,X
SJITOZL,X,X,X,X,X
SJILTZO,X,X,X,X,X
SJILTOZ,X,X,O,X,X
SJILZTO,X,X,X,X,X
SJILZOT,X,X,X,X,X
SJILOTZ,X,X,O,X,X
SJILOZT,X,X,X,X,X
SJIZTLO,X,X,X,X,X
SJIZTOL,X,X,X,X,X
SJIZLTO,X,X,X,X,X
SJIZLOT,X,X,X,X,X
SJIZOTL,X,X,X,X,X
SJIZOLT,X,X,X,X,X
SJIOTLZ,X,X,X,X,X
SJIOTZL,X,X,X,X,X
SJIOLTZ,X,X,X,X,X
SJIOLZT,X,X,X,X,X
SJIOZTL,X,X,X,X,X
SJIOZLT,X,X,X,X,X
SJLTIZO,X,X,X,X,X
SJLTIOZ,X,X,O,X,X
SJLTZIO,X,X,X,X,X
SJLTZOI,X,X,X,X,X
SJLTOIZ,X,X,O,X,X
SJLTOZI,X,X,X,X,X
SJLITZO,X,X,X,X,X
SJLITOZ,X,X,O,X,X
SJLIZTO,X,X,X,X,X
SJLIZOT,X,X,X,X,X
SJLIOTZ,X,X,O,X,X
SJLIOZT,X,X,X,X,X
SJLZTIO,X,X,X,X,X
SJLZTOI,X,X,X,X,X
SJLZITO,X,X,X,X,X
SJLZIOT,X,X,X,X,X
SJLZOTI,X,X,X,X,X
SJLZOIT,X,X,X,X,X
SJLOTIZ,X,X,O,X,X
SJLOTZI,X,X,X,X,X
SJLOITZ,X,X,O,X,X
SJLOIZT,X,X,X,X,X
SJLOZTI,X,X,X,X,X
SJLOZIT,X,X,X,X,X
SJZTILO,X,O,X,X,X
SJZTIOL,X,X,X,X,O
SJZTLIO,X,O,X,X,X
SJZTLOI,X,O,X,X,X
SJZTOIL,X,O,X,X,O
SJZTOLI,X,O,X,X,O
SJZITLO,X,X,X,X,X
SJZITOL,X,X,X,X,X
SJZILTO,X,X,X,X,X
SJZILOT,X,X,X,X,X
SJZIOTL,X,X,X,X,X
SJZIOLT,X,X,X,X,X
SJZLTIO,X,O,X,X,X
SJZLTOI,X,O,X,X,X
SJZLITO,X,X,X,X,X
SJZLIOT,X,X,X,X,X
SJZLOTI,X,O,X,X,X
SJZLOIT,X,O,X,X,X
SJZOTIL,X,O,X,X,O
SJZOTLI,X,O,X,X,O
SJZOITL,X,X,X,X,X
SJZOILT,X,O,X,X,X
SJZOLTI,X,O,X,X,X
SJZOLIT,X,O,X,X,X
SJOTILZ,X,X,X,X,X
SJOTIZL,X,O,X,X,X
SJOTLIZ,X,X,X,X,X
SJOTLZI,X,X,X,X,X
SJOTZIL,X,O,X,X,X
SJOTZLI,X,O,X,X,X
SJOITLZ,X,X,X,X,X
SJOITZL,X,X,X,X,X
SJOILTZ,X,X,X,X,X
SJOILZT,X,X,X,X,X
SJOIZTL,X,X,X,X,X
SJOIZLT,X,O,X,X,X
SJOLTIZ,X,X,X,X,X
SJOLTZI,X,X,X,X,X
SJOLITZ,X,X,X,X,X
SJOLIZT,X,X,X,X,X
SJOLZTI,X,X,X,X,X
SJOLZIT,X,X,X,X,X
SJOZTIL,X,O,X,X,O
SJOZTLI,X,O,X,X,O
SJOZITL,X,X,X,X,X
SJOZILT,X,O,X,X,X
SJOZLTI,X,O,X,X,X
SJOZLIT,X,O,X,X,X
SZTILJO,O,O,X,X,X
SZTILOJ,X,X,X,X,X
SZTIJLO,O,X,X,X,X
SZTIJOL,X,X,X,X,X
SZTIOLJ,X,X,X,O,X
SZTIOJL,X,X,X,O,X
SZTLIJO,O,O,X,X,X
SZTLIOJ,X,X,X,X,X
SZTLJIO,O,O,X,X,X
SZTLJOI,X,O,X,X,X
SZTLOIJ,O,X,X,X,X
SZTLOJI,O,X,X,X,X
SZTJILO,O,O,X,X,X
SZTJIOL,X,X,X,X,X
SZTJLIO,O,O,X,X,X
SZTJLOI,X,O,X,X,X
SZTJOIL,X,O,X,X,X
SZTJOLI,X,O,X,X,X
SZTOILJ,O,X,X,O,X
SZTOIJL,O,X,X,O,X
SZTOLIJ,O,X,X,X,X
SZTOLJI,O,X,X,X,X
SZTOJIL,O,X,X,X,X
SZTOJLI,O,X,X,X,X
SZITLJO,O,X,X,X,X
SZITLOJ,X,X,X,X,X
SZITJLO,O,X,X,X,X
SZITJOL,X,X,X,X,X
SZITOLJ,X,X,X,O,X
SZITOJL,X,X,X,O,X
SZILTJO,O,X,X,X,X
SZILTOJ,X,X,X,X,X
SZILJTO,X,X,X,X,X
SZILJOT,X,X,X,X,X
SZILOTJ,O,X,X,X,X
SZILOJT,O,X,X,X,X
SZIJTLO,X,X,X,X,X
SZIJTOL,X,X,X,X,X
SZIJLTO,X,X,X,X,X
SZIJLOT,X,X,X,X,X
SZIJOTL,X,X,X,X,X
SZIJOLT,X,X,X,X,X
SZIOTLJ,O,X,X,O,X
SZIOTJL,O,X,X,O,X
SZIOLTJ,O,X,X,X,X
SZIOLJT,O,X,X,X,X
SZIOJTL,X,X,X,X,X
SZIOJLT,O,X,X,X,X
SZLTIJO,O,O,X,X,X
SZLTIOJ,X,X,X,X,X
SZLTJIO,O,O,X,X,X
SZLTJOI,X,O,X,X,X
SZLTOIJ,O,X,X,X,X
SZLTOJI,O,X,X,X,X
SZLITJO,O,X,X,X,X
SZLITOJ,X,X,X,X,X
SZLIJTO,X,X,X,X,X
SZLIJOT,X,X,X,X,X
SZLIOTJ,O,X,X,X,X
SZLIOJT,O,X,X,X,X
SZLJTIO,X,O,X,X,X
SZLJTOI,X,O,X,X,X
SZLJITO,X,X,X,X,X
SZLJIOT,X,X,X,X,X
SZLJOTI,X,O,X,X,X
SZLJOIT,X,O,X,X,X
SZLOTIJ,O,X,X,X,X
SZLOTJI,O,X,X,X,X
SZLOITJ,O,X,X,X,X
SZLOIJT,O,X,X,X,X
SZLOJTI,X,X,X,X,X
SZLOJIT,O,X,X,X,X
SZJTILO,X,O,X,X,X
SZJTIOL,X,X,X,X,X
SZJTLIO,X,O,X,X,X
SZJTLOI,X,O,X,X,X
SZJTOIL,X,O,X,X,X
SZJTOLI,X,O,X,X,X
SZJITLO,X,X,X,X,X
SZJITOL,X,X,X,X,X
SZJILTO,X,X,X,X,X
SZJILOT,X,X,X,X,X
SZJIOTL,X,X,X,X,X
SZJIOLT,X,X,X,X,X
SZJLTIO,X,O,X,X,X
SZJLTOI,X,O,X,X,X
SZJLITO,X,X,X,X,X
SZJLIOT,X,X,X,X,X
SZJLOTI,X,O,X,X,X
SZJLOIT,X,O,X,X,X
SZJOTIL,X,O,X,X,X
SZJOTLI,X,O,X,X,X
SZJOITL,X,X,X,X,X
SZJOILT,X,O,X,X,X
SZJOLTI,X,O,X,X,X
SZJOLIT,X,O,X,X,X
SZOTILJ,O,X,X,O,X
SZOTIJL,O,X,X,O,X
SZOTLIJ,O,X,X,X,X
SZOTLJI,O,X,X,X,X
SZOTJIL,O,X,X,X,X
SZOTJLI,O,X,X,X,X
SZOITLJ,O,X,X,O,X
SZOITJL,O,X,X,O,X
SZOILTJ,O,X,X,X,X
SZOILJT,O,X,X,X,X
SZOIJTL,X,X,X,X,X
SZOIJLT,O,X,X,X,X
SZOLTIJ,O,X,X,X,X
SZOLTJI,O,X,X,X,X
SZOLITJ,O,X,X,X,X
SZOLIJT,O,X,X,X,X
SZOLJTI,X,X,X,X,X
SZOLJIT,O,X,X,X,X
SZOJTIL,X,X,X,X,X
SZOJTLI,X,X,X,X,X
SZOJITL,X,X,X,X,X
SZOJILT,O,X,X,X,X
SZOJLTI,X,X,X,X,X
SZOJLIT,O,X,X,X,X
SOTILJZ,X,X,X,X,X
SOTILZJ,X,X,X,X,X
SOTIJLZ,X,X,X,X,X
SOTIJZL,O,X,X,X,X
SOTIZLJ,O,X,X,X,X
SOTIZJL,O,X,X,X,X
SOTLIJZ,X,X,X,X,X
SOTLIZJ,X,X,X,X,X
SOTLJIZ,X,X,X,X,X
SOTLJZI,X,X,X,X,X
SOTLZIJ,X,X,X,X,X
SOTLZJI,X,X,X,X,X
SOTJILZ,X,X,X,X,X
SOTJIZL,O,X,X,X,X
SOTJLIZ,X,X,X,X,X
SOTJLZI,X,X,X,X,X
SOTJZIL,O,X,X,X,X
SOTJZLI,O,X,X,X,X
SOTZILJ,O,X,X,O,X
SOTZIJL,O,X,X,O,X
SOTZLIJ,O,X,X,X,X
SOTZLJI,O,X,X,X,X
SOTZJIL,O,X,X,X,X
SOTZJLI,O,X,X,X,X
SOITLJZ,X,X,X,X,X
SOITLZJ,X,X,X,X,X
SOITJLZ,X,X,X,X,X
SOITJZL,O,X,X,X,X
SOITZLJ,O,X,X,X,X
SOITZJL,O,X,X,X,X
SOILTJZ,X,X,X,X,X
SOILTZJ,X,X,X,X,X
SOILJTZ,X,X,X,X,X
SOILJZT,X,X,X,X,X
SOILZTJ,X,X,X,X,X
SOILZJT,X,X,X,X,X
SOIJTLZ,X,X,X,X,X
SOIJTZL,X,X,X,X,X
SOIJLTZ,X,X,X,X,X
SOIJLZT,X,X,X,X,X
SOIJZTL,X,X,X,X,X
SOIJZLT,O,X,X,X,X
SOIZTLJ,O,X,X,O,X
SOIZTJL,O,X,X,O,X
SOIZLTJ,O,X,X,X,X
SOIZLJT,O,X,X,X,X
SOIZJTL,X,X,X,X,X
SOIZJLT,O,X,X,X,X
SOLTIJZ,X,X,X,X,X
SOLTIZJ,X,X,X,X,X
SOLTJIZ,X,X,X,X,X
SOLTJZI,X,X,X,X,X
SOLTZIJ,X,X,X,X,X
SOLTZJI,X,X,X,X,X
SOLITJZ,X,X,X,X,X
SOLITZJ,X,X,X,X,X
SOLIJTZ,X,X,X,X,X
SOLIJZT,X,X,X,X,X
SOLIZTJ,X,X,X,X,X
SOLIZJT,X,X,X,X,X
SOLJTIZ,X,X,X,X,X
SOLJTZI,X,X,X,X,X
SOLJITZ,X,X,X,X,X
SOLJIZT,X,X,X,X,X
SOLJZTI,X,X,X,X,X
SOLJZIT,X,X,X,X,X
SOLZTIJ,X,X,X,X,X
SOLZTJI,X,X,X,X,X
SOLZITJ,X,X,X,X,X
SOLZIJT,X,X,X,X,X
SOLZJTI,X,X,X,X,X
SOLZJIT,X,X,X,X,X
SOJTILZ,X,X,X,X,X
SOJTIZL,X,X,X,X,X
SOJTLIZ,X,X,X,X,X
SOJTLZI,X,X,X,X,X
SOJTZIL,X,X,X,X,X
SOJTZLI,X,X,X,X,X
SOJITLZ,X,X,X,X,X
SOJITZL,X,X,X,X,X
SOJILTZ,X,X,X,X,X
SOJILZT,X,X,X,X,X
SOJIZTL,X,X,X,X,X
SOJIZLT,O,X,X,X,X
SOJLTIZ,X,X,X,X,X
SOJLTZI,X,X,X,X,X
SOJLITZ,X,X,X,X,X
SOJLIZT,X,X,X,X,X
SOJLZTI,X,X,X,X,X
SOJLZIT,X,X,X,X,X
SOJZTIL,X,X,X,X,O
SOJZTLI,X,X,X,X,O
SOJZITL,X,X,X,X,X
SOJZILT,O,X,X,X,X
SOJZLTI,X,X,X,X,X
SOJZLIT,O,X,X,X,X
SOZTILJ,O,X,X,O,X
SOZTIJL,O,X,X,O,X
SOZTLIJ,O,X,X,X,X
SOZTLJI,O,X,X,X,X
SOZTJIL,O,X,X,X,X
SOZTJLI,O,X,X,X,X
SOZITLJ,O,X,X,O,X
SOZITJL,O,X,X,O,X
SOZILTJ,O,X,X,X,X
SOZILJT,O,X,X,X,X
SOZIJTL,X,X,X,X,X
SOZIJLT,O,X,X,X,X
SOZLTIJ,O,X,X,X,X
SOZLTJI,O,X,X,X,X
SOZLITJ,O,X,X,X,X
SOZLIJT,O,X,X,X,X
SOZLJTI,X,X,X,X,X
SOZLJIT,O,X,X,X,X
SOZJTIL,X,X,X,X,X
SOZJTLI,X,X,X,X,X
SOZJITL,X,X,X,X,X
SOZJILT,O,X,X,X,X
SOZJLTI,X,X,X,X,X
SOZJLIT,O,X,X,X,X
ZTILJSO,O,X,X,X,X
ZTILJOS,X,X,X,X,X
ZTILSJO,O,O,X,X,X
ZTILSOJ,X,X,X,X,X
ZTILOJS,X,X,X,X,X
ZTILOSJ,X,X,X,X,X
ZTIJLSO,O,X,X,X,X
ZTIJLOS,X,X,X,X,X
ZTIJSLO,O,X,X,X,X
ZTIJSOL,X,X,X,X,X
ZTIJOLS,X,X,X,X,X
ZTIJOSL,X,X,X,X,X
ZTISLJO,O,O,X,X,X
ZTISLOJ,X,X,X,X,X
ZTISJLO,O,X,X,X,X
ZTISJOL,X,X,X,X,X
ZTISOLJ,X,X,X,O,X
ZTISOJL,X,X,X,O,X
ZTIOLJS,X,X,X,X,X
ZTIOLSJ,X,X,X,X,X
ZTIOJLS,X,X,X,X,X
ZTIOJSL,X,X,X,X,X
ZTIOSLJ,X,X,X,O,X
ZTIOSJL,X,X,X,O,X
ZTLIJSO,O,X,X,X,X
ZTLIJOS,X,X,X,X,X
ZTLISJO,O,O,X,X,X
ZTLISOJ,X,X,X,X,X
ZTLIOJS,X,X,X,X,X
ZTLIOSJ,X,X,X,X,X
ZTLJISO,O,O,X,X,X
ZTLJIOS,X,X,X,X,X
ZTLJSIO,O,O,X,X,X
ZTLJSOI,X,O,X,X,X
ZTLJOIS,X,O,X,X,X
ZTLJOSI,X,O,X,X,X
ZTLSIJO,O,O,X,X,X
ZTLSIOJ,X,X,X,X,X
ZTLSJIO,O,O,X,X,X
ZTLSJOI,X,O,X,X,X
ZTLSOIJ,O,X,X,X,X
ZTLSOJI,O,X,X,X,X
ZTLOIJS,O,X,X,X,X
ZTLOISJ,O,X,X,X,X
ZTLOJIS,O,X,X,X,X
ZTLOJSI,O,X,X,X,X
ZTLOSIJ,O,X,X,X,X
ZTLOSJI,O,X,X,X,X
ZTJILSO,O,O,X,X,X
ZTJILOS,X,X,X,X,X
ZTJISLO,O,O,X,X,X
ZTJISOL,X,X,X,X,X
ZTJIOLS,X,X,X,X,X
ZTJIOSL,X,X,X,X,X
ZTJLISO,O,O,X,X,X
ZTJLIOS,X,X,X,X,X
ZTJLSIO,O,O,X,X,X
ZTJLSOI,X,O,X,X,X
ZTJLOIS,X,O,X,X,X
ZTJLOSI,X,O,X,X,X
ZTJSILO,O,O,X,X,X
ZTJSIOL,X,X,X,X,X
ZTJSLIO,O,O,X,X,X
ZTJSLOI,X,O,X,X,X
ZTJSOIL,X,O,X,X,X
ZTJSOLI,X,O,X,X,X
ZTJOILS,X,O,X,X,X
ZTJOISL,X,O,X,X,X
ZTJOLIS,X,O,X,X,X
ZTJOLSI,X,O,X,X,X
ZTJOSIL,X,O,X,X,X
ZTJOSLI,X,O,X,X,X
ZTSILJO,O,O,X,X,X
ZTSILOJ,X,X,X,X,X
ZTSIJLO,O,X,X,X,X
ZTSIJOL,X,X,X,X,X
ZTSIOLJ,X,X,X,O,X
ZTSIOJL,X,X,X,O,X
ZTSLIJO,O,O,X,X,X
ZTSLIOJ,X,X,X,X,X
ZTSLJIO,O,O,X,X,X
ZTSLJOI,X,O,X,X,X
ZTSLOIJ,O,X,X,X,X
ZTSLOJI,O,X,X,X,X
ZTSJILO,O,O,X,X,X
ZTSJIOL,X,X,X,X,X
ZTSJLIO,O,O,X,X,X
ZTSJLOI,X,O,X,X,X
ZTSJOIL,X,O,X,X,X
ZTSJOLI,X,O,X,X,X
ZTSOILJ,O,X,X,O,X
ZTSOIJL,O,X,X,O,X
ZTSOLIJ,O,X,X,X,X
ZTSOLJI,O,X,X,X,X
ZTSOJIL,O,X,X,X,X
ZTSOJLI,O,X,X,X,X
ZTOILJS,O,X,X,X,X
ZTOILSJ,O,X,X,X,X
ZTOIJLS,O,X,X,X,X
ZTOIJSL,O,X,X,X,X
ZTOISLJ,O,X,X,O,X
ZTOISJL,O,X,X,O,X
ZTOLIJS,O,X,X,X,X
ZTOLISJ,O,X,X,X,X
ZTOLJIS,O,X,X,X,X
ZTOLJSI,O,X,X,X,X
ZTOLSIJ,O,X,X,X,X
ZTOLSJI,O,X,X,X,X
ZTOJILS,O,X,X,X,X
ZTOJISL,O,X,X,X,X
ZTOJLIS,O,X,X,X,X
ZTOJLSI,O,X,X,X,X
ZTOJSIL,O,X,X,X,X
ZTOJSLI,O,X,X,X,X
ZTOSILJ,O,X,X,O,X
ZTOSIJL,O,X,X,O,X
ZTOSLIJ,O,X,X,X,X
ZTOSLJI,O,X,X,X,X
ZTOSJIL,O,X,X,X,X
ZTOSJLI,O,X,X,X,X
ZITLJSO,O,X,X,X,X
ZITLJOS,X,X,X,X,X
ZITLSJO,O,X,X,X,X
ZITLSOJ,X,X,X,X,X
ZITLOJS,X,X,X,X,X
ZITLOSJ,X,X,X,X,X
ZITJLSO,O,X,X,X,X
ZITJLOS,X,X,X,X,X
ZITJSLO,O,X,X,X,X
ZITJSOL,X,X,X,X,X
ZITJOLS,X,X,X,X,X
ZITJOSL,X,X,X,X,X
ZITSLJO,O,X,X,X,X
ZITSLOJ,X,X,X,X,X
ZITSJLO,O,X,X,X,X
ZITSJOL,X,X,X,X,X
ZITSOLJ,X,X,X,O,X
ZITSOJL,X,X,X,O,X
ZITOLJS,X,X,X,X,X
ZITOLSJ,X,X,X,X,X
ZITOJLS,X,X,X,X,X
ZITOJSL,X,X,X,X,X
ZITOSLJ,X,X,X,O,X
ZITOSJL,X,X,X,O,X
ZILTJSO,O,X,X,X,X
ZILTJOS,X,X,X,X,X
ZILTSJO,O,X,X,X,X
ZILTSOJ,X,X,X,X,X
ZILTOJS,X,X,X,X,X
ZILTOSJ,X,X,X,X,X
ZILJTSO,X,X,X,X,X
ZILJTOS,X,X,X,X,X
ZILJSTO,X,X,X,X,X
ZILJSOT,X,X,X,X,X
ZILJOTS,X,X,X,X,X
ZILJOST,X,X,X,X,X
ZILSTJO,O,X,X,X,X
ZILSTOJ,X,X,X,X,X
ZILSJTO,X,X,X,X,X
ZILSJOT,X,X,X,X,X
ZILSOTJ,O,X,X,X,X
ZILSOJT,O,X,X,X,X
ZILOTJS,O,X,X,X,X
ZILOTSJ,O,X,X,X,X
ZILOJTS,O,X,X,X,X
ZILOJST,O,X,X,X,X
ZILOSTJ,O,X,X,X,X
ZILOSJT,O,X,X,X,X
ZIJTLSO,X,X,X,X,X
ZIJTLOS,X,X,X,X,X
ZIJTSLO,X,X,X,X,X
ZIJTSOL,X,X,X,X,X
ZIJTOLS,X,X,X,X,X
ZIJTOSL,X,X,X,X,X
ZIJLTSO,X,X,X,X,X
ZIJLTOS,X,X,X,X,X
ZIJLSTO,X,X,X,X,X
ZIJLSOT,X,X,X,X,X
ZIJLOTS,X,X,X,X,X
ZIJLOST,X,X,X,X,X
ZIJSTLO,X,X,X,X,X
ZIJSTOL,X,X,X,X,X
ZIJSLTO,X,X,X,X,X
ZIJSLOT,X,X,X,X,X
ZIJSOTL,X,X,X,X,X
ZIJSOLT,X,X,X,X,X
ZIJOTLS,X,X,X,X,X
ZIJOTSL,X,X,X,X,X
ZIJOLTS,X,X,X,X,X
ZIJOLST,X,X,X,X,X
ZIJOSTL,X,X,X,X,X
ZIJOSLT,X,X,X,X,X
ZISTLJO,O,X,X,X,X
ZISTLOJ,X,X,X,X,X
ZISTJLO,O,X,X,X,X
ZISTJOL,X,X,X,X,X
ZISTOLJ,X,X,X,O,X
ZISTOJL,X,X,X,O,X
ZISLTJO,O,X,X,X,X
ZISLTOJ,X,X,X,X,X
ZISLJTO,X,X,X,X,X
ZISLJOT,X,X,X,X,X
ZISLOTJ,O,X,X,X,X
ZISLOJT,O,X,X,X,X
ZISJTLO,X,X,X,X,X
ZISJTOL,X,X,X,X,X
ZISJLTO,X,X,X,X,X
ZISJLOT,X,X,X,X,X
ZISJOTL,X,X,X,X,X
ZISJOLT,X,X,X,X,X
ZISOTLJ,O,X,X,O,X
ZISOTJL,O,X,X,O,X
ZISOLTJ,O,X,X,X,X
ZISOLJT,O,X,X,X,X
ZISOJTL,X,X,X,X,X
ZISOJLT,O,X,X,X,X
ZIOTLJS,O,X,X,X,X
ZIOTLSJ,O,X,X,X,X
ZIOTJLS,O,X,X,X,X
ZIOTJSL,O,X,X,X,X
ZIOTSLJ,O,X,X,O,X
ZIOTSJL,O,X,X,O,X
ZIOLTJS,O,X,X,X,X
ZIOLTSJ,O,X,X,X,X
ZIOLJTS,O,X,X,X,X
ZIOLJST,O,X,X,X,X
ZIOLSTJ,O,X,X,X,X
ZIOLSJT,O,X,X,X,X
ZIOJTLS,X,X,X,X,X
ZIOJTSL,X,X,X,X,X
ZIOJLTS,O,X,X,X,X
ZIOJLST,O,X,X,X,X
ZIOJSTL,X,X,X,X,X
ZIOJSLT,O,X,X,X,X
ZIOSTLJ,O,X,X,O,X
ZIOSTJL,O,X,X,O,X
ZIOSLTJ,O,X,X,X,X
ZIOSLJT,O,X,X,X,X
ZIOSJTL,X,X,X,X,X
ZIOSJLT,O,X,X,X,X
ZLTIJSO,O,X,X,X,X
ZLTIJOS,X,X,X,X,X
ZLTISJO,O,O,X,X,X
ZLTISOJ,X,X,X,X,X
ZLTIOJS,X,X,X,X,X
ZLTIOSJ,X,X,X,X,X
ZLTJISO,O,O,X,X,X
ZLTJIOS,X,X,X,X,X
ZLTJSIO,O,O,X,X,X
ZLTJSOI,X,O,X,X,X
ZLTJOIS,X,O,X,X,X
ZLTJOSI,X,O,X,X,X
ZLTSIJO,O,O,X,X,X
ZLTSIOJ,X,X,X,X,X
ZLTSJIO,O,O,X,X,X
ZLTSJOI,X,O,X,X,X
ZLTSOIJ,O,X,X,X,X
ZLTSOJI,O,X,X,X,X
ZLTOIJS,O,X,X,X,X
ZLTOISJ,O,X,X,X,X
ZLTOJIS,O,X,X,X,X
ZLTOJSI,O,X,X,X,X
ZLTOSIJ,O,X,X,X,X
ZLTOSJI,O,X,X,X,X
ZLITJSO,O,X,X,X,X
ZLITJOS,X,X,X,X,X
ZLITSJO,O,X,X,X,X
ZLITSOJ,X,X,X,X,X
ZLITOJS,X,X,X,X,X
ZLITOSJ,X,X,X,X,X
ZLIJTSO,X,X,X,X,X
ZLIJTOS,X,X,X,X,X
ZLIJSTO,X,X,X,X,X
ZLIJSOT,X,X,X,X,X
ZLIJOTS,X,X,X,X,X
ZLIJOST,X,X,X,X,X
ZLISTJO,O,X,X,X,X
ZLISTOJ,X,X,X,X,X
ZLISJTO,X,X,X,X,X
ZLISJOT,X,X,X,X,X
ZLISOTJ,O,X,X,X,X
ZLISOJT,O,X,X,X,X
ZLIOTJS,O,X,X,X,X
ZLIOTSJ,O,X,X,X,X
ZLIOJTS,O,X,X,X,X
ZLIOJST,O,X,X,X,X
ZLIOSTJ,O,X,X,X,X
ZLIOSJT,O,X,X,X,X
ZLJTISO,X,O,X,X,X
ZLJTIOS,X,X,X,X,X
ZLJTSIO,X,O,X,X,X
ZLJTSOI,X,O,X,X,X
ZLJTOIS,X,O,X,X,X
ZLJTOSI,X,O,X,X,X
ZLJITSO,X,X,X,X,X
ZLJITOS,X,X,X,X,X
ZLJISTO,X,X,X,X,X
ZLJISOT,X,X,X,X,X
ZLJIOTS,X,X,X,X,X
ZLJIOST,X,X,X,X,X
ZLJSTIO,X,O,X,X,X
ZLJSTOI,X,O,X,X,X
ZLJSITO,X,X,X,X,X
ZLJSIOT,X,X,X,X,X
ZLJSOTI,X,O,X,X,X
ZLJSOIT,X,O,X,X,X
ZLJOTIS,X,O,X,X,X
ZLJOTSI,X,O,X,X,X
ZLJOITS,X,O,X,X,X
ZLJOIST,X,O,X,X,X
ZLJOSTI,X,O,X,X,X
ZLJOSIT,X,O,X,X,X
ZLSTIJO,O,O,X,X,X
ZLSTIOJ,X,X,X,X,X
ZLSTJIO,O,O,X,X,X
ZLSTJOI,X,O,X,X,X
ZLSTOIJ,O,X,X,X,X
ZLSTOJI,O,X,X,X,X
ZLSITJO,O,X,X,X,X
ZLSITOJ,X,X,X,X,X
ZLSIJTO,X,X,X,X,X
ZLSIJOT,X,X,X,X,X
ZLSIOTJ,O,X,X,X,X
ZLSIOJT,O,X,X,X,X
ZLSJTIO,X,O,X,X,X
ZLSJTOI,X,O,X,X,X
ZLSJITO,X,X,X,X,X
ZLSJIOT,X,X,X,X,X
ZLSJOTI,X,O,X,X,X
ZLSJOIT,X,O,X,X,X
ZLSOTIJ,O,X,X,X,X
ZLSOTJI,O,X,X,X,X
ZLSOITJ,O,X,X,X,X
ZLSOIJT,O,X,X,X,X
ZLSOJTI,X,X,X,X,X
ZLSOJIT,O,X,X,X,X
ZLOTIJS,O,X,X,X,X
ZLOTISJ,O,X,X,X,X
ZLOTJIS,O,X,X,X,X
ZLOTJSI,O,X,X,X,X
ZLOTSIJ,O,X,X,X,X
ZLOTSJI,O,X,X,X,X
ZLOITJS,O,X,X,X,X
ZLOITSJ,O,X,X,X,X
ZLOIJTS,O,X,X,X,X
ZLOIJST,O,X,X,X,X
ZLOISTJ,O,X,X,X,X
ZLOISJT,O,X,X,X,X
ZLOJTIS,O,X,X,X,X
ZLOJTSI,O,X,X,X,X
ZLOJITS,O,X,X,X,X
ZLOJIST,O,X,X,X,X
ZLOJSTI,X,X,X,X,X
ZLOJSIT,O,X,X,X,X
ZLOSTIJ,O,X,X,X,X
ZLOSTJI,O,X,X,X,X
ZLOSITJ,O,X,X,X,X
ZLOSIJT,O,X,X,X,X
ZLOSJTI,X,X,X,X,X
ZLOSJIT,O,X,X,X,X
ZJTILSO,X,O,X,X,X
ZJTILOS,X,X,X,X,X
ZJTISLO,X,O,X,X,X
ZJTISOL,X,X,X,X,X
ZJTIOLS,X,X,X,X,X
ZJTIOSL,X,X,X,X,X
ZJTLISO,X,O,X,X,X
ZJTLIOS,X,X,X,X,X
ZJTLSIO,X,O,X,X,X
ZJTLSOI,X,O,X,X,X
ZJTLOIS,X,O,X,X,X
ZJTLOSI,X,O,X,X,X
ZJTSILO,X,O,X,X,X
ZJTSIOL,X,X,X,X,X
ZJTSLIO,X,O,X,X,X
ZJTSLOI,X,O,X,X,X
ZJTSOIL,X,O,X,X,X
ZJTSOLI,X,O,X,X,X
ZJTOILS,X,O,X,X,X
ZJTOISL,X,O,X,X,X
ZJTOLIS,X,O,X,X,X
ZJTOLSI,X,O,X,X,X
ZJTOSIL,X,O,X,X,X
ZJTOSLI,X,O,X,X,X
ZJITLSO,X,X,X,X,X
ZJITLOS,X,X,X,X,X
ZJITSLO,X,X,X,X,X
ZJITSOL,X,X,X,X,X
ZJITOLS,X,X,X,X,X
ZJITOSL,X,X,X,X,X
ZJILTSO,X,X,X,X,X
ZJILTOS,X,X,X,X,X
ZJILSTO,X,X,X,X,X
ZJILSOT,X,X,X,X,X
ZJILOTS,X,X,X,X,X
ZJILOST,X,X,X,X,X
ZJISTLO,X,X,X,X,X
ZJISTOL,X,X,X,X,X
ZJISLTO,X,X,X,X,X
ZJISLOT,X,X,X,X,X
ZJISOTL,X,X,X,X,X
ZJISOLT,X,X,X,X,X
ZJIOTLS,X,X,X,X,X
ZJIOTSL,X,X,X,X,X
ZJIOLTS,X,X,X,X,X
ZJIOLST,X,X,X,X,X
ZJIOSTL,X,X,X,X,X
ZJIOSLT,X,X,X,X,X
ZJLTISO,X,O,X,X,X
ZJLTIOS,X,X,X,X,X
ZJLTSIO,X,O,X,X,X
ZJLTSOI,X,O,X,X,X
ZJLTOIS,X,O,X,X,X
ZJLTOSI,X,O,X,X,X
ZJLITSO,X,X,X,X,X
ZJLITOS,X,X,X,X,X
ZJLISTO,X,X,X,X,X
ZJLISOT,X,X,X,X,X
ZJLIOTS,X,X,X,X,X
ZJLIOST,X,X,X,X,X
ZJLSTIO,X,O,X,X,X
ZJLSTOI,X,O,X,X,X
ZJLSITO,X,X,X,X,X
ZJLSIOT,X,X,X,X,X
ZJLSOTI,X,O,X,X,X
ZJLSOIT,X,O,X,X,X
ZJLOTIS,X,O,X,X,X
ZJLOTSI,X,O,X,X,X
ZJLOITS,X,O,X,X,X
ZJLOIST,X,O,X,X,X
ZJLOSTI,X,O,X,X,X
ZJLOSIT,X,O,X,X,X
ZJSTILO,X,O,X,X,X
ZJSTIOL,X,X,X,X,X
ZJSTLIO,X,O,X,X,X
ZJSTLOI,X,O,X,X,X
ZJSTOIL,X,O,X,X,X
ZJSTOLI,X,O,X,X,X
ZJSITLO,X,X,X,X,X
ZJSITOL,X,X,X,X,X
ZJSILTO,X,X,X,X,X
ZJSILOT,X,X,X,X,X
ZJSIOTL,X,X,X,X,X
ZJSIOLT,X,X,X,X,X
ZJSLTIO,X,O,X,X,X
ZJSLTOI,X,O,X,X,X
ZJSLITO,X,X,X,X,X
ZJSLIOT,X,X,X,X,X
ZJSLOTI,X,O,X,X,X
ZJSLOIT,X,O,X,X,X
ZJSOTIL,X,O,X,X,X
ZJSOTLI,X,O,X,X,X
ZJSOITL,X,X,X,X,X
ZJSOILT,X,O,X,X,X
ZJSOLTI,X,O,X,X,X
ZJSOLIT,X,O,X,X,X
ZJOTILS,X,O,X,X,X
ZJOTISL,X,O,X,X,X
ZJOTLIS,X,O,X,X,X
ZJOTLSI,X,O,X,X,X
ZJOTSIL,X,O,X,X,X
ZJOTSLI,X,O,X,X,X
ZJOITLS,X,X,X,X,X
ZJOITSL,X,X,X,X,X
ZJOILTS,X,O,X,X,X
ZJOILST,X,O,X,X,X
ZJOISTL,X,X,X,X,X
ZJOISLT,X,O,X,X,X
ZJOLTIS,X,O,X,X,X
ZJOLTSI,X,O,X,X,X
ZJOLITS,X,O,X,X,X
ZJOLIST,X,O,X,X,X
ZJOLSTI,X,O,X,X,X
ZJOLSIT,X,O,X,X,X
ZJOSTIL,X,O,X,X,X
ZJOSTLI,X,O,X,X,X
ZJOSITL,X,X,X,X,X
ZJOSILT,X,O,X,X,X
ZJOSLTI,X,O,X,X,X
ZJOSLIT,X,O,X,X,X
ZSTILJO,O,O,X,X,X
ZSTILOJ,X,X,X,X,X
ZSTIJLO,O,X,X,X,X
ZSTIJOL,X,X,X,X,X
ZSTIOLJ,X,X,X,O,X
ZSTIOJL,X,X,X,O,X
ZSTLIJO,O,O,X,X,X
ZSTLIOJ,X,X,X,X,X
ZSTLJIO,O,O,X,X,X
ZSTLJOI,X,O,X,X,X
ZSTLOIJ,O,X,X,X,X
ZSTLOJI,O,X,X,X,X
ZSTJILO,O,O,X,X,X
ZSTJIOL,X,X,X,X,X
ZSTJLIO,O,O,X,X,X
ZSTJLOI,X,O,X,X,X
ZSTJOIL,X,O,X,X,X
ZSTJOLI,X,O,X,X,X
ZSTOILJ,O,X,X,O,X
ZSTOIJL,O,X,X,O,X
ZSTOLIJ,O,X,X,X,X
ZSTOLJI,O,X,X,X,X
ZSTOJIL,O,X,X,X,X
ZSTOJLI,O,X,X,X,X
ZSITLJO,O,X,X,X,X
ZSITLOJ,X,X,X,X,X
ZSITJLO,O,X,X,X,X
ZSITJOL,X,X,X,X,X
ZSITOLJ,X,X,X,O,X
ZSITOJL,X,X,X,O,X
ZSILTJO,O,X,X,X,X
ZSILTOJ,X,X,X,X,X
ZSILJTO,X,X,X,X,X
ZSILJOT,X,X,X,X,X
ZSILOTJ,O,X,X,X,X
ZSILOJT,O,X,X,X,X
ZSIJTLO,X,X,X,X,X
ZSIJTOL,X,X,X,X,X
ZSIJLTO,X,X,X,X,X
ZSIJLOT,X,X,X,X,X
ZSIJOTL,X,X,X,X,X
ZSIJOLT,X,X,X,X,X
ZSIOTLJ,O,X,X,O,X
ZSIOTJL,O,X,X,O,X
ZSIOLTJ,O,X,X,X,X
ZSIOLJT,O,X,X,X,X
ZSIOJTL,X,X,X,X,X
ZSIOJLT,O,X,X,X,X
ZSLTIJO,O,O,X,X,X
ZSLTIOJ,X,X,X,X,X
ZSLTJIO,O,O,X,X,X
ZSLTJOI,X,O,X,X,X
ZSLTOIJ,O,X,X,X,X
ZSLTOJI,O,X,X,X,X
ZSLITJO,O,X,X,X,X
ZSLITOJ,X,X,X,X,X
ZSLIJTO,X,X,X,X,X
ZSLIJOT,X,X,X,X,X
ZSLIOTJ,O,X,X,X,X
ZSLIOJT,O,X,X,X,X
ZSLJTIO,X,O,X,X,X
ZSLJTOI,X,O,X,X,X
ZSLJITO,X,X,X,X,X
ZSLJIOT,X,X,X,X,X
ZSLJOTI,X,O,X,X,X
ZSLJOIT,X,O,X,X,X
ZSLOTIJ,O,X,X,X,X
ZSLOTJI,O,X,X,X,X
ZSLOITJ,O,X,X,X,X
ZSLOIJT,O,X,X,X,X
ZSLOJTI,X,X,X,X,X
ZSLOJIT,O,X,X,X,X
ZSJTILO,X,O,X,X,X
ZSJTIOL,X,X,X,X,X
ZSJTLIO,X,O,X,X,X
ZSJTLOI,X,O,X,X,X
ZSJTOIL,X,O,X,X,X
ZSJTOLI,X,O,X,X,X
ZSJITLO,X,X,X,X,X
ZSJITOL,X,X,X,X,X
ZSJILTO,X,X,X,X,X
ZSJILOT,X,X,X,X,X
ZSJIOTL,X,X,X,X,X
ZSJIOLT,X,X,X,X,X
ZSJLTIO,X,O,X,X,X
ZSJLTOI,X,O,X,X,X
ZSJLITO,X,X,X,X,X
ZSJLIOT,X,X,X,X,X
ZSJLOTI,X,O,X,X,X
ZSJLOIT,X,O,X,X,X
ZSJOTIL,X,O,X,X,X
ZSJOTLI,X,O,X,X,X
ZSJOITL,X,X,X,X,X
ZSJOILT,X,O,X,X,X
ZSJOLTI,X,O,X,X,X
ZSJOLIT,X,O,X,X,X
ZSOTILJ,O,X,X,O,X
ZSOTIJL,O,X,X,O,X
ZSOTLIJ,O,X,X,X,X
ZSOTLJI,O,X,X,X,X
ZSOTJIL,O,X,X,X,X
ZSOTJLI,O,X,X,X,X
ZSOITLJ,O,X,X,O,X
ZSOITJL,O,X,X,O,X
ZSOILTJ,O,X,X,X,X
ZSOILJT,O,X,X,X,X
ZSOIJTL,X,X,X,X,X
ZSOIJLT,O,X,X,X,X
ZSOLTIJ,O,X,X,X,X
ZSOLTJI,O,X,X,X,X
ZSOLITJ,O,X,X,X,X
ZSOLIJT,O,X,X,X,X
ZSOLJTI,X,X,X,X,X
ZSOLJIT,O,X,X,X,X
ZSOJTIL,X,X,X,X,X
ZSOJTLI,X,X,X,X,X
ZSOJITL,X,X,X,X,X
ZSOJILT,O,X,X,X,X
ZSOJLTI,X,X,X,X,X
ZSOJLIT,O,X,X,X,X
ZOTILJS,O,X,X,X,X
ZOTILSJ,O,X,X,X,X
ZOTIJLS,O,X,X,X,X
ZOTIJSL,O,X,X,X,X
ZOTISLJ,O,X,X,O,X
ZOTISJL,O,X,X,O,X
ZOTLIJS,O,X,X,X,X
ZOTLISJ,O,X,X,X,X
ZOTLJIS,O,X,X,X,X
ZOTLJSI,O,X,X,X,X
ZOTLSIJ,O,X,X,X,X
ZOTLSJI,O,X,X,X,X
ZOTJILS,O,X,X,X,X
ZOTJISL,O,X,X,X,X
ZOTJLIS,O,X,X,X,X
ZOTJLSI,O,X,X,X,X
ZOTJSIL,O,X,X,X,X
ZOTJSLI,O,X,X,X,X
ZOTSILJ,O,X,X,O,X
ZOTSIJL,O,X,X,O,X
ZOTSLIJ,O,X,X,X,X
ZOTSLJI,O,X,X,X,X
ZOTSJIL,O,X,X,X,X
ZOTSJLI,O,X,X,X,X
ZOITLJS,O,X,X,X,X
ZOITLSJ,O,X,X,X,X
ZOITJLS,O,X,X,X,X
ZOITJSL,O,X,X,X,X
ZOITSLJ,O,X,X,O,X
ZOITSJL,O,X,X,O,X
ZOILTJS,O,X,X,X,X
ZOILTSJ,O,X,X,X,X
ZOILJTS,O,X,X,X,X
ZOILJST,O,X,X,X,X
ZOILSTJ,O,X,X,X,X
ZOILSJT,O,X,X,X,X
ZOIJTLS,X,X,X,X,X
ZOIJTSL,X,X,X,X,X
ZOIJLTS,O,X,X,X,X
ZOIJLST,O,X,X,X,X
ZOIJSTL,X,X,X,X,X
ZOIJSLT,O,X,X,X,X
ZOISTLJ,O,X,X,O,X
ZOISTJL,O,X,X,O,X
ZOISLTJ,O,X,X,X,X
ZOISLJT,O,X,X,X,X
ZOISJTL,X,X,X,X,X
ZOISJLT,O,X,X,X,X
ZOLTIJS,O,X,X,X,X
ZOLTISJ,O,X,X,X,X
ZOLTJIS,O,X,X,X,X
ZOLTJSI,O,X,X,X,X
ZOLTSIJ,O,X,X,X,X
ZOLTSJI,O,X,X,X,X
ZOLITJS,O,X,X,X,X
ZOLITSJ,O,X,X,X,X
ZOLIJTS,O,X,X,X,X
ZOLIJST,O,X,X,X,X
ZOLISTJ,O,X,X,X,X
ZOLISJT,O,X,X,X,X
ZOLJTIS,O,X,X,X,X
ZOLJTSI,O,X,X,X,X
ZOLJITS,O,X,X,X,X
ZOLJIST,O,X,X,X,X
ZOLJSTI,X,X,X,X,X
ZOLJSIT,O,X,X,X,X
ZOLSTIJ,O,X,X,X,X
ZOLSTJI,O,X,X,X,X
ZOLSITJ,O,X,X,X,X
ZOLSIJT,O,X,X,X,X
ZOLSJTI,X,X,X,X,X
ZOLSJIT,O,X,X,X,X
ZOJTILS,X,X,X,X,X
ZOJTISL,X,X,X,X,X
ZOJTLIS,X,X,X,X,X
ZOJTLSI,X,X,X,X,X
ZOJTSIL,X,X,X,X,X
ZOJTSLI,X,X,X,X,X
ZOJITLS,X,X,X,X,X
ZOJITSL,X,X,X,X,X
ZOJILTS,O,X,X,X,X
ZOJILST,O,X,X,X,X
ZOJISTL,X,X,X,X,X
ZOJISLT,O,X,X,X,X
ZOJLTIS,O,X,X,X,X
ZOJLTSI,O,X,X,X,X
ZOJLITS,O,X,X,X,X
ZOJLIST,O,X,X,X,X
ZOJLSTI,X,X,X,X,X
ZOJLSIT,O,X,X,X,X
ZOJSTIL,X,X,X,X,X
ZOJSTLI,X,X,X,X,X
ZOJSITL,X,X,X,X,X
ZOJSILT,O,X,X,X,X
ZOJSLTI,X,X,X,X,X
ZOJSLIT,O,X,X,X,X
ZOSTILJ,O,X,X,O,X
ZOSTIJL,O,X,X,O,X
ZOSTLIJ,O,X,X,X,X
ZOSTLJI,O,X,X,X,X
ZOSTJIL,O,X,X,X,X
ZOSTJLI,O,X,X,X,X
ZOSITLJ,O,X,X,O,X
ZOSITJL,O,X,X,O,X
ZOSILTJ,O,X,X,X,X
ZOSILJT,O,X,X,X,X
ZOSIJTL,X,X,X,X,X
ZOSIJLT,O,X,X,X,X
ZOSLTIJ,O,X,X,X,X
ZOSLTJI,O,X,X,X,X
ZOSLITJ,O,X,X,X,X
ZOSLIJT,O,X,X,X,X
ZOSLJTI,X,X,X,X,X
ZOSLJIT,O,X,X,X,X
ZOSJTIL,X,X,X,X,X
ZOSJTLI,X,X,X,X,X
ZOSJITL,X,X,X,X,X
ZOSJILT,O,X,X,X,X
ZOSJLTI,X,X,X,X,X
ZOSJLIT,O,X,X,X,X
OTILJSZ,X,X,X,X,X
OTILJZS,X,X,X,X,X
OTILSJZ,X,X,X,X,X
OTILSZJ,X,X,X,X,X
OTILZJS,X,X,X,X,X
OTILZSJ,X,X,X,X,X
OTIJLSZ,X,X,X,X,X
OTIJLZS,X,X,X,X,X
OTIJSLZ,X,X,X,X,X
OTIJSZL,O,X,X,X,X
OTIJZLS,O,X,X,X,X
OTIJZSL,O,X,X,X,X
OTISLJZ,X,X,X,X,X
OTISLZJ,X,X,X,X,X
OTISJLZ,X,X,X,X,X
OTISJZL,O,X,X,X,X
OTISZLJ,O,X,X,X,X
OTISZJL,O,X,X,X,X
OTIZLJS,O,X,X,X,X
OTIZLSJ,O,X,X,X,X
OTIZJLS,O,X,X,X,X
OTIZJSL,O,X,X,X,X
OTIZSLJ,O,X,X,X,X
OTIZSJL,O,X,X,X,X
OTLIJSZ,X,X,X,X,X
OTLIJZS,X,X,X,X,X
OTLISJZ,X,X,X,X,X
OTLISZJ,X,X,X,X,X
OTLIZJS,X,X,X,X,X
OTLIZSJ,X,X,X,X,X
OTLJISZ,X,X,X,X,X
OTLJIZS,X,X,X,X,X
OTLJSIZ,X,X,X,X,X
OTLJSZI,X,X,X,X,X
OTLJZIS,X,X,X,X,X
OTLJZSI,X,X,X,X,X
OTLSIJZ,X,X,X,X,X
OTLSIZJ,X,X,X,X,X
OTLSJIZ,X,X,X,X,X
OTLSJZI,X,X,X,X,X
OTLSZIJ,X,X,X,X,X
OTLSZJI,X,X,X,X,X
OTLZIJS,X,X,X,X,X
OTLZISJ,X,X,X,X,X
OTLZJIS,X,X,X,X,X
OTLZJSI,X,X,X,X,X
OTLZSIJ,X,X,X,X,X
OTLZSJI,X,X,X,X,X
OTJILSZ,X,X,X,X,X
OTJILZS,X,X,X,X,X
OTJISLZ,X,X,X,X,X
OTJISZL,O,X,X,X,X
OTJIZLS,O,X,X,X,X
OTJIZSL,O,X,X,X,X
OTJLISZ,X,X,X,X,X
OTJLIZS,X,X,X,X,X
OTJLSIZ,X,X,X,X,X
OTJLSZI,X,X,X,X,X
OTJLZIS,X,X,X,X,X
OTJLZSI,X,X,X,X,X
OTJSILZ,X,X,X,X,X
OTJSIZL,O,X,X,X,X
OTJSLIZ,X,X,X,X,X
OTJSLZI,X,X,X,X,X
OTJSZIL,O,X,X,X,X
OTJSZLI,O,X,X,X,X
OTJZILS,O,X,X,X,X
OTJZISL,O,X,X,X,X
OTJZLIS,O,X,X,X,X
OTJZLSI,O,X,X,X,X
OTJZSIL,O,X,X,X,X
OTJZSLI,O,X,X,X,X
OTSILJZ,X,X,X,X,X
OTSILZJ,X,X,X,X,X
OTSIJLZ,X,X,X,X,X
OTSIJZL,O,X,X,X,X
OTSIZLJ,O,X,X,X,X
OTSIZJL,O,X,X,X,X
OTSLIJZ,X,X,X,X,X
OTSLIZJ,X,X,X,X,X
OTSLJIZ,X,X,X,X,X
OTSLJZI,X,X,X,X,X
OTSLZIJ,X,X,X,X,X
OTSLZJI,X,X,X,X,X
OTSJILZ,X,X,X,X,X
OTSJIZL,O,X,X,X,X
OTSJLIZ,X,X,X,X,X
OTSJLZI,X,X,X,X,X
OTSJZIL,O,X,X,X,X
OTSJZLI,O,X,X,X,X
OTSZILJ,O,X,X,O,X
OTSZIJL,O,X,X,O,X
OTSZLIJ,O,X,X,X,X
OTSZLJI,O,X,X,X,X
OTSZJIL,O,X,X,X,X
OTSZJLI,O,X,X,X,X
OTZILJS,O,X,X,X,X
OTZILSJ,O,X,X,X,X
OTZIJLS,O,X,X,X,X
OTZIJSL,O,X,X,X,X
OTZISLJ,O,X,X,O,X
OTZISJL,O,X,X,O,X
OTZLIJS,O,X,X,X,X
OTZLISJ,O,X,X,X,X
OTZLJIS,O,X,X,X,X
OTZLJSI,O,X,X,X,X
OTZLSIJ,O,X,X,X,X
OTZLSJI,O,X,X,X,X
OTZJILS,O,X,X,X,X
OTZJISL,O,X,X,X,X
OTZJLIS,O,X,X,X,X
OTZJLSI,O,X,X,X,X
OTZJSIL,O,X,X,X,X
OTZJSLI,O,X,X,X,X
OTZSILJ,O,X,X,O,X
OTZSIJL,O,X,X,O,X
OTZSLIJ,O,X,X,X,X
OTZSLJI,O,X,X,X,X
OTZSJIL,O,X,X,X,X
OTZSJLI,O,X,X,X,X
OITLJSZ,X,X,X,X,X
OITLJZS,X,X,X,X,X
OITLSJZ,X,X,X,X,X
OITLSZJ,X,X,X,X,X
OITLZJS,X,X,X,X,X
OITLZSJ,X,X,X,X,X
OITJLSZ,X,X,X,X,X
OITJLZS,X,X,X,X,X
OITJSLZ,X,X,X,X,X
OITJSZL,O,X,X,X,X
OITJZLS,O,X,X,X,X
OITJZSL,O,X,X,X,X
OITSLJZ,X,X,X,X,X
OITSLZJ,X,X,X,X,X
OITSJLZ,X,X,X,X,X
OITSJZL,O,X,X,X,X
OITSZLJ,O,X,X,X,X
OITSZJL,O,X,X,X,X
OITZLJS,O,X,X,X,X
OITZLSJ,O,X,X,X,X
OITZJLS,O,X,X,X,X
OITZJSL,O,X,X,X,X
OITZSLJ,O,X,X,X,X
OITZSJL,O,X,X,X,X
OILTJSZ,X,X,X,X,X
OILTJZS,X,X,X,X,X
OILTSJZ,X,X,X,X,X
OILTSZJ,X,X,X,X,X
OILTZJS,X,X,X,X,X
OILTZSJ,X,X,X,X,X
OILJTSZ,X,X,X,X,X
OILJTZS,X,X,X,X,X
OILJSTZ,X,X,X,X,X
OILJSZT,X,X,X,X,X
OILJZTS,X,X,X,X,X
OILJZST,X,X,X,X,X
OILSTJZ,X,X,X,X,X
OILSTZJ,X,X,X,X,X
OILSJTZ,X,X,X,X,X
OILSJZT,X,X,X,X,X
OILSZTJ,X,X,X,X,X
OILSZJT,X,X,X,X,X
OILZTJS,X,X,X,X,X
OILZTSJ,X,X,X,X,X
OILZJTS,X,X,X,X,X
OILZJST,X,X,X,X,X
OILZSTJ,X,X,X,X,X
OILZSJT,X,X,X,X,X
OIJTLSZ,X,X,X,X,X
OIJTLZS,X,X,X,X,X
OIJTSLZ,X,X,X,X,X
OIJTSZL,X,X,X,X,X
OIJTZLS,X,X,X,X,X
OIJTZSL,X,X,X,X,X
OIJLTSZ,X,X,X,X,X
OIJLTZS,X,X,X,X,X
OIJLSTZ,X,X,X,X,X
OIJLSZT,X,X,X,X,X
OIJLZTS,X,X,X,X,X
OIJLZST,X,X,X,X,X
OIJSTLZ,X,X,X,X,X
OIJSTZL,X,X,X,X,X
OIJSLTZ,X,X,X,X,X
OIJSLZT,X,X,X,X,X
OIJSZTL,X,X,X,X,X
OIJSZLT,O,X,X,X,X
OIJZTLS,X,X,X,X,X
OIJZTSL,X,X,X,X,X
OIJZLTS,O,X,X,X,X
OIJZLST,O,X,X,X,X
OIJZSTL,X,X,X,X,X
OIJZSLT,O,X,X,X,X
OISTLJZ,X,X,X,X,X
OISTLZJ,X,X,X,X,X
OISTJLZ,X,X,X,X,X
OISTJZL,O,X,X,X,X
OISTZLJ,O,X,X,X,X
OISTZJL,O,X,X,X,X
OISLTJZ,X,X,X,X,X
OISLTZJ,X,X,X,X,X
OISLJTZ,X,X,X,X,X
OISLJZT,X,X,X,X,X
OISLZTJ,X,X,X,X,X
OISLZJT,X,X,X,X,X
OISJTLZ,X,X,X,X,X
OISJTZL,X,X,X,X,X
OISJLTZ,X,X,X,X,X
OISJLZT,X,X,X,X,X
OISJZTL,X,X,X,X,X
OISJZLT,O,X,X,X,X
OISZTLJ,O,X,X,O,X
OISZTJL,O,X,X,O,X
OISZLTJ,O,X,X,X,X
OISZLJT,O,X,X,X,X
OISZJTL,X,X,X,X,X
OISZJLT,O,X,X,X,X
OIZTLJS,O,X,X,X,X
OIZTLSJ,O,X,X,X,X
OIZTJLS,O,X,X,X,X
OIZTJSL,O,X,X,X,X
OIZTSLJ,O,X,X,O,X
OIZTSJL,O,X,X,O,X
OIZLTJS,O,X,X,X,X
OIZLTSJ,O,X,X,X,X
OIZLJTS,O,X,X,X,X
OIZLJST,O,X,X,X,X
OIZLSTJ,O,X,X,X,X
OIZLSJT,O,X,X,X,X
OIZJTLS,X,X,X,X,X
OIZJTSL,X,X,X,X,X
OIZJLTS,O,X,X,X,X
OIZJLST,O,X,X,X,X
OIZJSTL,X,X,X,X,X
OIZJSLT,O,X,X,X,X
OIZSTLJ,O,X,X,O,X
OIZSTJL,O,X,X,O,X
OIZSLTJ,O,X,X,X,X
OIZSLJT,O,X,X,X,X
OIZSJTL,X,X,X,X,X
OIZSJLT,O,X,X,X,X
OLTIJSZ,X,X,X,X,X
OLTIJZS,X,X,X,X,X
OLTISJZ,X,X,X,X,X
OLTISZJ,X,X,X,X,X
OLTIZJS,X,X,X,X,X
OLTIZSJ,X,X,X,X,X
OLTJISZ,X,X,X,X,X
OLTJIZS,X,X,X,X,X
OLTJSIZ,X,X,X,X,X
OLTJSZI,X,X,X,X,X
OLTJZIS,X,X,X,X,X
OLTJZSI,X,X,X,X,X
OLTSIJZ,X,X,X,X,X
OLTSIZJ,X,X,X,X,X
OLTSJIZ,X,X,X,X,X
OLTSJZI,X,X,X,X,X
OLTSZIJ,X,X,X,X,X
OLTSZJI,X,X,X,X,X
OLTZIJS,X,X,X,X,X
OLTZISJ,X,X,X,X,X
OLTZJIS,X,X,X,X,X
OLTZJSI,X,X,X,X,X
OLTZSIJ,X,X,X,X,X
OLTZSJI,X,X,X,X,X
OLITJSZ,X,X,X,X,X
OLITJZS,X,X,X,X,X
OLITSJZ,X,X,X,X,X
OLITSZJ,X,X,X,X,X
OLITZJS,X,X,X,X,X
OLITZSJ,X,X,X,X,X
OLIJTSZ,X,X,X,X,X
OLIJTZS,X,X,X,X,X
OLIJSTZ,X,X,X,X,X
OLIJSZT,X,X,X,X,X
OLIJZTS,X,X,X,X,X
OLIJZST,X,X,X,X,X
OLISTJZ,X,X,X,X,X
OLISTZJ,X,X,X,X,X
OLISJTZ,X,X,X,X,X
OLISJZT,X,X,X,X,X
OLISZTJ,X,X,X,X,X
OLISZJT,X,X,X,X,X
OLIZTJS,X,X,X,X,X
OLIZTSJ,X,X,X,X,X
OLIZJTS,X,X,X,X,X
OLIZJST,X,X,X,X,X
OLIZSTJ,X,X,X,X,X
OLIZSJT,X,X,X,X,X
OLJTISZ,X,X,X,X,X
OLJTIZS,X,X,X,X,X
OLJTSIZ,X,X,X,X,X
OLJTSZI,X,X,X,X,X
OLJTZIS,X,X,X,X,X
OLJTZSI,X,X,X,X,X
OLJITSZ,X,X,X,X,X
OLJITZS,X,X,X,X,X
OLJISTZ,X,X,X,X,X
OLJISZT,X,X,X,X,X
OLJIZTS,X,X,X,X,X
OLJIZST,X,X,X,X,X
OLJSTIZ,X,X,X,X,X
OLJSTZI,X,X,X,X,X
OLJSITZ,X,X,X,X,X
OLJSIZT,X,X,X,X,X
OLJSZTI,X,X,X,X,X
OLJSZIT,X,X,X,X,X
OLJZTIS,X,X,X,X,X
OLJZTSI,X,X,X,X,X
OLJZITS,X,X,X,X,X
OLJZIST,X,X,X,X,X
OLJZSTI,X,X,X,X,X
OLJZSIT,X,X,X,X,X
OLSTIJZ,X,X,X,X,X
OLSTIZJ,X,X,X,X,X
OLSTJIZ,X,X,X,X,X
OLSTJZI,X,X,X,X,X
OLSTZIJ,X,X,X,X,X
OLSTZJI,X,X,X,X,X
OLSITJZ,X,X,X,X,X
OLSITZJ,X,X,X,X,X
OLSIJTZ,X,X,X,X,X
OLSIJZT,X,X,X,X,X
OLSIZTJ,X,X,X,X,X
OLSIZJT,X,X,X,X,X
OLSJTIZ,X,X,X,X,X
OLSJTZI,X,X,X,X,X
OLSJITZ,X,X,X,X,X
OLSJIZT,X,X,X,X,X
OLSJZTI,X,X,X,X,X
OLSJZIT,X,X,X,X,X
OLSZTIJ,X,X,X,X,X
OLSZTJI,X,X,X,X,X
OLSZITJ,X,X,X,X,X
OLSZIJT,X,X,X,X,X
OLSZJTI,X,X,X,X,X
OLSZJIT,X,X,X,X,X
OLZTIJS,X,X,X,X,X
OLZTISJ,X,X,X,X,X
OLZTJIS,X,X,X,X,X
OLZTJSI,X,X,X,X,X
OLZTSIJ,X,X,X,X,X
OLZTSJI,X,X,X,X,X
OLZITJS,X,X,X,X,X
OLZITSJ,X,X,X,X,X
OLZIJTS,X,X,X,X,X
OLZIJST,X,X,X,X,X
OLZISTJ,X,X,X,X,X
OLZISJT,X,X,X,X,X
OLZJTIS,X,X,X,X,X
OLZJTSI,X,X,X,X,X
OLZJITS,X,X,X,X,X
OLZJIST,X,X,X,X,X
OLZJSTI,X,X,X,X,X
OLZJSIT,X,X,X,X,X
OLZSTIJ,X,X,X,X,X
OLZSTJI,X,X,X,X,X
OLZSITJ,X,X,X,X,X
OLZSIJT,X,X,X,X,X
OLZSJTI,X,X,X,X,X
OLZSJIT,X,X,X,X,X
OJTILSZ,X,X,X,X,X
OJTILZS,X,X,X,X,X
OJTISLZ,X,X,X,X,X
OJTISZL,X,X,X,X,X
OJTIZLS,X,X,X,X,X
OJTIZSL,X,X,X,X,X
OJTLISZ,X,X,X,X,X
OJTLIZS,X,X,X,X,X
OJTLSIZ,X,X,X,X,X
OJTLSZI,X,X,X,X,X
OJTLZIS,X,X,X,X,X
OJTLZSI,X,X,X,X,X
OJTSILZ,X,X,X,X,X
OJTSIZL,X,X,X,X,X
OJTSLIZ,X,X,X,X,X
OJTSLZI,X,X,X,X,X
OJTSZIL,X,X,X,X,X
OJTSZLI,X,X,X,X,X
OJTZILS,X,X,X,X,X
OJTZISL,X,X,X,X,X
OJTZLIS,X,X,X,X,X
OJTZLSI,X,X,X,X,X
OJTZSIL,X,X,X,X,X
OJTZSLI,X,X,X,X,X
OJITLSZ,X,X,X,X,X
OJITLZS,X,X,X,X,X
OJITSLZ,X,X,X,X,X
OJITSZL,X,X,X,X,X
OJITZLS,X,X,X,X,X
OJITZSL,X,X,X,X,X
OJILTSZ,X,X,X,X,X
OJILTZS,X,X,X,X,X
OJILSTZ,X,X,X,X,X
OJILSZT,X,X,X,X,X
OJILZTS,X,X,X,X,X
OJILZST,X,X,X,X,X
OJISTLZ,X,X,X,X,X
OJISTZL,X,X,X,X,X
OJISLTZ,X,X,X,X,X
OJISLZT,X,X,X,X,X
OJISZTL,X,X,X,X,X
OJISZLT,O,X,X,X,X
OJIZTLS,X,X,X,X,X
OJIZTSL,X,X,X,X,X
OJIZLTS,O,X,X,X,X
OJIZLST,O,X,X,X,X
OJIZSTL,X,X,X,X,X
OJIZSLT,O,X,X,X,X
OJLTISZ,X,X,X,X,X
OJLTIZS,X,X,X,X,X
OJLTSIZ,X,X,X,X,X
OJLTSZI,X,X,X,X,X
OJLTZIS,X,X,X,X,X
OJLTZSI,X,X,X,X,X
OJLITSZ,X,X,X,X,X
OJLITZS,X,X,X,X,X
OJLISTZ,X,X,X,X,X
OJLISZT,X,X,X,X,X
OJLIZTS,X,X,X,X,X
OJLIZST,X,X,X,X,X
OJLSTIZ,X,X,X,X,X
OJLSTZI,X,X,X,X,X
OJLSITZ,X,X,X,X,X
OJLSIZT,X,X,X,X,X
OJLSZTI,X,X,X,X,X
OJLSZIT,X,X,X,X,X
OJLZTIS,X,X,X,X,X
OJLZTSI,X,X,X,X,X
OJLZITS,X,X,X,X,X
OJLZIST,X,X,X,X,X
OJLZSTI,X,X,X,X,X
OJLZSIT,X,X,X,X,X
OJSTILZ,X,X,X,X,X
OJSTIZL,X,X,X,X,X
OJSTLIZ,X,X,X,X,X
OJSTLZI,X,X,X,X,X
OJSTZIL,X,X,X,X,X
OJSTZLI,X,X,X,X,X
OJSITLZ,X,X,X,X,X
OJSITZL,X,X,X,X,X
OJSILTZ,X,X,X,X,X
OJSILZT,X,X,X,X,X
OJSIZTL,X,X,X,X,X
OJSIZLT,O,X,X,X,X
OJSLTIZ,X,X,X,X,X
OJSLTZI,X,X,X,X,X
OJSLITZ,X,X,X,X,X
OJSLIZT,X,X,X,X,X
OJSLZTI,X,X,X,X,X
OJSLZIT,X,X,X,X,X
OJSZTIL,X,X,X,X,O
OJSZTLI,X,X,X,X,O
OJSZITL,X,X,X,X,X
OJSZILT,O,X,X,X,X
OJSZLTI,X,X,X,X,X
OJSZLIT,O,X,X,X,X
OJZTILS,X,X,X,X,X
OJZTISL,X,X,X,X,O
OJZTLIS,X,X,X,X,X
OJZTLSI,X,X,X,X,X
OJZTSIL,X,X,X,X,O
OJZTSLI,X,X,X,X,O
OJZITLS,X,X,X,X,X
OJZITSL,X,X,X,X,X
OJZILTS,O,X,X,X,X
OJZILST,O,X,X,X,X
OJZISTL,X,X,X,X,X
OJZISLT,O,X,X,X,X
OJZLTIS,O,X,X,X,X
OJZLTSI,O,X,X,X,X
OJZLITS,O,X,X,X,X
OJZLIST,O,X,X,X,X
OJZLSTI,X,X,X,X,X
OJZLSIT,O,X,X,X,X
OJZSTIL,X,X,X,X,O
OJZSTLI,X,X,X,X,O
OJZSITL,X,X,X,X,X
OJZSILT,O,X,X,X,X
OJZSLTI,X,X,X,X,X
OJZSLIT,O,X,X,X,X
OSTILJZ,X,X,X,X,X
OSTILZJ,X,X,X,X,X
OSTIJLZ,X,X,X,X,X
OSTIJZL,O,X,X,X,X
OSTIZLJ,O,X,X,X,X
OSTIZJL,O,X,X,X,X
OSTLIJZ,X,X,X,X,X
OSTLIZJ,X,X,X,X,X
OSTLJIZ,X,X,X,X,X
OSTLJZI,X,X,X,X,X
OSTLZIJ,X,X,X,X,X
OSTLZJI,X,X,X,X,X
OSTJILZ,X,X,X,X,X
OSTJIZL,O,X,X,X,X
OSTJLIZ,X,X,X,X,X
OSTJLZI,X,X,X,X,X
OSTJZIL,O,X,X,X,X
OSTJZLI,O,X,X,X,X
OSTZILJ,O,X,X,O,X
OSTZIJL,O,X,X,O,X
OSTZLIJ,O,X,X,X,X
OSTZLJI,O,X,X,X,X
OSTZJIL,O,X,X,X,X
OSTZJLI,O,X,X,X,X
OSITLJZ,X,X,X,X,X
OSITLZJ,X,X,X,X,X
OSITJLZ,X,X,X,X,X
OSITJZL,O,X,X,X,X
OSITZLJ,O,X,X,X,X
OSITZJL,O,X,X,X,X
OSILTJZ,X,X,X,X,X
OSILTZJ,X,X,X,X,X
OSILJTZ,X,X,X,X,X
OSILJZT,X,X,X,X,X
OSILZTJ,X,X,X,X,X
OSILZJT,X,X,X,X,X
OSIJTLZ,X,X,X,X,X
OSIJTZL,X,X,X,X,X
OSIJLTZ,X,X,X,X,X
OSIJLZT,X,X,X,X,X
OSIJZTL,X,X,X,X,X
OSIJZLT,O,X,X,X,X
OSIZTLJ,O,X,X,O,X
OSIZTJL,O,X,X,O,X
OSIZLTJ,O,X,X,X,X
OSIZLJT,O,X,X,X,X
OSIZJTL,X,X,X,X,X
OSIZJLT,O,X,X,X,X
OSLTIJZ,X,X,X,X,X
OSLTIZJ,X,X,X,X,X
OSLTJIZ,X,X,X,X,X
OSLTJZI,X,X,X,X,X
OSLTZIJ,X,X,X,X,X
OSLTZJI,X,X,X,X,X
OSLITJZ,X,X,X,X,X
OSLITZJ,X,X,X,X,X
OSLIJTZ,X,X,X,X,X
OSLIJZT,X,X,X,X,X
OSLIZTJ,X,X,X,X,X
OSLIZJT,X,X,X,X,X
OSLJTIZ,X,X,X,X,X
OSLJTZI,X,X,X,X,X
OSLJITZ,X,X,X,X,X
OSLJIZT,X,X,X,X,X
OSLJZTI,X,X,X,X,X
OSLJZIT,X,X,X,X,X
OSLZTIJ,X,X,X,X,X
OSLZTJI,X,X,X,X,X
OSLZITJ,X,X,X,X,X
OSLZIJT,X,X,X,X,X
OSLZJTI,X,X,X,X,X
OSLZJIT,X,X,X,X,X
OSJTILZ,X,X,X,X,X
OSJTIZL,X,X,X,X,X
OSJTLIZ,X,X,X,X,X
OSJTLZI,X,X,X,X,X
OSJTZIL,X,X,X,X,X
OSJTZLI,X,X,X,X,X
OSJITLZ,X,X,X,X,X
OSJITZL,X,X,X,X,X
OSJILTZ,X,X,X,X,X
OSJILZT,X,X,X,X,X
OSJIZTL,X,X,X,X,X
OSJIZLT,O,X,X,X,X
OSJLTIZ,X,X,X,X,X
OSJLTZI,X,X,X,X,X
OSJLITZ,X,X,X,X,X
OSJLIZT,X,X,X,X,X
OSJLZTI,X,X,X,X,X
OSJLZIT,X,X,X,X,X
OSJZTIL,X,X,X,X,O
OSJZTLI,X,X,X,X,O
OSJZITL,X,X,X,X,X
OSJZILT,O,X,X,X,X
OSJZLTI,X,X,X,X,X
OSJZLIT,O,X,X,X,X
OSZTILJ,O,X,X,O,X
OSZTIJL,O,X,X,O,X
OSZTLIJ,O,X,X,X,X
OSZTLJI,O,X,X,X,X
OSZTJIL,O,X,X,X,X
OSZTJLI,O,X,X,X,X
OSZITLJ,O,X,X,O,X
OSZITJL,O,X,X,O,X
OSZILTJ,O,X,X,X,X
OSZILJT,O,X,X,X,X
OSZIJTL,X,X,X,X,X
OSZIJLT,O,X,X,X,X
OSZLTIJ,O,X,X,X,X
OSZLTJI,O,X,X,X,X
OSZLITJ,O,X,X,X,X
OSZLIJT,O,X,X,X,X
OSZLJTI,X,X,X,X,X
OSZLJIT,O,X,X,X,X
OSZJTIL,X,X,X,X,X
OSZJTLI,X,X,X,X,X
OSZJITL,X,X,X,X,X
OSZJILT,O,X,X,X,X
OSZJLTI,X,X,X,X,X
OSZJLIT,O,X,X,X,X
OZTILJS,O,X,X,X,X
OZTILSJ,O,X,X,X,X
OZTIJLS,O,X,X,X,X
OZTIJSL,O,X,X,X,X
OZTISLJ,O,X,X,O,X
OZTISJL,O,X,X,O,X
OZTLIJS,O,X,X,X,X
OZTLISJ,O,X,X,X,X
OZTLJIS,O,X,X,X,X
OZTLJSI,O,X,X,X,X
OZTLSIJ,O,X,X,X,X
OZTLSJI,O,X,X,X,X
OZTJILS,O,X,X,X,X
OZTJISL,O,X,X,X,X
OZTJLIS,O,X,X,X,X
OZTJLSI,O,X,X,X,X
OZTJSIL,O,X,X,X,X
OZTJSLI,O,X,X,X,X
OZTSILJ,O,X,X,O,X
OZTSIJL,O,X,X,O,X
OZTSLIJ,O,X,X,X,X
OZTSLJI,O,X,X,X,X
OZTSJIL,O,X,X,X,X
OZTSJLI,O,X,X,X,X
OZITLJS,O,X,X,X,X
OZITLSJ,O,X,X,X,X
OZITJLS,O,X,X,X,X
OZITJSL,O,X,X,X,X
OZITSLJ,O,X,X,O,X
OZITSJL,O,X,X,O,X
OZILTJS,O,X,X,X,X
OZILTSJ,O,X,X,X,X
OZILJTS,O,X,X,X,X
OZILJST,O,X,X,X,X
OZILSTJ,O,X,X,X,X
OZILSJT,O,X,X,X,X
OZIJTLS,X,X,X,X,X
OZIJTSL,X,X,X,X,X
OZIJLTS,O,X,X,X,X
OZIJLST,O,X,X,X,X
OZIJSTL,X,X,X,X,X
OZIJSLT,O,X,X,X,X
OZISTLJ,O,X,X,O,X
OZISTJL,O,X,X,O,X
OZISLTJ,O,X,X,X,X
OZISLJT,O,X,X,X,X
OZISJTL,X,X,X,X,X
OZISJLT,O,X,X,X,X
OZLTIJS,O,X,X,X,X
OZLTISJ,O,X,X,X,X
OZLTJIS,O,X,X,X,X
OZLTJSI,O,X,X,X,X
OZLTSIJ,O,X,X,X,X
OZLTSJI,O,X,X,X,X
OZLITJS,O,X,X,X,X
OZLITSJ,O,X,X,X,X
OZLIJTS,O,X,X,X,X
OZLIJST,O,X,X,X,X
OZLISTJ,O,X,X,X,X
OZLISJT,O,X,X,X,X
OZLJTIS,O,X,X,X,X
OZLJTSI,O,X,X,X,X
OZLJITS,O,X,X,X,X
OZLJIST,O,X,X,X,X
OZLJSTI,X,X,X,X,X
OZLJSIT,O,X,X,X,X
OZLSTIJ,O,X,X,X,X
OZLSTJI,O,X,X,X,X
OZLSITJ,O,X,X,X,X
OZLSIJT,O,X,X,X,X
OZLSJTI,X,X,X,X,X
OZLSJIT,O,X,X,X,X
OZJTILS,X,X,X,X,X
OZJTISL,X,X,X,X,X
OZJTLIS,X,X,X,X,X
OZJTLSI,X,X,X,X,X
OZJTSIL,X,X,X,X,X
OZJTSLI,X,X,X,X,X
OZJITLS,X,X,X,X,X
OZJITSL,X,X,X,X,X
OZJILTS,O,X,X,X,X
OZJILST,O,X,X,X,X
OZJISTL,X,X,X,X,X
OZJISLT,O,X,X,X,X
OZJLTIS,O,X,X,X,X
OZJLTSI,O,X,X,X,X
OZJLITS,O,X,X,X,X
OZJLIST,O,X,X,X,X
OZJLSTI,X,X,X,X,X
OZJLSIT,O,X,X,X,X
OZJSTIL,X,X,X,X,X
OZJSTLI,X,X,X,X,X
OZJSITL,X,X,X,X,X
OZJSILT,O,X,X,X,X
OZJSLTI,X,X,X,X,X
OZJSLIT,O,X,X,X,X
OZSTILJ,O,X,X,O,X
OZSTIJL,O,X,X,O,X
OZSTLIJ,O,X,X,X,X
OZSTLJI,O,X,X,X,X
OZSTJIL,O,X,X,X,X
OZSTJLI,O,X,X,X,X
OZSITLJ,O,X,X,O,X
OZSITJL,O,X,X,O,X
OZSILTJ,O,X,X,X,X
OZSILJT,O,X,X,X,X
OZSIJTL,X,X,X,X,X
OZSIJLT,O,X,X,X,X
OZSLTIJ,O,X,X,X,X
OZSLTJI,O,X,X,X,X
OZSLITJ,O,X,X,X,X
OZSLIJT,O,X,X,X,X
OZSLJTI,X,X,X,X,X
OZSLJIT,O,X,X,X,X
OZSJTIL,X,X,X,X,X
OZSJTLI,X,X,X,X,X
OZSJITL,X,X,X,X,X
OZSJILT,O,X,X,X,X
OZSJLTI,X,X,X,X,X
OZSJLIT,O,X,X,X,X
