sequence,v115@zgB8HeA8IeD8FeE8CeA8AeE8AeD8JeX7IvhFTdBejB?5jBFhBUnB6rB,v115@zgB8HeA8IeD8FeE8CeA8AeE8AeD8JeVAJvhFahBUdB?GeB5mB/tBTsB,v115@zgB8HeA8IeD8FeE8CeA8AeE8AeD8JeX7IvhFlcBzdB?5jBUhB2nBCsB,v115@zgB8HeA8IeD8FeE8CeA8AeE8AeD8JeVAJvhFahB3dB?5jB8nBzmBurB,v115@zgB8HeA8IeD8FeE8CeA8AeE8AeD8JeX7IvhF5jBUhB?ynBunBzmBlrB
TILJSZO,O,O,O,X,X
TILJSOZ,X,O,O,X,X
TILJZSO,O,O,O,X,X
TILJZOS,O,X,O,O,X
TILJOSZ,X,O,O,X,X
TILJOZS,X,O,O,O,X
TILSJZO,O,O,O,X,X
TILSJOZ,X,O,O,X,X
TILSZJO,O,O,O,X,O
TILSZOJ,X,O,O,O,O
TILSOJZ,X,O,X,X,X
TILSOZJ,X,O,X,O,X
TILZJSO,O,O,O,X,O
TILZJOS,O,X,O,O,O
TILZSJO,O,O,O,X,O
TILZSOJ,X,O,O,O,O
TILZOJS,X,O,O,O,O
TILZOSJ,X,O,O,O,O
TILOJSZ,X,O,X,X,X
TILOJZS,X,O,X,O,X
TILOSJZ,X,O,X,X,X
TILOSZJ,X,O,X,O,X
TILOZJS,X,O,X,O,X
TILOZSJ,X,O,X,O,X
TIJLSZO,O,O,O,X,X
TIJLSOZ,X,O,O,X,X
TIJLZSO,O,O,O,X,X
TIJLZOS,O,X,O,O,X
TIJLOSZ,X,O,O,X,X
TIJLOZS,X,O,O,O,X
TIJSLZO,O,O,O,X,X
TIJSLOZ,X,O,O,X,X
TIJSZLO,O,O,O,X,X
TIJSZOL,O,O,O,X,X
TIJSOLZ,X,O,O,X,X
TIJSOZL,O,O,O,X,X
TIJZLSO,O,O,O,X,X
TIJZLOS,O,X,O,O,X
TIJZSLO,O,O,O,X,X
TIJZSOL,O,O,O,X,X
TIJZOLS,O,X,O,O,X
TIJZOSL,O,X,O,O,X
TIJOLSZ,X,O,O,X,X
TIJOLZS,X,O,O,O,X
TIJOSLZ,X,O,O,X,X
TIJOSZL,O,O,O,X,X
TIJOZLS,O,O,O,O,X
TIJOZSL,O,O,O,O,X
TISLJZO,O,O,O,X,X
TISLJOZ,X,O,O,X,X
TISLZJO,O,O,O,X,O
TISLZOJ,X,O,O,O,O
TISLOJZ,X,O,X,X,X
TISLOZJ,X,O,X,O,X
TISJLZO,O,O,O,X,X
TISJLOZ,X,O,O,X,X
TISJZLO,O,O,O,X,X
TISJZOL,O,O,O,X,X
TISJOLZ,X,O,O,X,X
TISJOZL,O,O,O,X,X
TISZLJO,O,O,O,X,O
TISZLOJ,X,O,X,O,O
TISZJLO,O,O,O,X,X
TISZJOL,O,O,O,X,X
TISZOLJ,X,O,X,O,X
TISZOJL,O,O,O,O,X
TISOLJZ,X,O,X,X,X
TISOLZJ,X,O,X,O,X
TISOJLZ,X,O,X,X,X
TISOJZL,O,O,X,X,X
TISOZLJ,X,O,X,O,X
TISOZJL,O,O,X,O,X
TIZLJSO,O,O,O,X,O
TIZLJOS,O,X,O,O,O
TIZLSJO,O,O,O,X,O
TIZLSOJ,X,O,X,O,O
TIZLOJS,X,O,X,O,O
TIZLOSJ,X,O,X,O,O
TIZJLSO,O,O,O,X,X
TIZJLOS,O,X,O,O,X
TIZJSLO,O,O,O,X,X
TIZJSOL,O,O,O,X,X
TIZJOLS,O,X,O,O,X
TIZJOSL,O,X,O,O,X
TIZSLJO,O,O,O,X,O
TIZSLOJ,X,O,X,O,O
TIZSJLO,O,O,O,X,X
TIZSJOL,O,O,O,X,X
TIZSOLJ,X,O,X,O,X
TIZSOJL,O,O,O,O,X
TIZOLJS,X,O,X,O,X
TIZOLSJ,X,O,X,O,X
TIZOJLS,O,O,O,O,X
TIZOJSL,O,O,O,O,X
TIZOSLJ,X,O,X,O,X
TIZOSJL,O,O,O,O,X
TIOLJSZ,X,O,X,X,X
TIOLJZS,X,O,X,O,X
TIOLSJZ,X,O,X,X,X
TIOLSZJ,X,O,X,O,X
TIOLZJS,X,O,X,O,X
TIOLZSJ,X,O,X,O,X
TIOJLSZ,X,O,X,X,X
TIOJLZS,X,O,X,O,X
TIOJSLZ,X,O,X,X,X
TIOJSZL,O,O,X,X,X
TIOJZLS,O,O,X,O,X
TIOJZSL,O,O,X,O,X
TIOSLJZ,X,O,X,X,X
TIOSLZJ,X,O,X,O,X
TIOSJLZ,X,O,X,X,X
TIOSJZL,O,O,X,X,X
TIOSZLJ,X,O,X,O,X
TIOSZJL,O,O,X,O,X
TIOZLJS,X,O,X,O,X
TIOZLSJ,X,O,X,O,X
TIOZJLS,O,O,X,O,X
TIOZJSL,O,O,X,O,X
TIOZSLJ,X,O,X,O,X
TIOZSJL,O,O,X,O,X
TLIJSZO,O,O,O,X,X
TLIJSOZ,X,O,O,X,X
TLIJZSO,O,O,O,X,X
TLIJZOS,O,X,O,O,X
TLIJOSZ,X,O,O,X,X
TLIJOZS,X,O,O,O,X
TLISJZO,O,O,O,X,X
TLISJOZ,X,O,O,X,X
TLISZJO,O,O,O,X,O
TLISZOJ,X,O,O,O,O
TLISOJZ,X,O,X,X,X
TLISOZJ,X,O,X,O,X
TLIZJSO,O,O,O,X,O
TLIZJOS,O,X,O,O,O
TLIZSJO,O,O,O,X,O
TLIZSOJ,X,O,O,O,O
TLIZOJS,X,O,O,O,O
TLIZOSJ,X,O,O,O,O
TLIOJSZ,X,O,X,X,X
TLIOJZS,X,O,X,O,X
TLIOSJZ,X,O,X,X,X
TLIOSZJ,X,O,X,O,X
TLIOZJS,X,O,X,O,X
TLIOZSJ,X,O,X,O,X
TLJISZO,O,O,O,X,X
TLJISOZ,X,O,O,X,X
TLJIZSO,O,O,O,X,X
TLJIZOS,O,X,O,O,X
TLJIOSZ,X,O,O,X,X
TLJIOZS,X,O,O,O,X
TLJSIZO,O,O,O,X,X
TLJSIOZ,X,O,O,X,X
TLJSZIO,O,O,O,X,X
TLJSZOI,O,O,O,X,X
TLJSOIZ,X,O,O,X,X
TLJSOZI,X,O,O,X,X
TLJZISO,O,X,O,X,X
TLJZIOS,O,X,O,O,X
TLJZSIO,O,X,O,X,X
TLJZSOI,O,X,O,X,X
TLJZOIS,O,X,O,O,X
TLJZOSI,O,X,O,O,X
TLJOISZ,X,O,O,X,X
TLJOIZS,X,O,O,O,X
TLJOSIZ,X,O,O,X,X
TLJOSZI,X,O,O,X,X
TLJOZIS,X,X,O,O,X
TLJOZSI,X,O,O,O,X
TLSIJZO,O,O,O,X,X
TLSIJOZ,X,O,O,X,X
TLSIZJO,O,O,O,X,O
TLSIZOJ,X,O,O,O,O
TLSIOJZ,X,O,X,X,X
TLSIOZJ,X,O,X,O,X
TLSJIZO,O,O,O,X,X
TLSJIOZ,X,O,O,X,X
TLSJZIO,O,O,O,X,X
TLSJZOI,O,O,O,X,X
TLSJOIZ,X,O,O,X,X
TLSJOZI,X,O,O,X,X
TLSZIJO,O,O,O,X,O
TLSZIOJ,X,O,O,O,O
TLSZJIO,O,O,O,X,X
TLSZJOI,O,O,O,X,X
TLSZOIJ,X,O,O,O,X
TLSZOJI,O,O,O,O,X
TLSOIJZ,X,O,X,X,X
TLSOIZJ,X,O,X,O,X
TLSOJIZ,X,O,X,X,X
TLSOJZI,X,O,X,X,X
TLSOZIJ,X,O,X,O,X
TLSOZJI,X,O,X,O,X
TLZIJSO,O,O,O,X,O
TLZIJOS,O,X,O,O,O
TLZISJO,O,O,O,X,O
TLZISOJ,X,O,O,O,O
TLZIOJS,X,O,O,O,O
TLZIOSJ,X,O,O,O,O
TLZJISO,O,X,O,X,X
TLZJIOS,O,X,O,O,X
TLZJSIO,O,X,O,X,X
TLZJSOI,O,X,O,X,X
TLZJOIS,O,X,O,O,X
TLZJOSI,O,X,O,O,X
TLZSIJO,O,O,O,X,O
TLZSIOJ,X,O,O,O,O
TLZSJIO,O,O,O,X,X
TLZSJOI,O,O,O,X,X
TLZSOIJ,X,O,O,O,X
TLZSOJI,O,O,O,O,X
TLZOIJS,X,O,O,O,X
TLZOISJ,X,O,O,O,X
TLZOJIS,O,X,O,O,X
TLZOJSI,O,O,O,O,X
TLZOSIJ,X,O,O,O,X
TLZOSJI,O,O,O,O,X
TLOIJSZ,X,O,X,X,X
TLOIJZS,X,O,X,O,X
TLOISJZ,X,O,X,X,X
TLOISZJ,X,O,X,O,X
TLOIZJS,X,O,X,O,X
TLOIZSJ,X,O,X,O,X
TLOJISZ,X,O,X,X,X
TLOJIZS,X,O,X,O,X
TLOJSIZ,X,O,X,X,X
TLOJSZI,X,O,X,X,X
TLOJZIS,X,X,X,O,X
TLOJZSI,X,O,X,O,X
TLOSIJZ,X,O,X,X,X
TLOSIZJ,X,O,X,O,X
TLOSJIZ,X,O,X,X,X
TLOSJZI,X,O,X,X,X
TLOSZIJ,X,O,X,O,X
TLOSZJI,X,O,X,O,X
TLOZIJS,X,O,X,O,X
TLOZISJ,X,O,X,O,X
TLOZJIS,X,X,X,O,X
TLOZJSI,X,O,X,O,X
TLOZSIJ,X,O,X,O,X
TLOZSJI,X,O,X,O,X
TJILSZO,O,O,O,X,X
TJILSOZ,X,O,O,X,X
TJILZSO,O,O,O,X,X
TJILZOS,O,X,O,O,X
TJILOSZ,X,O,O,X,X
TJILOZS,X,O,O,O,X
TJISLZO,O,O,O,X,X
TJISLOZ,X,O,O,X,X
TJISZLO,O,O,O,X,X
TJISZOL,O,O,O,X,X
TJISOLZ,X,O,O,X,X
TJISOZL,O,O,O,X,X
TJIZLSO,O,O,O,X,X
TJIZLOS,O,X,O,O,X
TJIZSLO,O,O,O,X,X
TJIZSOL,O,O,O,X,X
TJIZOLS,O,X,O,O,X
TJIZOSL,O,X,O,O,X
TJIOLSZ,X,O,O,X,X
TJIOLZS,X,O,O,O,X
TJIOSLZ,X,O,O,X,X
TJIOSZL,O,O,O,X,X
TJIOZLS,O,O,O,O,X
TJIOZSL,O,O,O,O,X
TJLISZO,O,O,O,X,X
TJLISOZ,X,O,O,X,X
TJLIZSO,O,O,O,X,X
TJLIZOS,O,X,O,O,X
TJLIOSZ,X,O,O,X,X
TJLIOZS,X,O,O,O,X
TJLSIZO,O,O,O,X,X
TJLSIOZ,X,O,O,X,X
TJLSZIO,O,O,O,X,X
TJLSZOI,O,O,O,X,X
TJLSOIZ,X,O,O,X,X
TJLSOZI,X,O,O,X,X
TJLZISO,O,X,O,X,X
TJLZIOS,O,X,O,O,X
TJLZSIO,O,X,O,X,X
TJLZSOI,O,X,O,X,X
TJLZOIS,O,X,O,O,X
TJLZOSI,O,X,O,O,X
TJLOISZ,X,O,O,X,X
TJLOIZS,X,O,O,O,X
TJLOSIZ,X,O,O,X,X
TJLOSZI,X,O,O,X,X
TJLOZIS,X,X,O,O,X
TJLOZSI,X,O,O,O,X
TJSILZO,O,O,O,X,X
TJSILOZ,X,O,O,X,X
TJSIZLO,O,O,O,X,X
TJSIZOL,O,O,O,X,X
TJSIOLZ,X,O,O,X,X
TJSIOZL,O,O,O,X,X
TJSLIZO,O,O,O,X,X
TJSLIOZ,X,O,O,X,X
TJSLZIO,O,O,O,X,X
TJSLZOI,O,O,O,X,X
TJSLOIZ,X,O,O,X,X
TJSLOZI,X,O,O,X,X
TJSZILO,O,O,O,X,X
TJSZIOL,O,O,O,X,X
TJSZLIO,O,O,O,X,X
TJSZLOI,O,O,O,X,X
TJSZOIL,O,O,O,X,X
TJSZOLI,O,O,O,X,X
TJSOILZ,X,O,O,X,X
TJSOIZL,O,O,O,X,X
TJSOLIZ,X,O,O,X,X
TJSOLZI,X,O,O,X,X
TJSOZIL,O,O,O,X,X
TJSOZLI,O,O,O,X,X
TJZILSO,O,X,O,X,X
TJZILOS,O,X,O,O,X
TJZISLO,O,X,O,X,X
TJZISOL,O,X,O,X,X
TJZIOLS,O,X,O,O,X
TJZIOSL,O,X,O,O,X
TJZLISO,O,X,O,X,X
TJZLIOS,O,X,O,O,X
TJZLSIO,O,X,O,X,X
TJZLSOI,O,X,O,X,X
TJZLOIS,O,X,O,O,X
TJZLOSI,O,X,O,O,X
TJZSILO,O,X,O,X,X
TJZSIOL,O,X,O,X,X
TJZSLIO,O,X,O,X,X
TJZSLOI,O,X,O,X,X
TJZSOIL,O,X,O,X,X
TJZSOLI,O,X,O,X,X
TJZOILS,O,X,O,O,X
TJZOISL,O,X,O,O,X
TJZOLIS,O,X,O,O,X
TJZOLSI,O,X,O,O,X
TJZOSIL,O,X,O,O,X
TJZOSLI,O,X,O,O,X
TJOILSZ,X,O,O,X,X
TJOILZS,X,O,O,O,X
TJOISLZ,X,O,O,X,X
TJOISZL,O,O,O,X,X
TJOIZLS,O,O,O,O,X
TJOIZSL,O,O,O,O,X
TJOLISZ,X,O,O,X,X
TJOLIZS,X,O,O,O,X
TJOLSIZ,X,O,O,X,X
TJOLSZI,X,O,O,X,X
TJOLZIS,X,X,O,O,X
TJOLZSI,X,O,O,O,X
TJOSILZ,X,O,O,X,X
TJOSIZL,O,O,O,X,X
TJOSLIZ,X,O,O,X,X
TJOSLZI,X,O,O,X,X
TJOSZIL,O,O,O,X,X
TJOSZLI,O,O,O,X,X
TJOZILS,O,X,O,O,X
TJOZISL,O,X,O,O,X
TJOZLIS,O,X,O,O,X
TJOZLSI,O,O,O,O,X
TJOZSIL,O,O,O,O,X
TJOZSLI,O,O,O,O,X
TSILJZO,O,O,O,X,X
TSILJOZ,X,O,O,X,X
TSILZJO,O,O,O,X,O
TSILZOJ,X,O,O,O,O
TSILOJZ,X,O,X,X,X
TSILOZJ,X,O,X,O,X
TSIJLZO,O,O,O,X,X
TSIJLOZ,X,O,O,X,X
TSIJZLO,O,O,O,X,X
TSIJZOL,O,O,O,X,X
TSIJOLZ,X,O,O,X,X
TSIJOZL,O,O,O,X,X
TSIZLJO,O,O,O,X,O
TSIZLOJ,X,O,X,O,O
TSIZJLO,O,O,O,X,X
TSIZJOL,O,O,O,X,X
TSIZOLJ,X,O,X,O,X
TSIZOJL,O,O,O,O,X
TSIOLJZ,X,O,X,X,X
TSIOLZJ,X,O,X,O,X
TSIOJLZ,X,O,X,X,X
TSIOJZL,O,O,X,X,X
TSIOZLJ,X,O,X,O,X
TSIOZJL,O,O,X,O,X
TSLIJZO,O,O,O,X,X
TSLIJOZ,X,O,O,X,X
TSLIZJO,O,O,O,X,O
TSLIZOJ,X,O,O,O,O
TSLIOJZ,X,O,X,X,X
TSLIOZJ,X,O,X,O,X
TSLJIZO,O,O,O,X,X
TSLJIOZ,X,O,O,X,X
TSLJZIO,O,O,O,X,X
TSLJZOI,O,O,O,X,X
TSLJOIZ,X,O,O,X,X
TSLJOZI,X,O,O,X,X
TSLZIJO,O,O,O,X,O
TSLZIOJ,X,O,O,O,O
TSLZJIO,O,O,O,X,X
TSLZJOI,O,O,O,X,X
TSLZOIJ,X,O,O,O,X
TSLZOJI,O,O,O,O,X
TSLOIJZ,X,O,X,X,X
TSLOIZJ,X,O,X,O,X
TSLOJIZ,X,O,X,X,X
TSLOJZI,X,O,X,X,X
TSLOZIJ,X,O,X,O,X
TSLOZJI,X,O,X,O,X
TSJILZO,O,O,O,X,X
TSJILOZ,X,O,O,X,X
TSJIZLO,O,O,O,X,X
TSJIZOL,O,O,O,X,X
TSJIOLZ,X,O,O,X,X
TSJIOZL,O,O,O,X,X
TSJLIZO,O,O,O,X,X
TSJLIOZ,X,O,O,X,X
TSJLZIO,O,O,O,X,X
TSJLZOI,O,O,O,X,X
TSJLOIZ,X,O,O,X,X
TSJLOZI,X,O,O,X,X
TSJZILO,O,O,O,X,X
TSJZIOL,O,O,O,X,X
TSJZLIO,O,O,O,X,X
TSJZLOI,O,O,O,X,X
TSJZOIL,O,O,O,X,X
TSJZOLI,O,O,O,X,X
TSJOILZ,X,O,O,X,X
TSJOIZL,O,O,O,X,X
TSJOLIZ,X,O,O,X,X
TSJOLZI,X,O,O,X,X
TSJOZIL,O,O,O,X,X
TSJOZLI,O,O,O,X,X
TSZILJO,O,O,O,X,O
TSZILOJ,X,O,X,O,O
TSZIJLO,O,O,O,X,X
TSZIJOL,O,O,O,X,X
TSZIOLJ,X,O,X,O,X
TSZIOJL,O,O,O,O,X
TSZLIJO,O,O,O,X,O
TSZLIOJ,X,O,X,O,O
TSZLJIO,O,O,O,X,X
TSZLJOI,O,O,O,X,X
TSZLOIJ,X,O,X,O,X
TSZLOJI,O,O,X,O,X
TSZJILO,O,O,O,X,X
TSZJIOL,O,O,O,X,X
TSZJLIO,O,O,O,X,X
TSZJLOI,O,O,O,X,X
TSZJOIL,O,O,O,X,X
TSZJOLI,O,O,O,X,X
TSZOILJ,X,O,X,O,X
TSZOIJL,O,O,O,O,X
TSZOLIJ,X,O,X,O,X
TSZOLJI,O,O,X,O,X
TSZOJIL,O,O,O,O,X
TSZOJLI,O,O,O,O,X
TSOILJZ,X,O,X,X,X
TSOILZJ,X,O,X,O,X
TSOIJLZ,X,O,X,X,X
TSOIJZL,O,O,X,X,X
TSOIZLJ,X,O,X,O,X
TSOIZJL,O,O,X,O,X
TSOLIJZ,X,O,X,X,X
TSOLIZJ,X,O,X,O,X
TSOLJIZ,X,O,X,X,X
TSOLJZI,X,O,X,X,X
TSOLZIJ,X,O,X,O,X
TSOLZJI,X,O,X,O,X
TSOJILZ,X,O,X,X,X
TSOJIZL,O,O,X,X,X
TSOJLIZ,X,O,X,X,X
TSOJLZI,X,O,X,X,X
TSOJZIL,O,O,X,X,X
TSOJZLI,O,O,X,X,X
TSOZILJ,X,O,X,O,X
TSOZIJL,O,O,X,O,X
TSOZLIJ,X,O,X,O,X
TSOZLJI,O,O,X,O,X
TSOZJIL,O,O,X,O,X
TSOZJLI,O,O,X,O,X
TZILJSO,O,O,O,X,O
TZILJOS,O,X,O,O,O
TZILSJO,O,O,O,X,O
TZILSOJ,X,O,X,O,O
TZILOJS,X,O,X,O,O
TZILOSJ,X,O,X,O,O
TZIJLSO,O,O,O,X,X
TZIJLOS,O,X,O,O,X
TZIJSLO,O,O,O,X,X
TZIJSOL,O,O,O,X,X
TZIJOLS,O,X,O,O,X
TZIJOSL,O,X,O,O,X
TZISLJO,O,O,O,X,O
TZISLOJ,X,O,X,O,O
TZISJLO,O,O,O,X,X
TZISJOL,O,O,O,X,X
TZISOLJ,X,O,X,O,X
TZISOJL,O,O,O,O,X
TZIOLJS,X,O,X,O,X
TZIOLSJ,X,O,X,O,X
TZIOJLS,O,O,O,O,X
TZIOJSL,O,O,O,O,X
TZIOSLJ,X,O,X,O,X
TZIOSJL,O,O,O,O,X
TZLIJSO,O,O,O,X,O
TZLIJOS,O,X,O,O,O
TZLISJO,O,O,O,X,O
TZLISOJ,X,O,X,O,O
TZLIOJS,X,O,X,O,O
TZLIOSJ,X,O,X,O,O
TZLJISO,O,X,O,X,X
TZLJIOS,O,X,O,O,X
TZLJSIO,O,X,O,X,X
TZLJSOI,O,X,O,X,X
TZLJOIS,O,X,O,O,X
TZLJOSI,O,X,O,O,X
TZLSIJO,O,O,O,X,O
TZLSIOJ,X,O,X,O,O
TZLSJIO,O,O,O,X,X
TZLSJOI,O,O,O,X,X
TZLSOIJ,X,O,X,O,X
TZLSOJI,O,O,X,O,X
TZLOIJS,X,O,X,O,X
TZLOISJ,X,O,X,O,X
TZLOJIS,O,X,X,O,X
TZLOJSI,O,O,X,O,X
TZLOSIJ,X,O,X,O,X
TZLOSJI,O,O,X,O,X
TZJILSO,O,X,O,X,X
TZJILOS,O,X,O,O,X
TZJISLO,O,X,O,X,X
TZJISOL,O,X,O,X,X
TZJIOLS,O,X,O,O,X
TZJIOSL,O,X,O,O,X
TZJLISO,O,X,O,X,X
TZJLIOS,O,X,O,O,X
TZJLSIO,O,X,O,X,X
TZJLSOI,O,X,O,X,X
TZJLOIS,O,X,O,O,X
TZJLOSI,O,X,O,O,X
TZJSILO,O,X,O,X,X
TZJSIOL,O,X,O,X,X
TZJSLIO,O,X,O,X,X
TZJSLOI,O,X,O,X,X
TZJSOIL,O,X,O,X,X
TZJSOLI,O,X,O,X,X
TZJOILS,O,X,O,O,X
TZJOISL,O,X,O,O,X
TZJOLIS,O,X,O,O,X
TZJOLSI,O,X,O,O,X
TZJOSIL,O,X,O,O,X
TZJOSLI,O,X,O,O,X
TZSILJO,O,O,O,X,O
TZSILOJ,X,O,X,O,O
TZSIJLO,O,O,O,X,X
TZSIJOL,O,O,O,X,X
TZSIOLJ,X,O,X,O,X
TZSIOJL,O,O,O,O,X
TZSLIJO,O,O,O,X,O
TZSLIOJ,X,O,X,O,O
TZSLJIO,O,O,O,X,X
TZSLJOI,O,O,O,X,X
TZSLOIJ,X,O,X,O,X
TZSLOJI,O,O,X,O,X
TZSJILO,O,O,O,X,X
TZSJIOL,O,O,O,X,X
TZSJLIO,O,O,O,X,X
TZSJLOI,O,O,O,X,X
TZSJOIL,O,O,O,X,X
TZSJOLI,O,O,O,X,X
TZSOILJ,X,O,X,O,X
TZSOIJL,O,O,O,O,X
TZSOLIJ,X,O,X,O,X
TZSOLJI,O,O,X,O,X
TZSOJIL,O,O,O,O,X
TZSOJLI,O,O,O,O,X
TZOILJS,X,O,X,O,X
TZOILSJ,X,O,X,O,X
TZOIJLS,O,O,O,O,X
TZOIJSL,O,O,O,O,X
TZOISLJ,X,O,X,O,X
TZOISJL,O,O,O,O,X
TZOLIJS,X,O,X,O,X
TZOLISJ,X,O,X,O,X
TZOLJIS,O,X,X,O,X
TZOLJSI,O,O,X,O,X
TZOLSIJ,X,O,X,O,X
TZOLSJI,O,O,X,O,X
TZOJILS,O,X,O,O,X
TZOJISL,O,X,O,O,X
TZOJLIS,O,X,O,O,X
TZOJLSI,O,O,O,O,X
TZOJSIL,O,O,O,O,X
TZOJSLI,O,O,O,O,X
TZOSILJ,X,O,X,O,X
TZOSIJL,O,O,O,O,X
TZOSLIJ,X,O,X,O,X
TZOSLJI,O,O,X,O,X
TZOSJIL,O,O,O,O,X
TZOSJLI,O,O,O,O,X
TOILJSZ,X,O,X,X,X
TOILJZS,X,O,X,O,X
TOILSJZ,X,O,X,X,X
TOILSZJ,X,O,X,O,X
TOILZJS,X,O,X,O,X
TOILZSJ,X,O,X,O,X
TOIJLSZ,X,O,X,X,X
TOIJLZS,X,O,X,O,X
TOIJSLZ,X,O,X,X,X
TOIJSZL,O,O,X,X,X
TOIJZLS,O,O,X,O,X
TOIJZSL,O,O,X,O,X
TOISLJZ,X,O,X,X,X
TOISLZJ,X,O,X,O,X
TOISJLZ,X,O,X,X,X
TOISJZL,O,O,X,X,X
TOISZLJ,X,O,X,O,X
TOISZJL,O,O,X,O,X
TOIZLJS,X,O,X,O,X
TOIZLSJ,X,O,X,O,X
TOIZJLS,O,O,X,O,X
TOIZJSL,O,O,X,O,X
TOIZSLJ,X,O,X,O,X
TOIZSJL,O,O,X,O,X
TOLIJSZ,X,O,X,X,X
TOLIJZS,X,O,X,O,X
TOLISJZ,X,O,X,X,X
TOLISZJ,X,O,X,O,X
TOLIZJS,X,O,X,O,X
TOLIZSJ,X,O,X,O,X
TOLJISZ,X,O,X,X,X
TOLJIZS,X,O,X,O,X
TOLJSIZ,X,O,X,X,X
TOLJSZI,X,O,X,X,X
TOLJZIS,X,X,X,O,X
TOLJZSI,X,O,X,O,X
TOLSIJZ,X,O,X,X,X
TOLSIZJ,X,O,X,O,X
TOLSJIZ,X,O,X,X,X
TOLSJZI,X,O,X,X,X
TOLSZIJ,X,O,X,O,X
TOLSZJI,X,O,X,O,X
TOLZIJS,X,O,X,O,X
TOLZISJ,X,O,X,O,X
TOLZJIS,X,X,X,O,X
TOLZJSI,X,O,X,O,X
TOLZSIJ,X,O,X,O,X
TOLZSJI,X,O,X,O,X
TOJILSZ,X,O,X,X,X
TOJILZS,X,O,X,O,X
TOJISLZ,X,O,X,X,X
TOJISZL,O,O,X,X,X
TOJIZLS,O,O,X,O,X
TOJIZSL,O,O,X,O,X
TOJLISZ,X,O,X,X,X
TOJLIZS,X,O,X,O,X
TOJLSIZ,X,O,X,X,X
TOJLSZI,X,O,X,X,X
TOJLZIS,X,X,X,O,X
TOJLZSI,X,O,X,O,X
TOJSILZ,X,O,X,X,X
TOJSIZL,O,O,X,X,X
TOJSLIZ,X,O,X,X,X
TOJSLZI,X,O,X,X,X
TOJSZIL,O,O,X,X,X
TOJSZLI,O,O,X,X,X
TOJZILS,O,X,X,O,X
TOJZISL,O,X,X,O,X
TOJZLIS,O,X,X,O,X
TOJZLSI,O,O,X,O,X
TOJZSIL,O,O,X,O,X
TOJZSLI,O,O,X,O,X
TOSILJZ,X,O,X,X,X
TOSILZJ,X,O,X,O,X
TOSIJLZ,X,O,X,X,X
TOSIJZL,O,O,X,X,X
TOSIZLJ,X,O,X,O,X
TOSIZJL,O,O,X,O,X
TOSLIJZ,X,O,X,X,X
TOSLIZJ,X,O,X,O,X
TOSLJIZ,X,O,X,X,X
TOSLJZI,X,O,X,X,X
TOSLZIJ,X,O,X,O,X
TOSLZJI,X,O,X,O,X
TOSJILZ,X,O,X,X,X
TOSJIZL,O,O,X,X,X
TOSJLIZ,X,O,X,X,X
TOSJLZI,X,O,X,X,X
TOSJZIL,O,O,X,X,X
TOSJZLI,O,O,X,X,X
TOSZILJ,X,O,X,O,X
TOSZIJL,O,O,X,O,X
TOSZLIJ,X,O,X,O,X
TOSZLJI,O,O,X,O,X
TOSZJIL,O,O,X,O,X
TOSZJLI,O,O,X,O,X
TOZILJS,X,O,X,O,X
TOZILSJ,X,O,X,O,X
TOZIJLS,O,O,X,O,X
TOZIJSL,O,O,X,O,X
TOZISLJ,X,O,X,O,X
TOZISJL,O,O,X,O,X
TOZLIJS,X,O,X,O,X
TOZLISJ,X,O,X,O,X
TOZLJIS,O,X,X,O,X
TOZLJSI,O,O,X,O,X
TOZLSIJ,X,O,X,O,X
TOZLSJI,O,O,X,O,X
TOZJILS,O,X,X,O,X
TOZJISL,O,X,X,O,X
TOZJLIS,O,X,X,O,X
TOZJLSI,O,O,X,O,X
TOZJSIL,O,O,X,O,X
TOZJSLI,O,O,X,O,X
TOZSILJ,X,O,X,O,X
TOZSIJL,O,O,X,O,X
TOZSLIJ,X,O,X,O,X
TOZSLJI,O,O,X,O,X
TOZSJIL,O,O,X,O,X
TOZSJLI,O,O,X,O,X
ITLJSZO,O,O,O,X,X
ITLJSOZ,X,O,O,X,X
ITLJZSO,O,O,O,X,X
ITLJZOS,O,X,O,O,X
ITLJOSZ,X,O,O,X,X
ITLJOZS,X,O,O,O,X
ITLSJZO,O,O,O,X,X
ITLSJOZ,X,O,O,X,X
ITLSZJO,O,O,O,X,O
ITLSZOJ,X,O,O,O,O
ITLSOJZ,X,O,X,X,X
ITLSOZJ,X,O,X,O,X
ITLZJSO,O,O,O,X,O
ITLZJOS,O,X,O,O,O
ITLZSJO,O,O,O,X,O
ITLZSOJ,X,O,O,O,O
ITLZOJS,X,O,O,O,O
ITLZOSJ,X,O,O,O,O
ITLOJSZ,X,O,X,X,X
ITLOJZS,X,O,X,O,X
ITLOSJZ,X,O,X,X,X
ITLOSZJ,X,O,X,O,X
ITLOZJS,X,O,X,O,X
ITLOZSJ,X,O,X,O,X
ITJLSZO,O,O,O,X,X
ITJLSOZ,X,O,O,X,X
ITJLZSO,O,O,O,X,X
ITJLZOS,O,X,O,O,X
ITJLOSZ,X,O,O,X,X
ITJLOZS,X,O,O,O,X
ITJSLZO,O,O,O,X,X
ITJSLOZ,X,O,O,X,X
ITJSZLO,O,O,O,X,X
ITJSZOL,O,O,O,X,X
ITJSOLZ,X,O,O,X,X
ITJSOZL,O,O,O,X,X
ITJZLSO,O,O,O,X,X
ITJZLOS,O,X,O,O,X
ITJZSLO,O,O,O,X,X
ITJZSOL,O,O,O,X,X
ITJZOLS,O,X,O,O,X
ITJZOSL,O,X,O,O,X
ITJOLSZ,X,O,O,X,X
ITJOLZS,X,O,O,O,X
ITJOSLZ,X,O,O,X,X
ITJOSZL,O,O,O,X,X
ITJOZLS,O,O,O,O,X
ITJOZSL,O,O,O,O,X
ITSLJZO,O,O,O,X,X
ITSLJOZ,X,O,O,X,X
ITSLZJO,O,O,O,X,O
ITSLZOJ,X,O,O,O,O
ITSLOJZ,X,O,X,X,X
ITSLOZJ,X,O,X,O,X
ITSJLZO,O,O,O,X,X
ITSJLOZ,X,O,O,X,X
ITSJZLO,O,O,O,X,X
ITSJZOL,O,O,O,X,X
ITSJOLZ,X,O,O,X,X
ITSJOZL,O,O,O,X,X
ITSZLJO,O,O,O,X,O
ITSZLOJ,X,O,X,O,O
ITSZJLO,O,O,O,X,X
ITSZJOL,O,O,O,X,X
ITSZOLJ,X,O,X,O,X
ITSZOJL,O,O,O,O,X
ITSOLJZ,X,O,X,X,X
ITSOLZJ,X,O,X,O,X
ITSOJLZ,X,O,X,X,X
ITSOJZL,O,O,X,X,X
ITSOZLJ,X,O,X,O,X
ITSOZJL,O,O,X,O,X
ITZLJSO,O,O,O,X,O
ITZLJOS,O,X,O,O,O
ITZLSJO,O,O,O,X,O
ITZLSOJ,X,O,X,O,O
ITZLOJS,X,O,X,O,O
ITZLOSJ,X,O,X,O,O
ITZJLSO,O,O,O,X,X
ITZJLOS,O,X,O,O,X
ITZJSLO,O,O,O,X,X
ITZJSOL,O,O,O,X,X
ITZJOLS,O,X,O,O,X
ITZJOSL,O,X,O,O,X
ITZSLJO,O,O,O,X,O
ITZSLOJ,X,O,X,O,O
ITZSJLO,O,O,O,X,X
ITZSJOL,O,O,O,X,X
ITZSOLJ,X,O,X,O,X
ITZSOJL,O,O,O,O,X
ITZOLJS,X,O,X,O,X
ITZOLSJ,X,O,X,O,X
ITZOJLS,O,O,O,O,X
ITZOJSL,O,O,O,O,X
ITZOSLJ,X,O,X,O,X
ITZOSJL,O,O,O,O,X
ITOLJSZ,X,O,X,X,X
ITOLJZS,X,O,X,O,X
ITOLSJZ,X,O,X,X,X
ITOLSZJ,X,O,X,O,X
ITOLZJS,X,O,X,O,X
ITOLZSJ,X,O,X,O,X
ITOJLSZ,X,O,X,X,X
ITOJLZS,X,O,X,O,X
ITOJSLZ,X,O,X,X,X
ITOJSZL,O,O,X,X,X
ITOJZLS,O,O,X,O,X
ITOJZSL,O,O,X,O,X
ITOSLJZ,X,O,X,X,X
ITOSLZJ,X,O,X,O,X
ITOSJLZ,X,O,X,X,X
ITOSJZL,O,O,X,X,X
ITOSZLJ,X,O,X,O,X
ITOSZJL,O,O,X,O,X
ITOZLJS,X,O,X,O,X
ITOZLSJ,X,O,X,O,X
ITOZJLS,O,O,X,O,X
ITOZJSL,O,O,X,O,X
ITOZSLJ,X,O,X,O,X
ITOZSJL,O,O,X,O,X
ILTJSZO,O,O,O,X,X
ILTJSOZ,X,O,O,X,X
ILTJZSO,O,O,O,X,X
ILTJZOS,O,X,O,O,X
ILTJOSZ,X,O,O,X,X
ILTJOZS,X,O,O,O,X
ILTSJZO,O,O,O,X,X
ILTSJOZ,X,O,O,X,X
ILTSZJO,O,O,O,X,O
ILTSZOJ,X,O,O,O,O
ILTSOJZ,X,O,X,X,X
ILTSOZJ,X,O,X,O,X
ILTZJSO,O,O,O,X,O
ILTZJOS,O,X,O,O,O
ILTZSJO,O,O,O,X,O
ILTZSOJ,X,O,O,O,O
ILTZOJS,X,O,O,O,O
ILTZOSJ,X,O,O,O,O
ILTOJSZ,X,O,X,X,X
ILTOJZS,X,O,X,O,X
ILTOSJZ,X,O,X,X,X
ILTOSZJ,X,O,X,O,X
ILTOZJS,X,O,X,O,X
ILTOZSJ,X,O,X,O,X
ILJTSZO,O,X,O,X,X
ILJTSOZ,X,X,O,X,X
ILJTZSO,O,X,O,X,X
ILJTZOS,O,X,O,X,X
ILJTOSZ,X,X,O,X,X
ILJTOZS,X,X,O,X,X
ILJSTZO,O,X,O,X,X
ILJSTOZ,X,X,O,X,X
ILJSZTO,O,X,O,X,O
ILJSZOT,O,X,O,X,O
ILJSOTZ,X,X,O,X,X
ILJSOZT,O,X,O,X,X
ILJZTSO,O,X,O,X,O
ILJZTOS,O,X,O,X,O
ILJZSTO,O,X,O,X,O
ILJZSOT,O,X,O,X,O
ILJZOTS,O,X,O,X,O
ILJZOST,O,X,O,X,O
ILJOTSZ,X,X,O,X,X
ILJOTZS,X,X,O,X,X
ILJOSTZ,X,X,O,X,X
ILJOSZT,O,X,O,X,X
ILJOZTS,O,X,O,X,X
ILJOZST,O,X,O,X,X
ILSTJZO,O,O,O,X,X
ILSTJOZ,X,O,O,X,X
ILSTZJO,O,O,O,X,O
ILSTZOJ,X,O,O,X,O
ILSTOJZ,X,O,X,X,X
ILSTOZJ,X,O,X,X,X
ILSJTZO,O,O,O,X,X
ILSJTOZ,X,O,O,X,X
ILSJZTO,O,O,O,X,O
ILSJZOT,O,X,O,X,O
ILSJOTZ,X,X,O,X,X
ILSJOZT,O,X,O,X,X
ILSZTJO,O,O,O,X,O
ILSZTOJ,X,O,O,X,O
ILSZJTO,O,O,O,X,O
ILSZJOT,O,X,O,X,O
ILSZOTJ,X,X,O,X,O
ILSZOJT,X,X,O,X,O
ILSOTJZ,X,O,X,X,X
ILSOTZJ,X,O,X,X,X
ILSOJTZ,X,O,O,X,X
ILSOJZT,X,O,O,X,X
ILSOZTJ,X,O,O,X,O
ILSOZJT,X,O,O,X,O
ILZTJSO,O,O,O,X,O
ILZTJOS,O,X,O,O,O
ILZTSJO,O,O,O,X,O
ILZTSOJ,X,O,O,O,O
ILZTOJS,X,X,O,O,O
ILZTOSJ,X,O,O,O,O
ILZJTSO,O,X,O,X,O
ILZJTOS,O,X,O,X,O
ILZJSTO,O,X,O,X,O
ILZJSOT,O,X,O,X,O
ILZJOTS,O,X,O,X,O
ILZJOST,O,X,O,X,O
ILZSTJO,O,O,O,X,O
ILZSTOJ,X,O,O,X,O
ILZSJTO,O,O,O,X,O
ILZSJOT,O,X,O,X,O
ILZSOTJ,X,X,O,X,O
ILZSOJT,X,X,O,X,O
ILZOTJS,X,X,O,O,O
ILZOTSJ,X,X,O,O,O
ILZOJTS,X,X,O,X,O
ILZOJST,X,X,O,X,O
ILZOSTJ,X,X,O,O,O
ILZOSJT,X,X,O,X,O
ILOTJSZ,X,O,X,X,X
ILOTJZS,X,O,X,O,X
ILOTSJZ,X,O,X,X,X
ILOTSZJ,X,O,X,O,X
ILOTZJS,X,O,X,O,X
ILOTZSJ,X,O,X,O,X
ILOJTSZ,X,X,O,X,X
ILOJTZS,X,X,O,X,X
ILOJSTZ,X,X,O,X,X
ILOJSZT,X,X,O,X,X
ILOJZTS,X,X,O,X,X
ILOJZST,X,X,O,X,X
ILOSTJZ,X,O,X,X,X
ILOSTZJ,X,O,X,X,X
ILOSJTZ,X,O,O,X,X
ILOSJZT,X,O,O,X,X
ILOSZTJ,X,O,O,X,O
ILOSZJT,X,O,O,X,O
ILOZTJS,X,O,O,O,O
ILOZTSJ,X,O,O,O,O
ILOZJTS,X,X,O,X,O
ILOZJST,X,X,O,X,O
ILOZSTJ,X,O,O,O,O
ILOZSJT,X,O,O,X,O
IJTLSZO,O,O,O,X,X
IJTLSOZ,X,O,O,X,X
IJTLZSO,O,O,O,X,X
IJTLZOS,O,X,O,O,X
IJTLOSZ,X,O,O,X,X
IJTLOZS,X,O,O,O,X
IJTSLZO,O,O,O,X,X
IJTSLOZ,X,O,O,X,X
IJTSZLO,O,O,O,X,X
IJTSZOL,O,O,O,X,X
IJTSOLZ,X,O,O,X,X
IJTSOZL,O,O,O,X,X
IJTZLSO,O,O,O,X,X
IJTZLOS,O,X,O,O,X
IJTZSLO,O,O,O,X,X
IJTZSOL,O,O,O,X,X
IJTZOLS,O,X,O,O,X
IJTZOSL,O,X,O,O,X
IJTOLSZ,X,O,O,X,X
IJTOLZS,X,O,O,O,X
IJTOSLZ,X,O,O,X,X
IJTOSZL,O,O,O,X,X
IJTOZLS,O,O,O,O,X
IJTOZSL,O,O,O,O,X
IJLTSZO,O,X,O,X,X
IJLTSOZ,X,X,O,X,X
IJLTZSO,O,X,O,X,X
IJLTZOS,O,X,O,X,X
IJLTOSZ,X,X,O,X,X
IJLTOZS,X,X,O,X,X
IJLSTZO,O,X,O,X,X
IJLSTOZ,X,X,O,X,X
IJLSZTO,O,X,O,X,O
IJLSZOT,O,X,O,X,O
IJLSOTZ,X,X,O,X,X
IJLSOZT,O,X,O,X,X
IJLZTSO,O,X,O,X,O
IJLZTOS,O,X,O,X,O
IJLZSTO,O,X,O,X,O
IJLZSOT,O,X,O,X,O
IJLZOTS,O,X,O,X,O
IJLZOST,O,X,O,X,O
IJLOTSZ,X,X,O,X,X
IJLOTZS,X,X,O,X,X
IJLOSTZ,X,X,O,X,X
IJLOSZT,O,X,O,X,X
IJLOZTS,O,X,O,X,X
IJLOZST,O,X,O,X,X
IJSTLZO,O,O,O,X,X
IJSTLOZ,X,O,O,X,X
IJSTZLO,O,O,O,X,X
IJSTZOL,O,O,O,X,X
IJSTOLZ,X,O,O,X,X
IJSTOZL,O,O,O,X,X
IJSLTZO,O,O,O,X,X
IJSLTOZ,X,O,O,X,X
IJSLZTO,O,O,O,X,O
IJSLZOT,O,X,O,X,O
IJSLOTZ,X,X,O,X,X
IJSLOZT,O,X,O,X,X
IJSZTLO,O,O,O,X,X
IJSZTOL,O,O,O,X,X
IJSZLTO,O,O,O,X,O
IJSZLOT,O,X,O,X,O
IJSZOTL,O,O,O,X,X
IJSZOLT,O,X,O,X,X
IJSOTLZ,X,O,O,X,X
IJSOTZL,O,O,O,X,X
IJSOLTZ,X,O,O,X,X
IJSOLZT,O,O,O,X,X
IJSOZTL,O,O,O,X,X
IJSOZLT,O,O,O,X,X
IJZTLSO,O,O,O,X,X
IJZTLOS,O,X,O,O,X
IJZTSLO,O,O,O,X,X
IJZTSOL,O,O,O,X,X
IJZTOLS,O,X,O,O,X
IJZTOSL,O,X,O,O,X
IJZLTSO,O,X,O,X,O
IJZLTOS,O,X,O,X,O
IJZLSTO,O,X,O,X,O
IJZLSOT,O,X,O,X,O
IJZLOTS,O,X,O,X,O
IJZLOST,O,X,O,X,O
IJZSTLO,O,O,O,X,X
IJZSTOL,O,O,O,X,X
IJZSLTO,O,O,O,X,O
IJZSLOT,O,X,O,X,O
IJZSOTL,O,O,O,X,X
IJZSOLT,O,X,O,X,X
IJZOTLS,O,X,O,O,X
IJZOTSL,O,X,O,O,X
IJZOLTS,O,X,O,X,X
IJZOLST,O,X,O,X,X
IJZOSTL,O,X,O,O,X
IJZOSLT,O,X,O,X,X
IJOTLSZ,X,O,O,X,X
IJOTLZS,X,O,O,O,X
IJOTSLZ,X,O,O,X,X
IJOTSZL,O,O,O,X,X
IJOTZLS,O,O,O,O,X
IJOTZSL,O,O,O,O,X
IJOLTSZ,X,X,O,X,X
IJOLTZS,X,X,O,X,X
IJOLSTZ,X,X,O,X,X
IJOLSZT,O,X,O,X,X
IJOLZTS,O,X,O,X,X
IJOLZST,O,X,O,X,X
IJOSTLZ,X,O,O,X,X
IJOSTZL,O,O,O,X,X
IJOSLTZ,X,O,O,X,X
IJOSLZT,O,O,O,X,X
IJOSZTL,O,O,O,X,X
IJOSZLT,O,O,O,X,X
IJOZTLS,O,O,O,O,X
IJOZTSL,O,O,O,O,X
IJOZLTS,O,X,O,X,X
IJOZLST,O,X,O,X,X
IJOZSTL,O,O,O,O,X
IJOZSLT,O,O,O,X,X
ISTLJZO,O,O,O,X,X
ISTLJOZ,X,O,O,X,X
ISTLZJO,O,O,O,X,O
ISTLZOJ,X,O,O,O,O
ISTLOJZ,X,O,X,X,X
ISTLOZJ,X,O,X,O,X
ISTJLZO,O,O,O,X,X
ISTJLOZ,X,O,O,X,X
ISTJZLO,O,O,O,X,X
ISTJZOL,O,O,O,X,X
ISTJOLZ,X,O,O,X,X
ISTJOZL,O,O,O,X,X
ISTZLJO,O,O,O,X,O
ISTZLOJ,X,O,X,O,O
ISTZJLO,O,O,O,X,X
ISTZJOL,O,O,O,X,X
ISTZOLJ,X,O,X,O,X
ISTZOJL,O,O,O,O,X
ISTOLJZ,X,O,X,X,X
ISTOLZJ,X,O,X,O,X
ISTOJLZ,X,O,X,X,X
ISTOJZL,O,O,X,X,X
ISTOZLJ,X,O,X,O,X
ISTOZJL,O,O,X,O,X
ISLTJZO,O,O,O,X,X
ISLTJOZ,X,O,O,X,X
ISLTZJO,O,O,O,X,O
ISLTZOJ,X,O,O,X,O
ISLTOJZ,X,O,X,X,X
ISLTOZJ,X,O,X,X,X
ISLJTZO,O,O,O,X,X
ISLJTOZ,X,O,O,X,X
ISLJZTO,O,O,O,X,O
ISLJZOT,O,X,O,X,O
ISLJOTZ,X,X,O,X,X
ISLJOZT,O,X,O,X,X
ISLZTJO,O,O,O,X,O
ISLZTOJ,X,O,O,X,O
ISLZJTO,O,O,O,X,O
ISLZJOT,O,X,O,X,O
ISLZOTJ,X,X,O,X,O
ISLZOJT,X,X,O,X,O
ISLOTJZ,X,O,X,X,X
ISLOTZJ,X,O,X,X,X
ISLOJTZ,X,O,O,X,X
ISLOJZT,X,O,O,X,X
ISLOZTJ,X,O,O,X,O
ISLOZJT,X,O,O,X,O
ISJTLZO,O,O,O,X,X
ISJTLOZ,X,O,O,X,X
ISJTZLO,O,O,O,X,X
ISJTZOL,O,O,O,X,X
ISJTOLZ,X,O,O,X,X
ISJTOZL,O,O,O,X,X
ISJLTZO,O,O,O,X,X
ISJLTOZ,X,O,O,X,X
ISJLZTO,O,O,O,X,O
ISJLZOT,O,X,O,X,O
ISJLOTZ,X,X,O,X,X
ISJLOZT,O,X,O,X,X
ISJZTLO,O,O,O,X,X
ISJZTOL,O,O,O,X,X
ISJZLTO,O,O,O,X,O
ISJZLOT,O,X,O,X,O
ISJZOTL,O,O,O,X,X
ISJZOLT,O,X,O,X,X
ISJOTLZ,X,O,O,X,X
ISJOTZL,O,O,O,X,X
ISJOLTZ,X,O,O,X,X
ISJOLZT,O,O,O,X,X
ISJOZTL,O,O,O,X,X
ISJOZLT,O,O,O,X,X
ISZTLJO,O,O,O,X,O
ISZTLOJ,X,O,X,O,O
ISZTJLO,O,O,O,X,X
ISZTJOL,O,O,O,X,X
ISZTOLJ,X,O,X,O,X
ISZTOJL,O,O,O,O,X
ISZLTJO,O,O,O,X,O
ISZLTOJ,X,O,O,X,O
ISZLJTO,O,O,O,X,O
ISZLJOT,O,X,O,X,O
ISZLOTJ,X,X,O,X,O
ISZLOJT,X,X,O,X,O
ISZJTLO,O,O,O,X,X
ISZJTOL,O,O,O,X,X
ISZJLTO,O,O,O,X,O
ISZJLOT,O,X,O,X,O
ISZJOTL,O,O,O,X,X
ISZJOLT,O,X,O,X,X
ISZOTLJ,X,O,X,O,X
ISZOTJL,O,O,O,O,X
ISZOLTJ,X,O,X,O,O
ISZOLJT,X,O,X,X,O
ISZOJTL,O,O,O,O,X
ISZOJLT,O,O,O,X,X
ISOTLJZ,X,O,X,X,X
ISOTLZJ,X,O,X,O,X
ISOTJLZ,X,O,X,X,X
ISOTJZL,O,O,X,X,X
ISOTZLJ,X,O,X,O,X
ISOTZJL,O,O,X,O,X
ISOLTJZ,X,O,X,X,X
ISOLTZJ,X,O,X,X,X
ISOLJTZ,X,O,O,X,X
ISOLJZT,X,O,O,X,X
ISOLZTJ,X,O,O,X,O
ISOLZJT,X,O,O,X,O
ISOJTLZ,X,O,O,X,X
ISOJTZL,O,O,O,X,X
ISOJLTZ,X,O,O,X,X
ISOJLZT,O,O,O,X,X
ISOJZTL,O,O,O,X,X
ISOJZLT,O,O,O,X,X
ISOZTLJ,X,O,X,O,X
ISOZTJL,O,O,O,O,X
ISOZLTJ,X,O,X,O,O
ISOZLJT,X,O,X,X,O
ISOZJTL,O,O,O,O,X
ISOZJLT,O,O,O,X,X
IZTLJSO,O,O,O,X,O
IZTLJOS,O,X,O,O,O
IZTLSJO,O,O,O,X,O
IZTLSOJ,X,O,X,O,O
IZTLOJS,X,O,X,O,O
IZTLOSJ,X,O,X,O,O
IZTJLSO,O,O,O,X,X
IZTJLOS,O,X,O,O,X
IZTJSLO,O,O,O,X,X
IZTJSOL,O,O,O,X,X
IZTJOLS,O,X,O,O,X
IZTJOSL,O,X,O,O,X
IZTSLJO,O,O,O,X,O
IZTSLOJ,X,O,X,O,O
IZTSJLO,O,O,O,X,X
IZTSJOL,O,O,O,X,X
IZTSOLJ,X,O,X,O,X
IZTSOJL,O,O,O,O,X
IZTOLJS,X,O,X,O,X
IZTOLSJ,X,O,X,O,X
IZTOJLS,O,O,O,O,X
IZTOJSL,O,O,O,O,X
IZTOSLJ,X,O,X,O,X
IZTOSJL,O,O,O,O,X
IZLTJSO,O,O,O,X,O
IZLTJOS,O,X,O,O,O
IZLTSJO,O,O,O,X,O
IZLTSOJ,X,O,O,O,O
IZLTOJS,X,X,O,O,O
IZLTOSJ,X,O,O,O,O
IZLJTSO,O,X,O,X,O
IZLJTOS,O,X,O,X,O
IZLJSTO,O,X,O,X,O
IZLJSOT,O,X,O,X,O
IZLJOTS,O,X,O,X,O
IZLJOST,O,X,O,X,O
IZLSTJO,O,O,O,X,O
IZLSTOJ,X,O,O,X,O
IZLSJTO,O,O,O,X,O
IZLSJOT,O,X,O,X,O
IZLSOTJ,X,X,O,X,O
IZLSOJT,X,X,O,X,O
IZLOTJS,X,X,O,O,O
IZLOTSJ,X,X,O,O,O
IZLOJTS,X,X,O,X,O
IZLOJST,X,X,O,X,O
IZLOSTJ,X,X,O,O,O
IZLOSJT,X,X,O,X,O
IZJTLSO,O,O,O,X,X
IZJTLOS,O,X,O,O,X
IZJTSLO,O,O,O,X,X
IZJTSOL,O,O,O,X,X
IZJTOLS,O,X,O,O,X
IZJTOSL,O,X,O,O,X
IZJLTSO,O,X,O,X,O
IZJLTOS,O,X,O,X,O
IZJLSTO,O,X,O,X,O
IZJLSOT,O,X,O,X,O
IZJLOTS,O,X,O,X,O
IZJLOST,O,X,O,X,O
IZJSTLO,O,O,O,X,X
IZJSTOL,O,O,O,X,X
IZJSLTO,O,O,O,X,O
IZJSLOT,O,X,O,X,O
IZJSOTL,O,O,O,X,X
IZJSOLT,O,X,O,X,X
IZJOTLS,O,X,O,O,X
IZJOTSL,O,X,O,O,X
IZJOLTS,O,X,O,X,X
IZJOLST,O,X,O,X,X
IZJOSTL,O,X,O,O,X
IZJOSLT,O,X,O,X,X
IZSTLJO,O,O,O,X,O
IZSTLOJ,X,O,X,O,O
IZSTJLO,O,O,O,X,X
IZSTJOL,O,O,O,X,X
IZSTOLJ,X,O,X,O,X
IZSTOJL,O,O,O,O,X
IZSLTJO,O,O,O,X,O
IZSLTOJ,X,O,O,X,O
IZSLJTO,O,O,O,X,O
IZSLJOT,O,X,O,X,O
IZSLOTJ,X,X,O,X,O
IZSLOJT,X,X,O,X,O
IZSJTLO,O,O,O,X,X
IZSJTOL,O,O,O,X,X
IZSJLTO,O,O,O,X,O
IZSJLOT,O,X,O,X,O
IZSJOTL,O,O,O,X,X
IZSJOLT,O,X,O,X,X
IZSOTLJ,X,O,X,O,X
IZSOTJL,O,O,O,O,X
IZSOLTJ,X,O,X,O,O
IZSOLJT,X,O,X,X,O
IZSOJTL,O,O,O,O,X
IZSOJLT,O,O,O,X,X
IZOTLJS,X,O,X,O,X
IZOTLSJ,X,O,X,O,X
IZOTJLS,O,O,O,O,X
IZOTJSL,O,O,O,O,X
IZOTSLJ,X,O,X,O,X
IZOTSJL,O,O,O,O,X
IZOLTJS,X,O,X,O,O
IZOLTSJ,X,O,X,O,O
IZOLJTS,X,X,X,X,O
IZOLJST,X,X,X,X,O
IZOLSTJ,X,O,X,O,O
IZOLSJT,X,O,X,X,O
IZOJTLS,O,O,O,O,X
IZOJTSL,O,O,O,O,X
IZOJLTS,O,X,O,X,X
IZOJLST,O,X,O,X,X
IZOJSTL,O,O,O,O,X
IZOJSLT,O,O,O,X,X
IZOSTLJ,X,O,X,O,X
IZOSTJL,O,O,O,O,X
IZOSLTJ,X,O,X,O,O
IZOSLJT,X,O,X,X,O
IZOSJTL,O,O,O,O,X
IZOSJLT,O,O,O,X,X
IOTLJSZ,X,O,X,X,X
IOTLJZS,X,O,X,O,X
IOTLSJZ,X,O,X,X,X
IOTLSZJ,X,O,X,O,X
IOTLZJS,X,O,X,O,X
IOTLZSJ,X,O,X,O,X
IOTJLSZ,X,O,X,X,X
IOTJLZS,X,O,X,O,X
IOTJSLZ,X,O,X,X,X
IOTJSZL,O,O,X,X,X
IOTJZLS,O,O,X,O,X
IOTJZSL,O,O,X,O,X
IOTSLJZ,X,O,X,X,X
IOTSLZJ,X,O,X,O,X
IOTSJLZ,X,O,X,X,X
IOTSJZL,O,O,X,X,X
IOTSZLJ,X,O,X,O,X
IOTSZJL,O,O,X,O,X
IOTZLJS,X,O,X,O,X
IOTZLSJ,X,O,X,O,X
IOTZJLS,O,O,X,O,X
IOTZJSL,O,O,X,O,X
IOTZSLJ,X,O,X,O,X
IOTZSJL,O,O,X,O,X
IOLTJSZ,X,O,X,X,X
IOLTJZS,X,O,X,O,X
IOLTSJZ,X,O,X,X,X
IOLTSZJ,X,O,X,O,X
IOLTZJS,X,O,X,O,X
IOLTZSJ,X,O,X,O,X
IOLJTSZ,X,X,O,X,X
IOLJTZS,X,X,O,X,X
IOLJSTZ,X,X,O,X,X
IOLJSZT,X,X,O,X,X
IOLJZTS,X,X,O,X,X
IOLJZST,X,X,O,X,X
IOLSTJZ,X,O,X,X,X
IOLSTZJ,X,O,X,X,X
IOLSJTZ,X,O,O,X,X
IOLSJZT,X,O,O,X,X
IOLSZTJ,X,O,O,X,O
IOLSZJT,X,O,O,X,O
IOLZTJS,X,O,O,O,O
IOLZTSJ,X,O,O,O,O
IOLZJTS,X,X,O,X,O
IOLZJST,X,X,O,X,O
IOLZSTJ,X,O,O,O,O
IOLZSJT,X,O,O,X,O
IOJTLSZ,X,O,O,X,X
IOJTLZS,X,O,O,O,X
IOJTSLZ,X,O,O,X,X
IOJTSZL,O,O,O,X,X
IOJTZLS,O,O,O,O,X
IOJTZSL,O,O,O,O,X
IOJLTSZ,X,X,O,X,X
IOJLTZS,X,X,O,X,X
IOJLSTZ,X,X,O,X,X
IOJLSZT,O,X,O,X,X
IOJLZTS,O,X,O,X,X
IOJLZST,O,X,O,X,X
IOJSTLZ,X,O,O,X,X
IOJSTZL,O,O,O,X,X
IOJSLTZ,X,O,O,X,X
IOJSLZT,O,O,O,X,X
IOJSZTL,O,O,O,X,X
IOJSZLT,O,O,O,X,X
IOJZTLS,O,O,O,O,X
IOJZTSL,O,O,O,O,X
IOJZLTS,O,X,O,X,X
IOJZLST,O,X,O,X,X
IOJZSTL,O,O,O,O,X
IOJZSLT,O,O,O,X,X
IOSTLJZ,X,O,X,X,X
IOSTLZJ,X,O,X,O,X
IOSTJLZ,X,O,X,X,X
IOSTJZL,O,O,X,X,X
IOSTZLJ,X,O,X,O,X
IOSTZJL,O,O,X,O,X
IOSLTJZ,X,O,X,X,X
IOSLTZJ,X,O,X,X,X
IOSLJTZ,X,O,O,X,X
IOSLJZT,X,O,O,X,X
IOSLZTJ,X,O,O,X,O
IOSLZJT,X,O,O,X,O
IOSJTLZ,X,O,O,X,X
IOSJTZL,O,O,O,X,X
IOSJLTZ,X,O,O,X,X
IOSJLZT,O,O,O,X,X
IOSJZTL,O,O,O,X,X
IOSJZLT,O,O,O,X,X
IOSZTLJ,X,O,X,O,X
IOSZTJL,O,O,O,O,X
IOSZLTJ,X,O,X,O,O
IOSZLJT,X,O,X,X,O
IOSZJTL,O,O,O,O,X
IOSZJLT,O,O,O,X,X
IOZTLJS,X,O,X,O,X
IOZTLSJ,X,O,X,O,X
IOZTJLS,O,O,O,O,X
IOZTJSL,O,O,O,O,X
IOZTSLJ,X,O,X,O,X
IOZTSJL,O,O,O,O,X
IOZLTJS,X,O,X,O,O
IOZLTSJ,X,O,X,O,O
IOZLJTS,X,X,X,X,O
IOZLJST,X,X,X,X,O
IOZLSTJ,X,O,X,O,O
IOZLSJT,X,O,X,X,O
IOZJTLS,O,O,O,O,X
IOZJTSL,O,O,O,O,X
IOZJLTS,O,X,O,X,X
IOZJLST,O,X,O,X,X
IOZJSTL,O,O,O,O,X
IOZJSLT,O,O,O,X,X
IOZSTLJ,X,O,X,O,X
IOZSTJL,O,O,O,O,X
IOZSLTJ,X,O,X,O,O
IOZSLJT,X,O,X,X,O
IOZSJTL,O,O,O,O,X
IOZSJLT,O,O,O,X,X
LTIJSZO,O,O,O,X,X
LTIJSOZ,X,O,O,X,X
LTIJZSO,O,O,O,X,X
LTIJZOS,O,X,O,O,X
LTIJOSZ,X,O,O,X,X
LTIJOZS,X,O,O,O,X
LTISJZO,O,O,O,X,X
LTISJOZ,X,O,O,X,X
LTISZJO,O,O,O,X,O
LTISZOJ,X,O,O,O,O
LTISOJZ,X,O,X,X,X
LTISOZJ,X,O,X,O,X
LTIZJSO,O,O,O,X,O
LTIZJOS,O,X,O,O,O
LTIZSJO,O,O,O,X,O
LTIZSOJ,X,O,O,O,O
LTIZOJS,X,O,O,O,O
LTIZOSJ,X,O,O,O,O
LTIOJSZ,X,O,X,X,X
LTIOJZS,X,O,X,O,X
LTIOSJZ,X,O,X,X,X
LTIOSZJ,X,O,X,O,X
LTIOZJS,X,O,X,O,X
LTIOZSJ,X,O,X,O,X
LTJISZO,O,O,O,X,X
LTJISOZ,X,O,O,X,X
LTJIZSO,O,O,O,X,X
LTJIZOS,O,X,O,O,X
LTJIOSZ,X,O,O,X,X
LTJIOZS,X,O,O,O,X
LTJSIZO,O,O,O,X,X
LTJSIOZ,X,O,O,X,X
LTJSZIO,O,O,O,X,X
LTJSZOI,O,O,O,X,X
LTJSOIZ,X,O,O,X,X
LTJSOZI,X,O,O,X,X
LTJZISO,O,X,O,X,X
LTJZIOS,O,X,O,O,X
LTJZSIO,O,X,O,X,X
LTJZSOI,O,X,O,X,X
LTJZOIS,O,X,O,O,X
LTJZOSI,O,X,O,O,X
LTJOISZ,X,O,O,X,X
LTJOIZS,X,O,O,O,X
LTJOSIZ,X,O,O,X,X
LTJOSZI,X,O,O,X,X
LTJOZIS,X,X,O,O,X
LTJOZSI,X,O,O,O,X
LTSIJZO,O,O,O,X,X
LTSIJOZ,X,O,O,X,X
LTSIZJO,O,O,O,X,O
LTSIZOJ,X,O,O,O,O
LTSIOJZ,X,O,X,X,X
LTSIOZJ,X,O,X,O,X
LTSJIZO,O,O,O,X,X
LTSJIOZ,X,O,O,X,X
LTSJZIO,O,O,O,X,X
LTSJZOI,O,O,O,X,X
LTSJOIZ,X,O,O,X,X
LTSJOZI,X,O,O,X,X
LTSZIJO,O,O,O,X,O
LTSZIOJ,X,O,O,O,O
LTSZJIO,O,O,O,X,X
LTSZJOI,O,O,O,X,X
LTSZOIJ,X,O,O,O,X
LTSZOJI,O,O,O,O,X
LTSOIJZ,X,O,X,X,X
LTSOIZJ,X,O,X,O,X
LTSOJIZ,X,O,X,X,X
LTSOJZI,X,O,X,X,X
LTSOZIJ,X,O,X,O,X
LTSOZJI,X,O,X,O,X
LTZIJSO,O,O,O,X,O
LTZIJOS,O,X,O,O,O
LTZISJO,O,O,O,X,O
LTZISOJ,X,O,O,O,O
LTZIOJS,X,O,O,O,O
LTZIOSJ,X,O,O,O,O
LTZJISO,O,X,O,X,X
LTZJIOS,O,X,O,O,X
LTZJSIO,O,X,O,X,X
LTZJSOI,O,X,O,X,X
LTZJOIS,O,X,O,O,X
LTZJOSI,O,X,O,O,X
LTZSIJO,O,O,O,X,O
LTZSIOJ,X,O,O,O,O
LTZSJIO,O,O,O,X,X
LTZSJOI,O,O,O,X,X
LTZSOIJ,X,O,O,O,X
LTZSOJI,O,O,O,O,X
LTZOIJS,X,O,O,O,X
LTZOISJ,X,O,O,O,X
LTZOJIS,O,X,O,O,X
LTZOJSI,O,O,O,O,X
LTZOSIJ,X,O,O,O,X
LTZOSJI,O,O,O,O,X
LTOIJSZ,X,O,X,X,X
LTOIJZS,X,O,X,O,X
LTOISJZ,X,O,X,X,X
LTOISZJ,X,O,X,O,X
LTOIZJS,X,O,X,O,X
LTOIZSJ,X,O,X,O,X
LTOJISZ,X,O,X,X,X
LTOJIZS,X,O,X,O,X
LTOJSIZ,X,O,X,X,X
LTOJSZI,X,O,X,X,X
LTOJZIS,X,X,X,O,X
LTOJZSI,X,O,X,O,X
LTOSIJZ,X,O,X,X,X
LTOSIZJ,X,O,X,O,X
LTOSJIZ,X,O,X,X,X
LTOSJZI,X,O,X,X,X
LTOSZIJ,X,O,X,O,X
LTOSZJI,X,O,X,O,X
LTOZIJS,X,O,X,O,X
LTOZISJ,X,O,X,O,X
LTOZJIS,X,X,X,O,X
LTOZJSI,X,O,X,O,X
LTOZSIJ,X,O,X,O,X
LTOZSJI,X,O,X,O,X
LITJSZO,O,O,O,X,X
LITJSOZ,X,O,O,X,X
LITJZSO,O,O,O,X,X
LITJZOS,O,X,O,O,X
LITJOSZ,X,O,O,X,X
LITJOZS,X,O,O,O,X
LITSJZO,O,O,O,X,X
LITSJOZ,X,O,O,X,X
LITSZJO,O,O,O,X,O
LITSZOJ,X,O,O,O,O
LITSOJZ,X,O,X,X,X
LITSOZJ,X,O,X,O,X
LITZJSO,O,O,O,X,O
LITZJOS,O,X,O,O,O
LITZSJO,O,O,O,X,O
LITZSOJ,X,O,O,O,O
LITZOJS,X,O,O,O,O
LITZOSJ,X,O,O,O,O
LITOJSZ,X,O,X,X,X
LITOJZS,X,O,X,O,X
LITOSJZ,X,O,X,X,X
LITOSZJ,X,O,X,O,X
LITOZJS,X,O,X,O,X
LITOZSJ,X,O,X,O,X
LIJTSZO,O,X,O,X,X
LIJTSOZ,X,X,O,X,X
LIJTZSO,O,X,O,X,X
LIJTZOS,O,X,O,X,X
LIJTOSZ,X,X,O,X,X
LIJTOZS,X,X,O,X,X
LIJSTZO,O,X,O,X,X
LIJSTOZ,X,X,O,X,X
LIJSZTO,O,X,O,X,O
LIJSZOT,O,X,O,X,O
LIJSOTZ,X,X,O,X,X
LIJSOZT,O,X,O,X,X
LIJZTSO,O,X,O,X,O
LIJZTOS,O,X,O,X,O
LIJZSTO,O,X,O,X,O
LIJZSOT,O,X,O,X,O
LIJZOTS,O,X,O,X,O
LIJZOST,O,X,O,X,O
LIJOTSZ,X,X,O,X,X
LIJOTZS,X,X,O,X,X
LIJOSTZ,X,X,O,X,X
LIJOSZT,O,X,O,X,X
LIJOZTS,O,X,O,X,X
LIJOZST,O,X,O,X,X
LISTJZO,O,O,O,X,X
LISTJOZ,X,O,O,X,X
LISTZJO,O,O,O,X,O
LISTZOJ,X,O,O,X,O
LISTOJZ,X,O,X,X,X
LISTOZJ,X,O,X,X,X
LISJTZO,O,O,O,X,X
LISJTOZ,X,O,O,X,X
LISJZTO,O,O,O,X,O
LISJZOT,O,X,O,X,O
LISJOTZ,X,X,O,X,X
LISJOZT,O,X,O,X,X
LISZTJO,O,O,O,X,O
LISZTOJ,X,O,O,X,O
LISZJTO,O,O,O,X,O
LISZJOT,O,X,O,X,O
LISZOTJ,X,X,O,X,O
LISZOJT,X,X,O,X,O
LISOTJZ,X,O,X,X,X
LISOTZJ,X,O,X,X,X
LISOJTZ,X,O,O,X,X
LISOJZT,X,O,O,X,X
LISOZTJ,X,O,O,X,O
LISOZJT,X,O,O,X,O
LIZTJSO,O,O,O,X,O
LIZTJOS,O,X,O,O,O
LIZTSJO,O,O,O,X,O
LIZTSOJ,X,O,O,O,O
LIZTOJS,X,X,O,O,O
LIZTOSJ,X,O,O,O,O
LIZJTSO,O,X,O,X,O
LIZJTOS,O,X,O,X,O
LIZJSTO,O,X,O,X,O
LIZJSOT,O,X,O,X,O
LIZJOTS,O,X,O,X,O
LIZJOST,O,X,O,X,O
LIZSTJO,O,O,O,X,O
LIZSTOJ,X,O,O,X,O
LIZSJTO,O,O,O,X,O
LIZSJOT,O,X,O,X,O
LIZSOTJ,X,X,O,X,O
LIZSOJT,X,X,O,X,O
LIZOTJS,X,X,O,O,O
LIZOTSJ,X,X,O,O,O
LIZOJTS,X,X,O,X,O
LIZOJST,X,X,O,X,O
LIZOSTJ,X,X,O,O,O
LIZOSJT,X,X,O,X,O
LIOTJSZ,X,O,X,X,X
LIOTJZS,X,O,X,O,X
LIOTSJZ,X,O,X,X,X
LIOTSZJ,X,O,X,O,X
LIOTZJS,X,O,X,O,X
LIOTZSJ,X,O,X,O,X
LIOJTSZ,X,X,O,X,X
LIOJTZS,X,X,O,X,X
LIOJSTZ,X,X,O,X,X
LIOJSZT,X,X,O,X,X
LIOJZTS,X,X,O,X,X
LIOJZST,X,X,O,X,X
LIOSTJZ,X,O,X,X,X
LIOSTZJ,X,O,X,X,X
LIOSJTZ,X,O,O,X,X
LIOSJZT,X,O,O,X,X
LIOSZTJ,X,O,O,X,O
LIOSZJT,X,O,O,X,O
LIOZTJS,X,O,O,O,O
LIOZTSJ,X,O,O,O,O
LIOZJTS,X,X,O,X,O
LIOZJST,X,X,O,X,O
LIOZSTJ,X,O,O,O,O
LIOZSJT,X,O,O,X,O
LJTISZO,O,X,O,X,X
LJTISOZ,X,X,O,X,X
LJTIZSO,O,X,O,X,X
LJTIZOS,O,X,O,X,X
LJTIOSZ,X,X,O,X,X
LJTIOZS,X,X,O,X,X
LJTSIZO,O,X,O,X,X
LJTSIOZ,X,X,O,X,X
LJTSZIO,O,X,O,X,X
LJTSZOI,O,X,O,X,X
LJTSOIZ,X,X,O,X,X
LJTSOZI,X,X,O,X,X
LJTZISO,O,X,O,X,X
LJTZIOS,O,X,O,X,X
LJTZSIO,O,X,O,X,X
LJTZSOI,O,X,O,X,X
LJTZOIS,O,X,O,X,X
LJTZOSI,O,X,O,X,X
LJTOISZ,X,X,O,X,X
LJTOIZS,X,X,O,X,X
LJTOSIZ,X,X,O,X,X
LJTOSZI,X,X,O,X,X
LJTOZIS,X,X,O,X,X
LJTOZSI,X,X,O,X,X
LJITSZO,O,X,O,X,X
LJITSOZ,X,X,O,X,X
LJITZSO,O,X,O,X,X
LJITZOS,O,X,O,X,X
LJITOSZ,X,X,O,X,X
LJITOZS,X,X,O,X,X
LJISTZO,O,X,O,X,X
LJISTOZ,X,X,O,X,X
LJISZTO,O,X,O,X,O
LJISZOT,O,X,O,X,O
LJISOTZ,X,X,O,X,X
LJISOZT,O,X,O,X,X
LJIZTSO,O,X,O,X,O
LJIZTOS,O,X,O,X,O
LJIZSTO,O,X,O,X,O
LJIZSOT,O,X,O,X,O
LJIZOTS,O,X,O,X,O
LJIZOST,O,X,O,X,O
LJIOTSZ,X,X,O,X,X
LJIOTZS,X,X,O,X,X
LJIOSTZ,X,X,O,X,X
LJIOSZT,O,X,O,X,X
LJIOZTS,O,X,O,X,X
LJIOZST,O,X,O,X,X
LJSTIZO,O,X,O,X,X
LJSTIOZ,X,X,O,X,X
LJSTZIO,O,X,O,X,X
LJSTZOI,O,X,O,X,X
LJSTOIZ,X,X,O,X,X
LJSTOZI,X,X,O,X,X
LJSITZO,O,X,O,X,X
LJSITOZ,X,X,O,X,X
LJSIZTO,O,X,O,X,O
LJSIZOT,O,X,O,X,O
LJSIOTZ,X,X,O,X,X
LJSIOZT,O,X,O,X,X
LJSZTIO,O,X,O,X,X
LJSZTOI,O,X,O,X,X
LJSZITO,O,X,O,X,O
LJSZIOT,O,X,O,X,O
LJSZOTI,O,X,O,X,X
LJSZOIT,O,X,O,X,X
LJSOTIZ,X,X,O,X,X
LJSOTZI,X,X,O,X,X
LJSOITZ,X,X,O,X,X
LJSOIZT,O,X,O,X,X
LJSOZTI,O,X,O,X,X
LJSOZIT,O,X,O,X,X
LJZTISO,O,X,O,X,X
LJZTIOS,O,X,O,X,X
LJZTSIO,O,X,O,X,X
LJZTSOI,O,X,O,X,X
LJZTOIS,O,X,O,X,X
LJZTOSI,O,X,O,X,X
LJZITSO,O,X,O,X,O
LJZITOS,O,X,O,X,O
LJZISTO,O,X,O,X,O
LJZISOT,O,X,O,X,O
LJZIOTS,O,X,O,X,O
LJZIOST,O,X,O,X,O
LJZSTIO,O,X,O,X,X
LJZSTOI,O,X,O,X,X
LJZSITO,O,X,O,X,O
LJZSIOT,O,X,O,X,O
LJZSOTI,O,X,O,X,X
LJZSOIT,O,X,O,X,X
LJZOTIS,O,X,O,X,X
LJZOTSI,O,X,O,X,X
LJZOITS,O,X,O,X,X
LJZOIST,O,X,O,X,X
LJZOSTI,O,X,O,X,X
LJZOSIT,O,X,O,X,X
LJOTISZ,X,X,O,X,X
LJOTIZS,X,X,O,X,X
LJOTSIZ,X,X,O,X,X
LJOTSZI,X,X,O,X,X
LJOTZIS,X,X,O,X,X
LJOTZSI,X,X,O,X,X
LJOITSZ,X,X,O,X,X
LJOITZS,X,X,O,X,X
LJOISTZ,X,X,O,X,X
LJOISZT,O,X,O,X,X
LJOIZTS,O,X,O,X,X
LJOIZST,O,X,O,X,X
LJOSTIZ,X,X,O,X,X
LJOSTZI,X,X,O,X,X
LJOSITZ,X,X,O,X,X
LJOSIZT,O,X,O,X,X
LJOSZTI,O,X,O,X,X
LJOSZIT,O,X,O,X,X
LJOZTIS,O,X,O,X,X
LJOZTSI,O,X,O,X,X
LJOZITS,O,X,O,X,X
LJOZIST,O,X,O,X,X
LJOZSTI,O,X,O,X,X
LJOZSIT,O,X,O,X,X
LSTIJZO,O,O,O,X,X
LSTIJOZ,X,O,O,X,X
LSTIZJO,O,O,O,X,O
LSTIZOJ,X,O,O,X,O
LSTIOJZ,X,O,X,X,X
LSTIOZJ,X,O,X,X,X
LSTJIZO,O,O,O,X,X
LSTJIOZ,X,O,O,X,X
LSTJZIO,O,O,O,X,X
LSTJZOI,O,O,O,X,X
LSTJOIZ,X,O,O,X,X
LSTJOZI,X,O,O,X,X
LSTZIJO,O,O,O,X,O
LSTZIOJ,X,O,O,X,O
LSTZJIO,O,O,O,X,X
LSTZJOI,O,O,O,X,X
LSTZOIJ,X,O,O,X,X
LSTZOJI,O,O,O,X,X
LSTOIJZ,X,O,X,X,X
LSTOIZJ,X,O,X,X,X
LSTOJIZ,X,O,X,X,X
LSTOJZI,X,O,X,X,X
LSTOZIJ,X,O,X,X,X
LSTOZJI,X,O,X,X,X
LSITJZO,O,O,O,X,X
LSITJOZ,X,O,O,X,X
LSITZJO,O,O,O,X,O
LSITZOJ,X,O,O,X,O
LSITOJZ,X,O,X,X,X
LSITOZJ,X,O,X,X,X
LSIJTZO,O,O,O,X,X
LSIJTOZ,X,O,O,X,X
LSIJZTO,O,O,O,X,O
LSIJZOT,O,X,O,X,O
LSIJOTZ,X,X,O,X,X
LSIJOZT,O,X,O,X,X
LSIZTJO,O,O,O,X,O
LSIZTOJ,X,O,O,X,O
LSIZJTO,O,O,O,X,O
LSIZJOT,O,X,O,X,O
LSIZOTJ,X,X,O,X,O
LSIZOJT,X,X,O,X,O
LSIOTJZ,X,O,X,X,X
LSIOTZJ,X,O,X,X,X
LSIOJTZ,X,O,O,X,X
LSIOJZT,X,O,O,X,X
LSIOZTJ,X,O,O,X,O
LSIOZJT,X,O,O,X,O
LSJTIZO,O,O,O,X,X
LSJTIOZ,X,O,O,X,X
LSJTZIO,O,O,O,X,X
LSJTZOI,O,O,O,X,X
LSJTOIZ,X,O,O,X,X
LSJTOZI,X,O,O,X,X
LSJITZO,O,O,O,X,X
LSJITOZ,X,O,O,X,X
LSJIZTO,O,O,O,X,O
LSJIZOT,O,X,O,X,O
LSJIOTZ,X,X,O,X,X
LSJIOZT,O,X,O,X,X
LSJZTIO,O,X,O,X,X
LSJZTOI,O,X,O,X,X
LSJZITO,O,X,O,X,O
LSJZIOT,O,X,O,X,O
LSJZOTI,O,X,O,X,X
LSJZOIT,O,X,O,X,X
LSJOTIZ,X,O,O,X,X
LSJOTZI,X,O,O,X,X
LSJOITZ,X,O,O,X,X
LSJOIZT,O,O,O,X,X
LSJOZTI,O,O,O,X,X
LSJOZIT,O,O,O,X,X
LSZTIJO,O,X,O,X,O
LSZTIOJ,X,X,O,X,O
LSZTJIO,O,X,O,X,X
LSZTJOI,O,X,O,X,X
LSZTOIJ,X,X,O,X,X
LSZTOJI,O,X,O,X,X
LSZITJO,O,X,O,X,O
LSZITOJ,X,X,O,X,O
LSZIJTO,O,X,O,X,O
LSZIJOT,O,X,O,X,O
LSZIOTJ,X,X,O,X,O
LSZIOJT,X,X,O,X,O
LSZJTIO,O,X,O,X,X
LSZJTOI,O,X,O,X,X
LSZJITO,O,X,O,X,O
LSZJIOT,O,X,O,X,O
LSZJOTI,O,X,O,X,X
LSZJOIT,O,X,O,X,X
LSZOTIJ,X,X,O,X,X
LSZOTJI,O,X,O,X,X
LSZOITJ,X,X,O,X,O
LSZOIJT,X,X,O,X,O
LSZOJTI,O,X,O,X,X
LSZOJIT,O,X,O,X,X
LSOTIJZ,X,O,X,X,X
LSOTIZJ,X,O,X,X,X
LSOTJIZ,X,O,X,X,X
LSOTJZI,X,O,X,X,X
LSOTZIJ,X,O,X,X,X
LSOTZJI,X,O,X,X,X
LSOITJZ,X,O,X,X,X
LSOITZJ,X,O,X,X,X
LSOIJTZ,X,O,O,X,X
LSOIJZT,X,O,O,X,X
LSOIZTJ,X,O,O,X,O
LSOIZJT,X,O,O,X,O
LSOJTIZ,X,O,O,X,X
LSOJTZI,X,O,O,X,X
LSOJITZ,X,O,O,X,X
LSOJIZT,X,O,O,X,X
LSOJZTI,X,O,O,X,X
LSOJZIT,X,O,O,X,X
LSOZTIJ,X,O,O,X,X
LSOZTJI,X,O,O,X,X
LSOZITJ,X,O,O,X,O
LSOZIJT,X,O,O,X,O
LSOZJTI,X,O,O,X,X
LSOZJIT,X,O,O,X,X
LZTIJSO,O,X,O,X,O
LZTIJOS,O,X,O,O,O
LZTISJO,O,X,O,X,O
LZTISOJ,X,X,O,O,O
LZTIOJS,X,X,O,O,O
LZTIOSJ,X,X,O,O,O
LZTJISO,O,X,O,X,X
LZTJIOS,O,X,O,O,X
LZTJSIO,O,X,O,X,X
LZTJSOI,O,X,O,X,X
LZTJOIS,O,X,O,O,X
LZTJOSI,O,X,O,O,X
LZTSIJO,O,X,O,X,O
LZTSIOJ,X,X,O,O,O
LZTSJIO,O,X,O,X,X
LZTSJOI,O,X,O,X,X
LZTSOIJ,X,X,O,O,X
LZTSOJI,O,X,O,O,X
LZTOIJS,X,X,O,O,X
LZTOISJ,X,X,O,O,X
LZTOJIS,O,X,O,O,X
LZTOJSI,O,X,O,O,X
LZTOSIJ,X,X,O,O,X
LZTOSJI,O,X,O,O,X
LZITJSO,O,X,O,X,O
LZITJOS,O,X,O,O,O
LZITSJO,O,X,O,X,O
LZITSOJ,X,X,O,O,O
LZITOJS,X,X,O,O,O
LZITOSJ,X,X,O,O,O
LZIJTSO,O,X,O,X,O
LZIJTOS,O,X,O,X,O
LZIJSTO,O,X,O,X,O
LZIJSOT,O,X,O,X,O
LZIJOTS,O,X,O,X,O
LZIJOST,O,X,O,X,O
LZISTJO,O,X,O,X,O
LZISTOJ,X,X,O,X,O
LZISJTO,O,X,O,X,O
LZISJOT,O,X,O,X,O
LZISOTJ,X,X,O,X,O
LZISOJT,X,X,O,X,O
LZIOTJS,X,X,O,O,O
LZIOTSJ,X,X,O,O,O
LZIOJTS,X,X,O,X,O
LZIOJST,X,X,O,X,O
LZIOSTJ,X,X,O,O,O
LZIOSJT,X,X,O,X,O
LZJTISO,O,X,O,X,X
LZJTIOS,O,X,O,X,X
LZJTSIO,O,X,O,X,X
LZJTSOI,O,X,O,X,X
LZJTOIS,O,X,O,X,X
LZJTOSI,O,X,O,X,X
LZJITSO,O,X,O,X,O
LZJITOS,O,X,O,X,O
LZJISTO,O,X,O,X,O
LZJISOT,O,X,O,X,O
LZJIOTS,O,X,O,X,O
LZJIOST,O,X,O,X,O
LZJSTIO,O,X,O,X,X
LZJSTOI,O,X,O,X,X
LZJSITO,O,X,O,X,O
LZJSIOT,O,X,O,X,O
LZJSOTI,O,X,O,X,X
LZJSOIT,O,X,O,X,X
LZJOTIS,O,X,O,X,X
LZJOTSI,O,X,O,X,X
LZJOITS,O,X,O,X,X
LZJOIST,O,X,O,X,X
LZJOSTI,O,X,O,X,X
LZJOSIT,O,X,O,X,X
LZSTIJO,O,X,O,X,O
LZSTIOJ,X,X,O,X,O
LZSTJIO,O,X,O,X,X
LZSTJOI,O,X,O,X,X
LZSTOIJ,X,X,O,X,X
LZSTOJI,O,X,O,X,X
LZSITJO,O,X,O,X,O
LZSITOJ,X,X,O,X,O
LZSIJTO,O,X,O,X,O
LZSIJOT,O,X,O,X,O
LZSIOTJ,X,X,O,X,O
LZSIOJT,X,X,O,X,O
LZSJTIO,O,X,O,X,X
LZSJTOI,O,X,O,X,X
LZSJITO,O,X,O,X,O
LZSJIOT,O,X,O,X,O
LZSJOTI,O,X,O,X,X
LZSJOIT,O,X,O,X,X
LZSOTIJ,X,X,O,X,X
LZSOTJI,O,X,O,X,X
LZSOITJ,X,X,O,X,O
LZSOIJT,X,X,O,X,O
LZSOJTI,O,X,O,X,X
LZSOJIT,O,X,O,X,X
LZOTIJS,X,X,O,O,X
LZOTISJ,X,X,O,O,X
LZOTJIS,O,X,O,O,X
LZOTJSI,O,X,O,O,X
LZOTSIJ,X,X,O,O,X
LZOTSJI,O,X,O,O,X
LZOITJS,X,X,O,O,O
LZOITSJ,X,X,O,O,O
LZOIJTS,X,X,O,X,O
LZOIJST,X,X,O,X,O
LZOISTJ,X,X,O,O,O
LZOISJT,X,X,O,X,O
LZOJTIS,O,X,O,X,X
LZOJTSI,O,X,O,X,X
LZOJITS,O,X,O,X,X
LZOJIST,O,X,O,X,X
LZOJSTI,O,X,O,X,X
LZOJSIT,O,X,O,X,X
LZOSTIJ,X,X,O,O,X
LZOSTJI,O,X,O,O,X
LZOSITJ,X,X,O,O,O
LZOSIJT,X,X,O,X,O
LZOSJTI,O,X,O,X,X
LZOSJIT,O,X,O,X,X
LOTIJSZ,X,O,X,X,X
LOTIJZS,X,O,X,O,X
LOTISJZ,X,O,X,X,X
LOTISZJ,X,O,X,O,X
LOTIZJS,X,O,X,O,X
LOTIZSJ,X,O,X,O,X
LOTJISZ,X,O,X,X,X
LOTJIZS,X,O,X,O,X
LOTJSIZ,X,O,X,X,X
LOTJSZI,X,O,X,X,X
LOTJZIS,X,X,X,O,X
LOTJZSI,X,O,X,O,X
LOTSIJZ,X,O,X,X,X
LOTSIZJ,X,O,X,O,X
LOTSJIZ,X,O,X,X,X
LOTSJZI,X,O,X,X,X
LOTSZIJ,X,O,X,O,X
LOTSZJI,X,O,X,O,X
LOTZIJS,X,O,X,O,X
LOTZISJ,X,O,X,O,X
LOTZJIS,X,X,X,O,X
LOTZJSI,X,O,X,O,X
LOTZSIJ,X,O,X,O,X
LOTZSJI,X,O,X,O,X
LOITJSZ,X,O,X,X,X
LOITJZS,X,O,X,O,X
LOITSJZ,X,O,X,X,X
LOITSZJ,X,O,X,O,X
LOITZJS,X,O,X,O,X
LOITZSJ,X,O,X,O,X
LOIJTSZ,X,X,O,X,X
LOIJTZS,X,X,O,X,X
LOIJSTZ,X,X,O,X,X
LOIJSZT,X,X,O,X,X
LOIJZTS,X,X,O,X,X
LOIJZST,X,X,O,X,X
LOISTJZ,X,O,X,X,X
LOISTZJ,X,O,X,X,X
LOISJTZ,X,O,O,X,X
LOISJZT,X,O,O,X,X
LOISZTJ,X,O,O,X,O
LOISZJT,X,O,O,X,O
LOIZTJS,X,O,O,O,O
LOIZTSJ,X,O,O,O,O
LOIZJTS,X,X,O,X,O
LOIZJST,X,X,O,X,O
LOIZSTJ,X,O,O,O,O
LOIZSJT,X,O,O,X,O
LOJTISZ,X,X,O,X,X
LOJTIZS,X,X,O,X,X
LOJTSIZ,X,X,O,X,X
LOJTSZI,X,X,O,X,X
LOJTZIS,X,X,O,X,X
LOJTZSI,X,X,O,X,X
LOJITSZ,X,X,O,X,X
LOJITZS,X,X,O,X,X
LOJISTZ,X,X,O,X,X
LOJISZT,X,X,O,X,X
LOJIZTS,X,X,O,X,X
LOJIZST,X,X,O,X,X
LOJSTIZ,X,X,O,X,X
LOJSTZI,X,X,O,X,X
LOJSITZ,X,X,O,X,X
LOJSIZT,X,X,O,X,X
LOJSZTI,X,X,O,X,X
LOJSZIT,X,X,O,X,X
LOJZTIS,X,X,O,X,X
LOJZTSI,X,X,O,X,X
LOJZITS,X,X,O,X,X
LOJZIST,X,X,O,X,X
LOJZSTI,X,X,O,X,X
LOJZSIT,X,X,O,X,X
LOSTIJZ,X,O,X,X,X
LOSTIZJ,X,O,X,X,X
LOSTJIZ,X,O,X,X,X
LOSTJZI,X,O,X,X,X
LOSTZIJ,X,O,X,X,X
LOSTZJI,X,O,X,X,X
LOSITJZ,X,O,X,X,X
LOSITZJ,X,O,X,X,X
LOSIJTZ,X,O,O,X,X
LOSIJZT,X,O,O,X,X
LOSIZTJ,X,O,O,X,O
LOSIZJT,X,O,O,X,O
LOSJTIZ,X,O,O,X,X
LOSJTZI,X,O,O,X,X
LOSJITZ,X,O,O,X,X
LOSJIZT,X,O,O,X,X
LOSJZTI,X,O,O,X,X
LOSJZIT,X,O,O,X,X
LOSZTIJ,X,O,O,X,X
LOSZTJI,X,O,O,X,X
LOSZITJ,X,O,O,X,O
LOSZIJT,X,O,O,X,O
LOSZJTI,X,O,O,X,X
LOSZJIT,X,O,O,X,X
LOZTIJS,X,X,O,O,X
LOZTISJ,X,O,O,O,X
LOZTJIS,X,X,O,O,X
LOZTJSI,X,O,O,O,X
LOZTSIJ,X,O,O,O,X
LOZTSJI,X,O,O,O,X
LOZITJS,X,O,O,O,O
LOZITSJ,X,O,O,O,O
LOZIJTS,X,X,O,X,O
LOZIJST,X,X,O,X,O
LOZISTJ,X,O,O,O,O
LOZISJT,X,O,O,X,O
LOZJTIS,X,X,O,X,X
LOZJTSI,X,X,O,X,X
LOZJITS,X,X,O,X,X
LOZJIST,X,X,O,X,X
LOZJSTI,X,X,O,X,X
LOZJSIT,X,X,O,X,X
LOZSTIJ,X,O,O,O,X
LOZSTJI,X,O,O,O,X
LOZSITJ,X,O,O,O,O
LOZSIJT,X,O,O,X,O
LOZSJTI,X,O,O,X,X
LOZSJIT,X,O,O,X,X
JTILSZO,O,O,O,X,X
JTILSOZ,X,O,O,X,X
JTILZSO,O,O,O,X,X
JTILZOS,O,X,O,O,X
JTILOSZ,X,O,O,X,X
JTILOZS,X,O,O,O,X
JTISLZO,O,O,O,X,X
JTISLOZ,X,O,O,X,X
JTISZLO,O,O,O,X,X
JTISZOL,O,O,O,X,X
JTISOLZ,X,O,O,X,X
JTISOZL,O,O,O,X,X
JTIZLSO,O,O,O,X,X
JTIZLOS,O,X,O,O,X
JTIZSLO,O,O,O,X,X
JTIZSOL,O,O,O,X,X
JTIZOLS,O,X,O,O,X
JTIZOSL,O,X,O,O,X
JTIOLSZ,X,O,O,X,X
JTIOLZS,X,O,O,O,X
JTIOSLZ,X,O,O,X,X
JTIOSZL,O,O,O,X,X
JTIOZLS,O,O,O,O,X
JTIOZSL,O,O,O,O,X
JTLISZO,O,O,O,X,X
JTLISOZ,X,O,O,X,X
JTLIZSO,O,O,O,X,X
JTLIZOS,O,X,O,O,X
JTLIOSZ,X,O,O,X,X
JTLIOZS,X,O,O,O,X
JTLSIZO,O,O,O,X,X
JTLSIOZ,X,O,O,X,X
JTLSZIO,O,O,O,X,X
JTLSZOI,O,O,O,X,X
JTLSOIZ,X,O,O,X,X
JTLSOZI,X,O,O,X,X
JTLZISO,O,X,O,X,X
JTLZIOS,O,X,O,O,X
JTLZSIO,O,X,O,X,X
JTLZSOI,O,X,O,X,X
JTLZOIS,O,X,O,O,X
JTLZOSI,O,X,O,O,X
JTLOISZ,X,O,O,X,X
JTLOIZS,X,O,O,O,X
JTLOSIZ,X,O,O,X,X
JTLOSZI,X,O,O,X,X
JTLOZIS,X,X,O,O,X
JTLOZSI,X,O,O,O,X
JTSILZO,O,O,O,X,X
JTSILOZ,X,O,O,X,X
JTSIZLO,O,O,O,X,X
JTSIZOL,O,O,O,X,X
JTSIOLZ,X,O,O,X,X
JTSIOZL,O,O,O,X,X
JTSLIZO,O,O,O,X,X
JTSLIOZ,X,O,O,X,X
JTSLZIO,O,O,O,X,X
JTSLZOI,O,O,O,X,X
JTSLOIZ,X,O,O,X,X
JTSLOZI,X,O,O,X,X
JTSZILO,O,O,O,X,X
JTSZIOL,O,O,O,X,X
JTSZLIO,O,O,O,X,X
JTSZLOI,O,O,O,X,X
JTSZOIL,O,O,O,X,X
JTSZOLI,O,O,O,X,X
JTSOILZ,X,O,O,X,X
JTSOIZL,O,O,O,X,X
JTSOLIZ,X,O,O,X,X
JTSOLZI,X,O,O,X,X
JTSOZIL,O,O,O,X,X
JTSOZLI,O,O,O,X,X
JTZILSO,O,X,O,X,X
JTZILOS,O,X,O,O,X
JTZISLO,O,X,O,X,X
JTZISOL,O,X,O,X,X
JTZIOLS,O,X,O,O,X
JTZIOSL,O,X,O,O,X
JTZLISO,O,X,O,X,X
JTZLIOS,O,X,O,O,X
JTZLSIO,O,X,O,X,X
JTZLSOI,O,X,O,X,X
JTZLOIS,O,X,O,O,X
JTZLOSI,O,X,O,O,X
JTZSILO,O,X,O,X,X
JTZSIOL,O,X,O,X,X
JTZSLIO,O,X,O,X,X
JTZSLOI,O,X,O,X,X
JTZSOIL,O,X,O,X,X
JTZSOLI,O,X,O,X,X
JTZOILS,O,X,O,O,X
JTZOISL,O,X,O,O,X
JTZOLIS,O,X,O,O,X
JTZOLSI,O,X,O,O,X
JTZOSIL,O,X,O,O,X
JTZOSLI,O,X,O,O,X
JTOILSZ,X,O,O,X,X
JTOILZS,X,O,O,O,X
JTOISLZ,X,O,O,X,X
JTOISZL,O,O,O,X,X
JTOIZLS,O,O,O,O,X
JTOIZSL,O,O,O,O,X
JTOLISZ,X,O,O,X,X
JTOLIZS,X,O,O,O,X
JTOLSIZ,X,O,O,X,X
JTOLSZI,X,O,O,X,X
JTOLZIS,X,X,O,O,X
JTOLZSI,X,O,O,O,X
JTOSILZ,X,O,O,X,X
JTOSIZL,O,O,O,X,X
JTOSLIZ,X,O,O,X,X
JTOSLZI,X,O,O,X,X
JTOSZIL,O,O,O,X,X
JTOSZLI,O,O,O,X,X
JTOZILS,O,X,O,O,X
JTOZISL,O,X,O,O,X
JTOZLIS,O,X,O,O,X
JTOZLSI,O,O,O,O,X
JTOZSIL,O,O,O,O,X
JTOZSLI,O,O,O,O,X
JITLSZO,O,O,O,X,X
JITLSOZ,X,O,O,X,X
JITLZSO,O,O,O,X,X
JITLZOS,O,X,O,O,X
JITLOSZ,X,O,O,X,X
JITLOZS,X,O,O,O,X
JITSLZO,O,O,O,X,X
JITSLOZ,X,O,O,X,X
JITSZLO,O,O,O,X,X
JITSZOL,O,O,O,X,X
JITSOLZ,X,O,O,X,X
JITSOZL,O,O,O,X,X
JITZLSO,O,O,O,X,X
JITZLOS,O,X,O,O,X
JITZSLO,O,O,O,X,X
JITZSOL,O,O,O,X,X
JITZOLS,O,X,O,O,X
JITZOSL,O,X,O,O,X
JITOLSZ,X,O,O,X,X
JITOLZS,X,O,O,O,X
JITOSLZ,X,O,O,X,X
JITOSZL,O,O,O,X,X
JITOZLS,O,O,O,O,X
JITOZSL,O,O,O,O,X
JILTSZO,O,X,O,X,X
JILTSOZ,X,X,O,X,X
JILTZSO,O,X,O,X,X
JILTZOS,O,X,O,X,X
JILTOSZ,X,X,O,X,X
JILTOZS,X,X,O,X,X
JILSTZO,O,X,O,X,X
JILSTOZ,X,X,O,X,X
JILSZTO,O,X,O,X,O
JILSZOT,O,X,O,X,O
JILSOTZ,X,X,O,X,X
JILSOZT,O,X,O,X,X
JILZTSO,O,X,O,X,O
JILZTOS,O,X,O,X,O
JILZSTO,O,X,O,X,O
JILZSOT,O,X,O,X,O
JILZOTS,O,X,O,X,O
JILZOST,O,X,O,X,O
JILOTSZ,X,X,O,X,X
JILOTZS,X,X,O,X,X
JILOSTZ,X,X,O,X,X
JILOSZT,O,X,O,X,X
JILOZTS,O,X,O,X,X
JILOZST,O,X,O,X,X
JISTLZO,O,O,O,X,X
JISTLOZ,X,O,O,X,X
JISTZLO,O,O,O,X,X
JISTZOL,O,O,O,X,X
JISTOLZ,X,O,O,X,X
JISTOZL,O,O,O,X,X
JISLTZO,O,O,O,X,X
JISLTOZ,X,O,O,X,X
JISLZTO,O,O,O,X,O
JISLZOT,O,X,O,X,O
JISLOTZ,X,X,O,X,X
JISLOZT,O,X,O,X,X
JISZTLO,O,O,O,X,X
JISZTOL,O,O,O,X,X
JISZLTO,O,O,O,X,O
JISZLOT,O,X,O,X,O
JISZOTL,O,O,O,X,X
JISZOLT,O,X,O,X,X
JISOTLZ,X,O,O,X,X
JISOTZL,O,O,O,X,X
JISOLTZ,X,O,O,X,X
JISOLZT,O,O,O,X,X
JISOZTL,O,O,O,X,X
JISOZLT,O,O,O,X,X
JIZTLSO,O,O,O,X,X
JIZTLOS,O,X,O,O,X
JIZTSLO,O,O,O,X,X
JIZTSOL,O,O,O,X,X
JIZTOLS,O,X,O,O,X
JIZTOSL,O,X,O,O,X
JIZLTSO,O,X,O,X,O
JIZLTOS,O,X,O,X,O
JIZLSTO,O,X,O,X,O
JIZLSOT,O,X,O,X,O
JIZLOTS,O,X,O,X,O
JIZLOST,O,X,O,X,O
JIZSTLO,O,O,O,X,X
JIZSTOL,O,O,O,X,X
JIZSLTO,O,O,O,X,O
JIZSLOT,O,X,O,X,O
JIZSOTL,O,O,O,X,X
JIZSOLT,O,X,O,X,X
JIZOTLS,O,X,O,O,X
JIZOTSL,O,X,O,O,X
JIZOLTS,O,X,O,X,X
JIZOLST,O,X,O,X,X
JIZOSTL,O,X,O,O,X
JIZOSLT,O,X,O,X,X
JIOTLSZ,X,O,O,X,X
JIOTLZS,X,O,O,O,X
JIOTSLZ,X,O,O,X,X
JIOTSZL,O,O,O,X,X
JIOTZLS,O,O,O,O,X
JIOTZSL,O,O,O,O,X
JIOLTSZ,X,X,O,X,X
JIOLTZS,X,X,O,X,X
JIOLSTZ,X,X,O,X,X
JIOLSZT,O,X,O,X,X
JIOLZTS,O,X,O,X,X
JIOLZST,O,X,O,X,X
JIOSTLZ,X,O,O,X,X
JIOSTZL,O,O,O,X,X
JIOSLTZ,X,O,O,X,X
JIOSLZT,O,O,O,X,X
JIOSZTL,O,O,O,X,X
JIOSZLT,O,O,O,X,X
JIOZTLS,O,O,O,O,X
JIOZTSL,O,O,O,O,X
JIOZLTS,O,X,O,X,X
JIOZLST,O,X,O,X,X
JIOZSTL,O,O,O,O,X
JIOZSLT,O,O,O,X,X
JLTISZO,O,X,O,X,X
JLTISOZ,X,X,O,X,X
JLTIZSO,O,X,O,X,X
JLTIZOS,O,X,O,X,X
JLTIOSZ,X,X,O,X,X
JLTIOZS,X,X,O,X,X
JLTSIZO,O,X,O,X,X
JLTSIOZ,X,X,O,X,X
JLTSZIO,O,X,O,X,X
JLTSZOI,O,X,O,X,X
JLTSOIZ,X,X,O,X,X
JLTSOZI,X,X,O,X,X
JLTZISO,O,X,O,X,X
JLTZIOS,O,X,O,X,X
JLTZSIO,O,X,O,X,X
JLTZSOI,O,X,O,X,X
JLTZOIS,O,X,O,X,X
JLTZOSI,O,X,O,X,X
JLTOISZ,X,X,O,X,X
JLTOIZS,X,X,O,X,X
JLTOSIZ,X,X,O,X,X
JLTOSZI,X,X,O,X,X
JLTOZIS,X,X,O,X,X
JLTOZSI,X,X,O,X,X
JLITSZO,O,X,O,X,X
JLITSOZ,X,X,O,X,X
JLITZSO,O,X,O,X,X
JLITZOS,O,X,O,X,X
JLITOSZ,X,X,O,X,X
JLITOZS,X,X,O,X,X
JLISTZO,O,X,O,X,X
JLISTOZ,X,X,O,X,X
JLISZTO,O,X,O,X,O
JLISZOT,O,X,O,X,O
JLISOTZ,X,X,O,X,X
JLISOZT,O,X,O,X,X
JLIZTSO,O,X,O,X,O
JLIZTOS,O,X,O,X,O
JLIZSTO,O,X,O,X,O
JLIZSOT,O,X,O,X,O
JLIZOTS,O,X,O,X,O
JLIZOST,O,X,O,X,O
JLIOTSZ,X,X,O,X,X
JLIOTZS,X,X,O,X,X
JLIOSTZ,X,X,O,X,X
JLIOSZT,O,X,O,X,X
JLIOZTS,O,X,O,X,X
JLIOZST,O,X,O,X,X
JLSTIZO,O,X,O,X,X
JLSTIOZ,X,X,O,X,X
JLSTZIO,O,X,O,X,X
JLSTZOI,O,X,O,X,X
JLSTOIZ,X,X,O,X,X
JLSTOZI,X,X,O,X,X
JLSITZO,O,X,O,X,X
JLSITOZ,X,X,O,X,X
JLSIZTO,O,X,O,X,O
JLSIZOT,O,X,O,X,O
JLSIOTZ,X,X,O,X,X
JLSIOZT,O,X,O,X,X
JLSZTIO,O,X,O,X,X
JLSZTOI,O,X,O,X,X
JLSZITO,O,X,O,X,O
JLSZIOT,O,X,O,X,O
JLSZOTI,O,X,O,X,X
JLSZOIT,O,X,O,X,X
JLSOTIZ,X,X,O,X,X
JLSOTZI,X,X,O,X,X
JLSOITZ,X,X,O,X,X
JLSOIZT,O,X,O,X,X
JLSOZTI,O,X,O,X,X
JLSOZIT,O,X,O,X,X
JLZTISO,O,X,O,X,X
JLZTIOS,O,X,O,X,X
JLZTSIO,O,X,O,X,X
JLZTSOI,O,X,O,X,X
JLZTOIS,O,X,O,X,X
JLZTOSI,O,X,O,X,X
JLZITSO,O,X,O,X,O
JLZITOS,O,X,O,X,O
JLZISTO,O,X,O,X,O
JLZISOT,O,X,O,X,O
JLZIOTS,O,X,O,X,O
JLZIOST,O,X,O,X,O
JLZSTIO,O,X,O,X,X
JLZSTOI,O,X,O,X,X
JLZSITO,O,X,O,X,O
JLZSIOT,O,X,O,X,O
JLZSOTI,O,X,O,X,X
JLZSOIT,O,X,O,X,X
JLZOTIS,O,X,O,X,X
JLZOTSI,O,X,O,X,X
JLZOITS,O,X,O,X,X
JLZOIST,O,X,O,X,X
JLZOSTI,O,X,O,X,X
JLZOSIT,O,X,O,X,X
JLOTISZ,X,X,O,X,X
JLOTIZS,X,X,O,X,X
JLOTSIZ,X,X,O,X,X
JLOTSZI,X,X,O,X,X
JLOTZIS,X,X,O,X,X
JLOTZSI,X,X,O,X,X
JLOITSZ,X,X,O,X,X
JLOITZS,X,X,O,X,X
JLOISTZ,X,X,O,X,X
JLOISZT,O,X,O,X,X
JLOIZTS,O,X,O,X,X
JLOIZST,O,X,O,X,X
JLOSTIZ,X,X,O,X,X
JLOSTZI,X,X,O,X,X
JLOSITZ,X,X,O,X,X
JLOSIZT,O,X,O,X,X
JLOSZTI,O,X,O,X,X
JLOSZIT,O,X,O,X,X
JLOZTIS,O,X,O,X,X
JLOZTSI,O,X,O,X,X
JLOZITS,O,X,O,X,X
JLOZIST,O,X,O,X,X
JLOZSTI,O,X,O,X,X
JLOZSIT,O,X,O,X,X
JSTILZO,O,O,O,X,X
JSTILOZ,X,O,O,X,X
JSTIZLO,O,O,O,X,X
JSTIZOL,O,O,O,X,X
JSTIOLZ,X,O,O,X,X
JSTIOZL,O,O,O,X,X
JSTLIZO,O,O,O,X,X
JSTLIOZ,X,O,O,X,X
JSTLZIO,O,O,O,X,X
JSTLZOI,O,O,O,X,X
JSTLOIZ,X,O,O,X,X
JSTLOZI,X,O,O,X,X
JSTZILO,O,O,O,X,X
JSTZIOL,O,O,O,X,X
JSTZLIO,O,O,O,X,X
JSTZLOI,O,O,O,X,X
JSTZOIL,O,O,O,X,X
JSTZOLI,O,O,O,X,X
JSTOILZ,X,O,O,X,X
JSTOIZL,O,O,O,X,X
JSTOLIZ,X,O,O,X,X
JSTOLZI,X,O,O,X,X
JSTOZIL,O,O,O,X,X
JSTOZLI,O,O,O,X,X
JSITLZO,O,O,O,X,X
JSITLOZ,X,O,O,X,X
JSITZLO,O,O,O,X,X
JSITZOL,O,O,O,X,X
JSITOLZ,X,O,O,X,X
JSITOZL,O,O,O,X,X
JSILTZO,O,O,O,X,X
JSILTOZ,X,O,O,X,X
JSILZTO,O,O,O,X,O
JSILZOT,O,X,O,X,O
JSILOTZ,X,X,O,X,X
JSILOZT,O,X,O,X,X
JSIZTLO,O,O,O,X,X
JSIZTOL,O,O,O,X,X
JSIZLTO,O,O,O,X,O
JSIZLOT,O,X,O,X,O
JSIZOTL,O,O,O,X,X
JSIZOLT,O,X,O,X,X
JSIOTLZ,X,O,O,X,X
JSIOTZL,O,O,O,X,X
JSIOLTZ,X,O,O,X,X
JSIOLZT,O,O,O,X,X
JSIOZTL,O,O,O,X,X
JSIOZLT,O,O,O,X,X
JSLTIZO,O,O,O,X,X
JSLTIOZ,X,O,O,X,X
JSLTZIO,O,O,O,X,X
JSLTZOI,O,O,O,X,X
JSLTOIZ,X,O,O,X,X
JSLTOZI,X,O,O,X,X
JSLITZO,O,O,O,X,X
JSLITOZ,X,O,O,X,X
JSLIZTO,O,O,O,X,O
JSLIZOT,O,X,O,X,O
JSLIOTZ,X,X,O,X,X
JSLIOZT,O,X,O,X,X
JSLZTIO,O,X,O,X,X
JSLZTOI,O,X,O,X,X
JSLZITO,O,X,O,X,O
JSLZIOT,O,X,O,X,O
JSLZOTI,O,X,O,X,X
JSLZOIT,O,X,O,X,X
JSLOTIZ,X,O,O,X,X
JSLOTZI,X,O,O,X,X
JSLOITZ,X,O,O,X,X
JSLOIZT,O,O,O,X,X
JSLOZTI,O,O,O,X,X
JSLOZIT,O,O,O,X,X
JSZTILO,O,O,O,X,X
JSZTIOL,O,O,O,X,X
JSZTLIO,O,O,O,X,X
JSZTLOI,O,O,O,X,X
JSZTOIL,O,O,O,X,X
JSZTOLI,O,O,O,X,X
JSZITLO,O,O,O,X,X
JSZITOL,O,O,O,X,X
JSZILTO,O,O,O,X,O
JSZILOT,O,X,O,X,O
JSZIOTL,O,O,O,X,X
JSZIOLT,O,X,O,X,X
JSZLTIO,O,X,O,X,X
JSZLTOI,O,X,O,X,X
JSZLITO,O,X,O,X,O
JSZLIOT,O,X,O,X,O
JSZLOTI,O,X,O,X,X
JSZLOIT,O,X,O,X,X
JSZOTIL,O,O,O,X,X
JSZOTLI,O,O,O,X,X
JSZOITL,O,O,O,X,X
JSZOILT,O,O,O,X,X
JSZOLTI,O,O,O,X,X
JSZOLIT,O,O,O,X,X
JSOTILZ,X,O,O,X,X
JSOTIZL,O,O,O,X,X
JSOTLIZ,X,O,O,X,X
JSOTLZI,X,O,O,X,X
JSOTZIL,O,O,O,X,X
JSOTZLI,O,O,O,X,X
JSOITLZ,X,O,O,X,X
JSOITZL,O,O,O,X,X
JSOILTZ,X,O,O,X,X
JSOILZT,O,O,O,X,X
JSOIZTL,O,O,O,X,X
JSOIZLT,O,O,O,X,X
JSOLTIZ,X,O,O,X,X
JSOLTZI,X,O,O,X,X
JSOLITZ,X,O,O,X,X
JSOLIZT,O,O,O,X,X
JSOLZTI,O,O,O,X,X
JSOLZIT,O,O,O,X,X
JSOZTIL,O,O,O,X,X
JSOZTLI,O,O,O,X,X
JSOZITL,O,O,O,X,X
JSOZILT,O,O,O,X,X
JSOZLTI,O,O,O,X,X
JSOZLIT,O,O,O,X,X
JZTILSO,O,X,O,X,X
JZTILOS,O,X,O,O,X
JZTISLO,O,X,O,X,X
JZTISOL,O,X,O,X,X
JZTIOLS,O,X,O,O,X
JZTIOSL,O,X,O,O,X
JZTLISO,O,X,O,X,X
JZTLIOS,O,X,O,O,X
JZTLSIO,O,X,O,X,X
JZTLSOI,O,X,O,X,X
JZTLOIS,O,X,O,O,X
JZTLOSI,O,X,O,O,X
JZTSILO,O,X,O,X,X
JZTSIOL,O,X,O,X,X
JZTSLIO,O,X,O,X,X
JZTSLOI,O,X,O,X,X
JZTSOIL,O,X,O,X,X
JZTSOLI,O,X,O,X,X
JZTOILS,O,X,O,O,X
JZTOISL,O,X,O,O,X
JZTOLIS,O,X,O,O,X
JZTOLSI,O,X,O,O,X
JZTOSIL,O,X,O,O,X
JZTOSLI,O,X,O,O,X
JZITLSO,O,X,O,X,X
JZITLOS,O,X,O,O,X
JZITSLO,O,X,O,X,X
JZITSOL,O,X,O,X,X
JZITOLS,O,X,O,O,X
JZITOSL,O,X,O,O,X
JZILTSO,O,X,O,X,O
JZILTOS,O,X,O,X,O
JZILSTO,O,X,O,X,O
JZILSOT,O,X,O,X,O
JZILOTS,O,X,O,X,O
JZILOST,O,X,O,X,O
JZISTLO,O,X,O,X,X
JZISTOL,O,X,O,X,X
JZISLTO,O,X,O,X,O
JZISLOT,O,X,O,X,O
JZISOTL,O,X,O,X,X
JZISOLT,O,X,O,X,X
JZIOTLS,O,X,O,O,X
JZIOTSL,O,X,O,O,X
JZIOLTS,O,X,O,X,X
JZIOLST,O,X,O,X,X
JZIOSTL,O,X,O,O,X
JZIOSLT,O,X,O,X,X
JZLTISO,O,X,O,X,X
JZLTIOS,O,X,O,X,X
JZLTSIO,O,X,O,X,X
JZLTSOI,O,X,O,X,X
JZLTOIS,O,X,O,X,X
JZLTOSI,O,X,O,X,X
JZLITSO,O,X,O,X,O
JZLITOS,O,X,O,X,O
JZLISTO,O,X,O,X,O
JZLISOT,O,X,O,X,O
JZLIOTS,O,X,O,X,O
JZLIOST,O,X,O,X,O
JZLSTIO,O,X,O,X,X
JZLSTOI,O,X,O,X,X
JZLSITO,O,X,O,X,O
JZLSIOT,O,X,O,X,O
JZLSOTI,O,X,O,X,X
JZLSOIT,O,X,O,X,X
JZLOTIS,O,X,O,X,X
JZLOTSI,O,X,O,X,X
JZLOITS,O,X,O,X,X
JZLOIST,O,X,O,X,X
JZLOSTI,O,X,O,X,X
JZLOSIT,O,X,O,X,X
JZSTILO,O,X,O,X,X
JZSTIOL,O,X,O,X,X
JZSTLIO,O,X,O,X,X
JZSTLOI,O,X,O,X,X
JZSTOIL,O,X,O,X,X
JZSTOLI,O,X,O,X,X
JZSITLO,O,X,O,X,X
JZSITOL,O,X,O,X,X
JZSILTO,O,X,O,X,O
JZSILOT,O,X,O,X,O
JZSIOTL,O,X,O,X,X
JZSIOLT,O,X,O,X,X
JZSLTIO,O,X,O,X,X
JZSLTOI,O,X,O,X,X
JZSLITO,O,X,O,X,O
JZSLIOT,O,X,O,X,O
JZSLOTI,O,X,O,X,X
JZSLOIT,O,X,O,X,X
JZSOTIL,O,X,O,X,X
JZSOTLI,O,X,O,X,X
JZSOITL,O,X,O,X,X
JZSOILT,O,X,O,X,X
JZSOLTI,O,X,O,X,X
JZSOLIT,O,X,O,X,X
JZOTILS,O,X,O,O,X
JZOTISL,O,X,O,O,X
JZOTLIS,O,X,O,O,X
JZOTLSI,O,X,O,O,X
JZOTSIL,O,X,O,O,X
JZOTSLI,O,X,O,O,X
JZOITLS,O,X,O,O,X
JZOITSL,O,X,O,O,X
JZOILTS,O,X,O,X,X
JZOILST,O,X,O,X,X
JZOISTL,O,X,O,O,X
JZOISLT,O,X,O,X,X
JZOLTIS,O,X,O,X,X
JZOLTSI,O,X,O,X,X
JZOLITS,O,X,O,X,X
JZOLIST,O,X,O,X,X
JZOLSTI,O,X,O,X,X
JZOLSIT,O,X,O,X,X
JZOSTIL,O,X,O,O,X
JZOSTLI,O,X,O,O,X
JZOSITL,O,X,O,O,X
JZOSILT,O,X,O,X,X
JZOSLTI,O,X,O,X,X
JZOSLIT,O,X,O,X,X
JOTILSZ,X,O,O,X,X
JOTILZS,X,O,O,O,X
JOTISLZ,X,O,O,X,X
JOTISZL,O,O,O,X,X
JOTIZLS,O,O,O,O,X
JOTIZSL,O,O,O,O,X
JOTLISZ,X,O,O,X,X
JOTLIZS,X,O,O,O,X
JOTLSIZ,X,O,O,X,X
JOTLSZI,X,O,O,X,X
JOTLZIS,X,X,O,O,X
JOTLZSI,X,O,O,O,X
JOTSILZ,X,O,O,X,X
JOTSIZL,O,O,O,X,X
JOTSLIZ,X,O,O,X,X
JOTSLZI,X,O,O,X,X
JOTSZIL,O,O,O,X,X
JOTSZLI,O,O,O,X,X
JOTZILS,O,X,O,O,X
JOTZISL,O,X,O,O,X
JOTZLIS,O,X,O,O,X
JOTZLSI,O,O,O,O,X
JOTZSIL,O,O,O,O,X
JOTZSLI,O,O,O,O,X
JOITLSZ,X,O,O,X,X
JOITLZS,X,O,O,O,X
JOITSLZ,X,O,O,X,X
JOITSZL,O,O,O,X,X
JOITZLS,O,O,O,O,X
JOITZSL,O,O,O,O,X
JOILTSZ,X,X,O,X,X
JOILTZS,X,X,O,X,X
JOILSTZ,X,X,O,X,X
JOILSZT,O,X,O,X,X
JOILZTS,O,X,O,X,X
JOILZST,O,X,O,X,X
JOISTLZ,X,O,O,X,X
JOISTZL,O,O,O,X,X
JOISLTZ,X,O,O,X,X
JOISLZT,O,O,O,X,X
JOISZTL,O,O,O,X,X
JOISZLT,O,O,O,X,X
JOIZTLS,O,O,O,O,X
JOIZTSL,O,O,O,O,X
JOIZLTS,O,X,O,X,X
JOIZLST,O,X,O,X,X
JOIZSTL,O,O,O,O,X
JOIZSLT,O,O,O,X,X
JOLTISZ,X,X,O,X,X
JOLTIZS,X,X,O,X,X
JOLTSIZ,X,X,O,X,X
JOLTSZI,X,X,O,X,X
JOLTZIS,X,X,O,X,X
JOLTZSI,X,X,O,X,X
JOLITSZ,X,X,O,X,X
JOLITZS,X,X,O,X,X
JOLISTZ,X,X,O,X,X
JOLISZT,O,X,O,X,X
JOLIZTS,O,X,O,X,X
JOLIZST,O,X,O,X,X
JOLSTIZ,X,X,O,X,X
JOLSTZI,X,X,O,X,X
JOLSITZ,X,X,O,X,X
JOLSIZT,O,X,O,X,X
JOLSZTI,O,X,O,X,X
JOLSZIT,O,X,O,X,X
JOLZTIS,O,X,O,X,X
JOLZTSI,O,X,O,X,X
JOLZITS,O,X,O,X,X
JOLZIST,O,X,O,X,X
JOLZSTI,O,X,O,X,X
JOLZSIT,O,X,O,X,X
JOSTILZ,X,O,O,X,X
JOSTIZL,O,O,O,X,X
JOSTLIZ,X,O,O,X,X
JOSTLZI,X,O,O,X,X
JOSTZIL,O,O,O,X,X
JOSTZLI,O,O,O,X,X
JOSITLZ,X,O,O,X,X
JOSITZL,O,O,O,X,X
JOSILTZ,X,O,O,X,X
JOSILZT,O,O,O,X,X
JOSIZTL,O,O,O,X,X
JOSIZLT,O,O,O,X,X
JOSLTIZ,X,O,O,X,X
JOSLTZI,X,O,O,X,X
JOSLITZ,X,O,O,X,X
JOSLIZT,O,O,O,X,X
JOSLZTI,O,O,O,X,X
JOSLZIT,O,O,O,X,X
JOSZTIL,O,O,O,X,X
JOSZTLI,O,O,O,X,X
JOSZITL,O,O,O,X,X
JOSZILT,O,O,O,X,X
JOSZLTI,O,O,O,X,X
JOSZLIT,O,O,O,X,X
JOZTILS,O,X,O,O,X
JOZTISL,O,X,O,O,X
JOZTLIS,O,X,O,O,X
JOZTLSI,O,O,O,O,X
JOZTSIL,O,O,O,O,X
JOZTSLI,O,O,O,O,X
JOZITLS,O,O,O,O,X
JOZITSL,O,O,O,O,X
JOZILTS,O,X,O,X,X
JOZILST,O,X,O,X,X
JOZISTL,O,O,O,O,X
JOZISLT,O,O,O,X,X
JOZLTIS,O,X,O,X,X
JOZLTSI,O,X,O,X,X
JOZLITS,O,X,O,X,X
JOZLIST,O,X,O,X,X
JOZLSTI,O,X,O,X,X
JOZLSIT,O,X,O,X,X
JOZSTIL,O,O,O,O,X
JOZSTLI,O,O,O,O,X
JOZSITL,O,O,O,O,X
JOZSILT,O,O,O,X,X
JOZSLTI,O,O,O,X,X
JOZSLIT,O,O,O,X,X
STILJZO,O,O,O,X,X
STILJOZ,X,O,O,X,X
STILZJO,O,O,O,X,O
STILZOJ,X,O,O,O,O
STILOJZ,X,O,X,X,X
STILOZJ,X,O,X,O,X
STIJLZO,O,O,O,X,X
STIJLOZ,X,O,O,X,X
STIJZLO,O,O,O,X,X
STIJZOL,O,O,O,X,X
STIJOLZ,X,O,O,X,X
STIJOZL,O,O,O,X,X
STIZLJO,O,O,O,X,O
STIZLOJ,X,O,X,O,O
STIZJLO,O,O,O,X,X
STIZJOL,O,O,O,X,X
STIZOLJ,X,O,X,O,X
STIZOJL,O,O,O,O,X
STIOLJZ,X,O,X,X,X
STIOLZJ,X,O,X,O,X
STIOJLZ,X,O,X,X,X
STIOJZL,O,O,X,X,X
STIOZLJ,X,O,X,O,X
STIOZJL,O,O,X,O,X
STLIJZO,O,O,O,X,X
STLIJOZ,X,O,O,X,X
STLIZJO,O,O,O,X,O
STLIZOJ,X,O,O,O,O
STLIOJZ,X,O,X,X,X
STLIOZJ,X,O,X,O,X
STLJIZO,O,O,O,X,X
STLJIOZ,X,O,O,X,X
STLJZIO,O,O,O,X,X
STLJZOI,O,O,O,X,X
STLJOIZ,X,O,O,X,X
STLJOZI,X,O,O,X,X
STLZIJO,O,O,O,X,O
STLZIOJ,X,O,O,O,O
STLZJIO,O,O,O,X,X
STLZJOI,O,O,O,X,X
STLZOIJ,X,O,O,O,X
STLZOJI,O,O,O,O,X
STLOIJZ,X,O,X,X,X
STLOIZJ,X,O,X,O,X
STLOJIZ,X,O,X,X,X
STLOJZI,X,O,X,X,X
STLOZIJ,X,O,X,O,X
STLOZJI,X,O,X,O,X
STJILZO,O,O,O,X,X
STJILOZ,X,O,O,X,X
STJIZLO,O,O,O,X,X
STJIZOL,O,O,O,X,X
STJIOLZ,X,O,O,X,X
STJIOZL,O,O,O,X,X
STJLIZO,O,O,O,X,X
STJLIOZ,X,O,O,X,X
STJLZIO,O,O,O,X,X
STJLZOI,O,O,O,X,X
STJLOIZ,X,O,O,X,X
STJLOZI,X,O,O,X,X
STJZILO,O,O,O,X,X
STJZIOL,O,O,O,X,X
STJZLIO,O,O,O,X,X
STJZLOI,O,O,O,X,X
STJZOIL,O,O,O,X,X
STJZOLI,O,O,O,X,X
STJOILZ,X,O,O,X,X
STJOIZL,O,O,O,X,X
STJOLIZ,X,O,O,X,X
STJOLZI,X,O,O,X,X
STJOZIL,O,O,O,X,X
STJOZLI,O,O,O,X,X
STZILJO,O,O,O,X,O
STZILOJ,X,O,X,O,O
STZIJLO,O,O,O,X,X
STZIJOL,O,O,O,X,X
STZIOLJ,X,O,X,O,X
STZIOJL,O,O,O,O,X
STZLIJO,O,O,O,X,O
STZLIOJ,X,O,X,O,O
STZLJIO,O,O,O,X,X
STZLJOI,O,O,O,X,X
STZLOIJ,X,O,X,O,X
STZLOJI,O,O,X,O,X
STZJILO,O,O,O,X,X
STZJIOL,O,O,O,X,X
STZJLIO,O,O,O,X,X
STZJLOI,O,O,O,X,X
STZJOIL,O,O,O,X,X
STZJOLI,O,O,O,X,X
STZOILJ,X,O,X,O,X
STZOIJL,O,O,O,O,X
STZOLIJ,X,O,X,O,X
STZOLJI,O,O,X,O,X
STZOJIL,O,O,O,O,X
STZOJLI,O,O,O,O,X
STOILJZ,X,O,X,X,X
STOILZJ,X,O,X,O,X
STOIJLZ,X,O,X,X,X
STOIJZL,O,O,X,X,X
STOIZLJ,X,O,X,O,X
STOIZJL,O,O,X,O,X
STOLIJZ,X,O,X,X,X
STOLIZJ,X,O,X,O,X
STOLJIZ,X,O,X,X,X
STOLJZI,X,O,X,X,X
STOLZIJ,X,O,X,O,X
STOLZJI,X,O,X,O,X
STOJILZ,X,O,X,X,X
STOJIZL,O,O,X,X,X
STOJLIZ,X,O,X,X,X
STOJLZI,X,O,X,X,X
STOJZIL,O,O,X,X,X
STOJZLI,O,O,X,X,X
STOZILJ,X,O,X,O,X
STOZIJL,O,O,X,O,X
STOZLIJ,X,O,X,O,X
STOZLJI,O,O,X,O,X
STOZJIL,O,O,X,O,X
STOZJLI,O,O,X,O,X
SITLJZO,O,O,O,X,X
SITLJOZ,X,O,O,X,X
SITLZJO,O,O,O,X,O
SITLZOJ,X,O,O,O,O
SITLOJZ,X,O,X,X,X
SITLOZJ,X,O,X,O,X
SITJLZO,O,O,O,X,X
SITJLOZ,X,O,O,X,X
SITJZLO,O,O,O,X,X
SITJZOL,O,O,O,X,X
SITJOLZ,X,O,O,X,X
SITJOZL,O,O,O,X,X
SITZLJO,O,O,O,X,O
SITZLOJ,X,O,X,O,O
SITZJLO,O,O,O,X,X
SITZJOL,O,O,O,X,X
SITZOLJ,X,O,X,O,X
SITZOJL,O,O,O,O,X
SITOLJZ,X,O,X,X,X
SITOLZJ,X,O,X,O,X
SITOJLZ,X,O,X,X,X
SITOJZL,O,O,X,X,X
SITOZLJ,X,O,X,O,X
SITOZJL,O,O,X,O,X
SILTJZO,O,O,O,X,X
SILTJOZ,X,O,O,X,X
SILTZJO,O,O,O,X,O
SILTZOJ,X,O,O,X,O
SILTOJZ,X,O,X,X,X
SILTOZJ,X,O,X,X,X
SILJTZO,O,O,O,X,X
SILJTOZ,X,O,O,X,X
SILJZTO,O,O,O,X,O
SILJZOT,O,X,O,X,O
SILJOTZ,X,X,O,X,X
SILJOZT,O,X,O,X,X
SILZTJO,O,O,O,X,O
SILZTOJ,X,O,O,X,O
SILZJTO,O,O,O,X,O
SILZJOT,O,X,O,X,O
SILZOTJ,X,X,O,X,O
SILZOJT,X,X,O,X,O
SILOTJZ,X,O,X,X,X
SILOTZJ,X,O,X,X,X
SILOJTZ,X,O,O,X,X
SILOJZT,X,O,O,X,X
SILOZTJ,X,O,O,X,O
SILOZJT,X,O,O,X,O
SIJTLZO,O,O,O,X,X
SIJTLOZ,X,O,O,X,X
SIJTZLO,O,O,O,X,X
SIJTZOL,O,O,O,X,X
SIJTOLZ,X,O,O,X,X
SIJTOZL,O,O,O,X,X
SIJLTZO,O,O,O,X,X
SIJLTOZ,X,O,O,X,X
SIJLZTO,O,O,O,X,O
SIJLZOT,O,X,O,X,O
SIJLOTZ,X,X,O,X,X
SIJLOZT,O,X,O,X,X
SIJZTLO,O,O,O,X,X
SIJZTOL,O,O,O,X,X
SIJZLTO,O,O,O,X,O
SIJZLOT,O,X,O,X,O
SIJZOTL,O,O,O,X,X
SIJZOLT,O,X,O,X,X
SIJOTLZ,X,O,O,X,X
SIJOTZL,O,O,O,X,X
SIJOLTZ,X,O,O,X,X
SIJOLZT,O,O,O,X,X
SIJOZTL,O,O,O,X,X
SIJOZLT,O,O,O,X,X
SIZTLJO,O,O,O,X,O
SIZTLOJ,X,O,X,O,O
SIZTJLO,O,O,O,X,X
SIZTJOL,O,O,O,X,X
SIZTOLJ,X,O,X,O,X
SIZTOJL,O,O,O,O,X
SIZLTJO,O,O,O,X,O
SIZLTOJ,X,O,O,X,O
SIZLJTO,O,O,O,X,O
SIZLJOT,O,X,O,X,O
SIZLOTJ,X,X,O,X,O
SIZLOJT,X,X,O,X,O
SIZJTLO,O,O,O,X,X
SIZJTOL,O,O,O,X,X
SIZJLTO,O,O,O,X,O
SIZJLOT,O,X,O,X,O
SIZJOTL,O,O,O,X,X
SIZJOLT,O,X,O,X,X
SIZOTLJ,X,O,X,O,X
SIZOTJL,O,O,O,O,X
SIZOLTJ,X,O,X,O,O
SIZOLJT,X,O,X,X,O
SIZOJTL,O,O,O,O,X
SIZOJLT,O,O,O,X,X
SIOTLJZ,X,O,X,X,X
SIOTLZJ,X,O,X,O,X
SIOTJLZ,X,O,X,X,X
SIOTJZL,O,O,X,X,X
SIOTZLJ,X,O,X,O,X
SIOTZJL,O,O,X,O,X
SIOLTJZ,X,O,X,X,X
SIOLTZJ,X,O,X,X,X
SIOLJTZ,X,O,O,X,X
SIOLJZT,X,O,O,X,X
SIOLZTJ,X,O,O,X,O
SIOLZJT,X,O,O,X,O
SIOJTLZ,X,O,O,X,X
SIOJTZL,O,O,O,X,X
SIOJLTZ,X,O,O,X,X
SIOJLZT,O,O,O,X,X
SIOJZTL,O,O,O,X,X
SIOJZLT,O,O,O,X,X
SIOZTLJ,X,O,X,O,X
SIOZTJL,O,O,O,O,X
SIOZLTJ,X,O,X,O,O
SIOZLJT,X,O,X,X,O
SIOZJTL,O,O,O,O,X
SIOZJLT,O,O,O,X,X
SLTIJZO,O,O,O,X,X
SLTIJOZ,X,O,O,X,X
SLTIZJO,O,O,O,X,O
SLTIZOJ,X,O,O,X,O
SLTIOJZ,X,O,X,X,X
SLTIOZJ,X,O,X,X,X
SLTJIZO,O,O,O,X,X
SLTJIOZ,X,O,O,X,X
SLTJZIO,O,O,O,X,X
SLTJZOI,O,O,O,X,X
SLTJOIZ,X,O,O,X,X
SLTJOZI,X,O,O,X,X
SLTZIJO,O,O,O,X,O
SLTZIOJ,X,O,O,X,O
SLTZJIO,O,O,O,X,X
SLTZJOI,O,O,O,X,X
SLTZOIJ,X,O,O,X,X
SLTZOJI,O,O,O,X,X
SLTOIJZ,X,O,X,X,X
SLTOIZJ,X,O,X,X,X
SLTOJIZ,X,O,X,X,X
SLTOJZI,X,O,X,X,X
SLTOZIJ,X,O,X,X,X
SLTOZJI,X,O,X,X,X
SLITJZO,O,O,O,X,X
SLITJOZ,X,O,O,X,X
SLITZJO,O,O,O,X,O
SLITZOJ,X,O,O,X,O
SLITOJZ,X,O,X,X,X
SLITOZJ,X,O,X,X,X
SLIJTZO,O,O,O,X,X
SLIJTOZ,X,O,O,X,X
SLIJZTO,O,O,O,X,O
SLIJZOT,O,X,O,X,O
SLIJOTZ,X,X,O,X,X
SLIJOZT,O,X,O,X,X
SLIZTJO,O,O,O,X,O
SLIZTOJ,X,O,O,X,O
SLIZJTO,O,O,O,X,O
SLIZJOT,O,X,O,X,O
SLIZOTJ,X,X,O,X,O
SLIZOJT,X,X,O,X,O
SLIOTJZ,X,O,X,X,X
SLIOTZJ,X,O,X,X,X
SLIOJTZ,X,O,O,X,X
SLIOJZT,X,O,O,X,X
SLIOZTJ,X,O,O,X,O
SLIOZJT,X,O,O,X,O
SLJTIZO,O,O,O,X,X
SLJTIOZ,X,O,O,X,X
SLJTZIO,O,O,O,X,X
SLJTZOI,O,O,O,X,X
SLJTOIZ,X,O,O,X,X
SLJTOZI,X,O,O,X,X
SLJITZO,O,O,O,X,X
SLJITOZ,X,O,O,X,X
SLJIZTO,O,O,O,X,O
SLJIZOT,O,X,O,X,O
SLJIOTZ,X,X,O,X,X
SLJIOZT,O,X,O,X,X
SLJZTIO,O,X,O,X,X
SLJZTOI,O,X,O,X,X
SLJZITO,O,X,O,X,O
SLJZIOT,O,X,O,X,O
SLJZOTI,O,X,O,X,X
SLJZOIT,O,X,O,X,X
SLJOTIZ,X,O,O,X,X
SLJOTZI,X,O,O,X,X
SLJOITZ,X,O,O,X,X
SLJOIZT,O,O,O,X,X
SLJOZTI,O,O,O,X,X
SLJOZIT,O,O,O,X,X
SLZTIJO,O,X,O,X,O
SLZTIOJ,X,X,O,X,O
SLZTJIO,O,X,O,X,X
SLZTJOI,O,X,O,X,X
SLZTOIJ,X,X,O,X,X
SLZTOJI,O,X,O,X,X
SLZITJO,O,X,O,X,O
SLZITOJ,X,X,O,X,O
SLZIJTO,O,X,O,X,O
SLZIJOT,O,X,O,X,O
SLZIOTJ,X,X,O,X,O
SLZIOJT,X,X,O,X,O
SLZJTIO,O,X,O,X,X
SLZJTOI,O,X,O,X,X
SLZJITO,O,X,O,X,O
SLZJIOT,O,X,O,X,O
SLZJOTI,O,X,O,X,X
SLZJOIT,O,X,O,X,X
SLZOTIJ,X,X,O,X,X
SLZOTJI,O,X,O,X,X
SLZOITJ,X,X,O,X,O
SLZOIJT,X,X,O,X,O
SLZOJTI,O,X,O,X,X
SLZOJIT,O,X,O,X,X
SLOTIJZ,X,O,X,X,X
SLOTIZJ,X,O,X,X,X
SLOTJIZ,X,O,X,X,X
SLOTJZI,X,O,X,X,X
SLOTZIJ,X,O,X,X,X
SLOTZJI,X,O,X,X,X
SLOITJZ,X,O,X,X,X
SLOITZJ,X,O,X,X,X
SLOIJTZ,X,O,O,X,X
SLOIJZT,X,O,O,X,X
SLOIZTJ,X,O,O,X,O
SLOIZJT,X,O,O,X,O
SLOJTIZ,X,O,O,X,X
SLOJTZI,X,O,O,X,X
SLOJITZ,X,O,O,X,X
SLOJIZT,X,O,O,X,X
SLOJZTI,X,O,O,X,X
SLOJZIT,X,O,O,X,X
SLOZTIJ,X,O,O,X,X
SLOZTJI,X,O,O,X,X
SLOZITJ,X,O,O,X,O
SLOZIJT,X,O,O,X,O
SLOZJTI,X,O,O,X,X
SLOZJIT,X,O,O,X,X
SJTILZO,O,O,O,X,X
SJTILOZ,X,O,O,X,X
SJTIZLO,O,O,O,X,X
SJTIZOL,O,O,O,X,X
SJTIOLZ,X,O,O,X,X
SJTIOZL,O,O,O,X,X
SJTLIZO,O,O,O,X,X
SJTLIOZ,X,O,O,X,X
SJTLZIO,O,O,O,X,X
SJTLZOI,O,O,O,X,X
SJTLOIZ,X,O,O,X,X
SJTLOZI,X,O,O,X,X
SJTZILO,O,O,O,X,X
SJTZIOL,O,O,O,X,X
SJTZLIO,O,O,O,X,X
SJTZLOI,O,O,O,X,X
SJTZOIL,O,O,O,X,X
SJTZOLI,O,O,O,X,X
SJTOILZ,X,O,O,X,X
SJTOIZL,O,O,O,X,X
SJTOLIZ,X,O,O,X,X
SJTOLZI,X,O,O,X,X
SJTOZIL,O,O,O,X,X
SJTOZLI,O,O,O,X,X
SJITLZO,O,O,O,X,X
SJITLOZ,X,O,O,X,X
SJITZLO,O,O,O,X,X
SJITZOL,O,O,O,X,X
SJITOLZ,X,O,O,X,X
SJITOZL,O,O,O,X,X
SJILTZO,O,O,O,X,X
SJILTOZ,X,O,O,X,X
SJILZTO,O,O,O,X,O
SJILZOT,O,X,O,X,O
SJILOTZ,X,X,O,X,X
SJILOZT,O,X,O,X,X
SJIZTLO,O,O,O,X,X
SJIZTOL,O,O,O,X,X
SJIZLTO,O,O,O,X,O
SJIZLOT,O,X,O,X,O
SJIZOTL,O,O,O,X,X
SJIZOLT,O,X,O,X,X
SJIOTLZ,X,O,O,X,X
SJIOTZL,O,O,O,X,X
SJIOLTZ,X,O,O,X,X
SJIOLZT,O,O,O,X,X
SJIOZTL,O,O,O,X,X
SJIOZLT,O,O,O,X,X
SJLTIZO,O,O,O,X,X
SJLTIOZ,X,O,O,X,X
SJLTZIO,O,O,O,X,X
SJLTZOI,O,O,O,X,X
SJLTOIZ,X,O,O,X,X
SJLTOZI,X,O,O,X,X
SJLITZO,O,O,O,X,X
SJLITOZ,X,O,O,X,X
SJLIZTO,O,O,O,X,O
SJLIZOT,O,X,O,X,O
SJLIOTZ,X,X,O,X,X
SJLIOZT,O,X,O,X,X
SJLZTIO,O,X,O,X,X
SJLZTOI,O,X,O,X,X
SJLZITO,O,X,O,X,O
SJLZIOT,O,X,O,X,O
SJLZOTI,O,X,O,X,X
SJLZOIT,O,X,O,X,X
SJLOTIZ,X,O,O,X,X
SJLOTZI,X,O,O,X,X
SJLOITZ,X,O,O,X,X
SJLOIZT,O,O,O,X,X
SJLOZTI,O,O,O,X,X
SJLOZIT,O,O,O,X,X
SJZTILO,O,O,O,X,X
SJZTIOL,O,O,O,X,X
SJZTLIO,O,O,O,X,X
SJZTLOI,O,O,O,X,X
SJZTOIL,O,O,O,X,X
SJZTOLI,O,O,O,X,X
SJZITLO,O,O,O,X,X
SJZITOL,O,O,O,X,X
SJZILTO,O,O,O,X,O
SJZILOT,O,X,O,X,O
SJZIOTL,O,O,O,X,X
SJZIOLT,O,X,O,X,X
SJZLTIO,O,X,O,X,X
SJZLTOI,O,X,O,X,X
SJZLITO,O,X,O,X,O
SJZLIOT,O,X,O,X,O
SJZLOTI,O,X,O,X,X
SJZLOIT,O,X,O,X,X
SJZOTIL,O,O,O,X,X
SJZOTLI,O,O,O,X,X
SJZOITL,O,O,O,X,X
SJZOILT,O,O,O,X,X
SJZOLTI,O,O,O,X,X
SJZOLIT,O,O,O,X,X
SJOTILZ,X,O,O,X,X
SJOTIZL,O,O,O,X,X
SJOTLIZ,X,O,O,X,X
SJOTLZI,X,O,O,X,X
SJOTZIL,O,O,O,X,X
SJOTZLI,O,O,O,X,X
SJOITLZ,X,O,O,X,X
SJOITZL,O,O,O,X,X
SJOILTZ,X,O,O,X,X
SJOILZT,O,O,O,X,X
SJOIZTL,O,O,O,X,X
SJOIZLT,O,O,O,X,X
SJOLTIZ,X,O,O,X,X
SJOLTZI,X,O,O,X,X
SJOLITZ,X,O,O,X,X
SJOLIZT,O,O,O,X,X
SJOLZTI,O,O,O,X,X
SJOLZIT,O,O,O,X,X
SJOZTIL,O,O,O,X,X
SJOZTLI,O,O,O,X,X
SJOZITL,O,O,O,X,X
SJOZILT,O,O,O,X,X
SJOZLTI,O,O,O,X,X
SJOZLIT,O,O,O,X,X
SZTILJO,O,O,O,X,O
SZTILOJ,X,O,X,O,O
SZTIJLO,O,O,O,X,X
SZTIJOL,O,O,O,X,X
SZTIOLJ,X,O,X,O,X
SZTIOJL,O,O,O,O,X
SZTLIJO,O,O,O,X,O
SZTLIOJ,X,O,X,O,O
SZTLJIO,O,O,O,X,X
SZTLJOI,O,O,O,X,X
SZTLOIJ,X,O,X,O,X
SZTLOJI,O,O,X,O,X
SZTJILO,O,O,O,X,X
SZTJIOL,O,O,O,X,X
SZTJLIO,O,O,O,X,X
SZTJLOI,O,O,O,X,X
SZTJOIL,O,O,O,X,X
SZTJOLI,O,O,O,X,X
SZTOILJ,X,O,X,O,X
SZTOIJL,O,O,O,O,X
SZTOLIJ,X,O,X,O,X
SZTOLJI,O,O,X,O,X
SZTOJIL,O,O,O,O,X
SZTOJLI,O,O,O,O,X
SZITLJO,O,O,O,X,O
SZITLOJ,X,O,X,O,O
SZITJLO,O,O,O,X,X
SZITJOL,O,O,O,X,X
SZITOLJ,X,O,X,O,X
SZITOJL,O,O,O,O,X
SZILTJO,O,O,O,X,O
SZILTOJ,X,O,O,X,O
SZILJTO,O,O,O,X,O
SZILJOT,O,X,O,X,O
SZILOTJ,X,X,O,X,O
SZILOJT,X,X,O,X,O
SZIJTLO,O,O,O,X,X
SZIJTOL,O,O,O,X,X
SZIJLTO,O,O,O,X,O
SZIJLOT,O,X,O,X,O
SZIJOTL,O,O,O,X,X
SZIJOLT,O,X,O,X,X
SZIOTLJ,X,O,X,O,X
SZIOTJL,O,O,O,O,X
SZIOLTJ,X,O,X,O,O
SZIOLJT,X,O,X,X,O
SZIOJTL,O,O,O,O,X
SZIOJLT,O,O,O,X,X
SZLTIJO,O,X,O,X,O
SZLTIOJ,X,X,O,X,O
SZLTJIO,O,X,O,X,X
SZLTJOI,O,X,O,X,X
SZLTOIJ,X,X,O,X,X
SZLTOJI,O,X,O,X,X
SZLITJO,O,X,O,X,O
SZLITOJ,X,X,O,X,O
SZLIJTO,O,X,O,X,O
SZLIJOT,O,X,O,X,O
SZLIOTJ,X,X,O,X,O
SZLIOJT,X,X,O,X,O
SZLJTIO,O,X,O,X,X
SZLJTOI,O,X,O,X,X
SZLJITO,O,X,O,X,O
SZLJIOT,O,X,O,X,O
SZLJOTI,O,X,O,X,X
SZLJOIT,O,X,O,X,X
SZLOTIJ,X,X,O,X,X
SZLOTJI,O,X,O,X,X
SZLOITJ,X,X,O,X,O
SZLOIJT,X,X,O,X,O
SZLOJTI,O,X,O,X,X
SZLOJIT,O,X,O,X,X
SZJTILO,O,O,O,X,X
SZJTIOL,O,O,O,X,X
SZJTLIO,O,O,O,X,X
SZJTLOI,O,O,O,X,X
SZJTOIL,O,O,O,X,X
SZJTOLI,O,O,O,X,X
SZJITLO,O,O,O,X,X
SZJITOL,O,O,O,X,X
SZJILTO,O,O,O,X,O
SZJILOT,O,X,O,X,O
SZJIOTL,O,O,O,X,X
SZJIOLT,O,X,O,X,X
SZJLTIO,O,X,O,X,X
SZJLTOI,O,X,O,X,X
SZJLITO,O,X,O,X,O
SZJLIOT,O,X,O,X,O
SZJLOTI,O,X,O,X,X
SZJLOIT,O,X,O,X,X
SZJOTIL,O,O,O,X,X
SZJOTLI,O,O,O,X,X
SZJOITL,O,O,O,X,X
SZJOILT,O,O,O,X,X
SZJOLTI,O,O,O,X,X
SZJOLIT,O,O,O,X,X
SZOTILJ,X,O,X,O,X
SZOTIJL,O,O,O,O,X
SZOTLIJ,X,O,X,O,X
SZOTLJI,O,O,X,O,X
SZOTJIL,O,O,O,O,X
SZOTJLI,O,O,O,O,X
SZOITLJ,X,O,X,O,X
SZOITJL,O,O,O,O,X
SZOILTJ,X,O,X,O,O
SZOILJT,X,O,X,X,O
SZOIJTL,O,O,O,O,X
SZOIJLT,O,O,O,X,X
SZOLTIJ,X,O,X,O,X
SZOLTJI,O,O,X,O,X
SZOLITJ,X,O,X,O,O
SZOLIJT,X,O,X,X,O
SZOLJTI,O,O,X,X,X
SZOLJIT,O,O,X,X,X
SZOJTIL,O,O,O,O,X
SZOJTLI,O,O,O,O,X
SZOJITL,O,O,O,O,X
SZOJILT,O,O,O,X,X
SZOJLTI,O,O,O,X,X
SZOJLIT,O,O,O,X,X
SOTILJZ,X,O,X,X,X
SOTILZJ,X,O,X,O,X
SOTIJLZ,X,O,X,X,X
SOTIJZL,O,O,X,X,X
SOTIZLJ,X,O,X,O,X
SOTIZJL,O,O,X,O,X
SOTLIJZ,X,O,X,X,X
SOTLIZJ,X,O,X,O,X
SOTLJIZ,X,O,X,X,X
SOTLJZI,X,O,X,X,X
SOTLZIJ,X,O,X,O,X
SOTLZJI,X,O,X,O,X
SOTJILZ,X,O,X,X,X
SOTJIZL,O,O,X,X,X
SOTJLIZ,X,O,X,X,X
SOTJLZI,X,O,X,X,X
SOTJZIL,O,O,X,X,X
SOTJZLI,O,O,X,X,X
SOTZILJ,X,O,X,O,X
SOTZIJL,O,O,X,O,X
SOTZLIJ,X,O,X,O,X
SOTZLJI,O,O,X,O,X
SOTZJIL,O,O,X,O,X
SOTZJLI,O,O,X,O,X
SOITLJZ,X,O,X,X,X
SOITLZJ,X,O,X,O,X
SOITJLZ,X,O,X,X,X
SOITJZL,O,O,X,X,X
SOITZLJ,X,O,X,O,X
SOITZJL,O,O,X,O,X
SOILTJZ,X,O,X,X,X
SOILTZJ,X,O,X,X,X
SOILJTZ,X,O,O,X,X
SOILJZT,X,O,O,X,X
SOILZTJ,X,O,O,X,O
SOILZJT,X,O,O,X,O
SOIJTLZ,X,O,O,X,X
SOIJTZL,O,O,O,X,X
SOIJLTZ,X,O,O,X,X
SOIJLZT,O,O,O,X,X
SOIJZTL,O,O,O,X,X
SOIJZLT,O,O,O,X,X
SOIZTLJ,X,O,X,O,X
SOIZTJL,O,O,O,O,X
SOIZLTJ,X,O,X,O,O
SOIZLJT,X,O,X,X,O
SOIZJTL,O,O,O,O,X
SOIZJLT,O,O,O,X,X
SOLTIJZ,X,O,X,X,X
SOLTIZJ,X,O,X,X,X
SOLTJIZ,X,O,X,X,X
SOLTJZI,X,O,X,X,X
SOLTZIJ,X,O,X,X,X
SOLTZJI,X,O,X,X,X
SOLITJZ,X,O,X,X,X
SOLITZJ,X,O,X,X,X
SOLIJTZ,X,O,O,X,X
SOLIJZT,X,O,O,X,X
SOLIZTJ,X,O,O,X,O
SOLIZJT,X,O,O,X,O
SOLJTIZ,X,O,O,X,X
SOLJTZI,X,O,O,X,X
SOLJITZ,X,O,O,X,X
SOLJIZT,X,O,O,X,X
SOLJZTI,X,O,O,X,X
SOLJZIT,X,O,O,X,X
SOLZTIJ,X,O,O,X,X
SOLZTJI,X,O,O,X,X
SOLZITJ,X,O,O,X,O
SOLZIJT,X,O,O,X,O
SOLZJTI,X,O,O,X,X
SOLZJIT,X,O,O,X,X
SOJTILZ,X,O,O,X,X
SOJTIZL,O,O,O,X,X
SOJTLIZ,X,O,O,X,X
SOJTLZI,X,O,O,X,X
SOJTZIL,O,O,O,X,X
SOJTZLI,O,O,O,X,X
SOJITLZ,X,O,O,X,X
SOJITZL,O,O,O,X,X
SOJILTZ,X,O,O,X,X
SOJILZT,O,O,O,X,X
SOJIZTL,O,O,O,X,X
SOJIZLT,O,O,O,X,X
SOJLTIZ,X,O,O,X,X
SOJLTZI,X,O,O,X,X
SOJLITZ,X,O,O,X,X
SOJLIZT,O,O,O,X,X
SOJLZTI,O,O,O,X,X
SOJLZIT,O,O,O,X,X
SOJZTIL,O,O,O,X,X
SOJZTLI,O,O,O,X,X
SOJZITL,O,O,O,X,X
SOJZILT,O,O,O,X,X
SOJZLTI,O,O,O,X,X
SOJZLIT,O,O,O,X,X
SOZTILJ,X,O,X,O,X
SOZTIJL,O,O,O,O,X
SOZTLIJ,X,O,X,O,X
SOZTLJI,O,O,X,O,X
SOZTJIL,O,O,O,O,X
SOZTJLI,O,O,O,O,X
SOZITLJ,X,O,X,O,X
SOZITJL,O,O,O,O,X
SOZILTJ,X,O,X,O,O
SOZILJT,X,O,X,X,O
SOZIJTL,O,O,O,O,X
SOZIJLT,O,O,O,X,X
SOZLTIJ,X,O,X,O,X
SOZLTJI,O,O,X,O,X
SOZLITJ,X,O,X,O,O
SOZLIJT,X,O,X,X,O
SOZLJTI,O,O,X,X,X
SOZLJIT,O,O,X,X,X
SOZJTIL,O,O,O,O,X
SOZJTLI,O,O,O,O,X
SOZJITL,O,O,O,O,X
SOZJILT,O,O,O,X,X
SOZJLTI,O,O,O,X,X
SOZJLIT,O,O,O,X,X
ZTILJSO,O,O,O,X,O
ZTILJOS,O,X,O,O,O
ZTILSJO,O,O,O,X,O
ZTILSOJ,X,O,X,O,O
ZTILOJS,X,O,X,O,O
ZTILOSJ,X,O,X,O,O
ZTIJLSO,O,O,O,X,X
ZTIJLOS,O,X,O,O,X
ZTIJSLO,O,O,O,X,X
ZTIJSOL,O,O,O,X,X
ZTIJOLS,O,X,O,O,X
ZTIJOSL,O,X,O,O,X
ZTISLJO,O,O,O,X,O
ZTISLOJ,X,O,X,O,O
ZTISJLO,O,O,O,X,X
ZTISJOL,O,O,O,X,X
ZTISOLJ,X,O,X,O,X
ZTISOJL,O,O,O,O,X
ZTIOLJS,X,O,X,O,X
ZTIOLSJ,X,O,X,O,X
ZTIOJLS,O,O,O,O,X
ZTIOJSL,O,O,O,O,X
ZTIOSLJ,X,O,X,O,X
ZTIOSJL,O,O,O,O,X
ZTLIJSO,O,O,O,X,O
ZTLIJOS,O,X,O,O,O
ZTLISJO,O,O,O,X,O
ZTLISOJ,X,O,X,O,O
ZTLIOJS,X,O,X,O,O
ZTLIOSJ,X,O,X,O,O
ZTLJISO,O,X,O,X,X
ZTLJIOS,O,X,O,O,X
ZTLJSIO,O,X,O,X,X
ZTLJSOI,O,X,O,X,X
ZTLJOIS,O,X,O,O,X
ZTLJOSI,O,X,O,O,X
ZTLSIJO,O,O,O,X,O
ZTLSIOJ,X,O,X,O,O
ZTLSJIO,O,O,O,X,X
ZTLSJOI,O,O,O,X,X
ZTLSOIJ,X,O,X,O,X
ZTLSOJI,O,O,X,O,X
ZTLOIJS,X,O,X,O,X
ZTLOISJ,X,O,X,O,X
ZTLOJIS,O,X,X,O,X
ZTLOJSI,O,O,X,O,X
ZTLOSIJ,X,O,X,O,X
ZTLOSJI,O,O,X,O,X
ZTJILSO,O,X,O,X,X
ZTJILOS,O,X,O,O,X
ZTJISLO,O,X,O,X,X
ZTJISOL,O,X,O,X,X
ZTJIOLS,O,X,O,O,X
ZTJIOSL,O,X,O,O,X
ZTJLISO,O,X,O,X,X
ZTJLIOS,O,X,O,O,X
ZTJLSIO,O,X,O,X,X
ZTJLSOI,O,X,O,X,X
ZTJLOIS,O,X,O,O,X
ZTJLOSI,O,X,O,O,X
ZTJSILO,O,X,O,X,X
ZTJSIOL,O,X,O,X,X
ZTJSLIO,O,X,O,X,X
ZTJSLOI,O,X,O,X,X
ZTJSOIL,O,X,O,X,X
ZTJSOLI,O,X,O,X,X
ZTJOILS,O,X,O,O,X
ZTJOISL,O,X,O,O,X
ZTJOLIS,O,X,O,O,X
ZTJOLSI,O,X,O,O,X
ZTJOSIL,O,X,O,O,X
ZTJOSLI,O,X,O,O,X
ZTSILJO,O,O,O,X,O
ZTSILOJ,X,O,X,O,O
ZTSIJLO,O,O,O,X,X
ZTSIJOL,O,O,O,X,X
ZTSIOLJ,X,O,X,O,X
ZTSIOJL,O,O,O,O,X
ZTSLIJO,O,O,O,X,O
ZTSLIOJ,X,O,X,O,O
ZTSLJIO,O,O,O,X,X
ZTSLJOI,O,O,O,X,X
ZTSLOIJ,X,O,X,O,X
ZTSLOJI,O,O,X,O,X
ZTSJILO,O,O,O,X,X
ZTSJIOL,O,O,O,X,X
ZTSJLIO,O,O,O,X,X
ZTSJLOI,O,O,O,X,X
ZTSJOIL,O,O,O,X,X
ZTSJOLI,O,O,O,X,X
ZTSOILJ,X,O,X,O,X
ZTSOIJL,O,O,O,O,X
ZTSOLIJ,X,O,X,O,X
ZTSOLJI,O,O,X,O,X
ZTSOJIL,O,O,O,O,X
ZTSOJLI,O,O,O,O,X
ZTOILJS,X,O,X,O,X
ZTOILSJ,X,O,X,O,X
ZTOIJLS,O,O,O,O,X
ZTOIJSL,O,O,O,O,X
ZTOISLJ,X,O,X,O,X
ZTOISJL,O,O,O,O,X
ZTOLIJS,X,O,X,O,X
ZTOLISJ,X,O,X,O,X
ZTOLJIS,O,X,X,O,X
ZTOLJSI,O,O,X,O,X
ZTOLSIJ,X,O,X,O,X
ZTOLSJI,O,O,X,O,X
ZTOJILS,O,X,O,O,X
ZTOJISL,O,X,O,O,X
ZTOJLIS,O,X,O,O,X
ZTOJLSI,O,O,O,O,X
ZTOJSIL,O,O,O,O,X
ZTOJSLI,O,O,O,O,X
ZTOSILJ,X,O,X,O,X
ZTOSIJL,O,O,O,O,X
ZTOSLIJ,X,O,X,O,X
ZTOSLJI,O,O,X,O,X
ZTOSJIL,O,O,O,O,X
ZTOSJLI,O,O,O,O,X
ZITLJSO,O,O,O,X,O
ZITLJOS,O,X,O,O,O
ZITLSJO,O,O,O,X,O
ZITLSOJ,X,O,X,O,O
ZITLOJS,X,O,X,O,O
ZITLOSJ,X,O,X,O,O
ZITJLSO,O,O,O,X,X
ZITJLOS,O,X,O,O,X
ZITJSLO,O,O,O,X,X
ZITJSOL,O,O,O,X,X
ZITJOLS,O,X,O,O,X
ZITJOSL,O,X,O,O,X
ZITSLJO,O,O,O,X,O
ZITSLOJ,X,O,X,O,O
ZITSJLO,O,O,O,X,X
ZITSJOL,O,O,O,X,X
ZITSOLJ,X,O,X,O,X
ZITSOJL,O,O,O,O,X
ZITOLJS,X,O,X,O,X
ZITOLSJ,X,O,X,O,X
ZITOJLS,O,O,O,O,X
ZITOJSL,O,O,O,O,X
ZITOSLJ,X,O,X,O,X
ZITOSJL,O,O,O,O,X
ZILTJSO,O,O,O,X,O
ZILTJOS,O,X,O,O,O
ZILTSJO,O,O,O,X,O
ZILTSOJ,X,O,O,O,O
ZILTOJS,X,X,O,O,O
ZILTOSJ,X,O,O,O,O
ZILJTSO,O,X,O,X,O
ZILJTOS,O,X,O,X,O
ZILJSTO,O,X,O,X,O
ZILJSOT,O,X,O,X,O
ZILJOTS,O,X,O,X,O
ZILJOST,O,X,O,X,O
ZILSTJO,O,O,O,X,O
ZILSTOJ,X,O,O,X,O
ZILSJTO,O,O,O,X,O
ZILSJOT,O,X,O,X,O
ZILSOTJ,X,X,O,X,O
ZILSOJT,X,X,O,X,O
ZILOTJS,X,X,O,O,O
ZILOTSJ,X,X,O,O,O
ZILOJTS,X,X,O,X,O
ZILOJST,X,X,O,X,O
ZILOSTJ,X,X,O,O,O
ZILOSJT,X,X,O,X,O
ZIJTLSO,O,O,O,X,X
ZIJTLOS,O,X,O,O,X
ZIJTSLO,O,O,O,X,X
ZIJTSOL,O,O,O,X,X
ZIJTOLS,O,X,O,O,X
ZIJTOSL,O,X,O,O,X
ZIJLTSO,O,X,O,X,O
ZIJLTOS,O,X,O,X,O
ZIJLSTO,O,X,O,X,O
ZIJLSOT,O,X,O,X,O
ZIJLOTS,O,X,O,X,O
ZIJLOST,O,X,O,X,O
ZIJSTLO,O,O,O,X,X
ZIJSTOL,O,O,O,X,X
ZIJSLTO,O,O,O,X,O
ZIJSLOT,O,X,O,X,O
ZIJSOTL,O,O,O,X,X
ZIJSOLT,O,X,O,X,X
ZIJOTLS,O,X,O,O,X
ZIJOTSL,O,X,O,O,X
ZIJOLTS,O,X,O,X,X
ZIJOLST,O,X,O,X,X
ZIJOSTL,O,X,O,O,X
ZIJOSLT,O,X,O,X,X
ZISTLJO,O,O,O,X,O
ZISTLOJ,X,O,X,O,O
ZISTJLO,O,O,O,X,X
ZISTJOL,O,O,O,X,X
ZISTOLJ,X,O,X,O,X
ZISTOJL,O,O,O,O,X
ZISLTJO,O,O,O,X,O
ZISLTOJ,X,O,O,X,O
ZISLJTO,O,O,O,X,O
ZISLJOT,O,X,O,X,O
ZISLOTJ,X,X,O,X,O
ZISLOJT,X,X,O,X,O
ZISJTLO,O,O,O,X,X
ZISJTOL,O,O,O,X,X
ZISJLTO,O,O,O,X,O
ZISJLOT,O,X,O,X,O
ZISJOTL,O,O,O,X,X
ZISJOLT,O,X,O,X,X
ZISOTLJ,X,O,X,O,X
ZISOTJL,O,O,O,O,X
ZISOLTJ,X,O,X,O,O
ZISOLJT,X,O,X,X,O
ZISOJTL,O,O,O,O,X
ZISOJLT,O,O,O,X,X
ZIOTLJS,X,O,X,O,X
ZIOTLSJ,X,O,X,O,X
ZIOTJLS,O,O,O,O,X
ZIOTJSL,O,O,O,O,X
ZIOTSLJ,X,O,X,O,X
ZIOTSJL,O,O,O,O,X
ZIOLTJS,X,O,X,O,O
ZIOLTSJ,X,O,X,O,O
ZIOLJTS,X,X,X,X,O
ZIOLJST,X,X,X,X,O
ZIOLSTJ,X,O,X,O,O
ZIOLSJT,X,O,X,X,O
ZIOJTLS,O,O,O,O,X
ZIOJTSL,O,O,O,O,X
ZIOJLTS,O,X,O,X,X
ZIOJLST,O,X,O,X,X
ZIOJSTL,O,O,O,O,X
ZIOJSLT,O,O,O,X,X
ZIOSTLJ,X,O,X,O,X
ZIOSTJL,O,O,O,O,X
ZIOSLTJ,X,O,X,O,O
ZIOSLJT,X,O,X,X,O
ZIOSJTL,O,O,O,O,X
ZIOSJLT,O,O,O,X,X
ZLTIJSO,O,X,O,X,O
ZLTIJOS,O,X,O,O,O
ZLTISJO,O,X,O,X,O
ZLTISOJ,X,X,O,O,O
ZLTIOJS,X,X,O,O,O
ZLTIOSJ,X,X,O,O,O
ZLTJISO,O,X,O,X,X
ZLTJIOS,O,X,O,O,X
ZLTJSIO,O,X,O,X,X
ZLTJSOI,O,X,O,X,X
ZLTJOIS,O,X,O,O,X
ZLTJOSI,O,X,O,O,X
ZLTSIJO,O,X,O,X,O
ZLTSIOJ,X,X,O,O,O
ZLTSJIO,O,X,O,X,X
ZLTSJOI,O,X,O,X,X
ZLTSOIJ,X,X,O,O,X
ZLTSOJI,O,X,O,O,X
ZLTOIJS,X,X,O,O,X
ZLTOISJ,X,X,O,O,X
ZLTOJIS,O,X,O,O,X
ZLTOJSI,O,X,O,O,X
ZLTOSIJ,X,X,O,O,X
ZLTOSJI,O,X,O,O,X
ZLITJSO,O,X,O,X,O
ZLITJOS,O,X,O,O,O
ZLITSJO,O,X,O,X,O
ZLITSOJ,X,X,O,O,O
ZLITOJS,X,X,O,O,O
ZLITOSJ,X,X,O,O,O
ZLIJTSO,O,X,O,X,O
ZLIJTOS,O,X,O,X,O
ZLIJSTO,O,X,O,X,O
ZLIJSOT,O,X,O,X,O
ZLIJOTS,O,X,O,X,O
ZLIJOST,O,X,O,X,O
ZLISTJO,O,X,O,X,O
ZLISTOJ,X,X,O,X,O
ZLISJTO,O,X,O,X,O
ZLISJOT,O,X,O,X,O
ZLISOTJ,X,X,O,X,O
ZLISOJT,X,X,O,X,O
ZLIOTJS,X,X,O,O,O
ZLIOTSJ,X,X,O,O,O
ZLIOJTS,X,X,O,X,O
ZLIOJST,X,X,O,X,O
ZLIOSTJ,X,X,O,O,O
ZLIOSJT,X,X,O,X,O
ZLJTISO,O,X,O,X,X
ZLJTIOS,O,X,O,X,X
ZLJTSIO,O,X,O,X,X
ZLJTSOI,O,X,O,X,X
ZLJTOIS,O,X,O,X,X
ZLJTOSI,O,X,O,X,X
ZLJITSO,O,X,O,X,O
ZLJITOS,O,X,O,X,O
ZLJISTO,O,X,O,X,O
ZLJISOT,O,X,O,X,O
ZLJIOTS,O,X,O,X,O
ZLJIOST,O,X,O,X,O
ZLJSTIO,O,X,O,X,X
ZLJSTOI,O,X,O,X,X
ZLJSITO,O,X,O,X,O
ZLJSIOT,O,X,O,X,O
ZLJSOTI,O,X,O,X,X
ZLJSOIT,O,X,O,X,X
ZLJOTIS,O,X,O,X,X
ZLJOTSI,O,X,O,X,X
ZLJOITS,O,X,O,X,X
ZLJOIST,O,X,O,X,X
ZLJOSTI,O,X,O,X,X
ZLJOSIT,O,X,O,X,X
ZLSTIJO,O,X,O,X,O
ZLSTIOJ,X,X,O,X,O
ZLSTJIO,O,X,O,X,X
ZLSTJOI,O,X,O,X,X
ZLSTOIJ,X,X,O,X,X
ZLSTOJI,O,X,O,X,X
ZLSITJO,O,X,O,X,O
ZLSITOJ,X,X,O,X,O
ZLSIJTO,O,X,O,X,O
ZLSIJOT,O,X,O,X,O
ZLSIOTJ,X,X,O,X,O
ZLSIOJT,X,X,O,X,O
ZLSJTIO,O,X,O,X,X
ZLSJTOI,O,X,O,X,X
ZLSJITO,O,X,O,X,O
ZLSJIOT,O,X,O,X,O
ZLSJOTI,O,X,O,X,X
ZLSJOIT,O,X,O,X,X
ZLSOTIJ,X,X,O,X,X
ZLSOTJI,O,X,O,X,X
ZLSOITJ,X,X,O,X,O
ZLSOIJT,X,X,O,X,O
ZLSOJTI,O,X,O,X,X
ZLSOJIT,O,X,O,X,X
ZLOTIJS,X,X,O,O,X
ZLOTISJ,X,X,O,O,X
ZLOTJIS,O,X,O,O,X
ZLOTJSI,O,X,O,O,X
ZLOTSIJ,X,X,O,O,X
ZLOTSJI,O,X,O,O,X
ZLOITJS,X,X,O,O,O
ZLOITSJ,X,X,O,O,O
ZLOIJTS,X,X,O,X,O
ZLOIJST,X,X,O,X,O
ZLOISTJ,X,X,O,O,O
ZLOISJT,X,X,O,X,O
ZLOJTIS,O,X,O,X,X
ZLOJTSI,O,X,O,X,X
ZLOJITS,O,X,O,X,X
ZLOJIST,O,X,O,X,X
ZLOJSTI,O,X,O,X,X
ZLOJSIT,O,X,O,X,X
ZLOSTIJ,X,X,O,O,X
ZLOSTJI,O,X,O,O,X
ZLOSITJ,X,X,O,O,O
ZLOSIJT,X,X,O,X,O
ZLOSJTI,O,X,O,X,X
ZLOSJIT,O,X,O,X,X
ZJTILSO,O,X,O,X,X
ZJTILOS,O,X,O,O,X
ZJTISLO,O,X,O,X,X
ZJTISOL,O,X,O,X,X
ZJTIOLS,O,X,O,O,X
ZJTIOSL,O,X,O,O,X
ZJTLISO,O,X,O,X,X
ZJTLIOS,O,X,O,O,X
ZJTLSIO,O,X,O,X,X
ZJTLSOI,O,X,O,X,X
ZJTLOIS,O,X,O,O,X
ZJTLOSI,O,X,O,O,X
ZJTSILO,O,X,O,X,X
ZJTSIOL,O,X,O,X,X
ZJTSLIO,O,X,O,X,X
ZJTSLOI,O,X,O,X,X
ZJTSOIL,O,X,O,X,X
ZJTSOLI,O,X,O,X,X
ZJTOILS,O,X,O,O,X
ZJTOISL,O,X,O,O,X
ZJTOLIS,O,X,O,O,X
ZJTOLSI,O,X,O,O,X
ZJTOSIL,O,X,O,O,X
ZJTOSLI,O,X,O,O,X
ZJITLSO,O,X,O,X,X
ZJITLOS,O,X,O,O,X
ZJITSLO,O,X,O,X,X
ZJITSOL,O,X,O,X,X
ZJITOLS,O,X,O,O,X
ZJITOSL,O,X,O,O,X
ZJILTSO,O,X,O,X,O
ZJILTOS,O,X,O,X,O
ZJILSTO,O,X,O,X,O
ZJILSOT,O,X,O,X,O
ZJILOTS,O,X,O,X,O
ZJILOST,O,X,O,X,O
ZJISTLO,O,X,O,X,X
ZJISTOL,O,X,O,X,X
ZJISLTO,O,X,O,X,O
ZJISLOT,O,X,O,X,O
ZJISOTL,O,X,O,X,X
ZJISOLT,O,X,O,X,X
ZJIOTLS,O,X,O,O,X
ZJIOTSL,O,X,O,O,X
ZJIOLTS,O,X,O,X,X
ZJIOLST,O,X,O,X,X
ZJIOSTL,O,X,O,O,X
ZJIOSLT,O,X,O,X,X
ZJLTISO,O,X,O,X,X
ZJLTIOS,O,X,O,X,X
ZJLTSIO,O,X,O,X,X
ZJLTSOI,O,X,O,X,X
ZJLTOIS,O,X,O,X,X
ZJLTOSI,O,X,O,X,X
ZJLITSO,O,X,O,X,O
ZJLITOS,O,X,O,X,O
ZJLISTO,O,X,O,X,O
ZJLISOT,O,X,O,X,O
ZJLIOTS,O,X,O,X,O
ZJLIOST,O,X,O,X,O
ZJLSTIO,O,X,O,X,X
ZJLSTOI,O,X,O,X,X
ZJLSITO,O,X,O,X,O
ZJLSIOT,O,X,O,X,O
ZJLSOTI,O,X,O,X,X
ZJLSOIT,O,X,O,X,X
ZJLOTIS,O,X,O,X,X
ZJLOTSI,O,X,O,X,X
ZJLOITS,O,X,O,X,X
ZJLOIST,O,X,O,X,X
ZJLOSTI,O,X,O,X,X
ZJLOSIT,O,X,O,X,X
ZJSTILO,O,X,O,X,X
ZJSTIOL,O,X,O,X,X
ZJSTLIO,O,X,O,X,X
ZJSTLOI,O,X,O,X,X
ZJSTOIL,O,X,O,X,X
ZJSTOLI,O,X,O,X,X
ZJSITLO,O,X,O,X,X
ZJSITOL,O,X,O,X,X
ZJSILTO,O,X,O,X,O
ZJSILOT,O,X,O,X,O
ZJSIOTL,O,X,O,X,X
ZJSIOLT,O,X,O,X,X
ZJSLTIO,O,X,O,X,X
ZJSLTOI,O,X,O,X,X
ZJSLITO,O,X,O,X,O
ZJSLIOT,O,X,O,X,O
ZJSLOTI,O,X,O,X,X
ZJSLOIT,O,X,O,X,X
ZJSOTIL,O,X,O,X,X
ZJSOTLI,O,X,O,X,X
ZJSOITL,O,X,O,X,X
ZJSOILT,O,X,O,X,X
ZJSOLTI,O,X,O,X,X
ZJSOLIT,O,X,O,X,X
ZJOTILS,O,X,O,O,X
ZJOTISL,O,X,O,O,X
ZJOTLIS,O,X,O,O,X
ZJOTLSI,O,X,O,O,X
ZJOTSIL,O,X,O,O,X
ZJOTSLI,O,X,O,O,X
ZJOITLS,O,X,O,O,X
ZJOITSL,O,X,O,O,X
ZJOILTS,O,X,O,X,X
ZJOILST,O,X,O,X,X
ZJOISTL,O,X,O,O,X
ZJOISLT,O,X,O,X,X
ZJOLTIS,O,X,O,X,X
ZJOLTSI,O,X,O,X,X
ZJOLITS,O,X,O,X,X
ZJOLIST,O,X,O,X,X
ZJOLSTI,O,X,O,X,X
ZJOLSIT,O,X,O,X,X
ZJOSTIL,O,X,O,O,X
ZJOSTLI,O,X,O,O,X
ZJOSITL,O,X,O,O,X
ZJOSILT,O,X,O,X,X
ZJOSLTI,O,X,O,X,X
ZJOSLIT,O,X,O,X,X
ZSTILJO,O,O,O,X,O
ZSTILOJ,X,O,X,O,O
ZSTIJLO,O,O,O,X,X
ZSTIJOL,O,O,O,X,X
ZSTIOLJ,X,O,X,O,X
ZSTIOJL,O,O,O,O,X
ZSTLIJO,O,O,O,X,O
ZSTLIOJ,X,O,X,O,O
ZSTLJIO,O,O,O,X,X
ZSTLJOI,O,O,O,X,X
ZSTLOIJ,X,O,X,O,X
ZSTLOJI,O,O,X,O,X
ZSTJILO,O,O,O,X,X
ZSTJIOL,O,O,O,X,X
ZSTJLIO,O,O,O,X,X
ZSTJLOI,O,O,O,X,X
ZSTJOIL,O,O,O,X,X
ZSTJOLI,O,O,O,X,X
ZSTOILJ,X,O,X,O,X
ZSTOIJL,O,O,O,O,X
ZSTOLIJ,X,O,X,O,X
ZSTOLJI,O,O,X,O,X
ZSTOJIL,O,O,O,O,X
ZSTOJLI,O,O,O,O,X
ZSITLJO,O,O,O,X,O
ZSITLOJ,X,O,X,O,O
ZSITJLO,O,O,O,X,X
ZSITJOL,O,O,O,X,X
ZSITOLJ,X,O,X,O,X
ZSITOJL,O,O,O,O,X
ZSILTJO,O,O,O,X,O
ZSILTOJ,X,O,O,X,O
ZSILJTO,O,O,O,X,O
ZSILJOT,O,X,O,X,O
ZSILOTJ,X,X,O,X,O
ZSILOJT,X,X,O,X,O
ZSIJTLO,O,O,O,X,X
ZSIJTOL,O,O,O,X,X
ZSIJLTO,O,O,O,X,O
ZSIJLOT,O,X,O,X,O
ZSIJOTL,O,O,O,X,X
ZSIJOLT,O,X,O,X,X
ZSIOTLJ,X,O,X,O,X
ZSIOTJL,O,O,O,O,X
ZSIOLTJ,X,O,X,O,O
ZSIOLJT,X,O,X,X,O
ZSIOJTL,O,O,O,O,X
ZSIOJLT,O,O,O,X,X
ZSLTIJO,O,X,O,X,O
ZSLTIOJ,X,X,O,X,O
ZSLTJIO,O,X,O,X,X
ZSLTJOI,O,X,O,X,X
ZSLTOIJ,X,X,O,X,X
ZSLTOJI,O,X,O,X,X
ZSLITJO,O,X,O,X,O
ZSLITOJ,X,X,O,X,O
ZSLIJTO,O,X,O,X,O
ZSLIJOT,O,X,O,X,O
ZSLIOTJ,X,X,O,X,O
ZSLIOJT,X,X,O,X,O
ZSLJTIO,O,X,O,X,X
ZSLJTOI,O,X,O,X,X
ZSLJITO,O,X,O,X,O
ZSLJIOT,O,X,O,X,O
ZSLJOTI,O,X,O,X,X
ZSLJOIT,O,X,O,X,X
ZSLOTIJ,X,X,O,X,X
ZSLOTJI,O,X,O,X,X
ZSLOITJ,X,X,O,X,O
ZSLOIJT,X,X,O,X,O
ZSLOJTI,O,X,O,X,X
ZSLOJIT,O,X,O,X,X
ZSJTILO,O,O,O,X,X
ZSJTIOL,O,O,O,X,X
ZSJTLIO,O,O,O,X,X
ZSJTLOI,O,O,O,X,X
ZSJTOIL,O,O,O,X,X
ZSJTOLI,O,O,O,X,X
ZSJITLO,O,O,O,X,X
ZSJITOL,O,O,O,X,X
ZSJILTO,O,O,O,X,O
ZSJILOT,O,X,O,X,O
ZSJIOTL,O,O,O,X,X
ZSJIOLT,O,X,O,X,X
ZSJLTIO,O,X,O,X,X
ZSJLTOI,O,X,O,X,X
ZSJLITO,O,X,O,X,O
ZSJLIOT,O,X,O,X,O
ZSJLOTI,O,X,O,X,X
ZSJLOIT,O,X,O,X,X
ZSJOTIL,O,O,O,X,X
ZSJOTLI,O,O,O,X,X
ZSJOITL,O,O,O,X,X
ZSJOILT,O,O,O,X,X
ZSJOLTI,O,O,O,X,X
ZSJOLIT,O,O,O,X,X
ZSOTILJ,X,O,X,O,X
ZSOTIJL,O,O,O,O,X
ZSOTLIJ,X,O,X,O,X
ZSOTLJI,O,O,X,O,X
ZSOTJIL,O,O,O,O,X
ZSOTJLI,O,O,O,O,X
ZSOITLJ,X,O,X,O,X
ZSOITJL,O,O,O,O,X
ZSOILTJ,X,O,X,O,O
ZSOILJT,X,O,X,X,O
ZSOIJTL,O,O,O,O,X
ZSOIJLT,O,O,O,X,X
ZSOLTIJ,X,O,X,O,X
ZSOLTJI,O,O,X,O,X
ZSOLITJ,X,O,X,O,O
ZSOLIJT,X,O,X,X,O
ZSOLJTI,O,O,X,X,X
ZSOLJIT,O,O,X,X,X
ZSOJTIL,O,O,O,O,X
ZSOJTLI,O,O,O,O,X
ZSOJITL,O,O,O,O,X
ZSOJILT,O,O,O,X,X
ZSOJLTI,O,O,O,X,X
ZSOJLIT,O,O,O,X,X
ZOTILJS,X,O,X,O,X
ZOTILSJ,X,O,X,O,X
ZOTIJLS,O,O,O,O,X
ZOTIJSL,O,O,O,O,X
ZOTISLJ,X,O,X,O,X
ZOTISJL,O,O,O,O,X
ZOTLIJS,X,O,X,O,X
ZOTLISJ,X,O,X,O,X
ZOTLJIS,O,X,X,O,X
ZOTLJSI,O,O,X,O,X
ZOTLSIJ,X,O,X,O,X
ZOTLSJI,O,O,X,O,X
ZOTJILS,O,X,O,O,X
ZOTJISL,O,X,O,O,X
ZOTJLIS,O,X,O,O,X
ZOTJLSI,O,O,O,O,X
ZOTJSIL,O,O,O,O,X
ZOTJSLI,O,O,O,O,X
ZOTSILJ,X,O,X,O,X
ZOTSIJL,O,O,O,O,X
ZOTSLIJ,X,O,X,O,X
ZOTSLJI,O,O,X,O,X
ZOTSJIL,O,O,O,O,X
ZOTSJLI,O,O,O,O,X
ZOITLJS,X,O,X,O,X
ZOITLSJ,X,O,X,O,X
ZOITJLS,O,O,O,O,X
ZOITJSL,O,O,O,O,X
ZOITSLJ,X,O,X,O,X
ZOITSJL,O,O,O,O,X
ZOILTJS,X,O,X,O,O
ZOILTSJ,X,O,X,O,O
ZOILJTS,X,X,X,X,O
ZOILJST,X,X,X,X,O
ZOILSTJ,X,O,X,O,O
ZOILSJT,X,O,X,X,O
ZOIJTLS,O,O,O,O,X
ZOIJTSL,O,O,O,O,X
ZOIJLTS,O,X,O,X,X
ZOIJLST,O,X,O,X,X
ZOIJSTL,O,O,O,O,X
ZOIJSLT,O,O,O,X,X
ZOISTLJ,X,O,X,O,X
ZOISTJL,O,O,O,O,X
ZOISLTJ,X,O,X,O,O
ZOISLJT,X,O,X,X,O
ZOISJTL,O,O,O,O,X
ZOISJLT,O,O,O,X,X
ZOLTIJS,X,X,X,O,X
ZOLTISJ,X,O,X,O,X
ZOLTJIS,O,X,X,O,X
ZOLTJSI,O,O,X,O,X
ZOLTSIJ,X,O,X,O,X
ZOLTSJI,O,O,X,O,X
ZOLITJS,X,O,X,O,O
ZOLITSJ,X,O,X,O,O
ZOLIJTS,X,X,X,X,O
ZOLIJST,X,X,X,X,O
ZOLISTJ,X,O,X,O,O
ZOLISJT,X,O,X,X,O
ZOLJTIS,O,X,X,X,X
ZOLJTSI,O,X,X,X,X
ZOLJITS,O,X,X,X,X
ZOLJIST,O,X,X,X,X
ZOLJSTI,O,X,X,X,X
ZOLJSIT,O,X,X,X,X
ZOLSTIJ,X,O,X,O,X
ZOLSTJI,O,O,X,O,X
ZOLSITJ,X,O,X,O,O
ZOLSIJT,X,O,X,X,O
ZOLSJTI,O,O,X,X,X
ZOLSJIT,O,O,X,X,X
ZOJTILS,O,X,O,O,X
ZOJTISL,O,X,O,O,X
ZOJTLIS,O,X,O,O,X
ZOJTLSI,O,O,O,O,X
ZOJTSIL,O,O,O,O,X
ZOJTSLI,O,O,O,O,X
ZOJITLS,O,O,O,O,X
ZOJITSL,O,O,O,O,X
ZOJILTS,O,X,O,X,X
ZOJILST,O,X,O,X,X
ZOJISTL,O,O,O,O,X
ZOJISLT,O,O,O,X,X
ZOJLTIS,O,X,O,X,X
ZOJLTSI,O,X,O,X,X
ZOJLITS,O,X,O,X,X
ZOJLIST,O,X,O,X,X
ZOJLSTI,O,X,O,X,X
ZOJLSIT,O,X,O,X,X
ZOJSTIL,O,O,O,O,X
ZOJSTLI,O,O,O,O,X
ZOJSITL,O,O,O,O,X
ZOJSILT,O,O,O,X,X
ZOJSLTI,O,O,O,X,X
ZOJSLIT,O,O,O,X,X
ZOSTILJ,X,O,X,O,X
ZOSTIJL,O,O,O,O,X
ZOSTLIJ,X,O,X,O,X
ZOSTLJI,O,O,X,O,X
ZOSTJIL,O,O,O,O,X
ZOSTJLI,O,O,O,O,X
ZOSITLJ,X,O,X,O,X
ZOSITJL,O,O,O,O,X
ZOSILTJ,X,O,X,O,O
ZOSILJT,X,O,X,X,O
ZOSIJTL,O,O,O,O,X
ZOSIJLT,O,O,O,X,X
ZOSLTIJ,X,O,X,O,X
ZOSLTJI,O,O,X,O,X
ZOSLITJ,X,O,X,O,O
ZOSLIJT,X,O,X,X,O
ZOSLJTI,O,O,X,X,X
ZOSLJIT,O,O,X,X,X
ZOSJTIL,O,O,O,O,X
ZOSJTLI,O,O,O,O,X
ZOSJITL,O,O,O,O,X
ZOSJILT,O,O,O,X,X
ZOSJLTI,O,O,O,X,X
ZOSJLIT,O,O,O,X,X
OTILJSZ,X,O,X,X,X
OTILJZS,X,O,X,O,X
OTILSJZ,X,O,X,X,X
OTILSZJ,X,O,X,O,X
OTILZJS,X,O,X,O,X
OTILZSJ,X,O,X,O,X
OTIJLSZ,X,O,X,X,X
OTIJLZS,X,O,X,O,X
OTIJSLZ,X,O,X,X,X
OTIJSZL,O,O,X,X,X
OTIJZLS,O,O,X,O,X
OTIJZSL,O,O,X,O,X
OTISLJZ,X,O,X,X,X
OTISLZJ,X,O,X,O,X
OTISJLZ,X,O,X,X,X
OTISJZL,O,O,X,X,X
OTISZLJ,X,O,X,O,X
OTISZJL,O,O,X,O,X
OTIZLJS,X,O,X,O,X
OTIZLSJ,X,O,X,O,X
OTIZJLS,O,O,X,O,X
OTIZJSL,O,O,X,O,X
OTIZSLJ,X,O,X,O,X
OTIZSJL,O,O,X,O,X
OTLIJSZ,X,O,X,X,X
OTLIJZS,X,O,X,O,X
OTLISJZ,X,O,X,X,X
OTLISZJ,X,O,X,O,X
OTLIZJS,X,O,X,O,X
OTLIZSJ,X,O,X,O,X
OTLJISZ,X,O,X,X,X
OTLJIZS,X,O,X,O,X
OTLJSIZ,X,O,X,X,X
OTLJSZI,X,O,X,X,X
OTLJZIS,X,X,X,O,X
OTLJZSI,X,O,X,O,X
OTLSIJZ,X,O,X,X,X
OTLSIZJ,X,O,X,O,X
OTLSJIZ,X,O,X,X,X
OTLSJZI,X,O,X,X,X
OTLSZIJ,X,O,X,O,X
OTLSZJI,X,O,X,O,X
OTLZIJS,X,O,X,O,X
OTLZISJ,X,O,X,O,X
OTLZJIS,X,X,X,O,X
OTLZJSI,X,O,X,O,X
OTLZSIJ,X,O,X,O,X
OTLZSJI,X,O,X,O,X
OTJILSZ,X,O,X,X,X
OTJILZS,X,O,X,O,X
OTJISLZ,X,O,X,X,X
OTJISZL,O,O,X,X,X
OTJIZLS,O,O,X,O,X
OTJIZSL,O,O,X,O,X
OTJLISZ,X,O,X,X,X
OTJLIZS,X,O,X,O,X
OTJLSIZ,X,O,X,X,X
OTJLSZI,X,O,X,X,X
OTJLZIS,X,X,X,O,X
OTJLZSI,X,O,X,O,X
OTJSILZ,X,O,X,X,X
OTJSIZL,O,O,X,X,X
OTJSLIZ,X,O,X,X,X
OTJSLZI,X,O,X,X,X
OTJSZIL,O,O,X,X,X
OTJSZLI,O,O,X,X,X
OTJZILS,O,X,X,O,X
OTJZISL,O,X,X,O,X
OTJZLIS,O,X,X,O,X
OTJZLSI,O,O,X,O,X
OTJZSIL,O,O,X,O,X
OTJZSLI,O,O,X,O,X
OTSILJZ,X,O,X,X,X
OTSILZJ,X,O,X,O,X
OTSIJLZ,X,O,X,X,X
OTSIJZL,O,O,X,X,X
OTSIZLJ,X,O,X,O,X
OTSIZJL,O,O,X,O,X
OTSLIJZ,X,O,X,X,X
OTSLIZJ,X,O,X,O,X
OTSLJIZ,X,O,X,X,X
OTSLJZI,X,O,X,X,X
OTSLZIJ,X,O,X,O,X
OTSLZJI,X,O,X,O,X
OTSJILZ,X,O,X,X,X
OTSJIZL,O,O,X,X,X
OTSJLIZ,X,O,X,X,X
OTSJLZI,X,O,X,X,X
OTSJZIL,O,O,X,X,X
OTSJZLI,O,O,X,X,X
OTSZILJ,X,O,X,O,X
OTSZIJL,O,O,X,O,X
OTSZLIJ,X,O,X,O,X
OTSZLJI,O,O,X,O,X
OTSZJIL,O,O,X,O,X
OTSZJLI,O,O,X,O,X
OTZILJS,X,O,X,O,X
OTZILSJ,X,O,X,O,X
OTZIJLS,O,O,X,O,X
OTZIJSL,O,O,X,O,X
OTZISLJ,X,O,X,O,X
OTZISJL,O,O,X,O,X
OTZLIJS,X,O,X,O,X
OTZLISJ,X,O,X,O,X
OTZLJIS,O,X,X,O,X
OTZLJSI,O,O,X,O,X
OTZLSIJ,X,O,X,O,X
OTZLSJI,O,O,X,O,X
OTZJILS,O,X,X,O,X
OTZJISL,O,X,X,O,X
OTZJLIS,O,X,X,O,X
OTZJLSI,O,O,X,O,X
OTZJSIL,O,O,X,O,X
OTZJSLI,O,O,X,O,X
OTZSILJ,X,O,X,O,X
OTZSIJL,O,O,X,O,X
OTZSLIJ,X,O,X,O,X
OTZSLJI,O,O,X,O,X
OTZSJIL,O,O,X,O,X
OTZSJLI,O,O,X,O,X
OITLJSZ,X,O,X,X,X
OITLJZS,X,O,X,O,X
OITLSJZ,X,O,X,X,X
OITLSZJ,X,O,X,O,X
OITLZJS,X,O,X,O,X
OITLZSJ,X,O,X,O,X
OITJLSZ,X,O,X,X,X
OITJLZS,X,O,X,O,X
OITJSLZ,X,O,X,X,X
OITJSZL,O,O,X,X,X
OITJZLS,O,O,X,O,X
OITJZSL,O,O,X,O,X
OITSLJZ,X,O,X,X,X
OITSLZJ,X,O,X,O,X
OITSJLZ,X,O,X,X,X
OITSJZL,O,O,X,X,X
OITSZLJ,X,O,X,O,X
OITSZJL,O,O,X,O,X
OITZLJS,X,O,X,O,X
OITZLSJ,X,O,X,O,X
OITZJLS,O,O,X,O,X
OITZJSL,O,O,X,O,X
OITZSLJ,X,O,X,O,X
OITZSJL,O,O,X,O,X
OILTJSZ,X,O,X,X,X
OILTJZS,X,O,X,O,X
OILTSJZ,X,O,X,X,X
OILTSZJ,X,O,X,O,X
OILTZJS,X,O,X,O,X
OILTZSJ,X,O,X,O,X
OILJTSZ,X,X,O,X,X
OILJTZS,X,X,O,X,X
OILJSTZ,X,X,O,X,X
OILJSZT,X,X,O,X,X
OILJZTS,X,X,O,X,X
OILJZST,X,X,O,X,X
OILSTJZ,X,O,X,X,X
OILSTZJ,X,O,X,X,X
OILSJTZ,X,O,O,X,X
OILSJZT,X,O,O,X,X
OILSZTJ,X,O,O,X,O
OILSZJT,X,O,O,X,O
OILZTJS,X,O,O,O,O
OILZTSJ,X,O,O,O,O
OILZJTS,X,X,O,X,O
OILZJST,X,X,O,X,O
OILZSTJ,X,O,O,O,O
OILZSJT,X,O,O,X,O
OIJTLSZ,X,O,O,X,X
OIJTLZS,X,O,O,O,X
OIJTSLZ,X,O,O,X,X
OIJTSZL,O,O,O,X,X
OIJTZLS,O,O,O,O,X
OIJTZSL,O,O,O,O,X
OIJLTSZ,X,X,O,X,X
OIJLTZS,X,X,O,X,X
OIJLSTZ,X,X,O,X,X
OIJLSZT,O,X,O,X,X
OIJLZTS,O,X,O,X,X
OIJLZST,O,X,O,X,X
OIJSTLZ,X,O,O,X,X
OIJSTZL,O,O,O,X,X
OIJSLTZ,X,O,O,X,X
OIJSLZT,O,O,O,X,X
OIJSZTL,O,O,O,X,X
OIJSZLT,O,O,O,X,X
OIJZTLS,O,O,O,O,X
OIJZTSL,O,O,O,O,X
OIJZLTS,O,X,O,X,X
OIJZLST,O,X,O,X,X
OIJZSTL,O,O,O,O,X
OIJZSLT,O,O,O,X,X
OISTLJZ,X,O,X,X,X
OISTLZJ,X,O,X,O,X
OISTJLZ,X,O,X,X,X
OISTJZL,O,O,X,X,X
OISTZLJ,X,O,X,O,X
OISTZJL,O,O,X,O,X
OISLTJZ,X,O,X,X,X
OISLTZJ,X,O,X,X,X
OISLJTZ,X,O,O,X,X
OISLJZT,X,O,O,X,X
OISLZTJ,X,O,O,X,O
OISLZJT,X,O,O,X,O
OISJTLZ,X,O,O,X,X
OISJTZL,O,O,O,X,X
OISJLTZ,X,O,O,X,X
OISJLZT,O,O,O,X,X
OISJZTL,O,O,O,X,X
OISJZLT,O,O,O,X,X
OISZTLJ,X,O,X,O,X
OISZTJL,O,O,O,O,X
OISZLTJ,X,O,X,O,O
OISZLJT,X,O,X,X,O
OISZJTL,O,O,O,O,X
OISZJLT,O,O,O,X,X
OIZTLJS,X,O,X,O,X
OIZTLSJ,X,O,X,O,X
OIZTJLS,O,O,O,O,X
OIZTJSL,O,O,O,O,X
OIZTSLJ,X,O,X,O,X
OIZTSJL,O,O,O,O,X
OIZLTJS,X,O,X,O,O
OIZLTSJ,X,O,X,O,O
OIZLJTS,X,X,X,X,O
OIZLJST,X,X,X,X,O
OIZLSTJ,X,O,X,O,O
OIZLSJT,X,O,X,X,O
OIZJTLS,O,O,O,O,X
OIZJTSL,O,O,O,O,X
OIZJLTS,O,X,O,X,X
OIZJLST,O,X,O,X,X
OIZJSTL,O,O,O,O,X
OIZJSLT,O,O,O,X,X
OIZSTLJ,X,O,X,O,X
OIZSTJL,O,O,O,O,X
OIZSLTJ,X,O,X,O,O
OIZSLJT,X,O,X,X,O
OIZSJTL,O,O,O,O,X
OIZSJLT,O,O,O,X,X
OLTIJSZ,X,O,X,X,X
OLTIJZS,X,O,X,O,X
OLTISJZ,X,O,X,X,X
OLTISZJ,X,O,X,O,X
OLTIZJS,X,O,X,O,X
OLTIZSJ,X,O,X,O,X
OLTJISZ,X,O,X,X,X
OLTJIZS,X,O,X,O,X
OLTJSIZ,X,O,X,X,X
OLTJSZI,X,O,X,X,X
OLTJZIS,X,X,X,O,X
OLTJZSI,X,O,X,O,X
OLTSIJZ,X,O,X,X,X
OLTSIZJ,X,O,X,O,X
OLTSJIZ,X,O,X,X,X
OLTSJZI,X,O,X,X,X
OLTSZIJ,X,O,X,O,X
OLTSZJI,X,O,X,O,X
OLTZIJS,X,O,X,O,X
OLTZISJ,X,O,X,O,X
OLTZJIS,X,X,X,O,X
OLTZJSI,X,O,X,O,X
OLTZSIJ,X,O,X,O,X
OLTZSJI,X,O,X,O,X
OLITJSZ,X,O,X,X,X
OLITJZS,X,O,X,O,X
OLITSJZ,X,O,X,X,X
OLITSZJ,X,O,X,O,X
OLITZJS,X,O,X,O,X
OLITZSJ,X,O,X,O,X
OLIJTSZ,X,X,O,X,X
OLIJTZS,X,X,O,X,X
OLIJSTZ,X,X,O,X,X
OLIJSZT,X,X,O,X,X
OLIJZTS,X,X,O,X,X
OLIJZST,X,X,O,X,X
OLISTJZ,X,O,X,X,X
OLISTZJ,X,O,X,X,X
OLISJTZ,X,O,O,X,X
OLISJZT,X,O,O,X,X
OLISZTJ,X,O,O,X,O
OLISZJT,X,O,O,X,O
OLIZTJS,X,O,O,O,O
OLIZTSJ,X,O,O,O,O
OLIZJTS,X,X,O,X,O
OLIZJST,X,X,O,X,O
OLIZSTJ,X,O,O,O,O
OLIZSJT,X,O,O,X,O
OLJTISZ,X,X,O,X,X
OLJTIZS,X,X,O,X,X
OLJTSIZ,X,X,O,X,X
OLJTSZI,X,X,O,X,X
OLJTZIS,X,X,O,X,X
OLJTZSI,X,X,O,X,X
OLJITSZ,X,X,O,X,X
OLJITZS,X,X,O,X,X
OLJISTZ,X,X,O,X,X
OLJISZT,X,X,O,X,X
OLJIZTS,X,X,O,X,X
OLJIZST,X,X,O,X,X
OLJSTIZ,X,X,O,X,X
OLJSTZI,X,X,O,X,X
OLJSITZ,X,X,O,X,X
OLJSIZT,X,X,O,X,X
OLJSZTI,X,X,O,X,X
OLJSZIT,X,X,O,X,X
OLJZTIS,X,X,O,X,X
OLJZTSI,X,X,O,X,X
OLJZITS,X,X,O,X,X
OLJZIST,X,X,O,X,X
OLJZSTI,X,X,O,X,X
OLJZSIT,X,X,O,X,X
OLSTIJZ,X,O,X,X,X
OLSTIZJ,X,O,X,X,X
OLSTJIZ,X,O,X,X,X
OLSTJZI,X,O,X,X,X
OLSTZIJ,X,O,X,X,X
OLSTZJI,X,O,X,X,X
OLSITJZ,X,O,X,X,X
OLSITZJ,X,O,X,X,X
OLSIJTZ,X,O,O,X,X
OLSIJZT,X,O,O,X,X
OLSIZTJ,X,O,O,X,O
OLSIZJT,X,O,O,X,O
OLSJTIZ,X,O,O,X,X
OLSJTZI,X,O,O,X,X
OLSJITZ,X,O,O,X,X
OLSJIZT,X,O,O,X,X
OLSJZTI,X,O,O,X,X
OLSJZIT,X,O,O,X,X
OLSZTIJ,X,O,O,X,X
OLSZTJI,X,O,O,X,X
OLSZITJ,X,O,O,X,O
OLSZIJT,X,O,O,X,O
OLSZJTI,X,O,O,X,X
OLSZJIT,X,O,O,X,X
OLZTIJS,X,X,O,O,X
OLZTISJ,X,O,O,O,X
OLZTJIS,X,X,O,O,X
OLZTJSI,X,O,O,O,X
OLZTSIJ,X,O,O,O,X
OLZTSJI,X,O,O,O,X
OLZITJS,X,O,O,O,O
OLZITSJ,X,O,O,O,O
OLZIJTS,X,X,O,X,O
OLZIJST,X,X,O,X,O
OLZISTJ,X,O,O,O,O
OLZISJT,X,O,O,X,O
OLZJTIS,X,X,O,X,X
OLZJTSI,X,X,O,X,X
OLZJITS,X,X,O,X,X
OLZJIST,X,X,O,X,X
OLZJSTI,X,X,O,X,X
OLZJSIT,X,X,O,X,X
OLZSTIJ,X,O,O,O,X
OLZSTJI,X,O,O,O,X
OLZSITJ,X,O,O,O,O
OLZSIJT,X,O,O,X,O
OLZSJTI,X,O,O,X,X
OLZSJIT,X,O,O,X,X
OJTILSZ,X,O,O,X,X
OJTILZS,X,O,O,O,X
OJTISLZ,X,O,O,X,X
OJTISZL,O,O,O,X,X
OJTIZLS,O,O,O,O,X
OJTIZSL,O,O,O,O,X
OJTLISZ,X,O,O,X,X
OJTLIZS,X,O,O,O,X
OJTLSIZ,X,O,O,X,X
OJTLSZI,X,O,O,X,X
OJTLZIS,X,X,O,O,X
OJTLZSI,X,O,O,O,X
OJTSILZ,X,O,O,X,X
OJTSIZL,O,O,O,X,X
OJTSLIZ,X,O,O,X,X
OJTSLZI,X,O,O,X,X
OJTSZIL,O,O,O,X,X
OJTSZLI,O,O,O,X,X
OJTZILS,O,X,O,O,X
OJTZISL,O,X,O,O,X
OJTZLIS,O,X,O,O,X
OJTZLSI,O,O,O,O,X
OJTZSIL,O,O,O,O,X
OJTZSLI,O,O,O,O,X
OJITLSZ,X,O,O,X,X
OJITLZS,X,O,O,O,X
OJITSLZ,X,O,O,X,X
OJITSZL,O,O,O,X,X
OJITZLS,O,O,O,O,X
OJITZSL,O,O,O,O,X
OJILTSZ,X,X,O,X,X
OJILTZS,X,X,O,X,X
OJILSTZ,X,X,O,X,X
OJILSZT,O,X,O,X,X
OJILZTS,O,X,O,X,X
OJILZST,O,X,O,X,X
OJISTLZ,X,O,O,X,X
OJISTZL,O,O,O,X,X
OJISLTZ,X,O,O,X,X
OJISLZT,O,O,O,X,X
OJISZTL,O,O,O,X,X
OJISZLT,O,O,O,X,X
OJIZTLS,O,O,O,O,X
OJIZTSL,O,O,O,O,X
OJIZLTS,O,X,O,X,X
OJIZLST,O,X,O,X,X
OJIZSTL,O,O,O,O,X
OJIZSLT,O,O,O,X,X
OJLTISZ,X,X,O,X,X
OJLTIZS,X,X,O,X,X
OJLTSIZ,X,X,O,X,X
OJLTSZI,X,X,O,X,X
OJLTZIS,X,X,O,X,X
OJLTZSI,X,X,O,X,X
OJLITSZ,X,X,O,X,X
OJLITZS,X,X,O,X,X
OJLISTZ,X,X,O,X,X
OJLISZT,O,X,O,X,X
OJLIZTS,O,X,O,X,X
OJLIZST,O,X,O,X,X
OJLSTIZ,X,X,O,X,X
OJLSTZI,X,X,O,X,X
OJLSITZ,X,X,O,X,X
OJLSIZT,O,X,O,X,X
OJLSZTI,O,X,O,X,X
OJLSZIT,O,X,O,X,X
OJLZTIS,O,X,O,X,X
OJLZTSI,O,X,O,X,X
OJLZITS,O,X,O,X,X
OJLZIST,O,X,O,X,X
OJLZSTI,O,X,O,X,X
OJLZSIT,O,X,O,X,X
OJSTILZ,X,O,O,X,X
OJSTIZL,O,O,O,X,X
OJSTLIZ,X,O,O,X,X
OJSTLZI,X,O,O,X,X
OJSTZIL,O,O,O,X,X
OJSTZLI,O,O,O,X,X
OJSITLZ,X,O,O,X,X
OJSITZL,O,O,O,X,X
OJSILTZ,X,O,O,X,X
OJSILZT,O,O,O,X,X
OJSIZTL,O,O,O,X,X
OJSIZLT,O,O,O,X,X
OJSLTIZ,X,O,O,X,X
OJSLTZI,X,O,O,X,X
OJSLITZ,X,O,O,X,X
OJSLIZT,O,O,O,X,X
OJSLZTI,O,O,O,X,X
OJSLZIT,O,O,O,X,X
OJSZTIL,O,O,O,X,X
OJSZTLI,O,O,O,X,X
OJSZITL,O,O,O,X,X
OJSZILT,O,O,O,X,X
OJSZLTI,O,O,O,X,X
OJSZLIT,O,O,O,X,X
OJZTILS,O,X,O,O,X
OJZTISL,O,X,O,O,X
OJZTLIS,O,X,O,O,X
OJZTLSI,O,O,O,O,X
OJZTSIL,O,O,O,O,X
OJZTSLI,O,O,O,O,X
OJZITLS,O,O,O,O,X
OJZITSL,O,O,O,O,X
OJZILTS,O,X,O,X,X
OJZILST,O,X,O,X,X
OJZISTL,O,O,O,O,X
OJZISLT,O,O,O,X,X
OJZLTIS,O,X,O,X,X
OJZLTSI,O,X,O,X,X
OJZLITS,O,X,O,X,X
OJZLIST,O,X,O,X,X
OJZLSTI,O,X,O,X,X
OJZLSIT,O,X,O,X,X
OJZSTIL,O,O,O,O,X
OJZSTLI,O,O,O,O,X
OJZSITL,O,O,O,O,X
OJZSILT,O,O,O,X,X
OJZSLTI,O,O,O,X,X
OJZSLIT,O,O,O,X,X
OSTILJZ,X,O,X,X,X
OSTILZJ,X,O,X,O,X
OSTIJLZ,X,O,X,X,X
OSTIJZL,O,O,X,X,X
OSTIZLJ,X,O,X,O,X
OSTIZJL,O,O,X,O,X
OSTLIJZ,X,O,X,X,X
OSTLIZJ,X,O,X,O,X
OSTLJIZ,X,O,X,X,X
OSTLJZI,X,O,X,X,X
OSTLZIJ,X,O,X,O,X
OSTLZJI,X,O,X,O,X
OSTJILZ,X,O,X,X,X
OSTJIZL,O,O,X,X,X
OSTJLIZ,X,O,X,X,X
OSTJLZI,X,O,X,X,X
OSTJZIL,O,O,X,X,X
OSTJZLI,O,O,X,X,X
OSTZILJ,X,O,X,O,X
OSTZIJL,O,O,X,O,X
OSTZLIJ,X,O,X,O,X
OSTZLJI,O,O,X,O,X
OSTZJIL,O,O,X,O,X
OSTZJLI,O,O,X,O,X
OSITLJZ,X,O,X,X,X
OSITLZJ,X,O,X,O,X
OSITJLZ,X,O,X,X,X
OSITJZL,O,O,X,X,X
OSITZLJ,X,O,X,O,X
OSITZJL,O,O,X,O,X
OSILTJZ,X,O,X,X,X
OSILTZJ,X,O,X,X,X
OSILJTZ,X,O,O,X,X
OSILJZT,X,O,O,X,X
OSILZTJ,X,O,O,X,O
OSILZJT,X,O,O,X,O
OSIJTLZ,X,O,O,X,X
OSIJTZL,O,O,O,X,X
OSIJLTZ,X,O,O,X,X
OSIJLZT,O,O,O,X,X
OSIJZTL,O,O,O,X,X
OSIJZLT,O,O,O,X,X
OSIZTLJ,X,O,X,O,X
OSIZTJL,O,O,O,O,X
OSIZLTJ,X,O,X,O,O
OSIZLJT,X,O,X,X,O
OSIZJTL,O,O,O,O,X
OSIZJLT,O,O,O,X,X
OSLTIJZ,X,O,X,X,X
OSLTIZJ,X,O,X,X,X
OSLTJIZ,X,O,X,X,X
OSLTJZI,X,O,X,X,X
OSLTZIJ,X,O,X,X,X
OSLTZJI,X,O,X,X,X
OSLITJZ,X,O,X,X,X
OSLITZJ,X,O,X,X,X
OSLIJTZ,X,O,O,X,X
OSLIJZT,X,O,O,X,X
OSLIZTJ,X,O,O,X,O
OSLIZJT,X,O,O,X,O
OSLJTIZ,X,O,O,X,X
OSLJTZI,X,O,O,X,X
OSLJITZ,X,O,O,X,X
OSLJIZT,X,O,O,X,X
OSLJZTI,X,O,O,X,X
OSLJZIT,X,O,O,X,X
OSLZTIJ,X,O,O,X,X
OSLZTJI,X,O,O,X,X
OSLZITJ,X,O,O,X,O
OSLZIJT,X,O,O,X,O
OSLZJTI,X,O,O,X,X
OSLZJIT,X,O,O,X,X
OSJTILZ,X,O,O,X,X
OSJTIZL,O,O,O,X,X
OSJTLIZ,X,O,O,X,X
OSJTLZI,X,O,O,X,X
OSJTZIL,O,O,O,X,X
OSJTZLI,O,O,O,X,X
OSJITLZ,X,O,O,X,X
OSJITZL,O,O,O,X,X
OSJILTZ,X,O,O,X,X
OSJILZT,O,O,O,X,X
OSJIZTL,O,O,O,X,X
OSJIZLT,O,O,O,X,X
OSJLTIZ,X,O,O,X,X
OSJLTZI,X,O,O,X,X
OSJLITZ,X,O,O,X,X
OSJLIZT,O,O,O,X,X
OSJLZTI,O,O,O,X,X
OSJLZIT,O,O,O,X,X
OSJZTIL,O,O,O,X,X
OSJZTLI,O,O,O,X,X
OSJZITL,O,O,O,X,X
OSJZILT,O,O,O,X,X
OSJZLTI,O,O,O,X,X
OSJZLIT,O,O,O,X,X
OSZTILJ,X,O,X,O,X
OSZTIJL,O,O,O,O,X
OSZTLIJ,X,O,X,O,X
OSZTLJI,O,O,X,O,X
OSZTJIL,O,O,O,O,X
OSZTJLI,O,O,O,O,X
OSZITLJ,X,O,X,O,X
OSZITJL,O,O,O,O,X
OSZILTJ,X,O,X,O,O
OSZILJT,X,O,X,X,O
OSZIJTL,O,O,O,O,X
OSZIJLT,O,O,O,X,X
OSZLTIJ,X,O,X,O,X
OSZLTJI,O,O,X,O,X
OSZLITJ,X,O,X,O,O
OSZLIJT,X,O,X,X,O
OSZLJTI,O,O,X,X,X
OSZLJIT,O,O,X,X,X
OSZJTIL,O,O,O,O,X
OSZJTLI,O,O,O,O,X
OSZJITL,O,O,O,O,X
OSZJILT,O,O,O,X,X
OSZJLTI,O,O,O,X,X
OSZJLIT,O,O,O,X,X
OZTILJS,X,O,X,O,X
OZTILSJ,X,O,X,O,X
OZTIJLS,O,O,O,O,X
OZTIJSL,O,O,O,O,X
OZTISLJ,X,O,X,O,X
OZTISJL,O,O,O,O,X
OZTLIJS,X,O,X,O,X
OZTLISJ,X,O,X,O,X
OZTLJIS,O,X,X,O,X
OZTLJSI,O,O,X,O,X
OZTLSIJ,X,O,X,O,X
OZTLSJI,O,O,X,O,X
OZTJILS,O,X,O,O,X
OZTJISL,O,X,O,O,X
OZTJLIS,O,X,O,O,X
OZTJLSI,O,O,O,O,X
OZTJSIL,O,O,O,O,X
OZTJSLI,O,O,O,O,X
OZTSILJ,X,O,X,O,X
OZTSIJL,O,O,O,O,X
OZTSLIJ,X,O,X,O,X
OZTSLJI,O,O,X,O,X
OZTSJIL,O,O,O,O,X
OZTSJLI,O,O,O,O,X
OZITLJS,X,O,X,O,X
OZITLSJ,X,O,X,O,X
OZITJLS,O,O,O,O,X
OZITJSL,O,O,O,O,X
OZITSLJ,X,O,X,O,X
OZITSJL,O,O,O,O,X
OZILTJS,X,O,X,O,O
OZILTSJ,X,O,X,O,O
OZILJTS,X,X,X,X,O
OZILJST,X,X,X,X,O
OZILSTJ,X,O,X,O,O
OZILSJT,X,O,X,X,O
OZIJTLS,O,O,O,O,X
OZIJTSL,O,O,O,O,X
OZIJLTS,O,X,O,X,X
OZIJLST,O,X,O,X,X
OZIJSTL,O,O,O,O,X
OZIJSLT,O,O,O,X,X
OZISTLJ,X,O,X,O,X
OZISTJL,O,O,O,O,X
OZISLTJ,X,O,X,O,O
OZISLJT,X,O,X,X,O
OZISJTL,O,O,O,O,X
OZISJLT,O,O,O,X,X
OZLTIJS,X,X,X,O,X
OZLTISJ,X,O,X,O,X
OZLTJIS,O,X,X,O,X
OZLTJSI,O,O,X,O,X
OZLTSIJ,X,O,X,O,X
OZLTSJI,O,O,X,O,X
OZLITJS,X,O,X,O,O
OZLITSJ,X,O,X,O,O
OZLIJTS,X,X,X,X,O
OZLIJST,X,X,X,X,O
OZLISTJ,X,O,X,O,O
OZLISJT,X,O,X,X,O
OZLJTIS,O,X,X,X,X
OZLJTSI,O,X,X,X,X
OZLJITS,O,X,X,X,X
OZLJIST,O,X,X,X,X
OZLJSTI,O,X,X,X,X
OZLJSIT,O,X,X,X,X
OZLSTIJ,X,O,X,O,X
OZLSTJI,O,O,X,O,X
OZLSITJ,X,O,X,O,O
OZLSIJT,X,O,X,X,O
OZLSJTI,O,O,X,X,X
OZLSJIT,O,O,X,X,X
OZJTILS,O,X,O,O,X
OZJTISL,O,X,O,O,X
OZJTLIS,O,X,O,O,X
OZJTLSI,O,O,O,O,X
OZJTSIL,O,O,O,O,X
OZJTSLI,O,O,O,O,X
OZJITLS,O,O,O,O,X
OZJITSL,O,O,O,O,X
OZJILTS,O,X,O,X,X
OZJILST,O,X,O,X,X
OZJISTL,O,O,O,O,X
OZJISLT,O,O,O,X,X
OZJLTIS,O,X,O,X,X
OZJLTSI,O,X,O,X,X
OZJLITS,O,X,O,X,X
OZJLIST,O,X,O,X,X
OZJLSTI,O,X,O,X,X
OZJLSIT,O,X,O,X,X
OZJSTIL,O,O,O,O,X
OZJSTLI,O,O,O,O,X
OZJSITL,O,O,O,O,X
OZJSILT,O,O,O,X,X
OZJSLTI,O,O,O,X,X
OZJSLIT,O,O,O,X,X
OZSTILJ,X,O,X,O,X
OZSTIJL,O,O,O,O,X
OZSTLIJ,X,O,X,O,X
OZSTLJI,O,O,X,O,X
OZSTJIL,O,O,O,O,X
OZSTJLI,O,O,O,O,X
OZSITLJ,X,O,X,O,X
OZSITJL,O,O,O,O,X
OZSILTJ,X,O,X,O,O
OZSILJT,X,O,X,X,O
OZSIJTL,O,O,O,O,X
OZSIJLT,O,O,O,X,X
OZSLTIJ,X,O,X,O,X
OZSLTJI,O,O,X,O,X
OZSLITJ,X,O,X,O,O
OZSLIJT,X,O,X,X,O
OZSLJTI,O,O,X,X,X
OZSLJIT,O,O,X,X,X
OZSJTIL,O,O,O,O,X
OZSJTLI,O,O,O,O,X
OZSJITL,O,O,O,O,X
OZSJILT,O,O,O,X,X
OZSJLTI,O,O,O,X,X
OZSJLIT,O,O,O,X,X
