sequence,v115@7gA8GeA8AeA8AeA8DeD8AeA8DeD8AeB8AeG8Jei6Iv?hFUcBGdB5jBzfBfmBFqB,v115@7gA8GeA8AeA8AeA8DeD8AeA8DeD8AeB8AeG8Jei6Iv?hFUcBGdB5jBFgBfqBzqB,v115@7gA8GeA8AeA8AeA8DeD8AeA8DeD8AeB8AeG8JeT6Iv?hFibBGdB5jBFhBfqB0qB,v115@7gA8GeA8AeA8AeA8DeD8AeA8DeD8AeB8AeG8JeT6Iv?hFlbBGdB5jB8kBXhBiqB,v115@7gA8GeA8AeA8AeA8DeD8AeA8DeD8AeB8AeG8JeT6Iv?hFGdB5jB8kB3lBFmBiqB
TILJSZO,O,O,O,O,X
TILJSOZ,O,O,O,O,X
TILJZSO,O,O,O,O,X
TILJZOS,O,O,O,O,X
TILJOSZ,O,X,O,X,X
TILJOZS,O,O,O,X,X
TILSJZO,O,O,O,O,X
TILSJOZ,O,O,O,O,X
TILSZJO,O,O,O,O,X
TILSZOJ,O,O,O,O,X
TILSOJZ,O,O,O,O,X
TILSOZJ,O,O,O,O,X
TILZJSO,O,O,O,O,X
TILZJOS,O,O,O,O,X
TILZSJO,O,X,O,O,X
TILZSOJ,O,X,O,O,X
TILZOJS,O,X,O,O,X
TILZOSJ,O,X,X,O,X
TILOJSZ,O,X,O,X,X
TILOJZS,O,O,O,X,X
TILOSJZ,O,X,O,X,X
TILOSZJ,O,X,X,X,X
TILOZJS,O,O,O,X,X
TILOZSJ,O,X,X,X,X
TIJLSZO,O,O,O,O,X
TIJLSOZ,O,O,O,O,X
TIJLZSO,O,O,O,O,X
TIJLZOS,O,O,O,O,X
TIJLOSZ,O,X,O,X,X
TIJLOZS,O,O,O,X,X
TIJSLZO,O,O,O,O,X
TIJSLOZ,O,O,O,O,X
TIJSZLO,O,O,O,O,O
TIJSZOL,O,O,O,O,O
TIJSOLZ,O,O,O,O,X
TIJSOZL,O,O,O,O,X
TIJZLSO,O,O,O,O,X
TIJZLOS,O,O,O,O,X
TIJZSLO,O,O,O,O,O
TIJZSOL,O,O,O,O,O
TIJZOLS,O,O,O,O,X
TIJZOSL,O,O,O,O,O
TIJOLSZ,O,X,O,X,X
TIJOLZS,O,O,O,X,X
TIJOSLZ,O,O,O,X,X
TIJOSZL,O,O,O,O,X
TIJOZLS,O,O,O,O,X
TIJOZSL,O,O,O,O,O
TISLJZO,O,O,O,O,X
TISLJOZ,O,O,O,O,X
TISLZJO,O,O,O,O,X
TISLZOJ,O,O,O,O,X
TISLOJZ,O,O,O,O,X
TISLOZJ,O,O,O,O,X
TISJLZO,O,O,O,O,X
TISJLOZ,O,O,O,O,X
TISJZLO,O,O,O,O,O
TISJZOL,O,O,O,O,O
TISJOLZ,O,O,O,O,X
TISJOZL,O,O,O,O,X
TISZLJO,O,O,O,O,O
TISZLOJ,O,O,O,O,O
TISZJLO,O,O,O,O,O
TISZJOL,O,O,O,O,O
TISZOLJ,O,O,O,O,O
TISZOJL,O,O,O,O,O
TISOLJZ,O,O,O,O,X
TISOLZJ,O,O,O,O,X
TISOJLZ,O,O,O,O,X
TISOJZL,O,O,O,O,X
TISOZLJ,O,O,O,O,X
TISOZJL,O,O,O,O,X
TIZLJSO,O,O,O,O,X
TIZLJOS,O,O,O,O,X
TIZLSJO,O,X,O,O,X
TIZLSOJ,O,X,O,O,X
TIZLOJS,O,X,O,O,X
TIZLOSJ,O,X,X,O,X
TIZJLSO,O,O,O,O,X
TIZJLOS,O,O,O,O,X
TIZJSLO,O,O,O,O,O
TIZJSOL,O,O,O,O,O
TIZJOLS,O,O,O,O,X
TIZJOSL,O,O,O,O,O
TIZSLJO,O,O,O,O,O
TIZSLOJ,O,O,O,O,O
TIZSJLO,O,O,O,O,O
TIZSJOL,O,O,O,O,O
TIZSOLJ,O,O,O,O,O
TIZSOJL,O,O,O,O,O
TIZOLJS,O,O,O,O,X
TIZOLSJ,O,X,X,O,X
TIZOJLS,O,O,O,O,X
TIZOJSL,O,O,O,O,O
TIZOSLJ,O,O,O,O,O
TIZOSJL,O,O,O,O,O
TIOLJSZ,O,X,O,X,X
TIOLJZS,O,O,O,X,X
TIOLSJZ,O,X,O,X,X
TIOLSZJ,O,X,X,X,X
TIOLZJS,O,O,O,X,X
TIOLZSJ,O,X,X,X,X
TIOJLSZ,O,X,O,X,X
TIOJLZS,O,O,O,X,X
TIOJSLZ,O,O,O,X,X
TIOJSZL,O,O,O,O,X
TIOJZLS,O,O,O,O,X
TIOJZSL,O,O,O,O,O
TIOSLJZ,O,O,O,X,X
TIOSLZJ,O,O,O,X,X
TIOSJLZ,O,O,O,X,X
TIOSJZL,O,O,O,O,X
TIOSZLJ,O,O,O,O,X
TIOSZJL,O,O,O,O,X
TIOZLJS,O,O,O,O,X
TIOZLSJ,O,X,X,O,X
TIOZJLS,O,O,O,O,X
TIOZJSL,O,O,O,O,O
TIOZSLJ,O,O,O,O,O
TIOZSJL,O,O,O,O,O
TLIJSZO,O,O,O,O,X
TLIJSOZ,O,O,O,O,X
TLIJZSO,O,O,O,O,X
TLIJZOS,O,O,O,O,X
TLIJOSZ,O,X,O,X,X
TLIJOZS,O,O,O,X,X
TLISJZO,O,O,O,O,X
TLISJOZ,O,O,O,O,X
TLISZJO,O,O,O,O,X
TLISZOJ,O,O,O,O,X
TLISOJZ,O,O,O,O,X
TLISOZJ,O,O,O,O,X
TLIZJSO,O,O,O,O,X
TLIZJOS,O,O,O,O,X
TLIZSJO,O,X,O,O,X
TLIZSOJ,O,X,O,O,X
TLIZOJS,O,X,O,O,X
TLIZOSJ,O,X,X,O,X
TLIOJSZ,O,X,O,X,X
TLIOJZS,O,O,O,X,X
TLIOSJZ,O,X,O,X,X
TLIOSZJ,O,X,X,X,X
TLIOZJS,O,O,O,X,X
TLIOZSJ,O,X,X,X,X
TLJISZO,O,O,O,O,X
TLJISOZ,O,O,O,O,X
TLJIZSO,O,O,O,O,X
TLJIZOS,O,O,O,O,X
TLJIOSZ,O,X,O,X,X
TLJIOZS,O,O,O,X,X
TLJSIZO,O,O,O,O,X
TLJSIOZ,O,O,O,O,X
TLJSZIO,O,O,O,O,X
TLJSZOI,O,O,O,O,X
TLJSOIZ,O,O,O,O,X
TLJSOZI,O,O,O,O,X
TLJZISO,O,O,O,O,X
TLJZIOS,O,O,O,O,X
TLJZSIO,O,X,O,O,X
TLJZSOI,O,X,O,O,X
TLJZOIS,O,X,O,O,X
TLJZOSI,O,X,X,O,X
TLJOISZ,O,X,O,X,X
TLJOIZS,O,O,O,X,X
TLJOSIZ,O,X,O,X,X
TLJOSZI,O,X,X,X,X
TLJOZIS,O,O,O,X,X
TLJOZSI,O,X,X,X,X
TLSIJZO,O,O,O,O,X
TLSIJOZ,O,O,O,O,X
TLSIZJO,O,O,O,O,X
TLSIZOJ,O,O,O,O,X
TLSIOJZ,O,O,O,O,X
TLSIOZJ,O,O,O,O,X
TLSJIZO,O,O,O,O,X
TLSJIOZ,O,O,O,O,X
TLSJZIO,O,O,O,O,X
TLSJZOI,O,O,O,O,X
TLSJOIZ,O,O,O,O,X
TLSJOZI,O,O,O,O,X
TLSZIJO,O,O,O,O,X
TLSZIOJ,O,O,O,O,X
TLSZJIO,O,O,O,O,X
TLSZJOI,O,O,O,O,X
TLSZOIJ,O,O,O,O,X
TLSZOJI,O,O,O,O,X
TLSOIJZ,O,O,O,O,X
TLSOIZJ,O,O,O,O,X
TLSOJIZ,O,O,O,O,X
TLSOJZI,O,O,O,O,X
TLSOZIJ,O,O,O,O,X
TLSOZJI,O,O,O,O,X
TLZIJSO,O,O,O,O,X
TLZIJOS,O,O,O,O,X
TLZISJO,O,X,O,O,X
TLZISOJ,O,X,O,O,X
TLZIOJS,O,X,O,O,X
TLZIOSJ,O,X,X,O,X
TLZJISO,O,O,O,O,X
TLZJIOS,O,O,O,O,X
TLZJSIO,O,X,O,O,X
TLZJSOI,O,X,O,O,X
TLZJOIS,O,X,O,O,X
TLZJOSI,O,X,X,O,X
TLZSIJO,O,X,O,O,X
TLZSIOJ,O,X,O,O,X
TLZSJIO,O,X,O,O,X
TLZSJOI,O,X,O,O,X
TLZSOIJ,O,X,O,O,X
TLZSOJI,O,X,O,O,X
TLZOIJS,O,X,O,O,X
TLZOISJ,O,X,X,O,X
TLZOJIS,O,X,O,O,X
TLZOJSI,O,X,X,O,X
TLZOSIJ,O,X,X,O,X
TLZOSJI,O,X,X,O,X
TLOIJSZ,O,X,O,X,X
TLOIJZS,O,O,O,X,X
TLOISJZ,O,X,O,X,X
TLOISZJ,O,X,X,X,X
TLOIZJS,O,O,O,X,X
TLOIZSJ,O,X,X,X,X
TLOJISZ,O,X,O,X,X
TLOJIZS,O,O,O,X,X
TLOJSIZ,O,X,O,X,X
TLOJSZI,O,X,X,X,X
TLOJZIS,O,O,O,X,X
TLOJZSI,O,X,X,X,X
TLOSIJZ,O,X,O,X,X
TLOSIZJ,O,X,X,X,X
TLOSJIZ,O,X,O,X,X
TLOSJZI,O,X,X,X,X
TLOSZIJ,O,X,X,X,X
TLOSZJI,O,X,X,X,X
TLOZIJS,O,O,O,X,X
TLOZISJ,O,X,X,X,X
TLOZJIS,O,O,O,X,X
TLOZJSI,O,X,X,X,X
TLOZSIJ,O,X,X,X,X
TLOZSJI,O,X,X,X,X
TJILSZO,O,O,O,O,X
TJILSOZ,O,O,O,O,X
TJILZSO,O,O,O,O,X
TJILZOS,O,O,O,O,X
TJILOSZ,O,X,O,X,X
TJILOZS,O,O,O,X,X
TJISLZO,O,O,O,O,X
TJISLOZ,O,O,O,O,X
TJISZLO,O,O,O,O,O
TJISZOL,O,O,O,O,O
TJISOLZ,O,O,O,O,X
TJISOZL,O,O,O,O,X
TJIZLSO,O,O,O,O,X
TJIZLOS,O,O,O,O,X
TJIZSLO,O,O,O,O,O
TJIZSOL,O,O,O,O,O
TJIZOLS,O,O,O,O,X
TJIZOSL,O,O,O,O,O
TJIOLSZ,O,X,O,X,X
TJIOLZS,O,O,O,X,X
TJIOSLZ,O,O,O,X,X
TJIOSZL,O,O,O,O,X
TJIOZLS,O,O,O,O,X
TJIOZSL,O,O,O,O,O
TJLISZO,O,O,O,O,X
TJLISOZ,O,O,O,O,X
TJLIZSO,O,O,O,O,X
TJLIZOS,O,O,O,O,X
TJLIOSZ,O,X,O,X,X
TJLIOZS,O,O,O,X,X
TJLSIZO,O,O,O,O,X
TJLSIOZ,O,O,O,O,X
TJLSZIO,O,O,O,O,X
TJLSZOI,O,O,O,O,X
TJLSOIZ,O,O,O,O,X
TJLSOZI,O,O,O,O,X
TJLZISO,O,O,O,O,X
TJLZIOS,O,O,O,O,X
TJLZSIO,O,X,O,O,X
TJLZSOI,O,X,O,O,X
TJLZOIS,O,X,O,O,X
TJLZOSI,O,X,X,O,X
TJLOISZ,O,X,O,X,X
TJLOIZS,O,O,O,X,X
TJLOSIZ,O,X,O,X,X
TJLOSZI,O,X,X,X,X
TJLOZIS,O,O,O,X,X
TJLOZSI,O,X,X,X,X
TJSILZO,O,O,O,O,X
TJSILOZ,O,O,O,O,X
TJSIZLO,O,O,O,O,O
TJSIZOL,O,O,O,O,O
TJSIOLZ,O,O,O,O,X
TJSIOZL,O,O,O,O,X
TJSLIZO,O,O,O,O,X
TJSLIOZ,O,O,O,O,X
TJSLZIO,O,O,O,O,X
TJSLZOI,O,O,O,O,X
TJSLOIZ,O,O,O,O,X
TJSLOZI,O,O,O,O,X
TJSZILO,O,O,O,O,O
TJSZIOL,O,O,O,O,O
TJSZLIO,O,O,O,O,X
TJSZLOI,O,O,O,O,X
TJSZOIL,O,O,O,O,O
TJSZOLI,O,O,O,O,X
TJSOILZ,O,O,O,O,X
TJSOIZL,O,O,O,O,X
TJSOLIZ,O,O,O,O,X
TJSOLZI,O,O,O,O,X
TJSOZIL,O,O,O,O,X
TJSOZLI,O,O,O,O,X
TJZILSO,O,O,O,O,X
TJZILOS,O,O,O,O,X
TJZISLO,O,O,O,O,O
TJZISOL,O,O,O,O,O
TJZIOLS,O,O,O,O,X
TJZIOSL,O,O,O,O,O
TJZLISO,O,O,O,O,X
TJZLIOS,O,O,O,O,X
TJZLSIO,O,X,O,O,X
TJZLSOI,O,X,O,O,X
TJZLOIS,O,X,O,O,X
TJZLOSI,O,X,X,O,X
TJZSILO,O,O,O,O,O
TJZSIOL,O,O,O,O,O
TJZSLIO,O,O,O,O,X
TJZSLOI,O,O,O,O,X
TJZSOIL,O,O,O,O,O
TJZSOLI,O,O,O,O,X
TJZOILS,O,O,O,O,X
TJZOISL,O,O,O,O,O
TJZOLIS,O,O,O,O,X
TJZOLSI,O,X,X,O,X
TJZOSIL,O,O,O,O,O
TJZOSLI,O,O,O,O,X
TJOILSZ,O,X,O,X,X
TJOILZS,O,O,O,X,X
TJOISLZ,O,O,O,X,X
TJOISZL,O,O,O,O,X
TJOIZLS,O,O,O,O,X
TJOIZSL,O,O,O,O,O
TJOLISZ,O,X,O,X,X
TJOLIZS,O,O,O,X,X
TJOLSIZ,O,X,O,X,X
TJOLSZI,O,X,X,X,X
TJOLZIS,O,O,O,X,X
TJOLZSI,O,X,X,X,X
TJOSILZ,O,O,O,X,X
TJOSIZL,O,O,O,O,X
TJOSLIZ,O,O,O,X,X
TJOSLZI,O,O,O,X,X
TJOSZIL,O,O,O,O,X
TJOSZLI,O,O,O,O,X
TJOZILS,O,O,O,O,X
TJOZISL,O,O,O,O,O
TJOZLIS,O,O,O,O,X
TJOZLSI,O,X,X,O,X
TJOZSIL,O,O,O,O,O
TJOZSLI,O,O,O,O,X
TSILJZO,O,O,O,O,X
TSILJOZ,O,O,O,O,X
TSILZJO,O,O,O,O,X
TSILZOJ,O,O,O,O,X
TSILOJZ,O,O,O,O,X
TSILOZJ,O,O,O,O,X
TSIJLZO,O,O,O,O,X
TSIJLOZ,O,O,O,O,X
TSIJZLO,O,O,O,O,O
TSIJZOL,O,O,O,O,O
TSIJOLZ,O,O,O,O,X
TSIJOZL,O,O,O,O,X
TSIZLJO,O,O,O,O,O
TSIZLOJ,O,O,O,O,O
TSIZJLO,O,O,O,O,O
TSIZJOL,O,O,O,O,O
TSIZOLJ,O,O,O,O,O
TSIZOJL,O,O,O,O,O
TSIOLJZ,O,O,O,O,X
TSIOLZJ,O,O,O,O,X
TSIOJLZ,O,O,O,O,X
TSIOJZL,O,O,O,O,X
TSIOZLJ,O,O,O,O,X
TSIOZJL,O,O,O,O,X
TSLIJZO,O,O,O,O,X
TSLIJOZ,O,O,O,O,X
TSLIZJO,O,O,O,O,X
TSLIZOJ,O,O,O,O,X
TSLIOJZ,O,O,O,O,X
TSLIOZJ,O,O,O,O,X
TSLJIZO,O,O,O,O,X
TSLJIOZ,O,O,O,O,X
TSLJZIO,O,O,O,O,X
TSLJZOI,O,O,O,O,X
TSLJOIZ,O,O,O,O,X
TSLJOZI,O,O,O,O,X
TSLZIJO,O,O,O,O,X
TSLZIOJ,O,O,O,O,X
TSLZJIO,O,O,O,O,X
TSLZJOI,O,O,O,O,X
TSLZOIJ,O,O,O,O,X
TSLZOJI,O,O,O,O,X
TSLOIJZ,O,O,O,O,X
TSLOIZJ,O,O,O,O,X
TSLOJIZ,O,O,O,O,X
TSLOJZI,O,O,O,O,X
TSLOZIJ,O,O,O,O,X
TSLOZJI,O,O,O,O,X
TSJILZO,O,O,O,O,X
TSJILOZ,O,O,O,O,X
TSJIZLO,O,O,O,O,O
TSJIZOL,O,O,O,O,O
TSJIOLZ,O,O,O,O,X
TSJIOZL,O,O,O,O,X
TSJLIZO,O,O,O,O,X
TSJLIOZ,O,O,O,O,X
TSJLZIO,O,O,O,O,X
TSJLZOI,O,O,O,O,X
TSJLOIZ,O,O,O,O,X
TSJLOZI,O,O,O,O,X
TSJZILO,O,O,O,O,O
TSJZIOL,O,O,O,O,O
TSJZLIO,O,O,O,O,X
TSJZLOI,O,O,O,O,X
TSJZOIL,O,O,O,O,O
TSJZOLI,O,O,O,O,X
TSJOILZ,O,O,O,O,X
TSJOIZL,O,O,O,O,X
TSJOLIZ,O,O,O,O,X
TSJOLZI,O,O,O,O,X
TSJOZIL,O,O,O,O,X
TSJOZLI,O,O,O,O,X
TSZILJO,O,O,O,O,O
TSZILOJ,O,O,O,O,O
TSZIJLO,O,O,O,O,O
TSZIJOL,O,O,O,O,O
TSZIOLJ,O,O,O,O,O
TSZIOJL,O,O,O,O,O
TSZLIJO,O,O,O,O,X
TSZLIOJ,O,O,O,O,X
TSZLJIO,O,O,O,O,X
TSZLJOI,O,O,O,O,X
TSZLOIJ,O,O,O,O,X
TSZLOJI,O,O,O,O,X
TSZJILO,O,O,O,O,O
TSZJIOL,O,O,O,O,O
TSZJLIO,O,O,O,O,X
TSZJLOI,O,O,O,O,X
TSZJOIL,O,O,O,O,O
TSZJOLI,O,O,O,O,X
TSZOILJ,O,O,O,O,O
TSZOIJL,O,O,O,O,O
TSZOLIJ,O,O,O,O,X
TSZOLJI,O,O,O,O,X
TSZOJIL,O,O,O,O,O
TSZOJLI,O,O,O,O,X
TSOILJZ,O,O,O,O,X
TSOILZJ,O,O,O,O,X
TSOIJLZ,O,O,O,O,X
TSOIJZL,O,O,O,O,X
TSOIZLJ,O,O,O,O,X
TSOIZJL,O,O,O,O,X
TSOLIJZ,O,O,O,O,X
TSOLIZJ,O,O,O,O,X
TSOLJIZ,O,O,O,O,X
TSOLJZI,O,O,O,O,X
TSOLZIJ,O,O,O,O,X
TSOLZJI,O,O,O,O,X
TSOJILZ,O,O,O,O,X
TSOJIZL,O,O,O,O,X
TSOJLIZ,O,O,O,O,X
TSOJLZI,O,O,O,O,X
TSOJZIL,O,O,O,O,X
TSOJZLI,O,O,O,O,X
TSOZILJ,O,O,O,O,X
TSOZIJL,O,O,O,O,X
TSOZLIJ,O,O,O,O,X
TSOZLJI,O,O,O,O,X
TSOZJIL,O,O,O,O,X
TSOZJLI,O,O,O,O,X
TZILJSO,O,O,O,O,X
TZILJOS,O,O,O,O,X
TZILSJO,O,X,O,O,X
TZILSOJ,O,X,O,O,X
TZILOJS,O,X,O,O,X
TZILOSJ,O,X,X,O,X
TZIJLSO,O,O,O,O,X
TZIJLOS,O,O,O,O,X
TZIJSLO,O,O,O,O,O
TZIJSOL,O,O,O,O,O
TZIJOLS,O,O,O,O,X
TZIJOSL,O,O,O,O,O
TZISLJO,O,O,O,O,O
TZISLOJ,O,O,O,O,O
TZISJLO,O,O,O,O,O
TZISJOL,O,O,O,O,O
TZISOLJ,O,O,O,O,O
TZISOJL,O,O,O,O,O
TZIOLJS,O,O,O,O,X
TZIOLSJ,O,X,X,O,X
TZIOJLS,O,O,O,O,X
TZIOJSL,O,O,O,O,O
TZIOSLJ,O,O,O,O,O
TZIOSJL,O,O,O,O,O
TZLIJSO,O,O,O,O,X
TZLIJOS,O,O,O,O,X
TZLISJO,O,X,O,O,X
TZLISOJ,O,X,O,O,X
TZLIOJS,O,X,O,O,X
TZLIOSJ,O,X,X,O,X
TZLJISO,O,O,O,O,X
TZLJIOS,O,O,O,O,X
TZLJSIO,O,X,O,O,X
TZLJSOI,O,X,O,O,X
TZLJOIS,O,X,O,O,X
TZLJOSI,O,X,X,O,X
TZLSIJO,O,X,O,O,X
TZLSIOJ,O,X,O,O,X
TZLSJIO,O,X,O,O,X
TZLSJOI,O,X,O,O,X
TZLSOIJ,O,X,O,O,X
TZLSOJI,O,X,O,O,X
TZLOIJS,O,X,O,O,X
TZLOISJ,O,X,X,O,X
TZLOJIS,O,X,O,O,X
TZLOJSI,O,X,X,O,X
TZLOSIJ,O,X,X,O,X
TZLOSJI,O,X,X,O,X
TZJILSO,O,O,O,O,X
TZJILOS,O,O,O,O,X
TZJISLO,O,O,O,O,O
TZJISOL,O,O,O,O,O
TZJIOLS,O,O,O,O,X
TZJIOSL,O,O,O,O,O
TZJLISO,O,O,O,O,X
TZJLIOS,O,O,O,O,X
TZJLSIO,O,X,O,O,X
TZJLSOI,O,X,O,O,X
TZJLOIS,O,X,O,O,X
TZJLOSI,O,X,X,O,X
TZJSILO,O,O,O,O,O
TZJSIOL,O,O,O,O,O
TZJSLIO,O,O,O,O,X
TZJSLOI,O,O,O,O,X
TZJSOIL,O,O,O,O,O
TZJSOLI,O,O,O,O,X
TZJOILS,O,O,O,O,X
TZJOISL,O,O,O,O,O
TZJOLIS,O,O,O,O,X
TZJOLSI,O,X,X,O,X
TZJOSIL,O,O,O,O,O
TZJOSLI,O,O,O,O,X
TZSILJO,O,O,O,O,O
TZSILOJ,O,O,O,O,O
TZSIJLO,O,O,O,O,O
TZSIJOL,O,O,O,O,O
TZSIOLJ,O,O,O,O,O
TZSIOJL,O,O,O,O,O
TZSLIJO,O,O,O,O,X
TZSLIOJ,O,O,O,O,X
TZSLJIO,O,O,O,O,X
TZSLJOI,O,O,O,O,X
TZSLOIJ,O,O,O,O,X
TZSLOJI,O,O,O,O,X
TZSJILO,O,O,O,O,O
TZSJIOL,O,O,O,O,O
TZSJLIO,O,O,O,O,X
TZSJLOI,O,O,O,O,X
TZSJOIL,O,O,O,O,O
TZSJOLI,O,O,O,O,X
TZSOILJ,O,O,O,O,O
TZSOIJL,O,O,O,O,O
TZSOLIJ,O,O,O,O,X
TZSOLJI,O,O,O,O,X
TZSOJIL,O,O,O,O,O
TZSOJLI,O,O,O,O,X
TZOILJS,O,O,O,O,X
TZOILSJ,O,X,X,O,X
TZOIJLS,O,O,O,O,X
TZOIJSL,O,O,O,O,O
TZOISLJ,O,O,O,O,O
TZOISJL,O,O,O,O,O
TZOLIJS,O,O,O,O,X
TZOLISJ,O,X,X,O,X
TZOLJIS,O,O,O,O,X
TZOLJSI,O,X,X,O,X
TZOLSIJ,O,X,X,O,X
TZOLSJI,O,X,X,O,X
TZOJILS,O,O,O,O,X
TZOJISL,O,O,O,O,O
TZOJLIS,O,O,O,O,X
TZOJLSI,O,X,X,O,X
TZOJSIL,O,O,O,O,O
TZOJSLI,O,O,O,O,X
TZOSILJ,O,O,O,O,O
TZOSIJL,O,O,O,O,O
TZOSLIJ,O,O,O,O,X
TZOSLJI,O,O,O,O,X
TZOSJIL,O,O,O,O,O
TZOSJLI,O,O,O,O,X
TOILJSZ,O,X,O,X,X
TOILJZS,O,O,O,X,X
TOILSJZ,O,X,O,X,X
TOILSZJ,O,X,X,X,X
TOILZJS,O,O,O,X,X
TOILZSJ,O,X,X,X,X
TOIJLSZ,O,X,O,X,X
TOIJLZS,O,O,O,X,X
TOIJSLZ,O,O,O,X,X
TOIJSZL,O,O,O,O,X
TOIJZLS,O,O,O,O,X
TOIJZSL,O,O,O,O,O
TOISLJZ,O,O,O,X,X
TOISLZJ,O,O,O,X,X
TOISJLZ,O,O,O,X,X
TOISJZL,O,O,O,O,X
TOISZLJ,O,O,O,O,X
TOISZJL,O,O,O,O,X
TOIZLJS,O,O,O,O,X
TOIZLSJ,O,X,X,O,X
TOIZJLS,O,O,O,O,X
TOIZJSL,O,O,O,O,O
TOIZSLJ,O,O,O,O,O
TOIZSJL,O,O,O,O,O
TOLIJSZ,O,X,O,X,X
TOLIJZS,O,O,O,X,X
TOLISJZ,O,X,O,X,X
TOLISZJ,O,X,X,X,X
TOLIZJS,O,O,O,X,X
TOLIZSJ,O,X,X,X,X
TOLJISZ,O,X,O,X,X
TOLJIZS,O,O,O,X,X
TOLJSIZ,O,X,O,X,X
TOLJSZI,O,X,X,X,X
TOLJZIS,O,O,O,X,X
TOLJZSI,O,X,X,X,X
TOLSIJZ,O,X,O,X,X
TOLSIZJ,O,X,X,X,X
TOLSJIZ,O,X,O,X,X
TOLSJZI,O,X,X,X,X
TOLSZIJ,O,X,X,X,X
TOLSZJI,O,X,X,X,X
TOLZIJS,O,O,O,X,X
TOLZISJ,O,X,X,X,X
TOLZJIS,O,O,O,X,X
TOLZJSI,O,X,X,X,X
TOLZSIJ,O,X,X,X,X
TOLZSJI,O,X,X,X,X
TOJILSZ,O,X,O,X,X
TOJILZS,O,O,O,X,X
TOJISLZ,O,O,O,X,X
TOJISZL,O,O,O,O,X
TOJIZLS,O,O,O,O,X
TOJIZSL,O,O,O,O,O
TOJLISZ,O,X,O,X,X
TOJLIZS,O,O,O,X,X
TOJLSIZ,O,X,O,X,X
TOJLSZI,O,X,X,X,X
TOJLZIS,O,O,O,X,X
TOJLZSI,O,X,X,X,X
TOJSILZ,O,O,O,X,X
TOJSIZL,O,O,O,O,X
TOJSLIZ,O,O,O,X,X
TOJSLZI,O,O,O,X,X
TOJSZIL,O,O,O,O,X
TOJSZLI,O,O,O,O,X
TOJZILS,O,O,O,O,X
TOJZISL,O,O,O,O,O
TOJZLIS,O,O,O,O,X
TOJZLSI,O,X,X,O,X
TOJZSIL,O,O,O,O,O
TOJZSLI,O,O,O,O,X
TOSILJZ,O,O,O,X,X
TOSILZJ,O,O,O,X,X
TOSIJLZ,O,O,O,X,X
TOSIJZL,O,O,O,O,X
TOSIZLJ,O,O,O,O,X
TOSIZJL,O,O,O,O,X
TOSLIJZ,O,O,O,X,X
TOSLIZJ,O,O,O,X,X
TOSLJIZ,O,O,O,X,X
TOSLJZI,O,O,O,X,X
TOSLZIJ,O,O,O,X,X
TOSLZJI,O,O,O,X,X
TOSJILZ,O,O,O,X,X
TOSJIZL,O,O,O,O,X
TOSJLIZ,O,O,O,X,X
TOSJLZI,O,O,O,X,X
TOSJZIL,O,O,O,O,X
TOSJZLI,O,O,O,O,X
TOSZILJ,O,O,O,O,X
TOSZIJL,O,O,O,O,X
TOSZLIJ,O,O,O,O,X
TOSZLJI,O,O,O,O,X
TOSZJIL,O,O,O,O,X
TOSZJLI,O,O,O,O,X
TOZILJS,O,O,O,O,X
TOZILSJ,O,X,X,O,X
TOZIJLS,O,O,O,O,X
TOZIJSL,O,O,O,O,O
TOZISLJ,O,O,O,O,O
TOZISJL,O,O,O,O,O
TOZLIJS,O,O,O,O,X
TOZLISJ,O,X,X,O,X
TOZLJIS,O,O,O,O,X
TOZLJSI,O,X,X,O,X
TOZLSIJ,O,X,X,O,X
TOZLSJI,O,X,X,O,X
TOZJILS,O,O,O,O,X
TOZJISL,O,O,O,O,O
TOZJLIS,O,O,O,O,X
TOZJLSI,O,X,X,O,X
TOZJSIL,O,O,O,O,O
TOZJSLI,O,O,O,O,X
TOZSILJ,O,O,O,O,O
TOZSIJL,O,O,O,O,O
TOZSLIJ,O,O,O,O,X
TOZSLJI,O,O,O,O,X
TOZSJIL,O,O,O,O,O
TOZSJLI,O,O,O,O,X
ITLJSZO,O,O,O,O,X
ITLJSOZ,O,O,O,O,X
ITLJZSO,O,O,O,O,X
ITLJZOS,O,O,O,O,X
ITLJOSZ,O,X,O,X,X
ITLJOZS,O,O,O,X,X
ITLSJZO,O,O,O,O,X
ITLSJOZ,O,O,O,O,X
ITLSZJO,O,O,O,O,X
ITLSZOJ,O,O,O,O,X
ITLSOJZ,O,O,O,O,X
ITLSOZJ,O,O,O,O,X
ITLZJSO,O,O,O,O,X
ITLZJOS,O,O,O,O,X
ITLZSJO,O,X,O,O,X
ITLZSOJ,O,X,O,O,X
ITLZOJS,O,X,O,O,X
ITLZOSJ,O,X,X,O,X
ITLOJSZ,O,X,O,X,X
ITLOJZS,O,O,O,X,X
ITLOSJZ,O,X,O,X,X
ITLOSZJ,O,X,X,X,X
ITLOZJS,O,O,O,X,X
ITLOZSJ,O,X,X,X,X
ITJLSZO,O,O,O,O,X
ITJLSOZ,O,O,O,O,X
ITJLZSO,O,O,O,O,X
ITJLZOS,O,O,O,O,X
ITJLOSZ,O,X,O,X,X
ITJLOZS,O,O,O,X,X
ITJSLZO,O,O,O,O,X
ITJSLOZ,O,O,O,O,X
ITJSZLO,O,O,O,O,O
ITJSZOL,O,O,O,O,O
ITJSOLZ,O,O,O,O,X
ITJSOZL,O,O,O,O,X
ITJZLSO,O,O,O,O,X
ITJZLOS,O,O,O,O,X
ITJZSLO,O,O,O,O,O
ITJZSOL,O,O,O,O,O
ITJZOLS,O,O,O,O,X
ITJZOSL,O,O,O,O,O
ITJOLSZ,O,X,O,X,X
ITJOLZS,O,O,O,X,X
ITJOSLZ,O,O,O,X,X
ITJOSZL,O,O,O,O,X
ITJOZLS,O,O,O,O,X
ITJOZSL,O,O,O,O,O
ITSLJZO,O,O,O,O,X
ITSLJOZ,O,O,O,O,X
ITSLZJO,O,O,O,O,X
ITSLZOJ,O,O,O,O,X
ITSLOJZ,O,O,O,O,X
ITSLOZJ,O,O,O,O,X
ITSJLZO,O,O,O,O,X
ITSJLOZ,O,O,O,O,X
ITSJZLO,O,O,O,O,O
ITSJZOL,O,O,O,O,O
ITSJOLZ,O,O,O,O,X
ITSJOZL,O,O,O,O,X
ITSZLJO,O,O,O,O,O
ITSZLOJ,O,O,O,O,O
ITSZJLO,O,O,O,O,O
ITSZJOL,O,O,O,O,O
ITSZOLJ,O,O,O,O,O
ITSZOJL,O,O,O,O,O
ITSOLJZ,O,O,O,O,X
ITSOLZJ,O,O,O,O,X
ITSOJLZ,O,O,O,O,X
ITSOJZL,O,O,O,O,X
ITSOZLJ,O,O,O,O,X
ITSOZJL,O,O,O,O,X
ITZLJSO,O,O,O,O,X
ITZLJOS,O,O,O,O,X
ITZLSJO,O,X,O,O,X
ITZLSOJ,O,X,O,O,X
ITZLOJS,O,X,O,O,X
ITZLOSJ,O,X,X,O,X
ITZJLSO,O,O,O,O,X
ITZJLOS,O,O,O,O,X
ITZJSLO,O,O,O,O,O
ITZJSOL,O,O,O,O,O
ITZJOLS,O,O,O,O,X
ITZJOSL,O,O,O,O,O
ITZSLJO,O,O,O,O,O
ITZSLOJ,O,O,O,O,O
ITZSJLO,O,O,O,O,O
ITZSJOL,O,O,O,O,O
ITZSOLJ,O,O,O,O,O
ITZSOJL,O,O,O,O,O
ITZOLJS,O,O,O,O,X
ITZOLSJ,O,X,X,O,X
ITZOJLS,O,O,O,O,X
ITZOJSL,O,O,O,O,O
ITZOSLJ,O,O,O,O,O
ITZOSJL,O,O,O,O,O
ITOLJSZ,O,X,O,X,X
ITOLJZS,O,O,O,X,X
ITOLSJZ,O,X,O,X,X
ITOLSZJ,O,X,X,X,X
ITOLZJS,O,O,O,X,X
ITOLZSJ,O,X,X,X,X
ITOJLSZ,O,X,O,X,X
ITOJLZS,O,O,O,X,X
ITOJSLZ,O,O,O,X,X
ITOJSZL,O,O,O,O,X
ITOJZLS,O,O,O,O,X
ITOJZSL,O,O,O,O,O
ITOSLJZ,O,O,O,X,X
ITOSLZJ,O,O,O,X,X
ITOSJLZ,O,O,O,X,X
ITOSJZL,O,O,O,O,X
ITOSZLJ,O,O,O,O,X
ITOSZJL,O,O,O,O,X
ITOZLJS,O,O,O,O,X
ITOZLSJ,O,X,X,O,X
ITOZJLS,O,O,O,O,X
ITOZJSL,O,O,O,O,O
ITOZSLJ,O,O,O,O,O
ITOZSJL,O,O,O,O,O
ILTJSZO,O,O,O,O,X
ILTJSOZ,O,O,O,O,X
ILTJZSO,O,O,O,O,X
ILTJZOS,O,O,O,O,X
ILTJOSZ,O,X,O,X,X
ILTJOZS,O,O,O,X,X
ILTSJZO,O,O,O,O,X
ILTSJOZ,O,O,O,O,X
ILTSZJO,O,O,O,O,X
ILTSZOJ,O,O,O,O,X
ILTSOJZ,O,O,O,O,X
ILTSOZJ,O,O,O,O,X
ILTZJSO,O,O,O,O,X
ILTZJOS,O,O,O,O,X
ILTZSJO,O,X,O,O,X
ILTZSOJ,O,X,O,O,X
ILTZOJS,O,X,O,O,X
ILTZOSJ,O,X,X,O,X
ILTOJSZ,O,X,O,X,X
ILTOJZS,O,O,O,X,X
ILTOSJZ,O,X,O,X,X
ILTOSZJ,O,X,X,X,X
ILTOZJS,O,O,O,X,X
ILTOZSJ,O,X,X,X,X
ILJTSZO,O,O,O,O,X
ILJTSOZ,O,O,O,O,X
ILJTZSO,O,O,O,O,X
ILJTZOS,O,O,O,O,X
ILJTOSZ,O,X,O,X,X
ILJTOZS,O,O,O,X,X
ILJSTZO,O,O,O,O,X
ILJSTOZ,O,O,O,O,X
ILJSZTO,O,O,O,O,O
ILJSZOT,O,O,O,O,O
ILJSOTZ,X,O,O,O,X
ILJSOZT,O,O,O,O,X
ILJZTSO,O,O,O,O,X
ILJZTOS,O,O,X,O,X
ILJZSTO,O,O,X,O,O
ILJZSOT,O,O,X,O,O
ILJZOTS,X,O,X,O,X
ILJZOST,O,O,X,O,O
ILJOTSZ,O,X,O,X,X
ILJOTZS,O,O,O,X,X
ILJOSTZ,X,O,O,O,X
ILJOSZT,O,O,O,O,X
ILJOZTS,X,O,X,O,X
ILJOZST,O,O,X,O,O
ILSTJZO,O,O,O,O,X
ILSTJOZ,O,O,O,O,X
ILSTZJO,O,O,O,O,X
ILSTZOJ,O,O,O,O,X
ILSTOJZ,O,O,O,O,X
ILSTOZJ,O,O,O,O,X
ILSJTZO,O,O,O,O,X
ILSJTOZ,O,O,O,O,X
ILSJZTO,O,O,O,O,O
ILSJZOT,O,O,O,O,O
ILSJOTZ,X,O,O,O,X
ILSJOZT,O,O,O,O,X
ILSZTJO,O,O,O,O,O
ILSZTOJ,O,O,O,O,O
ILSZJTO,O,O,O,O,O
ILSZJOT,O,O,O,O,O
ILSZOTJ,X,O,O,O,O
ILSZOJT,O,O,O,O,O
ILSOTJZ,X,O,O,O,X
ILSOTZJ,X,O,O,O,X
ILSOJTZ,X,O,O,O,X
ILSOJZT,O,O,O,O,X
ILSOZTJ,X,O,O,O,X
ILSOZJT,O,O,O,O,X
ILZTJSO,O,O,O,O,X
ILZTJOS,O,O,X,O,X
ILZTSJO,O,X,O,O,X
ILZTSOJ,O,X,O,O,X
ILZTOJS,O,X,X,O,X
ILZTOSJ,O,X,X,O,X
ILZJTSO,O,O,O,O,X
ILZJTOS,O,O,X,O,X
ILZJSTO,O,O,X,O,O
ILZJSOT,O,O,X,O,O
ILZJOTS,X,O,X,O,X
ILZJOST,O,O,X,O,O
ILZSTJO,O,O,X,O,O
ILZSTOJ,O,O,X,O,O
ILZSJTO,O,O,X,O,O
ILZSJOT,O,O,X,O,O
ILZSOTJ,X,O,X,O,O
ILZSOJT,O,O,X,O,O
ILZOTJS,X,O,X,O,X
ILZOTSJ,X,X,X,O,X
ILZOJTS,X,O,X,O,X
ILZOJST,O,O,X,O,O
ILZOSTJ,X,O,X,O,O
ILZOSJT,X,O,X,O,O
ILOTJSZ,O,X,O,X,X
ILOTJZS,O,O,O,X,X
ILOTSJZ,O,X,O,X,X
ILOTSZJ,O,X,X,X,X
ILOTZJS,O,O,O,X,X
ILOTZSJ,O,X,X,X,X
ILOJTSZ,O,X,O,X,X
ILOJTZS,O,O,O,X,X
ILOJSTZ,X,O,O,O,X
ILOJSZT,O,O,O,O,X
ILOJZTS,X,O,X,O,X
ILOJZST,O,O,X,O,O
ILOSTJZ,X,O,O,O,X
ILOSTZJ,X,O,O,O,X
ILOSJTZ,X,O,O,O,X
ILOSJZT,O,O,O,O,X
ILOSZTJ,X,O,O,O,X
ILOSZJT,O,O,O,O,X
ILOZTJS,X,O,X,O,X
ILOZTSJ,X,X,X,O,X
ILOZJTS,X,O,X,O,X
ILOZJST,O,O,X,O,O
ILOZSTJ,X,O,X,O,O
ILOZSJT,X,O,X,O,O
IJTLSZO,O,O,O,O,X
IJTLSOZ,O,O,O,O,X
IJTLZSO,O,O,O,O,X
IJTLZOS,O,O,O,O,X
IJTLOSZ,O,X,O,X,X
IJTLOZS,O,O,O,X,X
IJTSLZO,O,O,O,O,X
IJTSLOZ,O,O,O,O,X
IJTSZLO,O,O,O,O,O
IJTSZOL,O,O,O,O,O
IJTSOLZ,O,O,O,O,X
IJTSOZL,O,O,O,O,X
IJTZLSO,O,O,O,O,X
IJTZLOS,O,O,O,O,X
IJTZSLO,O,O,O,O,O
IJTZSOL,O,O,O,O,O
IJTZOLS,O,O,O,O,X
IJTZOSL,O,O,O,O,O
IJTOLSZ,O,X,O,X,X
IJTOLZS,O,O,O,X,X
IJTOSLZ,O,O,O,X,X
IJTOSZL,O,O,O,O,X
IJTOZLS,O,O,O,O,X
IJTOZSL,O,O,O,O,O
IJLTSZO,O,O,O,O,X
IJLTSOZ,O,O,O,O,X
IJLTZSO,O,O,O,O,X
IJLTZOS,O,O,O,O,X
IJLTOSZ,O,X,O,X,X
IJLTOZS,O,O,O,X,X
IJLSTZO,O,O,O,O,X
IJLSTOZ,O,O,O,O,X
IJLSZTO,O,O,O,O,O
IJLSZOT,O,O,O,O,O
IJLSOTZ,X,O,O,O,X
IJLSOZT,O,O,O,O,X
IJLZTSO,O,O,O,O,X
IJLZTOS,O,O,X,O,X
IJLZSTO,O,O,X,O,O
IJLZSOT,O,O,X,O,O
IJLZOTS,X,O,X,O,X
IJLZOST,O,O,X,O,O
IJLOTSZ,O,X,O,X,X
IJLOTZS,O,O,O,X,X
IJLOSTZ,X,O,O,O,X
IJLOSZT,O,O,O,O,X
IJLOZTS,X,O,X,O,X
IJLOZST,O,O,X,O,O
IJSTLZO,O,O,O,O,X
IJSTLOZ,O,O,O,O,X
IJSTZLO,O,O,O,O,O
IJSTZOL,O,O,O,O,O
IJSTOLZ,O,O,O,O,X
IJSTOZL,O,O,O,O,X
IJSLTZO,O,O,O,O,X
IJSLTOZ,O,O,O,O,X
IJSLZTO,O,O,O,O,O
IJSLZOT,O,O,O,O,O
IJSLOTZ,X,O,O,O,X
IJSLOZT,O,O,O,O,X
IJSZTLO,O,O,O,O,O
IJSZTOL,O,O,O,O,O
IJSZLTO,O,O,O,O,O
IJSZLOT,O,O,O,O,O
IJSZOTL,O,O,O,O,O
IJSZOLT,O,O,O,O,O
IJSOTLZ,O,O,O,O,X
IJSOTZL,O,O,O,O,X
IJSOLTZ,X,O,O,O,X
IJSOLZT,O,O,O,O,X
IJSOZTL,O,O,O,O,O
IJSOZLT,O,O,O,O,O
IJZTLSO,O,O,O,O,X
IJZTLOS,O,O,O,O,X
IJZTSLO,O,O,O,O,O
IJZTSOL,O,O,O,O,O
IJZTOLS,O,O,O,O,X
IJZTOSL,O,O,O,O,O
IJZLTSO,O,O,O,O,X
IJZLTOS,O,O,X,O,X
IJZLSTO,O,O,X,O,O
IJZLSOT,O,O,X,O,O
IJZLOTS,X,O,X,O,X
IJZLOST,O,O,X,O,O
IJZSTLO,O,O,O,O,O
IJZSTOL,O,O,O,O,O
IJZSLTO,O,O,O,O,O
IJZSLOT,O,O,O,O,O
IJZSOTL,O,O,O,O,O
IJZSOLT,O,O,O,O,O
IJZOTLS,X,O,O,O,X
IJZOTSL,X,O,O,O,O
IJZOLTS,X,O,X,O,X
IJZOLST,O,O,X,O,O
IJZOSTL,O,O,O,O,O
IJZOSLT,O,O,O,O,O
IJOTLSZ,O,X,O,X,X
IJOTLZS,O,O,O,X,X
IJOTSLZ,O,O,O,X,X
IJOTSZL,O,O,O,O,X
IJOTZLS,O,O,O,O,X
IJOTZSL,O,O,O,O,O
IJOLTSZ,O,X,O,X,X
IJOLTZS,O,O,O,X,X
IJOLSTZ,X,O,O,O,X
IJOLSZT,O,O,O,O,X
IJOLZTS,X,O,X,O,X
IJOLZST,O,O,X,O,O
IJOSTLZ,O,O,O,O,X
IJOSTZL,O,O,O,O,X
IJOSLTZ,X,O,O,O,X
IJOSLZT,O,O,O,O,X
IJOSZTL,O,O,O,O,O
IJOSZLT,O,O,O,O,O
IJOZTLS,X,O,O,O,X
IJOZTSL,X,O,O,O,O
IJOZLTS,X,O,X,O,X
IJOZLST,O,O,X,O,O
IJOZSTL,O,O,O,O,O
IJOZSLT,O,O,O,O,O
ISTLJZO,O,O,O,O,X
ISTLJOZ,O,O,O,O,X
ISTLZJO,O,O,O,O,X
ISTLZOJ,O,O,O,O,X
ISTLOJZ,O,O,O,O,X
ISTLOZJ,O,O,O,O,X
ISTJLZO,O,O,O,O,X
ISTJLOZ,O,O,O,O,X
ISTJZLO,O,O,O,O,O
ISTJZOL,O,O,O,O,O
ISTJOLZ,O,O,O,O,X
ISTJOZL,O,O,O,O,X
ISTZLJO,O,O,O,O,O
ISTZLOJ,O,O,O,O,O
ISTZJLO,O,O,O,O,O
ISTZJOL,O,O,O,O,O
ISTZOLJ,O,O,O,O,O
ISTZOJL,O,O,O,O,O
ISTOLJZ,O,O,O,O,X
ISTOLZJ,O,O,O,O,X
ISTOJLZ,O,O,O,O,X
ISTOJZL,O,O,O,O,X
ISTOZLJ,O,O,O,O,X
ISTOZJL,O,O,O,O,X
ISLTJZO,O,O,O,O,X
ISLTJOZ,O,O,O,O,X
ISLTZJO,O,O,O,O,X
ISLTZOJ,O,O,O,O,X
ISLTOJZ,O,O,O,O,X
ISLTOZJ,O,O,O,O,X
ISLJTZO,O,O,O,O,X
ISLJTOZ,O,O,O,O,X
ISLJZTO,O,O,O,O,O
ISLJZOT,O,O,O,O,O
ISLJOTZ,X,O,O,O,X
ISLJOZT,O,O,O,O,X
ISLZTJO,O,O,O,O,O
ISLZTOJ,O,O,O,O,O
ISLZJTO,O,O,O,O,O
ISLZJOT,O,O,O,O,O
ISLZOTJ,X,O,O,O,O
ISLZOJT,O,O,O,O,O
ISLOTJZ,X,O,O,O,X
ISLOTZJ,X,O,O,O,X
ISLOJTZ,X,O,O,O,X
ISLOJZT,O,O,O,O,X
ISLOZTJ,X,O,O,O,X
ISLOZJT,O,O,O,O,X
ISJTLZO,O,O,O,O,X
ISJTLOZ,O,O,O,O,X
ISJTZLO,O,O,O,O,O
ISJTZOL,O,O,O,O,O
ISJTOLZ,O,O,O,O,X
ISJTOZL,O,O,O,O,X
ISJLTZO,O,O,O,O,X
ISJLTOZ,O,O,O,O,X
ISJLZTO,O,O,O,O,O
ISJLZOT,O,O,O,O,O
ISJLOTZ,X,O,O,O,X
ISJLOZT,O,O,O,O,X
ISJZTLO,O,O,O,O,O
ISJZTOL,O,O,O,O,O
ISJZLTO,O,O,O,O,O
ISJZLOT,O,O,O,O,O
ISJZOTL,O,O,O,O,O
ISJZOLT,O,O,O,O,O
ISJOTLZ,O,O,O,O,X
ISJOTZL,O,O,O,O,X
ISJOLTZ,X,O,O,O,X
ISJOLZT,O,O,O,O,X
ISJOZTL,O,O,O,O,O
ISJOZLT,O,O,O,O,O
ISZTLJO,O,O,O,O,O
ISZTLOJ,O,O,O,O,O
ISZTJLO,O,O,O,O,O
ISZTJOL,O,O,O,O,O
ISZTOLJ,O,O,O,O,O
ISZTOJL,O,O,O,O,O
ISZLTJO,O,O,O,O,O
ISZLTOJ,O,O,O,O,O
ISZLJTO,O,O,O,O,O
ISZLJOT,O,O,O,O,O
ISZLOTJ,X,O,O,O,O
ISZLOJT,O,O,O,O,O
ISZJTLO,O,O,O,O,O
ISZJTOL,O,O,O,O,O
ISZJLTO,O,O,O,O,O
ISZJLOT,O,O,O,O,O
ISZJOTL,O,O,O,O,O
ISZJOLT,O,O,O,O,O
ISZOTLJ,O,O,O,O,O
ISZOTJL,O,O,O,O,O
ISZOLTJ,X,O,O,O,O
ISZOLJT,O,O,O,O,O
ISZOJTL,O,O,O,O,O
ISZOJLT,O,O,O,O,O
ISOTLJZ,O,O,O,O,X
ISOTLZJ,O,O,O,O,X
ISOTJLZ,O,O,O,O,X
ISOTJZL,O,O,O,O,X
ISOTZLJ,O,O,O,O,X
ISOTZJL,O,O,O,O,X
ISOLTJZ,X,O,O,O,X
ISOLTZJ,X,O,O,O,X
ISOLJTZ,X,O,O,O,X
ISOLJZT,O,O,O,O,X
ISOLZTJ,X,O,O,O,X
ISOLZJT,O,O,O,O,X
ISOJTLZ,O,O,O,O,X
ISOJTZL,O,O,O,O,X
ISOJLTZ,X,O,O,O,X
ISOJLZT,O,O,O,O,X
ISOJZTL,O,O,O,O,O
ISOJZLT,O,O,O,O,O
ISOZTLJ,O,O,O,O,O
ISOZTJL,O,O,O,O,O
ISOZLTJ,X,O,O,O,O
ISOZLJT,O,O,O,O,O
ISOZJTL,O,O,O,O,O
ISOZJLT,O,O,O,O,O
IZTLJSO,O,O,O,O,X
IZTLJOS,O,O,O,O,X
IZTLSJO,O,X,O,O,X
IZTLSOJ,O,X,O,O,X
IZTLOJS,O,X,O,O,X
IZTLOSJ,O,X,X,O,X
IZTJLSO,O,O,O,O,X
IZTJLOS,O,O,O,O,X
IZTJSLO,O,O,O,O,O
IZTJSOL,O,O,O,O,O
IZTJOLS,O,O,O,O,X
IZTJOSL,O,O,O,O,O
IZTSLJO,O,O,O,O,O
IZTSLOJ,O,O,O,O,O
IZTSJLO,O,O,O,O,O
IZTSJOL,O,O,O,O,O
IZTSOLJ,O,O,O,O,O
IZTSOJL,O,O,O,O,O
IZTOLJS,O,O,O,O,X
IZTOLSJ,O,X,X,O,X
IZTOJLS,O,O,O,O,X
IZTOJSL,O,O,O,O,O
IZTOSLJ,O,O,O,O,O
IZTOSJL,O,O,O,O,O
IZLTJSO,O,O,O,O,X
IZLTJOS,O,O,X,O,X
IZLTSJO,O,X,O,O,X
IZLTSOJ,O,X,O,O,X
IZLTOJS,O,X,X,O,X
IZLTOSJ,O,X,X,O,X
IZLJTSO,O,O,O,O,X
IZLJTOS,O,O,X,O,X
IZLJSTO,O,O,X,O,O
IZLJSOT,O,O,X,O,O
IZLJOTS,X,O,X,O,X
IZLJOST,O,O,X,O,O
IZLSTJO,O,O,X,O,O
IZLSTOJ,O,O,X,O,O
IZLSJTO,O,O,X,O,O
IZLSJOT,O,O,X,O,O
IZLSOTJ,X,O,X,O,O
IZLSOJT,O,O,X,O,O
IZLOTJS,X,O,X,O,X
IZLOTSJ,X,X,X,O,X
IZLOJTS,X,O,X,O,X
IZLOJST,O,O,X,O,O
IZLOSTJ,X,O,X,O,O
IZLOSJT,X,O,X,O,O
IZJTLSO,O,O,O,O,X
IZJTLOS,O,O,O,O,X
IZJTSLO,O,O,O,O,O
IZJTSOL,O,O,O,O,O
IZJTOLS,O,O,O,O,X
IZJTOSL,O,O,O,O,O
IZJLTSO,O,O,O,O,X
IZJLTOS,O,O,X,O,X
IZJLSTO,O,O,X,O,O
IZJLSOT,O,O,X,O,O
IZJLOTS,X,O,X,O,X
IZJLOST,O,O,X,O,O
IZJSTLO,O,O,O,O,O
IZJSTOL,O,O,O,O,O
IZJSLTO,O,O,O,O,O
IZJSLOT,O,O,O,O,O
IZJSOTL,O,O,O,O,O
IZJSOLT,O,O,O,O,O
IZJOTLS,X,O,O,O,X
IZJOTSL,X,O,O,O,O
IZJOLTS,X,O,X,O,X
IZJOLST,O,O,X,O,O
IZJOSTL,O,O,O,O,O
IZJOSLT,O,O,O,O,O
IZSTLJO,O,O,O,O,O
IZSTLOJ,O,O,O,O,O
IZSTJLO,O,O,O,O,O
IZSTJOL,O,O,O,O,O
IZSTOLJ,O,O,O,O,O
IZSTOJL,O,O,O,O,O
IZSLTJO,O,O,O,O,O
IZSLTOJ,O,O,O,O,O
IZSLJTO,O,O,O,O,O
IZSLJOT,O,O,O,O,O
IZSLOTJ,X,O,O,O,O
IZSLOJT,O,O,O,O,O
IZSJTLO,O,O,O,O,O
IZSJTOL,O,O,O,O,O
IZSJLTO,O,O,O,O,O
IZSJLOT,O,O,O,O,O
IZSJOTL,O,O,O,O,O
IZSJOLT,O,O,O,O,O
IZSOTLJ,O,O,O,O,O
IZSOTJL,O,O,O,O,O
IZSOLTJ,X,O,O,O,O
IZSOLJT,O,O,O,O,O
IZSOJTL,O,O,O,O,O
IZSOJLT,O,O,O,O,O
IZOTLJS,X,O,O,O,X
IZOTLSJ,X,X,X,O,X
IZOTJLS,X,O,O,O,X
IZOTJSL,X,O,O,O,O
IZOTSLJ,X,O,O,O,O
IZOTSJL,X,O,O,O,O
IZOLTJS,X,O,X,O,X
IZOLTSJ,X,X,X,O,X
IZOLJTS,X,O,X,O,X
IZOLJST,O,O,X,O,O
IZOLSTJ,X,O,X,O,O
IZOLSJT,X,O,X,O,O
IZOJTLS,X,O,O,O,X
IZOJTSL,X,O,O,O,O
IZOJLTS,X,O,X,O,X
IZOJLST,O,O,X,O,O
IZOJSTL,O,O,O,O,O
IZOJSLT,O,O,O,O,O
IZOSTLJ,O,O,O,O,O
IZOSTJL,O,O,O,O,O
IZOSLTJ,X,O,O,O,O
IZOSLJT,O,O,O,O,O
IZOSJTL,O,O,O,O,O
IZOSJLT,O,O,O,O,O
IOTLJSZ,O,X,O,X,X
IOTLJZS,O,O,O,X,X
IOTLSJZ,O,X,O,X,X
IOTLSZJ,O,X,X,X,X
IOTLZJS,O,O,O,X,X
IOTLZSJ,O,X,X,X,X
IOTJLSZ,O,X,O,X,X
IOTJLZS,O,O,O,X,X
IOTJSLZ,O,O,O,X,X
IOTJSZL,O,O,O,O,X
IOTJZLS,O,O,O,O,X
IOTJZSL,O,O,O,O,O
IOTSLJZ,O,O,O,X,X
IOTSLZJ,O,O,O,X,X
IOTSJLZ,O,O,O,X,X
IOTSJZL,O,O,O,O,X
IOTSZLJ,O,O,O,O,X
IOTSZJL,O,O,O,O,X
IOTZLJS,O,O,O,O,X
IOTZLSJ,O,X,X,O,X
IOTZJLS,O,O,O,O,X
IOTZJSL,O,O,O,O,O
IOTZSLJ,O,O,O,O,O
IOTZSJL,O,O,O,O,O
IOLTJSZ,O,X,O,X,X
IOLTJZS,O,O,O,X,X
IOLTSJZ,O,X,O,X,X
IOLTSZJ,O,X,X,X,X
IOLTZJS,O,O,O,X,X
IOLTZSJ,O,X,X,X,X
IOLJTSZ,O,X,O,X,X
IOLJTZS,O,O,O,X,X
IOLJSTZ,X,O,O,O,X
IOLJSZT,O,O,O,O,X
IOLJZTS,X,O,X,O,X
IOLJZST,O,O,X,O,O
IOLSTJZ,X,O,O,O,X
IOLSTZJ,X,O,O,O,X
IOLSJTZ,X,O,O,O,X
IOLSJZT,O,O,O,O,X
IOLSZTJ,X,O,O,O,X
IOLSZJT,O,O,O,O,X
IOLZTJS,X,O,X,O,X
IOLZTSJ,X,X,X,O,X
IOLZJTS,X,O,X,O,X
IOLZJST,O,O,X,O,O
IOLZSTJ,X,O,X,O,O
IOLZSJT,X,O,X,O,O
IOJTLSZ,O,X,O,X,X
IOJTLZS,O,O,O,X,X
IOJTSLZ,O,O,O,X,X
IOJTSZL,O,O,O,O,X
IOJTZLS,O,O,O,O,X
IOJTZSL,O,O,O,O,O
IOJLTSZ,O,X,O,X,X
IOJLTZS,O,O,O,X,X
IOJLSTZ,X,O,O,O,X
IOJLSZT,O,O,O,O,X
IOJLZTS,X,O,X,O,X
IOJLZST,O,O,X,O,O
IOJSTLZ,O,O,O,O,X
IOJSTZL,O,O,O,O,X
IOJSLTZ,X,O,O,O,X
IOJSLZT,O,O,O,O,X
IOJSZTL,O,O,O,O,O
IOJSZLT,O,O,O,O,O
IOJZTLS,X,O,O,O,X
IOJZTSL,X,O,O,O,O
IOJZLTS,X,O,X,O,X
IOJZLST,O,O,X,O,O
IOJZSTL,O,O,O,O,O
IOJZSLT,O,O,O,O,O
IOSTLJZ,O,O,O,O,X
IOSTLZJ,O,O,O,O,X
IOSTJLZ,O,O,O,O,X
IOSTJZL,O,O,O,O,X
IOSTZLJ,O,O,O,O,X
IOSTZJL,O,O,O,O,X
IOSLTJZ,X,O,O,O,X
IOSLTZJ,X,O,O,O,X
IOSLJTZ,X,O,O,O,X
IOSLJZT,O,O,O,O,X
IOSLZTJ,X,O,O,O,X
IOSLZJT,O,O,O,O,X
IOSJTLZ,O,O,O,O,X
IOSJTZL,O,O,O,O,X
IOSJLTZ,X,O,O,O,X
IOSJLZT,O,O,O,O,X
IOSJZTL,O,O,O,O,O
IOSJZLT,O,O,O,O,O
IOSZTLJ,O,O,O,O,O
IOSZTJL,O,O,O,O,O
IOSZLTJ,X,O,O,O,O
IOSZLJT,O,O,O,O,O
IOSZJTL,O,O,O,O,O
IOSZJLT,O,O,O,O,O
IOZTLJS,X,O,O,O,X
IOZTLSJ,X,X,X,O,X
IOZTJLS,X,O,O,O,X
IOZTJSL,X,O,O,O,O
IOZTSLJ,X,O,O,O,O
IOZTSJL,X,O,O,O,O
IOZLTJS,X,O,X,O,X
IOZLTSJ,X,X,X,O,X
IOZLJTS,X,O,X,O,X
IOZLJST,O,O,X,O,O
IOZLSTJ,X,O,X,O,O
IOZLSJT,X,O,X,O,O
IOZJTLS,X,O,O,O,X
IOZJTSL,X,O,O,O,O
IOZJLTS,X,O,X,O,X
IOZJLST,O,O,X,O,O
IOZJSTL,O,O,O,O,O
IOZJSLT,O,O,O,O,O
IOZSTLJ,O,O,O,O,O
IOZSTJL,O,O,O,O,O
IOZSLTJ,X,O,O,O,O
IOZSLJT,O,O,O,O,O
IOZSJTL,O,O,O,O,O
IOZSJLT,O,O,O,O,O
LTIJSZO,O,O,O,O,X
LTIJSOZ,O,O,O,O,X
LTIJZSO,O,O,O,O,X
LTIJZOS,O,O,O,O,X
LTIJOSZ,O,X,O,X,X
LTIJOZS,O,O,O,X,X
LTISJZO,O,O,O,O,X
LTISJOZ,O,O,O,O,X
LTISZJO,O,O,O,O,X
LTISZOJ,O,O,O,O,X
LTISOJZ,O,O,O,O,X
LTISOZJ,O,O,O,O,X
LTIZJSO,O,O,O,O,X
LTIZJOS,O,O,O,O,X
LTIZSJO,O,X,O,O,X
LTIZSOJ,O,X,O,O,X
LTIZOJS,O,X,O,O,X
LTIZOSJ,O,X,X,O,X
LTIOJSZ,O,X,O,X,X
LTIOJZS,O,O,O,X,X
LTIOSJZ,O,X,O,X,X
LTIOSZJ,O,X,X,X,X
LTIOZJS,O,O,O,X,X
LTIOZSJ,O,X,X,X,X
LTJISZO,O,O,O,O,X
LTJISOZ,O,O,O,O,X
LTJIZSO,O,O,O,O,X
LTJIZOS,O,O,O,O,X
LTJIOSZ,O,X,O,X,X
LTJIOZS,O,O,O,X,X
LTJSIZO,O,O,O,O,X
LTJSIOZ,O,O,O,O,X
LTJSZIO,O,O,O,O,X
LTJSZOI,O,O,O,O,X
LTJSOIZ,O,O,O,O,X
LTJSOZI,O,O,O,O,X
LTJZISO,O,O,O,O,X
LTJZIOS,O,O,O,O,X
LTJZSIO,O,X,O,O,X
LTJZSOI,O,X,O,O,X
LTJZOIS,O,X,O,O,X
LTJZOSI,O,X,X,O,X
LTJOISZ,O,X,O,X,X
LTJOIZS,O,O,O,X,X
LTJOSIZ,O,X,O,X,X
LTJOSZI,O,X,X,X,X
LTJOZIS,O,O,O,X,X
LTJOZSI,O,X,X,X,X
LTSIJZO,O,O,O,O,X
LTSIJOZ,O,O,O,O,X
LTSIZJO,O,O,O,O,X
LTSIZOJ,O,O,O,O,X
LTSIOJZ,O,O,O,O,X
LTSIOZJ,O,O,O,O,X
LTSJIZO,O,O,O,O,X
LTSJIOZ,O,O,O,O,X
LTSJZIO,O,O,O,O,X
LTSJZOI,O,O,O,O,X
LTSJOIZ,O,O,O,O,X
LTSJOZI,O,O,O,O,X
LTSZIJO,O,O,O,O,X
LTSZIOJ,O,O,O,O,X
LTSZJIO,O,O,O,O,X
LTSZJOI,O,O,O,O,X
LTSZOIJ,O,O,O,O,X
LTSZOJI,O,O,O,O,X
LTSOIJZ,O,O,O,O,X
LTSOIZJ,O,O,O,O,X
LTSOJIZ,O,O,O,O,X
LTSOJZI,O,O,O,O,X
LTSOZIJ,O,O,O,O,X
LTSOZJI,O,O,O,O,X
LTZIJSO,O,O,O,O,X
LTZIJOS,O,O,O,O,X
LTZISJO,O,X,O,O,X
LTZISOJ,O,X,O,O,X
LTZIOJS,O,X,O,O,X
LTZIOSJ,O,X,X,O,X
LTZJISO,O,O,O,O,X
LTZJIOS,O,O,O,O,X
LTZJSIO,O,X,O,O,X
LTZJSOI,O,X,O,O,X
LTZJOIS,O,X,O,O,X
LTZJOSI,O,X,X,O,X
LTZSIJO,O,X,O,O,X
LTZSIOJ,O,X,O,O,X
LTZSJIO,O,X,O,O,X
LTZSJOI,O,X,O,O,X
LTZSOIJ,O,X,O,O,X
LTZSOJI,O,X,O,O,X
LTZOIJS,O,X,O,O,X
LTZOISJ,O,X,X,O,X
LTZOJIS,O,X,O,O,X
LTZOJSI,O,X,X,O,X
LTZOSIJ,O,X,X,O,X
LTZOSJI,O,X,X,O,X
LTOIJSZ,O,X,O,X,X
LTOIJZS,O,O,O,X,X
LTOISJZ,O,X,O,X,X
LTOISZJ,O,X,X,X,X
LTOIZJS,O,O,O,X,X
LTOIZSJ,O,X,X,X,X
LTOJISZ,O,X,O,X,X
LTOJIZS,O,O,O,X,X
LTOJSIZ,O,X,O,X,X
LTOJSZI,O,X,X,X,X
LTOJZIS,O,O,O,X,X
LTOJZSI,O,X,X,X,X
LTOSIJZ,O,X,O,X,X
LTOSIZJ,O,X,X,X,X
LTOSJIZ,O,X,O,X,X
LTOSJZI,O,X,X,X,X
LTOSZIJ,O,X,X,X,X
LTOSZJI,O,X,X,X,X
LTOZIJS,O,O,O,X,X
LTOZISJ,O,X,X,X,X
LTOZJIS,O,O,O,X,X
LTOZJSI,O,X,X,X,X
LTOZSIJ,O,X,X,X,X
LTOZSJI,O,X,X,X,X
LITJSZO,O,O,O,O,X
LITJSOZ,O,O,O,O,X
LITJZSO,O,O,O,O,X
LITJZOS,O,O,O,O,X
LITJOSZ,O,X,O,X,X
LITJOZS,O,O,O,X,X
LITSJZO,O,O,O,O,X
LITSJOZ,O,O,O,O,X
LITSZJO,O,O,O,O,X
LITSZOJ,O,O,O,O,X
LITSOJZ,O,O,O,O,X
LITSOZJ,O,O,O,O,X
LITZJSO,O,O,O,O,X
LITZJOS,O,O,O,O,X
LITZSJO,O,X,O,O,X
LITZSOJ,O,X,O,O,X
LITZOJS,O,X,O,O,X
LITZOSJ,O,X,X,O,X
LITOJSZ,O,X,O,X,X
LITOJZS,O,O,O,X,X
LITOSJZ,O,X,O,X,X
LITOSZJ,O,X,X,X,X
LITOZJS,O,O,O,X,X
LITOZSJ,O,X,X,X,X
LIJTSZO,O,O,O,O,X
LIJTSOZ,O,O,O,O,X
LIJTZSO,O,O,O,O,X
LIJTZOS,O,O,O,O,X
LIJTOSZ,O,X,O,X,X
LIJTOZS,O,O,O,X,X
LIJSTZO,O,O,O,O,X
LIJSTOZ,O,O,O,O,X
LIJSZTO,O,O,O,O,O
LIJSZOT,O,O,O,O,O
LIJSOTZ,X,O,O,O,X
LIJSOZT,O,O,O,O,X
LIJZTSO,O,O,O,O,X
LIJZTOS,O,O,X,O,X
LIJZSTO,O,O,X,O,O
LIJZSOT,O,O,X,O,O
LIJZOTS,X,O,X,O,X
LIJZOST,O,O,X,O,O
LIJOTSZ,O,X,O,X,X
LIJOTZS,O,O,O,X,X
LIJOSTZ,X,O,O,O,X
LIJOSZT,O,O,O,O,X
LIJOZTS,X,O,X,O,X
LIJOZST,O,O,X,O,O
LISTJZO,O,O,O,O,X
LISTJOZ,O,O,O,O,X
LISTZJO,O,O,O,O,X
LISTZOJ,O,O,O,O,X
LISTOJZ,O,O,O,O,X
LISTOZJ,O,O,O,O,X
LISJTZO,O,O,O,O,X
LISJTOZ,O,O,O,O,X
LISJZTO,O,O,O,O,O
LISJZOT,O,O,O,O,O
LISJOTZ,X,O,O,O,X
LISJOZT,O,O,O,O,X
LISZTJO,O,O,O,O,O
LISZTOJ,O,O,O,O,O
LISZJTO,O,O,O,O,O
LISZJOT,O,O,O,O,O
LISZOTJ,X,O,O,O,O
LISZOJT,O,O,O,O,O
LISOTJZ,X,O,O,O,X
LISOTZJ,X,O,O,O,X
LISOJTZ,X,O,O,O,X
LISOJZT,O,O,O,O,X
LISOZTJ,X,O,O,O,X
LISOZJT,O,O,O,O,X
LIZTJSO,O,O,O,O,X
LIZTJOS,O,O,X,O,X
LIZTSJO,O,X,O,O,X
LIZTSOJ,O,X,O,O,X
LIZTOJS,O,X,X,O,X
LIZTOSJ,O,X,X,O,X
LIZJTSO,O,O,O,O,X
LIZJTOS,O,O,X,O,X
LIZJSTO,O,O,X,O,O
LIZJSOT,O,O,X,O,O
LIZJOTS,X,O,X,O,X
LIZJOST,O,O,X,O,O
LIZSTJO,O,O,X,O,O
LIZSTOJ,O,O,X,O,O
LIZSJTO,O,O,X,O,O
LIZSJOT,O,O,X,O,O
LIZSOTJ,X,O,X,O,O
LIZSOJT,O,O,X,O,O
LIZOTJS,X,O,X,O,X
LIZOTSJ,X,X,X,O,X
LIZOJTS,X,O,X,O,X
LIZOJST,O,O,X,O,O
LIZOSTJ,X,O,X,O,O
LIZOSJT,X,O,X,O,O
LIOTJSZ,O,X,O,X,X
LIOTJZS,O,O,O,X,X
LIOTSJZ,O,X,O,X,X
LIOTSZJ,O,X,X,X,X
LIOTZJS,O,O,O,X,X
LIOTZSJ,O,X,X,X,X
LIOJTSZ,O,X,O,X,X
LIOJTZS,O,O,O,X,X
LIOJSTZ,X,O,O,O,X
LIOJSZT,O,O,O,O,X
LIOJZTS,X,O,X,O,X
LIOJZST,O,O,X,O,O
LIOSTJZ,X,O,O,O,X
LIOSTZJ,X,O,O,O,X
LIOSJTZ,X,O,O,O,X
LIOSJZT,O,O,O,O,X
LIOSZTJ,X,O,O,O,X
LIOSZJT,O,O,O,O,X
LIOZTJS,X,O,X,O,X
LIOZTSJ,X,X,X,O,X
LIOZJTS,X,O,X,O,X
LIOZJST,O,O,X,O,O
LIOZSTJ,X,O,X,O,O
LIOZSJT,X,O,X,O,O
LJTISZO,O,O,O,O,X
LJTISOZ,O,O,O,O,X
LJTIZSO,O,O,O,O,X
LJTIZOS,O,O,O,O,X
LJTIOSZ,O,X,O,X,X
LJTIOZS,O,O,O,X,X
LJTSIZO,O,O,O,O,X
LJTSIOZ,O,O,O,O,X
LJTSZIO,O,O,O,O,X
LJTSZOI,O,O,O,O,X
LJTSOIZ,O,O,O,O,X
LJTSOZI,O,O,O,O,X
LJTZISO,O,O,O,O,X
LJTZIOS,O,O,O,O,X
LJTZSIO,O,X,O,O,X
LJTZSOI,O,X,O,O,X
LJTZOIS,O,X,O,O,X
LJTZOSI,O,X,X,O,X
LJTOISZ,O,X,O,X,X
LJTOIZS,O,O,O,X,X
LJTOSIZ,O,X,O,X,X
LJTOSZI,O,X,X,X,X
LJTOZIS,O,O,O,X,X
LJTOZSI,O,X,X,X,X
LJITSZO,O,O,O,O,X
LJITSOZ,O,O,O,O,X
LJITZSO,O,O,O,O,X
LJITZOS,O,O,O,O,X
LJITOSZ,O,X,O,X,X
LJITOZS,O,O,O,X,X
LJISTZO,O,O,O,O,X
LJISTOZ,O,O,O,O,X
LJISZTO,O,O,O,O,O
LJISZOT,O,O,O,O,O
LJISOTZ,X,O,O,O,X
LJISOZT,O,O,O,O,X
LJIZTSO,O,O,O,O,X
LJIZTOS,O,O,X,O,X
LJIZSTO,O,O,X,O,O
LJIZSOT,O,O,X,O,O
LJIZOTS,X,O,X,O,X
LJIZOST,O,O,X,O,O
LJIOTSZ,O,X,O,X,X
LJIOTZS,O,O,O,X,X
LJIOSTZ,X,O,O,O,X
LJIOSZT,O,O,O,O,X
LJIOZTS,X,O,X,O,X
LJIOZST,O,O,X,O,O
LJSTIZO,O,O,O,O,X
LJSTIOZ,O,O,O,O,X
LJSTZIO,O,O,O,O,X
LJSTZOI,O,O,O,O,X
LJSTOIZ,O,O,O,O,X
LJSTOZI,O,O,O,O,X
LJSITZO,O,O,O,O,X
LJSITOZ,O,O,O,O,X
LJSIZTO,O,O,O,O,O
LJSIZOT,O,O,O,O,O
LJSIOTZ,X,O,O,O,X
LJSIOZT,O,O,O,O,X
LJSZTIO,O,O,O,O,X
LJSZTOI,O,O,O,O,X
LJSZITO,O,O,O,O,O
LJSZIOT,O,O,O,O,O
LJSZOTI,X,O,O,O,X
LJSZOIT,O,O,O,O,O
LJSOTIZ,X,O,O,O,X
LJSOTZI,X,O,O,O,X
LJSOITZ,X,O,O,O,X
LJSOIZT,O,O,O,O,X
LJSOZTI,X,O,O,O,X
LJSOZIT,O,O,O,O,X
LJZTISO,O,O,O,O,X
LJZTIOS,O,O,X,O,X
LJZTSIO,O,X,O,O,X
LJZTSOI,O,X,O,O,X
LJZTOIS,O,X,X,O,X
LJZTOSI,O,X,X,O,X
LJZITSO,O,O,O,O,X
LJZITOS,O,O,X,O,X
LJZISTO,O,O,X,O,O
LJZISOT,O,O,X,O,O
LJZIOTS,X,O,X,O,X
LJZIOST,O,O,X,O,O
LJZSTIO,O,O,X,O,X
LJZSTOI,O,O,X,O,X
LJZSITO,O,O,X,O,O
LJZSIOT,O,O,X,O,O
LJZSOTI,X,O,X,O,X
LJZSOIT,O,O,X,O,O
LJZOTIS,X,O,X,O,X
LJZOTSI,X,X,X,O,X
LJZOITS,X,O,X,O,X
LJZOIST,O,O,X,O,O
LJZOSTI,X,O,X,O,X
LJZOSIT,X,O,X,O,O
LJOTISZ,O,X,O,X,X
LJOTIZS,O,O,O,X,X
LJOTSIZ,O,X,O,X,X
LJOTSZI,O,X,X,X,X
LJOTZIS,O,O,O,X,X
LJOTZSI,O,X,X,X,X
LJOITSZ,O,X,O,X,X
LJOITZS,O,O,O,X,X
LJOISTZ,X,O,O,O,X
LJOISZT,O,O,O,O,X
LJOIZTS,X,O,X,O,X
LJOIZST,O,O,X,O,O
LJOSTIZ,X,O,O,O,X
LJOSTZI,X,O,O,O,X
LJOSITZ,X,O,O,O,X
LJOSIZT,O,O,O,O,X
LJOSZTI,X,O,O,O,X
LJOSZIT,O,O,O,O,X
LJOZTIS,X,O,X,O,X
LJOZTSI,X,X,X,O,X
LJOZITS,X,O,X,O,X
LJOZIST,O,O,X,O,O
LJOZSTI,X,O,X,O,X
LJOZSIT,X,O,X,O,O
LSTIJZO,O,O,O,O,X
LSTIJOZ,O,O,O,O,X
LSTIZJO,O,O,O,O,X
LSTIZOJ,O,O,O,O,X
LSTIOJZ,O,O,O,O,X
LSTIOZJ,O,O,O,O,X
LSTJIZO,O,O,O,O,X
LSTJIOZ,O,O,O,O,X
LSTJZIO,O,O,O,O,X
LSTJZOI,O,O,O,O,X
LSTJOIZ,O,O,O,O,X
LSTJOZI,O,O,O,O,X
LSTZIJO,O,O,O,O,X
LSTZIOJ,O,O,O,O,X
LSTZJIO,O,O,O,O,X
LSTZJOI,O,O,O,O,X
LSTZOIJ,O,O,O,O,X
LSTZOJI,O,O,O,O,X
LSTOIJZ,O,O,O,O,X
LSTOIZJ,O,O,O,O,X
LSTOJIZ,O,O,O,O,X
LSTOJZI,O,O,O,O,X
LSTOZIJ,O,O,O,O,X
LSTOZJI,O,O,O,O,X
LSITJZO,O,O,O,O,X
LSITJOZ,O,O,O,O,X
LSITZJO,O,O,O,O,X
LSITZOJ,O,O,O,O,X
LSITOJZ,O,O,O,O,X
LSITOZJ,O,O,O,O,X
LSIJTZO,O,O,O,O,X
LSIJTOZ,O,O,O,O,X
LSIJZTO,O,O,O,O,O
LSIJZOT,O,O,O,O,O
LSIJOTZ,X,O,O,O,X
LSIJOZT,O,O,O,O,X
LSIZTJO,O,O,O,O,O
LSIZTOJ,O,O,O,O,O
LSIZJTO,O,O,O,O,O
LSIZJOT,O,O,O,O,O
LSIZOTJ,X,O,O,O,O
LSIZOJT,O,O,O,O,O
LSIOTJZ,X,O,O,O,X
LSIOTZJ,X,O,O,O,X
LSIOJTZ,X,O,O,O,X
LSIOJZT,O,O,O,O,X
LSIOZTJ,X,O,O,O,X
LSIOZJT,O,O,O,O,X
LSJTIZO,O,O,O,O,X
LSJTIOZ,O,O,O,O,X
LSJTZIO,O,O,O,O,X
LSJTZOI,O,O,O,O,X
LSJTOIZ,O,O,O,O,X
LSJTOZI,O,O,O,O,X
LSJITZO,O,O,O,O,X
LSJITOZ,O,O,O,O,X
LSJIZTO,O,O,O,O,O
LSJIZOT,O,O,O,O,O
LSJIOTZ,X,O,O,O,X
LSJIOZT,O,O,O,O,X
LSJZTIO,O,O,O,O,X
LSJZTOI,O,O,O,O,X
LSJZITO,O,O,O,O,O
LSJZIOT,O,O,O,O,O
LSJZOTI,X,O,O,O,X
LSJZOIT,O,O,O,O,O
LSJOTIZ,X,O,O,O,X
LSJOTZI,X,O,O,O,X
LSJOITZ,X,O,O,O,X
LSJOIZT,O,O,O,O,X
LSJOZTI,X,O,O,O,X
LSJOZIT,O,O,O,O,X
LSZTIJO,O,O,O,O,X
LSZTIOJ,O,O,O,O,X
LSZTJIO,O,O,O,O,X
LSZTJOI,O,O,O,O,X
LSZTOIJ,O,O,O,O,X
LSZTOJI,O,O,O,O,X
LSZITJO,O,O,O,O,O
LSZITOJ,O,O,O,O,O
LSZIJTO,O,O,O,O,O
LSZIJOT,O,O,O,O,O
LSZIOTJ,X,O,O,O,O
LSZIOJT,O,O,O,O,O
LSZJTIO,O,O,O,O,X
LSZJTOI,O,O,O,O,X
LSZJITO,O,O,O,O,O
LSZJIOT,O,O,O,O,O
LSZJOTI,X,O,O,O,X
LSZJOIT,O,O,O,O,O
LSZOTIJ,X,O,O,O,X
LSZOTJI,X,O,O,O,X
LSZOITJ,X,O,O,O,O
LSZOIJT,O,O,O,O,O
LSZOJTI,X,O,O,O,X
LSZOJIT,O,O,O,O,O
LSOTIJZ,X,O,O,O,X
LSOTIZJ,X,O,O,O,X
LSOTJIZ,X,O,O,O,X
LSOTJZI,X,O,O,O,X
LSOTZIJ,X,O,O,O,X
LSOTZJI,X,O,O,O,X
LSOITJZ,X,O,O,O,X
LSOITZJ,X,O,O,O,X
LSOIJTZ,X,O,O,O,X
LSOIJZT,O,O,O,O,X
LSOIZTJ,X,O,O,O,X
LSOIZJT,O,O,O,O,X
LSOJTIZ,X,O,O,O,X
LSOJTZI,X,O,O,O,X
LSOJITZ,X,O,O,O,X
LSOJIZT,O,O,O,O,X
LSOJZTI,X,O,O,O,X
LSOJZIT,O,O,O,O,X
LSOZTIJ,X,O,O,O,X
LSOZTJI,X,O,O,O,X
LSOZITJ,X,O,O,O,X
LSOZIJT,O,O,O,O,X
LSOZJTI,X,O,O,O,X
LSOZJIT,O,O,O,O,X
LZTIJSO,O,O,O,O,X
LZTIJOS,O,O,X,O,X
LZTISJO,O,X,O,O,X
LZTISOJ,O,X,O,O,X
LZTIOJS,O,X,X,O,X
LZTIOSJ,O,X,X,O,X
LZTJISO,O,O,O,O,X
LZTJIOS,O,O,X,O,X
LZTJSIO,O,X,O,O,X
LZTJSOI,O,X,O,O,X
LZTJOIS,O,X,X,O,X
LZTJOSI,O,X,X,O,X
LZTSIJO,O,X,O,O,X
LZTSIOJ,O,X,O,O,X
LZTSJIO,O,X,O,O,X
LZTSJOI,O,X,O,O,X
LZTSOIJ,O,X,O,O,X
LZTSOJI,O,X,O,O,X
LZTOIJS,O,X,X,O,X
LZTOISJ,O,X,X,O,X
LZTOJIS,O,X,X,O,X
LZTOJSI,O,X,X,O,X
LZTOSIJ,O,X,X,O,X
LZTOSJI,O,X,X,O,X
LZITJSO,O,O,O,O,X
LZITJOS,O,O,X,O,X
LZITSJO,O,X,O,O,X
LZITSOJ,O,X,O,O,X
LZITOJS,O,X,X,O,X
LZITOSJ,O,X,X,O,X
LZIJTSO,O,O,O,O,X
LZIJTOS,O,O,X,O,X
LZIJSTO,O,O,X,O,O
LZIJSOT,O,O,X,O,O
LZIJOTS,X,O,X,O,X
LZIJOST,O,O,X,O,O
LZISTJO,O,O,X,O,O
LZISTOJ,O,O,X,O,O
LZISJTO,O,O,X,O,O
LZISJOT,O,O,X,O,O
LZISOTJ,X,O,X,O,O
LZISOJT,O,O,X,O,O
LZIOTJS,X,O,X,O,X
LZIOTSJ,X,X,X,O,X
LZIOJTS,X,O,X,O,X
LZIOJST,O,O,X,O,O
LZIOSTJ,X,O,X,O,O
LZIOSJT,X,O,X,O,O
LZJTISO,O,O,O,O,X
LZJTIOS,O,O,X,O,X
LZJTSIO,O,X,O,O,X
LZJTSOI,O,X,O,O,X
LZJTOIS,O,X,X,O,X
LZJTOSI,O,X,X,O,X
LZJITSO,O,O,O,O,X
LZJITOS,O,O,X,O,X
LZJISTO,O,O,X,O,O
LZJISOT,O,O,X,O,O
LZJIOTS,X,O,X,O,X
LZJIOST,O,O,X,O,O
LZJSTIO,O,O,X,O,X
LZJSTOI,O,O,X,O,X
LZJSITO,O,O,X,O,O
LZJSIOT,O,O,X,O,O
LZJSOTI,X,O,X,O,X
LZJSOIT,O,O,X,O,O
LZJOTIS,X,O,X,O,X
LZJOTSI,X,X,X,O,X
LZJOITS,X,O,X,O,X
LZJOIST,O,O,X,O,O
LZJOSTI,X,O,X,O,X
LZJOSIT,X,O,X,O,O
LZSTIJO,O,O,X,O,X
LZSTIOJ,O,O,X,O,X
LZSTJIO,O,O,X,O,X
LZSTJOI,O,O,X,O,X
LZSTOIJ,O,O,X,O,X
LZSTOJI,O,O,X,O,X
LZSITJO,O,O,X,O,O
LZSITOJ,O,O,X,O,O
LZSIJTO,O,O,X,O,O
LZSIJOT,O,O,X,O,O
LZSIOTJ,X,O,X,O,O
LZSIOJT,O,O,X,O,O
LZSJTIO,O,O,X,O,X
LZSJTOI,O,O,X,O,X
LZSJITO,O,O,X,O,O
LZSJIOT,O,O,X,O,O
LZSJOTI,X,O,X,O,X
LZSJOIT,O,O,X,O,O
LZSOTIJ,X,O,X,O,X
LZSOTJI,X,O,X,O,X
LZSOITJ,X,O,X,O,O
LZSOIJT,O,O,X,O,O
LZSOJTI,X,O,X,O,X
LZSOJIT,O,O,X,O,O
LZOTIJS,X,O,X,O,X
LZOTISJ,X,X,X,O,X
LZOTJIS,X,O,X,O,X
LZOTJSI,X,X,X,O,X
LZOTSIJ,X,X,X,O,X
LZOTSJI,X,X,X,O,X
LZOITJS,X,O,X,O,X
LZOITSJ,X,X,X,O,X
LZOIJTS,X,O,X,O,X
LZOIJST,O,O,X,O,O
LZOISTJ,X,O,X,O,O
LZOISJT,X,O,X,O,O
LZOJTIS,X,O,X,O,X
LZOJTSI,X,X,X,O,X
LZOJITS,X,O,X,O,X
LZOJIST,O,O,X,O,O
LZOJSTI,X,O,X,O,X
LZOJSIT,X,O,X,O,O
LZOSTIJ,X,O,X,O,X
LZOSTJI,X,O,X,O,X
LZOSITJ,X,O,X,O,O
LZOSIJT,X,O,X,O,O
LZOSJTI,X,O,X,O,X
LZOSJIT,X,O,X,O,O
LOTIJSZ,O,X,O,X,X
LOTIJZS,O,O,O,X,X
LOTISJZ,O,X,O,X,X
LOTISZJ,O,X,X,X,X
LOTIZJS,O,O,O,X,X
LOTIZSJ,O,X,X,X,X
LOTJISZ,O,X,O,X,X
LOTJIZS,O,O,O,X,X
LOTJSIZ,O,X,O,X,X
LOTJSZI,O,X,X,X,X
LOTJZIS,O,O,O,X,X
LOTJZSI,O,X,X,X,X
LOTSIJZ,O,X,O,X,X
LOTSIZJ,O,X,X,X,X
LOTSJIZ,O,X,O,X,X
LOTSJZI,O,X,X,X,X
LOTSZIJ,O,X,X,X,X
LOTSZJI,O,X,X,X,X
LOTZIJS,O,O,O,X,X
LOTZISJ,O,X,X,X,X
LOTZJIS,O,O,O,X,X
LOTZJSI,O,X,X,X,X
LOTZSIJ,O,X,X,X,X
LOTZSJI,O,X,X,X,X
LOITJSZ,O,X,O,X,X
LOITJZS,O,O,O,X,X
LOITSJZ,O,X,O,X,X
LOITSZJ,O,X,X,X,X
LOITZJS,O,O,O,X,X
LOITZSJ,O,X,X,X,X
LOIJTSZ,O,X,O,X,X
LOIJTZS,O,O,O,X,X
LOIJSTZ,X,O,O,O,X
LOIJSZT,O,O,O,O,X
LOIJZTS,X,O,X,O,X
LOIJZST,O,O,X,O,O
LOISTJZ,X,O,O,O,X
LOISTZJ,X,O,O,O,X
LOISJTZ,X,O,O,O,X
LOISJZT,O,O,O,O,X
LOISZTJ,X,O,O,O,X
LOISZJT,O,O,O,O,X
LOIZTJS,X,O,X,O,X
LOIZTSJ,X,X,X,O,X
LOIZJTS,X,O,X,O,X
LOIZJST,O,O,X,O,O
LOIZSTJ,X,O,X,O,O
LOIZSJT,X,O,X,O,O
LOJTISZ,O,X,O,X,X
LOJTIZS,O,O,O,X,X
LOJTSIZ,O,X,O,X,X
LOJTSZI,O,X,X,X,X
LOJTZIS,O,O,O,X,X
LOJTZSI,O,X,X,X,X
LOJITSZ,O,X,O,X,X
LOJITZS,O,O,O,X,X
LOJISTZ,X,O,O,O,X
LOJISZT,O,O,O,O,X
LOJIZTS,X,O,X,O,X
LOJIZST,O,O,X,O,O
LOJSTIZ,X,O,O,O,X
LOJSTZI,X,O,O,O,X
LOJSITZ,X,O,O,O,X
LOJSIZT,O,O,O,O,X
LOJSZTI,X,O,O,O,X
LOJSZIT,O,O,O,O,X
LOJZTIS,X,O,X,O,X
LOJZTSI,X,X,X,O,X
LOJZITS,X,O,X,O,X
LOJZIST,O,O,X,O,O
LOJZSTI,X,O,X,O,X
LOJZSIT,X,O,X,O,O
LOSTIJZ,X,O,O,O,X
LOSTIZJ,X,O,O,O,X
LOSTJIZ,X,O,O,O,X
LOSTJZI,X,O,O,O,X
LOSTZIJ,X,O,O,O,X
LOSTZJI,X,O,O,O,X
LOSITJZ,X,O,O,O,X
LOSITZJ,X,O,O,O,X
LOSIJTZ,X,O,O,O,X
LOSIJZT,O,O,O,O,X
LOSIZTJ,X,O,O,O,X
LOSIZJT,O,O,O,O,X
LOSJTIZ,X,O,O,O,X
LOSJTZI,X,O,O,O,X
LOSJITZ,X,O,O,O,X
LOSJIZT,O,O,O,O,X
LOSJZTI,X,O,O,O,X
LOSJZIT,O,O,O,O,X
LOSZTIJ,X,O,O,O,X
LOSZTJI,X,O,O,O,X
LOSZITJ,X,O,O,O,X
LOSZIJT,O,O,O,O,X
LOSZJTI,X,O,O,O,X
LOSZJIT,O,O,O,O,X
LOZTIJS,X,O,X,O,X
LOZTISJ,X,X,X,O,X
LOZTJIS,X,O,X,O,X
LOZTJSI,X,X,X,O,X
LOZTSIJ,X,X,X,O,X
LOZTSJI,X,X,X,O,X
LOZITJS,X,O,X,O,X
LOZITSJ,X,X,X,O,X
LOZIJTS,X,O,X,O,X
LOZIJST,O,O,X,O,O
LOZISTJ,X,O,X,O,O
LOZISJT,X,O,X,O,O
LOZJTIS,X,O,X,O,X
LOZJTSI,X,X,X,O,X
LOZJITS,X,O,X,O,X
LOZJIST,O,O,X,O,O
LOZJSTI,X,O,X,O,X
LOZJSIT,X,O,X,O,O
LOZSTIJ,X,O,X,O,X
LOZSTJI,X,O,X,O,X
LOZSITJ,X,O,X,O,O
LOZSIJT,X,O,X,O,O
LOZSJTI,X,O,X,O,X
LOZSJIT,X,O,X,O,O
JTILSZO,O,O,O,O,X
JTILSOZ,O,O,O,O,X
JTILZSO,O,O,O,O,X
JTILZOS,O,O,O,O,X
JTILOSZ,O,X,O,X,X
JTILOZS,O,O,O,X,X
JTISLZO,O,O,O,O,X
JTISLOZ,O,O,O,O,X
JTISZLO,O,O,O,O,O
JTISZOL,O,O,O,O,O
JTISOLZ,O,O,O,O,X
JTISOZL,O,O,O,O,X
JTIZLSO,O,O,O,O,X
JTIZLOS,O,O,O,O,X
JTIZSLO,O,O,O,O,O
JTIZSOL,O,O,O,O,O
JTIZOLS,O,O,O,O,X
JTIZOSL,O,O,O,O,O
JTIOLSZ,O,X,O,X,X
JTIOLZS,O,O,O,X,X
JTIOSLZ,O,O,O,X,X
JTIOSZL,O,O,O,O,X
JTIOZLS,O,O,O,O,X
JTIOZSL,O,O,O,O,O
JTLISZO,O,O,O,O,X
JTLISOZ,O,O,O,O,X
JTLIZSO,O,O,O,O,X
JTLIZOS,O,O,O,O,X
JTLIOSZ,O,X,O,X,X
JTLIOZS,O,O,O,X,X
JTLSIZO,O,O,O,O,X
JTLSIOZ,O,O,O,O,X
JTLSZIO,O,O,O,O,X
JTLSZOI,O,O,O,O,X
JTLSOIZ,O,O,O,O,X
JTLSOZI,O,O,O,O,X
JTLZISO,O,O,O,O,X
JTLZIOS,O,O,O,O,X
JTLZSIO,O,X,O,O,X
JTLZSOI,O,X,O,O,X
JTLZOIS,O,X,O,O,X
JTLZOSI,O,X,X,O,X
JTLOISZ,O,X,O,X,X
JTLOIZS,O,O,O,X,X
JTLOSIZ,O,X,O,X,X
JTLOSZI,O,X,X,X,X
JTLOZIS,O,O,O,X,X
JTLOZSI,O,X,X,X,X
JTSILZO,O,O,O,O,X
JTSILOZ,O,O,O,O,X
JTSIZLO,O,O,O,O,O
JTSIZOL,O,O,O,O,O
JTSIOLZ,O,O,O,O,X
JTSIOZL,O,O,O,O,X
JTSLIZO,O,O,O,O,X
JTSLIOZ,O,O,O,O,X
JTSLZIO,O,O,O,O,X
JTSLZOI,O,O,O,O,X
JTSLOIZ,O,O,O,O,X
JTSLOZI,O,O,O,O,X
JTSZILO,O,O,O,O,O
JTSZIOL,O,O,O,O,O
JTSZLIO,O,O,O,O,X
JTSZLOI,O,O,O,O,X
JTSZOIL,O,O,O,O,O
JTSZOLI,O,O,O,O,X
JTSOILZ,O,O,O,O,X
JTSOIZL,O,O,O,O,X
JTSOLIZ,O,O,O,O,X
JTSOLZI,O,O,O,O,X
JTSOZIL,O,O,O,O,X
JTSOZLI,O,O,O,O,X
JTZILSO,O,O,O,O,X
JTZILOS,O,O,O,O,X
JTZISLO,O,O,O,O,O
JTZISOL,O,O,O,O,O
JTZIOLS,O,O,O,O,X
JTZIOSL,O,O,O,O,O
JTZLISO,O,O,O,O,X
JTZLIOS,O,O,O,O,X
JTZLSIO,O,X,O,O,X
JTZLSOI,O,X,O,O,X
JTZLOIS,O,X,O,O,X
JTZLOSI,O,X,X,O,X
JTZSILO,O,O,O,O,O
JTZSIOL,O,O,O,O,O
JTZSLIO,O,O,O,O,X
JTZSLOI,O,O,O,O,X
JTZSOIL,O,O,O,O,O
JTZSOLI,O,O,O,O,X
JTZOILS,O,O,O,O,X
JTZOISL,O,O,O,O,O
JTZOLIS,O,O,O,O,X
JTZOLSI,O,X,X,O,X
JTZOSIL,O,O,O,O,O
JTZOSLI,O,O,O,O,X
JTOILSZ,O,X,O,X,X
JTOILZS,O,O,O,X,X
JTOISLZ,O,O,O,X,X
JTOISZL,O,O,O,O,X
JTOIZLS,O,O,O,O,X
JTOIZSL,O,O,O,O,O
JTOLISZ,O,X,O,X,X
JTOLIZS,O,O,O,X,X
JTOLSIZ,O,X,O,X,X
JTOLSZI,O,X,X,X,X
JTOLZIS,O,O,O,X,X
JTOLZSI,O,X,X,X,X
JTOSILZ,O,O,O,X,X
JTOSIZL,O,O,O,O,X
JTOSLIZ,O,O,O,X,X
JTOSLZI,O,O,O,X,X
JTOSZIL,O,O,O,O,X
JTOSZLI,O,O,O,O,X
JTOZILS,O,O,O,O,X
JTOZISL,O,O,O,O,O
JTOZLIS,O,O,O,O,X
JTOZLSI,O,X,X,O,X
JTOZSIL,O,O,O,O,O
JTOZSLI,O,O,O,O,X
JITLSZO,O,O,O,O,X
JITLSOZ,O,O,O,O,X
JITLZSO,O,O,O,O,X
JITLZOS,O,O,O,O,X
JITLOSZ,O,X,O,X,X
JITLOZS,O,O,O,X,X
JITSLZO,O,O,O,O,X
JITSLOZ,O,O,O,O,X
JITSZLO,O,O,O,O,O
JITSZOL,O,O,O,O,O
JITSOLZ,O,O,O,O,X
JITSOZL,O,O,O,O,X
JITZLSO,O,O,O,O,X
JITZLOS,O,O,O,O,X
JITZSLO,O,O,O,O,O
JITZSOL,O,O,O,O,O
JITZOLS,O,O,O,O,X
JITZOSL,O,O,O,O,O
JITOLSZ,O,X,O,X,X
JITOLZS,O,O,O,X,X
JITOSLZ,O,O,O,X,X
JITOSZL,O,O,O,O,X
JITOZLS,O,O,O,O,X
JITOZSL,O,O,O,O,O
JILTSZO,O,O,O,O,X
JILTSOZ,O,O,O,O,X
JILTZSO,O,O,O,O,X
JILTZOS,O,O,O,O,X
JILTOSZ,O,X,O,X,X
JILTOZS,O,O,O,X,X
JILSTZO,O,O,O,O,X
JILSTOZ,O,O,O,O,X
JILSZTO,O,O,O,O,O
JILSZOT,O,O,O,O,O
JILSOTZ,X,O,O,O,X
JILSOZT,O,O,O,O,X
JILZTSO,O,O,O,O,X
JILZTOS,O,O,X,O,X
JILZSTO,O,O,X,O,O
JILZSOT,O,O,X,O,O
JILZOTS,X,O,X,O,X
JILZOST,O,O,X,O,O
JILOTSZ,O,X,O,X,X
JILOTZS,O,O,O,X,X
JILOSTZ,X,O,O,O,X
JILOSZT,O,O,O,O,X
JILOZTS,X,O,X,O,X
JILOZST,O,O,X,O,O
JISTLZO,O,O,O,O,X
JISTLOZ,O,O,O,O,X
JISTZLO,O,O,O,O,O
JISTZOL,O,O,O,O,O
JISTOLZ,O,O,O,O,X
JISTOZL,O,O,O,O,X
JISLTZO,O,O,O,O,X
JISLTOZ,O,O,O,O,X
JISLZTO,O,O,O,O,O
JISLZOT,O,O,O,O,O
JISLOTZ,X,O,O,O,X
JISLOZT,O,O,O,O,X
JISZTLO,O,O,O,O,O
JISZTOL,O,O,O,O,O
JISZLTO,O,O,O,O,O
JISZLOT,O,O,O,O,O
JISZOTL,O,O,O,O,O
JISZOLT,O,O,O,O,O
JISOTLZ,O,O,O,O,X
JISOTZL,O,O,O,O,X
JISOLTZ,X,O,O,O,X
JISOLZT,O,O,O,O,X
JISOZTL,O,O,O,O,O
JISOZLT,O,O,O,O,O
JIZTLSO,O,O,O,O,X
JIZTLOS,O,O,O,O,X
JIZTSLO,O,O,O,O,O
JIZTSOL,O,O,O,O,O
JIZTOLS,O,O,O,O,X
JIZTOSL,O,O,O,O,O
JIZLTSO,O,O,O,O,X
JIZLTOS,O,O,X,O,X
JIZLSTO,O,O,X,O,O
JIZLSOT,O,O,X,O,O
JIZLOTS,X,O,X,O,X
JIZLOST,O,O,X,O,O
JIZSTLO,O,O,O,O,O
JIZSTOL,O,O,O,O,O
JIZSLTO,O,O,O,O,O
JIZSLOT,O,O,O,O,O
JIZSOTL,O,O,O,O,O
JIZSOLT,O,O,O,O,O
JIZOTLS,X,O,O,O,X
JIZOTSL,X,O,O,O,O
JIZOLTS,X,O,X,O,X
JIZOLST,O,O,X,O,O
JIZOSTL,O,O,O,O,O
JIZOSLT,O,O,O,O,O
JIOTLSZ,O,X,O,X,X
JIOTLZS,O,O,O,X,X
JIOTSLZ,O,O,O,X,X
JIOTSZL,O,O,O,O,X
JIOTZLS,O,O,O,O,X
JIOTZSL,O,O,O,O,O
JIOLTSZ,O,X,O,X,X
JIOLTZS,O,O,O,X,X
JIOLSTZ,X,O,O,O,X
JIOLSZT,O,O,O,O,X
JIOLZTS,X,O,X,O,X
JIOLZST,O,O,X,O,O
JIOSTLZ,O,O,O,O,X
JIOSTZL,O,O,O,O,X
JIOSLTZ,X,O,O,O,X
JIOSLZT,O,O,O,O,X
JIOSZTL,O,O,O,O,O
JIOSZLT,O,O,O,O,O
JIOZTLS,X,O,O,O,X
JIOZTSL,X,O,O,O,O
JIOZLTS,X,O,X,O,X
JIOZLST,O,O,X,O,O
JIOZSTL,O,O,O,O,O
JIOZSLT,O,O,O,O,O
JLTISZO,O,O,O,O,X
JLTISOZ,O,O,O,O,X
JLTIZSO,O,O,O,O,X
JLTIZOS,O,O,O,O,X
JLTIOSZ,O,X,O,X,X
JLTIOZS,O,O,O,X,X
JLTSIZO,O,O,O,O,X
JLTSIOZ,O,O,O,O,X
JLTSZIO,O,O,O,O,X
JLTSZOI,O,O,O,O,X
JLTSOIZ,O,O,O,O,X
JLTSOZI,O,O,O,O,X
JLTZISO,O,O,O,O,X
JLTZIOS,O,O,O,O,X
JLTZSIO,O,X,O,O,X
JLTZSOI,O,X,O,O,X
JLTZOIS,O,X,O,O,X
JLTZOSI,O,X,X,O,X
JLTOISZ,O,X,O,X,X
JLTOIZS,O,O,O,X,X
JLTOSIZ,O,X,O,X,X
JLTOSZI,O,X,X,X,X
JLTOZIS,O,O,O,X,X
JLTOZSI,O,X,X,X,X
JLITSZO,O,O,O,O,X
JLITSOZ,O,O,O,O,X
JLITZSO,O,O,O,O,X
JLITZOS,O,O,O,O,X
JLITOSZ,O,X,O,X,X
JLITOZS,O,O,O,X,X
JLISTZO,O,O,O,O,X
JLISTOZ,O,O,O,O,X
JLISZTO,O,O,O,O,O
JLISZOT,O,O,O,O,O
JLISOTZ,X,O,O,O,X
JLISOZT,O,O,O,O,X
JLIZTSO,O,O,O,O,X
JLIZTOS,O,O,X,O,X
JLIZSTO,O,O,X,O,O
JLIZSOT,O,O,X,O,O
JLIZOTS,X,O,X,O,X
JLIZOST,O,O,X,O,O
JLIOTSZ,O,X,O,X,X
JLIOTZS,O,O,O,X,X
JLIOSTZ,X,O,O,O,X
JLIOSZT,O,O,O,O,X
JLIOZTS,X,O,X,O,X
JLIOZST,O,O,X,O,O
JLSTIZO,O,O,O,O,X
JLSTIOZ,O,O,O,O,X
JLSTZIO,O,O,O,O,X
JLSTZOI,O,O,O,O,X
JLSTOIZ,O,O,O,O,X
JLSTOZI,O,O,O,O,X
JLSITZO,O,O,O,O,X
JLSITOZ,O,O,O,O,X
JLSIZTO,O,O,O,O,O
JLSIZOT,O,O,O,O,O
JLSIOTZ,X,O,O,O,X
JLSIOZT,O,O,O,O,X
JLSZTIO,O,O,O,O,X
JLSZTOI,O,O,O,O,X
JLSZITO,O,O,O,O,O
JLSZIOT,O,O,O,O,O
JLSZOTI,X,O,O,O,X
JLSZOIT,O,O,O,O,O
JLSOTIZ,X,O,O,O,X
JLSOTZI,X,O,O,O,X
JLSOITZ,X,O,O,O,X
JLSOIZT,O,O,O,O,X
JLSOZTI,X,O,O,O,X
JLSOZIT,O,O,O,O,X
JLZTISO,O,O,O,O,X
JLZTIOS,O,O,X,O,X
JLZTSIO,O,X,O,O,X
JLZTSOI,O,X,O,O,X
JLZTOIS,O,X,X,O,X
JLZTOSI,O,X,X,O,X
JLZITSO,O,O,O,O,X
JLZITOS,O,O,X,O,X
JLZISTO,O,O,X,O,O
JLZISOT,O,O,X,O,O
JLZIOTS,X,O,X,O,X
JLZIOST,O,O,X,O,O
JLZSTIO,O,O,X,O,X
JLZSTOI,O,O,X,O,X
JLZSITO,O,O,X,O,O
JLZSIOT,O,O,X,O,O
JLZSOTI,X,O,X,O,X
JLZSOIT,O,O,X,O,O
JLZOTIS,X,O,X,O,X
JLZOTSI,X,X,X,O,X
JLZOITS,X,O,X,O,X
JLZOIST,O,O,X,O,O
JLZOSTI,X,O,X,O,X
JLZOSIT,X,O,X,O,O
JLOTISZ,O,X,O,X,X
JLOTIZS,O,O,O,X,X
JLOTSIZ,O,X,O,X,X
JLOTSZI,O,X,X,X,X
JLOTZIS,O,O,O,X,X
JLOTZSI,O,X,X,X,X
JLOITSZ,O,X,O,X,X
JLOITZS,O,O,O,X,X
JLOISTZ,X,O,O,O,X
JLOISZT,O,O,O,O,X
JLOIZTS,X,O,X,O,X
JLOIZST,O,O,X,O,O
JLOSTIZ,X,O,O,O,X
JLOSTZI,X,O,O,O,X
JLOSITZ,X,O,O,O,X
JLOSIZT,O,O,O,O,X
JLOSZTI,X,O,O,O,X
JLOSZIT,O,O,O,O,X
JLOZTIS,X,O,X,O,X
JLOZTSI,X,X,X,O,X
JLOZITS,X,O,X,O,X
JLOZIST,O,O,X,O,O
JLOZSTI,X,O,X,O,X
JLOZSIT,X,O,X,O,O
JSTILZO,O,O,O,O,X
JSTILOZ,O,O,O,O,X
JSTIZLO,O,O,O,O,O
JSTIZOL,O,O,O,O,O
JSTIOLZ,O,O,O,O,X
JSTIOZL,O,O,O,O,X
JSTLIZO,O,O,O,O,X
JSTLIOZ,O,O,O,O,X
JSTLZIO,O,O,O,O,X
JSTLZOI,O,O,O,O,X
JSTLOIZ,O,O,O,O,X
JSTLOZI,O,O,O,O,X
JSTZILO,O,O,O,O,O
JSTZIOL,O,O,O,O,O
JSTZLIO,O,O,O,O,X
JSTZLOI,O,O,O,O,X
JSTZOIL,O,O,O,O,O
JSTZOLI,O,O,O,O,X
JSTOILZ,O,O,O,O,X
JSTOIZL,O,O,O,O,X
JSTOLIZ,O,O,O,O,X
JSTOLZI,O,O,O,O,X
JSTOZIL,O,O,O,O,X
JSTOZLI,O,O,O,O,X
JSITLZO,O,O,O,O,X
JSITLOZ,O,O,O,O,X
JSITZLO,O,O,O,O,O
JSITZOL,O,O,O,O,O
JSITOLZ,O,O,O,O,X
JSITOZL,O,O,O,O,X
JSILTZO,O,O,O,O,X
JSILTOZ,O,O,O,O,X
JSILZTO,O,O,O,O,O
JSILZOT,O,O,O,O,O
JSILOTZ,X,O,O,O,X
JSILOZT,O,O,O,O,X
JSIZTLO,O,O,O,O,O
JSIZTOL,O,O,O,O,O
JSIZLTO,O,O,O,O,O
JSIZLOT,O,O,O,O,O
JSIZOTL,O,O,O,O,O
JSIZOLT,O,O,O,O,O
JSIOTLZ,O,O,O,O,X
JSIOTZL,O,O,O,O,X
JSIOLTZ,X,O,O,O,X
JSIOLZT,O,O,O,O,X
JSIOZTL,O,O,O,O,O
JSIOZLT,O,O,O,O,O
JSLTIZO,O,O,O,O,X
JSLTIOZ,O,O,O,O,X
JSLTZIO,O,O,O,O,X
JSLTZOI,O,O,O,O,X
JSLTOIZ,O,O,O,O,X
JSLTOZI,O,O,O,O,X
JSLITZO,O,O,O,O,X
JSLITOZ,O,O,O,O,X
JSLIZTO,O,O,O,O,O
JSLIZOT,O,O,O,O,O
JSLIOTZ,X,O,O,O,X
JSLIOZT,O,O,O,O,X
JSLZTIO,O,O,O,O,X
JSLZTOI,O,O,O,O,X
JSLZITO,O,O,O,O,O
JSLZIOT,O,O,O,O,O
JSLZOTI,X,O,O,O,X
JSLZOIT,O,O,O,O,O
JSLOTIZ,X,O,O,O,X
JSLOTZI,X,O,O,O,X
JSLOITZ,X,O,O,O,X
JSLOIZT,O,O,O,O,X
JSLOZTI,X,O,O,O,X
JSLOZIT,O,O,O,O,X
JSZTILO,O,O,O,O,O
JSZTIOL,O,O,O,O,O
JSZTLIO,O,O,O,O,X
JSZTLOI,O,O,O,O,X
JSZTOIL,O,O,O,O,O
JSZTOLI,O,O,O,O,X
JSZITLO,O,O,O,O,O
JSZITOL,O,O,O,O,O
JSZILTO,O,O,O,O,O
JSZILOT,O,O,O,O,O
JSZIOTL,O,O,O,O,O
JSZIOLT,O,O,O,O,O
JSZLTIO,O,O,O,O,X
JSZLTOI,O,O,O,O,X
JSZLITO,O,O,O,O,O
JSZLIOT,O,O,O,O,O
JSZLOTI,X,O,O,O,X
JSZLOIT,O,O,O,O,O
JSZOTIL,O,O,O,O,O
JSZOTLI,O,O,O,O,X
JSZOITL,O,O,O,O,O
JSZOILT,O,O,O,O,O
JSZOLTI,X,O,O,O,X
JSZOLIT,O,O,O,O,O
JSOTILZ,O,O,O,O,X
JSOTIZL,O,O,O,O,X
JSOTLIZ,O,O,O,O,X
JSOTLZI,O,O,O,O,X
JSOTZIL,O,O,O,O,X
JSOTZLI,O,O,O,O,X
JSOITLZ,O,O,O,O,X
JSOITZL,O,O,O,O,X
JSOILTZ,X,O,O,O,X
JSOILZT,O,O,O,O,X
JSOIZTL,O,O,O,O,O
JSOIZLT,O,O,O,O,O
JSOLTIZ,X,O,O,O,X
JSOLTZI,X,O,O,O,X
JSOLITZ,X,O,O,O,X
JSOLIZT,O,O,O,O,X
JSOLZTI,X,O,O,O,X
JSOLZIT,O,O,O,O,X
JSOZTIL,O,O,O,O,O
JSOZTLI,O,O,O,O,X
JSOZITL,O,O,O,O,O
JSOZILT,O,O,O,O,O
JSOZLTI,X,O,O,O,X
JSOZLIT,O,O,O,O,O
JZTILSO,O,O,O,O,X
JZTILOS,O,O,O,O,X
JZTISLO,O,O,O,O,O
JZTISOL,O,O,O,O,O
JZTIOLS,O,O,O,O,X
JZTIOSL,O,O,O,O,O
JZTLISO,O,O,O,O,X
JZTLIOS,O,O,O,O,X
JZTLSIO,O,X,O,O,X
JZTLSOI,O,X,O,O,X
JZTLOIS,O,X,O,O,X
JZTLOSI,O,X,X,O,X
JZTSILO,O,O,O,O,O
JZTSIOL,O,O,O,O,O
JZTSLIO,O,O,O,O,X
JZTSLOI,O,O,O,O,X
JZTSOIL,O,O,O,O,O
JZTSOLI,O,O,O,O,X
JZTOILS,O,O,O,O,X
JZTOISL,O,O,O,O,O
JZTOLIS,O,O,O,O,X
JZTOLSI,O,X,X,O,X
JZTOSIL,O,O,O,O,O
JZTOSLI,O,O,O,O,X
JZITLSO,O,O,O,O,X
JZITLOS,O,O,O,O,X
JZITSLO,O,O,O,O,O
JZITSOL,O,O,O,O,O
JZITOLS,O,O,O,O,X
JZITOSL,O,O,O,O,O
JZILTSO,O,O,O,O,X
JZILTOS,O,O,X,O,X
JZILSTO,O,O,X,O,O
JZILSOT,O,O,X,O,O
JZILOTS,X,O,X,O,X
JZILOST,O,O,X,O,O
JZISTLO,O,O,O,O,O
JZISTOL,O,O,O,O,O
JZISLTO,O,O,O,O,O
JZISLOT,O,O,O,O,O
JZISOTL,O,O,O,O,O
JZISOLT,O,O,O,O,O
JZIOTLS,X,O,O,O,X
JZIOTSL,X,O,O,O,O
JZIOLTS,X,O,X,O,X
JZIOLST,O,O,X,O,O
JZIOSTL,O,O,O,O,O
JZIOSLT,O,O,O,O,O
JZLTISO,O,O,O,O,X
JZLTIOS,O,O,X,O,X
JZLTSIO,O,X,O,O,X
JZLTSOI,O,X,O,O,X
JZLTOIS,O,X,X,O,X
JZLTOSI,O,X,X,O,X
JZLITSO,O,O,O,O,X
JZLITOS,O,O,X,O,X
JZLISTO,O,O,X,O,O
JZLISOT,O,O,X,O,O
JZLIOTS,X,O,X,O,X
JZLIOST,O,O,X,O,O
JZLSTIO,O,O,X,O,X
JZLSTOI,O,O,X,O,X
JZLSITO,O,O,X,O,O
JZLSIOT,O,O,X,O,O
JZLSOTI,X,O,X,O,X
JZLSOIT,O,O,X,O,O
JZLOTIS,X,O,X,O,X
JZLOTSI,X,X,X,O,X
JZLOITS,X,O,X,O,X
JZLOIST,O,O,X,O,O
JZLOSTI,X,O,X,O,X
JZLOSIT,X,O,X,O,O
JZSTILO,O,O,O,O,O
JZSTIOL,O,O,O,O,O
JZSTLIO,O,O,O,O,X
JZSTLOI,O,O,O,O,X
JZSTOIL,O,O,O,O,O
JZSTOLI,O,O,O,O,X
JZSITLO,O,O,O,O,O
JZSITOL,O,O,O,O,O
JZSILTO,O,O,O,O,O
JZSILOT,O,O,O,O,O
JZSIOTL,O,O,O,O,O
JZSIOLT,O,O,O,O,O
JZSLTIO,O,O,O,O,X
JZSLTOI,O,O,O,O,X
JZSLITO,O,O,O,O,O
JZSLIOT,O,O,O,O,O
JZSLOTI,X,O,O,O,X
JZSLOIT,O,O,O,O,O
JZSOTIL,O,O,O,O,O
JZSOTLI,O,O,O,O,X
JZSOITL,O,O,O,O,O
JZSOILT,O,O,O,O,O
JZSOLTI,X,O,O,O,X
JZSOLIT,O,O,O,O,O
JZOTILS,X,O,O,O,X
JZOTISL,X,O,O,O,O
JZOTLIS,X,O,O,O,X
JZOTLSI,X,X,X,O,X
JZOTSIL,X,O,O,O,O
JZOTSLI,X,O,O,O,X
JZOITLS,X,O,O,O,X
JZOITSL,X,O,O,O,O
JZOILTS,X,O,X,O,X
JZOILST,O,O,X,O,O
JZOISTL,O,O,O,O,O
JZOISLT,O,O,O,O,O
JZOLTIS,X,O,X,O,X
JZOLTSI,X,X,X,O,X
JZOLITS,X,O,X,O,X
JZOLIST,O,O,X,O,O
JZOLSTI,X,O,X,O,X
JZOLSIT,X,O,X,O,O
JZOSTIL,O,O,O,O,O
JZOSTLI,O,O,O,O,X
JZOSITL,O,O,O,O,O
JZOSILT,O,O,O,O,O
JZOSLTI,X,O,O,O,X
JZOSLIT,O,O,O,O,O
JOTILSZ,O,X,O,X,X
JOTILZS,O,O,O,X,X
JOTISLZ,O,O,O,X,X
JOTISZL,O,O,O,O,X
JOTIZLS,O,O,O,O,X
JOTIZSL,O,O,O,O,O
JOTLISZ,O,X,O,X,X
JOTLIZS,O,O,O,X,X
JOTLSIZ,O,X,O,X,X
JOTLSZI,O,X,X,X,X
JOTLZIS,O,O,O,X,X
JOTLZSI,O,X,X,X,X
JOTSILZ,O,O,O,X,X
JOTSIZL,O,O,O,O,X
JOTSLIZ,O,O,O,X,X
JOTSLZI,O,O,O,X,X
JOTSZIL,O,O,O,O,X
JOTSZLI,O,O,O,O,X
JOTZILS,O,O,O,O,X
JOTZISL,O,O,O,O,O
JOTZLIS,O,O,O,O,X
JOTZLSI,O,X,X,O,X
JOTZSIL,O,O,O,O,O
JOTZSLI,O,O,O,O,X
JOITLSZ,O,X,O,X,X
JOITLZS,O,O,O,X,X
JOITSLZ,O,O,O,X,X
JOITSZL,O,O,O,O,X
JOITZLS,O,O,O,O,X
JOITZSL,O,O,O,O,O
JOILTSZ,O,X,O,X,X
JOILTZS,O,O,O,X,X
JOILSTZ,X,O,O,O,X
JOILSZT,O,O,O,O,X
JOILZTS,X,O,X,O,X
JOILZST,O,O,X,O,O
JOISTLZ,O,O,O,O,X
JOISTZL,O,O,O,O,X
JOISLTZ,X,O,O,O,X
JOISLZT,O,O,O,O,X
JOISZTL,O,O,O,O,O
JOISZLT,O,O,O,O,O
JOIZTLS,X,O,O,O,X
JOIZTSL,X,O,O,O,O
JOIZLTS,X,O,X,O,X
JOIZLST,O,O,X,O,O
JOIZSTL,O,O,O,O,O
JOIZSLT,O,O,O,O,O
JOLTISZ,O,X,O,X,X
JOLTIZS,O,O,O,X,X
JOLTSIZ,O,X,O,X,X
JOLTSZI,O,X,X,X,X
JOLTZIS,O,O,O,X,X
JOLTZSI,O,X,X,X,X
JOLITSZ,O,X,O,X,X
JOLITZS,O,O,O,X,X
JOLISTZ,X,O,O,O,X
JOLISZT,O,O,O,O,X
JOLIZTS,X,O,X,O,X
JOLIZST,O,O,X,O,O
JOLSTIZ,X,O,O,O,X
JOLSTZI,X,O,O,O,X
JOLSITZ,X,O,O,O,X
JOLSIZT,O,O,O,O,X
JOLSZTI,X,O,O,O,X
JOLSZIT,O,O,O,O,X
JOLZTIS,X,O,X,O,X
JOLZTSI,X,X,X,O,X
JOLZITS,X,O,X,O,X
JOLZIST,O,O,X,O,O
JOLZSTI,X,O,X,O,X
JOLZSIT,X,O,X,O,O
JOSTILZ,O,O,O,O,X
JOSTIZL,O,O,O,O,X
JOSTLIZ,O,O,O,O,X
JOSTLZI,O,O,O,O,X
JOSTZIL,O,O,O,O,X
JOSTZLI,O,O,O,O,X
JOSITLZ,O,O,O,O,X
JOSITZL,O,O,O,O,X
JOSILTZ,X,O,O,O,X
JOSILZT,O,O,O,O,X
JOSIZTL,O,O,O,O,O
JOSIZLT,O,O,O,O,O
JOSLTIZ,X,O,O,O,X
JOSLTZI,X,O,O,O,X
JOSLITZ,X,O,O,O,X
JOSLIZT,O,O,O,O,X
JOSLZTI,X,O,O,O,X
JOSLZIT,O,O,O,O,X
JOSZTIL,O,O,O,O,O
JOSZTLI,O,O,O,O,X
JOSZITL,O,O,O,O,O
JOSZILT,O,O,O,O,O
JOSZLTI,X,O,O,O,X
JOSZLIT,O,O,O,O,O
JOZTILS,X,O,O,O,X
JOZTISL,X,O,O,O,O
JOZTLIS,X,O,O,O,X
JOZTLSI,X,X,X,O,X
JOZTSIL,X,O,O,O,O
JOZTSLI,X,O,O,O,X
JOZITLS,X,O,O,O,X
JOZITSL,X,O,O,O,O
JOZILTS,X,O,X,O,X
JOZILST,O,O,X,O,O
JOZISTL,O,O,O,O,O
JOZISLT,O,O,O,O,O
JOZLTIS,X,O,X,O,X
JOZLTSI,X,X,X,O,X
JOZLITS,X,O,X,O,X
JOZLIST,O,O,X,O,O
JOZLSTI,X,O,X,O,X
JOZLSIT,X,O,X,O,O
JOZSTIL,O,O,O,O,O
JOZSTLI,O,O,O,O,X
JOZSITL,O,O,O,O,O
JOZSILT,O,O,O,O,O
JOZSLTI,X,O,O,O,X
JOZSLIT,O,O,O,O,O
STILJZO,O,O,O,O,X
STILJOZ,O,O,O,O,X
STILZJO,O,O,O,O,X
STILZOJ,O,O,O,O,X
STILOJZ,O,O,O,O,X
STILOZJ,O,O,O,O,X
STIJLZO,O,O,O,O,X
STIJLOZ,O,O,O,O,X
STIJZLO,O,O,O,O,O
STIJZOL,O,O,O,O,O
STIJOLZ,O,O,O,O,X
STIJOZL,O,O,O,O,X
STIZLJO,O,O,O,O,O
STIZLOJ,O,O,O,O,O
STIZJLO,O,O,O,O,O
STIZJOL,O,O,O,O,O
STIZOLJ,O,O,O,O,O
STIZOJL,O,O,O,O,O
STIOLJZ,O,O,O,O,X
STIOLZJ,O,O,O,O,X
STIOJLZ,O,O,O,O,X
STIOJZL,O,O,O,O,X
STIOZLJ,O,O,O,O,X
STIOZJL,O,O,O,O,X
STLIJZO,O,O,O,O,X
STLIJOZ,O,O,O,O,X
STLIZJO,O,O,O,O,X
STLIZOJ,O,O,O,O,X
STLIOJZ,O,O,O,O,X
STLIOZJ,O,O,O,O,X
STLJIZO,O,O,O,O,X
STLJIOZ,O,O,O,O,X
STLJZIO,O,O,O,O,X
STLJZOI,O,O,O,O,X
STLJOIZ,O,O,O,O,X
STLJOZI,O,O,O,O,X
STLZIJO,O,O,O,O,X
STLZIOJ,O,O,O,O,X
STLZJIO,O,O,O,O,X
STLZJOI,O,O,O,O,X
STLZOIJ,O,O,O,O,X
STLZOJI,O,O,O,O,X
STLOIJZ,O,O,O,O,X
STLOIZJ,O,O,O,O,X
STLOJIZ,O,O,O,O,X
STLOJZI,O,O,O,O,X
STLOZIJ,O,O,O,O,X
STLOZJI,O,O,O,O,X
STJILZO,O,O,O,O,X
STJILOZ,O,O,O,O,X
STJIZLO,O,O,O,O,O
STJIZOL,O,O,O,O,O
STJIOLZ,O,O,O,O,X
STJIOZL,O,O,O,O,X
STJLIZO,O,O,O,O,X
STJLIOZ,O,O,O,O,X
STJLZIO,O,O,O,O,X
STJLZOI,O,O,O,O,X
STJLOIZ,O,O,O,O,X
STJLOZI,O,O,O,O,X
STJZILO,O,O,O,O,O
STJZIOL,O,O,O,O,O
STJZLIO,O,O,O,O,X
STJZLOI,O,O,O,O,X
STJZOIL,O,O,O,O,O
STJZOLI,O,O,O,O,X
STJOILZ,O,O,O,O,X
STJOIZL,O,O,O,O,X
STJOLIZ,O,O,O,O,X
STJOLZI,O,O,O,O,X
STJOZIL,O,O,O,O,X
STJOZLI,O,O,O,O,X
STZILJO,O,O,O,O,O
STZILOJ,O,O,O,O,O
STZIJLO,O,O,O,O,O
STZIJOL,O,O,O,O,O
STZIOLJ,O,O,O,O,O
STZIOJL,O,O,O,O,O
STZLIJO,O,O,O,O,X
STZLIOJ,O,O,O,O,X
STZLJIO,O,O,O,O,X
STZLJOI,O,O,O,O,X
STZLOIJ,O,O,O,O,X
STZLOJI,O,O,O,O,X
STZJILO,O,O,O,O,O
STZJIOL,O,O,O,O,O
STZJLIO,O,O,O,O,X
STZJLOI,O,O,O,O,X
STZJOIL,O,O,O,O,O
STZJOLI,O,O,O,O,X
STZOILJ,O,O,O,O,O
STZOIJL,O,O,O,O,O
STZOLIJ,O,O,O,O,X
STZOLJI,O,O,O,O,X
STZOJIL,O,O,O,O,O
STZOJLI,O,O,O,O,X
STOILJZ,O,O,O,O,X
STOILZJ,O,O,O,O,X
STOIJLZ,O,O,O,O,X
STOIJZL,O,O,O,O,X
STOIZLJ,O,O,O,O,X
STOIZJL,O,O,O,O,X
STOLIJZ,O,O,O,O,X
STOLIZJ,O,O,O,O,X
STOLJIZ,O,O,O,O,X
STOLJZI,O,O,O,O,X
STOLZIJ,O,O,O,O,X
STOLZJI,O,O,O,O,X
STOJILZ,O,O,O,O,X
STOJIZL,O,O,O,O,X
STOJLIZ,O,O,O,O,X
STOJLZI,O,O,O,O,X
STOJZIL,O,O,O,O,X
STOJZLI,O,O,O,O,X
STOZILJ,O,O,O,O,X
STOZIJL,O,O,O,O,X
STOZLIJ,O,O,O,O,X
STOZLJI,O,O,O,O,X
STOZJIL,O,O,O,O,X
STOZJLI,O,O,O,O,X
SITLJZO,O,O,O,O,X
SITLJOZ,O,O,O,O,X
SITLZJO,O,O,O,O,X
SITLZOJ,O,O,O,O,X
SITLOJZ,O,O,O,O,X
SITLOZJ,O,O,O,O,X
SITJLZO,O,O,O,O,X
SITJLOZ,O,O,O,O,X
SITJZLO,O,O,O,O,O
SITJZOL,O,O,O,O,O
SITJOLZ,O,O,O,O,X
SITJOZL,O,O,O,O,X
SITZLJO,O,O,O,O,O
SITZLOJ,O,O,O,O,O
SITZJLO,O,O,O,O,O
SITZJOL,O,O,O,O,O
SITZOLJ,O,O,O,O,O
SITZOJL,O,O,O,O,O
SITOLJZ,O,O,O,O,X
SITOLZJ,O,O,O,O,X
SITOJLZ,O,O,O,O,X
SITOJZL,O,O,O,O,X
SITOZLJ,O,O,O,O,X
SITOZJL,O,O,O,O,X
SILTJZO,O,O,O,O,X
SILTJOZ,O,O,O,O,X
SILTZJO,O,O,O,O,X
SILTZOJ,O,O,O,O,X
SILTOJZ,O,O,O,O,X
SILTOZJ,O,O,O,O,X
SILJTZO,O,O,O,O,X
SILJTOZ,O,O,O,O,X
SILJZTO,O,O,O,O,O
SILJZOT,O,O,O,O,O
SILJOTZ,X,O,O,O,X
SILJOZT,O,O,O,O,X
SILZTJO,O,O,O,O,O
SILZTOJ,O,O,O,O,O
SILZJTO,O,O,O,O,O
SILZJOT,O,O,O,O,O
SILZOTJ,X,O,O,O,O
SILZOJT,O,O,O,O,O
SILOTJZ,X,O,O,O,X
SILOTZJ,X,O,O,O,X
SILOJTZ,X,O,O,O,X
SILOJZT,O,O,O,O,X
SILOZTJ,X,O,O,O,X
SILOZJT,O,O,O,O,X
SIJTLZO,O,O,O,O,X
SIJTLOZ,O,O,O,O,X
SIJTZLO,O,O,O,O,O
SIJTZOL,O,O,O,O,O
SIJTOLZ,O,O,O,O,X
SIJTOZL,O,O,O,O,X
SIJLTZO,O,O,O,O,X
SIJLTOZ,O,O,O,O,X
SIJLZTO,O,O,O,O,O
SIJLZOT,O,O,O,O,O
SIJLOTZ,X,O,O,O,X
SIJLOZT,O,O,O,O,X
SIJZTLO,O,O,O,O,O
SIJZTOL,O,O,O,O,O
SIJZLTO,O,O,O,O,O
SIJZLOT,O,O,O,O,O
SIJZOTL,O,O,O,O,O
SIJZOLT,O,O,O,O,O
SIJOTLZ,O,O,O,O,X
SIJOTZL,O,O,O,O,X
SIJOLTZ,X,O,O,O,X
SIJOLZT,O,O,O,O,X
SIJOZTL,O,O,O,O,O
SIJOZLT,O,O,O,O,O
SIZTLJO,O,O,O,O,O
SIZTLOJ,O,O,O,O,O
SIZTJLO,O,O,O,O,O
SIZTJOL,O,O,O,O,O
SIZTOLJ,O,O,O,O,O
SIZTOJL,O,O,O,O,O
SIZLTJO,O,O,O,O,O
SIZLTOJ,O,O,O,O,O
SIZLJTO,O,O,O,O,O
SIZLJOT,O,O,O,O,O
SIZLOTJ,X,O,O,O,O
SIZLOJT,O,O,O,O,O
SIZJTLO,O,O,O,O,O
SIZJTOL,O,O,O,O,O
SIZJLTO,O,O,O,O,O
SIZJLOT,O,O,O,O,O
SIZJOTL,O,O,O,O,O
SIZJOLT,O,O,O,O,O
SIZOTLJ,O,O,O,O,O
SIZOTJL,O,O,O,O,O
SIZOLTJ,X,O,O,O,O
SIZOLJT,O,O,O,O,O
SIZOJTL,O,O,O,O,O
SIZOJLT,O,O,O,O,O
SIOTLJZ,O,O,O,O,X
SIOTLZJ,O,O,O,O,X
SIOTJLZ,O,O,O,O,X
SIOTJZL,O,O,O,O,X
SIOTZLJ,O,O,O,O,X
SIOTZJL,O,O,O,O,X
SIOLTJZ,X,O,O,O,X
SIOLTZJ,X,O,O,O,X
SIOLJTZ,X,O,O,O,X
SIOLJZT,O,O,O,O,X
SIOLZTJ,X,O,O,O,X
SIOLZJT,O,O,O,O,X
SIOJTLZ,O,O,O,O,X
SIOJTZL,O,O,O,O,X
SIOJLTZ,X,O,O,O,X
SIOJLZT,O,O,O,O,X
SIOJZTL,O,O,O,O,O
SIOJZLT,O,O,O,O,O
SIOZTLJ,O,O,O,O,O
SIOZTJL,O,O,O,O,O
SIOZLTJ,X,O,O,O,O
SIOZLJT,O,O,O,O,O
SIOZJTL,O,O,O,O,O
SIOZJLT,O,O,O,O,O
SLTIJZO,O,O,O,O,X
SLTIJOZ,O,O,O,O,X
SLTIZJO,O,O,O,O,X
SLTIZOJ,O,O,O,O,X
SLTIOJZ,O,O,O,O,X
SLTIOZJ,O,O,O,O,X
SLTJIZO,O,O,O,O,X
SLTJIOZ,O,O,O,O,X
SLTJZIO,O,O,O,O,X
SLTJZOI,O,O,O,O,X
SLTJOIZ,O,O,O,O,X
SLTJOZI,O,O,O,O,X
SLTZIJO,O,O,O,O,X
SLTZIOJ,O,O,O,O,X
SLTZJIO,O,O,O,O,X
SLTZJOI,O,O,O,O,X
SLTZOIJ,O,O,O,O,X
SLTZOJI,O,O,O,O,X
SLTOIJZ,O,O,O,O,X
SLTOIZJ,O,O,O,O,X
SLTOJIZ,O,O,O,O,X
SLTOJZI,O,O,O,O,X
SLTOZIJ,O,O,O,O,X
SLTOZJI,O,O,O,O,X
SLITJZO,O,O,O,O,X
SLITJOZ,O,O,O,O,X
SLITZJO,O,O,O,O,X
SLITZOJ,O,O,O,O,X
SLITOJZ,O,O,O,O,X
SLITOZJ,O,O,O,O,X
SLIJTZO,O,O,O,O,X
SLIJTOZ,O,O,O,O,X
SLIJZTO,O,O,O,O,O
SLIJZOT,O,O,O,O,O
SLIJOTZ,X,O,O,O,X
SLIJOZT,O,O,O,O,X
SLIZTJO,O,O,O,O,O
SLIZTOJ,O,O,O,O,O
SLIZJTO,O,O,O,O,O
SLIZJOT,O,O,O,O,O
SLIZOTJ,X,O,O,O,O
SLIZOJT,O,O,O,O,O
SLIOTJZ,X,O,O,O,X
SLIOTZJ,X,O,O,O,X
SLIOJTZ,X,O,O,O,X
SLIOJZT,O,O,O,O,X
SLIOZTJ,X,O,O,O,X
SLIOZJT,O,O,O,O,X
SLJTIZO,O,O,O,O,X
SLJTIOZ,O,O,O,O,X
SLJTZIO,O,O,O,O,X
SLJTZOI,O,O,O,O,X
SLJTOIZ,O,O,O,O,X
SLJTOZI,O,O,O,O,X
SLJITZO,O,O,O,O,X
SLJITOZ,O,O,O,O,X
SLJIZTO,O,O,O,O,O
SLJIZOT,O,O,O,O,O
SLJIOTZ,X,O,O,O,X
SLJIOZT,O,O,O,O,X
SLJZTIO,O,O,O,O,X
SLJZTOI,O,O,O,O,X
SLJZITO,O,O,O,O,O
SLJZIOT,O,O,O,O,O
SLJZOTI,X,O,O,O,X
SLJZOIT,O,O,O,O,O
SLJOTIZ,X,O,O,O,X
SLJOTZI,X,O,O,O,X
SLJOITZ,X,O,O,O,X
SLJOIZT,O,O,O,O,X
SLJOZTI,X,O,O,O,X
SLJOZIT,O,O,O,O,X
SLZTIJO,O,O,O,O,X
SLZTIOJ,O,O,O,O,X
SLZTJIO,O,O,O,O,X
SLZTJOI,O,O,O,O,X
SLZTOIJ,O,O,O,O,X
SLZTOJI,O,O,O,O,X
SLZITJO,O,O,O,O,O
SLZITOJ,O,O,O,O,O
SLZIJTO,O,O,O,O,O
SLZIJOT,O,O,O,O,O
SLZIOTJ,X,O,O,O,O
SLZIOJT,O,O,O,O,O
SLZJTIO,O,O,O,O,X
SLZJTOI,O,O,O,O,X
SLZJITO,O,O,O,O,O
SLZJIOT,O,O,O,O,O
SLZJOTI,X,O,O,O,X
SLZJOIT,O,O,O,O,O
SLZOTIJ,X,O,O,O,X
SLZOTJI,X,O,O,O,X
SLZOITJ,X,O,O,O,O
SLZOIJT,O,O,O,O,O
SLZOJTI,X,O,O,O,X
SLZOJIT,O,O,O,O,O
SLOTIJZ,X,O,O,O,X
SLOTIZJ,X,O,O,O,X
SLOTJIZ,X,O,O,O,X
SLOTJZI,X,O,O,O,X
SLOTZIJ,X,O,O,O,X
SLOTZJI,X,O,O,O,X
SLOITJZ,X,O,O,O,X
SLOITZJ,X,O,O,O,X
SLOIJTZ,X,O,O,O,X
SLOIJZT,O,O,O,O,X
SLOIZTJ,X,O,O,O,X
SLOIZJT,O,O,O,O,X
SLOJTIZ,X,O,O,O,X
SLOJTZI,X,O,O,O,X
SLOJITZ,X,O,O,O,X
SLOJIZT,O,O,O,O,X
SLOJZTI,X,O,O,O,X
SLOJZIT,O,O,O,O,X
SLOZTIJ,X,O,O,O,X
SLOZTJI,X,O,O,O,X
SLOZITJ,X,O,O,O,X
SLOZIJT,O,O,O,O,X
SLOZJTI,X,O,O,O,X
SLOZJIT,O,O,O,O,X
SJTILZO,O,O,O,O,X
SJTILOZ,O,O,O,O,X
SJTIZLO,O,O,O,O,O
SJTIZOL,O,O,O,O,O
SJTIOLZ,O,O,O,O,X
SJTIOZL,O,O,O,O,X
SJTLIZO,O,O,O,O,X
SJTLIOZ,O,O,O,O,X
SJTLZIO,O,O,O,O,X
SJTLZOI,O,O,O,O,X
SJTLOIZ,O,O,O,O,X
SJTLOZI,O,O,O,O,X
SJTZILO,O,O,O,O,O
SJTZIOL,O,O,O,O,O
SJTZLIO,O,O,O,O,X
SJTZLOI,O,O,O,O,X
SJTZOIL,O,O,O,O,O
SJTZOLI,O,O,O,O,X
SJTOILZ,O,O,O,O,X
SJTOIZL,O,O,O,O,X
SJTOLIZ,O,O,O,O,X
SJTOLZI,O,O,O,O,X
SJTOZIL,O,O,O,O,X
SJTOZLI,O,O,O,O,X
SJITLZO,O,O,O,O,X
SJITLOZ,O,O,O,O,X
SJITZLO,O,O,O,O,O
SJITZOL,O,O,O,O,O
SJITOLZ,O,O,O,O,X
SJITOZL,O,O,O,O,X
SJILTZO,O,O,O,O,X
SJILTOZ,O,O,O,O,X
SJILZTO,O,O,O,O,O
SJILZOT,O,O,O,O,O
SJILOTZ,X,O,O,O,X
SJILOZT,O,O,O,O,X
SJIZTLO,O,O,O,O,O
SJIZTOL,O,O,O,O,O
SJIZLTO,O,O,O,O,O
SJIZLOT,O,O,O,O,O
SJIZOTL,O,O,O,O,O
SJIZOLT,O,O,O,O,O
SJIOTLZ,O,O,O,O,X
SJIOTZL,O,O,O,O,X
SJIOLTZ,X,O,O,O,X
SJIOLZT,O,O,O,O,X
SJIOZTL,O,O,O,O,O
SJIOZLT,O,O,O,O,O
SJLTIZO,O,O,O,O,X
SJLTIOZ,O,O,O,O,X
SJLTZIO,O,O,O,O,X
SJLTZOI,O,O,O,O,X
SJLTOIZ,O,O,O,O,X
SJLTOZI,O,O,O,O,X
SJLITZO,O,O,O,O,X
SJLITOZ,O,O,O,O,X
SJLIZTO,O,O,O,O,O
SJLIZOT,O,O,O,O,O
SJLIOTZ,X,O,O,O,X
SJLIOZT,O,O,O,O,X
SJLZTIO,O,O,O,O,X
SJLZTOI,O,O,O,O,X
SJLZITO,O,O,O,O,O
SJLZIOT,O,O,O,O,O
SJLZOTI,X,O,O,O,X
SJLZOIT,O,O,O,O,O
SJLOTIZ,X,O,O,O,X
SJLOTZI,X,O,O,O,X
SJLOITZ,X,O,O,O,X
SJLOIZT,O,O,O,O,X
SJLOZTI,X,O,O,O,X
SJLOZIT,O,O,O,O,X
SJZTILO,O,O,O,O,O
SJZTIOL,O,O,O,O,O
SJZTLIO,O,O,O,O,X
SJZTLOI,O,O,O,O,X
SJZTOIL,O,O,O,O,O
SJZTOLI,O,O,O,O,X
SJZITLO,O,O,O,O,O
SJZITOL,O,O,O,O,O
SJZILTO,O,O,O,O,O
SJZILOT,O,O,O,O,O
SJZIOTL,O,O,O,O,O
SJZIOLT,O,O,O,O,O
SJZLTIO,O,O,O,O,X
SJZLTOI,O,O,O,O,X
SJZLITO,O,O,O,O,O
SJZLIOT,O,O,O,O,O
SJZLOTI,X,O,O,O,X
SJZLOIT,O,O,O,O,O
SJZOTIL,O,O,O,O,O
SJZOTLI,O,O,O,O,X
SJZOITL,O,O,O,O,O
SJZOILT,O,O,O,O,O
SJZOLTI,X,O,O,O,X
SJZOLIT,O,O,O,O,O
SJOTILZ,O,O,O,O,X
SJOTIZL,O,O,O,O,X
SJOTLIZ,O,O,O,O,X
SJOTLZI,O,O,O,O,X
SJOTZIL,O,O,O,O,X
SJOTZLI,O,O,O,O,X
SJOITLZ,O,O,O,O,X
SJOITZL,O,O,O,O,X
SJOILTZ,X,O,O,O,X
SJOILZT,O,O,O,O,X
SJOIZTL,O,O,O,O,O
SJOIZLT,O,O,O,O,O
SJOLTIZ,X,O,O,O,X
SJOLTZI,X,O,O,O,X
SJOLITZ,X,O,O,O,X
SJOLIZT,O,O,O,O,X
SJOLZTI,X,O,O,O,X
SJOLZIT,O,O,O,O,X
SJOZTIL,O,O,O,O,O
SJOZTLI,O,O,O,O,X
SJOZITL,O,O,O,O,O
SJOZILT,O,O,O,O,O
SJOZLTI,X,O,O,O,X
SJOZLIT,O,O,O,O,O
SZTILJO,O,O,O,O,O
SZTILOJ,O,O,O,O,O
SZTIJLO,O,O,O,O,O
SZTIJOL,O,O,O,O,O
SZTIOLJ,O,O,O,O,O
SZTIOJL,O,O,O,O,O
SZTLIJO,O,O,O,O,X
SZTLIOJ,O,O,O,O,X
SZTLJIO,O,O,O,O,X
SZTLJOI,O,O,O,O,X
SZTLOIJ,O,O,O,O,X
SZTLOJI,O,O,O,O,X
SZTJILO,O,O,O,O,O
SZTJIOL,O,O,O,O,O
SZTJLIO,O,O,O,O,X
SZTJLOI,O,O,O,O,X
SZTJOIL,O,O,O,O,O
SZTJOLI,O,O,O,O,X
SZTOILJ,O,O,O,O,O
SZTOIJL,O,O,O,O,O
SZTOLIJ,O,O,O,O,X
SZTOLJI,O,O,O,O,X
SZTOJIL,O,O,O,O,O
SZTOJLI,O,O,O,O,X
SZITLJO,O,O,O,O,O
SZITLOJ,O,O,O,O,O
SZITJLO,O,O,O,O,O
SZITJOL,O,O,O,O,O
SZITOLJ,O,O,O,O,O
SZITOJL,O,O,O,O,O
SZILTJO,O,O,O,O,O
SZILTOJ,O,O,O,O,O
SZILJTO,O,O,O,O,O
SZILJOT,O,O,O,O,O
SZILOTJ,X,O,O,O,O
SZILOJT,O,O,O,O,O
SZIJTLO,O,O,O,O,O
SZIJTOL,O,O,O,O,O
SZIJLTO,O,O,O,O,O
SZIJLOT,O,O,O,O,O
SZIJOTL,O,O,O,O,O
SZIJOLT,O,O,O,O,O
SZIOTLJ,O,O,O,O,O
SZIOTJL,O,O,O,O,O
SZIOLTJ,X,O,O,O,O
SZIOLJT,O,O,O,O,O
SZIOJTL,O,O,O,O,O
SZIOJLT,O,O,O,O,O
SZLTIJO,O,O,O,O,X
SZLTIOJ,O,O,O,O,X
SZLTJIO,O,O,O,O,X
SZLTJOI,O,O,O,O,X
SZLTOIJ,O,O,O,O,X
SZLTOJI,O,O,O,O,X
SZLITJO,O,O,O,O,O
SZLITOJ,O,O,O,O,O
SZLIJTO,O,O,O,O,O
SZLIJOT,O,O,O,O,O
SZLIOTJ,X,O,O,O,O
SZLIOJT,O,O,O,O,O
SZLJTIO,O,O,O,O,X
SZLJTOI,O,O,O,O,X
SZLJITO,O,O,O,O,O
SZLJIOT,O,O,O,O,O
SZLJOTI,X,O,O,O,X
SZLJOIT,O,O,O,O,O
SZLOTIJ,X,O,O,O,X
SZLOTJI,X,O,O,O,X
SZLOITJ,X,O,O,O,O
SZLOIJT,O,O,O,O,O
SZLOJTI,X,O,O,O,X
SZLOJIT,O,O,O,O,O
SZJTILO,O,O,O,O,O
SZJTIOL,O,O,O,O,O
SZJTLIO,O,O,O,O,X
SZJTLOI,O,O,O,O,X
SZJTOIL,O,O,O,O,O
SZJTOLI,O,O,O,O,X
SZJITLO,O,O,O,O,O
SZJITOL,O,O,O,O,O
SZJILTO,O,O,O,O,O
SZJILOT,O,O,O,O,O
SZJIOTL,O,O,O,O,O
SZJIOLT,O,O,O,O,O
SZJLTIO,O,O,O,O,X
SZJLTOI,O,O,O,O,X
SZJLITO,O,O,O,O,O
SZJLIOT,O,O,O,O,O
SZJLOTI,X,O,O,O,X
SZJLOIT,O,O,O,O,O
SZJOTIL,O,O,O,O,O
SZJOTLI,O,O,O,O,X
SZJOITL,O,O,O,O,O
SZJOILT,O,O,O,O,O
SZJOLTI,X,O,O,O,X
SZJOLIT,O,O,O,O,O
SZOTILJ,O,O,O,O,O
SZOTIJL,O,O,O,O,O
SZOTLIJ,O,O,O,O,X
SZOTLJI,O,O,O,O,X
SZOTJIL,O,O,O,O,O
SZOTJLI,O,O,O,O,X
SZOITLJ,O,O,O,O,O
SZOITJL,O,O,O,O,O
SZOILTJ,X,O,O,O,O
SZOILJT,O,O,O,O,O
SZOIJTL,O,O,O,O,O
SZOIJLT,O,O,O,O,O
SZOLTIJ,X,O,O,O,X
SZOLTJI,X,O,O,O,X
SZOLITJ,X,O,O,O,O
SZOLIJT,O,O,O,O,O
SZOLJTI,X,O,O,O,X
SZOLJIT,O,O,O,O,O
SZOJTIL,O,O,O,O,O
SZOJTLI,O,O,O,O,X
SZOJITL,O,O,O,O,O
SZOJILT,O,O,O,O,O
SZOJLTI,X,O,O,O,X
SZOJLIT,O,O,O,O,O
SOTILJZ,O,O,O,O,X
SOTILZJ,O,O,O,O,X
SOTIJLZ,O,O,O,O,X
SOTIJZL,O,O,O,O,X
SOTIZLJ,O,O,O,O,X
SOTIZJL,O,O,O,O,X
SOTLIJZ,O,O,O,O,X
SOTLIZJ,O,O,O,O,X
SOTLJIZ,O,O,O,O,X
SOTLJZI,O,O,O,O,X
SOTLZIJ,O,O,O,O,X
SOTLZJI,O,O,O,O,X
SOTJILZ,O,O,O,O,X
SOTJIZL,O,O,O,O,X
SOTJLIZ,O,O,O,O,X
SOTJLZI,O,O,O,O,X
SOTJZIL,O,O,O,O,X
SOTJZLI,O,O,O,O,X
SOTZILJ,O,O,O,O,X
SOTZIJL,O,O,O,O,X
SOTZLIJ,O,O,O,O,X
SOTZLJI,O,O,O,O,X
SOTZJIL,O,O,O,O,X
SOTZJLI,O,O,O,O,X
SOITLJZ,O,O,O,O,X
SOITLZJ,O,O,O,O,X
SOITJLZ,O,O,O,O,X
SOITJZL,O,O,O,O,X
SOITZLJ,O,O,O,O,X
SOITZJL,O,O,O,O,X
SOILTJZ,X,O,O,O,X
SOILTZJ,X,O,O,O,X
SOILJTZ,X,O,O,O,X
SOILJZT,O,O,O,O,X
SOILZTJ,X,O,O,O,X
SOILZJT,O,O,O,O,X
SOIJTLZ,O,O,O,O,X
SOIJTZL,O,O,O,O,X
SOIJLTZ,X,O,O,O,X
SOIJLZT,O,O,O,O,X
SOIJZTL,O,O,O,O,O
SOIJZLT,O,O,O,O,O
SOIZTLJ,O,O,O,O,O
SOIZTJL,O,O,O,O,O
SOIZLTJ,X,O,O,O,O
SOIZLJT,O,O,O,O,O
SOIZJTL,O,O,O,O,O
SOIZJLT,O,O,O,O,O
SOLTIJZ,X,O,O,O,X
SOLTIZJ,X,O,O,O,X
SOLTJIZ,X,O,O,O,X
SOLTJZI,X,O,O,O,X
SOLTZIJ,X,O,O,O,X
SOLTZJI,X,O,O,O,X
SOLITJZ,X,O,O,O,X
SOLITZJ,X,O,O,O,X
SOLIJTZ,X,O,O,O,X
SOLIJZT,O,O,O,O,X
SOLIZTJ,X,O,O,O,X
SOLIZJT,O,O,O,O,X
SOLJTIZ,X,O,O,O,X
SOLJTZI,X,O,O,O,X
SOLJITZ,X,O,O,O,X
SOLJIZT,O,O,O,O,X
SOLJZTI,X,O,O,O,X
SOLJZIT,O,O,O,O,X
SOLZTIJ,X,O,O,O,X
SOLZTJI,X,O,O,O,X
SOLZITJ,X,O,O,O,X
SOLZIJT,O,O,O,O,X
SOLZJTI,X,O,O,O,X
SOLZJIT,O,O,O,O,X
SOJTILZ,O,O,O,O,X
SOJTIZL,O,O,O,O,X
SOJTLIZ,O,O,O,O,X
SOJTLZI,O,O,O,O,X
SOJTZIL,O,O,O,O,X
SOJTZLI,O,O,O,O,X
SOJITLZ,O,O,O,O,X
SOJITZL,O,O,O,O,X
SOJILTZ,X,O,O,O,X
SOJILZT,O,O,O,O,X
SOJIZTL,O,O,O,O,O
SOJIZLT,O,O,O,O,O
SOJLTIZ,X,O,O,O,X
SOJLTZI,X,O,O,O,X
SOJLITZ,X,O,O,O,X
SOJLIZT,O,O,O,O,X
SOJLZTI,X,O,O,O,X
SOJLZIT,O,O,O,O,X
SOJZTIL,O,O,O,O,O
SOJZTLI,O,O,O,O,X
SOJZITL,O,O,O,O,O
SOJZILT,O,O,O,O,O
SOJZLTI,X,O,O,O,X
SOJZLIT,O,O,O,O,O
SOZTILJ,O,O,O,O,O
SOZTIJL,O,O,O,O,O
SOZTLIJ,O,O,O,O,X
SOZTLJI,O,O,O,O,X
SOZTJIL,O,O,O,O,O
SOZTJLI,O,O,O,O,X
SOZITLJ,O,O,O,O,O
SOZITJL,O,O,O,O,O
SOZILTJ,X,O,O,O,O
SOZILJT,O,O,O,O,O
SOZIJTL,O,O,O,O,O
SOZIJLT,O,O,O,O,O
SOZLTIJ,X,O,O,O,X
SOZLTJI,X,O,O,O,X
SOZLITJ,X,O,O,O,O
SOZLIJT,O,O,O,O,O
SOZLJTI,X,O,O,O,X
SOZLJIT,O,O,O,O,O
SOZJTIL,O,O,O,O,O
SOZJTLI,O,O,O,O,X
SOZJITL,O,O,O,O,O
SOZJILT,O,O,O,O,O
SOZJLTI,X,O,O,O,X
SOZJLIT,O,O,O,O,O
ZTILJSO,O,O,O,O,X
ZTILJOS,O,O,O,O,X
ZTILSJO,O,X,O,O,X
ZTILSOJ,O,X,O,O,X
ZTILOJS,O,X,O,O,X
ZTILOSJ,O,X,X,O,X
ZTIJLSO,O,O,O,O,X
ZTIJLOS,O,O,O,O,X
ZTIJSLO,O,O,O,O,O
ZTIJSOL,O,O,O,O,O
ZTIJOLS,O,O,O,O,X
ZTIJOSL,O,O,O,O,O
ZTISLJO,O,O,O,O,O
ZTISLOJ,O,O,O,O,O
ZTISJLO,O,O,O,O,O
ZTISJOL,O,O,O,O,O
ZTISOLJ,O,O,O,O,O
ZTISOJL,O,O,O,O,O
ZTIOLJS,O,O,O,O,X
ZTIOLSJ,O,X,X,O,X
ZTIOJLS,O,O,O,O,X
ZTIOJSL,O,O,O,O,O
ZTIOSLJ,O,O,O,O,O
ZTIOSJL,O,O,O,O,O
ZTLIJSO,O,O,O,O,X
ZTLIJOS,O,O,O,O,X
ZTLISJO,O,X,O,O,X
ZTLISOJ,O,X,O,O,X
ZTLIOJS,O,X,O,O,X
ZTLIOSJ,O,X,X,O,X
ZTLJISO,O,O,O,O,X
ZTLJIOS,O,O,O,O,X
ZTLJSIO,O,X,O,O,X
ZTLJSOI,O,X,O,O,X
ZTLJOIS,O,X,O,O,X
ZTLJOSI,O,X,X,O,X
ZTLSIJO,O,X,O,O,X
ZTLSIOJ,O,X,O,O,X
ZTLSJIO,O,X,O,O,X
ZTLSJOI,O,X,O,O,X
ZTLSOIJ,O,X,O,O,X
ZTLSOJI,O,X,O,O,X
ZTLOIJS,O,X,O,O,X
ZTLOISJ,O,X,X,O,X
ZTLOJIS,O,X,O,O,X
ZTLOJSI,O,X,X,O,X
ZTLOSIJ,O,X,X,O,X
ZTLOSJI,O,X,X,O,X
ZTJILSO,O,O,O,O,X
ZTJILOS,O,O,O,O,X
ZTJISLO,O,O,O,O,O
ZTJISOL,O,O,O,O,O
ZTJIOLS,O,O,O,O,X
ZTJIOSL,O,O,O,O,O
ZTJLISO,O,O,O,O,X
ZTJLIOS,O,O,O,O,X
ZTJLSIO,O,X,O,O,X
ZTJLSOI,O,X,O,O,X
ZTJLOIS,O,X,O,O,X
ZTJLOSI,O,X,X,O,X
ZTJSILO,O,O,O,O,O
ZTJSIOL,O,O,O,O,O
ZTJSLIO,O,O,O,O,X
ZTJSLOI,O,O,O,O,X
ZTJSOIL,O,O,O,O,O
ZTJSOLI,O,O,O,O,X
ZTJOILS,O,O,O,O,X
ZTJOISL,O,O,O,O,O
ZTJOLIS,O,O,O,O,X
ZTJOLSI,O,X,X,O,X
ZTJOSIL,O,O,O,O,O
ZTJOSLI,O,O,O,O,X
ZTSILJO,O,O,O,O,O
ZTSILOJ,O,O,O,O,O
ZTSIJLO,O,O,O,O,O
ZTSIJOL,O,O,O,O,O
ZTSIOLJ,O,O,O,O,O
ZTSIOJL,O,O,O,O,O
ZTSLIJO,O,O,O,O,X
ZTSLIOJ,O,O,O,O,X
ZTSLJIO,O,O,O,O,X
ZTSLJOI,O,O,O,O,X
ZTSLOIJ,O,O,O,O,X
ZTSLOJI,O,O,O,O,X
ZTSJILO,O,O,O,O,O
ZTSJIOL,O,O,O,O,O
ZTSJLIO,O,O,O,O,X
ZTSJLOI,O,O,O,O,X
ZTSJOIL,O,O,O,O,O
ZTSJOLI,O,O,O,O,X
ZTSOILJ,O,O,O,O,O
ZTSOIJL,O,O,O,O,O
ZTSOLIJ,O,O,O,O,X
ZTSOLJI,O,O,O,O,X
ZTSOJIL,O,O,O,O,O
ZTSOJLI,O,O,O,O,X
ZTOILJS,O,O,O,O,X
ZTOILSJ,O,X,X,O,X
ZTOIJLS,O,O,O,O,X
ZTOIJSL,O,O,O,O,O
ZTOISLJ,O,O,O,O,O
ZTOISJL,O,O,O,O,O
ZTOLIJS,O,O,O,O,X
ZTOLISJ,O,X,X,O,X
ZTOLJIS,O,O,O,O,X
ZTOLJSI,O,X,X,O,X
ZTOLSIJ,O,X,X,O,X
ZTOLSJI,O,X,X,O,X
ZTOJILS,O,O,O,O,X
ZTOJISL,O,O,O,O,O
ZTOJLIS,O,O,O,O,X
ZTOJLSI,O,X,X,O,X
ZTOJSIL,O,O,O,O,O
ZTOJSLI,O,O,O,O,X
ZTOSILJ,O,O,O,O,O
ZTOSIJL,O,O,O,O,O
ZTOSLIJ,O,O,O,O,X
ZTOSLJI,O,O,O,O,X
ZTOSJIL,O,O,O,O,O
ZTOSJLI,O,O,O,O,X
ZITLJSO,O,O,O,O,X
ZITLJOS,O,O,O,O,X
ZITLSJO,O,X,O,O,X
ZITLSOJ,O,X,O,O,X
ZITLOJS,O,X,O,O,X
ZITLOSJ,O,X,X,O,X
ZITJLSO,O,O,O,O,X
ZITJLOS,O,O,O,O,X
ZITJSLO,O,O,O,O,O
ZITJSOL,O,O,O,O,O
ZITJOLS,O,O,O,O,X
ZITJOSL,O,O,O,O,O
ZITSLJO,O,O,O,O,O
ZITSLOJ,O,O,O,O,O
ZITSJLO,O,O,O,O,O
ZITSJOL,O,O,O,O,O
ZITSOLJ,O,O,O,O,O
ZITSOJL,O,O,O,O,O
ZITOLJS,O,O,O,O,X
ZITOLSJ,O,X,X,O,X
ZITOJLS,O,O,O,O,X
ZITOJSL,O,O,O,O,O
ZITOSLJ,O,O,O,O,O
ZITOSJL,O,O,O,O,O
ZILTJSO,O,O,O,O,X
ZILTJOS,O,O,X,O,X
ZILTSJO,O,X,O,O,X
ZILTSOJ,O,X,O,O,X
ZILTOJS,O,X,X,O,X
ZILTOSJ,O,X,X,O,X
ZILJTSO,O,O,O,O,X
ZILJTOS,O,O,X,O,X
ZILJSTO,O,O,X,O,O
ZILJSOT,O,O,X,O,O
ZILJOTS,X,O,X,O,X
ZILJOST,O,O,X,O,O
ZILSTJO,O,O,X,O,O
ZILSTOJ,O,O,X,O,O
ZILSJTO,O,O,X,O,O
ZILSJOT,O,O,X,O,O
ZILSOTJ,X,O,X,O,O
ZILSOJT,O,O,X,O,O
ZILOTJS,X,O,X,O,X
ZILOTSJ,X,X,X,O,X
ZILOJTS,X,O,X,O,X
ZILOJST,O,O,X,O,O
ZILOSTJ,X,O,X,O,O
ZILOSJT,X,O,X,O,O
ZIJTLSO,O,O,O,O,X
ZIJTLOS,O,O,O,O,X
ZIJTSLO,O,O,O,O,O
ZIJTSOL,O,O,O,O,O
ZIJTOLS,O,O,O,O,X
ZIJTOSL,O,O,O,O,O
ZIJLTSO,O,O,O,O,X
ZIJLTOS,O,O,X,O,X
ZIJLSTO,O,O,X,O,O
ZIJLSOT,O,O,X,O,O
ZIJLOTS,X,O,X,O,X
ZIJLOST,O,O,X,O,O
ZIJSTLO,O,O,O,O,O
ZIJSTOL,O,O,O,O,O
ZIJSLTO,O,O,O,O,O
ZIJSLOT,O,O,O,O,O
ZIJSOTL,O,O,O,O,O
ZIJSOLT,O,O,O,O,O
ZIJOTLS,X,O,O,O,X
ZIJOTSL,X,O,O,O,O
ZIJOLTS,X,O,X,O,X
ZIJOLST,O,O,X,O,O
ZIJOSTL,O,O,O,O,O
ZIJOSLT,O,O,O,O,O
ZISTLJO,O,O,O,O,O
ZISTLOJ,O,O,O,O,O
ZISTJLO,O,O,O,O,O
ZISTJOL,O,O,O,O,O
ZISTOLJ,O,O,O,O,O
ZISTOJL,O,O,O,O,O
ZISLTJO,O,O,O,O,O
ZISLTOJ,O,O,O,O,O
ZISLJTO,O,O,O,O,O
ZISLJOT,O,O,O,O,O
ZISLOTJ,X,O,O,O,O
ZISLOJT,O,O,O,O,O
ZISJTLO,O,O,O,O,O
ZISJTOL,O,O,O,O,O
ZISJLTO,O,O,O,O,O
ZISJLOT,O,O,O,O,O
ZISJOTL,O,O,O,O,O
ZISJOLT,O,O,O,O,O
ZISOTLJ,O,O,O,O,O
ZISOTJL,O,O,O,O,O
ZISOLTJ,X,O,O,O,O
ZISOLJT,O,O,O,O,O
ZISOJTL,O,O,O,O,O
ZISOJLT,O,O,O,O,O
ZIOTLJS,X,O,O,O,X
ZIOTLSJ,X,X,X,O,X
ZIOTJLS,X,O,O,O,X
ZIOTJSL,X,O,O,O,O
ZIOTSLJ,X,O,O,O,O
ZIOTSJL,X,O,O,O,O
ZIOLTJS,X,O,X,O,X
ZIOLTSJ,X,X,X,O,X
ZIOLJTS,X,O,X,O,X
ZIOLJST,O,O,X,O,O
ZIOLSTJ,X,O,X,O,O
ZIOLSJT,X,O,X,O,O
ZIOJTLS,X,O,O,O,X
ZIOJTSL,X,O,O,O,O
ZIOJLTS,X,O,X,O,X
ZIOJLST,O,O,X,O,O
ZIOJSTL,O,O,O,O,O
ZIOJSLT,O,O,O,O,O
ZIOSTLJ,O,O,O,O,O
ZIOSTJL,O,O,O,O,O
ZIOSLTJ,X,O,O,O,O
ZIOSLJT,O,O,O,O,O
ZIOSJTL,O,O,O,O,O
ZIOSJLT,O,O,O,O,O
ZLTIJSO,O,O,O,O,X
ZLTIJOS,O,O,X,O,X
ZLTISJO,O,X,O,O,X
ZLTISOJ,O,X,O,O,X
ZLTIOJS,O,X,X,O,X
ZLTIOSJ,O,X,X,O,X
ZLTJISO,O,O,O,O,X
ZLTJIOS,O,O,X,O,X
ZLTJSIO,O,X,O,O,X
ZLTJSOI,O,X,O,O,X
ZLTJOIS,O,X,X,O,X
ZLTJOSI,O,X,X,O,X
ZLTSIJO,O,X,O,O,X
ZLTSIOJ,O,X,O,O,X
ZLTSJIO,O,X,O,O,X
ZLTSJOI,O,X,O,O,X
ZLTSOIJ,O,X,O,O,X
ZLTSOJI,O,X,O,O,X
ZLTOIJS,O,X,X,O,X
ZLTOISJ,O,X,X,O,X
ZLTOJIS,O,X,X,O,X
ZLTOJSI,O,X,X,O,X
ZLTOSIJ,O,X,X,O,X
ZLTOSJI,O,X,X,O,X
ZLITJSO,O,O,O,O,X
ZLITJOS,O,O,X,O,X
ZLITSJO,O,X,O,O,X
ZLITSOJ,O,X,O,O,X
ZLITOJS,O,X,X,O,X
ZLITOSJ,O,X,X,O,X
ZLIJTSO,O,O,O,O,X
ZLIJTOS,O,O,X,O,X
ZLIJSTO,O,O,X,O,O
ZLIJSOT,O,O,X,O,O
ZLIJOTS,X,O,X,O,X
ZLIJOST,O,O,X,O,O
ZLISTJO,O,O,X,O,O
ZLISTOJ,O,O,X,O,O
ZLISJTO,O,O,X,O,O
ZLISJOT,O,O,X,O,O
ZLISOTJ,X,O,X,O,O
ZLISOJT,O,O,X,O,O
ZLIOTJS,X,O,X,O,X
ZLIOTSJ,X,X,X,O,X
ZLIOJTS,X,O,X,O,X
ZLIOJST,O,O,X,O,O
ZLIOSTJ,X,O,X,O,O
ZLIOSJT,X,O,X,O,O
ZLJTISO,O,O,O,O,X
ZLJTIOS,O,O,X,O,X
ZLJTSIO,O,X,O,O,X
ZLJTSOI,O,X,O,O,X
ZLJTOIS,O,X,X,O,X
ZLJTOSI,O,X,X,O,X
ZLJITSO,O,O,O,O,X
ZLJITOS,O,O,X,O,X
ZLJISTO,O,O,X,O,O
ZLJISOT,O,O,X,O,O
ZLJIOTS,X,O,X,O,X
ZLJIOST,O,O,X,O,O
ZLJSTIO,O,O,X,O,X
ZLJSTOI,O,O,X,O,X
ZLJSITO,O,O,X,O,O
ZLJSIOT,O,O,X,O,O
ZLJSOTI,X,O,X,O,X
ZLJSOIT,O,O,X,O,O
ZLJOTIS,X,O,X,O,X
ZLJOTSI,X,X,X,O,X
ZLJOITS,X,O,X,O,X
ZLJOIST,O,O,X,O,O
ZLJOSTI,X,O,X,O,X
ZLJOSIT,X,O,X,O,O
ZLSTIJO,O,O,X,O,X
ZLSTIOJ,O,O,X,O,X
ZLSTJIO,O,O,X,O,X
ZLSTJOI,O,O,X,O,X
ZLSTOIJ,O,O,X,O,X
ZLSTOJI,O,O,X,O,X
ZLSITJO,O,O,X,O,O
ZLSITOJ,O,O,X,O,O
ZLSIJTO,O,O,X,O,O
ZLSIJOT,O,O,X,O,O
ZLSIOTJ,X,O,X,O,O
ZLSIOJT,O,O,X,O,O
ZLSJTIO,O,O,X,O,X
ZLSJTOI,O,O,X,O,X
ZLSJITO,O,O,X,O,O
ZLSJIOT,O,O,X,O,O
ZLSJOTI,X,O,X,O,X
ZLSJOIT,O,O,X,O,O
ZLSOTIJ,X,O,X,O,X
ZLSOTJI,X,O,X,O,X
ZLSOITJ,X,O,X,O,O
ZLSOIJT,O,O,X,O,O
ZLSOJTI,X,O,X,O,X
ZLSOJIT,O,O,X,O,O
ZLOTIJS,X,O,X,O,X
ZLOTISJ,X,X,X,O,X
ZLOTJIS,X,O,X,O,X
ZLOTJSI,X,X,X,O,X
ZLOTSIJ,X,X,X,O,X
ZLOTSJI,X,X,X,O,X
ZLOITJS,X,O,X,O,X
ZLOITSJ,X,X,X,O,X
ZLOIJTS,X,O,X,O,X
ZLOIJST,O,O,X,O,O
ZLOISTJ,X,O,X,O,O
ZLOISJT,X,O,X,O,O
ZLOJTIS,X,O,X,O,X
ZLOJTSI,X,X,X,O,X
ZLOJITS,X,O,X,O,X
ZLOJIST,O,O,X,O,O
ZLOJSTI,X,O,X,O,X
ZLOJSIT,X,O,X,O,O
ZLOSTIJ,X,O,X,O,X
ZLOSTJI,X,O,X,O,X
ZLOSITJ,X,O,X,O,O
ZLOSIJT,X,O,X,O,O
ZLOSJTI,X,O,X,O,X
ZLOSJIT,X,O,X,O,O
ZJTILSO,O,O,O,O,X
ZJTILOS,O,O,O,O,X
ZJTISLO,O,O,O,O,O
ZJTISOL,O,O,O,O,O
ZJTIOLS,O,O,O,O,X
ZJTIOSL,O,O,O,O,O
ZJTLISO,O,O,O,O,X
ZJTLIOS,O,O,O,O,X
ZJTLSIO,O,X,O,O,X
ZJTLSOI,O,X,O,O,X
ZJTLOIS,O,X,O,O,X
ZJTLOSI,O,X,X,O,X
ZJTSILO,O,O,O,O,O
ZJTSIOL,O,O,O,O,O
ZJTSLIO,O,O,O,O,X
ZJTSLOI,O,O,O,O,X
ZJTSOIL,O,O,O,O,O
ZJTSOLI,O,O,O,O,X
ZJTOILS,O,O,O,O,X
ZJTOISL,O,O,O,O,O
ZJTOLIS,O,O,O,O,X
ZJTOLSI,O,X,X,O,X
ZJTOSIL,O,O,O,O,O
ZJTOSLI,O,O,O,O,X
ZJITLSO,O,O,O,O,X
ZJITLOS,O,O,O,O,X
ZJITSLO,O,O,O,O,O
ZJITSOL,O,O,O,O,O
ZJITOLS,O,O,O,O,X
ZJITOSL,O,O,O,O,O
ZJILTSO,O,O,O,O,X
ZJILTOS,O,O,X,O,X
ZJILSTO,O,O,X,O,O
ZJILSOT,O,O,X,O,O
ZJILOTS,X,O,X,O,X
ZJILOST,O,O,X,O,O
ZJISTLO,O,O,O,O,O
ZJISTOL,O,O,O,O,O
ZJISLTO,O,O,O,O,O
ZJISLOT,O,O,O,O,O
ZJISOTL,O,O,O,O,O
ZJISOLT,O,O,O,O,O
ZJIOTLS,X,O,O,O,X
ZJIOTSL,X,O,O,O,O
ZJIOLTS,X,O,X,O,X
ZJIOLST,O,O,X,O,O
ZJIOSTL,O,O,O,O,O
ZJIOSLT,O,O,O,O,O
ZJLTISO,O,O,O,O,X
ZJLTIOS,O,O,X,O,X
ZJLTSIO,O,X,O,O,X
ZJLTSOI,O,X,O,O,X
ZJLTOIS,O,X,X,O,X
ZJLTOSI,O,X,X,O,X
ZJLITSO,O,O,O,O,X
ZJLITOS,O,O,X,O,X
ZJLISTO,O,O,X,O,O
ZJLISOT,O,O,X,O,O
ZJLIOTS,X,O,X,O,X
ZJLIOST,O,O,X,O,O
ZJLSTIO,O,O,X,O,X
ZJLSTOI,O,O,X,O,X
ZJLSITO,O,O,X,O,O
ZJLSIOT,O,O,X,O,O
ZJLSOTI,X,O,X,O,X
ZJLSOIT,O,O,X,O,O
ZJLOTIS,X,O,X,O,X
ZJLOTSI,X,X,X,O,X
ZJLOITS,X,O,X,O,X
ZJLOIST,O,O,X,O,O
ZJLOSTI,X,O,X,O,X
ZJLOSIT,X,O,X,O,O
ZJSTILO,O,O,O,O,O
ZJSTIOL,O,O,O,O,O
ZJSTLIO,O,O,O,O,X
ZJSTLOI,O,O,O,O,X
ZJSTOIL,O,O,O,O,O
ZJSTOLI,O,O,O,O,X
ZJSITLO,O,O,O,O,O
ZJSITOL,O,O,O,O,O
ZJSILTO,O,O,O,O,O
ZJSILOT,O,O,O,O,O
ZJSIOTL,O,O,O,O,O
ZJSIOLT,O,O,O,O,O
ZJSLTIO,O,O,O,O,X
ZJSLTOI,O,O,O,O,X
ZJSLITO,O,O,O,O,O
ZJSLIOT,O,O,O,O,O
ZJSLOTI,X,O,O,O,X
ZJSLOIT,O,O,O,O,O
ZJSOTIL,O,O,O,O,O
ZJSOTLI,O,O,O,O,X
ZJSOITL,O,O,O,O,O
ZJSOILT,O,O,O,O,O
ZJSOLTI,X,O,O,O,X
ZJSOLIT,O,O,O,O,O
ZJOTILS,X,O,O,O,X
ZJOTISL,X,O,O,O,O
ZJOTLIS,X,O,O,O,X
ZJOTLSI,X,X,X,O,X
ZJOTSIL,X,O,O,O,O
ZJOTSLI,X,O,O,O,X
ZJOITLS,X,O,O,O,X
ZJOITSL,X,O,O,O,O
ZJOILTS,X,O,X,O,X
ZJOILST,O,O,X,O,O
ZJOISTL,O,O,O,O,O
ZJOISLT,O,O,O,O,O
ZJOLTIS,X,O,X,O,X
ZJOLTSI,X,X,X,O,X
ZJOLITS,X,O,X,O,X
ZJOLIST,O,O,X,O,O
ZJOLSTI,X,O,X,O,X
ZJOLSIT,X,O,X,O,O
ZJOSTIL,O,O,O,O,O
ZJOSTLI,O,O,O,O,X
ZJOSITL,O,O,O,O,O
ZJOSILT,O,O,O,O,O
ZJOSLTI,X,O,O,O,X
ZJOSLIT,O,O,O,O,O
ZSTILJO,O,O,O,O,O
ZSTILOJ,O,O,O,O,O
ZSTIJLO,O,O,O,O,O
ZSTIJOL,O,O,O,O,O
ZSTIOLJ,O,O,O,O,O
ZSTIOJL,O,O,O,O,O
ZSTLIJO,O,O,O,O,X
ZSTLIOJ,O,O,O,O,X
ZSTLJIO,O,O,O,O,X
ZSTLJOI,O,O,O,O,X
ZSTLOIJ,O,O,O,O,X
ZSTLOJI,O,O,O,O,X
ZSTJILO,O,O,O,O,O
ZSTJIOL,O,O,O,O,O
ZSTJLIO,O,O,O,O,X
ZSTJLOI,O,O,O,O,X
ZSTJOIL,O,O,O,O,O
ZSTJOLI,O,O,O,O,X
ZSTOILJ,O,O,O,O,O
ZSTOIJL,O,O,O,O,O
ZSTOLIJ,O,O,O,O,X
ZSTOLJI,O,O,O,O,X
ZSTOJIL,O,O,O,O,O
ZSTOJLI,O,O,O,O,X
ZSITLJO,O,O,O,O,O
ZSITLOJ,O,O,O,O,O
ZSITJLO,O,O,O,O,O
ZSITJOL,O,O,O,O,O
ZSITOLJ,O,O,O,O,O
ZSITOJL,O,O,O,O,O
ZSILTJO,O,O,O,O,O
ZSILTOJ,O,O,O,O,O
ZSILJTO,O,O,O,O,O
ZSILJOT,O,O,O,O,O
ZSILOTJ,X,O,O,O,O
ZSILOJT,O,O,O,O,O
ZSIJTLO,O,O,O,O,O
ZSIJTOL,O,O,O,O,O
ZSIJLTO,O,O,O,O,O
ZSIJLOT,O,O,O,O,O
ZSIJOTL,O,O,O,O,O
ZSIJOLT,O,O,O,O,O
ZSIOTLJ,O,O,O,O,O
ZSIOTJL,O,O,O,O,O
ZSIOLTJ,X,O,O,O,O
ZSIOLJT,O,O,O,O,O
ZSIOJTL,O,O,O,O,O
ZSIOJLT,O,O,O,O,O
ZSLTIJO,O,O,O,O,X
ZSLTIOJ,O,O,O,O,X
ZSLTJIO,O,O,O,O,X
ZSLTJOI,O,O,O,O,X
ZSLTOIJ,O,O,O,O,X
ZSLTOJI,O,O,O,O,X
ZSLITJO,O,O,O,O,O
ZSLITOJ,O,O,O,O,O
ZSLIJTO,O,O,O,O,O
ZSLIJOT,O,O,O,O,O
ZSLIOTJ,X,O,O,O,O
ZSLIOJT,O,O,O,O,O
ZSLJTIO,O,O,O,O,X
ZSLJTOI,O,O,O,O,X
ZSLJITO,O,O,O,O,O
ZSLJIOT,O,O,O,O,O
ZSLJOTI,X,O,O,O,X
ZSLJOIT,O,O,O,O,O
ZSLOTIJ,X,O,O,O,X
ZSLOTJI,X,O,O,O,X
ZSLOITJ,X,O,O,O,O
ZSLOIJT,O,O,O,O,O
ZSLOJTI,X,O,O,O,X
ZSLOJIT,O,O,O,O,O
ZSJTILO,O,O,O,O,O
ZSJTIOL,O,O,O,O,O
ZSJTLIO,O,O,O,O,X
ZSJTLOI,O,O,O,O,X
ZSJTOIL,O,O,O,O,O
ZSJTOLI,O,O,O,O,X
ZSJITLO,O,O,O,O,O
ZSJITOL,O,O,O,O,O
ZSJILTO,O,O,O,O,O
ZSJILOT,O,O,O,O,O
ZSJIOTL,O,O,O,O,O
ZSJIOLT,O,O,O,O,O
ZSJLTIO,O,O,O,O,X
ZSJLTOI,O,O,O,O,X
ZSJLITO,O,O,O,O,O
ZSJLIOT,O,O,O,O,O
ZSJLOTI,X,O,O,O,X
ZSJLOIT,O,O,O,O,O
ZSJOTIL,O,O,O,O,O
ZSJOTLI,O,O,O,O,X
ZSJOITL,O,O,O,O,O
ZSJOILT,O,O,O,O,O
ZSJOLTI,X,O,O,O,X
ZSJOLIT,O,O,O,O,O
ZSOTILJ,O,O,O,O,O
ZSOTIJL,O,O,O,O,O
ZSOTLIJ,O,O,O,O,X
ZSOTLJI,O,O,O,O,X
ZSOTJIL,O,O,O,O,O
ZSOTJLI,O,O,O,O,X
ZSOITLJ,O,O,O,O,O
ZSOITJL,O,O,O,O,O
ZSOILTJ,X,O,O,O,O
ZSOILJT,O,O,O,O,O
ZSOIJTL,O,O,O,O,O
ZSOIJLT,O,O,O,O,O
ZSOLTIJ,X,O,O,O,X
ZSOLTJI,X,O,O,O,X
ZSOLITJ,X,O,O,O,O
ZSOLIJT,O,O,O,O,O
ZSOLJTI,X,O,O,O,X
ZSOLJIT,O,O,O,O,O
ZSOJTIL,O,O,O,O,O
ZSOJTLI,O,O,O,O,X
ZSOJITL,O,O,O,O,O
ZSOJILT,O,O,O,O,O
ZSOJLTI,X,O,O,O,X
ZSOJLIT,O,O,O,O,O
ZOTILJS,X,O,O,O,X
ZOTILSJ,X,X,X,O,X
ZOTIJLS,X,O,O,O,X
ZOTIJSL,X,O,O,O,O
ZOTISLJ,X,O,O,O,O
ZOTISJL,X,O,O,O,O
ZOTLIJS,X,O,O,O,X
ZOTLISJ,X,X,X,O,X
ZOTLJIS,X,O,O,O,X
ZOTLJSI,X,X,X,O,X
ZOTLSIJ,X,X,X,O,X
ZOTLSJI,X,X,X,O,X
ZOTJILS,X,O,O,O,X
ZOTJISL,X,O,O,O,O
ZOTJLIS,X,O,O,O,X
ZOTJLSI,X,X,X,O,X
ZOTJSIL,X,O,O,O,O
ZOTJSLI,X,O,O,O,X
ZOTSILJ,X,O,O,O,O
ZOTSIJL,X,O,O,O,O
ZOTSLIJ,X,O,O,O,X
ZOTSLJI,X,O,O,O,X
ZOTSJIL,X,O,O,O,O
ZOTSJLI,X,O,O,O,X
ZOITLJS,X,O,O,O,X
ZOITLSJ,X,X,X,O,X
ZOITJLS,X,O,O,O,X
ZOITJSL,X,O,O,O,O
ZOITSLJ,X,O,O,O,O
ZOITSJL,X,O,O,O,O
ZOILTJS,X,O,X,O,X
ZOILTSJ,X,X,X,O,X
ZOILJTS,X,O,X,O,X
ZOILJST,O,O,X,O,O
ZOILSTJ,X,O,X,O,O
ZOILSJT,X,O,X,O,O
ZOIJTLS,X,O,O,O,X
ZOIJTSL,X,O,O,O,O
ZOIJLTS,X,O,X,O,X
ZOIJLST,O,O,X,O,O
ZOIJSTL,O,O,O,O,O
ZOIJSLT,O,O,O,O,O
ZOISTLJ,O,O,O,O,O
ZOISTJL,O,O,O,O,O
ZOISLTJ,X,O,O,O,O
ZOISLJT,O,O,O,O,O
ZOISJTL,O,O,O,O,O
ZOISJLT,O,O,O,O,O
ZOLTIJS,X,O,X,O,X
ZOLTISJ,X,X,X,O,X
ZOLTJIS,X,O,X,O,X
ZOLTJSI,X,X,X,O,X
ZOLTSIJ,X,X,X,O,X
ZOLTSJI,X,X,X,O,X
ZOLITJS,X,O,X,O,X
ZOLITSJ,X,X,X,O,X
ZOLIJTS,X,O,X,O,X
ZOLIJST,O,O,X,O,O
ZOLISTJ,X,O,X,O,O
ZOLISJT,X,O,X,O,O
ZOLJTIS,X,O,X,O,X
ZOLJTSI,X,X,X,O,X
ZOLJITS,X,O,X,O,X
ZOLJIST,O,O,X,O,O
ZOLJSTI,X,O,X,O,X
ZOLJSIT,X,O,X,O,O
ZOLSTIJ,X,O,X,O,X
ZOLSTJI,X,O,X,O,X
ZOLSITJ,X,O,X,O,O
ZOLSIJT,X,O,X,O,O
ZOLSJTI,X,O,X,O,X
ZOLSJIT,X,O,X,O,O
ZOJTILS,X,O,O,O,X
ZOJTISL,X,O,O,O,O
ZOJTLIS,X,O,O,O,X
ZOJTLSI,X,X,X,O,X
ZOJTSIL,X,O,O,O,O
ZOJTSLI,X,O,O,O,X
ZOJITLS,X,O,O,O,X
ZOJITSL,X,O,O,O,O
ZOJILTS,X,O,X,O,X
ZOJILST,O,O,X,O,O
ZOJISTL,O,O,O,O,O
ZOJISLT,O,O,O,O,O
ZOJLTIS,X,O,X,O,X
ZOJLTSI,X,X,X,O,X
ZOJLITS,X,O,X,O,X
ZOJLIST,O,O,X,O,O
ZOJLSTI,X,O,X,O,X
ZOJLSIT,X,O,X,O,O
ZOJSTIL,O,O,O,O,O
ZOJSTLI,O,O,O,O,X
ZOJSITL,O,O,O,O,O
ZOJSILT,O,O,O,O,O
ZOJSLTI,X,O,O,O,X
ZOJSLIT,O,O,O,O,O
ZOSTILJ,O,O,O,O,O
ZOSTIJL,O,O,O,O,O
ZOSTLIJ,O,O,O,O,X
ZOSTLJI,O,O,O,O,X
ZOSTJIL,O,O,O,O,O
ZOSTJLI,O,O,O,O,X
ZOSITLJ,O,O,O,O,O
ZOSITJL,O,O,O,O,O
ZOSILTJ,X,O,O,O,O
ZOSILJT,O,O,O,O,O
ZOSIJTL,O,O,O,O,O
ZOSIJLT,O,O,O,O,O
ZOSLTIJ,X,O,O,O,X
ZOSLTJI,X,O,O,O,X
ZOSLITJ,X,O,O,O,O
ZOSLIJT,O,O,O,O,O
ZOSLJTI,X,O,O,O,X
ZOSLJIT,O,O,O,O,O
ZOSJTIL,O,O,O,O,O
ZOSJTLI,O,O,O,O,X
ZOSJITL,O,O,O,O,O
ZOSJILT,O,O,O,O,O
ZOSJLTI,X,O,O,O,X
ZOSJLIT,O,O,O,O,O
OTILJSZ,O,X,O,X,X
OTILJZS,O,O,O,X,X
OTILSJZ,O,X,O,X,X
OTILSZJ,O,X,X,X,X
OTILZJS,O,O,O,X,X
OTILZSJ,O,X,X,X,X
OTIJLSZ,O,X,O,X,X
OTIJLZS,O,O,O,X,X
OTIJSLZ,O,O,O,X,X
OTIJSZL,O,O,O,O,X
OTIJZLS,O,O,O,O,X
OTIJZSL,O,O,O,O,O
OTISLJZ,O,O,O,X,X
OTISLZJ,O,O,O,X,X
OTISJLZ,O,O,O,X,X
OTISJZL,O,O,O,O,X
OTISZLJ,O,O,O,O,X
OTISZJL,O,O,O,O,X
OTIZLJS,O,O,O,O,X
OTIZLSJ,O,X,X,O,X
OTIZJLS,O,O,O,O,X
OTIZJSL,O,O,O,O,O
OTIZSLJ,O,O,O,O,O
OTIZSJL,O,O,O,O,O
OTLIJSZ,O,X,O,X,X
OTLIJZS,O,O,O,X,X
OTLISJZ,O,X,O,X,X
OTLISZJ,O,X,X,X,X
OTLIZJS,O,O,O,X,X
OTLIZSJ,O,X,X,X,X
OTLJISZ,O,X,O,X,X
OTLJIZS,O,O,O,X,X
OTLJSIZ,O,X,O,X,X
OTLJSZI,O,X,X,X,X
OTLJZIS,O,O,O,X,X
OTLJZSI,O,X,X,X,X
OTLSIJZ,O,X,O,X,X
OTLSIZJ,O,X,X,X,X
OTLSJIZ,O,X,O,X,X
OTLSJZI,O,X,X,X,X
OTLSZIJ,O,X,X,X,X
OTLSZJI,O,X,X,X,X
OTLZIJS,O,O,O,X,X
OTLZISJ,O,X,X,X,X
OTLZJIS,O,O,O,X,X
OTLZJSI,O,X,X,X,X
OTLZSIJ,O,X,X,X,X
OTLZSJI,O,X,X,X,X
OTJILSZ,O,X,O,X,X
OTJILZS,O,O,O,X,X
OTJISLZ,O,O,O,X,X
OTJISZL,O,O,O,O,X
OTJIZLS,O,O,O,O,X
OTJIZSL,O,O,O,O,O
OTJLISZ,O,X,O,X,X
OTJLIZS,O,O,O,X,X
OTJLSIZ,O,X,O,X,X
OTJLSZI,O,X,X,X,X
OTJLZIS,O,O,O,X,X
OTJLZSI,O,X,X,X,X
OTJSILZ,O,O,O,X,X
OTJSIZL,O,O,O,O,X
OTJSLIZ,O,O,O,X,X
OTJSLZI,O,O,O,X,X
OTJSZIL,O,O,O,O,X
OTJSZLI,O,O,O,O,X
OTJZILS,O,O,O,O,X
OTJZISL,O,O,O,O,O
OTJZLIS,O,O,O,O,X
OTJZLSI,O,X,X,O,X
OTJZSIL,O,O,O,O,O
OTJZSLI,O,O,O,O,X
OTSILJZ,O,O,O,X,X
OTSILZJ,O,O,O,X,X
OTSIJLZ,O,O,O,X,X
OTSIJZL,O,O,O,O,X
OTSIZLJ,O,O,O,O,X
OTSIZJL,O,O,O,O,X
OTSLIJZ,O,O,O,X,X
OTSLIZJ,O,O,O,X,X
OTSLJIZ,O,O,O,X,X
OTSLJZI,O,O,O,X,X
OTSLZIJ,O,O,O,X,X
OTSLZJI,O,O,O,X,X
OTSJILZ,O,O,O,X,X
OTSJIZL,O,O,O,O,X
OTSJLIZ,O,O,O,X,X
OTSJLZI,O,O,O,X,X
OTSJZIL,O,O,O,O,X
OTSJZLI,O,O,O,O,X
OTSZILJ,O,O,O,O,X
OTSZIJL,O,O,O,O,X
OTSZLIJ,O,O,O,O,X
OTSZLJI,O,O,O,O,X
OTSZJIL,O,O,O,O,X
OTSZJLI,O,O,O,O,X
OTZILJS,O,O,O,O,X
OTZILSJ,O,X,X,O,X
OTZIJLS,O,O,O,O,X
OTZIJSL,O,O,O,O,O
OTZISLJ,O,O,O,O,O
OTZISJL,O,O,O,O,O
OTZLIJS,O,O,O,O,X
OTZLISJ,O,X,X,O,X
OTZLJIS,O,O,O,O,X
OTZLJSI,O,X,X,O,X
OTZLSIJ,O,X,X,O,X
OTZLSJI,O,X,X,O,X
OTZJILS,O,O,O,O,X
OTZJISL,O,O,O,O,O
OTZJLIS,O,O,O,O,X
OTZJLSI,O,X,X,O,X
OTZJSIL,O,O,O,O,O
OTZJSLI,O,O,O,O,X
OTZSILJ,O,O,O,O,O
OTZSIJL,O,O,O,O,O
OTZSLIJ,O,O,O,O,X
OTZSLJI,O,O,O,O,X
OTZSJIL,O,O,O,O,O
OTZSJLI,O,O,O,O,X
OITLJSZ,O,X,O,X,X
OITLJZS,O,O,O,X,X
OITLSJZ,O,X,O,X,X
OITLSZJ,O,X,X,X,X
OITLZJS,O,O,O,X,X
OITLZSJ,O,X,X,X,X
OITJLSZ,O,X,O,X,X
OITJLZS,O,O,O,X,X
OITJSLZ,O,O,O,X,X
OITJSZL,O,O,O,O,X
OITJZLS,O,O,O,O,X
OITJZSL,O,O,O,O,O
OITSLJZ,O,O,O,X,X
OITSLZJ,O,O,O,X,X
OITSJLZ,O,O,O,X,X
OITSJZL,O,O,O,O,X
OITSZLJ,O,O,O,O,X
OITSZJL,O,O,O,O,X
OITZLJS,O,O,O,O,X
OITZLSJ,O,X,X,O,X
OITZJLS,O,O,O,O,X
OITZJSL,O,O,O,O,O
OITZSLJ,O,O,O,O,O
OITZSJL,O,O,O,O,O
OILTJSZ,O,X,O,X,X
OILTJZS,O,O,O,X,X
OILTSJZ,O,X,O,X,X
OILTSZJ,O,X,X,X,X
OILTZJS,O,O,O,X,X
OILTZSJ,O,X,X,X,X
OILJTSZ,O,X,O,X,X
OILJTZS,O,O,O,X,X
OILJSTZ,X,O,O,O,X
OILJSZT,O,O,O,O,X
OILJZTS,X,O,X,O,X
OILJZST,O,O,X,O,O
OILSTJZ,X,O,O,O,X
OILSTZJ,X,O,O,O,X
OILSJTZ,X,O,O,O,X
OILSJZT,O,O,O,O,X
OILSZTJ,X,O,O,O,X
OILSZJT,O,O,O,O,X
OILZTJS,X,O,X,O,X
OILZTSJ,X,X,X,O,X
OILZJTS,X,O,X,O,X
OILZJST,O,O,X,O,O
OILZSTJ,X,O,X,O,O
OILZSJT,X,O,X,O,O
OIJTLSZ,O,X,O,X,X
OIJTLZS,O,O,O,X,X
OIJTSLZ,O,O,O,X,X
OIJTSZL,O,O,O,O,X
OIJTZLS,O,O,O,O,X
OIJTZSL,O,O,O,O,O
OIJLTSZ,O,X,O,X,X
OIJLTZS,O,O,O,X,X
OIJLSTZ,X,O,O,O,X
OIJLSZT,O,O,O,O,X
OIJLZTS,X,O,X,O,X
OIJLZST,O,O,X,O,O
OIJSTLZ,O,O,O,O,X
OIJSTZL,O,O,O,O,X
OIJSLTZ,X,O,O,O,X
OIJSLZT,O,O,O,O,X
OIJSZTL,O,O,O,O,O
OIJSZLT,O,O,O,O,O
OIJZTLS,X,O,O,O,X
OIJZTSL,X,O,O,O,O
OIJZLTS,X,O,X,O,X
OIJZLST,O,O,X,O,O
OIJZSTL,O,O,O,O,O
OIJZSLT,O,O,O,O,O
OISTLJZ,O,O,O,O,X
OISTLZJ,O,O,O,O,X
OISTJLZ,O,O,O,O,X
OISTJZL,O,O,O,O,X
OISTZLJ,O,O,O,O,X
OISTZJL,O,O,O,O,X
OISLTJZ,X,O,O,O,X
OISLTZJ,X,O,O,O,X
OISLJTZ,X,O,O,O,X
OISLJZT,O,O,O,O,X
OISLZTJ,X,O,O,O,X
OISLZJT,O,O,O,O,X
OISJTLZ,O,O,O,O,X
OISJTZL,O,O,O,O,X
OISJLTZ,X,O,O,O,X
OISJLZT,O,O,O,O,X
OISJZTL,O,O,O,O,O
OISJZLT,O,O,O,O,O
OISZTLJ,O,O,O,O,O
OISZTJL,O,O,O,O,O
OISZLTJ,X,O,O,O,O
OISZLJT,O,O,O,O,O
OISZJTL,O,O,O,O,O
OISZJLT,O,O,O,O,O
OIZTLJS,X,O,O,O,X
OIZTLSJ,X,X,X,O,X
OIZTJLS,X,O,O,O,X
OIZTJSL,X,O,O,O,O
OIZTSLJ,X,O,O,O,O
OIZTSJL,X,O,O,O,O
OIZLTJS,X,O,X,O,X
OIZLTSJ,X,X,X,O,X
OIZLJTS,X,O,X,O,X
OIZLJST,O,O,X,O,O
OIZLSTJ,X,O,X,O,O
OIZLSJT,X,O,X,O,O
OIZJTLS,X,O,O,O,X
OIZJTSL,X,O,O,O,O
OIZJLTS,X,O,X,O,X
OIZJLST,O,O,X,O,O
OIZJSTL,O,O,O,O,O
OIZJSLT,O,O,O,O,O
OIZSTLJ,O,O,O,O,O
OIZSTJL,O,O,O,O,O
OIZSLTJ,X,O,O,O,O
OIZSLJT,O,O,O,O,O
OIZSJTL,O,O,O,O,O
OIZSJLT,O,O,O,O,O
OLTIJSZ,O,X,O,X,X
OLTIJZS,O,O,O,X,X
OLTISJZ,O,X,O,X,X
OLTISZJ,O,X,X,X,X
OLTIZJS,O,O,O,X,X
OLTIZSJ,O,X,X,X,X
OLTJISZ,O,X,O,X,X
OLTJIZS,O,O,O,X,X
OLTJSIZ,O,X,O,X,X
OLTJSZI,O,X,X,X,X
OLTJZIS,O,O,O,X,X
OLTJZSI,O,X,X,X,X
OLTSIJZ,O,X,O,X,X
OLTSIZJ,O,X,X,X,X
OLTSJIZ,O,X,O,X,X
OLTSJZI,O,X,X,X,X
OLTSZIJ,O,X,X,X,X
OLTSZJI,O,X,X,X,X
OLTZIJS,O,O,O,X,X
OLTZISJ,O,X,X,X,X
OLTZJIS,O,O,O,X,X
OLTZJSI,O,X,X,X,X
OLTZSIJ,O,X,X,X,X
OLTZSJI,O,X,X,X,X
OLITJSZ,O,X,O,X,X
OLITJZS,O,O,O,X,X
OLITSJZ,O,X,O,X,X
OLITSZJ,O,X,X,X,X
OLITZJS,O,O,O,X,X
OLITZSJ,O,X,X,X,X
OLIJTSZ,O,X,O,X,X
OLIJTZS,O,O,O,X,X
OLIJSTZ,X,O,O,O,X
OLIJSZT,O,O,O,O,X
OLIJZTS,X,O,X,O,X
OLIJZST,O,O,X,O,O
OLISTJZ,X,O,O,O,X
OLISTZJ,X,O,O,O,X
OLISJTZ,X,O,O,O,X
OLISJZT,O,O,O,O,X
OLISZTJ,X,O,O,O,X
OLISZJT,O,O,O,O,X
OLIZTJS,X,O,X,O,X
OLIZTSJ,X,X,X,O,X
OLIZJTS,X,O,X,O,X
OLIZJST,O,O,X,O,O
OLIZSTJ,X,O,X,O,O
OLIZSJT,X,O,X,O,O
OLJTISZ,O,X,O,X,X
OLJTIZS,O,O,O,X,X
OLJTSIZ,O,X,O,X,X
OLJTSZI,O,X,X,X,X
OLJTZIS,O,O,O,X,X
OLJTZSI,O,X,X,X,X
OLJITSZ,O,X,O,X,X
OLJITZS,O,O,O,X,X
OLJISTZ,X,O,O,O,X
OLJISZT,O,O,O,O,X
OLJIZTS,X,O,X,O,X
OLJIZST,O,O,X,O,O
OLJSTIZ,X,O,O,O,X
OLJSTZI,X,O,O,O,X
OLJSITZ,X,O,O,O,X
OLJSIZT,O,O,O,O,X
OLJSZTI,X,O,O,O,X
OLJSZIT,O,O,O,O,X
OLJZTIS,X,O,X,O,X
OLJZTSI,X,X,X,O,X
OLJZITS,X,O,X,O,X
OLJZIST,O,O,X,O,O
OLJZSTI,X,O,X,O,X
OLJZSIT,X,O,X,O,O
OLSTIJZ,X,O,O,O,X
OLSTIZJ,X,O,O,O,X
OLSTJIZ,X,O,O,O,X
OLSTJZI,X,O,O,O,X
OLSTZIJ,X,O,O,O,X
OLSTZJI,X,O,O,O,X
OLSITJZ,X,O,O,O,X
OLSITZJ,X,O,O,O,X
OLSIJTZ,X,O,O,O,X
OLSIJZT,O,O,O,O,X
OLSIZTJ,X,O,O,O,X
OLSIZJT,O,O,O,O,X
OLSJTIZ,X,O,O,O,X
OLSJTZI,X,O,O,O,X
OLSJITZ,X,O,O,O,X
OLSJIZT,O,O,O,O,X
OLSJZTI,X,O,O,O,X
OLSJZIT,O,O,O,O,X
OLSZTIJ,X,O,O,O,X
OLSZTJI,X,O,O,O,X
OLSZITJ,X,O,O,O,X
OLSZIJT,O,O,O,O,X
OLSZJTI,X,O,O,O,X
OLSZJIT,O,O,O,O,X
OLZTIJS,X,O,X,O,X
OLZTISJ,X,X,X,O,X
OLZTJIS,X,O,X,O,X
OLZTJSI,X,X,X,O,X
OLZTSIJ,X,X,X,O,X
OLZTSJI,X,X,X,O,X
OLZITJS,X,O,X,O,X
OLZITSJ,X,X,X,O,X
OLZIJTS,X,O,X,O,X
OLZIJST,O,O,X,O,O
OLZISTJ,X,O,X,O,O
OLZISJT,X,O,X,O,O
OLZJTIS,X,O,X,O,X
OLZJTSI,X,X,X,O,X
OLZJITS,X,O,X,O,X
OLZJIST,O,O,X,O,O
OLZJSTI,X,O,X,O,X
OLZJSIT,X,O,X,O,O
OLZSTIJ,X,O,X,O,X
OLZSTJI,X,O,X,O,X
OLZSITJ,X,O,X,O,O
OLZSIJT,X,O,X,O,O
OLZSJTI,X,O,X,O,X
OLZSJIT,X,O,X,O,O
OJTILSZ,O,X,O,X,X
OJTILZS,O,O,O,X,X
OJTISLZ,O,O,O,X,X
OJTISZL,O,O,O,O,X
OJTIZLS,O,O,O,O,X
OJTIZSL,O,O,O,O,O
OJTLISZ,O,X,O,X,X
OJTLIZS,O,O,O,X,X
OJTLSIZ,O,X,O,X,X
OJTLSZI,O,X,X,X,X
OJTLZIS,O,O,O,X,X
OJTLZSI,O,X,X,X,X
OJTSILZ,O,O,O,X,X
OJTSIZL,O,O,O,O,X
OJTSLIZ,O,O,O,X,X
OJTSLZI,O,O,O,X,X
OJTSZIL,O,O,O,O,X
OJTSZLI,O,O,O,O,X
OJTZILS,O,O,O,O,X
OJTZISL,O,O,O,O,O
OJTZLIS,O,O,O,O,X
OJTZLSI,O,X,X,O,X
OJTZSIL,O,O,O,O,O
OJTZSLI,O,O,O,O,X
OJITLSZ,O,X,O,X,X
OJITLZS,O,O,O,X,X
OJITSLZ,O,O,O,X,X
OJITSZL,O,O,O,O,X
OJITZLS,O,O,O,O,X
OJITZSL,O,O,O,O,O
OJILTSZ,O,X,O,X,X
OJILTZS,O,O,O,X,X
OJILSTZ,X,O,O,O,X
OJILSZT,O,O,O,O,X
OJILZTS,X,O,X,O,X
OJILZST,O,O,X,O,O
OJISTLZ,O,O,O,O,X
OJISTZL,O,O,O,O,X
OJISLTZ,X,O,O,O,X
OJISLZT,O,O,O,O,X
OJISZTL,O,O,O,O,O
OJISZLT,O,O,O,O,O
OJIZTLS,X,O,O,O,X
OJIZTSL,X,O,O,O,O
OJIZLTS,X,O,X,O,X
OJIZLST,O,O,X,O,O
OJIZSTL,O,O,O,O,O
OJIZSLT,O,O,O,O,O
OJLTISZ,O,X,O,X,X
OJLTIZS,O,O,O,X,X
OJLTSIZ,O,X,O,X,X
OJLTSZI,O,X,X,X,X
OJLTZIS,O,O,O,X,X
OJLTZSI,O,X,X,X,X
OJLITSZ,O,X,O,X,X
OJLITZS,O,O,O,X,X
OJLISTZ,X,O,O,O,X
OJLISZT,O,O,O,O,X
OJLIZTS,X,O,X,O,X
OJLIZST,O,O,X,O,O
OJLSTIZ,X,O,O,O,X
OJLSTZI,X,O,O,O,X
OJLSITZ,X,O,O,O,X
OJLSIZT,O,O,O,O,X
OJLSZTI,X,O,O,O,X
OJLSZIT,O,O,O,O,X
OJLZTIS,X,O,X,O,X
OJLZTSI,X,X,X,O,X
OJLZITS,X,O,X,O,X
OJLZIST,O,O,X,O,O
OJLZSTI,X,O,X,O,X
OJLZSIT,X,O,X,O,O
OJSTILZ,O,O,O,O,X
OJSTIZL,O,O,O,O,X
OJSTLIZ,O,O,O,O,X
OJSTLZI,O,O,O,O,X
OJSTZIL,O,O,O,O,X
OJSTZLI,O,O,O,O,X
OJSITLZ,O,O,O,O,X
OJSITZL,O,O,O,O,X
OJSILTZ,X,O,O,O,X
OJSILZT,O,O,O,O,X
OJSIZTL,O,O,O,O,O
OJSIZLT,O,O,O,O,O
OJSLTIZ,X,O,O,O,X
OJSLTZI,X,O,O,O,X
OJSLITZ,X,O,O,O,X
OJSLIZT,O,O,O,O,X
OJSLZTI,X,O,O,O,X
OJSLZIT,O,O,O,O,X
OJSZTIL,O,O,O,O,O
OJSZTLI,O,O,O,O,X
OJSZITL,O,O,O,O,O
OJSZILT,O,O,O,O,O
OJSZLTI,X,O,O,O,X
OJSZLIT,O,O,O,O,O
OJZTILS,X,O,O,O,X
OJZTISL,X,O,O,O,O
OJZTLIS,X,O,O,O,X
OJZTLSI,X,X,X,O,X
OJZTSIL,X,O,O,O,O
OJZTSLI,X,O,O,O,X
OJZITLS,X,O,O,O,X
OJZITSL,X,O,O,O,O
OJZILTS,X,O,X,O,X
OJZILST,O,O,X,O,O
OJZISTL,O,O,O,O,O
OJZISLT,O,O,O,O,O
OJZLTIS,X,O,X,O,X
OJZLTSI,X,X,X,O,X
OJZLITS,X,O,X,O,X
OJZLIST,O,O,X,O,O
OJZLSTI,X,O,X,O,X
OJZLSIT,X,O,X,O,O
OJZSTIL,O,O,O,O,O
OJZSTLI,O,O,O,O,X
OJZSITL,O,O,O,O,O
OJZSILT,O,O,O,O,O
OJZSLTI,X,O,O,O,X
OJZSLIT,O,O,O,O,O
OSTILJZ,O,O,O,O,X
OSTILZJ,O,O,O,O,X
OSTIJLZ,O,O,O,O,X
OSTIJZL,O,O,O,O,X
OSTIZLJ,O,O,O,O,X
OSTIZJL,O,O,O,O,X
OSTLIJZ,O,O,O,O,X
OSTLIZJ,O,O,O,O,X
OSTLJIZ,O,O,O,O,X
OSTLJZI,O,O,O,O,X
OSTLZIJ,O,O,O,O,X
OSTLZJI,O,O,O,O,X
OSTJILZ,O,O,O,O,X
OSTJIZL,O,O,O,O,X
OSTJLIZ,O,O,O,O,X
OSTJLZI,O,O,O,O,X
OSTJZIL,O,O,O,O,X
OSTJZLI,O,O,O,O,X
OSTZILJ,O,O,O,O,X
OSTZIJL,O,O,O,O,X
OSTZLIJ,O,O,O,O,X
OSTZLJI,O,O,O,O,X
OSTZJIL,O,O,O,O,X
OSTZJLI,O,O,O,O,X
OSITLJZ,O,O,O,O,X
OSITLZJ,O,O,O,O,X
OSITJLZ,O,O,O,O,X
OSITJZL,O,O,O,O,X
OSITZLJ,O,O,O,O,X
OSITZJL,O,O,O,O,X
OSILTJZ,X,O,O,O,X
OSILTZJ,X,O,O,O,X
OSILJTZ,X,O,O,O,X
OSILJZT,O,O,O,O,X
OSILZTJ,X,O,O,O,X
OSILZJT,O,O,O,O,X
OSIJTLZ,O,O,O,O,X
OSIJTZL,O,O,O,O,X
OSIJLTZ,X,O,O,O,X
OSIJLZT,O,O,O,O,X
OSIJZTL,O,O,O,O,O
OSIJZLT,O,O,O,O,O
OSIZTLJ,O,O,O,O,O
OSIZTJL,O,O,O,O,O
OSIZLTJ,X,O,O,O,O
OSIZLJT,O,O,O,O,O
OSIZJTL,O,O,O,O,O
OSIZJLT,O,O,O,O,O
OSLTIJZ,X,O,O,O,X
OSLTIZJ,X,O,O,O,X
OSLTJIZ,X,O,O,O,X
OSLTJZI,X,O,O,O,X
OSLTZIJ,X,O,O,O,X
OSLTZJI,X,O,O,O,X
OSLITJZ,X,O,O,O,X
OSLITZJ,X,O,O,O,X
OSLIJTZ,X,O,O,O,X
OSLIJZT,O,O,O,O,X
OSLIZTJ,X,O,O,O,X
OSLIZJT,O,O,O,O,X
OSLJTIZ,X,O,O,O,X
OSLJTZI,X,O,O,O,X
OSLJITZ,X,O,O,O,X
OSLJIZT,O,O,O,O,X
OSLJZTI,X,O,O,O,X
OSLJZIT,O,O,O,O,X
OSLZTIJ,X,O,O,O,X
OSLZTJI,X,O,O,O,X
OSLZITJ,X,O,O,O,X
OSLZIJT,O,O,O,O,X
OSLZJTI,X,O,O,O,X
OSLZJIT,O,O,O,O,X
OSJTILZ,O,O,O,O,X
OSJTIZL,O,O,O,O,X
OSJTLIZ,O,O,O,O,X
OSJTLZI,O,O,O,O,X
OSJTZIL,O,O,O,O,X
OSJTZLI,O,O,O,O,X
OSJITLZ,O,O,O,O,X
OSJITZL,O,O,O,O,X
OSJILTZ,X,O,O,O,X
OSJILZT,O,O,O,O,X
OSJIZTL,O,O,O,O,O
OSJIZLT,O,O,O,O,O
OSJLTIZ,X,O,O,O,X
OSJLTZI,X,O,O,O,X
OSJLITZ,X,O,O,O,X
OSJLIZT,O,O,O,O,X
OSJLZTI,X,O,O,O,X
OSJLZIT,O,O,O,O,X
OSJZTIL,O,O,O,O,O
OSJZTLI,O,O,O,O,X
OSJZITL,O,O,O,O,O
OSJZILT,O,O,O,O,O
OSJZLTI,X,O,O,O,X
OSJZLIT,O,O,O,O,O
OSZTILJ,O,O,O,O,O
OSZTIJL,O,O,O,O,O
OSZTLIJ,O,O,O,O,X
OSZTLJI,O,O,O,O,X
OSZTJIL,O,O,O,O,O
OSZTJLI,O,O,O,O,X
OSZITLJ,O,O,O,O,O
OSZITJL,O,O,O,O,O
OSZILTJ,X,O,O,O,O
OSZILJT,O,O,O,O,O
OSZIJTL,O,O,O,O,O
OSZIJLT,O,O,O,O,O
OSZLTIJ,X,O,O,O,X
OSZLTJI,X,O,O,O,X
OSZLITJ,X,O,O,O,O
OSZLIJT,O,O,O,O,O
OSZLJTI,X,O,O,O,X
OSZLJIT,O,O,O,O,O
OSZJTIL,O,O,O,O,O
OSZJTLI,O,O,O,O,X
OSZJITL,O,O,O,O,O
OSZJILT,O,O,O,O,O
OSZJLTI,X,O,O,O,X
OSZJLIT,O,O,O,O,O
OZTILJS,X,O,O,O,X
OZTILSJ,X,X,X,O,X
OZTIJLS,X,O,O,O,X
OZTIJSL,X,O,O,O,O
OZTISLJ,X,O,O,O,O
OZTISJL,X,O,O,O,O
OZTLIJS,X,O,O,O,X
OZTLISJ,X,X,X,O,X
OZTLJIS,X,O,O,O,X
OZTLJSI,X,X,X,O,X
OZTLSIJ,X,X,X,O,X
OZTLSJI,X,X,X,O,X
OZTJILS,X,O,O,O,X
OZTJISL,X,O,O,O,O
OZTJLIS,X,O,O,O,X
OZTJLSI,X,X,X,O,X
OZTJSIL,X,O,O,O,O
OZTJSLI,X,O,O,O,X
OZTSILJ,X,O,O,O,O
OZTSIJL,X,O,O,O,O
OZTSLIJ,X,O,O,O,X
OZTSLJI,X,O,O,O,X
OZTSJIL,X,O,O,O,O
OZTSJLI,X,O,O,O,X
OZITLJS,X,O,O,O,X
OZITLSJ,X,X,X,O,X
OZITJLS,X,O,O,O,X
OZITJSL,X,O,O,O,O
OZITSLJ,X,O,O,O,O
OZITSJL,X,O,O,O,O
OZILTJS,X,O,X,O,X
OZILTSJ,X,X,X,O,X
OZILJTS,X,O,X,O,X
OZILJST,O,O,X,O,O
OZILSTJ,X,O,X,O,O
OZILSJT,X,O,X,O,O
OZIJTLS,X,O,O,O,X
OZIJTSL,X,O,O,O,O
OZIJLTS,X,O,X,O,X
OZIJLST,O,O,X,O,O
OZIJSTL,O,O,O,O,O
OZIJSLT,O,O,O,O,O
OZISTLJ,O,O,O,O,O
OZISTJL,O,O,O,O,O
OZISLTJ,X,O,O,O,O
OZISLJT,O,O,O,O,O
OZISJTL,O,O,O,O,O
OZISJLT,O,O,O,O,O
OZLTIJS,X,O,X,O,X
OZLTISJ,X,X,X,O,X
OZLTJIS,X,O,X,O,X
OZLTJSI,X,X,X,O,X
OZLTSIJ,X,X,X,O,X
OZLTSJI,X,X,X,O,X
OZLITJS,X,O,X,O,X
OZLITSJ,X,X,X,O,X
OZLIJTS,X,O,X,O,X
OZLIJST,O,O,X,O,O
OZLISTJ,X,O,X,O,O
OZLISJT,X,O,X,O,O
OZLJTIS,X,O,X,O,X
OZLJTSI,X,X,X,O,X
OZLJITS,X,O,X,O,X
OZLJIST,O,O,X,O,O
OZLJSTI,X,O,X,O,X
OZLJSIT,X,O,X,O,O
OZLSTIJ,X,O,X,O,X
OZLSTJI,X,O,X,O,X
OZLSITJ,X,O,X,O,O
OZLSIJT,X,O,X,O,O
OZLSJTI,X,O,X,O,X
OZLSJIT,X,O,X,O,O
OZJTILS,X,O,O,O,X
OZJTISL,X,O,O,O,O
OZJTLIS,X,O,O,O,X
OZJTLSI,X,X,X,O,X
OZJTSIL,X,O,O,O,O
OZJTSLI,X,O,O,O,X
OZJITLS,X,O,O,O,X
OZJITSL,X,O,O,O,O
OZJILTS,X,O,X,O,X
OZJILST,O,O,X,O,O
OZJISTL,O,O,O,O,O
OZJISLT,O,O,O,O,O
OZJLTIS,X,O,X,O,X
OZJLTSI,X,X,X,O,X
OZJLITS,X,O,X,O,X
OZJLIST,O,O,X,O,O
OZJLSTI,X,O,X,O,X
OZJLSIT,X,O,X,O,O
OZJSTIL,O,O,O,O,O
OZJSTLI,O,O,O,O,X
OZJSITL,O,O,O,O,O
OZJSILT,O,O,O,O,O
OZJSLTI,X,O,O,O,X
OZJSLIT,O,O,O,O,O
OZSTILJ,O,O,O,O,O
OZSTIJL,O,O,O,O,O
OZSTLIJ,O,O,O,O,X
OZSTLJI,O,O,O,O,X
OZSTJIL,O,O,O,O,O
OZSTJLI,O,O,O,O,X
OZSITLJ,O,O,O,O,O
OZSITJL,O,O,O,O,O
OZSILTJ,X,O,O,O,O
OZSILJT,O,O,O,O,O
OZSIJTL,O,O,O,O,O
OZSIJLT,O,O,O,O,O
OZSLTIJ,X,O,O,O,X
OZSLTJI,X,O,O,O,X
OZSLITJ,X,O,O,O,O
OZSLIJT,O,O,O,O,O
OZSLJTI,X,O,O,O,X
OZSLJIT,O,O,O,O,O
OZSJTIL,O,O,O,O,O
OZSJTLI,O,O,O,O,X
OZSJITL,O,O,O,O,O
OZSJILT,O,O,O,O,O
OZSJLTI,X,O,O,O,X
OZSJLIT,O,O,O,O,O
