sequence,v115@9gB8HeD8FeE8CeH8AeC8Jem6IvhFCcBxdB/mBFiBTj?BcsB,v115@9gB8HeD8FeE8CeH8AeC8Jex6IvhFXdB6jBmgBziB0h?BFsB,v115@9gB8HeD8FeE8CeH8AeC8Jex6IvhFygBzdB+jB3hBUi?BFsB,v115@9gB8HeD8FeE8CeH8AeC8Jex6IvhFfjB6jBmgBzhBcs?BlrB,v115@9gB8HeD8FeE8CeH8AeC8Jem6IvhFfhB0cBxdBSnBTj?BFsB
TILJSZO,X,X,X,X,X
TILJSOZ,X,X,O,X,X
TILJZSO,X,X,X,X,X
TILJZOS,X,X,X,X,X
TILJOSZ,X,O,O,X,X
TILJOZS,X,X,X,X,X
TILSJZO,X,X,X,X,X
TILSJOZ,X,X,O,X,X
TILSZJO,X,X,X,X,X
TILSZOJ,X,X,X,X,X
TILSOJZ,X,X,X,X,X
TILSOZJ,X,X,X,X,X
TILZJSO,X,X,X,X,X
TILZJOS,X,X,X,X,X
TILZSJO,X,X,X,X,X
TILZSOJ,X,X,X,X,X
TILZOJS,X,X,X,X,X
TILZOSJ,X,X,X,X,X
TILOJSZ,X,O,X,X,X
TILOJZS,X,X,X,X,X
TILOSJZ,X,O,X,X,X
TILOSZJ,X,X,X,X,X
TILOZJS,X,X,X,X,X
TILOZSJ,X,X,X,X,X
TIJLSZO,X,X,X,X,X
TIJLSOZ,X,X,O,X,X
TIJLZSO,X,X,X,X,X
TIJLZOS,X,X,X,X,X
TIJLOSZ,X,O,O,X,X
TIJLOZS,X,X,X,X,X
TIJSLZO,X,X,X,X,X
TIJSLOZ,X,X,O,X,X
TIJSZLO,X,X,X,X,X
TIJSZOL,X,X,X,X,X
TIJSOLZ,X,X,O,X,X
TIJSOZL,X,X,X,X,X
TIJZLSO,X,X,X,X,X
TIJZLOS,X,X,X,X,X
TIJZSLO,X,X,X,X,X
TIJZSOL,X,X,X,X,X
TIJZOLS,X,X,X,X,X
TIJZOSL,X,X,X,X,X
TIJOLSZ,X,O,O,X,X
TIJOLZS,X,X,X,X,X
TIJOSLZ,X,O,O,X,X
TIJOSZL,X,X,X,X,X
TIJOZLS,X,X,X,X,X
TIJOZSL,X,X,X,X,X
TISLJZO,X,X,X,X,X
TISLJOZ,X,X,O,X,X
TISLZJO,X,X,X,X,X
TISLZOJ,X,X,X,X,X
TISLOJZ,X,X,X,X,X
TISLOZJ,X,X,X,X,X
TISJLZO,X,X,X,X,X
TISJLOZ,X,X,O,X,X
TISJZLO,X,X,X,X,X
TISJZOL,X,X,X,X,X
TISJOLZ,X,X,O,X,X
TISJOZL,X,X,X,X,X
TISZLJO,X,X,X,X,X
TISZLOJ,X,X,X,X,X
TISZJLO,X,X,X,X,X
TISZJOL,X,X,X,X,X
TISZOLJ,X,X,X,X,X
TISZOJL,X,X,X,X,X
TISOLJZ,X,X,X,X,X
TISOLZJ,X,X,X,X,X
TISOJLZ,X,X,X,X,X
TISOJZL,X,X,X,X,X
TISOZLJ,X,X,X,X,X
TISOZJL,X,X,X,X,X
TIZLJSO,X,X,X,X,X
TIZLJOS,X,X,X,X,X
TIZLSJO,X,X,X,X,X
TIZLSOJ,X,X,X,X,X
TIZLOJS,X,X,X,X,X
TIZLOSJ,X,X,X,X,X
TIZJLSO,X,X,X,X,X
TIZJLOS,X,X,X,X,X
TIZJSLO,X,X,X,X,X
TIZJSOL,X,X,X,X,X
TIZJOLS,X,X,X,X,X
TIZJOSL,X,X,X,X,X
TIZSLJO,X,X,X,X,X
TIZSLOJ,X,X,X,X,X
TIZSJLO,X,X,X,X,X
TIZSJOL,X,X,X,X,X
TIZSOLJ,X,X,X,X,X
TIZSOJL,X,X,X,X,X
TIZOLJS,X,X,X,X,X
TIZOLSJ,X,X,X,X,X
TIZOJLS,X,X,X,X,X
TIZOJSL,X,X,X,X,X
TIZOSLJ,X,X,X,X,X
TIZOSJL,X,X,X,X,X
TIOLJSZ,X,O,X,X,X
TIOLJZS,X,X,X,X,X
TIOLSJZ,X,O,X,X,X
TIOLSZJ,X,X,X,X,X
TIOLZJS,X,X,X,X,X
TIOLZSJ,X,X,X,X,X
TIOJLSZ,X,O,X,X,X
TIOJLZS,X,X,X,X,X
TIOJSLZ,X,O,X,X,X
TIOJSZL,X,X,X,X,X
TIOJZLS,X,X,X,X,X
TIOJZSL,X,X,X,X,X
TIOSLJZ,X,O,X,X,X
TIOSLZJ,X,X,X,X,X
TIOSJLZ,X,O,X,X,X
TIOSJZL,X,X,X,X,X
TIOSZLJ,X,X,X,X,X
TIOSZJL,X,X,X,X,X
TIOZLJS,X,X,X,X,X
TIOZLSJ,X,X,X,X,X
TIOZJLS,X,X,X,X,X
TIOZJSL,X,X,X,X,X
TIOZSLJ,X,X,X,X,X
TIOZSJL,X,X,X,X,X
TLIJSZO,X,X,X,X,O
TLIJSOZ,X,X,O,X,X
TLIJZSO,X,X,X,X,X
TLIJZOS,X,X,X,X,X
TLIJOSZ,X,O,O,X,X
TLIJOZS,X,X,X,X,X
TLISJZO,X,X,X,X,O
TLISJOZ,X,X,O,X,X
TLISZJO,X,X,X,X,O
TLISZOJ,X,X,X,X,X
TLISOJZ,X,X,X,X,X
TLISOZJ,X,X,X,X,X
TLIZJSO,X,X,X,X,X
TLIZJOS,X,X,X,X,X
TLIZSJO,X,X,X,X,X
TLIZSOJ,X,X,X,X,X
TLIZOJS,X,X,X,X,X
TLIZOSJ,X,X,X,X,X
TLIOJSZ,X,O,X,X,X
TLIOJZS,X,X,X,X,X
TLIOSJZ,X,O,X,X,X
TLIOSZJ,X,X,X,X,X
TLIOZJS,X,X,X,X,X
TLIOZSJ,X,X,X,X,X
TLJISZO,X,X,X,X,O
TLJISOZ,X,X,O,X,X
TLJIZSO,X,X,X,X,X
TLJIZOS,X,X,X,X,X
TLJIOSZ,X,O,O,X,X
TLJIOZS,X,X,X,X,X
TLJSIZO,X,X,X,X,O
TLJSIOZ,X,X,O,X,X
TLJSZIO,X,X,X,X,O
TLJSZOI,X,X,X,X,O
TLJSOIZ,X,X,O,X,O
TLJSOZI,X,X,O,X,O
TLJZISO,X,X,X,X,X
TLJZIOS,X,X,X,X,X
TLJZSIO,X,X,X,X,X
TLJZSOI,X,X,X,X,X
TLJZOIS,X,X,X,X,X
TLJZOSI,X,X,X,X,X
TLJOISZ,X,O,O,X,O
TLJOIZS,X,X,X,X,X
TLJOSIZ,X,O,O,X,O
TLJOSZI,X,O,O,X,O
TLJOZIS,X,X,X,X,X
TLJOZSI,X,X,X,X,X
TLSIJZO,X,X,X,X,O
TLSIJOZ,X,X,O,X,X
TLSIZJO,X,X,X,X,O
TLSIZOJ,X,X,X,X,X
TLSIOJZ,X,X,X,X,X
TLSIOZJ,X,X,X,X,X
TLSJIZO,X,X,X,X,O
TLSJIOZ,X,X,O,X,X
TLSJZIO,X,X,X,X,O
TLSJZOI,X,X,X,X,O
TLSJOIZ,X,X,O,X,O
TLSJOZI,X,X,O,X,O
TLSZIJO,X,X,X,X,O
TLSZIOJ,X,X,X,X,X
TLSZJIO,X,X,X,X,O
TLSZJOI,X,X,X,X,O
TLSZOIJ,X,X,X,X,O
TLSZOJI,X,X,X,X,O
TLSOIJZ,X,X,X,X,O
TLSOIZJ,X,X,X,X,O
TLSOJIZ,X,X,X,X,O
TLSOJZI,X,X,X,X,O
TLSOZIJ,X,X,X,X,O
TLSOZJI,X,X,X,X,O
TLZIJSO,X,X,X,X,X
TLZIJOS,X,X,X,X,X
TLZISJO,X,X,X,X,X
TLZISOJ,X,X,X,X,X
TLZIOJS,X,X,X,X,X
TLZIOSJ,X,X,X,X,X
TLZJISO,X,X,X,X,X
TLZJIOS,X,X,X,X,X
TLZJSIO,X,X,X,X,X
TLZJSOI,X,X,X,X,X
TLZJOIS,X,X,X,X,X
TLZJOSI,X,X,X,X,X
TLZSIJO,X,X,X,X,X
TLZSIOJ,X,X,X,X,X
TLZSJIO,X,X,X,X,X
TLZSJOI,X,X,X,X,X
TLZSOIJ,X,X,X,X,X
TLZSOJI,X,X,X,X,X
TLZOIJS,X,X,X,X,X
TLZOISJ,X,X,X,X,X
TLZOJIS,X,X,X,X,X
TLZOJSI,X,X,X,X,X
TLZOSIJ,X,X,X,X,X
TLZOSJI,X,X,X,X,X
TLOIJSZ,X,O,X,X,O
TLOIJZS,X,X,X,X,X
TLOISJZ,X,O,X,X,O
TLOISZJ,X,X,X,X,O
TLOIZJS,X,X,X,X,X
TLOIZSJ,X,X,X,X,X
TLOJISZ,X,O,X,X,O
TLOJIZS,X,X,X,X,X
TLOJSIZ,X,O,X,X,O
TLOJSZI,X,O,X,X,O
TLOJZIS,X,X,X,X,X
TLOJZSI,X,X,X,X,X
TLOSIJZ,X,O,X,X,O
TLOSIZJ,X,X,X,X,O
TLOSJIZ,X,O,X,X,O
TLOSJZI,X,O,X,X,O
TLOSZIJ,X,X,X,X,O
TLOSZJI,X,X,X,X,O
TLOZIJS,X,X,X,X,X
TLOZISJ,X,X,X,X,X
TLOZJIS,X,X,X,X,X
TLOZJSI,X,X,X,X,X
TLOZSIJ,X,X,X,X,X
TLOZSJI,X,X,X,X,X
TJILSZO,X,X,X,X,X
TJILSOZ,X,X,O,X,X
TJILZSO,X,X,X,X,X
TJILZOS,X,X,X,X,X
TJILOSZ,X,O,O,X,X
TJILOZS,X,X,X,X,X
TJISLZO,X,X,X,X,X
TJISLOZ,X,X,O,X,X
TJISZLO,X,X,X,X,X
TJISZOL,X,X,X,X,X
TJISOLZ,X,X,O,X,X
TJISOZL,X,X,X,X,X
TJIZLSO,X,X,X,X,X
TJIZLOS,X,X,X,X,X
TJIZSLO,X,X,X,X,X
TJIZSOL,X,X,X,X,X
TJIZOLS,X,X,X,X,X
TJIZOSL,X,X,X,X,X
TJIOLSZ,X,O,O,X,X
TJIOLZS,X,X,X,X,X
TJIOSLZ,X,O,O,X,X
TJIOSZL,X,X,X,X,X
TJIOZLS,X,X,X,X,X
TJIOZSL,X,X,X,X,X
TJLISZO,X,X,X,X,O
TJLISOZ,X,X,O,X,X
TJLIZSO,X,X,X,X,X
TJLIZOS,X,X,X,X,X
TJLIOSZ,X,O,O,X,X
TJLIOZS,X,X,X,X,X
TJLSIZO,X,X,X,X,O
TJLSIOZ,X,X,O,X,X
TJLSZIO,X,X,X,X,O
TJLSZOI,X,X,X,X,O
TJLSOIZ,X,X,O,X,O
TJLSOZI,X,X,O,X,O
TJLZISO,X,X,X,X,X
TJLZIOS,X,X,X,X,X
TJLZSIO,X,X,X,X,X
TJLZSOI,X,X,X,X,X
TJLZOIS,X,X,X,X,X
TJLZOSI,X,X,X,X,X
TJLOISZ,X,O,O,X,O
TJLOIZS,X,X,X,X,X
TJLOSIZ,X,O,O,X,O
TJLOSZI,X,O,O,X,O
TJLOZIS,X,X,X,X,X
TJLOZSI,X,X,X,X,X
TJSILZO,X,X,X,X,X
TJSILOZ,X,X,O,X,X
TJSIZLO,X,X,X,X,X
TJSIZOL,X,X,X,X,X
TJSIOLZ,X,X,O,X,X
TJSIOZL,X,X,X,X,X
TJSLIZO,X,X,X,X,O
TJSLIOZ,X,X,O,X,X
TJSLZIO,X,X,X,X,O
TJSLZOI,X,X,X,X,O
TJSLOIZ,X,X,O,X,O
TJSLOZI,X,X,O,X,O
TJSZILO,X,X,X,X,O
TJSZIOL,X,X,X,X,O
TJSZLIO,X,X,X,X,O
TJSZLOI,X,X,X,X,O
TJSZOIL,X,X,X,X,O
TJSZOLI,X,X,X,X,O
TJSOILZ,X,X,O,X,O
TJSOIZL,X,X,X,X,O
TJSOLIZ,X,X,O,X,O
TJSOLZI,X,X,O,X,O
TJSOZIL,X,X,X,X,O
TJSOZLI,X,X,X,X,O
TJZILSO,X,X,X,X,X
TJZILOS,X,X,X,X,X
TJZISLO,X,X,X,X,X
TJZISOL,X,X,X,X,X
TJZIOLS,X,X,X,X,X
TJZIOSL,X,X,X,X,X
TJZLISO,X,X,X,X,X
TJZLIOS,X,X,X,X,X
TJZLSIO,X,X,X,X,X
TJZLSOI,X,X,X,X,X
TJZLOIS,X,X,X,X,X
TJZLOSI,X,X,X,X,X
TJZSILO,X,X,X,X,X
TJZSIOL,X,X,X,X,X
TJZSLIO,X,X,X,X,X
TJZSLOI,X,X,X,X,X
TJZSOIL,X,X,X,X,X
TJZSOLI,X,X,X,X,X
TJZOILS,X,X,X,X,X
TJZOISL,X,X,X,X,X
TJZOLIS,X,X,X,X,X
TJZOLSI,X,X,X,X,X
TJZOSIL,X,X,X,X,X
TJZOSLI,X,X,X,X,X
TJOILSZ,X,O,O,X,O
TJOILZS,X,X,X,X,X
TJOISLZ,X,O,O,X,O
TJOISZL,X,X,X,X,O
TJOIZLS,X,X,X,X,X
TJOIZSL,X,X,X,X,X
TJOLISZ,X,O,O,X,O
TJOLIZS,X,X,X,X,X
TJOLSIZ,X,O,O,X,O
TJOLSZI,X,O,O,X,O
TJOLZIS,X,X,X,X,X
TJOLZSI,X,X,X,X,X
TJOSILZ,X,O,O,X,O
TJOSIZL,X,X,X,X,O
TJOSLIZ,X,O,O,X,O
TJOSLZI,X,O,O,X,O
TJOSZIL,X,X,X,X,O
TJOSZLI,X,X,X,X,O
TJOZILS,X,X,X,X,X
TJOZISL,X,X,X,X,X
TJOZLIS,X,X,X,X,X
TJOZLSI,X,X,X,X,X
TJOZSIL,X,X,X,X,X
TJOZSLI,X,X,X,X,X
TSILJZO,X,X,X,X,X
TSILJOZ,X,X,O,X,X
TSILZJO,X,X,X,X,X
TSILZOJ,X,X,X,X,X
TSILOJZ,X,X,X,X,X
TSILOZJ,X,X,X,X,X
TSIJLZO,X,X,X,X,X
TSIJLOZ,X,X,O,X,X
TSIJZLO,X,X,X,X,X
TSIJZOL,X,X,X,X,X
TSIJOLZ,X,X,O,X,X
TSIJOZL,X,X,X,X,X
TSIZLJO,X,X,X,X,X
TSIZLOJ,X,X,X,X,X
TSIZJLO,X,X,X,X,X
TSIZJOL,X,X,X,X,X
TSIZOLJ,X,X,X,X,X
TSIZOJL,X,X,X,X,X
TSIOLJZ,X,X,X,X,X
TSIOLZJ,X,X,X,X,X
TSIOJLZ,X,X,X,X,X
TSIOJZL,X,X,X,X,X
TSIOZLJ,X,X,X,X,X
TSIOZJL,X,X,X,X,X
TSLIJZO,X,X,X,X,O
TSLIJOZ,X,X,O,X,X
TSLIZJO,X,X,X,X,O
TSLIZOJ,X,X,X,X,X
TSLIOJZ,X,X,X,X,X
TSLIOZJ,X,X,X,X,X
TSLJIZO,X,X,X,X,O
TSLJIOZ,X,X,O,X,X
TSLJZIO,X,X,X,X,O
TSLJZOI,X,X,X,X,O
TSLJOIZ,X,X,O,X,O
TSLJOZI,X,X,O,X,O
TSLZIJO,X,X,X,X,O
TSLZIOJ,X,X,X,X,X
TSLZJIO,X,X,X,X,O
TSLZJOI,X,X,X,X,O
TSLZOIJ,X,X,X,X,O
TSLZOJI,X,X,X,X,O
TSLOIJZ,X,X,X,X,O
TSLOIZJ,X,X,X,X,O
TSLOJIZ,X,X,X,X,O
TSLOJZI,X,X,X,X,O
TSLOZIJ,X,X,X,X,O
TSLOZJI,X,X,X,X,O
TSJILZO,X,X,X,X,X
TSJILOZ,X,X,O,X,X
TSJIZLO,X,X,X,X,X
TSJIZOL,X,X,X,X,X
TSJIOLZ,X,X,O,X,X
TSJIOZL,X,X,X,X,X
TSJLIZO,X,X,X,X,O
TSJLIOZ,X,X,O,X,X
TSJLZIO,X,X,X,X,O
TSJLZOI,X,X,X,X,O
TSJLOIZ,X,X,O,X,O
TSJLOZI,X,X,O,X,O
TSJZILO,X,X,X,X,O
TSJZIOL,X,X,X,X,O
TSJZLIO,X,X,X,X,O
TSJZLOI,X,X,X,X,O
TSJZOIL,X,X,X,X,O
TSJZOLI,X,X,X,X,O
TSJOILZ,X,X,O,X,O
TSJOIZL,X,X,X,X,O
TSJOLIZ,X,X,O,X,O
TSJOLZI,X,X,O,X,O
TSJOZIL,X,X,X,X,O
TSJOZLI,X,X,X,X,O
TSZILJO,X,X,X,X,X
TSZILOJ,X,X,X,X,X
TSZIJLO,X,X,X,X,O
TSZIJOL,X,X,X,X,O
TSZIOLJ,X,X,X,X,X
TSZIOJL,X,X,X,X,X
TSZLIJO,X,X,X,X,O
TSZLIOJ,X,X,X,X,X
TSZLJIO,X,X,X,X,O
TSZLJOI,X,X,X,X,O
TSZLOIJ,X,X,X,X,O
TSZLOJI,X,X,X,X,O
TSZJILO,X,X,X,X,O
TSZJIOL,X,X,X,X,O
TSZJLIO,X,X,X,X,O
TSZJLOI,X,X,X,X,O
TSZJOIL,X,X,X,X,O
TSZJOLI,X,X,X,X,O
TSZOILJ,X,X,X,X,X
TSZOIJL,X,X,X,X,O
TSZOLIJ,X,X,X,X,O
TSZOLJI,X,X,X,X,O
TSZOJIL,X,X,X,X,O
TSZOJLI,X,X,X,X,O
TSOILJZ,X,X,X,X,O
TSOILZJ,X,X,X,X,O
TSOIJLZ,X,X,X,X,O
TSOIJZL,X,X,X,X,O
TSOIZLJ,X,X,X,X,X
TSOIZJL,X,X,X,X,O
TSOLIJZ,X,X,X,X,O
TSOLIZJ,X,X,X,X,O
TSOLJIZ,X,X,X,X,O
TSOLJZI,X,X,X,X,O
TSOLZIJ,X,X,X,X,O
TSOLZJI,X,X,X,X,O
TSOJILZ,X,X,X,X,O
TSOJIZL,X,X,X,X,O
TSOJLIZ,X,X,X,X,O
TSOJLZI,X,X,X,X,O
TSOJZIL,X,X,X,X,O
TSOJZLI,X,X,X,X,O
TSOZILJ,X,X,X,X,X
TSOZIJL,X,X,X,X,O
TSOZLIJ,X,X,X,X,O
TSOZLJI,X,X,X,X,O
TSOZJIL,X,X,X,X,O
TSOZJLI,X,X,X,X,O
TZILJSO,X,X,X,X,X
TZILJOS,X,X,X,X,X
TZILSJO,X,X,X,X,X
TZILSOJ,X,X,X,X,X
TZILOJS,X,X,X,X,X
TZILOSJ,X,X,X,X,X
TZIJLSO,X,X,X,X,X
TZIJLOS,X,X,X,X,X
TZIJSLO,X,X,X,X,X
TZIJSOL,X,X,X,X,X
TZIJOLS,X,X,X,X,X
TZIJOSL,X,X,X,X,X
TZISLJO,X,X,X,X,X
TZISLOJ,X,X,X,X,X
TZISJLO,X,X,X,X,X
TZISJOL,X,X,X,X,X
TZISOLJ,X,X,X,X,X
TZISOJL,X,X,X,X,X
TZIOLJS,X,X,X,X,X
TZIOLSJ,X,X,X,X,X
TZIOJLS,X,X,X,X,X
TZIOJSL,X,X,X,X,X
TZIOSLJ,X,X,X,X,X
TZIOSJL,X,X,X,X,X
TZLIJSO,X,X,X,X,X
TZLIJOS,X,X,X,X,X
TZLISJO,X,X,X,X,X
TZLISOJ,X,X,X,X,X
TZLIOJS,X,X,X,X,X
TZLIOSJ,X,X,X,X,X
TZLJISO,X,X,X,X,X
TZLJIOS,X,X,X,X,X
TZLJSIO,X,X,X,X,X
TZLJSOI,X,X,X,X,X
TZLJOIS,X,X,X,X,X
TZLJOSI,X,X,X,X,X
TZLSIJO,X,X,X,X,X
TZLSIOJ,X,X,X,X,X
TZLSJIO,X,X,X,X,X
TZLSJOI,X,X,X,X,X
TZLSOIJ,X,X,X,X,X
TZLSOJI,X,X,X,X,X
TZLOIJS,X,X,X,X,X
TZLOISJ,X,X,X,X,X
TZLOJIS,X,X,X,X,X
TZLOJSI,X,X,X,X,X
TZLOSIJ,X,X,X,X,X
TZLOSJI,X,X,X,X,X
TZJILSO,X,X,X,X,X
TZJILOS,X,X,X,X,X
TZJISLO,X,X,X,X,X
TZJISOL,X,X,X,X,X
TZJIOLS,X,X,X,X,X
TZJIOSL,X,X,X,X,X
TZJLISO,X,X,X,X,X
TZJLIOS,X,X,X,X,X
TZJLSIO,X,X,X,X,X
TZJLSOI,X,X,X,X,X
TZJLOIS,X,X,X,X,X
TZJLOSI,X,X,X,X,X
TZJSILO,X,X,X,X,X
TZJSIOL,X,X,X,X,X
TZJSLIO,X,X,X,X,X
TZJSLOI,X,X,X,X,X
TZJSOIL,X,X,X,X,X
TZJSOLI,X,X,X,X,X
TZJOILS,X,X,X,X,X
TZJOISL,X,X,X,X,X
TZJOLIS,X,X,X,X,X
TZJOLSI,X,X,X,X,X
TZJOSIL,X,X,X,X,X
TZJOSLI,X,X,X,X,X
TZSILJO,X,X,X,X,X
TZSILOJ,X,X,X,X,X
TZSIJLO,X,X,X,X,X
TZSIJOL,X,X,X,X,X
TZSIOLJ,X,X,X,X,X
TZSIOJL,X,X,X,X,X
TZSLIJO,X,X,X,X,X
TZSLIOJ,X,X,X,X,X
TZSLJIO,X,X,X,X,X
TZSLJOI,X,X,X,X,X
TZSLOIJ,X,X,X,X,X
TZSLOJI,X,X,X,X,X
TZSJILO,X,X,X,X,X
TZSJIOL,X,X,X,X,X
TZSJLIO,X,X,X,X,X
TZSJLOI,X,X,X,X,X
TZSJOIL,X,X,X,X,X
TZSJOLI,X,X,X,X,X
TZSOILJ,X,X,X,X,X
TZSOIJL,X,X,X,X,X
TZSOLIJ,X,X,X,X,X
TZSOLJI,X,X,X,X,X
TZSOJIL,X,X,X,X,X
TZSOJLI,X,X,X,X,X
TZOILJS,X,X,X,X,X
TZOILSJ,X,X,X,X,X
TZOIJLS,X,X,X,X,X
TZOIJSL,X,X,X,X,X
TZOISLJ,X,X,X,X,X
TZOISJL,X,X,X,X,X
TZOLIJS,X,X,X,X,X
TZOLISJ,X,X,X,X,X
TZOLJIS,X,X,X,X,X
TZOLJSI,X,X,X,X,X
TZOLSIJ,X,X,X,X,X
TZOLSJI,X,X,X,X,X
TZOJILS,X,X,X,X,X
TZOJISL,X,X,X,X,X
TZOJLIS,X,X,X,X,X
TZOJLSI,X,X,X,X,X
TZOJSIL,X,X,X,X,X
TZOJSLI,X,X,X,X,X
TZOSILJ,X,X,X,X,X
TZOSIJL,X,X,X,X,X
TZOSLIJ,X,X,X,X,X
TZOSLJI,X,X,X,X,X
TZOSJIL,X,X,X,X,X
TZOSJLI,X,X,X,X,X
TOILJSZ,X,O,X,X,O
TOILJZS,X,X,X,X,X
TOILSJZ,X,O,X,X,O
TOILSZJ,X,X,X,X,O
TOILZJS,X,X,X,X,X
TOILZSJ,X,X,X,X,X
TOIJLSZ,X,O,X,X,O
TOIJLZS,X,X,X,X,X
TOIJSLZ,X,O,X,X,O
TOIJSZL,X,X,X,X,O
TOIJZLS,X,X,X,X,X
TOIJZSL,X,X,X,X,X
TOISLJZ,X,O,X,X,O
TOISLZJ,X,X,X,X,O
TOISJLZ,X,O,X,X,O
TOISJZL,X,X,X,X,O
TOISZLJ,X,X,X,X,X
TOISZJL,X,X,X,X,O
TOIZLJS,X,X,X,X,X
TOIZLSJ,X,X,X,X,X
TOIZJLS,X,X,X,X,X
TOIZJSL,X,X,X,X,X
TOIZSLJ,X,X,X,X,X
TOIZSJL,X,X,X,X,X
TOLIJSZ,X,O,X,X,O
TOLIJZS,X,X,X,X,X
TOLISJZ,X,O,X,X,O
TOLISZJ,X,X,X,X,O
TOLIZJS,X,X,X,X,X
TOLIZSJ,X,X,X,X,X
TOLJISZ,X,O,X,X,O
TOLJIZS,X,X,X,X,X
TOLJSIZ,X,O,X,X,O
TOLJSZI,X,O,X,X,O
TOLJZIS,X,X,X,X,X
TOLJZSI,X,X,X,X,X
TOLSIJZ,X,O,X,X,O
TOLSIZJ,X,X,X,X,O
TOLSJIZ,X,O,X,X,O
TOLSJZI,X,O,X,X,O
TOLSZIJ,X,X,X,X,O
TOLSZJI,X,X,X,X,O
TOLZIJS,X,X,X,X,X
TOLZISJ,X,X,X,X,X
TOLZJIS,X,X,X,X,X
TOLZJSI,X,X,X,X,X
TOLZSIJ,X,X,X,X,X
TOLZSJI,X,X,X,X,X
TOJILSZ,X,O,X,X,O
TOJILZS,X,X,X,X,X
TOJISLZ,X,O,X,X,O
TOJISZL,X,X,X,X,O
TOJIZLS,X,X,X,X,X
TOJIZSL,X,X,X,X,X
TOJLISZ,X,O,X,X,O
TOJLIZS,X,X,X,X,X
TOJLSIZ,X,O,X,X,O
TOJLSZI,X,O,X,X,O
TOJLZIS,X,X,X,X,X
TOJLZSI,X,X,X,X,X
TOJSILZ,X,O,X,X,O
TOJSIZL,X,X,X,X,O
TOJSLIZ,X,O,X,X,O
TOJSLZI,X,O,X,X,O
TOJSZIL,X,X,X,X,O
TOJSZLI,X,X,X,X,O
TOJZILS,X,X,X,X,X
TOJZISL,X,X,X,X,X
TOJZLIS,X,X,X,X,X
TOJZLSI,X,X,X,X,X
TOJZSIL,X,X,X,X,X
TOJZSLI,X,X,X,X,X
TOSILJZ,X,O,X,X,O
TOSILZJ,X,X,X,X,O
TOSIJLZ,X,O,X,X,O
TOSIJZL,X,X,X,X,O
TOSIZLJ,X,X,X,X,X
TOSIZJL,X,X,X,X,O
TOSLIJZ,X,O,X,X,O
TOSLIZJ,X,X,X,X,O
TOSLJIZ,X,O,X,X,O
TOSLJZI,X,O,X,X,O
TOSLZIJ,X,X,X,X,O
TOSLZJI,X,X,X,X,O
TOSJILZ,X,O,X,X,O
TOSJIZL,X,X,X,X,O
TOSJLIZ,X,O,X,X,O
TOSJLZI,X,O,X,X,O
TOSJZIL,X,X,X,X,O
TOSJZLI,X,X,X,X,O
TOSZILJ,X,X,X,X,X
TOSZIJL,X,X,X,X,O
TOSZLIJ,X,X,X,X,O
TOSZLJI,X,X,X,X,O
TOSZJIL,X,X,X,X,O
TOSZJLI,X,X,X,X,O
TOZILJS,X,X,X,X,X
TOZILSJ,X,X,X,X,X
TOZIJLS,X,X,X,X,X
TOZIJSL,X,X,X,X,X
TOZISLJ,X,X,X,X,X
TOZISJL,X,X,X,X,X
TOZLIJS,X,X,X,X,X
TOZLISJ,X,X,X,X,X
TOZLJIS,X,X,X,X,X
TOZLJSI,X,X,X,X,X
TOZLSIJ,X,X,X,X,X
TOZLSJI,X,X,X,X,X
TOZJILS,X,X,X,X,X
TOZJISL,X,X,X,X,X
TOZJLIS,X,X,X,X,X
TOZJLSI,X,X,X,X,X
TOZJSIL,X,X,X,X,X
TOZJSLI,X,X,X,X,X
TOZSILJ,X,X,X,X,X
TOZSIJL,X,X,X,X,X
TOZSLIJ,X,X,X,X,X
TOZSLJI,X,X,X,X,X
TOZSJIL,X,X,X,X,X
TOZSJLI,X,X,X,X,X
ITLJSZO,X,X,X,X,X
ITLJSOZ,X,X,O,X,X
ITLJZSO,X,X,X,X,X
ITLJZOS,X,X,X,X,X
ITLJOSZ,X,O,O,X,X
ITLJOZS,X,X,X,X,X
ITLSJZO,X,X,X,X,X
ITLSJOZ,X,X,O,X,X
ITLSZJO,X,X,X,X,X
ITLSZOJ,X,X,X,X,X
ITLSOJZ,X,X,X,X,X
ITLSOZJ,X,X,X,X,X
ITLZJSO,X,X,X,X,X
ITLZJOS,X,X,X,X,X
ITLZSJO,X,X,X,X,X
ITLZSOJ,X,X,X,X,X
ITLZOJS,X,X,X,X,X
ITLZOSJ,X,X,X,X,X
ITLOJSZ,X,O,X,X,X
ITLOJZS,X,X,X,X,X
ITLOSJZ,X,O,X,X,X
ITLOSZJ,X,X,X,X,X
ITLOZJS,X,X,X,X,X
ITLOZSJ,X,X,X,X,X
ITJLSZO,X,X,X,X,X
ITJLSOZ,X,X,O,X,X
ITJLZSO,X,X,X,X,X
ITJLZOS,X,X,X,X,X
ITJLOSZ,X,O,O,X,X
ITJLOZS,X,X,X,X,X
ITJSLZO,X,X,X,X,X
ITJSLOZ,X,X,O,X,X
ITJSZLO,X,X,X,X,X
ITJSZOL,X,X,X,X,X
ITJSOLZ,X,X,O,X,X
ITJSOZL,X,X,X,X,X
ITJZLSO,X,X,X,X,X
ITJZLOS,X,X,X,X,X
ITJZSLO,X,X,X,X,X
ITJZSOL,X,X,X,X,X
ITJZOLS,X,X,X,X,X
ITJZOSL,X,X,X,X,X
ITJOLSZ,X,O,O,X,X
ITJOLZS,X,X,X,X,X
ITJOSLZ,X,O,O,X,X
ITJOSZL,X,X,X,X,X
ITJOZLS,X,X,X,X,X
ITJOZSL,X,X,X,X,X
ITSLJZO,X,X,X,X,X
ITSLJOZ,X,X,O,X,X
ITSLZJO,X,X,X,X,X
ITSLZOJ,X,X,X,X,X
ITSLOJZ,X,X,X,X,X
ITSLOZJ,X,X,X,X,X
ITSJLZO,X,X,X,X,X
ITSJLOZ,X,X,O,X,X
ITSJZLO,X,X,X,X,X
ITSJZOL,X,X,X,X,X
ITSJOLZ,X,X,O,X,X
ITSJOZL,X,X,X,X,X
ITSZLJO,X,X,X,X,X
ITSZLOJ,X,X,X,X,X
ITSZJLO,X,X,X,X,X
ITSZJOL,X,X,X,X,X
ITSZOLJ,X,X,X,X,X
ITSZOJL,X,X,X,X,X
ITSOLJZ,X,X,X,X,X
ITSOLZJ,X,X,X,X,X
ITSOJLZ,X,X,X,X,X
ITSOJZL,X,X,X,X,X
ITSOZLJ,X,X,X,X,X
ITSOZJL,X,X,X,X,X
ITZLJSO,X,X,X,X,X
ITZLJOS,X,X,X,X,X
ITZLSJO,X,X,X,X,X
ITZLSOJ,X,X,X,X,X
ITZLOJS,X,X,X,X,X
ITZLOSJ,X,X,X,X,X
ITZJLSO,X,X,X,X,X
ITZJLOS,X,X,X,X,X
ITZJSLO,X,X,X,X,X
ITZJSOL,X,X,X,X,X
ITZJOLS,X,X,X,X,X
ITZJOSL,X,X,X,X,X
ITZSLJO,X,X,X,X,X
ITZSLOJ,X,X,X,X,X
ITZSJLO,X,X,X,X,X
ITZSJOL,X,X,X,X,X
ITZSOLJ,X,X,X,X,X
ITZSOJL,X,X,X,X,X
ITZOLJS,X,X,X,X,X
ITZOLSJ,X,X,X,X,X
ITZOJLS,X,X,X,X,X
ITZOJSL,X,X,X,X,X
ITZOSLJ,X,X,X,X,X
ITZOSJL,X,X,X,X,X
ITOLJSZ,X,O,X,X,X
ITOLJZS,X,X,X,X,X
ITOLSJZ,X,O,X,X,X
ITOLSZJ,X,X,X,X,X
ITOLZJS,X,X,X,X,X
ITOLZSJ,X,X,X,X,X
ITOJLSZ,X,O,X,X,X
ITOJLZS,X,X,X,X,X
ITOJSLZ,X,O,X,X,X
ITOJSZL,X,X,X,X,X
ITOJZLS,X,X,X,X,X
ITOJZSL,X,X,X,X,X
ITOSLJZ,X,O,X,X,X
ITOSLZJ,X,X,X,X,X
ITOSJLZ,X,O,X,X,X
ITOSJZL,X,X,X,X,X
ITOSZLJ,X,X,X,X,X
ITOSZJL,X,X,X,X,X
ITOZLJS,X,X,X,X,X
ITOZLSJ,X,X,X,X,X
ITOZJLS,X,X,X,X,X
ITOZJSL,X,X,X,X,X
ITOZSLJ,X,X,X,X,X
ITOZSJL,X,X,X,X,X
ILTJSZO,X,X,X,X,X
ILTJSOZ,X,X,O,X,X
ILTJZSO,X,X,X,X,X
ILTJZOS,X,X,X,X,X
ILTJOSZ,X,O,O,X,X
ILTJOZS,X,X,X,X,X
ILTSJZO,X,X,X,X,X
ILTSJOZ,X,X,O,X,X
ILTSZJO,X,X,X,X,X
ILTSZOJ,X,X,X,X,X
ILTSOJZ,X,X,X,X,X
ILTSOZJ,X,X,X,X,X
ILTZJSO,X,X,X,X,X
ILTZJOS,X,X,X,X,X
ILTZSJO,X,X,X,X,X
ILTZSOJ,X,X,X,X,X
ILTZOJS,X,X,X,X,X
ILTZOSJ,X,X,X,X,X
ILTOJSZ,X,O,X,X,X
ILTOJZS,X,X,X,X,X
ILTOSJZ,X,O,X,X,X
ILTOSZJ,X,X,X,X,X
ILTOZJS,X,X,X,X,X
ILTOZSJ,X,X,X,X,X
ILJTSZO,X,X,X,X,X
ILJTSOZ,X,X,O,X,X
ILJTZSO,X,X,X,X,X
ILJTZOS,X,X,X,X,X
ILJTOSZ,X,O,O,X,X
ILJTOZS,X,X,X,X,X
ILJSTZO,X,X,X,X,X
ILJSTOZ,X,X,X,X,X
ILJSZTO,X,X,X,X,X
ILJSZOT,X,X,X,O,X
ILJSOTZ,X,X,X,X,X
ILJSOZT,X,X,O,X,X
ILJZTSO,X,X,X,X,X
ILJZTOS,X,X,X,X,X
ILJZSTO,X,X,X,X,X
ILJZSOT,X,X,X,X,X
ILJZOTS,X,X,X,X,X
ILJZOST,X,X,X,X,X
ILJOTSZ,X,O,O,X,X
ILJOTZS,X,X,X,X,X
ILJOSTZ,X,X,X,X,X
ILJOSZT,X,O,O,X,X
ILJOZTS,X,X,X,X,X
ILJOZST,X,X,X,X,X
ILSTJZO,X,X,X,X,X
ILSTJOZ,X,X,X,X,X
ILSTZJO,X,X,X,X,X
ILSTZOJ,X,X,X,X,X
ILSTOJZ,X,X,X,X,X
ILSTOZJ,X,X,X,X,X
ILSJTZO,X,X,X,X,X
ILSJTOZ,X,X,X,X,X
ILSJZTO,X,X,X,X,X
ILSJZOT,X,X,X,O,X
ILSJOTZ,X,X,X,X,X
ILSJOZT,X,X,O,X,X
ILSZTJO,X,X,X,X,X
ILSZTOJ,X,X,X,X,X
ILSZJTO,X,X,X,X,X
ILSZJOT,X,X,X,O,X
ILSZOTJ,X,X,X,X,X
ILSZOJT,X,X,X,O,X
ILSOTJZ,X,X,X,X,X
ILSOTZJ,X,X,X,X,X
ILSOJTZ,X,X,X,X,X
ILSOJZT,X,X,X,X,X
ILSOZTJ,X,X,X,X,X
ILSOZJT,X,X,X,X,X
ILZTJSO,X,X,X,X,X
ILZTJOS,X,X,X,X,X
ILZTSJO,X,X,X,X,X
ILZTSOJ,X,X,X,X,X
ILZTOJS,X,X,X,X,X
ILZTOSJ,X,X,X,X,X
ILZJTSO,X,X,X,X,X
ILZJTOS,X,X,X,X,X
ILZJSTO,X,X,X,X,X
ILZJSOT,X,X,X,X,X
ILZJOTS,X,X,X,X,X
ILZJOST,X,X,X,X,X
ILZSTJO,X,X,X,X,X
ILZSTOJ,X,X,X,X,X
ILZSJTO,X,X,X,X,X
ILZSJOT,X,X,X,X,X
ILZSOTJ,X,X,X,X,X
ILZSOJT,X,X,X,X,X
ILZOTJS,X,X,X,X,X
ILZOTSJ,X,X,X,X,X
ILZOJTS,X,X,X,X,X
ILZOJST,X,X,X,X,X
ILZOSTJ,X,X,X,X,X
ILZOSJT,X,X,X,X,X
ILOTJSZ,X,O,X,X,X
ILOTJZS,X,X,X,X,X
ILOTSJZ,X,O,X,X,X
ILOTSZJ,X,X,X,X,X
ILOTZJS,X,X,X,X,X
ILOTZSJ,X,X,X,X,X
ILOJTSZ,X,O,X,X,X
ILOJTZS,X,X,X,X,X
ILOJSTZ,X,X,X,X,X
ILOJSZT,X,O,X,X,X
ILOJZTS,X,X,X,X,X
ILOJZST,X,X,X,X,X
ILOSTJZ,X,X,X,X,X
ILOSTZJ,X,X,X,X,X
ILOSJTZ,X,X,X,X,X
ILOSJZT,X,O,X,X,X
ILOSZTJ,X,X,X,X,X
ILOSZJT,X,X,X,X,X
ILOZTJS,X,X,X,X,X
ILOZTSJ,X,X,X,X,X
ILOZJTS,X,X,X,X,X
ILOZJST,X,X,X,X,X
ILOZSTJ,X,X,X,X,X
ILOZSJT,X,X,X,X,X
IJTLSZO,X,X,X,X,X
IJTLSOZ,X,X,O,X,X
IJTLZSO,X,X,X,X,X
IJTLZOS,X,X,X,X,X
IJTLOSZ,X,O,O,X,X
IJTLOZS,X,X,X,X,X
IJTSLZO,X,X,X,X,X
IJTSLOZ,X,X,O,X,X
IJTSZLO,X,X,X,X,X
IJTSZOL,X,X,X,X,X
IJTSOLZ,X,X,O,X,X
IJTSOZL,X,X,X,X,X
IJTZLSO,X,X,X,X,X
IJTZLOS,X,X,X,X,X
IJTZSLO,X,X,X,X,X
IJTZSOL,X,X,X,X,X
IJTZOLS,X,X,X,X,X
IJTZOSL,X,X,X,X,X
IJTOLSZ,X,O,O,X,X
IJTOLZS,X,X,X,X,X
IJTOSLZ,X,O,O,X,X
IJTOSZL,X,X,X,X,X
IJTOZLS,X,X,X,X,X
IJTOZSL,X,X,X,X,X
IJLTSZO,X,X,X,X,X
IJLTSOZ,X,X,O,X,X
IJLTZSO,X,X,X,X,X
IJLTZOS,X,X,X,X,X
IJLTOSZ,X,O,O,X,X
IJLTOZS,X,X,X,X,X
IJLSTZO,X,X,X,X,X
IJLSTOZ,X,X,X,X,X
IJLSZTO,X,X,X,X,X
IJLSZOT,X,X,X,O,X
IJLSOTZ,X,X,X,X,X
IJLSOZT,X,X,O,X,X
IJLZTSO,X,X,X,X,X
IJLZTOS,X,X,X,X,X
IJLZSTO,X,X,X,X,X
IJLZSOT,X,X,X,X,X
IJLZOTS,X,X,X,X,X
IJLZOST,X,X,X,X,X
IJLOTSZ,X,O,O,X,X
IJLOTZS,X,X,X,X,X
IJLOSTZ,X,X,X,X,X
IJLOSZT,X,O,O,X,X
IJLOZTS,X,X,X,X,X
IJLOZST,X,X,X,X,X
IJSTLZO,X,X,X,X,X
IJSTLOZ,X,X,X,X,X
IJSTZLO,X,X,X,X,X
IJSTZOL,X,X,X,X,X
IJSTOLZ,X,X,X,X,X
IJSTOZL,X,X,X,X,X
IJSLTZO,X,X,X,X,X
IJSLTOZ,X,X,X,X,X
IJSLZTO,X,X,X,X,X
IJSLZOT,X,X,X,O,X
IJSLOTZ,X,X,X,X,X
IJSLOZT,X,X,O,X,X
IJSZTLO,X,X,X,X,X
IJSZTOL,X,X,X,X,X
IJSZLTO,X,X,X,X,X
IJSZLOT,X,X,X,O,X
IJSZOTL,X,X,X,X,X
IJSZOLT,X,X,X,O,X
IJSOTLZ,X,X,X,X,X
IJSOTZL,X,X,X,X,X
IJSOLTZ,X,X,X,X,X
IJSOLZT,X,X,O,X,X
IJSOZTL,X,X,X,X,X
IJSOZLT,X,X,X,X,X
IJZTLSO,X,X,X,X,X
IJZTLOS,X,X,X,X,X
IJZTSLO,X,X,X,X,X
IJZTSOL,X,X,X,X,X
IJZTOLS,X,X,X,X,X
IJZTOSL,X,X,X,X,X
IJZLTSO,X,X,X,X,X
IJZLTOS,X,X,X,X,X
IJZLSTO,X,X,X,X,X
IJZLSOT,X,X,X,X,X
IJZLOTS,X,X,X,X,X
IJZLOST,X,X,X,X,X
IJZSTLO,X,X,X,X,X
IJZSTOL,X,X,X,X,X
IJZSLTO,X,X,X,X,X
IJZSLOT,X,X,X,O,X
IJZSOTL,X,X,X,X,X
IJZSOLT,X,X,X,O,X
IJZOTLS,X,X,X,X,X
IJZOTSL,X,X,X,X,X
IJZOLTS,X,X,X,X,X
IJZOLST,X,X,X,X,X
IJZOSTL,X,X,X,X,X
IJZOSLT,X,X,X,O,X
IJOTLSZ,X,O,O,X,X
IJOTLZS,X,X,X,X,X
IJOTSLZ,X,O,O,X,X
IJOTSZL,X,X,X,X,X
IJOTZLS,X,X,X,X,X
IJOTZSL,X,X,X,X,X
IJOLTSZ,X,O,O,X,X
IJOLTZS,X,X,X,X,X
IJOLSTZ,X,X,X,X,X
IJOLSZT,X,O,O,X,X
IJOLZTS,X,X,X,X,X
IJOLZST,X,X,X,X,X
IJOSTLZ,X,X,X,X,X
IJOSTZL,X,X,X,X,X
IJOSLTZ,X,X,X,X,X
IJOSLZT,X,O,O,X,X
IJOSZTL,X,X,X,X,X
IJOSZLT,X,X,X,X,X
IJOZTLS,X,X,X,X,X
IJOZTSL,X,X,X,X,X
IJOZLTS,X,X,X,X,X
IJOZLST,X,X,X,X,X
IJOZSTL,X,X,X,X,X
IJOZSLT,X,X,X,X,X
ISTLJZO,X,X,X,X,X
ISTLJOZ,X,X,X,X,X
ISTLZJO,X,X,X,X,X
ISTLZOJ,X,X,X,X,X
ISTLOJZ,X,X,X,X,X
ISTLOZJ,X,X,X,X,X
ISTJLZO,X,X,X,X,X
ISTJLOZ,X,X,X,X,X
ISTJZLO,X,X,X,X,X
ISTJZOL,X,X,X,X,X
ISTJOLZ,X,X,X,X,X
ISTJOZL,X,X,X,X,X
ISTZLJO,X,X,X,X,X
ISTZLOJ,X,X,X,X,X
ISTZJLO,X,X,X,X,X
ISTZJOL,X,X,X,X,X
ISTZOLJ,X,X,X,X,X
ISTZOJL,X,X,X,X,X
ISTOLJZ,X,X,X,X,X
ISTOLZJ,X,X,X,X,X
ISTOJLZ,X,X,X,X,X
ISTOJZL,X,X,X,X,X
ISTOZLJ,X,X,X,X,X
ISTOZJL,X,X,X,X,X
ISLTJZO,X,X,X,X,X
ISLTJOZ,X,X,X,X,X
ISLTZJO,X,X,X,X,X
ISLTZOJ,X,X,X,X,X
ISLTOJZ,X,X,X,X,X
ISLTOZJ,X,X,X,X,X
ISLJTZO,X,X,X,X,X
ISLJTOZ,X,X,X,X,X
ISLJZTO,X,X,X,X,X
ISLJZOT,X,X,X,O,X
ISLJOTZ,X,X,X,X,X
ISLJOZT,X,X,O,X,X
ISLZTJO,X,X,X,X,X
ISLZTOJ,X,X,X,X,X
ISLZJTO,X,X,X,X,X
ISLZJOT,X,X,X,O,X
ISLZOTJ,X,X,X,X,X
ISLZOJT,X,X,X,O,X
ISLOTJZ,X,X,X,X,X
ISLOTZJ,X,X,X,X,X
ISLOJTZ,X,X,X,X,X
ISLOJZT,X,X,X,X,X
ISLOZTJ,X,X,X,X,X
ISLOZJT,X,X,X,X,X
ISJTLZO,X,X,X,X,X
ISJTLOZ,X,X,X,X,X
ISJTZLO,X,X,X,X,X
ISJTZOL,X,X,X,X,X
ISJTOLZ,X,X,X,X,X
ISJTOZL,X,X,X,X,X
ISJLTZO,X,X,X,X,X
ISJLTOZ,X,X,X,X,X
ISJLZTO,X,X,X,X,X
ISJLZOT,X,X,X,O,X
ISJLOTZ,X,X,X,X,X
ISJLOZT,X,X,O,X,X
ISJZTLO,X,X,X,X,X
ISJZTOL,X,X,X,X,X
ISJZLTO,X,X,X,X,X
ISJZLOT,X,X,X,O,X
ISJZOTL,X,X,X,X,X
ISJZOLT,X,X,X,O,X
ISJOTLZ,X,X,X,X,X
ISJOTZL,X,X,X,X,X
ISJOLTZ,X,X,X,X,X
ISJOLZT,X,X,O,X,X
ISJOZTL,X,X,X,X,X
ISJOZLT,X,X,X,X,X
ISZTLJO,X,X,X,X,X
ISZTLOJ,X,X,X,X,X
ISZTJLO,X,X,X,X,X
ISZTJOL,X,X,X,X,X
ISZTOLJ,X,X,X,X,X
ISZTOJL,X,X,X,X,X
ISZLTJO,X,X,X,X,X
ISZLTOJ,X,X,X,X,X
ISZLJTO,X,X,X,X,X
ISZLJOT,X,X,X,O,X
ISZLOTJ,X,X,X,X,X
ISZLOJT,X,X,X,O,X
ISZJTLO,X,X,X,X,X
ISZJTOL,X,X,X,X,X
ISZJLTO,X,X,X,X,X
ISZJLOT,X,X,X,O,X
ISZJOTL,X,X,X,X,X
ISZJOLT,X,X,X,O,X
ISZOTLJ,X,X,X,X,X
ISZOTJL,X,X,X,X,X
ISZOLTJ,X,X,X,X,X
ISZOLJT,X,X,X,O,X
ISZOJTL,X,X,X,X,X
ISZOJLT,X,X,X,O,X
ISOTLJZ,X,X,X,X,X
ISOTLZJ,X,X,X,X,X
ISOTJLZ,X,X,X,X,X
ISOTJZL,X,X,X,X,X
ISOTZLJ,X,X,X,X,X
ISOTZJL,X,X,X,X,X
ISOLTJZ,X,X,X,X,X
ISOLTZJ,X,X,X,X,X
ISOLJTZ,X,X,X,X,X
ISOLJZT,X,X,X,X,X
ISOLZTJ,X,X,X,X,X
ISOLZJT,X,X,X,X,X
ISOJTLZ,X,X,X,X,X
ISOJTZL,X,X,X,X,X
ISOJLTZ,X,X,X,X,X
ISOJLZT,X,X,X,X,X
ISOJZTL,X,X,X,X,X
ISOJZLT,X,X,X,X,X
ISOZTLJ,X,X,X,X,X
ISOZTJL,X,X,X,X,X
ISOZLTJ,X,X,X,X,X
ISOZLJT,X,X,X,X,X
ISOZJTL,X,X,X,X,X
ISOZJLT,X,X,X,X,X
IZTLJSO,X,X,X,X,X
IZTLJOS,X,X,X,X,X
IZTLSJO,X,X,X,X,X
IZTLSOJ,X,X,X,X,X
IZTLOJS,X,X,X,X,X
IZTLOSJ,X,X,X,X,X
IZTJLSO,X,X,X,X,X
IZTJLOS,X,X,X,X,X
IZTJSLO,X,X,X,X,X
IZTJSOL,X,X,X,X,X
IZTJOLS,X,X,X,X,X
IZTJOSL,X,X,X,X,X
IZTSLJO,X,X,X,X,X
IZTSLOJ,X,X,X,X,X
IZTSJLO,X,X,X,X,X
IZTSJOL,X,X,X,X,X
IZTSOLJ,X,X,X,X,X
IZTSOJL,X,X,X,X,X
IZTOLJS,X,X,X,X,X
IZTOLSJ,X,X,X,X,X
IZTOJLS,X,X,X,X,X
IZTOJSL,X,X,X,X,X
IZTOSLJ,X,X,X,X,X
IZTOSJL,X,X,X,X,X
IZLTJSO,X,X,X,X,X
IZLTJOS,X,X,X,X,X
IZLTSJO,X,X,X,X,X
IZLTSOJ,X,X,X,X,X
IZLTOJS,X,X,X,X,X
IZLTOSJ,X,X,X,X,X
IZLJTSO,X,X,X,X,X
IZLJTOS,X,X,X,X,X
IZLJSTO,X,X,X,X,X
IZLJSOT,X,X,X,X,X
IZLJOTS,X,X,X,X,X
IZLJOST,X,X,X,X,X
IZLSTJO,X,X,X,X,X
IZLSTOJ,X,X,X,X,X
IZLSJTO,X,X,X,X,X
IZLSJOT,X,X,X,X,X
IZLSOTJ,X,X,X,X,X
IZLSOJT,X,X,X,X,X
IZLOTJS,X,X,X,X,X
IZLOTSJ,X,X,X,X,X
IZLOJTS,X,X,X,X,X
IZLOJST,X,X,X,X,X
IZLOSTJ,X,X,X,X,X
IZLOSJT,X,X,X,X,X
IZJTLSO,X,X,X,X,X
IZJTLOS,X,X,X,X,X
IZJTSLO,X,X,X,X,X
IZJTSOL,X,X,X,X,X
IZJTOLS,X,X,X,X,X
IZJTOSL,X,X,X,X,X
IZJLTSO,X,X,X,X,X
IZJLTOS,X,X,X,X,X
IZJLSTO,X,X,X,X,X
IZJLSOT,X,X,X,X,X
IZJLOTS,X,X,X,X,X
IZJLOST,X,X,X,X,X
IZJSTLO,X,X,X,X,X
IZJSTOL,X,X,X,X,X
IZJSLTO,X,X,X,X,X
IZJSLOT,X,X,X,O,X
IZJSOTL,X,X,X,X,X
IZJSOLT,X,X,X,O,X
IZJOTLS,X,X,X,X,X
IZJOTSL,X,X,X,X,X
IZJOLTS,X,X,X,X,X
IZJOLST,X,X,X,X,X
IZJOSTL,X,X,X,X,X
IZJOSLT,X,X,X,O,X
IZSTLJO,X,X,X,X,X
IZSTLOJ,X,X,X,X,X
IZSTJLO,X,X,X,X,X
IZSTJOL,X,X,X,X,X
IZSTOLJ,X,X,X,X,X
IZSTOJL,X,X,X,X,X
IZSLTJO,X,X,X,X,X
IZSLTOJ,X,X,X,X,X
IZSLJTO,X,X,X,X,X
IZSLJOT,X,X,X,O,X
IZSLOTJ,X,X,X,X,X
IZSLOJT,X,X,X,O,X
IZSJTLO,X,X,X,X,X
IZSJTOL,X,X,X,X,X
IZSJLTO,X,X,X,X,X
IZSJLOT,X,X,X,O,X
IZSJOTL,X,X,X,X,X
IZSJOLT,X,X,X,O,X
IZSOTLJ,X,X,X,X,X
IZSOTJL,X,X,X,X,X
IZSOLTJ,X,X,X,X,X
IZSOLJT,X,X,X,O,X
IZSOJTL,X,X,X,X,X
IZSOJLT,X,X,X,O,X
IZOTLJS,X,X,X,X,X
IZOTLSJ,X,X,X,X,X
IZOTJLS,X,X,X,X,X
IZOTJSL,X,X,X,X,X
IZOTSLJ,X,X,X,X,X
IZOTSJL,X,X,X,X,X
IZOLTJS,X,X,X,X,X
IZOLTSJ,X,X,X,X,X
IZOLJTS,X,X,X,X,X
IZOLJST,X,X,X,X,X
IZOLSTJ,X,X,X,X,X
IZOLSJT,X,X,X,X,X
IZOJTLS,X,X,X,X,X
IZOJTSL,X,X,X,X,X
IZOJLTS,X,X,X,X,X
IZOJLST,X,X,X,X,X
IZOJSTL,X,X,X,X,X
IZOJSLT,X,X,X,O,X
IZOSTLJ,X,X,X,X,X
IZOSTJL,X,X,X,X,X
IZOSLTJ,X,X,X,X,X
IZOSLJT,X,X,X,O,X
IZOSJTL,X,X,X,X,X
IZOSJLT,X,X,X,O,X
IOTLJSZ,X,O,X,X,X
IOTLJZS,X,X,X,X,X
IOTLSJZ,X,O,X,X,X
IOTLSZJ,X,X,X,X,X
IOTLZJS,X,X,X,X,X
IOTLZSJ,X,X,X,X,X
IOTJLSZ,X,O,X,X,X
IOTJLZS,X,X,X,X,X
IOTJSLZ,X,O,X,X,X
IOTJSZL,X,X,X,X,X
IOTJZLS,X,X,X,X,X
IOTJZSL,X,X,X,X,X
IOTSLJZ,X,O,X,X,X
IOTSLZJ,X,X,X,X,X
IOTSJLZ,X,O,X,X,X
IOTSJZL,X,X,X,X,X
IOTSZLJ,X,X,X,X,X
IOTSZJL,X,X,X,X,X
IOTZLJS,X,X,X,X,X
IOTZLSJ,X,X,X,X,X
IOTZJLS,X,X,X,X,X
IOTZJSL,X,X,X,X,X
IOTZSLJ,X,X,X,X,X
IOTZSJL,X,X,X,X,X
IOLTJSZ,X,O,X,X,X
IOLTJZS,X,X,X,X,X
IOLTSJZ,X,O,X,X,X
IOLTSZJ,X,X,X,X,X
IOLTZJS,X,X,X,X,X
IOLTZSJ,X,X,X,X,X
IOLJTSZ,X,O,X,X,X
IOLJTZS,X,X,X,X,X
IOLJSTZ,X,X,X,X,X
IOLJSZT,X,O,X,X,X
IOLJZTS,X,X,X,X,X
IOLJZST,X,X,X,X,X
IOLSTJZ,X,X,X,X,X
IOLSTZJ,X,X,X,X,X
IOLSJTZ,X,X,X,X,X
IOLSJZT,X,O,X,X,X
IOLSZTJ,X,X,X,X,X
IOLSZJT,X,X,X,X,X
IOLZTJS,X,X,X,X,X
IOLZTSJ,X,X,X,X,X
IOLZJTS,X,X,X,X,X
IOLZJST,X,X,X,X,X
IOLZSTJ,X,X,X,X,X
IOLZSJT,X,X,X,X,X
IOJTLSZ,X,O,X,X,X
IOJTLZS,X,X,X,X,X
IOJTSLZ,X,O,X,X,X
IOJTSZL,X,X,X,X,X
IOJTZLS,X,X,X,X,X
IOJTZSL,X,X,X,X,X
IOJLTSZ,X,O,X,X,X
IOJLTZS,X,X,X,X,X
IOJLSTZ,X,X,X,X,X
IOJLSZT,X,O,X,X,X
IOJLZTS,X,X,X,X,X
IOJLZST,X,X,X,X,X
IOJSTLZ,X,X,X,X,X
IOJSTZL,X,X,X,X,X
IOJSLTZ,X,X,X,X,X
IOJSLZT,X,O,X,X,X
IOJSZTL,X,X,X,X,X
IOJSZLT,X,X,X,X,X
IOJZTLS,X,X,X,X,X
IOJZTSL,X,X,X,X,X
IOJZLTS,X,X,X,X,X
IOJZLST,X,X,X,X,X
IOJZSTL,X,X,X,X,X
IOJZSLT,X,X,X,X,X
IOSTLJZ,X,X,X,X,X
IOSTLZJ,X,X,X,X,X
IOSTJLZ,X,X,X,X,X
IOSTJZL,X,X,X,X,X
IOSTZLJ,X,X,X,X,X
IOSTZJL,X,X,X,X,X
IOSLTJZ,X,X,X,X,X
IOSLTZJ,X,X,X,X,X
IOSLJTZ,X,X,X,X,X
IOSLJZT,X,O,X,X,X
IOSLZTJ,X,X,X,X,X
IOSLZJT,X,X,X,X,X
IOSJTLZ,X,X,X,X,X
IOSJTZL,X,X,X,X,X
IOSJLTZ,X,X,X,X,X
IOSJLZT,X,O,X,X,X
IOSJZTL,X,X,X,X,X
IOSJZLT,X,X,X,X,X
IOSZTLJ,X,X,X,X,X
IOSZTJL,X,X,X,X,X
IOSZLTJ,X,X,X,X,X
IOSZLJT,X,X,X,X,X
IOSZJTL,X,X,X,X,X
IOSZJLT,X,X,X,X,X
IOZTLJS,X,X,X,X,X
IOZTLSJ,X,X,X,X,X
IOZTJLS,X,X,X,X,X
IOZTJSL,X,X,X,X,X
IOZTSLJ,X,X,X,X,X
IOZTSJL,X,X,X,X,X
IOZLTJS,X,X,X,X,X
IOZLTSJ,X,X,X,X,X
IOZLJTS,X,X,X,X,X
IOZLJST,X,X,X,X,X
IOZLSTJ,X,X,X,X,X
IOZLSJT,X,X,X,X,X
IOZJTLS,X,X,X,X,X
IOZJTSL,X,X,X,X,X
IOZJLTS,X,X,X,X,X
IOZJLST,X,X,X,X,X
IOZJSTL,X,X,X,X,X
IOZJSLT,X,X,X,X,X
IOZSTLJ,X,X,X,X,X
IOZSTJL,X,X,X,X,X
IOZSLTJ,X,X,X,X,X
IOZSLJT,X,X,X,X,X
IOZSJTL,X,X,X,X,X
IOZSJLT,X,X,X,X,X
LTIJSZO,X,X,X,X,X
LTIJSOZ,X,X,O,X,X
LTIJZSO,X,X,X,X,X
LTIJZOS,X,X,X,X,X
LTIJOSZ,X,O,O,X,X
LTIJOZS,X,X,X,X,X
LTISJZO,X,X,X,X,X
LTISJOZ,X,X,O,X,X
LTISZJO,X,X,X,X,X
LTISZOJ,X,X,X,X,X
LTISOJZ,X,X,X,X,X
LTISOZJ,X,X,X,X,X
LTIZJSO,X,X,X,X,X
LTIZJOS,X,X,X,X,X
LTIZSJO,X,X,X,X,X
LTIZSOJ,X,X,X,X,X
LTIZOJS,X,X,X,X,X
LTIZOSJ,X,X,X,X,X
LTIOJSZ,X,O,X,X,X
LTIOJZS,X,X,X,X,X
LTIOSJZ,X,O,X,X,X
LTIOSZJ,X,X,X,X,X
LTIOZJS,X,X,X,X,X
LTIOZSJ,X,X,X,X,X
LTJISZO,X,X,X,X,X
LTJISOZ,X,X,O,X,X
LTJIZSO,X,X,X,X,X
LTJIZOS,X,X,X,X,X
LTJIOSZ,X,O,O,X,X
LTJIOZS,X,X,X,X,X
LTJSIZO,X,X,X,X,X
LTJSIOZ,X,X,O,X,X
LTJSZIO,X,X,X,X,X
LTJSZOI,X,X,X,X,X
LTJSOIZ,X,X,O,X,X
LTJSOZI,X,X,O,X,X
LTJZISO,X,X,X,X,X
LTJZIOS,X,X,X,X,X
LTJZSIO,X,X,X,X,X
LTJZSOI,X,X,X,X,X
LTJZOIS,X,X,X,X,X
LTJZOSI,X,X,X,X,X
LTJOISZ,X,O,O,X,X
LTJOIZS,X,X,X,X,X
LTJOSIZ,X,O,O,X,X
LTJOSZI,X,O,O,X,X
LTJOZIS,X,X,X,X,X
LTJOZSI,X,X,X,X,X
LTSIJZO,X,X,X,X,X
LTSIJOZ,X,X,O,X,X
LTSIZJO,X,X,X,X,X
LTSIZOJ,X,X,X,X,X
LTSIOJZ,X,X,X,X,X
LTSIOZJ,X,X,X,X,X
LTSJIZO,X,X,X,X,X
LTSJIOZ,X,X,O,X,X
LTSJZIO,X,X,X,X,X
LTSJZOI,X,X,X,X,X
LTSJOIZ,X,X,O,X,X
LTSJOZI,X,X,O,X,X
LTSZIJO,X,X,X,X,X
LTSZIOJ,X,X,X,X,X
LTSZJIO,X,X,X,X,X
LTSZJOI,X,X,X,X,X
LTSZOIJ,X,X,X,X,X
LTSZOJI,X,X,X,X,X
LTSOIJZ,X,X,X,X,X
LTSOIZJ,X,X,X,X,X
LTSOJIZ,X,X,X,X,X
LTSOJZI,X,X,X,X,X
LTSOZIJ,X,X,X,X,X
LTSOZJI,X,X,X,X,X
LTZIJSO,X,X,X,X,X
LTZIJOS,X,X,X,X,X
LTZISJO,X,X,X,X,X
LTZISOJ,X,X,X,X,X
LTZIOJS,X,X,X,X,X
LTZIOSJ,X,X,X,X,X
LTZJISO,X,X,X,X,X
LTZJIOS,X,X,X,X,X
LTZJSIO,X,X,X,X,X
LTZJSOI,X,X,X,X,X
LTZJOIS,X,X,X,X,X
LTZJOSI,X,X,X,X,X
LTZSIJO,X,X,X,X,X
LTZSIOJ,X,X,X,X,X
LTZSJIO,X,X,X,X,X
LTZSJOI,X,X,X,X,X
LTZSOIJ,X,X,X,X,X
LTZSOJI,X,X,X,X,X
LTZOIJS,X,X,X,X,X
LTZOISJ,X,X,X,X,X
LTZOJIS,X,X,X,X,X
LTZOJSI,X,X,X,X,X
LTZOSIJ,X,X,X,X,X
LTZOSJI,X,X,X,X,X
LTOIJSZ,X,O,X,X,X
LTOIJZS,X,X,X,X,X
LTOISJZ,X,O,X,X,X
LTOISZJ,X,X,X,X,X
LTOIZJS,X,X,X,X,X
LTOIZSJ,X,X,X,X,X
LTOJISZ,X,O,X,X,X
LTOJIZS,X,X,X,X,X
LTOJSIZ,X,O,X,X,X
LTOJSZI,X,O,X,X,X
LTOJZIS,X,X,X,X,X
LTOJZSI,X,X,X,X,X
LTOSIJZ,X,O,X,X,X
LTOSIZJ,X,X,X,X,X
LTOSJIZ,X,O,X,X,X
LTOSJZI,X,O,X,X,X
LTOSZIJ,X,X,X,X,X
LTOSZJI,X,X,X,X,X
LTOZIJS,X,X,X,X,X
LTOZISJ,X,X,X,X,X
LTOZJIS,X,X,X,X,X
LTOZJSI,X,X,X,X,X
LTOZSIJ,X,X,X,X,X
LTOZSJI,X,X,X,X,X
LITJSZO,X,X,X,X,X
LITJSOZ,X,X,O,X,X
LITJZSO,X,X,X,X,X
LITJZOS,X,X,X,X,X
LITJOSZ,X,O,O,X,X
LITJOZS,X,X,X,X,X
LITSJZO,X,X,X,X,X
LITSJOZ,X,X,O,X,X
LITSZJO,X,X,X,X,X
LITSZOJ,X,X,X,X,X
LITSOJZ,X,X,X,X,X
LITSOZJ,X,X,X,X,X
LITZJSO,X,X,X,X,X
LITZJOS,X,X,X,X,X
LITZSJO,X,X,X,X,X
LITZSOJ,X,X,X,X,X
LITZOJS,X,X,X,X,X
LITZOSJ,X,X,X,X,X
LITOJSZ,X,O,X,X,X
LITOJZS,X,X,X,X,X
LITOSJZ,X,O,X,X,X
LITOSZJ,X,X,X,X,X
LITOZJS,X,X,X,X,X
LITOZSJ,X,X,X,X,X
LIJTSZO,X,X,X,X,X
LIJTSOZ,X,X,O,X,X
LIJTZSO,X,X,X,X,X
LIJTZOS,X,X,X,X,X
LIJTOSZ,X,O,O,X,X
LIJTOZS,X,X,X,X,X
LIJSTZO,X,X,X,X,X
LIJSTOZ,X,X,X,X,X
LIJSZTO,X,X,X,X,X
LIJSZOT,X,X,X,O,X
LIJSOTZ,X,X,X,X,X
LIJSOZT,X,X,O,X,X
LIJZTSO,X,X,X,X,X
LIJZTOS,X,X,X,X,X
LIJZSTO,X,X,X,X,X
LIJZSOT,X,X,X,X,X
LIJZOTS,X,X,X,X,X
LIJZOST,X,X,X,X,X
LIJOTSZ,X,O,O,X,X
LIJOTZS,X,X,X,X,X
LIJOSTZ,X,X,X,X,X
LIJOSZT,X,O,O,X,X
LIJOZTS,X,X,X,X,X
LIJOZST,X,X,X,X,X
LISTJZO,X,X,X,X,X
LISTJOZ,X,X,X,X,X
LISTZJO,X,X,X,X,X
LISTZOJ,X,X,X,X,X
LISTOJZ,X,X,X,X,X
LISTOZJ,X,X,X,X,X
LISJTZO,X,X,X,X,X
LISJTOZ,X,X,X,X,X
LISJZTO,X,X,X,X,X
LISJZOT,X,X,X,O,X
LISJOTZ,X,X,X,X,X
LISJOZT,X,X,O,X,X
LISZTJO,X,X,X,X,X
LISZTOJ,X,X,X,X,X
LISZJTO,X,X,X,X,X
LISZJOT,X,X,X,O,X
LISZOTJ,X,X,X,X,X
LISZOJT,X,X,X,O,X
LISOTJZ,X,X,X,X,X
LISOTZJ,X,X,X,X,X
LISOJTZ,X,X,X,X,X
LISOJZT,X,X,X,X,X
LISOZTJ,X,X,X,X,X
LISOZJT,X,X,X,X,X
LIZTJSO,X,X,X,X,X
LIZTJOS,X,X,X,X,X
LIZTSJO,X,X,X,X,X
LIZTSOJ,X,X,X,X,X
LIZTOJS,X,X,X,X,X
LIZTOSJ,X,X,X,X,X
LIZJTSO,X,X,X,X,X
LIZJTOS,X,X,X,X,X
LIZJSTO,X,X,X,X,X
LIZJSOT,X,X,X,X,X
LIZJOTS,X,X,X,X,X
LIZJOST,X,X,X,X,X
LIZSTJO,X,X,X,X,X
LIZSTOJ,X,X,X,X,X
LIZSJTO,X,X,X,X,X
LIZSJOT,X,X,X,X,X
LIZSOTJ,X,X,X,X,X
LIZSOJT,X,X,X,X,X
LIZOTJS,X,X,X,X,X
LIZOTSJ,X,X,X,X,X
LIZOJTS,X,X,X,X,X
LIZOJST,X,X,X,X,X
LIZOSTJ,X,X,X,X,X
LIZOSJT,X,X,X,X,X
LIOTJSZ,X,O,X,X,X
LIOTJZS,X,X,X,X,X
LIOTSJZ,X,O,X,X,X
LIOTSZJ,X,X,X,X,X
LIOTZJS,X,X,X,X,X
LIOTZSJ,X,X,X,X,X
LIOJTSZ,X,O,X,X,X
LIOJTZS,X,X,X,X,X
LIOJSTZ,X,X,X,X,X
LIOJSZT,X,O,X,X,X
LIOJZTS,X,X,X,X,X
LIOJZST,X,X,X,X,X
LIOSTJZ,X,X,X,X,X
LIOSTZJ,X,X,X,X,X
LIOSJTZ,X,X,X,X,X
LIOSJZT,X,O,X,X,X
LIOSZTJ,X,X,X,X,X
LIOSZJT,X,X,X,X,X
LIOZTJS,X,X,X,X,X
LIOZTSJ,X,X,X,X,X
LIOZJTS,X,X,X,X,X
LIOZJST,X,X,X,X,X
LIOZSTJ,X,X,X,X,X
LIOZSJT,X,X,X,X,X
LJTISZO,X,X,X,X,X
LJTISOZ,X,X,O,X,X
LJTIZSO,X,X,X,X,X
LJTIZOS,X,X,X,X,X
LJTIOSZ,X,O,O,X,X
LJTIOZS,X,X,X,X,X
LJTSIZO,X,X,X,X,X
LJTSIOZ,X,X,O,X,X
LJTSZIO,X,X,X,X,X
LJTSZOI,X,X,X,X,X
LJTSOIZ,X,X,O,X,X
LJTSOZI,X,X,O,X,X
LJTZISO,X,X,X,X,X
LJTZIOS,X,X,X,X,X
LJTZSIO,X,X,X,X,X
LJTZSOI,X,X,X,X,X
LJTZOIS,X,X,X,X,X
LJTZOSI,X,X,X,X,X
LJTOISZ,X,O,O,X,X
LJTOIZS,X,X,X,X,X
LJTOSIZ,X,O,O,X,X
LJTOSZI,X,O,O,X,X
LJTOZIS,X,X,X,X,X
LJTOZSI,X,X,X,X,X
LJITSZO,X,X,X,X,X
LJITSOZ,X,X,O,X,X
LJITZSO,X,X,X,X,X
LJITZOS,X,X,X,X,X
LJITOSZ,X,O,O,X,X
LJITOZS,X,X,X,X,X
LJISTZO,X,X,X,X,X
LJISTOZ,X,X,X,X,X
LJISZTO,X,X,X,X,X
LJISZOT,X,X,X,O,X
LJISOTZ,X,X,X,X,X
LJISOZT,X,X,O,X,X
LJIZTSO,X,X,X,X,X
LJIZTOS,X,X,X,X,X
LJIZSTO,X,X,X,X,X
LJIZSOT,X,X,X,X,X
LJIZOTS,X,X,X,X,X
LJIZOST,X,X,X,X,X
LJIOTSZ,X,O,O,X,X
LJIOTZS,X,X,X,X,X
LJIOSTZ,X,X,X,X,X
LJIOSZT,X,O,O,X,X
LJIOZTS,X,X,X,X,X
LJIOZST,X,X,X,X,X
LJSTIZO,X,X,X,X,X
LJSTIOZ,X,X,X,X,X
LJSTZIO,X,X,X,X,X
LJSTZOI,X,X,X,X,X
LJSTOIZ,X,X,X,X,X
LJSTOZI,O,X,X,X,X
LJSITZO,X,X,X,X,X
LJSITOZ,X,X,X,X,X
LJSIZTO,X,X,X,X,X
LJSIZOT,X,X,X,O,X
LJSIOTZ,X,X,X,X,X
LJSIOZT,X,X,O,X,X
LJSZTIO,O,X,X,X,X
LJSZTOI,O,X,X,X,X
LJSZITO,X,X,X,X,X
LJSZIOT,X,X,X,O,X
LJSZOTI,O,X,X,O,X
LJSZOIT,O,X,X,O,X
LJSOTIZ,X,X,X,X,X
LJSOTZI,O,X,X,X,X
LJSOITZ,X,X,X,X,X
LJSOIZT,O,X,O,X,X
LJSOZTI,O,X,X,X,X
LJSOZIT,O,X,O,X,X
LJZTISO,X,X,X,X,X
LJZTIOS,X,X,X,X,X
LJZTSIO,X,X,X,X,X
LJZTSOI,X,X,X,X,X
LJZTOIS,X,X,X,X,X
LJZTOSI,X,X,X,X,X
LJZITSO,X,X,X,X,X
LJZITOS,X,X,X,X,X
LJZISTO,X,X,X,X,X
LJZISOT,X,X,X,X,X
LJZIOTS,X,X,X,X,X
LJZIOST,X,X,X,X,X
LJZSTIO,O,X,X,X,X
LJZSTOI,O,X,X,X,X
LJZSITO,X,X,X,X,X
LJZSIOT,X,X,X,X,X
LJZSOTI,O,X,X,X,X
LJZSOIT,O,X,X,X,X
LJZOTIS,X,X,X,X,X
LJZOTSI,X,X,X,X,X
LJZOITS,X,X,X,X,X
LJZOIST,O,X,X,X,X
LJZOSTI,O,X,X,X,X
LJZOSIT,O,X,X,X,X
LJOTISZ,X,O,O,X,X
LJOTIZS,X,X,X,X,X
LJOTSIZ,X,O,O,X,X
LJOTSZI,X,O,O,X,X
LJOTZIS,X,X,X,X,X
LJOTZSI,X,X,X,X,X
LJOITSZ,X,O,O,X,X
LJOITZS,X,X,X,X,X
LJOISTZ,X,X,X,X,X
LJOISZT,O,O,O,X,X
LJOIZTS,X,X,X,X,X
LJOIZST,O,X,X,X,X
LJOSTIZ,X,X,X,X,X
LJOSTZI,O,X,X,X,X
LJOSITZ,X,X,X,X,X
LJOSIZT,O,O,O,X,X
LJOSZTI,O,X,X,X,X
LJOSZIT,O,O,O,X,X
LJOZTIS,X,X,X,X,X
LJOZTSI,X,X,X,X,X
LJOZITS,X,X,X,X,X
LJOZIST,O,X,X,X,X
LJOZSTI,O,X,X,X,X
LJOZSIT,O,X,X,X,X
LSTIJZO,X,X,X,X,X
LSTIJOZ,X,X,X,X,X
LSTIZJO,X,X,X,X,X
LSTIZOJ,X,X,X,X,X
LSTIOJZ,X,X,X,X,X
LSTIOZJ,X,X,X,X,X
LSTJIZO,X,X,X,X,X
LSTJIOZ,X,X,X,X,X
LSTJZIO,X,X,X,X,X
LSTJZOI,X,X,X,X,X
LSTJOIZ,X,X,X,X,X
LSTJOZI,O,X,X,X,X
LSTZIJO,X,X,X,X,X
LSTZIOJ,X,X,X,X,X
LSTZJIO,X,X,X,X,X
LSTZJOI,X,X,X,X,X
LSTZOIJ,X,X,X,X,X
LSTZOJI,X,X,X,X,X
LSTOIJZ,X,X,X,X,X
LSTOIZJ,X,X,X,X,X
LSTOJIZ,X,X,X,X,X
LSTOJZI,O,X,X,X,X
LSTOZIJ,X,X,X,X,X
LSTOZJI,X,X,X,X,X
LSITJZO,X,X,X,X,X
LSITJOZ,X,X,X,X,X
LSITZJO,X,X,X,X,X
LSITZOJ,X,X,X,X,X
LSITOJZ,X,X,X,X,X
LSITOZJ,X,X,X,X,X
LSIJTZO,X,X,X,X,X
LSIJTOZ,X,X,X,X,X
LSIJZTO,X,X,X,X,X
LSIJZOT,X,X,X,O,X
LSIJOTZ,X,X,X,X,X
LSIJOZT,X,X,O,X,X
LSIZTJO,X,X,X,X,X
LSIZTOJ,X,X,X,X,X
LSIZJTO,X,X,X,X,X
LSIZJOT,X,X,X,O,X
LSIZOTJ,X,X,X,X,X
LSIZOJT,X,X,X,O,X
LSIOTJZ,X,X,X,X,X
LSIOTZJ,X,X,X,X,X
LSIOJTZ,X,X,X,X,X
LSIOJZT,X,X,X,X,X
LSIOZTJ,X,X,X,X,X
LSIOZJT,X,X,X,X,X
LSJTIZO,X,X,X,X,X
LSJTIOZ,X,X,X,X,X
LSJTZIO,X,X,X,X,X
LSJTZOI,X,X,X,X,X
LSJTOIZ,X,X,X,X,X
LSJTOZI,O,X,X,X,X
LSJITZO,X,X,X,X,X
LSJITOZ,X,X,X,X,X
LSJIZTO,X,X,X,X,X
LSJIZOT,X,X,X,O,X
LSJIOTZ,X,X,X,X,X
LSJIOZT,X,X,O,X,X
LSJZTIO,O,X,X,X,X
LSJZTOI,O,X,X,X,X
LSJZITO,X,X,X,X,X
LSJZIOT,X,X,X,O,X
LSJZOTI,O,X,X,O,X
LSJZOIT,O,X,X,O,X
LSJOTIZ,X,X,X,X,X
LSJOTZI,O,X,X,X,X
LSJOITZ,X,X,X,X,X
LSJOIZT,O,X,O,X,X
LSJOZTI,O,X,X,X,X
LSJOZIT,O,X,O,X,X
LSZTIJO,O,X,X,X,X
LSZTIOJ,X,X,X,X,X
LSZTJIO,O,X,X,X,X
LSZTJOI,O,X,X,X,X
LSZTOIJ,O,X,X,X,X
LSZTOJI,O,X,X,X,X
LSZITJO,X,X,X,X,X
LSZITOJ,X,X,X,X,X
LSZIJTO,X,X,X,X,X
LSZIJOT,X,X,X,O,X
LSZIOTJ,X,X,X,X,X
LSZIOJT,X,X,X,O,X
LSZJTIO,O,X,X,X,X
LSZJTOI,O,X,X,X,X
LSZJITO,X,X,X,X,X
LSZJIOT,X,X,X,O,X
LSZJOTI,O,X,X,O,X
LSZJOIT,O,X,X,O,X
LSZOTIJ,O,X,X,X,X
LSZOTJI,O,X,X,X,X
LSZOITJ,X,X,X,X,X
LSZOIJT,O,X,X,O,X
LSZOJTI,O,X,X,O,X
LSZOJIT,O,X,X,O,X
LSOTIJZ,X,X,X,X,X
LSOTIZJ,X,X,X,X,X
LSOTJIZ,X,X,X,X,X
LSOTJZI,O,X,X,X,X
LSOTZIJ,X,X,X,X,X
LSOTZJI,X,X,X,X,X
LSOITJZ,X,X,X,X,X
LSOITZJ,X,X,X,X,X
LSOIJTZ,X,X,X,X,X
LSOIJZT,O,X,X,X,X
LSOIZTJ,X,X,X,X,X
LSOIZJT,X,X,X,X,X
LSOJTIZ,X,X,X,X,X
LSOJTZI,O,X,X,X,X
LSOJITZ,X,X,X,X,X
LSOJIZT,O,X,X,X,X
LSOJZTI,O,X,X,X,X
LSOJZIT,O,X,X,X,X
LSOZTIJ,O,X,X,X,X
LSOZTJI,O,X,X,X,X
LSOZITJ,X,X,X,X,X
LSOZIJT,O,X,X,X,X
LSOZJTI,O,X,X,X,X
LSOZJIT,O,X,X,X,X
LZTIJSO,X,X,X,X,X
LZTIJOS,X,X,X,X,X
LZTISJO,X,X,X,X,X
LZTISOJ,X,X,X,X,X
LZTIOJS,X,X,X,X,X
LZTIOSJ,X,X,X,X,X
LZTJISO,X,X,X,X,X
LZTJIOS,X,X,X,X,X
LZTJSIO,X,X,X,X,X
LZTJSOI,X,X,X,X,X
LZTJOIS,X,X,X,X,X
LZTJOSI,X,X,X,X,X
LZTSIJO,X,X,X,X,X
LZTSIOJ,X,X,X,X,X
LZTSJIO,X,X,X,X,X
LZTSJOI,X,X,X,X,X
LZTSOIJ,X,X,X,X,X
LZTSOJI,X,X,X,X,X
LZTOIJS,X,X,X,X,X
LZTOISJ,X,X,X,X,X
LZTOJIS,X,X,X,X,X
LZTOJSI,X,X,X,X,X
LZTOSIJ,X,X,X,X,X
LZTOSJI,X,X,X,X,X
LZITJSO,X,X,X,X,X
LZITJOS,X,X,X,X,X
LZITSJO,X,X,X,X,X
LZITSOJ,X,X,X,X,X
LZITOJS,X,X,X,X,X
LZITOSJ,X,X,X,X,X
LZIJTSO,X,X,X,X,X
LZIJTOS,X,X,X,X,X
LZIJSTO,X,X,X,X,X
LZIJSOT,X,X,X,X,X
LZIJOTS,X,X,X,X,X
LZIJOST,X,X,X,X,X
LZISTJO,X,X,X,X,X
LZISTOJ,X,X,X,X,X
LZISJTO,X,X,X,X,X
LZISJOT,X,X,X,X,X
LZISOTJ,X,X,X,X,X
LZISOJT,X,X,X,X,X
LZIOTJS,X,X,X,X,X
LZIOTSJ,X,X,X,X,X
LZIOJTS,X,X,X,X,X
LZIOJST,X,X,X,X,X
LZIOSTJ,X,X,X,X,X
LZIOSJT,X,X,X,X,X
LZJTISO,X,X,X,X,X
LZJTIOS,X,X,X,X,X
LZJTSIO,X,X,X,X,X
LZJTSOI,X,X,X,X,X
LZJTOIS,X,X,X,X,X
LZJTOSI,X,X,X,X,X
LZJITSO,X,X,X,X,X
LZJITOS,X,X,X,X,X
LZJISTO,X,X,X,X,X
LZJISOT,X,X,X,X,X
LZJIOTS,X,X,X,X,X
LZJIOST,X,X,X,X,X
LZJSTIO,O,X,X,X,X
LZJSTOI,O,X,X,X,X
LZJSITO,X,X,X,X,X
LZJSIOT,X,X,X,X,X
LZJSOTI,O,X,X,X,X
LZJSOIT,O,X,X,X,X
LZJOTIS,X,X,X,X,X
LZJOTSI,X,X,X,X,X
LZJOITS,X,X,X,X,X
LZJOIST,O,X,X,X,X
LZJOSTI,O,X,X,X,X
LZJOSIT,O,X,X,X,X
LZSTIJO,O,X,X,X,X
LZSTIOJ,X,X,X,X,X
LZSTJIO,O,X,X,X,X
LZSTJOI,O,X,X,X,X
LZSTOIJ,O,X,X,X,X
LZSTOJI,O,X,X,X,X
LZSITJO,X,X,X,X,X
LZSITOJ,X,X,X,X,X
LZSIJTO,X,X,X,X,X
LZSIJOT,X,X,X,X,X
LZSIOTJ,X,X,X,X,X
LZSIOJT,X,X,X,X,X
LZSJTIO,O,X,X,X,X
LZSJTOI,O,X,X,X,X
LZSJITO,X,X,X,X,X
LZSJIOT,X,X,X,X,X
LZSJOTI,O,X,X,X,X
LZSJOIT,O,X,X,X,X
LZSOTIJ,O,X,X,X,X
LZSOTJI,O,X,X,X,X
LZSOITJ,X,X,X,X,X
LZSOIJT,O,X,X,X,X
LZSOJTI,O,X,X,X,X
LZSOJIT,O,X,X,X,X
LZOTIJS,X,X,X,X,X
LZOTISJ,X,X,X,X,X
LZOTJIS,X,X,X,X,X
LZOTJSI,X,X,X,X,X
LZOTSIJ,X,X,X,X,X
LZOTSJI,X,X,X,X,X
LZOITJS,X,X,X,X,X
LZOITSJ,X,X,X,X,X
LZOIJTS,X,X,X,X,X
LZOIJST,O,X,X,X,X
LZOISTJ,X,X,X,X,X
LZOISJT,X,X,X,X,X
LZOJTIS,X,X,X,X,X
LZOJTSI,X,X,X,X,X
LZOJITS,X,X,X,X,X
LZOJIST,O,X,X,X,X
LZOJSTI,O,X,X,X,X
LZOJSIT,O,X,X,X,X
LZOSTIJ,O,X,X,X,X
LZOSTJI,O,X,X,X,X
LZOSITJ,X,X,X,X,X
LZOSIJT,O,X,X,X,X
LZOSJTI,O,X,X,X,X
LZOSJIT,O,X,X,X,X
LOTIJSZ,X,O,X,X,X
LOTIJZS,X,X,X,X,X
LOTISJZ,X,O,X,X,X
LOTISZJ,X,X,X,X,X
LOTIZJS,X,X,X,X,X
LOTIZSJ,X,X,X,X,X
LOTJISZ,X,O,X,X,X
LOTJIZS,X,X,X,X,X
LOTJSIZ,X,O,X,X,X
LOTJSZI,X,O,X,X,X
LOTJZIS,X,X,X,X,X
LOTJZSI,X,X,X,X,X
LOTSIJZ,X,O,X,X,X
LOTSIZJ,X,X,X,X,X
LOTSJIZ,X,O,X,X,X
LOTSJZI,X,O,X,X,X
LOTSZIJ,X,X,X,X,X
LOTSZJI,X,X,X,X,X
LOTZIJS,X,X,X,X,X
LOTZISJ,X,X,X,X,X
LOTZJIS,X,X,X,X,X
LOTZJSI,X,X,X,X,X
LOTZSIJ,X,X,X,X,X
LOTZSJI,X,X,X,X,X
LOITJSZ,X,O,X,X,X
LOITJZS,X,X,X,X,X
LOITSJZ,X,O,X,X,X
LOITSZJ,X,X,X,X,X
LOITZJS,X,X,X,X,X
LOITZSJ,X,X,X,X,X
LOIJTSZ,X,O,X,X,X
LOIJTZS,X,X,X,X,X
LOIJSTZ,X,X,X,X,X
LOIJSZT,O,O,X,X,X
LOIJZTS,X,X,X,X,X
LOIJZST,O,X,X,X,X
LOISTJZ,X,X,X,X,X
LOISTZJ,X,X,X,X,X
LOISJTZ,X,X,X,X,X
LOISJZT,X,O,X,X,X
LOISZTJ,X,X,X,X,X
LOISZJT,X,X,X,X,X
LOIZTJS,X,X,X,X,X
LOIZTSJ,X,X,X,X,X
LOIZJTS,X,X,X,X,X
LOIZJST,X,X,X,X,X
LOIZSTJ,X,X,X,X,X
LOIZSJT,X,X,X,X,X
LOJTISZ,X,O,X,X,X
LOJTIZS,X,X,X,X,X
LOJTSIZ,X,O,X,X,X
LOJTSZI,X,O,X,X,X
LOJTZIS,X,X,X,X,X
LOJTZSI,X,X,X,X,X
LOJITSZ,X,O,X,X,X
LOJITZS,X,X,X,X,X
LOJISTZ,X,X,X,X,X
LOJISZT,O,O,X,X,X
LOJIZTS,X,X,X,X,X
LOJIZST,O,X,X,X,X
LOJSTIZ,X,X,X,X,X
LOJSTZI,O,X,X,X,X
LOJSITZ,X,X,X,X,X
LOJSIZT,O,O,X,X,X
LOJSZTI,O,X,X,X,X
LOJSZIT,O,O,X,X,X
LOJZTIS,X,X,X,X,X
LOJZTSI,X,X,X,X,X
LOJZITS,X,X,X,X,X
LOJZIST,O,X,X,X,X
LOJZSTI,O,X,X,X,X
LOJZSIT,O,X,X,X,X
LOSTIJZ,X,X,X,X,X
LOSTIZJ,X,X,X,X,X
LOSTJIZ,X,X,X,X,X
LOSTJZI,O,X,X,X,X
LOSTZIJ,X,X,X,X,X
LOSTZJI,X,X,X,X,X
LOSITJZ,X,X,X,X,X
LOSITZJ,X,X,X,X,X
LOSIJTZ,X,X,X,X,X
LOSIJZT,O,O,X,X,X
LOSIZTJ,X,X,X,X,X
LOSIZJT,X,X,X,X,X
LOSJTIZ,X,X,X,X,X
LOSJTZI,O,X,X,X,X
LOSJITZ,X,X,X,X,X
LOSJIZT,O,O,X,X,X
LOSJZTI,O,X,X,X,X
LOSJZIT,O,O,X,X,X
LOSZTIJ,O,X,X,X,X
LOSZTJI,O,X,X,X,X
LOSZITJ,X,X,X,X,X
LOSZIJT,O,X,X,X,X
LOSZJTI,O,X,X,X,X
LOSZJIT,O,X,X,X,X
LOZTIJS,X,X,X,X,X
LOZTISJ,X,X,X,X,X
LOZTJIS,X,X,X,X,X
LOZTJSI,X,X,X,X,X
LOZTSIJ,X,X,X,X,X
LOZTSJI,X,X,X,X,X
LOZITJS,X,X,X,X,X
LOZITSJ,X,X,X,X,X
LOZIJTS,X,X,X,X,X
LOZIJST,O,X,X,X,X
LOZISTJ,X,X,X,X,X
LOZISJT,X,X,X,X,X
LOZJTIS,X,X,X,X,X
LOZJTSI,X,X,X,X,X
LOZJITS,X,X,X,X,X
LOZJIST,O,X,X,X,X
LOZJSTI,O,X,X,X,X
LOZJSIT,O,X,X,X,X
LOZSTIJ,O,X,X,X,X
LOZSTJI,O,X,X,X,X
LOZSITJ,X,X,X,X,X
LOZSIJT,O,X,X,X,X
LOZSJTI,O,X,X,X,X
LOZSJIT,O,X,X,X,X
JTILSZO,X,X,X,X,X
JTILSOZ,X,X,O,X,X
JTILZSO,X,X,X,X,X
JTILZOS,X,X,X,X,X
JTILOSZ,X,O,O,X,X
JTILOZS,X,X,X,X,X
JTISLZO,X,X,X,X,X
JTISLOZ,X,X,O,X,X
JTISZLO,X,X,X,X,X
JTISZOL,X,X,X,X,X
JTISOLZ,X,X,O,X,X
JTISOZL,X,X,X,X,X
JTIZLSO,X,X,X,X,X
JTIZLOS,X,X,X,X,X
JTIZSLO,X,X,X,X,X
JTIZSOL,X,X,X,X,X
JTIZOLS,X,X,X,X,X
JTIZOSL,X,X,X,X,X
JTIOLSZ,X,O,O,X,X
JTIOLZS,X,X,X,X,X
JTIOSLZ,X,O,O,X,X
JTIOSZL,X,X,X,X,X
JTIOZLS,X,X,X,X,X
JTIOZSL,X,X,X,X,X
JTLISZO,X,X,X,X,O
JTLISOZ,X,X,O,X,X
JTLIZSO,X,X,X,X,X
JTLIZOS,X,X,X,X,X
JTLIOSZ,X,O,O,X,X
JTLIOZS,X,X,X,X,X
JTLSIZO,X,X,X,X,O
JTLSIOZ,X,X,O,X,X
JTLSZIO,X,X,X,X,O
JTLSZOI,X,X,X,X,O
JTLSOIZ,X,X,O,X,O
JTLSOZI,X,X,O,X,O
JTLZISO,X,X,X,X,X
JTLZIOS,X,X,X,X,X
JTLZSIO,X,X,X,X,X
JTLZSOI,X,X,X,X,X
JTLZOIS,X,X,X,X,X
JTLZOSI,X,X,X,X,X
JTLOISZ,X,O,O,X,O
JTLOIZS,X,X,X,X,X
JTLOSIZ,X,O,O,X,O
JTLOSZI,X,O,O,X,O
JTLOZIS,X,X,X,X,X
JTLOZSI,X,X,X,X,X
JTSILZO,X,X,X,X,X
JTSILOZ,X,X,O,X,X
JTSIZLO,X,X,X,X,X
JTSIZOL,X,X,X,X,X
JTSIOLZ,X,X,O,X,X
JTSIOZL,X,X,X,X,X
JTSLIZO,X,X,X,X,O
JTSLIOZ,X,X,O,X,X
JTSLZIO,X,X,X,X,O
JTSLZOI,X,X,X,X,O
JTSLOIZ,X,X,O,X,O
JTSLOZI,X,X,O,X,O
JTSZILO,X,X,X,X,O
JTSZIOL,X,X,X,X,O
JTSZLIO,X,X,X,X,O
JTSZLOI,X,X,X,X,O
JTSZOIL,X,X,X,X,O
JTSZOLI,X,X,X,X,O
JTSOILZ,X,X,O,X,O
JTSOIZL,X,X,X,X,O
JTSOLIZ,X,X,O,X,O
JTSOLZI,X,X,O,X,O
JTSOZIL,X,X,X,X,O
JTSOZLI,X,X,X,X,O
JTZILSO,X,X,X,X,X
JTZILOS,X,X,X,X,X
JTZISLO,X,X,X,X,X
JTZISOL,X,X,X,X,X
JTZIOLS,X,X,X,X,X
JTZIOSL,X,X,X,X,X
JTZLISO,X,X,X,X,X
JTZLIOS,X,X,X,X,X
JTZLSIO,X,X,X,X,X
JTZLSOI,X,X,X,X,X
JTZLOIS,X,X,X,X,X
JTZLOSI,X,X,X,X,X
JTZSILO,X,X,X,X,X
JTZSIOL,X,X,X,X,X
JTZSLIO,X,X,X,X,X
JTZSLOI,X,X,X,X,X
JTZSOIL,X,X,X,X,X
JTZSOLI,X,X,X,X,X
JTZOILS,X,X,X,X,X
JTZOISL,X,X,X,X,X
JTZOLIS,X,X,X,X,X
JTZOLSI,X,X,X,X,X
JTZOSIL,X,X,X,X,X
JTZOSLI,X,X,X,X,X
JTOILSZ,X,O,O,X,O
JTOILZS,X,X,X,X,X
JTOISLZ,X,O,O,X,O
JTOISZL,X,X,X,X,O
JTOIZLS,X,X,X,X,X
JTOIZSL,X,X,X,X,X
JTOLISZ,X,O,O,X,O
JTOLIZS,X,X,X,X,X
JTOLSIZ,X,O,O,X,O
JTOLSZI,X,O,O,X,O
JTOLZIS,X,X,X,X,X
JTOLZSI,X,X,X,X,X
JTOSILZ,X,O,O,X,O
JTOSIZL,X,X,X,X,O
JTOSLIZ,X,O,O,X,O
JTOSLZI,X,O,O,X,O
JTOSZIL,X,X,X,X,O
JTOSZLI,X,X,X,X,O
JTOZILS,X,X,X,X,X
JTOZISL,X,X,X,X,X
JTOZLIS,X,X,X,X,X
JTOZLSI,X,X,X,X,X
JTOZSIL,X,X,X,X,X
JTOZSLI,X,X,X,X,X
JITLSZO,X,X,X,X,X
JITLSOZ,X,X,O,X,X
JITLZSO,X,X,X,X,X
JITLZOS,X,X,X,X,X
JITLOSZ,X,O,O,X,X
JITLOZS,X,X,X,X,X
JITSLZO,X,X,X,X,X
JITSLOZ,X,X,O,X,X
JITSZLO,X,X,X,X,X
JITSZOL,X,X,X,X,X
JITSOLZ,X,X,O,X,X
JITSOZL,X,X,X,X,X
JITZLSO,X,X,X,X,X
JITZLOS,X,X,X,X,X
JITZSLO,X,X,X,X,X
JITZSOL,X,X,X,X,X
JITZOLS,X,X,X,X,X
JITZOSL,X,X,X,X,X
JITOLSZ,X,O,O,X,X
JITOLZS,X,X,X,X,X
JITOSLZ,X,O,O,X,X
JITOSZL,X,X,X,X,X
JITOZLS,X,X,X,X,X
JITOZSL,X,X,X,X,X
JILTSZO,X,X,X,X,X
JILTSOZ,X,X,O,X,X
JILTZSO,X,X,X,X,X
JILTZOS,X,X,X,X,X
JILTOSZ,X,O,O,X,X
JILTOZS,X,X,X,X,X
JILSTZO,X,X,X,X,X
JILSTOZ,X,X,X,X,X
JILSZTO,X,X,X,X,X
JILSZOT,X,X,X,O,X
JILSOTZ,X,X,X,X,X
JILSOZT,X,X,O,X,X
JILZTSO,X,X,X,X,X
JILZTOS,X,X,X,X,X
JILZSTO,X,X,X,X,X
JILZSOT,X,X,X,X,X
JILZOTS,X,X,X,X,X
JILZOST,X,X,X,X,X
JILOTSZ,X,O,O,X,X
JILOTZS,X,X,X,X,X
JILOSTZ,X,X,X,X,X
JILOSZT,X,O,O,X,X
JILOZTS,X,X,X,X,X
JILOZST,X,X,X,X,X
JISTLZO,X,X,X,X,X
JISTLOZ,X,X,X,X,X
JISTZLO,X,X,X,X,X
JISTZOL,X,X,X,X,X
JISTOLZ,X,X,X,X,X
JISTOZL,X,X,X,X,X
JISLTZO,X,X,X,X,X
JISLTOZ,X,X,X,X,X
JISLZTO,X,X,X,X,X
JISLZOT,X,X,X,O,X
JISLOTZ,X,X,X,X,X
JISLOZT,X,X,O,X,X
JISZTLO,X,X,X,X,X
JISZTOL,X,X,X,X,X
JISZLTO,X,X,X,X,X
JISZLOT,X,X,X,O,X
JISZOTL,X,X,X,X,X
JISZOLT,X,X,X,O,X
JISOTLZ,X,X,X,X,X
JISOTZL,X,X,X,X,X
JISOLTZ,X,X,X,X,X
JISOLZT,X,X,O,X,X
JISOZTL,X,X,X,X,X
JISOZLT,X,X,X,X,X
JIZTLSO,X,X,X,X,X
JIZTLOS,X,X,X,X,X
JIZTSLO,X,X,X,X,X
JIZTSOL,X,X,X,X,X
JIZTOLS,X,X,X,X,X
JIZTOSL,X,X,X,X,X
JIZLTSO,X,X,X,X,X
JIZLTOS,X,X,X,X,X
JIZLSTO,X,X,X,X,X
JIZLSOT,X,X,X,X,X
JIZLOTS,X,X,X,X,X
JIZLOST,X,X,X,X,X
JIZSTLO,X,X,X,X,X
JIZSTOL,X,X,X,X,X
JIZSLTO,X,X,X,X,X
JIZSLOT,X,X,X,O,X
JIZSOTL,X,X,X,X,X
JIZSOLT,X,X,X,O,X
JIZOTLS,X,X,X,X,X
JIZOTSL,X,X,X,X,X
JIZOLTS,X,X,X,X,X
JIZOLST,X,X,X,X,X
JIZOSTL,X,X,X,X,X
JIZOSLT,X,X,X,O,X
JIOTLSZ,X,O,O,X,X
JIOTLZS,X,X,X,X,X
JIOTSLZ,X,O,O,X,X
JIOTSZL,X,X,X,X,X
JIOTZLS,X,X,X,X,X
JIOTZSL,X,X,X,X,X
JIOLTSZ,X,O,O,X,X
JIOLTZS,X,X,X,X,X
JIOLSTZ,X,X,X,X,X
JIOLSZT,X,O,O,X,X
JIOLZTS,X,X,X,X,X
JIOLZST,X,X,X,X,X
JIOSTLZ,X,X,X,X,X
JIOSTZL,X,X,X,X,X
JIOSLTZ,X,X,X,X,X
JIOSLZT,X,O,O,X,X
JIOSZTL,X,X,X,X,X
JIOSZLT,X,X,X,X,X
JIOZTLS,X,X,X,X,X
JIOZTSL,X,X,X,X,X
JIOZLTS,X,X,X,X,X
JIOZLST,X,X,X,X,X
JIOZSTL,X,X,X,X,X
JIOZSLT,X,X,X,X,X
JLTISZO,X,X,X,X,X
JLTISOZ,X,X,O,X,X
JLTIZSO,X,X,X,X,X
JLTIZOS,X,X,X,X,X
JLTIOSZ,X,O,O,X,X
JLTIOZS,X,X,X,X,X
JLTSIZO,X,X,X,X,X
JLTSIOZ,X,X,O,X,X
JLTSZIO,X,X,X,X,X
JLTSZOI,X,X,X,X,X
JLTSOIZ,X,X,O,X,X
JLTSOZI,X,X,O,X,X
JLTZISO,X,X,X,X,X
JLTZIOS,X,X,X,X,X
JLTZSIO,X,X,X,X,X
JLTZSOI,X,X,X,X,X
JLTZOIS,X,X,X,X,X
JLTZOSI,X,X,X,X,X
JLTOISZ,X,O,O,X,X
JLTOIZS,X,X,X,X,X
JLTOSIZ,X,O,O,X,X
JLTOSZI,X,O,O,X,X
JLTOZIS,X,X,X,X,X
JLTOZSI,X,X,X,X,X
JLITSZO,X,X,X,X,X
JLITSOZ,X,X,O,X,X
JLITZSO,X,X,X,X,X
JLITZOS,X,X,X,X,X
JLITOSZ,X,O,O,X,X
JLITOZS,X,X,X,X,X
JLISTZO,X,X,X,X,X
JLISTOZ,X,X,X,X,X
JLISZTO,X,X,X,X,X
JLISZOT,X,X,X,O,X
JLISOTZ,X,X,X,X,X
JLISOZT,X,X,O,X,X
JLIZTSO,X,X,X,X,X
JLIZTOS,X,X,X,X,X
JLIZSTO,X,X,X,X,X
JLIZSOT,X,X,X,X,X
JLIZOTS,X,X,X,X,X
JLIZOST,X,X,X,X,X
JLIOTSZ,X,O,O,X,X
JLIOTZS,X,X,X,X,X
JLIOSTZ,X,X,X,X,X
JLIOSZT,X,O,O,X,X
JLIOZTS,X,X,X,X,X
JLIOZST,X,X,X,X,X
JLSTIZO,X,X,X,X,X
JLSTIOZ,X,X,X,X,X
JLSTZIO,X,X,X,X,X
JLSTZOI,X,X,X,X,X
JLSTOIZ,X,X,X,X,X
JLSTOZI,O,X,X,X,X
JLSITZO,X,X,X,X,X
JLSITOZ,X,X,X,X,X
JLSIZTO,X,X,X,X,X
JLSIZOT,X,X,X,O,X
JLSIOTZ,X,X,X,X,X
JLSIOZT,X,X,O,X,X
JLSZTIO,O,X,X,X,X
JLSZTOI,O,X,X,X,X
JLSZITO,X,X,X,X,X
JLSZIOT,X,X,X,O,X
JLSZOTI,O,X,X,O,X
JLSZOIT,O,X,X,O,X
JLSOTIZ,X,X,X,X,X
JLSOTZI,O,X,X,X,X
JLSOITZ,X,X,X,X,X
JLSOIZT,O,X,O,X,X
JLSOZTI,O,X,X,X,X
JLSOZIT,O,X,O,X,X
JLZTISO,X,X,X,X,X
JLZTIOS,X,X,X,X,X
JLZTSIO,X,X,X,X,X
JLZTSOI,X,X,X,X,X
JLZTOIS,X,X,X,X,X
JLZTOSI,X,X,X,X,X
JLZITSO,X,X,X,X,X
JLZITOS,X,X,X,X,X
JLZISTO,X,X,X,X,X
JLZISOT,X,X,X,X,X
JLZIOTS,X,X,X,X,X
JLZIOST,X,X,X,X,X
JLZSTIO,O,X,X,X,X
JLZSTOI,O,X,X,X,X
JLZSITO,X,X,X,X,X
JLZSIOT,X,X,X,X,X
JLZSOTI,O,X,X,X,X
JLZSOIT,O,X,X,X,X
JLZOTIS,X,X,X,X,X
JLZOTSI,X,X,X,X,X
JLZOITS,X,X,X,X,X
JLZOIST,O,X,X,X,X
JLZOSTI,O,X,X,X,X
JLZOSIT,O,X,X,X,X
JLOTISZ,X,O,O,X,X
JLOTIZS,X,X,X,X,X
JLOTSIZ,X,O,O,X,X
JLOTSZI,X,O,O,X,X
JLOTZIS,X,X,X,X,X
JLOTZSI,X,X,X,X,X
JLOITSZ,X,O,O,X,X
JLOITZS,X,X,X,X,X
JLOISTZ,X,X,X,X,X
JLOISZT,O,O,O,X,X
JLOIZTS,X,X,X,X,X
JLOIZST,O,X,X,X,X
JLOSTIZ,X,X,X,X,X
JLOSTZI,O,X,X,X,X
JLOSITZ,X,X,X,X,X
JLOSIZT,O,O,O,X,X
JLOSZTI,O,X,X,X,X
JLOSZIT,O,O,O,X,X
JLOZTIS,X,X,X,X,X
JLOZTSI,X,X,X,X,X
JLOZITS,X,X,X,X,X
JLOZIST,O,X,X,X,X
JLOZSTI,O,X,X,X,X
JLOZSIT,O,X,X,X,X
JSTILZO,X,X,X,X,X
JSTILOZ,X,X,X,X,X
JSTIZLO,X,X,X,X,X
JSTIZOL,X,X,X,X,X
JSTIOLZ,X,X,X,X,X
JSTIOZL,X,X,X,X,X
JSTLIZO,X,X,X,X,O
JSTLIOZ,X,X,X,X,X
JSTLZIO,X,X,X,X,O
JSTLZOI,X,X,X,X,O
JSTLOIZ,X,X,X,X,O
JSTLOZI,O,X,X,X,O
JSTZILO,X,X,X,X,O
JSTZIOL,X,X,X,X,O
JSTZLIO,X,X,X,X,O
JSTZLOI,X,X,X,X,O
JSTZOIL,X,X,X,X,O
JSTZOLI,X,X,X,X,O
JSTOILZ,X,X,X,X,O
JSTOIZL,X,X,X,X,O
JSTOLIZ,X,X,X,X,O
JSTOLZI,O,X,X,X,O
JSTOZIL,X,X,X,X,O
JSTOZLI,X,X,X,X,O
JSITLZO,X,X,X,X,X
JSITLOZ,X,X,X,X,X
JSITZLO,X,X,X,X,X
JSITZOL,X,X,X,X,X
JSITOLZ,X,X,X,X,X
JSITOZL,X,X,X,X,X
JSILTZO,X,X,X,X,X
JSILTOZ,X,X,X,X,X
JSILZTO,X,X,X,X,X
JSILZOT,X,X,X,O,X
JSILOTZ,X,X,X,X,X
JSILOZT,X,X,O,X,X
JSIZTLO,X,X,X,X,X
JSIZTOL,X,X,X,X,X
JSIZLTO,X,X,X,X,X
JSIZLOT,X,X,X,O,X
JSIZOTL,X,X,X,X,X
JSIZOLT,X,X,X,O,X
JSIOTLZ,X,X,X,X,X
JSIOTZL,X,X,X,X,X
JSIOLTZ,X,X,X,X,X
JSIOLZT,X,X,O,X,X
JSIOZTL,X,X,X,X,X
JSIOZLT,X,X,X,X,X
JSLTIZO,X,X,X,X,X
JSLTIOZ,X,X,X,X,X
JSLTZIO,X,X,X,X,X
JSLTZOI,X,X,X,X,X
JSLTOIZ,X,X,X,X,X
JSLTOZI,O,X,X,X,X
JSLITZO,X,X,X,X,X
JSLITOZ,X,X,X,X,X
JSLIZTO,X,X,X,X,X
JSLIZOT,X,X,X,O,X
JSLIOTZ,X,X,X,X,X
JSLIOZT,X,X,O,X,X
JSLZTIO,O,X,X,X,X
JSLZTOI,O,X,X,X,X
JSLZITO,X,X,X,X,X
JSLZIOT,X,X,X,O,X
JSLZOTI,O,X,X,O,X
JSLZOIT,O,X,X,O,X
JSLOTIZ,X,X,X,X,X
JSLOTZI,O,X,X,X,X
JSLOITZ,X,X,X,X,X
JSLOIZT,O,X,O,X,X
JSLOZTI,O,X,X,X,X
JSLOZIT,O,X,O,X,X
JSZTILO,O,X,X,X,O
JSZTIOL,X,X,X,X,O
JSZTLIO,O,X,X,X,O
JSZTLOI,O,X,X,X,O
JSZTOIL,O,X,X,X,O
JSZTOLI,O,X,X,X,O
JSZITLO,X,X,X,X,O
JSZITOL,X,X,X,X,O
JSZILTO,X,X,X,X,X
JSZILOT,X,X,X,O,X
JSZIOTL,X,X,X,X,X
JSZIOLT,X,X,X,O,X
JSZLTIO,O,X,X,X,X
JSZLTOI,O,X,X,X,X
JSZLITO,X,X,X,X,X
JSZLIOT,X,X,X,O,X
JSZLOTI,O,X,X,O,X
JSZLOIT,O,X,X,O,X
JSZOTIL,O,X,X,X,X
JSZOTLI,O,X,X,X,X
JSZOITL,X,X,X,X,X
JSZOILT,O,X,X,O,X
JSZOLTI,O,X,X,O,X
JSZOLIT,O,X,X,O,X
JSOTILZ,X,X,X,X,O
JSOTIZL,X,X,X,X,O
JSOTLIZ,X,X,X,X,O
JSOTLZI,O,X,X,X,O
JSOTZIL,X,X,X,X,O
JSOTZLI,X,X,X,X,O
JSOITLZ,X,X,X,X,X
JSOITZL,X,X,X,X,X
JSOILTZ,X,X,X,X,X
JSOILZT,O,X,O,X,X
JSOIZTL,X,X,X,X,X
JSOIZLT,X,X,X,X,X
JSOLTIZ,X,X,X,X,X
JSOLTZI,O,X,X,X,X
JSOLITZ,X,X,X,X,X
JSOLIZT,O,X,O,X,X
JSOLZTI,O,X,X,X,X
JSOLZIT,O,X,O,X,X
JSOZTIL,O,X,X,X,X
JSOZTLI,O,X,X,X,X
JSOZITL,X,X,X,X,X
JSOZILT,O,X,X,X,X
JSOZLTI,O,X,X,X,X
JSOZLIT,O,X,X,X,X
JZTILSO,X,X,X,X,X
JZTILOS,X,X,X,X,X
JZTISLO,O,X,X,X,X
JZTISOL,X,X,X,X,X
JZTIOLS,X,X,X,X,X
JZTIOSL,X,X,X,X,X
JZTLISO,X,X,X,X,X
JZTLIOS,X,X,X,X,X
JZTLSIO,X,X,X,X,X
JZTLSOI,X,X,X,X,X
JZTLOIS,X,X,X,X,X
JZTLOSI,X,X,X,X,X
JZTSILO,X,X,X,X,X
JZTSIOL,X,X,X,X,X
JZTSLIO,X,X,X,X,X
JZTSLOI,X,X,X,X,X
JZTSOIL,X,X,X,X,X
JZTSOLI,X,X,X,X,X
JZTOILS,X,X,X,X,X
JZTOISL,O,X,X,X,X
JZTOLIS,X,X,X,X,X
JZTOLSI,X,X,X,X,X
JZTOSIL,X,X,X,X,X
JZTOSLI,X,X,X,X,X
JZITLSO,X,X,X,X,X
JZITLOS,X,X,X,X,X
JZITSLO,X,X,X,X,X
JZITSOL,X,X,X,X,X
JZITOLS,X,X,X,X,X
JZITOSL,X,X,X,X,X
JZILTSO,X,X,X,X,X
JZILTOS,X,X,X,X,X
JZILSTO,X,X,X,X,X
JZILSOT,X,X,X,X,X
JZILOTS,X,X,X,X,X
JZILOST,X,X,X,X,X
JZISTLO,X,X,X,X,X
JZISTOL,X,X,X,X,X
JZISLTO,X,X,X,X,X
JZISLOT,X,X,X,O,X
JZISOTL,X,X,X,X,X
JZISOLT,X,X,X,O,X
JZIOTLS,X,X,X,X,X
JZIOTSL,X,X,X,X,X
JZIOLTS,X,X,X,X,X
JZIOLST,X,X,X,X,X
JZIOSTL,X,X,X,X,X
JZIOSLT,X,X,X,O,X
JZLTISO,X,X,X,X,X
JZLTIOS,X,X,X,X,X
JZLTSIO,X,X,X,X,X
JZLTSOI,X,X,X,X,X
JZLTOIS,X,X,X,X,X
JZLTOSI,X,X,X,X,X
JZLITSO,X,X,X,X,X
JZLITOS,X,X,X,X,X
JZLISTO,X,X,X,X,X
JZLISOT,X,X,X,X,X
JZLIOTS,X,X,X,X,X
JZLIOST,X,X,X,X,X
JZLSTIO,O,X,X,X,X
JZLSTOI,O,X,X,X,X
JZLSITO,X,X,X,X,X
JZLSIOT,X,X,X,X,X
JZLSOTI,O,X,X,X,X
JZLSOIT,O,X,X,X,X
JZLOTIS,X,X,X,X,X
JZLOTSI,X,X,X,X,X
JZLOITS,X,X,X,X,X
JZLOIST,O,X,X,X,X
JZLOSTI,O,X,X,X,X
JZLOSIT,O,X,X,X,X
JZSTILO,O,X,X,X,X
JZSTIOL,X,X,X,X,X
JZSTLIO,O,X,X,X,X
JZSTLOI,O,X,X,X,X
JZSTOIL,O,X,X,X,X
JZSTOLI,O,X,X,X,X
JZSITLO,X,X,X,X,X
JZSITOL,X,X,X,X,X
JZSILTO,X,X,X,X,X
JZSILOT,X,X,X,O,X
JZSIOTL,X,X,X,X,X
JZSIOLT,X,X,X,O,X
JZSLTIO,O,X,X,X,X
JZSLTOI,O,X,X,X,X
JZSLITO,X,X,X,X,X
JZSLIOT,X,X,X,O,X
JZSLOTI,O,X,X,O,X
JZSLOIT,O,X,X,O,X
JZSOTIL,O,X,X,X,X
JZSOTLI,O,X,X,X,X
JZSOITL,X,X,X,X,X
JZSOILT,O,X,X,O,X
JZSOLTI,O,X,X,O,X
JZSOLIT,O,X,X,O,X
JZOTILS,X,X,X,X,X
JZOTISL,O,X,X,X,X
JZOTLIS,X,X,X,X,X
JZOTLSI,X,X,X,X,X
JZOTSIL,X,X,X,X,X
JZOTSLI,X,X,X,X,X
JZOITLS,X,X,X,X,X
JZOITSL,O,X,X,X,X
JZOILTS,X,X,X,X,X
JZOILST,O,X,X,X,X
JZOISTL,X,X,X,X,X
JZOISLT,O,X,X,O,X
JZOLTIS,X,X,X,X,X
JZOLTSI,X,X,X,X,X
JZOLITS,X,X,X,X,X
JZOLIST,O,X,X,X,X
JZOLSTI,O,X,X,X,X
JZOLSIT,O,X,X,X,X
JZOSTIL,O,X,X,X,X
JZOSTLI,O,X,X,X,X
JZOSITL,X,X,X,X,X
JZOSILT,O,X,X,O,X
JZOSLTI,O,X,X,O,X
JZOSLIT,O,X,X,O,X
JOTILSZ,X,O,O,X,O
JOTILZS,X,X,X,X,X
JOTISLZ,X,O,O,X,O
JOTISZL,X,X,X,X,O
JOTIZLS,X,X,X,X,X
JOTIZSL,X,X,X,X,X
JOTLISZ,X,O,O,X,O
JOTLIZS,X,X,X,X,X
JOTLSIZ,X,O,O,X,O
JOTLSZI,X,O,O,X,O
JOTLZIS,X,X,X,X,X
JOTLZSI,X,X,X,X,X
JOTSILZ,X,O,O,X,O
JOTSIZL,X,X,X,X,O
JOTSLIZ,X,O,O,X,O
JOTSLZI,X,O,O,X,O
JOTSZIL,X,X,X,X,O
JOTSZLI,X,X,X,X,O
JOTZILS,X,X,X,X,X
JOTZISL,X,X,X,X,X
JOTZLIS,X,X,X,X,X
JOTZLSI,X,X,X,X,X
JOTZSIL,X,X,X,X,X
JOTZSLI,X,X,X,X,X
JOITLSZ,X,O,O,X,O
JOITLZS,X,X,X,X,X
JOITSLZ,X,O,O,X,O
JOITSZL,X,X,X,X,O
JOITZLS,X,X,X,X,X
JOITZSL,X,X,X,X,X
JOILTSZ,X,O,O,X,X
JOILTZS,X,X,X,X,X
JOILSTZ,X,X,X,X,X
JOILSZT,O,O,O,X,X
JOILZTS,X,X,X,X,X
JOILZST,O,X,X,X,X
JOISTLZ,X,X,X,X,X
JOISTZL,X,X,X,X,X
JOISLTZ,X,X,X,X,X
JOISLZT,O,O,O,X,X
JOISZTL,X,X,X,X,X
JOISZLT,X,X,X,X,X
JOIZTLS,X,X,X,X,X
JOIZTSL,O,X,X,X,X
JOIZLTS,X,X,X,X,X
JOIZLST,O,X,X,X,X
JOIZSTL,X,X,X,X,X
JOIZSLT,O,X,X,X,X
JOLTISZ,X,O,O,X,X
JOLTIZS,X,X,X,X,X
JOLTSIZ,X,O,O,X,X
JOLTSZI,X,O,O,X,X
JOLTZIS,X,X,X,X,X
JOLTZSI,X,X,X,X,X
JOLITSZ,X,O,O,X,X
JOLITZS,X,X,X,X,X
JOLISTZ,X,X,X,X,X
JOLISZT,O,O,O,X,X
JOLIZTS,X,X,X,X,X
JOLIZST,O,X,X,X,X
JOLSTIZ,X,X,X,X,X
JOLSTZI,O,X,X,X,X
JOLSITZ,X,X,X,X,X
JOLSIZT,O,O,O,X,X
JOLSZTI,O,X,X,X,X
JOLSZIT,O,O,O,X,X
JOLZTIS,X,X,X,X,X
JOLZTSI,X,X,X,X,X
JOLZITS,X,X,X,X,X
JOLZIST,O,X,X,X,X
JOLZSTI,O,X,X,X,X
JOLZSIT,O,X,X,X,X
JOSTILZ,X,X,X,X,O
JOSTIZL,X,X,X,X,O
JOSTLIZ,X,X,X,X,O
JOSTLZI,O,X,X,X,O
JOSTZIL,X,X,X,X,O
JOSTZLI,X,X,X,X,O
JOSITLZ,X,X,X,X,X
JOSITZL,X,X,X,X,X
JOSILTZ,X,X,X,X,X
JOSILZT,O,O,O,X,X
JOSIZTL,X,X,X,X,X
JOSIZLT,X,X,X,X,X
JOSLTIZ,X,X,X,X,X
JOSLTZI,O,X,X,X,X
JOSLITZ,X,X,X,X,X
JOSLIZT,O,O,O,X,X
JOSLZTI,O,X,X,X,X
JOSLZIT,O,O,O,X,X
JOSZTIL,O,X,X,X,X
JOSZTLI,O,X,X,X,X
JOSZITL,X,X,X,X,X
JOSZILT,O,X,X,X,X
JOSZLTI,O,X,X,X,X
JOSZLIT,O,X,X,X,X
JOZTILS,X,X,X,X,X
JOZTISL,O,X,X,X,X
JOZTLIS,X,X,X,X,X
JOZTLSI,X,X,X,X,X
JOZTSIL,X,X,X,X,X
JOZTSLI,X,X,X,X,X
JOZITLS,X,X,X,X,X
JOZITSL,O,X,X,X,X
JOZILTS,X,X,X,X,X
JOZILST,O,X,X,X,X
JOZISTL,X,X,X,X,X
JOZISLT,O,X,X,X,X
JOZLTIS,X,X,X,X,X
JOZLTSI,X,X,X,X,X
JOZLITS,X,X,X,X,X
JOZLIST,O,X,X,X,X
JOZLSTI,O,X,X,X,X
JOZLSIT,O,X,X,X,X
JOZSTIL,O,X,X,X,X
JOZSTLI,O,X,X,X,X
JOZSITL,X,X,X,X,X
JOZSILT,O,X,X,X,X
JOZSLTI,O,X,X,X,X
JOZSLIT,O,X,X,X,X
STILJZO,X,X,X,X,X
STILJOZ,X,X,X,X,X
STILZJO,X,X,X,X,X
STILZOJ,X,X,X,X,X
STILOJZ,X,X,X,X,X
STILOZJ,X,X,X,X,X
STIJLZO,X,X,X,X,X
STIJLOZ,X,X,X,X,X
STIJZLO,X,X,X,X,X
STIJZOL,X,X,X,X,X
STIJOLZ,X,X,X,X,X
STIJOZL,X,X,X,X,X
STIZLJO,X,X,X,X,X
STIZLOJ,X,X,X,X,X
STIZJLO,X,X,X,X,X
STIZJOL,X,X,X,X,X
STIZOLJ,X,X,X,X,X
STIZOJL,X,X,X,X,X
STIOLJZ,X,X,X,X,X
STIOLZJ,X,X,X,X,X
STIOJLZ,X,X,X,X,X
STIOJZL,X,X,X,X,X
STIOZLJ,X,X,X,X,X
STIOZJL,X,X,X,X,X
STLIJZO,X,X,X,X,O
STLIJOZ,X,X,X,X,X
STLIZJO,X,X,X,X,O
STLIZOJ,X,X,X,X,X
STLIOJZ,X,X,X,X,X
STLIOZJ,X,X,X,X,X
STLJIZO,X,X,X,X,O
STLJIOZ,X,X,X,X,X
STLJZIO,X,X,X,X,O
STLJZOI,X,X,X,X,O
STLJOIZ,X,X,X,X,O
STLJOZI,O,X,X,X,O
STLZIJO,X,X,X,X,O
STLZIOJ,X,X,X,X,X
STLZJIO,X,X,X,X,O
STLZJOI,X,X,X,X,O
STLZOIJ,X,X,X,X,O
STLZOJI,X,X,X,X,O
STLOIJZ,X,X,X,X,O
STLOIZJ,X,X,X,X,O
STLOJIZ,X,X,X,X,O
STLOJZI,O,X,X,X,O
STLOZIJ,X,X,X,X,O
STLOZJI,X,X,X,X,O
STJILZO,X,X,X,X,X
STJILOZ,X,X,X,X,X
STJIZLO,X,X,X,X,X
STJIZOL,X,X,X,X,X
STJIOLZ,X,X,X,X,X
STJIOZL,X,X,X,X,X
STJLIZO,X,X,X,X,O
STJLIOZ,X,X,X,X,X
STJLZIO,X,X,X,X,O
STJLZOI,X,X,X,X,O
STJLOIZ,X,X,X,X,O
STJLOZI,O,X,X,X,O
STJZILO,X,X,X,X,O
STJZIOL,X,X,X,X,O
STJZLIO,X,X,X,X,O
STJZLOI,X,X,X,X,O
STJZOIL,X,X,X,X,O
STJZOLI,X,X,X,X,O
STJOILZ,X,X,X,X,O
STJOIZL,X,X,X,X,O
STJOLIZ,X,X,X,X,O
STJOLZI,O,X,X,X,O
STJOZIL,X,X,X,X,O
STJOZLI,X,X,X,X,O
STZILJO,X,X,X,X,X
STZILOJ,X,X,X,X,X
STZIJLO,X,X,X,X,O
STZIJOL,X,X,X,X,O
STZIOLJ,X,X,X,X,X
STZIOJL,X,X,X,X,X
STZLIJO,X,X,X,X,O
STZLIOJ,X,X,X,X,X
STZLJIO,X,X,X,X,O
STZLJOI,X,X,X,X,O
STZLOIJ,X,X,X,X,O
STZLOJI,X,X,X,X,O
STZJILO,X,X,X,X,O
STZJIOL,X,X,X,X,O
STZJLIO,X,X,X,X,O
STZJLOI,X,X,X,X,O
STZJOIL,X,X,X,X,O
STZJOLI,X,X,X,X,O
STZOILJ,X,X,X,X,X
STZOIJL,X,X,X,X,O
STZOLIJ,X,X,X,X,O
STZOLJI,X,X,X,X,O
STZOJIL,X,X,X,X,O
STZOJLI,X,X,X,X,O
STOILJZ,X,X,X,X,O
STOILZJ,X,X,X,X,O
STOIJLZ,X,X,X,X,O
STOIJZL,X,X,X,X,O
STOIZLJ,X,X,X,X,X
STOIZJL,X,X,X,X,O
STOLIJZ,X,X,X,X,O
STOLIZJ,X,X,X,X,O
STOLJIZ,X,X,X,X,O
STOLJZI,O,X,X,X,O
STOLZIJ,X,X,X,X,O
STOLZJI,X,X,X,X,O
STOJILZ,X,X,X,X,O
STOJIZL,X,X,X,X,O
STOJLIZ,X,X,X,X,O
STOJLZI,O,X,X,X,O
STOJZIL,X,X,X,X,O
STOJZLI,X,X,X,X,O
STOZILJ,X,X,X,X,X
STOZIJL,X,X,X,X,O
STOZLIJ,X,X,X,X,O
STOZLJI,X,X,X,X,O
STOZJIL,X,X,X,X,O
STOZJLI,X,X,X,X,O
SITLJZO,X,X,X,X,X
SITLJOZ,X,X,X,X,X
SITLZJO,X,X,X,X,X
SITLZOJ,X,X,X,X,X
SITLOJZ,X,X,X,X,X
SITLOZJ,X,X,X,X,X
SITJLZO,X,X,X,X,X
SITJLOZ,X,X,X,X,X
SITJZLO,X,X,X,X,X
SITJZOL,X,X,X,X,X
SITJOLZ,X,X,X,X,X
SITJOZL,X,X,X,X,X
SITZLJO,X,X,X,X,X
SITZLOJ,X,X,X,X,X
SITZJLO,X,X,X,X,X
SITZJOL,X,X,X,X,X
SITZOLJ,X,X,X,X,X
SITZOJL,X,X,X,X,X
SITOLJZ,X,X,X,X,X
SITOLZJ,X,X,X,X,X
SITOJLZ,X,X,X,X,X
SITOJZL,X,X,X,X,X
SITOZLJ,X,X,X,X,X
SITOZJL,X,X,X,X,X
SILTJZO,X,X,X,X,X
SILTJOZ,X,X,X,X,X
SILTZJO,X,X,X,X,X
SILTZOJ,X,X,X,X,X
SILTOJZ,X,X,X,X,X
SILTOZJ,X,X,X,X,X
SILJTZO,X,X,X,X,X
SILJTOZ,X,X,X,X,X
SILJZTO,X,X,X,X,X
SILJZOT,X,X,X,O,X
SILJOTZ,X,X,X,X,X
SILJOZT,X,X,O,X,X
SILZTJO,X,X,X,X,X
SILZTOJ,X,X,X,X,X
SILZJTO,X,X,X,X,X
SILZJOT,X,X,X,O,X
SILZOTJ,X,X,X,X,X
SILZOJT,X,X,X,O,X
SILOTJZ,X,X,X,X,X
SILOTZJ,X,X,X,X,X
SILOJTZ,X,X,X,X,X
SILOJZT,X,X,X,X,X
SILOZTJ,X,X,X,X,X
SILOZJT,X,X,X,X,X
SIJTLZO,X,X,X,X,X
SIJTLOZ,X,X,X,X,X
SIJTZLO,X,X,X,X,X
SIJTZOL,X,X,X,X,X
SIJTOLZ,X,X,X,X,X
SIJTOZL,X,X,X,X,X
SIJLTZO,X,X,X,X,X
SIJLTOZ,X,X,X,X,X
SIJLZTO,X,X,X,X,X
SIJLZOT,X,X,X,O,X
SIJLOTZ,X,X,X,X,X
SIJLOZT,X,X,O,X,X
SIJZTLO,X,X,X,X,X
SIJZTOL,X,X,X,X,X
SIJZLTO,X,X,X,X,X
SIJZLOT,X,X,X,O,X
SIJZOTL,X,X,X,X,X
SIJZOLT,X,X,X,O,X
SIJOTLZ,X,X,X,X,X
SIJOTZL,X,X,X,X,X
SIJOLTZ,X,X,X,X,X
SIJOLZT,X,X,O,X,X
SIJOZTL,X,X,X,X,X
SIJOZLT,X,X,X,X,X
SIZTLJO,X,X,X,X,X
SIZTLOJ,X,X,X,X,X
SIZTJLO,X,X,X,X,X
SIZTJOL,X,X,X,X,X
SIZTOLJ,X,X,X,X,X
SIZTOJL,X,X,X,X,X
SIZLTJO,X,X,X,X,X
SIZLTOJ,X,X,X,X,X
SIZLJTO,X,X,X,X,X
SIZLJOT,X,X,X,O,X
SIZLOTJ,X,X,X,X,X
SIZLOJT,X,X,X,O,X
SIZJTLO,X,X,X,X,X
SIZJTOL,X,X,X,X,X
SIZJLTO,X,X,X,X,X
SIZJLOT,X,X,X,O,X
SIZJOTL,X,X,X,X,X
SIZJOLT,X,X,X,O,X
SIZOTLJ,X,X,X,X,X
SIZOTJL,X,X,X,X,X
SIZOLTJ,X,X,X,X,X
SIZOLJT,X,X,X,O,X
SIZOJTL,X,X,X,X,X
SIZOJLT,X,X,X,O,X
SIOTLJZ,X,X,X,X,X
SIOTLZJ,X,X,X,X,X
SIOTJLZ,X,X,X,X,X
SIOTJZL,X,X,X,X,X
SIOTZLJ,X,X,X,X,X
SIOTZJL,X,X,X,X,X
SIOLTJZ,X,X,X,X,X
SIOLTZJ,X,X,X,X,X
SIOLJTZ,X,X,X,X,X
SIOLJZT,X,X,X,X,X
SIOLZTJ,X,X,X,X,X
SIOLZJT,X,X,X,X,X
SIOJTLZ,X,X,X,X,X
SIOJTZL,X,X,X,X,X
SIOJLTZ,X,X,X,X,X
SIOJLZT,X,X,X,X,X
SIOJZTL,X,X,X,X,X
SIOJZLT,X,X,X,X,X
SIOZTLJ,X,X,X,X,X
SIOZTJL,X,X,X,X,X
SIOZLTJ,X,X,X,X,X
SIOZLJT,X,X,X,X,X
SIOZJTL,X,X,X,X,X
SIOZJLT,X,X,X,X,X
SLTIJZO,X,X,X,X,X
SLTIJOZ,X,X,X,X,X
SLTIZJO,X,X,X,X,X
SLTIZOJ,X,X,X,X,X
SLTIOJZ,X,X,X,X,X
SLTIOZJ,X,X,X,X,X
SLTJIZO,X,X,X,X,X
SLTJIOZ,X,X,X,X,X
SLTJZIO,X,X,X,X,X
SLTJZOI,X,X,X,X,X
SLTJOIZ,X,X,X,X,X
SLTJOZI,O,X,X,X,X
SLTZIJO,X,X,X,X,X
SLTZIOJ,X,X,X,X,X
SLTZJIO,X,X,X,X,X
SLTZJOI,X,X,X,X,X
SLTZOIJ,X,X,X,X,X
SLTZOJI,X,X,X,X,X
SLTOIJZ,X,X,X,X,X
SLTOIZJ,X,X,X,X,X
SLTOJIZ,X,X,X,X,X
SLTOJZI,O,X,X,X,X
SLTOZIJ,X,X,X,X,X
SLTOZJI,X,X,X,X,X
SLITJZO,X,X,X,X,X
SLITJOZ,X,X,X,X,X
SLITZJO,X,X,X,X,X
SLITZOJ,X,X,X,X,X
SLITOJZ,X,X,X,X,X
SLITOZJ,X,X,X,X,X
SLIJTZO,X,X,X,X,X
SLIJTOZ,X,X,X,X,X
SLIJZTO,X,X,X,X,X
SLIJZOT,X,X,X,O,X
SLIJOTZ,X,X,X,X,X
SLIJOZT,X,X,O,X,X
SLIZTJO,X,X,X,X,X
SLIZTOJ,X,X,X,X,X
SLIZJTO,X,X,X,X,X
SLIZJOT,X,X,X,O,X
SLIZOTJ,X,X,X,X,X
SLIZOJT,X,X,X,O,X
SLIOTJZ,X,X,X,X,X
SLIOTZJ,X,X,X,X,X
SLIOJTZ,X,X,X,X,X
SLIOJZT,X,X,X,X,X
SLIOZTJ,X,X,X,X,X
SLIOZJT,X,X,X,X,X
SLJTIZO,X,X,X,X,X
SLJTIOZ,X,X,X,X,X
SLJTZIO,X,X,X,X,X
SLJTZOI,X,X,X,X,X
SLJTOIZ,X,X,X,X,X
SLJTOZI,O,X,X,X,X
SLJITZO,X,X,X,X,X
SLJITOZ,X,X,X,X,X
SLJIZTO,X,X,X,X,X
SLJIZOT,X,X,X,O,X
SLJIOTZ,X,X,X,X,X
SLJIOZT,X,X,O,X,X
SLJZTIO,O,X,X,X,X
SLJZTOI,O,X,X,X,X
SLJZITO,X,X,X,X,X
SLJZIOT,X,X,X,O,X
SLJZOTI,O,X,X,O,X
SLJZOIT,O,X,X,O,X
SLJOTIZ,X,X,X,X,X
SLJOTZI,O,X,X,X,X
SLJOITZ,X,X,X,X,X
SLJOIZT,O,X,O,X,X
SLJOZTI,O,X,X,X,X
SLJOZIT,O,X,O,X,X
SLZTIJO,O,X,X,X,X
SLZTIOJ,X,X,X,X,X
SLZTJIO,O,X,X,X,X
SLZTJOI,O,X,X,X,X
SLZTOIJ,O,X,X,X,X
SLZTOJI,O,X,X,X,X
SLZITJO,X,X,X,X,X
SLZITOJ,X,X,X,X,X
SLZIJTO,X,X,X,X,X
SLZIJOT,X,X,X,O,X
SLZIOTJ,X,X,X,X,X
SLZIOJT,X,X,X,O,X
SLZJTIO,O,X,X,X,X
SLZJTOI,O,X,X,X,X
SLZJITO,X,X,X,X,X
SLZJIOT,X,X,X,O,X
SLZJOTI,O,X,X,O,X
SLZJOIT,O,X,X,O,X
SLZOTIJ,O,X,X,X,X
SLZOTJI,O,X,X,X,X
SLZOITJ,X,X,X,X,X
SLZOIJT,O,X,X,O,X
SLZOJTI,O,X,X,O,X
SLZOJIT,O,X,X,O,X
SLOTIJZ,X,X,X,X,X
SLOTIZJ,X,X,X,X,X
SLOTJIZ,X,X,X,X,X
SLOTJZI,O,X,X,X,X
SLOTZIJ,X,X,X,X,X
SLOTZJI,X,X,X,X,X
SLOITJZ,X,X,X,X,X
SLOITZJ,X,X,X,X,X
SLOIJTZ,X,X,X,X,X
SLOIJZT,O,X,X,X,X
SLOIZTJ,X,X,X,X,X
SLOIZJT,X,X,X,X,X
SLOJTIZ,X,X,X,X,X
SLOJTZI,O,X,X,X,X
SLOJITZ,X,X,X,X,X
SLOJIZT,O,X,X,X,X
SLOJZTI,O,X,X,X,X
SLOJZIT,O,X,X,X,X
SLOZTIJ,O,X,X,X,X
SLOZTJI,O,X,X,X,X
SLOZITJ,X,X,X,X,X
SLOZIJT,O,X,X,X,X
SLOZJTI,O,X,X,X,X
SLOZJIT,O,X,X,X,X
SJTILZO,X,X,X,X,X
SJTILOZ,X,X,X,X,X
SJTIZLO,X,X,X,X,X
SJTIZOL,X,X,X,X,X
SJTIOLZ,X,X,X,X,X
SJTIOZL,X,X,X,X,X
SJTLIZO,X,X,X,X,O
SJTLIOZ,X,X,X,X,X
SJTLZIO,X,X,X,X,O
SJTLZOI,X,X,X,X,O
SJTLOIZ,X,X,X,X,O
SJTLOZI,O,X,X,X,O
SJTZILO,X,X,X,X,O
SJTZIOL,X,X,X,X,O
SJTZLIO,X,X,X,X,O
SJTZLOI,X,X,X,X,O
SJTZOIL,X,X,X,X,O
SJTZOLI,X,X,X,X,O
SJTOILZ,X,X,X,X,O
SJTOIZL,X,X,X,X,O
SJTOLIZ,X,X,X,X,O
SJTOLZI,O,X,X,X,O
SJTOZIL,X,X,X,X,O
SJTOZLI,X,X,X,X,O
SJITLZO,X,X,X,X,X
SJITLOZ,X,X,X,X,X
SJITZLO,X,X,X,X,X
SJITZOL,X,X,X,X,X
SJITOLZ,X,X,X,X,X
SJITOZL,X,X,X,X,X
SJILTZO,X,X,X,X,X
SJILTOZ,X,X,X,X,X
SJILZTO,X,X,X,X,X
SJILZOT,X,X,X,O,X
SJILOTZ,X,X,X,X,X
SJILOZT,X,X,O,X,X
SJIZTLO,X,X,X,X,X
SJIZTOL,X,X,X,X,X
SJIZLTO,X,X,X,X,X
SJIZLOT,X,X,X,O,X
SJIZOTL,X,X,X,X,X
SJIZOLT,X,X,X,O,X
SJIOTLZ,X,X,X,X,X
SJIOTZL,X,X,X,X,X
SJIOLTZ,X,X,X,X,X
SJIOLZT,X,X,O,X,X
SJIOZTL,X,X,X,X,X
SJIOZLT,X,X,X,X,X
SJLTIZO,X,X,X,X,X
SJLTIOZ,X,X,X,X,X
SJLTZIO,X,X,X,X,X
SJLTZOI,X,X,X,X,X
SJLTOIZ,X,X,X,X,X
SJLTOZI,O,X,X,X,X
SJLITZO,X,X,X,X,X
SJLITOZ,X,X,X,X,X
SJLIZTO,X,X,X,X,X
SJLIZOT,X,X,X,O,X
SJLIOTZ,X,X,X,X,X
SJLIOZT,X,X,O,X,X
SJLZTIO,O,X,X,X,X
SJLZTOI,O,X,X,X,X
SJLZITO,X,X,X,X,X
SJLZIOT,X,X,X,O,X
SJLZOTI,O,X,X,O,X
SJLZOIT,O,X,X,O,X
SJLOTIZ,X,X,X,X,X
SJLOTZI,O,X,X,X,X
SJLOITZ,X,X,X,X,X
SJLOIZT,O,X,O,X,X
SJLOZTI,O,X,X,X,X
SJLOZIT,O,X,O,X,X
SJZTILO,O,X,X,X,O
SJZTIOL,X,X,X,X,O
SJZTLIO,O,X,X,X,O
SJZTLOI,O,X,X,X,O
SJZTOIL,O,X,X,X,O
SJZTOLI,O,X,X,X,O
SJZITLO,X,X,X,X,O
SJZITOL,X,X,X,X,O
SJZILTO,X,X,X,X,X
SJZILOT,X,X,X,O,X
SJZIOTL,X,X,X,X,X
SJZIOLT,X,X,X,O,X
SJZLTIO,O,X,X,X,X
SJZLTOI,O,X,X,X,X
SJZLITO,X,X,X,X,X
SJZLIOT,X,X,X,O,X
SJZLOTI,O,X,X,O,X
SJZLOIT,O,X,X,O,X
SJZOTIL,O,X,X,X,X
SJZOTLI,O,X,X,X,X
SJZOITL,X,X,X,X,X
SJZOILT,O,X,X,O,X
SJZOLTI,O,X,X,O,X
SJZOLIT,O,X,X,O,X
SJOTILZ,X,X,X,X,O
SJOTIZL,X,X,X,X,O
SJOTLIZ,X,X,X,X,O
SJOTLZI,O,X,X,X,O
SJOTZIL,X,X,X,X,O
SJOTZLI,X,X,X,X,O
SJOITLZ,X,X,X,X,X
SJOITZL,X,X,X,X,X
SJOILTZ,X,X,X,X,X
SJOILZT,O,X,O,X,X
SJOIZTL,X,X,X,X,X
SJOIZLT,X,X,X,X,X
SJOLTIZ,X,X,X,X,X
SJOLTZI,O,X,X,X,X
SJOLITZ,X,X,X,X,X
SJOLIZT,O,X,O,X,X
SJOLZTI,O,X,X,X,X
SJOLZIT,O,X,O,X,X
SJOZTIL,O,X,X,X,X
SJOZTLI,O,X,X,X,X
SJOZITL,X,X,X,X,X
SJOZILT,O,X,X,X,X
SJOZLTI,O,X,X,X,X
SJOZLIT,O,X,X,X,X
SZTILJO,O,X,X,X,X
SZTILOJ,X,X,X,X,X
SZTIJLO,O,X,X,X,O
SZTIJOL,X,X,X,X,O
SZTIOLJ,X,X,X,X,X
SZTIOJL,X,X,X,X,X
SZTLIJO,O,X,X,X,O
SZTLIOJ,X,X,X,X,X
SZTLJIO,O,X,X,X,O
SZTLJOI,O,X,X,X,O
SZTLOIJ,O,X,X,X,O
SZTLOJI,O,X,X,X,O
SZTJILO,O,X,X,X,O
SZTJIOL,X,X,X,X,O
SZTJLIO,O,X,X,X,O
SZTJLOI,O,X,X,X,O
SZTJOIL,O,X,X,X,O
SZTJOLI,O,X,X,X,O
SZTOILJ,O,X,X,X,X
SZTOIJL,O,X,X,X,O
SZTOLIJ,O,X,X,X,O
SZTOLJI,O,X,X,X,O
SZTOJIL,O,X,X,X,O
SZTOJLI,O,X,X,X,O
SZITLJO,X,X,X,X,X
SZITLOJ,X,X,X,X,X
SZITJLO,X,X,X,X,X
SZITJOL,X,X,X,X,X
SZITOLJ,X,X,X,X,X
SZITOJL,X,X,X,X,X
SZILTJO,X,X,X,X,X
SZILTOJ,X,X,X,X,X
SZILJTO,X,X,X,X,X
SZILJOT,X,X,X,O,X
SZILOTJ,X,X,X,X,X
SZILOJT,X,X,X,O,X
SZIJTLO,X,X,X,X,O
SZIJTOL,X,X,X,X,O
SZIJLTO,X,X,X,X,X
SZIJLOT,X,X,X,O,X
SZIJOTL,X,X,X,X,X
SZIJOLT,X,X,X,O,X
SZIOTLJ,X,X,X,X,X
SZIOTJL,X,X,X,X,X
SZIOLTJ,X,X,X,X,X
SZIOLJT,X,X,X,O,X
SZIOJTL,X,X,X,X,X
SZIOJLT,X,X,X,O,X
SZLTIJO,O,X,X,X,X
SZLTIOJ,X,X,X,X,X
SZLTJIO,O,X,X,X,X
SZLTJOI,O,X,X,X,X
SZLTOIJ,O,X,X,X,X
SZLTOJI,O,X,X,X,X
SZLITJO,X,X,X,X,X
SZLITOJ,X,X,X,X,X
SZLIJTO,X,X,X,X,X
SZLIJOT,X,X,X,O,X
SZLIOTJ,X,X,X,X,X
SZLIOJT,X,X,X,O,X
SZLJTIO,O,X,X,X,X
SZLJTOI,O,X,X,X,X
SZLJITO,X,X,X,X,X
SZLJIOT,X,X,X,O,X
SZLJOTI,O,X,X,O,X
SZLJOIT,O,X,X,O,X
SZLOTIJ,O,X,X,X,X
SZLOTJI,O,X,X,X,X
SZLOITJ,X,X,X,X,X
SZLOIJT,O,X,X,O,X
SZLOJTI,O,X,X,O,X
SZLOJIT,O,X,X,O,X
SZJTILO,O,X,X,X,O
SZJTIOL,X,X,X,X,O
SZJTLIO,O,X,X,X,O
SZJTLOI,O,X,X,X,O
SZJTOIL,O,X,X,X,O
SZJTOLI,O,X,X,X,O
SZJITLO,X,X,X,X,O
SZJITOL,X,X,X,X,O
SZJILTO,X,X,X,X,X
SZJILOT,X,X,X,O,X
SZJIOTL,X,X,X,X,X
SZJIOLT,X,X,X,O,X
SZJLTIO,O,X,X,X,X
SZJLTOI,O,X,X,X,X
SZJLITO,X,X,X,X,X
SZJLIOT,X,X,X,O,X
SZJLOTI,O,X,X,O,X
SZJLOIT,O,X,X,O,X
SZJOTIL,O,X,X,X,X
SZJOTLI,O,X,X,X,X
SZJOITL,X,X,X,X,X
SZJOILT,O,X,X,O,X
SZJOLTI,O,X,X,O,X
SZJOLIT,O,X,X,O,X
SZOTILJ,O,X,X,X,X
SZOTIJL,O,X,X,X,X
SZOTLIJ,O,X,X,X,X
SZOTLJI,O,X,X,X,X
SZOTJIL,O,X,X,X,X
SZOTJLI,O,X,X,X,X
SZOITLJ,X,X,X,X,X
SZOITJL,X,X,X,X,X
SZOILTJ,X,X,X,X,X
SZOILJT,O,X,X,O,X
SZOIJTL,X,X,X,X,X
SZOIJLT,O,X,X,O,X
SZOLTIJ,O,X,X,X,X
SZOLTJI,O,X,X,X,X
SZOLITJ,X,X,X,X,X
SZOLIJT,O,X,X,O,X
SZOLJTI,O,X,X,O,X
SZOLJIT,O,X,X,O,X
SZOJTIL,O,X,X,X,X
SZOJTLI,O,X,X,X,X
SZOJITL,X,X,X,X,X
SZOJILT,O,X,X,O,X
SZOJLTI,O,X,X,O,X
SZOJLIT,O,X,X,O,X
SOTILJZ,X,X,X,X,O
SOTILZJ,X,X,X,X,O
SOTIJLZ,X,X,X,X,O
SOTIJZL,X,X,X,X,O
SOTIZLJ,X,X,X,X,X
SOTIZJL,X,X,X,X,O
SOTLIJZ,X,X,X,X,O
SOTLIZJ,X,X,X,X,O
SOTLJIZ,X,X,X,X,O
SOTLJZI,O,X,X,X,O
SOTLZIJ,X,X,X,X,O
SOTLZJI,X,X,X,X,O
SOTJILZ,X,X,X,X,O
SOTJIZL,X,X,X,X,O
SOTJLIZ,X,X,X,X,O
SOTJLZI,O,X,X,X,O
SOTJZIL,X,X,X,X,O
SOTJZLI,X,X,X,X,O
SOTZILJ,X,X,X,X,X
SOTZIJL,X,X,X,X,O
SOTZLIJ,X,X,X,X,O
SOTZLJI,X,X,X,X,O
SOTZJIL,X,X,X,X,O
SOTZJLI,X,X,X,X,O
SOITLJZ,X,X,X,X,X
SOITLZJ,X,X,X,X,X
SOITJLZ,X,X,X,X,X
SOITJZL,X,X,X,X,X
SOITZLJ,X,X,X,X,X
SOITZJL,X,X,X,X,X
SOILTJZ,X,X,X,X,X
SOILTZJ,X,X,X,X,X
SOILJTZ,X,X,X,X,X
SOILJZT,O,X,X,X,X
SOILZTJ,X,X,X,X,X
SOILZJT,X,X,X,X,X
SOIJTLZ,X,X,X,X,X
SOIJTZL,X,X,X,X,X
SOIJLTZ,X,X,X,X,X
SOIJLZT,O,X,X,X,X
SOIJZTL,X,X,X,X,X
SOIJZLT,X,X,X,X,X
SOIZTLJ,X,X,X,X,X
SOIZTJL,X,X,X,X,X
SOIZLTJ,X,X,X,X,X
SOIZLJT,X,X,X,X,X
SOIZJTL,X,X,X,X,X
SOIZJLT,X,X,X,X,X
SOLTIJZ,X,X,X,X,X
SOLTIZJ,X,X,X,X,X
SOLTJIZ,X,X,X,X,X
SOLTJZI,O,X,X,X,X
SOLTZIJ,X,X,X,X,X
SOLTZJI,X,X,X,X,X
SOLITJZ,X,X,X,X,X
SOLITZJ,X,X,X,X,X
SOLIJTZ,X,X,X,X,X
SOLIJZT,O,X,X,X,X
SOLIZTJ,X,X,X,X,X
SOLIZJT,X,X,X,X,X
SOLJTIZ,X,X,X,X,X
SOLJTZI,O,X,X,X,X
SOLJITZ,X,X,X,X,X
SOLJIZT,O,X,X,X,X
SOLJZTI,O,X,X,X,X
SOLJZIT,O,X,X,X,X
SOLZTIJ,O,X,X,X,X
SOLZTJI,O,X,X,X,X
SOLZITJ,X,X,X,X,X
SOLZIJT,O,X,X,X,X
SOLZJTI,O,X,X,X,X
SOLZJIT,O,X,X,X,X
SOJTILZ,X,X,X,X,O
SOJTIZL,X,X,X,X,O
SOJTLIZ,X,X,X,X,O
SOJTLZI,O,X,X,X,O
SOJTZIL,X,X,X,X,O
SOJTZLI,X,X,X,X,O
SOJITLZ,X,X,X,X,X
SOJITZL,X,X,X,X,X
SOJILTZ,X,X,X,X,X
SOJILZT,O,X,X,X,X
SOJIZTL,X,X,X,X,X
SOJIZLT,X,X,X,X,X
SOJLTIZ,X,X,X,X,X
SOJLTZI,O,X,X,X,X
SOJLITZ,X,X,X,X,X
SOJLIZT,O,X,X,X,X
SOJLZTI,O,X,X,X,X
SOJLZIT,O,X,X,X,X
SOJZTIL,O,X,X,X,X
SOJZTLI,O,X,X,X,X
SOJZITL,X,X,X,X,X
SOJZILT,O,X,X,X,X
SOJZLTI,O,X,X,X,X
SOJZLIT,O,X,X,X,X
SOZTILJ,O,X,X,X,X
SOZTIJL,O,X,X,X,X
SOZTLIJ,O,X,X,X,X
SOZTLJI,O,X,X,X,X
SOZTJIL,O,X,X,X,X
SOZTJLI,O,X,X,X,X
SOZITLJ,X,X,X,X,X
SOZITJL,X,X,X,X,X
SOZILTJ,X,X,X,X,X
SOZILJT,O,X,X,X,X
SOZIJTL,X,X,X,X,X
SOZIJLT,O,X,X,X,X
SOZLTIJ,O,X,X,X,X
SOZLTJI,O,X,X,X,X
SOZLITJ,X,X,X,X,X
SOZLIJT,O,X,X,X,X
SOZLJTI,O,X,X,X,X
SOZLJIT,O,X,X,X,X
SOZJTIL,O,X,X,X,X
SOZJTLI,O,X,X,X,X
SOZJITL,X,X,X,X,X
SOZJILT,O,X,X,X,X
SOZJLTI,O,X,X,X,X
SOZJLIT,O,X,X,X,X
ZTILJSO,X,X,X,X,X
ZTILJOS,X,X,X,X,X
ZTILSJO,X,X,X,X,X
ZTILSOJ,X,X,X,X,X
ZTILOJS,X,X,X,X,X
ZTILOSJ,X,X,X,X,X
ZTIJLSO,X,X,X,X,X
ZTIJLOS,X,X,X,X,X
ZTIJSLO,O,X,X,X,X
ZTIJSOL,X,X,X,X,X
ZTIJOLS,X,X,X,X,X
ZTIJOSL,X,X,X,X,X
ZTISLJO,O,X,X,X,X
ZTISLOJ,X,X,X,X,X
ZTISJLO,O,X,X,X,X
ZTISJOL,X,X,X,X,X
ZTISOLJ,X,X,X,X,X
ZTISOJL,X,X,X,X,X
ZTIOLJS,X,X,X,X,X
ZTIOLSJ,X,X,X,X,X
ZTIOJLS,X,X,X,X,X
ZTIOJSL,X,X,X,X,X
ZTIOSLJ,X,X,X,X,X
ZTIOSJL,X,X,X,X,X
ZTLIJSO,X,X,X,X,X
ZTLIJOS,X,X,X,X,X
ZTLISJO,X,X,X,X,X
ZTLISOJ,X,X,X,X,X
ZTLIOJS,X,X,X,X,X
ZTLIOSJ,X,X,X,X,X
ZTLJISO,X,X,X,X,X
ZTLJIOS,X,X,X,X,X
ZTLJSIO,X,X,X,X,X
ZTLJSOI,X,X,X,X,X
ZTLJOIS,X,X,X,X,X
ZTLJOSI,X,X,X,X,X
ZTLSIJO,X,X,X,X,X
ZTLSIOJ,X,X,X,X,X
ZTLSJIO,X,X,X,X,X
ZTLSJOI,X,X,X,X,X
ZTLSOIJ,X,X,X,X,X
ZTLSOJI,X,X,X,X,X
ZTLOIJS,X,X,X,X,X
ZTLOISJ,X,X,X,X,X
ZTLOJIS,X,X,X,X,X
ZTLOJSI,X,X,X,X,X
ZTLOSIJ,X,X,X,X,X
ZTLOSJI,X,X,X,X,X
ZTJILSO,X,X,X,X,X
ZTJILOS,X,X,X,X,X
ZTJISLO,O,X,X,X,X
ZTJISOL,X,X,X,X,X
ZTJIOLS,X,X,X,X,X
ZTJIOSL,X,X,X,X,X
ZTJLISO,X,X,X,X,X
ZTJLIOS,X,X,X,X,X
ZTJLSIO,X,X,X,X,X
ZTJLSOI,X,X,X,X,X
ZTJLOIS,X,X,X,X,X
ZTJLOSI,X,X,X,X,X
ZTJSILO,X,X,X,X,X
ZTJSIOL,X,X,X,X,X
ZTJSLIO,X,X,X,X,X
ZTJSLOI,X,X,X,X,X
ZTJSOIL,X,X,X,X,X
ZTJSOLI,X,X,X,X,X
ZTJOILS,X,X,X,X,X
ZTJOISL,O,X,X,X,X
ZTJOLIS,X,X,X,X,X
ZTJOLSI,X,X,X,X,X
ZTJOSIL,X,X,X,X,X
ZTJOSLI,X,X,X,X,X
ZTSILJO,X,X,X,X,X
ZTSILOJ,X,X,X,X,X
ZTSIJLO,X,X,X,X,X
ZTSIJOL,X,X,X,X,X
ZTSIOLJ,X,X,X,X,X
ZTSIOJL,X,X,X,X,X
ZTSLIJO,X,X,X,X,X
ZTSLIOJ,X,X,X,X,X
ZTSLJIO,X,X,X,X,X
ZTSLJOI,X,X,X,X,X
ZTSLOIJ,X,X,X,X,X
ZTSLOJI,X,X,X,X,X
ZTSJILO,X,X,X,X,X
ZTSJIOL,X,X,X,X,X
ZTSJLIO,X,X,X,X,X
ZTSJLOI,X,X,X,X,X
ZTSJOIL,X,X,X,X,X
ZTSJOLI,X,X,X,X,X
ZTSOILJ,X,X,X,X,X
ZTSOIJL,X,X,X,X,X
ZTSOLIJ,X,X,X,X,X
ZTSOLJI,X,X,X,X,X
ZTSOJIL,X,X,X,X,X
ZTSOJLI,X,X,X,X,X
ZTOILJS,X,X,X,X,X
ZTOILSJ,X,X,X,X,X
ZTOIJLS,X,X,X,X,X
ZTOIJSL,O,X,X,X,X
ZTOISLJ,O,X,X,X,X
ZTOISJL,O,X,X,X,X
ZTOLIJS,X,X,X,X,X
ZTOLISJ,X,X,X,X,X
ZTOLJIS,X,X,X,X,X
ZTOLJSI,X,X,X,X,X
ZTOLSIJ,X,X,X,X,X
ZTOLSJI,X,X,X,X,X
ZTOJILS,X,X,X,X,X
ZTOJISL,O,X,X,X,X
ZTOJLIS,X,X,X,X,X
ZTOJLSI,X,X,X,X,X
ZTOJSIL,X,X,X,X,X
ZTOJSLI,X,X,X,X,X
ZTOSILJ,X,X,X,X,X
ZTOSIJL,X,X,X,X,X
ZTOSLIJ,X,X,X,X,X
ZTOSLJI,X,X,X,X,X
ZTOSJIL,X,X,X,X,X
ZTOSJLI,X,X,X,X,X
ZITLJSO,X,X,X,X,X
ZITLJOS,X,X,X,X,X
ZITLSJO,X,X,X,X,X
ZITLSOJ,X,X,X,X,X
ZITLOJS,X,X,X,X,X
ZITLOSJ,X,X,X,X,X
ZITJLSO,X,X,X,X,X
ZITJLOS,X,X,X,X,X
ZITJSLO,X,X,X,X,X
ZITJSOL,X,X,X,X,X
ZITJOLS,X,X,X,X,X
ZITJOSL,X,X,X,X,X
ZITSLJO,X,X,X,X,X
ZITSLOJ,X,X,X,X,X
ZITSJLO,X,X,X,X,X
ZITSJOL,X,X,X,X,X
ZITSOLJ,X,X,X,X,X
ZITSOJL,X,X,X,X,X
ZITOLJS,X,X,X,X,X
ZITOLSJ,X,X,X,X,X
ZITOJLS,X,X,X,X,X
ZITOJSL,X,X,X,X,X
ZITOSLJ,X,X,X,X,X
ZITOSJL,X,X,X,X,X
ZILTJSO,X,X,X,X,X
ZILTJOS,X,X,X,X,X
ZILTSJO,X,X,X,X,X
ZILTSOJ,X,X,X,X,X
ZILTOJS,X,X,X,X,X
ZILTOSJ,X,X,X,X,X
ZILJTSO,X,X,X,X,X
ZILJTOS,X,X,X,X,X
ZILJSTO,X,X,X,X,X
ZILJSOT,X,X,X,X,X
ZILJOTS,X,X,X,X,X
ZILJOST,X,X,X,X,X
ZILSTJO,X,X,X,X,X
ZILSTOJ,X,X,X,X,X
ZILSJTO,X,X,X,X,X
ZILSJOT,X,X,X,X,X
ZILSOTJ,X,X,X,X,X
ZILSOJT,X,X,X,X,X
ZILOTJS,X,X,X,X,X
ZILOTSJ,X,X,X,X,X
ZILOJTS,X,X,X,X,X
ZILOJST,X,X,X,X,X
ZILOSTJ,X,X,X,X,X
ZILOSJT,X,X,X,X,X
ZIJTLSO,X,X,X,X,X
ZIJTLOS,X,X,X,X,X
ZIJTSLO,X,X,X,X,X
ZIJTSOL,X,X,X,X,X
ZIJTOLS,X,X,X,X,X
ZIJTOSL,X,X,X,X,X
ZIJLTSO,X,X,X,X,X
ZIJLTOS,X,X,X,X,X
ZIJLSTO,X,X,X,X,X
ZIJLSOT,X,X,X,X,X
ZIJLOTS,X,X,X,X,X
ZIJLOST,X,X,X,X,X
ZIJSTLO,X,X,X,X,X
ZIJSTOL,X,X,X,X,X
ZIJSLTO,X,X,X,X,X
ZIJSLOT,X,X,X,O,X
ZIJSOTL,X,X,X,X,X
ZIJSOLT,X,X,X,O,X
ZIJOTLS,X,X,X,X,X
ZIJOTSL,X,X,X,X,X
ZIJOLTS,X,X,X,X,X
ZIJOLST,X,X,X,X,X
ZIJOSTL,X,X,X,X,X
ZIJOSLT,X,X,X,O,X
ZISTLJO,X,X,X,X,X
ZISTLOJ,X,X,X,X,X
ZISTJLO,X,X,X,X,X
ZISTJOL,X,X,X,X,X
ZISTOLJ,X,X,X,X,X
ZISTOJL,X,X,X,X,X
ZISLTJO,X,X,X,X,X
ZISLTOJ,X,X,X,X,X
ZISLJTO,X,X,X,X,X
ZISLJOT,X,X,X,O,X
ZISLOTJ,X,X,X,X,X
ZISLOJT,X,X,X,O,X
ZISJTLO,X,X,X,X,X
ZISJTOL,X,X,X,X,X
ZISJLTO,X,X,X,X,X
ZISJLOT,X,X,X,O,X
ZISJOTL,X,X,X,X,X
ZISJOLT,X,X,X,O,X
ZISOTLJ,X,X,X,X,X
ZISOTJL,X,X,X,X,X
ZISOLTJ,X,X,X,X,X
ZISOLJT,X,X,X,O,X
ZISOJTL,X,X,X,X,X
ZISOJLT,X,X,X,O,X
ZIOTLJS,X,X,X,X,X
ZIOTLSJ,X,X,X,X,X
ZIOTJLS,X,X,X,X,X
ZIOTJSL,X,X,X,X,X
ZIOTSLJ,X,X,X,X,X
ZIOTSJL,X,X,X,X,X
ZIOLTJS,X,X,X,X,X
ZIOLTSJ,X,X,X,X,X
ZIOLJTS,X,X,X,X,X
ZIOLJST,X,X,X,X,X
ZIOLSTJ,X,X,X,X,X
ZIOLSJT,X,X,X,X,X
ZIOJTLS,X,X,X,X,X
ZIOJTSL,X,X,X,X,X
ZIOJLTS,X,X,X,X,X
ZIOJLST,X,X,X,X,X
ZIOJSTL,X,X,X,X,X
ZIOJSLT,X,X,X,O,X
ZIOSTLJ,X,X,X,X,X
ZIOSTJL,X,X,X,X,X
ZIOSLTJ,X,X,X,X,X
ZIOSLJT,X,X,X,O,X
ZIOSJTL,X,X,X,X,X
ZIOSJLT,X,X,X,O,X
ZLTIJSO,X,X,X,X,X
ZLTIJOS,X,X,X,X,X
ZLTISJO,X,X,X,X,X
ZLTISOJ,X,X,X,X,X
ZLTIOJS,X,X,X,X,X
ZLTIOSJ,X,X,X,X,X
ZLTJISO,X,X,X,X,X
ZLTJIOS,X,X,X,X,X
ZLTJSIO,X,X,X,X,X
ZLTJSOI,X,X,X,X,X
ZLTJOIS,X,X,X,X,X
ZLTJOSI,X,X,X,X,X
ZLTSIJO,X,X,X,X,X
ZLTSIOJ,X,X,X,X,X
ZLTSJIO,X,X,X,X,X
ZLTSJOI,X,X,X,X,X
ZLTSOIJ,X,X,X,X,X
ZLTSOJI,X,X,X,X,X
ZLTOIJS,X,X,X,X,X
ZLTOISJ,X,X,X,X,X
ZLTOJIS,X,X,X,X,X
ZLTOJSI,X,X,X,X,X
ZLTOSIJ,X,X,X,X,X
ZLTOSJI,X,X,X,X,X
ZLITJSO,X,X,X,X,X
ZLITJOS,X,X,X,X,X
ZLITSJO,X,X,X,X,X
ZLITSOJ,X,X,X,X,X
ZLITOJS,X,X,X,X,X
ZLITOSJ,X,X,X,X,X
ZLIJTSO,X,X,X,X,X
ZLIJTOS,X,X,X,X,X
ZLIJSTO,X,X,X,X,X
ZLIJSOT,X,X,X,X,X
ZLIJOTS,X,X,X,X,X
ZLIJOST,X,X,X,X,X
ZLISTJO,X,X,X,X,X
ZLISTOJ,X,X,X,X,X
ZLISJTO,X,X,X,X,X
ZLISJOT,X,X,X,X,X
ZLISOTJ,X,X,X,X,X
ZLISOJT,X,X,X,X,X
ZLIOTJS,X,X,X,X,X
ZLIOTSJ,X,X,X,X,X
ZLIOJTS,X,X,X,X,X
ZLIOJST,X,X,X,X,X
ZLIOSTJ,X,X,X,X,X
ZLIOSJT,X,X,X,X,X
ZLJTISO,X,X,X,X,X
ZLJTIOS,X,X,X,X,X
ZLJTSIO,X,X,X,X,X
ZLJTSOI,X,X,X,X,X
ZLJTOIS,X,X,X,X,X
ZLJTOSI,X,X,X,X,X
ZLJITSO,X,X,X,X,X
ZLJITOS,X,X,X,X,X
ZLJISTO,X,X,X,X,X
ZLJISOT,X,X,X,X,X
ZLJIOTS,X,X,X,X,X
ZLJIOST,X,X,X,X,X
ZLJSTIO,O,X,X,X,X
ZLJSTOI,O,X,X,X,X
ZLJSITO,X,X,X,X,X
ZLJSIOT,X,X,X,X,X
ZLJSOTI,O,X,X,X,X
ZLJSOIT,O,X,X,X,X
ZLJOTIS,X,X,X,X,X
ZLJOTSI,X,X,X,X,X
ZLJOITS,X,X,X,X,X
ZLJOIST,O,X,X,X,X
ZLJOSTI,O,X,X,X,X
ZLJOSIT,O,X,X,X,X
ZLSTIJO,O,X,X,X,X
ZLSTIOJ,X,X,X,X,X
ZLSTJIO,O,X,X,X,X
ZLSTJOI,O,X,X,X,X
ZLSTOIJ,O,X,X,X,X
ZLSTOJI,O,X,X,X,X
ZLSITJO,X,X,X,X,X
ZLSITOJ,X,X,X,X,X
ZLSIJTO,X,X,X,X,X
ZLSIJOT,X,X,X,X,X
ZLSIOTJ,X,X,X,X,X
ZLSIOJT,X,X,X,X,X
ZLSJTIO,O,X,X,X,X
ZLSJTOI,O,X,X,X,X
ZLSJITO,X,X,X,X,X
ZLSJIOT,X,X,X,X,X
ZLSJOTI,O,X,X,X,X
ZLSJOIT,O,X,X,X,X
ZLSOTIJ,O,X,X,X,X
ZLSOTJI,O,X,X,X,X
ZLSOITJ,X,X,X,X,X
ZLSOIJT,O,X,X,X,X
ZLSOJTI,O,X,X,X,X
ZLSOJIT,O,X,X,X,X
ZLOTIJS,X,X,X,X,X
ZLOTISJ,X,X,X,X,X
ZLOTJIS,X,X,X,X,X
ZLOTJSI,X,X,X,X,X
ZLOTSIJ,X,X,X,X,X
ZLOTSJI,X,X,X,X,X
ZLOITJS,X,X,X,X,X
ZLOITSJ,X,X,X,X,X
ZLOIJTS,X,X,X,X,X
ZLOIJST,O,X,X,X,X
ZLOISTJ,X,X,X,X,X
ZLOISJT,X,X,X,X,X
ZLOJTIS,X,X,X,X,X
ZLOJTSI,X,X,X,X,X
ZLOJITS,X,X,X,X,X
ZLOJIST,O,X,X,X,X
ZLOJSTI,O,X,X,X,X
ZLOJSIT,O,X,X,X,X
ZLOSTIJ,O,X,X,X,X
ZLOSTJI,O,X,X,X,X
ZLOSITJ,X,X,X,X,X
ZLOSIJT,O,X,X,X,X
ZLOSJTI,O,X,X,X,X
ZLOSJIT,O,X,X,X,X
ZJTILSO,X,X,X,X,X
ZJTILOS,X,X,X,X,X
ZJTISLO,O,X,X,X,X
ZJTISOL,X,X,X,X,X
ZJTIOLS,X,X,X,X,X
ZJTIOSL,X,X,X,X,X
ZJTLISO,X,X,X,X,X
ZJTLIOS,X,X,X,X,X
ZJTLSIO,X,X,X,X,X
ZJTLSOI,X,X,X,X,X
ZJTLOIS,X,X,X,X,X
ZJTLOSI,X,X,X,X,X
ZJTSILO,X,X,X,X,X
ZJTSIOL,X,X,X,X,X
ZJTSLIO,X,X,X,X,X
ZJTSLOI,X,X,X,X,X
ZJTSOIL,X,X,X,X,X
ZJTSOLI,X,X,X,X,X
ZJTOILS,X,X,X,X,X
ZJTOISL,O,X,X,X,X
ZJTOLIS,X,X,X,X,X
ZJTOLSI,X,X,X,X,X
ZJTOSIL,X,X,X,X,X
ZJTOSLI,X,X,X,X,X
ZJITLSO,X,X,X,X,X
ZJITLOS,X,X,X,X,X
ZJITSLO,X,X,X,X,X
ZJITSOL,X,X,X,X,X
ZJITOLS,X,X,X,X,X
ZJITOSL,X,X,X,X,X
ZJILTSO,X,X,X,X,X
ZJILTOS,X,X,X,X,X
ZJILSTO,X,X,X,X,X
ZJILSOT,X,X,X,X,X
ZJILOTS,X,X,X,X,X
ZJILOST,X,X,X,X,X
ZJISTLO,X,X,X,X,X
ZJISTOL,X,X,X,X,X
ZJISLTO,X,X,X,X,X
ZJISLOT,X,X,X,O,X
ZJISOTL,X,X,X,X,X
ZJISOLT,X,X,X,O,X
ZJIOTLS,X,X,X,X,X
ZJIOTSL,X,X,X,X,X
ZJIOLTS,X,X,X,X,X
ZJIOLST,X,X,X,X,X
ZJIOSTL,X,X,X,X,X
ZJIOSLT,X,X,X,O,X
ZJLTISO,X,X,X,X,X
ZJLTIOS,X,X,X,X,X
ZJLTSIO,X,X,X,X,X
ZJLTSOI,X,X,X,X,X
ZJLTOIS,X,X,X,X,X
ZJLTOSI,X,X,X,X,X
ZJLITSO,X,X,X,X,X
ZJLITOS,X,X,X,X,X
ZJLISTO,X,X,X,X,X
ZJLISOT,X,X,X,X,X
ZJLIOTS,X,X,X,X,X
ZJLIOST,X,X,X,X,X
ZJLSTIO,O,X,X,X,X
ZJLSTOI,O,X,X,X,X
ZJLSITO,X,X,X,X,X
ZJLSIOT,X,X,X,X,X
ZJLSOTI,O,X,X,X,X
ZJLSOIT,O,X,X,X,X
ZJLOTIS,X,X,X,X,X
ZJLOTSI,X,X,X,X,X
ZJLOITS,X,X,X,X,X
ZJLOIST,O,X,X,X,X
ZJLOSTI,O,X,X,X,X
ZJLOSIT,O,X,X,X,X
ZJSTILO,O,X,X,X,X
ZJSTIOL,X,X,X,X,X
ZJSTLIO,O,X,X,X,X
ZJSTLOI,O,X,X,X,X
ZJSTOIL,O,X,X,X,X
ZJSTOLI,O,X,X,X,X
ZJSITLO,X,X,X,X,X
ZJSITOL,X,X,X,X,X
ZJSILTO,X,X,X,X,X
ZJSILOT,X,X,X,O,X
ZJSIOTL,X,X,X,X,X
ZJSIOLT,X,X,X,O,X
ZJSLTIO,O,X,X,X,X
ZJSLTOI,O,X,X,X,X
ZJSLITO,X,X,X,X,X
ZJSLIOT,X,X,X,O,X
ZJSLOTI,O,X,X,O,X
ZJSLOIT,O,X,X,O,X
ZJSOTIL,O,X,X,X,X
ZJSOTLI,O,X,X,X,X
ZJSOITL,X,X,X,X,X
ZJSOILT,O,X,X,O,X
ZJSOLTI,O,X,X,O,X
ZJSOLIT,O,X,X,O,X
ZJOTILS,X,X,X,X,X
ZJOTISL,O,X,X,X,X
ZJOTLIS,X,X,X,X,X
ZJOTLSI,X,X,X,X,X
ZJOTSIL,X,X,X,X,X
ZJOTSLI,X,X,X,X,X
ZJOITLS,X,X,X,X,X
ZJOITSL,O,X,X,X,X
ZJOILTS,X,X,X,X,X
ZJOILST,O,X,X,X,X
ZJOISTL,X,X,X,X,X
ZJOISLT,O,X,X,O,X
ZJOLTIS,X,X,X,X,X
ZJOLTSI,X,X,X,X,X
ZJOLITS,X,X,X,X,X
ZJOLIST,O,X,X,X,X
ZJOLSTI,O,X,X,X,X
ZJOLSIT,O,X,X,X,X
ZJOSTIL,O,X,X,X,X
ZJOSTLI,O,X,X,X,X
ZJOSITL,X,X,X,X,X
ZJOSILT,O,X,X,O,X
ZJOSLTI,O,X,X,O,X
ZJOSLIT,O,X,X,O,X
ZSTILJO,O,X,X,X,X
ZSTILOJ,X,X,X,X,X
ZSTIJLO,O,X,X,X,X
ZSTIJOL,X,X,X,X,X
ZSTIOLJ,X,X,X,X,X
ZSTIOJL,X,X,X,X,X
ZSTLIJO,O,X,X,X,X
ZSTLIOJ,X,X,X,X,X
ZSTLJIO,O,X,X,X,X
ZSTLJOI,O,X,X,X,X
ZSTLOIJ,O,X,X,X,X
ZSTLOJI,O,X,X,X,X
ZSTJILO,O,X,X,X,X
ZSTJIOL,X,X,X,X,X
ZSTJLIO,O,X,X,X,X
ZSTJLOI,O,X,X,X,X
ZSTJOIL,O,X,X,X,X
ZSTJOLI,O,X,X,X,X
ZSTOILJ,O,X,X,X,X
ZSTOIJL,O,X,X,X,X
ZSTOLIJ,O,X,X,X,X
ZSTOLJI,O,X,X,X,X
ZSTOJIL,O,X,X,X,X
ZSTOJLI,O,X,X,X,X
ZSITLJO,X,X,X,X,X
ZSITLOJ,X,X,X,X,X
ZSITJLO,X,X,X,X,X
ZSITJOL,X,X,X,X,X
ZSITOLJ,X,X,X,X,X
ZSITOJL,X,X,X,X,X
ZSILTJO,X,X,X,X,X
ZSILTOJ,X,X,X,X,X
ZSILJTO,X,X,X,X,X
ZSILJOT,X,X,X,O,X
ZSILOTJ,X,X,X,X,X
ZSILOJT,X,X,X,O,X
ZSIJTLO,X,X,X,X,X
ZSIJTOL,X,X,X,X,X
ZSIJLTO,X,X,X,X,X
ZSIJLOT,X,X,X,O,X
ZSIJOTL,X,X,X,X,X
ZSIJOLT,X,X,X,O,X
ZSIOTLJ,X,X,X,X,X
ZSIOTJL,X,X,X,X,X
ZSIOLTJ,X,X,X,X,X
ZSIOLJT,X,X,X,O,X
ZSIOJTL,X,X,X,X,X
ZSIOJLT,X,X,X,O,X
ZSLTIJO,O,X,X,X,X
ZSLTIOJ,X,X,X,X,X
ZSLTJIO,O,X,X,X,X
ZSLTJOI,O,X,X,X,X
ZSLTOIJ,O,X,X,X,X
ZSLTOJI,O,X,X,X,X
ZSLITJO,X,X,X,X,X
ZSLITOJ,X,X,X,X,X
ZSLIJTO,X,X,X,X,X
ZSLIJOT,X,X,X,O,X
ZSLIOTJ,X,X,X,X,X
ZSLIOJT,X,X,X,O,X
ZSLJTIO,O,X,X,X,X
ZSLJTOI,O,X,X,X,X
ZSLJITO,X,X,X,X,X
ZSLJIOT,X,X,X,O,X
ZSLJOTI,O,X,X,O,X
ZSLJOIT,O,X,X,O,X
ZSLOTIJ,O,X,X,X,X
ZSLOTJI,O,X,X,X,X
ZSLOITJ,X,X,X,X,X
ZSLOIJT,O,X,X,O,X
ZSLOJTI,O,X,X,O,X
ZSLOJIT,O,X,X,O,X
ZSJTILO,O,X,X,X,X
ZSJTIOL,X,X,X,X,X
ZSJTLIO,O,X,X,X,X
ZSJTLOI,O,X,X,X,X
ZSJTOIL,O,X,X,X,X
ZSJTOLI,O,X,X,X,X
ZSJITLO,X,X,X,X,X
ZSJITOL,X,X,X,X,X
ZSJILTO,X,X,X,X,X
ZSJILOT,X,X,X,O,X
ZSJIOTL,X,X,X,X,X
ZSJIOLT,X,X,X,O,X
ZSJLTIO,O,X,X,X,X
ZSJLTOI,O,X,X,X,X
ZSJLITO,X,X,X,X,X
ZSJLIOT,X,X,X,O,X
ZSJLOTI,O,X,X,O,X
ZSJLOIT,O,X,X,O,X
ZSJOTIL,O,X,X,X,X
ZSJOTLI,O,X,X,X,X
ZSJOITL,X,X,X,X,X
ZSJOILT,O,X,X,O,X
ZSJOLTI,O,X,X,O,X
ZSJOLIT,O,X,X,O,X
ZSOTILJ,O,X,X,X,X
ZSOTIJL,O,X,X,X,X
ZSOTLIJ,O,X,X,X,X
ZSOTLJI,O,X,X,X,X
ZSOTJIL,O,X,X,X,X
ZSOTJLI,O,X,X,X,X
ZSOITLJ,X,X,X,X,X
ZSOITJL,X,X,X,X,X
ZSOILTJ,X,X,X,X,X
ZSOILJT,O,X,X,O,X
ZSOIJTL,X,X,X,X,X
ZSOIJLT,O,X,X,O,X
ZSOLTIJ,O,X,X,X,X
ZSOLTJI,O,X,X,X,X
ZSOLITJ,X,X,X,X,X
ZSOLIJT,O,X,X,O,X
ZSOLJTI,O,X,X,O,X
ZSOLJIT,O,X,X,O,X
ZSOJTIL,O,X,X,X,X
ZSOJTLI,O,X,X,X,X
ZSOJITL,X,X,X,X,X
ZSOJILT,O,X,X,O,X
ZSOJLTI,O,X,X,O,X
ZSOJLIT,O,X,X,O,X
ZOTILJS,X,X,X,X,X
ZOTILSJ,X,X,X,X,X
ZOTIJLS,X,X,X,X,X
ZOTIJSL,O,X,X,X,X
ZOTISLJ,O,X,X,X,X
ZOTISJL,O,X,X,X,X
ZOTLIJS,X,X,X,X,X
ZOTLISJ,X,X,X,X,X
ZOTLJIS,X,X,X,X,X
ZOTLJSI,X,X,X,X,X
ZOTLSIJ,X,X,X,X,X
ZOTLSJI,X,X,X,X,X
ZOTJILS,X,X,X,X,X
ZOTJISL,O,X,X,X,X
ZOTJLIS,X,X,X,X,X
ZOTJLSI,X,X,X,X,X
ZOTJSIL,X,X,X,X,X
ZOTJSLI,X,X,X,X,X
ZOTSILJ,X,X,X,X,X
ZOTSIJL,X,X,X,X,X
ZOTSLIJ,X,X,X,X,X
ZOTSLJI,X,X,X,X,X
ZOTSJIL,X,X,X,X,X
ZOTSJLI,X,X,X,X,X
ZOITLJS,X,X,X,X,X
ZOITLSJ,X,X,X,X,X
ZOITJLS,X,X,X,X,X
ZOITJSL,O,X,X,X,X
ZOITSLJ,O,X,X,X,X
ZOITSJL,O,X,X,X,X
ZOILTJS,X,X,X,X,X
ZOILTSJ,X,X,X,X,X
ZOILJTS,X,X,X,X,X
ZOILJST,O,X,X,X,X
ZOILSTJ,X,X,X,X,X
ZOILSJT,X,X,X,X,X
ZOIJTLS,X,X,X,X,X
ZOIJTSL,O,X,X,X,X
ZOIJLTS,X,X,X,X,X
ZOIJLST,O,X,X,X,X
ZOIJSTL,X,X,X,X,X
ZOIJSLT,O,X,X,O,X
ZOISTLJ,X,X,X,X,X
ZOISTJL,X,X,X,X,X
ZOISLTJ,X,X,X,X,X
ZOISLJT,O,X,X,O,X
ZOISJTL,X,X,X,X,X
ZOISJLT,O,X,X,O,X
ZOLTIJS,X,X,X,X,X
ZOLTISJ,X,X,X,X,X
ZOLTJIS,X,X,X,X,X
ZOLTJSI,X,X,X,X,X
ZOLTSIJ,X,X,X,X,X
ZOLTSJI,X,X,X,X,X
ZOLITJS,X,X,X,X,X
ZOLITSJ,X,X,X,X,X
ZOLIJTS,X,X,X,X,X
ZOLIJST,O,X,X,X,X
ZOLISTJ,X,X,X,X,X
ZOLISJT,X,X,X,X,X
ZOLJTIS,X,X,X,X,X
ZOLJTSI,X,X,X,X,X
ZOLJITS,X,X,X,X,X
ZOLJIST,O,X,X,X,X
ZOLJSTI,O,X,X,X,X
ZOLJSIT,O,X,X,X,X
ZOLSTIJ,O,X,X,X,X
ZOLSTJI,O,X,X,X,X
ZOLSITJ,X,X,X,X,X
ZOLSIJT,O,X,X,X,X
ZOLSJTI,O,X,X,X,X
ZOLSJIT,O,X,X,X,X
ZOJTILS,X,X,X,X,X
ZOJTISL,O,X,X,X,X
ZOJTLIS,X,X,X,X,X
ZOJTLSI,X,X,X,X,X
ZOJTSIL,X,X,X,X,X
ZOJTSLI,X,X,X,X,X
ZOJITLS,X,X,X,X,X
ZOJITSL,O,X,X,X,X
ZOJILTS,X,X,X,X,X
ZOJILST,O,X,X,X,X
ZOJISTL,X,X,X,X,X
ZOJISLT,O,X,X,O,X
ZOJLTIS,X,X,X,X,X
ZOJLTSI,X,X,X,X,X
ZOJLITS,X,X,X,X,X
ZOJLIST,O,X,X,X,X
ZOJLSTI,O,X,X,X,X
ZOJLSIT,O,X,X,X,X
ZOJSTIL,O,X,X,X,X
ZOJSTLI,O,X,X,X,X
ZOJSITL,X,X,X,X,X
ZOJSILT,O,X,X,O,X
ZOJSLTI,O,X,X,O,X
ZOJSLIT,O,X,X,O,X
ZOSTILJ,O,X,X,X,X
ZOSTIJL,O,X,X,X,X
ZOSTLIJ,O,X,X,X,X
ZOSTLJI,O,X,X,X,X
ZOSTJIL,O,X,X,X,X
ZOSTJLI,O,X,X,X,X
ZOSITLJ,X,X,X,X,X
ZOSITJL,X,X,X,X,X
ZOSILTJ,X,X,X,X,X
ZOSILJT,O,X,X,O,X
ZOSIJTL,X,X,X,X,X
ZOSIJLT,O,X,X,O,X
ZOSLTIJ,O,X,X,X,X
ZOSLTJI,O,X,X,X,X
ZOSLITJ,X,X,X,X,X
ZOSLIJT,O,X,X,O,X
ZOSLJTI,O,X,X,O,X
ZOSLJIT,O,X,X,O,X
ZOSJTIL,O,X,X,X,X
ZOSJTLI,O,X,X,X,X
ZOSJITL,X,X,X,X,X
ZOSJILT,O,X,X,O,X
ZOSJLTI,O,X,X,O,X
ZOSJLIT,O,X,X,O,X
OTILJSZ,X,O,X,X,O
OTILJZS,X,X,X,X,X
OTILSJZ,X,O,X,X,O
OTILSZJ,X,X,X,X,O
OTILZJS,X,X,X,X,X
OTILZSJ,X,X,X,X,X
OTIJLSZ,X,O,X,X,O
OTIJLZS,X,X,X,X,X
OTIJSLZ,X,O,X,X,O
OTIJSZL,X,X,X,X,O
OTIJZLS,X,X,X,X,X
OTIJZSL,X,X,X,X,X
OTISLJZ,X,O,X,X,O
OTISLZJ,X,X,X,X,O
OTISJLZ,X,O,X,X,O
OTISJZL,X,X,X,X,O
OTISZLJ,X,X,X,X,X
OTISZJL,X,X,X,X,O
OTIZLJS,X,X,X,X,X
OTIZLSJ,X,X,X,X,X
OTIZJLS,X,X,X,X,X
OTIZJSL,X,X,X,X,X
OTIZSLJ,X,X,X,X,X
OTIZSJL,X,X,X,X,X
OTLIJSZ,X,O,X,X,O
OTLIJZS,X,X,X,X,X
OTLISJZ,X,O,X,X,O
OTLISZJ,X,X,X,X,O
OTLIZJS,X,X,X,X,X
OTLIZSJ,X,X,X,X,X
OTLJISZ,X,O,X,X,O
OTLJIZS,X,X,X,X,X
OTLJSIZ,X,O,X,X,O
OTLJSZI,X,O,X,X,O
OTLJZIS,X,X,X,X,X
OTLJZSI,X,X,X,X,X
OTLSIJZ,X,O,X,X,O
OTLSIZJ,X,X,X,X,O
OTLSJIZ,X,O,X,X,O
OTLSJZI,X,O,X,X,O
OTLSZIJ,X,X,X,X,O
OTLSZJI,X,X,X,X,O
OTLZIJS,X,X,X,X,X
OTLZISJ,X,X,X,X,X
OTLZJIS,X,X,X,X,X
OTLZJSI,X,X,X,X,X
OTLZSIJ,X,X,X,X,X
OTLZSJI,X,X,X,X,X
OTJILSZ,X,O,X,X,O
OTJILZS,X,X,X,X,X
OTJISLZ,X,O,X,X,O
OTJISZL,X,X,X,X,O
OTJIZLS,X,X,X,X,X
OTJIZSL,X,X,X,X,X
OTJLISZ,X,O,X,X,O
OTJLIZS,X,X,X,X,X
OTJLSIZ,X,O,X,X,O
OTJLSZI,X,O,X,X,O
OTJLZIS,X,X,X,X,X
OTJLZSI,X,X,X,X,X
OTJSILZ,X,O,X,X,O
OTJSIZL,X,X,X,X,O
OTJSLIZ,X,O,X,X,O
OTJSLZI,X,O,X,X,O
OTJSZIL,X,X,X,X,O
OTJSZLI,X,X,X,X,O
OTJZILS,X,X,X,X,X
OTJZISL,X,X,X,X,X
OTJZLIS,X,X,X,X,X
OTJZLSI,X,X,X,X,X
OTJZSIL,X,X,X,X,X
OTJZSLI,X,X,X,X,X
OTSILJZ,X,O,X,X,O
OTSILZJ,X,X,X,X,O
OTSIJLZ,X,O,X,X,O
OTSIJZL,X,X,X,X,O
OTSIZLJ,X,X,X,X,X
OTSIZJL,X,X,X,X,O
OTSLIJZ,X,O,X,X,O
OTSLIZJ,X,X,X,X,O
OTSLJIZ,X,O,X,X,O
OTSLJZI,X,O,X,X,O
OTSLZIJ,X,X,X,X,O
OTSLZJI,X,X,X,X,O
OTSJILZ,X,O,X,X,O
OTSJIZL,X,X,X,X,O
OTSJLIZ,X,O,X,X,O
OTSJLZI,X,O,X,X,O
OTSJZIL,X,X,X,X,O
OTSJZLI,X,X,X,X,O
OTSZILJ,X,X,X,X,X
OTSZIJL,X,X,X,X,O
OTSZLIJ,X,X,X,X,O
OTSZLJI,X,X,X,X,O
OTSZJIL,X,X,X,X,O
OTSZJLI,X,X,X,X,O
OTZILJS,X,X,X,X,X
OTZILSJ,X,X,X,X,X
OTZIJLS,X,X,X,X,X
OTZIJSL,X,X,X,X,X
OTZISLJ,X,X,X,X,X
OTZISJL,X,X,X,X,X
OTZLIJS,X,X,X,X,X
OTZLISJ,X,X,X,X,X
OTZLJIS,X,X,X,X,X
OTZLJSI,X,X,X,X,X
OTZLSIJ,X,X,X,X,X
OTZLSJI,X,X,X,X,X
OTZJILS,X,X,X,X,X
OTZJISL,X,X,X,X,X
OTZJLIS,X,X,X,X,X
OTZJLSI,X,X,X,X,X
OTZJSIL,X,X,X,X,X
OTZJSLI,X,X,X,X,X
OTZSILJ,X,X,X,X,X
OTZSIJL,X,X,X,X,X
OTZSLIJ,X,X,X,X,X
OTZSLJI,X,X,X,X,X
OTZSJIL,X,X,X,X,X
OTZSJLI,X,X,X,X,X
OITLJSZ,X,O,X,X,O
OITLJZS,X,X,X,X,X
OITLSJZ,X,O,X,X,O
OITLSZJ,X,X,X,X,O
OITLZJS,X,X,X,X,X
OITLZSJ,X,X,X,X,X
OITJLSZ,X,O,X,X,O
OITJLZS,X,X,X,X,X
OITJSLZ,X,O,X,X,O
OITJSZL,X,X,X,X,O
OITJZLS,X,X,X,X,X
OITJZSL,X,X,X,X,X
OITSLJZ,X,O,X,X,O
OITSLZJ,X,X,X,X,O
OITSJLZ,X,O,X,X,O
OITSJZL,X,X,X,X,O
OITSZLJ,X,X,X,X,X
OITSZJL,X,X,X,X,O
OITZLJS,X,X,X,X,X
OITZLSJ,X,X,X,X,X
OITZJLS,X,X,X,X,X
OITZJSL,X,X,X,X,X
OITZSLJ,X,X,X,X,X
OITZSJL,X,X,X,X,X
OILTJSZ,X,O,X,X,X
OILTJZS,X,X,X,X,X
OILTSJZ,X,O,X,X,X
OILTSZJ,X,X,X,X,X
OILTZJS,X,X,X,X,X
OILTZSJ,X,X,X,X,X
OILJTSZ,X,O,X,X,X
OILJTZS,X,X,X,X,X
OILJSTZ,X,X,X,X,X
OILJSZT,O,O,X,X,X
OILJZTS,X,X,X,X,X
OILJZST,O,X,X,X,X
OILSTJZ,X,X,X,X,X
OILSTZJ,X,X,X,X,X
OILSJTZ,X,X,X,X,X
OILSJZT,X,O,X,X,X
OILSZTJ,X,X,X,X,X
OILSZJT,X,X,X,X,X
OILZTJS,X,X,X,X,X
OILZTSJ,X,X,X,X,X
OILZJTS,X,X,X,X,X
OILZJST,X,X,X,X,X
OILZSTJ,X,X,X,X,X
OILZSJT,X,X,X,X,X
OIJTLSZ,X,O,X,X,O
OIJTLZS,X,X,X,X,X
OIJTSLZ,X,O,X,X,O
OIJTSZL,X,X,X,X,O
OIJTZLS,X,X,X,X,X
OIJTZSL,X,X,X,X,X
OIJLTSZ,X,O,X,X,X
OIJLTZS,X,X,X,X,X
OIJLSTZ,X,X,X,X,X
OIJLSZT,O,O,X,X,X
OIJLZTS,X,X,X,X,X
OIJLZST,O,X,X,X,X
OIJSTLZ,X,X,X,X,X
OIJSTZL,X,X,X,X,X
OIJSLTZ,X,X,X,X,X
OIJSLZT,O,O,X,X,X
OIJSZTL,X,X,X,X,X
OIJSZLT,X,X,X,X,X
OIJZTLS,X,X,X,X,X
OIJZTSL,O,X,X,X,X
OIJZLTS,X,X,X,X,X
OIJZLST,O,X,X,X,X
OIJZSTL,X,X,X,X,X
OIJZSLT,O,X,X,X,X
OISTLJZ,X,X,X,X,X
OISTLZJ,X,X,X,X,X
OISTJLZ,X,X,X,X,X
OISTJZL,X,X,X,X,X
OISTZLJ,X,X,X,X,X
OISTZJL,X,X,X,X,X
OISLTJZ,X,X,X,X,X
OISLTZJ,X,X,X,X,X
OISLJTZ,X,X,X,X,X
OISLJZT,O,O,X,X,X
OISLZTJ,X,X,X,X,X
OISLZJT,X,X,X,X,X
OISJTLZ,X,X,X,X,X
OISJTZL,X,X,X,X,X
OISJLTZ,X,X,X,X,X
OISJLZT,O,O,X,X,X
OISJZTL,X,X,X,X,X
OISJZLT,X,X,X,X,X
OISZTLJ,X,X,X,X,X
OISZTJL,X,X,X,X,X
OISZLTJ,X,X,X,X,X
OISZLJT,X,X,X,X,X
OISZJTL,X,X,X,X,X
OISZJLT,X,X,X,X,X
OIZTLJS,X,X,X,X,X
OIZTLSJ,X,X,X,X,X
OIZTJLS,X,X,X,X,X
OIZTJSL,O,X,X,X,X
OIZTSLJ,O,X,X,X,X
OIZTSJL,O,X,X,X,X
OIZLTJS,X,X,X,X,X
OIZLTSJ,X,X,X,X,X
OIZLJTS,X,X,X,X,X
OIZLJST,O,X,X,X,X
OIZLSTJ,X,X,X,X,X
OIZLSJT,X,X,X,X,X
OIZJTLS,X,X,X,X,X
OIZJTSL,O,X,X,X,X
OIZJLTS,X,X,X,X,X
OIZJLST,O,X,X,X,X
OIZJSTL,X,X,X,X,X
OIZJSLT,O,X,X,X,X
OIZSTLJ,X,X,X,X,X
OIZSTJL,X,X,X,X,X
OIZSLTJ,X,X,X,X,X
OIZSLJT,O,X,X,X,X
OIZSJTL,X,X,X,X,X
OIZSJLT,O,X,X,X,X
OLTIJSZ,X,O,X,X,X
OLTIJZS,X,X,X,X,X
OLTISJZ,X,O,X,X,X
OLTISZJ,X,X,X,X,X
OLTIZJS,X,X,X,X,X
OLTIZSJ,X,X,X,X,X
OLTJISZ,X,O,X,X,X
OLTJIZS,X,X,X,X,X
OLTJSIZ,X,O,X,X,X
OLTJSZI,X,O,X,X,X
OLTJZIS,X,X,X,X,X
OLTJZSI,X,X,X,X,X
OLTSIJZ,X,O,X,X,X
OLTSIZJ,X,X,X,X,X
OLTSJIZ,X,O,X,X,X
OLTSJZI,X,O,X,X,X
OLTSZIJ,X,X,X,X,X
OLTSZJI,X,X,X,X,X
OLTZIJS,X,X,X,X,X
OLTZISJ,X,X,X,X,X
OLTZJIS,X,X,X,X,X
OLTZJSI,X,X,X,X,X
OLTZSIJ,X,X,X,X,X
OLTZSJI,X,X,X,X,X
OLITJSZ,X,O,X,X,X
OLITJZS,X,X,X,X,X
OLITSJZ,X,O,X,X,X
OLITSZJ,X,X,X,X,X
OLITZJS,X,X,X,X,X
OLITZSJ,X,X,X,X,X
OLIJTSZ,X,O,X,X,X
OLIJTZS,X,X,X,X,X
OLIJSTZ,X,X,X,X,X
OLIJSZT,O,O,X,X,X
OLIJZTS,X,X,X,X,X
OLIJZST,O,X,X,X,X
OLISTJZ,X,X,X,X,X
OLISTZJ,X,X,X,X,X
OLISJTZ,X,X,X,X,X
OLISJZT,X,O,X,X,X
OLISZTJ,X,X,X,X,X
OLISZJT,X,X,X,X,X
OLIZTJS,X,X,X,X,X
OLIZTSJ,X,X,X,X,X
OLIZJTS,X,X,X,X,X
OLIZJST,X,X,X,X,X
OLIZSTJ,X,X,X,X,X
OLIZSJT,X,X,X,X,X
OLJTISZ,X,O,X,X,X
OLJTIZS,X,X,X,X,X
OLJTSIZ,X,O,X,X,X
OLJTSZI,X,O,X,X,X
OLJTZIS,X,X,X,X,X
OLJTZSI,X,X,X,X,X
OLJITSZ,X,O,X,X,X
OLJITZS,X,X,X,X,X
OLJISTZ,X,X,X,X,X
OLJISZT,O,O,X,X,X
OLJIZTS,X,X,X,X,X
OLJIZST,O,X,X,X,X
OLJSTIZ,X,X,X,X,X
OLJSTZI,O,X,X,X,X
OLJSITZ,X,X,X,X,X
OLJSIZT,O,O,X,X,X
OLJSZTI,O,X,X,X,X
OLJSZIT,O,O,X,X,X
OLJZTIS,X,X,X,X,X
OLJZTSI,X,X,X,X,X
OLJZITS,X,X,X,X,X
OLJZIST,O,X,X,X,X
OLJZSTI,O,X,X,X,X
OLJZSIT,O,X,X,X,X
OLSTIJZ,X,X,X,X,X
OLSTIZJ,X,X,X,X,X
OLSTJIZ,X,X,X,X,X
OLSTJZI,O,X,X,X,X
OLSTZIJ,X,X,X,X,X
OLSTZJI,X,X,X,X,X
OLSITJZ,X,X,X,X,X
OLSITZJ,X,X,X,X,X
OLSIJTZ,X,X,X,X,X
OLSIJZT,O,O,X,X,X
OLSIZTJ,X,X,X,X,X
OLSIZJT,X,X,X,X,X
OLSJTIZ,X,X,X,X,X
OLSJTZI,O,X,X,X,X
OLSJITZ,X,X,X,X,X
OLSJIZT,O,O,X,X,X
OLSJZTI,O,X,X,X,X
OLSJZIT,O,O,X,X,X
OLSZTIJ,O,X,X,X,X
OLSZTJI,O,X,X,X,X
OLSZITJ,X,X,X,X,X
OLSZIJT,O,X,X,X,X
OLSZJTI,O,X,X,X,X
OLSZJIT,O,X,X,X,X
OLZTIJS,X,X,X,X,X
OLZTISJ,X,X,X,X,X
OLZTJIS,X,X,X,X,X
OLZTJSI,X,X,X,X,X
OLZTSIJ,X,X,X,X,X
OLZTSJI,X,X,X,X,X
OLZITJS,X,X,X,X,X
OLZITSJ,X,X,X,X,X
OLZIJTS,X,X,X,X,X
OLZIJST,O,X,X,X,X
OLZISTJ,X,X,X,X,X
OLZISJT,X,X,X,X,X
OLZJTIS,X,X,X,X,X
OLZJTSI,X,X,X,X,X
OLZJITS,X,X,X,X,X
OLZJIST,O,X,X,X,X
OLZJSTI,O,X,X,X,X
OLZJSIT,O,X,X,X,X
OLZSTIJ,O,X,X,X,X
OLZSTJI,O,X,X,X,X
OLZSITJ,X,X,X,X,X
OLZSIJT,O,X,X,X,X
OLZSJTI,O,X,X,X,X
OLZSJIT,O,X,X,X,X
OJTILSZ,X,O,X,X,O
OJTILZS,X,X,X,X,X
OJTISLZ,X,O,X,X,O
OJTISZL,X,X,X,X,O
OJTIZLS,X,X,X,X,X
OJTIZSL,X,X,X,X,X
OJTLISZ,X,O,X,X,O
OJTLIZS,X,X,X,X,X
OJTLSIZ,X,O,X,X,O
OJTLSZI,X,O,X,X,O
OJTLZIS,X,X,X,X,X
OJTLZSI,X,X,X,X,X
OJTSILZ,X,O,X,X,O
OJTSIZL,X,X,X,X,O
OJTSLIZ,X,O,X,X,O
OJTSLZI,X,O,X,X,O
OJTSZIL,X,X,X,X,O
OJTSZLI,X,X,X,X,O
OJTZILS,X,X,X,X,X
OJTZISL,X,X,X,X,X
OJTZLIS,X,X,X,X,X
OJTZLSI,X,X,X,X,X
OJTZSIL,X,X,X,X,X
OJTZSLI,X,X,X,X,X
OJITLSZ,X,O,X,X,O
OJITLZS,X,X,X,X,X
OJITSLZ,X,O,X,X,O
OJITSZL,X,X,X,X,O
OJITZLS,X,X,X,X,X
OJITZSL,X,X,X,X,X
OJILTSZ,X,O,X,X,X
OJILTZS,X,X,X,X,X
OJILSTZ,X,X,X,X,X
OJILSZT,O,O,X,X,X
OJILZTS,X,X,X,X,X
OJILZST,O,X,X,X,X
OJISTLZ,X,X,X,X,X
OJISTZL,X,X,X,X,X
OJISLTZ,X,X,X,X,X
OJISLZT,O,O,X,X,X
OJISZTL,X,X,X,X,X
OJISZLT,X,X,X,X,X
OJIZTLS,X,X,X,X,X
OJIZTSL,O,X,X,X,X
OJIZLTS,X,X,X,X,X
OJIZLST,O,X,X,X,X
OJIZSTL,X,X,X,X,X
OJIZSLT,O,X,X,X,X
OJLTISZ,X,O,X,X,X
OJLTIZS,X,X,X,X,X
OJLTSIZ,X,O,X,X,X
OJLTSZI,X,O,X,X,X
OJLTZIS,X,X,X,X,X
OJLTZSI,X,X,X,X,X
OJLITSZ,X,O,X,X,X
OJLITZS,X,X,X,X,X
OJLISTZ,X,X,X,X,X
OJLISZT,O,O,X,X,X
OJLIZTS,X,X,X,X,X
OJLIZST,O,X,X,X,X
OJLSTIZ,X,X,X,X,X
OJLSTZI,O,X,X,X,X
OJLSITZ,X,X,X,X,X
OJLSIZT,O,O,X,X,X
OJLSZTI,O,X,X,X,X
OJLSZIT,O,O,X,X,X
OJLZTIS,X,X,X,X,X
OJLZTSI,X,X,X,X,X
OJLZITS,X,X,X,X,X
OJLZIST,O,X,X,X,X
OJLZSTI,O,X,X,X,X
OJLZSIT,O,X,X,X,X
OJSTILZ,X,X,X,X,O
OJSTIZL,X,X,X,X,O
OJSTLIZ,X,X,X,X,O
OJSTLZI,O,X,X,X,O
OJSTZIL,X,X,X,X,O
OJSTZLI,X,X,X,X,O
OJSITLZ,X,X,X,X,X
OJSITZL,X,X,X,X,X
OJSILTZ,X,X,X,X,X
OJSILZT,O,O,X,X,X
OJSIZTL,X,X,X,X,X
OJSIZLT,X,X,X,X,X
OJSLTIZ,X,X,X,X,X
OJSLTZI,O,X,X,X,X
OJSLITZ,X,X,X,X,X
OJSLIZT,O,O,X,X,X
OJSLZTI,O,X,X,X,X
OJSLZIT,O,O,X,X,X
OJSZTIL,O,X,X,X,X
OJSZTLI,O,X,X,X,X
OJSZITL,X,X,X,X,X
OJSZILT,O,X,X,X,X
OJSZLTI,O,X,X,X,X
OJSZLIT,O,X,X,X,X
OJZTILS,X,X,X,X,X
OJZTISL,O,X,X,X,X
OJZTLIS,X,X,X,X,X
OJZTLSI,X,X,X,X,X
OJZTSIL,X,X,X,X,X
OJZTSLI,X,X,X,X,X
OJZITLS,X,X,X,X,X
OJZITSL,O,X,X,X,X
OJZILTS,X,X,X,X,X
OJZILST,O,X,X,X,X
OJZISTL,X,X,X,X,X
OJZISLT,O,X,X,X,X
OJZLTIS,X,X,X,X,X
OJZLTSI,X,X,X,X,X
OJZLITS,X,X,X,X,X
OJZLIST,O,X,X,X,X
OJZLSTI,O,X,X,X,X
OJZLSIT,O,X,X,X,X
OJZSTIL,O,X,X,X,X
OJZSTLI,O,X,X,X,X
OJZSITL,X,X,X,X,X
OJZSILT,O,X,X,X,X
OJZSLTI,O,X,X,X,X
OJZSLIT,O,X,X,X,X
OSTILJZ,X,X,X,X,O
OSTILZJ,X,X,X,X,O
OSTIJLZ,X,X,X,X,O
OSTIJZL,X,X,X,X,O
OSTIZLJ,X,X,X,X,X
OSTIZJL,X,X,X,X,O
OSTLIJZ,X,X,X,X,O
OSTLIZJ,X,X,X,X,O
OSTLJIZ,X,X,X,X,O
OSTLJZI,O,X,X,X,O
OSTLZIJ,X,X,X,X,O
OSTLZJI,X,X,X,X,O
OSTJILZ,X,X,X,X,O
OSTJIZL,X,X,X,X,O
OSTJLIZ,X,X,X,X,O
OSTJLZI,O,X,X,X,O
OSTJZIL,X,X,X,X,O
OSTJZLI,X,X,X,X,O
OSTZILJ,X,X,X,X,X
OSTZIJL,X,X,X,X,O
OSTZLIJ,X,X,X,X,O
OSTZLJI,X,X,X,X,O
OSTZJIL,X,X,X,X,O
OSTZJLI,X,X,X,X,O
OSITLJZ,X,X,X,X,X
OSITLZJ,X,X,X,X,X
OSITJLZ,X,X,X,X,X
OSITJZL,X,X,X,X,X
OSITZLJ,X,X,X,X,X
OSITZJL,X,X,X,X,X
OSILTJZ,X,X,X,X,X
OSILTZJ,X,X,X,X,X
OSILJTZ,X,X,X,X,X
OSILJZT,O,O,X,X,X
OSILZTJ,X,X,X,X,X
OSILZJT,X,X,X,X,X
OSIJTLZ,X,X,X,X,X
OSIJTZL,X,X,X,X,X
OSIJLTZ,X,X,X,X,X
OSIJLZT,O,O,X,X,X
OSIJZTL,X,X,X,X,X
OSIJZLT,X,X,X,X,X
OSIZTLJ,X,X,X,X,X
OSIZTJL,X,X,X,X,X
OSIZLTJ,X,X,X,X,X
OSIZLJT,X,X,X,X,X
OSIZJTL,X,X,X,X,X
OSIZJLT,X,X,X,X,X
OSLTIJZ,X,X,X,X,X
OSLTIZJ,X,X,X,X,X
OSLTJIZ,X,X,X,X,X
OSLTJZI,O,X,X,X,X
OSLTZIJ,X,X,X,X,X
OSLTZJI,X,X,X,X,X
OSLITJZ,X,X,X,X,X
OSLITZJ,X,X,X,X,X
OSLIJTZ,X,X,X,X,X
OSLIJZT,O,O,X,X,X
OSLIZTJ,X,X,X,X,X
OSLIZJT,X,X,X,X,X
OSLJTIZ,X,X,X,X,X
OSLJTZI,O,X,X,X,X
OSLJITZ,X,X,X,X,X
OSLJIZT,O,O,X,X,X
OSLJZTI,O,X,X,X,X
OSLJZIT,O,O,X,X,X
OSLZTIJ,O,X,X,X,X
OSLZTJI,O,X,X,X,X
OSLZITJ,X,X,X,X,X
OSLZIJT,O,X,X,X,X
OSLZJTI,O,X,X,X,X
OSLZJIT,O,X,X,X,X
OSJTILZ,X,X,X,X,O
OSJTIZL,X,X,X,X,O
OSJTLIZ,X,X,X,X,O
OSJTLZI,O,X,X,X,O
OSJTZIL,X,X,X,X,O
OSJTZLI,X,X,X,X,O
OSJITLZ,X,X,X,X,X
OSJITZL,X,X,X,X,X
OSJILTZ,X,X,X,X,X
OSJILZT,O,O,X,X,X
OSJIZTL,X,X,X,X,X
OSJIZLT,X,X,X,X,X
OSJLTIZ,X,X,X,X,X
OSJLTZI,O,X,X,X,X
OSJLITZ,X,X,X,X,X
OSJLIZT,O,O,X,X,X
OSJLZTI,O,X,X,X,X
OSJLZIT,O,O,X,X,X
OSJZTIL,O,X,X,X,X
OSJZTLI,O,X,X,X,X
OSJZITL,X,X,X,X,X
OSJZILT,O,X,X,X,X
OSJZLTI,O,X,X,X,X
OSJZLIT,O,X,X,X,X
OSZTILJ,O,X,X,X,X
OSZTIJL,O,X,X,X,X
OSZTLIJ,O,X,X,X,X
OSZTLJI,O,X,X,X,X
OSZTJIL,O,X,X,X,X
OSZTJLI,O,X,X,X,X
OSZITLJ,X,X,X,X,X
OSZITJL,X,X,X,X,X
OSZILTJ,X,X,X,X,X
OSZILJT,O,X,X,X,X
OSZIJTL,X,X,X,X,X
OSZIJLT,O,X,X,X,X
OSZLTIJ,O,X,X,X,X
OSZLTJI,O,X,X,X,X
OSZLITJ,X,X,X,X,X
OSZLIJT,O,X,X,X,X
OSZLJTI,O,X,X,X,X
OSZLJIT,O,X,X,X,X
OSZJTIL,O,X,X,X,X
OSZJTLI,O,X,X,X,X
OSZJITL,X,X,X,X,X
OSZJILT,O,X,X,X,X
OSZJLTI,O,X,X,X,X
OSZJLIT,O,X,X,X,X
OZTILJS,X,X,X,X,X
OZTILSJ,X,X,X,X,X
OZTIJLS,X,X,X,X,X
OZTIJSL,O,X,X,X,X
OZTISLJ,O,X,X,X,X
OZTISJL,O,X,X,X,X
OZTLIJS,X,X,X,X,X
OZTLISJ,X,X,X,X,X
OZTLJIS,X,X,X,X,X
OZTLJSI,X,X,X,X,X
OZTLSIJ,X,X,X,X,X
OZTLSJI,X,X,X,X,X
OZTJILS,X,X,X,X,X
OZTJISL,O,X,X,X,X
OZTJLIS,X,X,X,X,X
OZTJLSI,X,X,X,X,X
OZTJSIL,X,X,X,X,X
OZTJSLI,X,X,X,X,X
OZTSILJ,X,X,X,X,X
OZTSIJL,X,X,X,X,X
OZTSLIJ,X,X,X,X,X
OZTSLJI,X,X,X,X,X
OZTSJIL,X,X,X,X,X
OZTSJLI,X,X,X,X,X
OZITLJS,X,X,X,X,X
OZITLSJ,X,X,X,X,X
OZITJLS,X,X,X,X,X
OZITJSL,O,X,X,X,X
OZITSLJ,O,X,X,X,X
OZITSJL,O,X,X,X,X
OZILTJS,X,X,X,X,X
OZILTSJ,X,X,X,X,X
OZILJTS,X,X,X,X,X
OZILJST,O,X,X,X,X
OZILSTJ,X,X,X,X,X
OZILSJT,X,X,X,X,X
OZIJTLS,X,X,X,X,X
OZIJTSL,O,X,X,X,X
OZIJLTS,X,X,X,X,X
OZIJLST,O,X,X,X,X
OZIJSTL,X,X,X,X,X
OZIJSLT,O,X,X,X,X
OZISTLJ,X,X,X,X,X
OZISTJL,X,X,X,X,X
OZISLTJ,X,X,X,X,X
OZISLJT,O,X,X,X,X
OZISJTL,X,X,X,X,X
OZISJLT,O,X,X,X,X
OZLTIJS,X,X,X,X,X
OZLTISJ,X,X,X,X,X
OZLTJIS,X,X,X,X,X
OZLTJSI,X,X,X,X,X
OZLTSIJ,X,X,X,X,X
OZLTSJI,X,X,X,X,X
OZLITJS,X,X,X,X,X
OZLITSJ,X,X,X,X,X
OZLIJTS,X,X,X,X,X
OZLIJST,O,X,X,X,X
OZLISTJ,X,X,X,X,X
OZLISJT,X,X,X,X,X
OZLJTIS,X,X,X,X,X
OZLJTSI,X,X,X,X,X
OZLJITS,X,X,X,X,X
OZLJIST,O,X,X,X,X
OZLJSTI,O,X,X,X,X
OZLJSIT,O,X,X,X,X
OZLSTIJ,O,X,X,X,X
OZLSTJI,O,X,X,X,X
OZLSITJ,X,X,X,X,X
OZLSIJT,O,X,X,X,X
OZLSJTI,O,X,X,X,X
OZLSJIT,O,X,X,X,X
OZJTILS,X,X,X,X,X
OZJTISL,O,X,X,X,X
OZJTLIS,X,X,X,X,X
OZJTLSI,X,X,X,X,X
OZJTSIL,X,X,X,X,X
OZJTSLI,X,X,X,X,X
OZJITLS,X,X,X,X,X
OZJITSL,O,X,X,X,X
OZJILTS,X,X,X,X,X
OZJILST,O,X,X,X,X
OZJISTL,X,X,X,X,X
OZJISLT,O,X,X,X,X
OZJLTIS,X,X,X,X,X
OZJLTSI,X,X,X,X,X
OZJLITS,X,X,X,X,X
OZJLIST,O,X,X,X,X
OZJLSTI,O,X,X,X,X
OZJLSIT,O,X,X,X,X
OZJSTIL,O,X,X,X,X
OZJSTLI,O,X,X,X,X
OZJSITL,X,X,X,X,X
OZJSILT,O,X,X,X,X
OZJSLTI,O,X,X,X,X
OZJSLIT,O,X,X,X,X
OZSTILJ,O,X,X,X,X
OZSTIJL,O,X,X,X,X
OZSTLIJ,O,X,X,X,X
OZSTLJI,O,X,X,X,X
OZSTJIL,O,X,X,X,X
OZSTJLI,O,X,X,X,X
OZSITLJ,X,X,X,X,X
OZSITJL,X,X,X,X,X
OZSILTJ,X,X,X,X,X
OZSILJT,O,X,X,X,X
OZSIJTL,X,X,X,X,X
OZSIJLT,O,X,X,X,X
OZSLTIJ,O,X,X,X,X
OZSLTJI,O,X,X,X,X
OZSLITJ,X,X,X,X,X
OZSLIJT,O,X,X,X,X
OZSLJTI,O,X,X,X,X
OZSLJIT,O,X,X,X,X
OZSJTIL,O,X,X,X,X
OZSJTLI,O,X,X,X,X
OZSJITL,X,X,X,X,X
OZSJILT,O,X,X,X,X
OZSJLTI,O,X,X,X,X
OZSJLIT,O,X,X,X,X
