sequence,v115@zgA8IeA8IeA8AeB8DeA8AeF8AeB8AeF8BeB8Jeu/Iv?hF3bBzdB5jBihBFnBUsB,v115@zgA8IeA8IeA8AeB8DeA8AeF8AeB8AeF8BeB8Jeu/Iv?hF3bBchByiB5jBFnBTsB,v115@zgA8IeA8IeA8AeB8DeA8AeF8AeB8AeF8BeB8Jeu/Iv?hF3bBchBxdB6oBFnBTsB,v115@zgA8IeA8IeA8AeB8DeA8AeF8AeB8AeF8BeB8Jeu/Iv?hF3bBFdB8iB5jBThBKsB
TILJSZO,O,O,O,O
TILJSOZ,O,X,X,X
TILJZSO,O,O,O,O
TILJZOS,O,O,O,O
TILJOSZ,O,X,X,O
TILJOZS,O,O,O,O
TILSJZO,O,O,O,O
TILSJOZ,O,X,X,X
TILSZJO,O,O,O,O
TILSZOJ,O,O,O,O
TILSOJZ,O,X,X,X
TILSOZJ,O,X,X,X
TILZJSO,O,O,O,O
TILZJOS,O,O,O,O
TILZSJO,O,O,O,O
TILZSOJ,O,O,O,O
TILZOJS,O,O,O,O
TILZOSJ,O,O,O,O
TILOJSZ,O,X,X,O
TILOJZS,O,O,O,O
TILOSJZ,O,X,X,O
TILOSZJ,O,X,X,O
TILOZJS,O,O,O,O
TILOZSJ,O,O,O,O
TIJLSZO,O,O,O,O
TIJLSOZ,O,X,X,X
TIJLZSO,O,O,O,O
TIJLZOS,O,O,O,O
TIJLOSZ,O,X,X,O
TIJLOZS,O,O,O,O
TIJSLZO,O,O,X,O
TIJSLOZ,O,X,X,X
TIJSZLO,O,O,X,O
TIJSZOL,O,O,X,X
TIJSOLZ,O,X,X,X
TIJSOZL,O,X,X,X
TIJZLSO,O,O,O,O
TIJZLOS,O,O,O,O
TIJZSLO,O,O,O,O
TIJZSOL,O,O,X,X
TIJZOLS,O,O,X,X
TIJZOSL,O,O,X,X
TIJOLSZ,O,X,X,X
TIJOLZS,O,O,X,X
TIJOSLZ,O,X,X,X
TIJOSZL,O,X,X,X
TIJOZLS,O,O,X,X
TIJOZSL,O,O,X,X
TISLJZO,O,O,X,O
TISLJOZ,O,X,X,X
TISLZJO,O,O,X,O
TISLZOJ,O,O,X,O
TISLOJZ,O,X,X,X
TISLOZJ,O,X,X,X
TISJLZO,O,O,X,O
TISJLOZ,O,X,X,X
TISJZLO,O,O,X,O
TISJZOL,O,O,X,X
TISJOLZ,O,X,X,X
TISJOZL,O,X,X,X
TISZLJO,O,O,X,O
TISZLOJ,O,O,X,O
TISZJLO,O,O,X,O
TISZJOL,O,O,X,X
TISZOLJ,O,O,X,X
TISZOJL,O,O,X,X
TISOLJZ,O,X,X,X
TISOLZJ,O,X,X,X
TISOJLZ,O,X,X,X
TISOJZL,O,X,X,X
TISOZLJ,O,X,X,X
TISOZJL,O,X,X,X
TIZLJSO,O,O,O,O
TIZLJOS,O,O,O,O
TIZLSJO,O,O,O,O
TIZLSOJ,O,O,O,O
TIZLOJS,O,O,O,O
TIZLOSJ,O,O,O,O
TIZJLSO,O,O,O,O
TIZJLOS,O,O,O,O
TIZJSLO,O,O,O,O
TIZJSOL,O,O,X,X
TIZJOLS,O,O,X,X
TIZJOSL,O,O,X,X
TIZSLJO,O,O,O,O
TIZSLOJ,O,O,O,O
TIZSJLO,O,O,O,O
TIZSJOL,O,O,X,X
TIZSOLJ,O,O,X,X
TIZSOJL,O,O,X,X
TIZOLJS,O,O,X,X
TIZOLSJ,O,O,X,X
TIZOJLS,O,O,X,X
TIZOJSL,O,O,X,X
TIZOSLJ,O,O,X,X
TIZOSJL,O,O,X,X
TIOLJSZ,O,X,X,X
TIOLJZS,O,O,X,X
TIOLSJZ,O,X,X,X
TIOLSZJ,O,X,X,X
TIOLZJS,O,O,X,X
TIOLZSJ,O,O,X,X
TIOJLSZ,O,X,X,X
TIOJLZS,O,O,X,X
TIOJSLZ,O,X,X,X
TIOJSZL,O,X,X,X
TIOJZLS,O,O,X,X
TIOJZSL,O,O,X,X
TIOSLJZ,O,X,X,X
TIOSLZJ,O,X,X,X
TIOSJLZ,O,X,X,X
TIOSJZL,O,X,X,X
TIOSZLJ,O,X,X,X
TIOSZJL,O,X,X,X
TIOZLJS,O,O,X,X
TIOZLSJ,O,O,X,X
TIOZJLS,O,O,X,X
TIOZJSL,O,O,X,X
TIOZSLJ,O,O,X,X
TIOZSJL,O,O,X,X
TLIJSZO,O,O,O,O
TLIJSOZ,O,X,X,X
TLIJZSO,O,O,O,O
TLIJZOS,O,O,O,O
TLIJOSZ,O,X,X,O
TLIJOZS,O,O,O,O
TLISJZO,O,O,O,O
TLISJOZ,O,X,X,X
TLISZJO,O,O,O,O
TLISZOJ,O,O,O,O
TLISOJZ,O,X,X,X
TLISOZJ,O,X,X,X
TLIZJSO,O,O,O,O
TLIZJOS,O,O,O,O
TLIZSJO,O,O,O,O
TLIZSOJ,O,O,O,O
TLIZOJS,O,O,O,O
TLIZOSJ,O,O,O,O
TLIOJSZ,O,X,X,O
TLIOJZS,O,O,O,O
TLIOSJZ,O,X,X,O
TLIOSZJ,O,X,X,O
TLIOZJS,O,O,O,O
TLIOZSJ,O,O,O,O
TLJISZO,O,O,O,O
TLJISOZ,O,X,X,X
TLJIZSO,O,O,O,O
TLJIZOS,O,O,O,O
TLJIOSZ,O,X,X,O
TLJIOZS,O,O,O,O
TLJSIZO,O,O,O,O
TLJSIOZ,O,X,X,X
TLJSZIO,O,O,O,O
TLJSZOI,O,O,O,O
TLJSOIZ,O,X,X,X
TLJSOZI,O,X,X,X
TLJZISO,O,O,O,O
TLJZIOS,O,O,O,O
TLJZSIO,O,O,O,O
TLJZSOI,O,O,O,O
TLJZOIS,O,O,O,O
TLJZOSI,O,O,O,O
TLJOISZ,O,X,X,O
TLJOIZS,O,O,O,O
TLJOSIZ,O,X,X,O
TLJOSZI,O,X,X,O
TLJOZIS,O,O,O,O
TLJOZSI,O,O,O,O
TLSIJZO,O,O,O,O
TLSIJOZ,O,X,X,X
TLSIZJO,O,O,O,O
TLSIZOJ,O,O,O,O
TLSIOJZ,O,X,X,X
TLSIOZJ,O,X,X,X
TLSJIZO,O,O,O,O
TLSJIOZ,O,X,X,X
TLSJZIO,O,O,O,O
TLSJZOI,O,O,O,O
TLSJOIZ,O,X,X,X
TLSJOZI,O,X,X,X
TLSZIJO,O,O,O,O
TLSZIOJ,O,O,O,O
TLSZJIO,O,O,O,O
TLSZJOI,O,O,O,O
TLSZOIJ,O,O,O,O
TLSZOJI,O,O,O,O
TLSOIJZ,O,X,X,X
TLSOIZJ,O,X,X,X
TLSOJIZ,O,X,X,X
TLSOJZI,O,X,X,X
TLSOZIJ,O,X,X,X
TLSOZJI,O,X,X,X
TLZIJSO,O,O,O,O
TLZIJOS,O,O,O,O
TLZISJO,O,O,O,O
TLZISOJ,O,O,O,O
TLZIOJS,O,O,O,O
TLZIOSJ,O,O,O,O
TLZJISO,O,O,O,O
TLZJIOS,O,O,O,O
TLZJSIO,O,O,O,O
TLZJSOI,O,O,O,O
TLZJOIS,O,O,O,O
TLZJOSI,O,O,O,O
TLZSIJO,O,O,O,O
TLZSIOJ,O,O,O,O
TLZSJIO,O,O,O,O
TLZSJOI,O,O,O,O
TLZSOIJ,O,O,O,O
TLZSOJI,O,O,O,O
TLZOIJS,O,O,O,O
TLZOISJ,O,O,O,O
TLZOJIS,O,O,O,O
TLZOJSI,O,O,O,O
TLZOSIJ,O,O,O,O
TLZOSJI,O,O,O,O
TLOIJSZ,O,X,X,O
TLOIJZS,O,O,O,O
TLOISJZ,O,X,X,O
TLOISZJ,O,X,X,O
TLOIZJS,O,O,O,O
TLOIZSJ,O,O,O,O
TLOJISZ,O,X,X,O
TLOJIZS,O,O,O,O
TLOJSIZ,O,X,X,O
TLOJSZI,O,X,X,O
TLOJZIS,O,O,O,O
TLOJZSI,O,O,O,O
TLOSIJZ,O,X,X,O
TLOSIZJ,O,X,X,O
TLOSJIZ,O,X,X,O
TLOSJZI,O,X,X,O
TLOSZIJ,O,X,X,O
TLOSZJI,O,X,X,O
TLOZIJS,O,O,O,O
TLOZISJ,O,O,O,O
TLOZJIS,O,O,O,O
TLOZJSI,O,O,O,O
TLOZSIJ,O,O,O,O
TLOZSJI,O,O,O,O
TJILSZO,O,O,O,O
TJILSOZ,O,X,X,X
TJILZSO,O,O,O,O
TJILZOS,O,O,O,O
TJILOSZ,O,X,X,O
TJILOZS,O,O,O,O
TJISLZO,O,O,X,O
TJISLOZ,O,X,X,X
TJISZLO,O,O,X,O
TJISZOL,O,O,X,X
TJISOLZ,O,X,X,X
TJISOZL,O,X,X,X
TJIZLSO,O,O,O,O
TJIZLOS,O,O,O,O
TJIZSLO,O,O,O,O
TJIZSOL,O,O,X,X
TJIZOLS,O,O,X,X
TJIZOSL,O,O,X,X
TJIOLSZ,O,X,X,X
TJIOLZS,O,O,X,X
TJIOSLZ,O,X,X,X
TJIOSZL,O,X,X,X
TJIOZLS,O,O,X,X
TJIOZSL,O,O,X,X
TJLISZO,O,O,O,O
TJLISOZ,O,X,X,X
TJLIZSO,O,O,O,O
TJLIZOS,O,O,O,O
TJLIOSZ,O,X,X,O
TJLIOZS,O,O,O,O
TJLSIZO,O,O,O,O
TJLSIOZ,O,X,X,X
TJLSZIO,O,O,O,O
TJLSZOI,O,O,O,O
TJLSOIZ,O,X,X,X
TJLSOZI,O,X,X,X
TJLZISO,O,O,O,O
TJLZIOS,O,O,O,O
TJLZSIO,O,O,O,O
TJLZSOI,O,O,O,O
TJLZOIS,O,O,O,O
TJLZOSI,O,O,O,O
TJLOISZ,O,X,X,O
TJLOIZS,O,O,O,O
TJLOSIZ,O,X,X,O
TJLOSZI,O,X,X,O
TJLOZIS,O,O,O,O
TJLOZSI,O,O,O,O
TJSILZO,O,O,X,O
TJSILOZ,O,X,X,X
TJSIZLO,O,O,X,O
TJSIZOL,O,O,X,X
TJSIOLZ,O,X,X,X
TJSIOZL,O,X,X,X
TJSLIZO,O,O,O,O
TJSLIOZ,O,X,X,X
TJSLZIO,O,O,O,O
TJSLZOI,O,O,O,O
TJSLOIZ,O,X,X,X
TJSLOZI,O,X,X,X
TJSZILO,O,O,O,O
TJSZIOL,O,O,X,X
TJSZLIO,O,O,O,O
TJSZLOI,O,O,O,O
TJSZOIL,O,O,X,X
TJSZOLI,O,O,O,X
TJSOILZ,O,X,X,X
TJSOIZL,O,X,X,X
TJSOLIZ,O,X,X,X
TJSOLZI,O,X,X,X
TJSOZIL,O,X,X,X
TJSOZLI,O,X,X,X
TJZILSO,O,O,O,O
TJZILOS,O,O,O,O
TJZISLO,O,O,O,O
TJZISOL,O,O,X,X
TJZIOLS,O,O,X,X
TJZIOSL,O,O,X,X
TJZLISO,O,O,O,O
TJZLIOS,O,O,O,O
TJZLSIO,O,O,O,O
TJZLSOI,O,O,O,O
TJZLOIS,O,O,O,O
TJZLOSI,O,O,O,O
TJZSILO,O,O,O,O
TJZSIOL,O,O,X,X
TJZSLIO,O,O,O,O
TJZSLOI,O,O,O,O
TJZSOIL,O,O,X,X
TJZSOLI,O,O,O,X
TJZOILS,O,O,X,X
TJZOISL,O,O,X,X
TJZOLIS,O,O,O,X
TJZOLSI,O,O,O,X
TJZOSIL,O,O,X,X
TJZOSLI,O,O,O,X
TJOILSZ,O,X,X,X
TJOILZS,O,O,X,X
TJOISLZ,O,X,X,X
TJOISZL,O,X,X,X
TJOIZLS,O,O,X,X
TJOIZSL,O,O,X,X
TJOLISZ,O,X,X,X
TJOLIZS,O,O,O,X
TJOLSIZ,O,X,X,X
TJOLSZI,O,X,X,X
TJOLZIS,O,O,O,X
TJOLZSI,O,O,O,X
TJOSILZ,O,X,X,X
TJOSIZL,O,X,X,X
TJOSLIZ,O,X,X,X
TJOSLZI,O,X,X,X
TJOSZIL,O,X,X,X
TJOSZLI,O,X,X,X
TJOZILS,O,O,X,X
TJOZISL,O,O,X,X
TJOZLIS,O,O,O,X
TJOZLSI,O,O,O,X
TJOZSIL,O,O,X,X
TJOZSLI,O,O,O,X
TSILJZO,O,O,X,O
TSILJOZ,O,X,X,X
TSILZJO,O,O,X,O
TSILZOJ,O,O,X,O
TSILOJZ,O,X,X,X
TSILOZJ,O,X,X,X
TSIJLZO,O,O,X,O
TSIJLOZ,O,X,X,X
TSIJZLO,O,O,X,O
TSIJZOL,O,O,X,X
TSIJOLZ,O,X,X,X
TSIJOZL,O,X,X,X
TSIZLJO,O,O,X,O
TSIZLOJ,O,O,X,O
TSIZJLO,O,O,X,O
TSIZJOL,O,O,X,X
TSIZOLJ,O,O,X,X
TSIZOJL,O,O,X,X
TSIOLJZ,O,X,X,X
TSIOLZJ,O,X,X,X
TSIOJLZ,O,X,X,X
TSIOJZL,O,X,X,X
TSIOZLJ,O,X,X,X
TSIOZJL,O,X,X,X
TSLIJZO,O,O,O,O
TSLIJOZ,O,X,X,X
TSLIZJO,O,O,O,O
TSLIZOJ,O,O,O,O
TSLIOJZ,O,X,X,X
TSLIOZJ,O,X,X,X
TSLJIZO,O,O,O,O
TSLJIOZ,O,X,X,X
TSLJZIO,O,O,O,O
TSLJZOI,O,O,O,O
TSLJOIZ,O,X,X,X
TSLJOZI,O,X,X,X
TSLZIJO,O,O,O,O
TSLZIOJ,O,O,O,O
TSLZJIO,O,O,O,O
TSLZJOI,O,O,O,O
TSLZOIJ,O,O,O,O
TSLZOJI,O,O,O,O
TSLOIJZ,O,X,X,X
TSLOIZJ,O,X,X,X
TSLOJIZ,O,X,X,X
TSLOJZI,O,X,X,X
TSLOZIJ,O,X,X,X
TSLOZJI,O,X,X,X
TSJILZO,O,O,X,O
TSJILOZ,O,X,X,X
TSJIZLO,O,O,X,O
TSJIZOL,O,O,X,X
TSJIOLZ,O,X,X,X
TSJIOZL,O,X,X,X
TSJLIZO,O,O,O,O
TSJLIOZ,O,X,X,X
TSJLZIO,O,O,O,O
TSJLZOI,O,O,O,O
TSJLOIZ,O,X,X,X
TSJLOZI,O,X,X,X
TSJZILO,O,O,O,O
TSJZIOL,O,O,X,X
TSJZLIO,O,O,O,O
TSJZLOI,O,O,O,O
TSJZOIL,O,O,X,X
TSJZOLI,O,O,O,X
TSJOILZ,O,X,X,X
TSJOIZL,O,X,X,X
TSJOLIZ,O,X,X,X
TSJOLZI,O,X,X,X
TSJOZIL,O,X,X,X
TSJOZLI,O,X,X,X
TSZILJO,O,O,O,O
TSZILOJ,O,O,O,O
TSZIJLO,O,O,O,O
TSZIJOL,O,O,X,X
TSZIOLJ,O,O,X,X
TSZIOJL,O,O,X,X
TSZLIJO,O,O,O,O
TSZLIOJ,O,O,O,O
TSZLJIO,O,O,O,O
TSZLJOI,O,O,O,O
TSZLOIJ,O,O,O,O
TSZLOJI,O,O,O,O
TSZJILO,O,O,O,O
TSZJIOL,O,O,X,X
TSZJLIO,O,O,O,O
TSZJLOI,O,O,O,O
TSZJOIL,O,O,X,X
TSZJOLI,O,O,O,X
TSZOILJ,O,O,X,X
TSZOIJL,O,O,X,X
TSZOLIJ,O,O,O,X
TSZOLJI,O,O,O,X
TSZOJIL,O,O,X,X
TSZOJLI,O,O,O,X
TSOILJZ,O,X,X,X
TSOILZJ,O,X,X,X
TSOIJLZ,O,X,X,X
TSOIJZL,O,X,X,X
TSOIZLJ,O,X,X,X
TSOIZJL,O,X,X,X
TSOLIJZ,O,X,X,X
TSOLIZJ,O,X,X,X
TSOLJIZ,O,X,X,X
TSOLJZI,O,X,X,X
TSOLZIJ,O,X,X,X
TSOLZJI,O,X,X,X
TSOJILZ,O,X,X,X
TSOJIZL,O,X,X,X
TSOJLIZ,O,X,X,X
TSOJLZI,O,X,X,X
TSOJZIL,O,X,X,X
TSOJZLI,O,X,X,X
TSOZILJ,O,X,X,X
TSOZIJL,O,X,X,X
TSOZLIJ,O,X,X,X
TSOZLJI,O,X,X,X
TSOZJIL,O,X,X,X
TSOZJLI,O,X,X,X
TZILJSO,O,O,O,O
TZILJOS,O,O,O,O
TZILSJO,O,O,O,O
TZILSOJ,O,O,O,O
TZILOJS,O,O,O,O
TZILOSJ,O,O,O,O
TZIJLSO,O,O,O,O
TZIJLOS,O,O,O,O
TZIJSLO,O,O,O,O
TZIJSOL,O,O,X,X
TZIJOLS,O,O,X,X
TZIJOSL,O,O,X,X
TZISLJO,O,O,O,O
TZISLOJ,O,O,O,O
TZISJLO,O,O,O,O
TZISJOL,O,O,X,X
TZISOLJ,O,O,X,X
TZISOJL,O,O,X,X
TZIOLJS,O,O,X,X
TZIOLSJ,O,O,X,X
TZIOJLS,O,O,X,X
TZIOJSL,O,O,X,X
TZIOSLJ,O,O,X,X
TZIOSJL,O,O,X,X
TZLIJSO,O,O,O,O
TZLIJOS,O,O,O,O
TZLISJO,O,O,O,O
TZLISOJ,O,O,O,O
TZLIOJS,O,O,O,O
TZLIOSJ,O,O,O,O
TZLJISO,O,O,O,O
TZLJIOS,O,O,O,O
TZLJSIO,O,O,O,O
TZLJSOI,O,O,O,O
TZLJOIS,O,O,O,O
TZLJOSI,O,O,O,O
TZLSIJO,O,O,O,O
TZLSIOJ,O,O,O,O
TZLSJIO,O,O,O,O
TZLSJOI,O,O,O,O
TZLSOIJ,O,O,O,O
TZLSOJI,O,O,O,O
TZLOIJS,O,O,O,O
TZLOISJ,O,O,O,O
TZLOJIS,O,O,O,O
TZLOJSI,O,O,O,O
TZLOSIJ,O,O,O,O
TZLOSJI,O,O,O,O
TZJILSO,O,O,O,O
TZJILOS,O,O,O,O
TZJISLO,O,O,O,O
TZJISOL,O,O,X,X
TZJIOLS,O,O,X,X
TZJIOSL,O,O,X,X
TZJLISO,O,O,O,O
TZJLIOS,O,O,O,O
TZJLSIO,O,O,O,O
TZJLSOI,O,O,O,O
TZJLOIS,O,O,O,O
TZJLOSI,O,O,O,O
TZJSILO,O,O,O,O
TZJSIOL,O,O,X,X
TZJSLIO,O,O,O,O
TZJSLOI,O,O,O,O
TZJSOIL,O,O,X,X
TZJSOLI,O,O,O,X
TZJOILS,O,O,X,X
TZJOISL,O,O,X,X
TZJOLIS,O,O,O,X
TZJOLSI,O,O,O,X
TZJOSIL,O,O,X,X
TZJOSLI,O,O,O,X
TZSILJO,O,O,O,O
TZSILOJ,O,O,O,O
TZSIJLO,O,O,O,O
TZSIJOL,O,O,X,X
TZSIOLJ,O,O,X,X
TZSIOJL,O,O,X,X
TZSLIJO,O,O,O,O
TZSLIOJ,O,O,O,O
TZSLJIO,O,O,O,O
TZSLJOI,O,O,O,O
TZSLOIJ,O,O,O,O
TZSLOJI,O,O,O,O
TZSJILO,O,O,O,O
TZSJIOL,O,O,X,X
TZSJLIO,O,O,O,O
TZSJLOI,O,O,O,O
TZSJOIL,O,O,X,X
TZSJOLI,O,O,O,X
TZSOILJ,O,O,X,X
TZSOIJL,O,O,X,X
TZSOLIJ,O,O,O,X
TZSOLJI,O,O,O,X
TZSOJIL,O,O,X,X
TZSOJLI,O,O,O,X
TZOILJS,O,O,X,X
TZOILSJ,O,O,X,X
TZOIJLS,O,O,X,X
TZOIJSL,O,O,X,X
TZOISLJ,O,O,X,X
TZOISJL,O,O,X,X
TZOLIJS,O,O,O,X
TZOLISJ,O,O,O,X
TZOLJIS,O,O,O,X
TZOLJSI,O,O,O,X
TZOLSIJ,O,O,O,X
TZOLSJI,O,O,O,X
TZOJILS,O,O,X,X
TZOJISL,O,O,X,X
TZOJLIS,O,O,O,X
TZOJLSI,O,O,O,X
TZOJSIL,O,O,X,X
TZOJSLI,O,O,O,X
TZOSILJ,O,O,X,X
TZOSIJL,O,O,X,X
TZOSLIJ,O,O,O,X
TZOSLJI,O,O,O,X
TZOSJIL,O,O,X,X
TZOSJLI,O,O,O,X
TOILJSZ,O,X,X,X
TOILJZS,O,O,X,X
TOILSJZ,O,X,X,X
TOILSZJ,O,X,X,X
TOILZJS,O,O,X,X
TOILZSJ,O,O,X,X
TOIJLSZ,O,X,X,X
TOIJLZS,O,O,X,X
TOIJSLZ,O,X,X,X
TOIJSZL,O,X,X,X
TOIJZLS,O,O,X,X
TOIJZSL,O,O,X,X
TOISLJZ,O,X,X,X
TOISLZJ,O,X,X,X
TOISJLZ,O,X,X,X
TOISJZL,O,X,X,X
TOISZLJ,O,X,X,X
TOISZJL,O,X,X,X
TOIZLJS,O,O,X,X
TOIZLSJ,O,O,X,X
TOIZJLS,O,O,X,X
TOIZJSL,O,O,X,X
TOIZSLJ,O,O,X,X
TOIZSJL,O,O,X,X
TOLIJSZ,O,X,X,X
TOLIJZS,O,O,O,X
TOLISJZ,O,X,X,X
TOLISZJ,O,X,X,X
TOLIZJS,O,O,O,X
TOLIZSJ,O,O,O,X
TOLJISZ,O,X,X,X
TOLJIZS,O,O,O,X
TOLJSIZ,O,X,X,X
TOLJSZI,O,X,X,X
TOLJZIS,O,O,O,X
TOLJZSI,O,O,O,X
TOLSIJZ,O,X,X,X
TOLSIZJ,O,X,X,X
TOLSJIZ,O,X,X,X
TOLSJZI,O,X,X,X
TOLSZIJ,O,X,X,X
TOLSZJI,O,X,X,X
TOLZIJS,O,O,O,X
TOLZISJ,O,O,O,X
TOLZJIS,O,O,O,X
TOLZJSI,O,O,O,X
TOLZSIJ,O,O,O,X
TOLZSJI,O,O,O,X
TOJILSZ,O,X,X,X
TOJILZS,O,O,X,X
TOJISLZ,O,X,X,X
TOJISZL,O,X,X,X
TOJIZLS,O,O,X,X
TOJIZSL,O,O,X,X
TOJLISZ,O,X,X,X
TOJLIZS,O,O,O,X
TOJLSIZ,O,X,X,X
TOJLSZI,O,X,X,X
TOJLZIS,O,O,O,X
TOJLZSI,O,O,O,X
TOJSILZ,O,X,X,X
TOJSIZL,O,X,X,X
TOJSLIZ,O,X,X,X
TOJSLZI,O,X,X,X
TOJSZIL,O,X,X,X
TOJSZLI,O,X,X,X
TOJZILS,O,O,X,X
TOJZISL,O,O,X,X
TOJZLIS,O,O,O,X
TOJZLSI,O,O,O,X
TOJZSIL,O,O,X,X
TOJZSLI,O,O,O,X
TOSILJZ,O,X,X,X
TOSILZJ,O,X,X,X
TOSIJLZ,O,X,X,X
TOSIJZL,O,X,X,X
TOSIZLJ,O,X,X,X
TOSIZJL,O,X,X,X
TOSLIJZ,O,X,X,X
TOSLIZJ,O,X,X,X
TOSLJIZ,O,X,X,X
TOSLJZI,O,X,X,X
TOSLZIJ,O,X,X,X
TOSLZJI,O,X,X,X
TOSJILZ,O,X,X,X
TOSJIZL,O,X,X,X
TOSJLIZ,O,X,X,X
TOSJLZI,O,X,X,X
TOSJZIL,O,X,X,X
TOSJZLI,O,X,X,X
TOSZILJ,O,X,X,X
TOSZIJL,O,X,X,X
TOSZLIJ,O,X,X,X
TOSZLJI,O,X,X,X
TOSZJIL,O,X,X,X
TOSZJLI,O,X,X,X
TOZILJS,O,O,X,X
TOZILSJ,O,O,X,X
TOZIJLS,O,O,X,X
TOZIJSL,O,O,X,X
TOZISLJ,O,O,X,X
TOZISJL,O,O,X,X
TOZLIJS,O,O,O,X
TOZLISJ,O,O,O,X
TOZLJIS,O,O,O,X
TOZLJSI,O,O,O,X
TOZLSIJ,O,O,O,X
TOZLSJI,O,O,O,X
TOZJILS,O,O,X,X
TOZJISL,O,O,X,X
TOZJLIS,O,O,O,X
TOZJLSI,O,O,O,X
TOZJSIL,O,O,X,X
TOZJSLI,O,O,O,X
TOZSILJ,O,O,X,X
TOZSIJL,O,O,X,X
TOZSLIJ,O,O,O,X
TOZSLJI,O,O,O,X
TOZSJIL,O,O,X,X
TOZSJLI,O,O,O,X
ITLJSZO,O,O,O,O
ITLJSOZ,O,X,X,X
ITLJZSO,O,O,O,O
ITLJZOS,O,O,O,O
ITLJOSZ,O,X,X,O
ITLJOZS,O,O,O,O
ITLSJZO,O,O,O,O
ITLSJOZ,O,X,X,X
ITLSZJO,O,O,O,O
ITLSZOJ,O,O,O,O
ITLSOJZ,O,X,X,X
ITLSOZJ,O,X,X,X
ITLZJSO,O,O,O,O
ITLZJOS,O,O,O,O
ITLZSJO,O,O,O,O
ITLZSOJ,O,O,O,O
ITLZOJS,O,O,O,O
ITLZOSJ,O,O,O,O
ITLOJSZ,O,X,X,O
ITLOJZS,O,O,O,O
ITLOSJZ,O,X,X,O
ITLOSZJ,O,X,X,O
ITLOZJS,O,O,O,O
ITLOZSJ,O,O,O,O
ITJLSZO,O,O,O,O
ITJLSOZ,O,X,X,X
ITJLZSO,O,O,O,O
ITJLZOS,O,O,O,O
ITJLOSZ,O,X,X,O
ITJLOZS,O,O,O,O
ITJSLZO,O,O,X,O
ITJSLOZ,O,X,X,X
ITJSZLO,O,O,X,O
ITJSZOL,O,O,X,X
ITJSOLZ,O,X,X,X
ITJSOZL,O,X,X,X
ITJZLSO,O,O,O,O
ITJZLOS,O,O,O,O
ITJZSLO,O,O,O,O
ITJZSOL,O,O,X,X
ITJZOLS,O,O,X,X
ITJZOSL,O,O,X,X
ITJOLSZ,O,X,X,X
ITJOLZS,O,O,X,X
ITJOSLZ,O,X,X,X
ITJOSZL,O,X,X,X
ITJOZLS,O,O,X,X
ITJOZSL,O,O,X,X
ITSLJZO,O,O,X,O
ITSLJOZ,O,X,X,X
ITSLZJO,O,O,X,O
ITSLZOJ,O,O,X,O
ITSLOJZ,O,X,X,X
ITSLOZJ,O,X,X,X
ITSJLZO,O,O,X,O
ITSJLOZ,O,X,X,X
ITSJZLO,O,O,X,O
ITSJZOL,O,O,X,X
ITSJOLZ,O,X,X,X
ITSJOZL,O,X,X,X
ITSZLJO,O,O,X,O
ITSZLOJ,O,O,X,O
ITSZJLO,O,O,X,O
ITSZJOL,O,O,X,X
ITSZOLJ,O,O,X,X
ITSZOJL,O,O,X,X
ITSOLJZ,O,X,X,X
ITSOLZJ,O,X,X,X
ITSOJLZ,O,X,X,X
ITSOJZL,O,X,X,X
ITSOZLJ,O,X,X,X
ITSOZJL,O,X,X,X
ITZLJSO,O,O,O,O
ITZLJOS,O,O,O,O
ITZLSJO,O,O,O,O
ITZLSOJ,O,O,O,O
ITZLOJS,O,O,O,O
ITZLOSJ,O,O,O,O
ITZJLSO,O,O,O,O
ITZJLOS,O,O,O,O
ITZJSLO,O,O,O,O
ITZJSOL,O,O,X,X
ITZJOLS,O,O,X,X
ITZJOSL,O,O,X,X
ITZSLJO,O,O,O,O
ITZSLOJ,O,O,O,O
ITZSJLO,O,O,O,O
ITZSJOL,O,O,X,X
ITZSOLJ,O,O,X,X
ITZSOJL,O,O,X,X
ITZOLJS,O,O,X,X
ITZOLSJ,O,O,X,X
ITZOJLS,O,O,X,X
ITZOJSL,O,O,X,X
ITZOSLJ,O,O,X,X
ITZOSJL,O,O,X,X
ITOLJSZ,O,X,X,X
ITOLJZS,O,O,X,X
ITOLSJZ,O,X,X,X
ITOLSZJ,O,X,X,X
ITOLZJS,O,O,X,X
ITOLZSJ,O,O,X,X
ITOJLSZ,O,X,X,X
ITOJLZS,O,O,X,X
ITOJSLZ,O,X,X,X
ITOJSZL,O,X,X,X
ITOJZLS,O,O,X,X
ITOJZSL,O,O,X,X
ITOSLJZ,O,X,X,X
ITOSLZJ,O,X,X,X
ITOSJLZ,O,X,X,X
ITOSJZL,O,X,X,X
ITOSZLJ,O,X,X,X
ITOSZJL,O,X,X,X
ITOZLJS,O,O,X,X
ITOZLSJ,O,O,X,X
ITOZJLS,O,O,X,X
ITOZJSL,O,O,X,X
ITOZSLJ,O,O,X,X
ITOZSJL,O,O,X,X
ILTJSZO,O,O,O,O
ILTJSOZ,O,X,X,X
ILTJZSO,O,O,O,O
ILTJZOS,O,O,O,O
ILTJOSZ,O,X,X,O
ILTJOZS,O,O,O,O
ILTSJZO,O,O,O,O
ILTSJOZ,O,X,X,X
ILTSZJO,O,O,O,O
ILTSZOJ,O,O,O,O
ILTSOJZ,O,X,X,X
ILTSOZJ,O,X,X,X
ILTZJSO,O,O,O,O
ILTZJOS,O,O,O,O
ILTZSJO,O,O,O,O
ILTZSOJ,O,O,O,O
ILTZOJS,O,O,O,O
ILTZOSJ,O,O,O,O
ILTOJSZ,O,X,X,O
ILTOJZS,O,O,O,O
ILTOSJZ,O,X,X,O
ILTOSZJ,O,X,X,O
ILTOZJS,O,O,O,O
ILTOZSJ,O,O,O,O
ILJTSZO,O,O,O,O
ILJTSOZ,O,X,X,X
ILJTZSO,O,O,O,O
ILJTZOS,O,O,O,O
ILJTOSZ,O,X,X,O
ILJTOZS,O,O,O,O
ILJSTZO,O,O,O,O
ILJSTOZ,O,X,X,X
ILJSZTO,X,O,O,O
ILJSZOT,O,O,O,O
ILJSOTZ,O,X,X,O
ILJSOZT,O,O,X,O
ILJZTSO,X,O,O,O
ILJZTOS,X,O,O,O
ILJZSTO,X,O,O,O
ILJZSOT,O,O,O,O
ILJZOTS,X,X,X,O
ILJZOST,O,O,O,O
ILJOTSZ,O,X,X,O
ILJOTZS,O,X,O,O
ILJOSTZ,O,X,X,O
ILJOSZT,O,O,X,O
ILJOZTS,X,X,X,O
ILJOZST,O,O,O,O
ILSTJZO,O,O,O,O
ILSTJOZ,O,X,X,X
ILSTZJO,O,O,O,O
ILSTZOJ,O,X,O,O
ILSTOJZ,O,X,X,X
ILSTOZJ,O,X,X,X
ILSJTZO,O,O,O,O
ILSJTOZ,O,X,X,X
ILSJZTO,X,O,O,O
ILSJZOT,O,O,O,O
ILSJOTZ,O,X,X,O
ILSJOZT,O,O,X,O
ILSZTJO,X,O,O,O
ILSZTOJ,X,O,O,O
ILSZJTO,X,O,O,O
ILSZJOT,O,O,O,O
ILSZOTJ,X,X,X,O
ILSZOJT,O,O,O,O
ILSOTJZ,O,X,X,O
ILSOTZJ,O,X,X,O
ILSOJTZ,O,X,X,O
ILSOJZT,O,O,X,O
ILSOZTJ,X,X,X,O
ILSOZJT,O,O,X,O
ILZTJSO,X,O,O,O
ILZTJOS,X,O,O,O
ILZTSJO,X,O,O,O
ILZTSOJ,X,O,O,O
ILZTOJS,X,O,O,O
ILZTOSJ,X,O,O,O
ILZJTSO,X,O,O,O
ILZJTOS,X,O,O,O
ILZJSTO,X,O,O,O
ILZJSOT,O,O,O,O
ILZJOTS,X,X,X,O
ILZJOST,O,O,O,O
ILZSTJO,X,O,O,O
ILZSTOJ,X,O,O,O
ILZSJTO,X,O,O,O
ILZSJOT,O,O,O,O
ILZSOTJ,X,X,X,O
ILZSOJT,O,O,O,O
ILZOTJS,X,X,X,O
ILZOTSJ,X,X,X,O
ILZOJTS,X,X,X,O
ILZOJST,O,O,O,O
ILZOSTJ,X,X,X,O
ILZOSJT,O,O,O,O
ILOTJSZ,O,X,X,O
ILOTJZS,O,X,O,O
ILOTSJZ,O,X,X,O
ILOTSZJ,O,X,X,O
ILOTZJS,O,X,O,O
ILOTZSJ,O,X,O,O
ILOJTSZ,O,X,X,O
ILOJTZS,O,X,O,O
ILOJSTZ,O,X,X,O
ILOJSZT,O,O,X,O
ILOJZTS,X,X,X,O
ILOJZST,O,O,O,O
ILOSTJZ,O,X,X,O
ILOSTZJ,O,X,X,O
ILOSJTZ,O,X,X,O
ILOSJZT,O,O,X,O
ILOSZTJ,X,X,X,O
ILOSZJT,O,O,X,O
ILOZTJS,X,X,X,O
ILOZTSJ,X,X,X,O
ILOZJTS,X,X,X,O
ILOZJST,O,O,O,O
ILOZSTJ,X,X,X,O
ILOZSJT,O,O,O,O
IJTLSZO,O,O,O,O
IJTLSOZ,O,X,X,X
IJTLZSO,O,O,O,O
IJTLZOS,O,O,O,O
IJTLOSZ,O,X,X,O
IJTLOZS,O,O,O,O
IJTSLZO,O,O,X,O
IJTSLOZ,O,X,X,X
IJTSZLO,O,O,X,O
IJTSZOL,O,O,X,X
IJTSOLZ,O,X,X,X
IJTSOZL,O,X,X,X
IJTZLSO,O,O,O,O
IJTZLOS,O,O,O,O
IJTZSLO,O,O,O,O
IJTZSOL,O,O,X,X
IJTZOLS,O,O,X,X
IJTZOSL,O,O,X,X
IJTOLSZ,O,X,X,X
IJTOLZS,O,O,X,X
IJTOSLZ,O,X,X,X
IJTOSZL,O,X,X,X
IJTOZLS,O,O,X,X
IJTOZSL,O,O,X,X
IJLTSZO,O,O,O,O
IJLTSOZ,O,X,X,X
IJLTZSO,O,O,O,O
IJLTZOS,O,O,O,O
IJLTOSZ,O,X,X,O
IJLTOZS,O,O,O,O
IJLSTZO,O,O,O,O
IJLSTOZ,O,X,X,X
IJLSZTO,X,O,O,O
IJLSZOT,O,O,O,O
IJLSOTZ,O,X,X,O
IJLSOZT,O,O,X,O
IJLZTSO,X,O,O,O
IJLZTOS,X,O,O,O
IJLZSTO,X,O,O,O
IJLZSOT,O,O,O,O
IJLZOTS,X,X,X,O
IJLZOST,O,O,O,O
IJLOTSZ,O,X,X,O
IJLOTZS,O,X,O,O
IJLOSTZ,O,X,X,O
IJLOSZT,O,O,X,O
IJLOZTS,X,X,X,O
IJLOZST,O,O,O,O
IJSTLZO,O,O,X,O
IJSTLOZ,O,X,X,X
IJSTZLO,O,O,X,O
IJSTZOL,O,O,X,X
IJSTOLZ,O,X,X,X
IJSTOZL,O,X,X,X
IJSLTZO,O,O,X,O
IJSLTOZ,O,X,X,X
IJSLZTO,X,O,O,O
IJSLZOT,O,O,O,O
IJSLOTZ,O,X,X,O
IJSLOZT,O,O,X,O
IJSZTLO,O,O,O,O
IJSZTOL,O,O,X,X
IJSZLTO,X,O,O,O
IJSZLOT,O,O,O,O
IJSZOTL,O,O,X,X
IJSZOLT,O,O,X,O
IJSOTLZ,O,X,X,X
IJSOTZL,O,X,X,X
IJSOLTZ,O,X,X,X
IJSOLZT,O,O,X,O
IJSOZTL,O,O,X,X
IJSOZLT,O,O,X,O
IJZTLSO,O,O,O,O
IJZTLOS,O,O,O,O
IJZTSLO,O,O,O,O
IJZTSOL,O,O,X,X
IJZTOLS,O,O,X,X
IJZTOSL,O,O,X,X
IJZLTSO,X,O,O,O
IJZLTOS,X,O,O,O
IJZLSTO,X,O,O,O
IJZLSOT,O,O,O,O
IJZLOTS,X,X,X,O
IJZLOST,O,O,O,O
IJZSTLO,O,O,O,O
IJZSTOL,O,O,X,X
IJZSLTO,X,O,O,O
IJZSLOT,O,O,O,O
IJZSOTL,O,O,X,X
IJZSOLT,O,O,X,O
IJZOTLS,O,O,X,X
IJZOTSL,O,O,X,X
IJZOLTS,X,X,X,O
IJZOLST,O,O,X,O
IJZOSTL,O,O,X,X
IJZOSLT,O,O,X,O
IJOTLSZ,O,X,X,X
IJOTLZS,O,O,X,X
IJOTSLZ,O,X,X,X
IJOTSZL,O,X,X,X
IJOTZLS,O,O,X,X
IJOTZSL,O,O,X,X
IJOLTSZ,O,X,X,O
IJOLTZS,O,X,X,O
IJOLSTZ,O,X,X,O
IJOLSZT,O,O,X,O
IJOLZTS,X,X,X,O
IJOLZST,O,O,X,O
IJOSTLZ,O,X,X,X
IJOSTZL,O,X,X,X
IJOSLTZ,O,X,X,X
IJOSLZT,O,O,X,O
IJOSZTL,O,O,X,X
IJOSZLT,O,O,X,O
IJOZTLS,O,O,X,X
IJOZTSL,O,O,X,X
IJOZLTS,X,X,X,O
IJOZLST,O,O,X,O
IJOZSTL,O,O,X,X
IJOZSLT,O,O,X,O
ISTLJZO,O,O,X,O
ISTLJOZ,O,X,X,X
ISTLZJO,O,O,X,O
ISTLZOJ,O,O,X,O
ISTLOJZ,O,X,X,X
ISTLOZJ,O,X,X,X
ISTJLZO,O,O,X,O
ISTJLOZ,O,X,X,X
ISTJZLO,O,O,X,O
ISTJZOL,O,O,X,X
ISTJOLZ,O,X,X,X
ISTJOZL,O,X,X,X
ISTZLJO,O,O,X,O
ISTZLOJ,O,O,X,O
ISTZJLO,O,O,X,O
ISTZJOL,O,O,X,X
ISTZOLJ,O,O,X,X
ISTZOJL,O,O,X,X
ISTOLJZ,O,X,X,X
ISTOLZJ,O,X,X,X
ISTOJLZ,O,X,X,X
ISTOJZL,O,X,X,X
ISTOZLJ,O,X,X,X
ISTOZJL,O,X,X,X
ISLTJZO,O,O,X,O
ISLTJOZ,O,X,X,X
ISLTZJO,O,O,X,O
ISLTZOJ,O,X,X,O
ISLTOJZ,O,X,X,X
ISLTOZJ,O,X,X,X
ISLJTZO,O,O,X,O
ISLJTOZ,O,X,X,X
ISLJZTO,X,O,O,O
ISLJZOT,O,O,O,O
ISLJOTZ,O,X,X,O
ISLJOZT,O,O,X,O
ISLZTJO,X,O,O,O
ISLZTOJ,X,O,O,O
ISLZJTO,X,O,O,O
ISLZJOT,O,O,O,O
ISLZOTJ,X,X,X,O
ISLZOJT,O,O,O,O
ISLOTJZ,O,X,X,O
ISLOTZJ,O,X,X,O
ISLOJTZ,O,X,X,O
ISLOJZT,O,O,X,O
ISLOZTJ,X,X,X,O
ISLOZJT,O,O,X,O
ISJTLZO,O,O,X,O
ISJTLOZ,O,X,X,X
ISJTZLO,O,O,X,O
ISJTZOL,O,O,X,X
ISJTOLZ,O,X,X,X
ISJTOZL,O,X,X,X
ISJLTZO,O,O,X,O
ISJLTOZ,O,X,X,X
ISJLZTO,X,O,O,O
ISJLZOT,O,O,O,O
ISJLOTZ,O,X,X,O
ISJLOZT,O,O,X,O
ISJZTLO,O,O,O,O
ISJZTOL,O,O,X,X
ISJZLTO,X,O,O,O
ISJZLOT,O,O,O,O
ISJZOTL,O,O,X,X
ISJZOLT,O,O,X,O
ISJOTLZ,O,X,X,X
ISJOTZL,O,X,X,X
ISJOLTZ,O,X,X,X
ISJOLZT,O,O,X,O
ISJOZTL,O,O,X,X
ISJOZLT,O,O,X,O
ISZTLJO,O,O,O,O
ISZTLOJ,O,O,O,O
ISZTJLO,O,O,O,O
ISZTJOL,O,O,X,X
ISZTOLJ,O,O,X,X
ISZTOJL,O,O,X,X
ISZLTJO,X,O,O,O
ISZLTOJ,X,O,O,O
ISZLJTO,X,O,O,O
ISZLJOT,O,O,O,O
ISZLOTJ,X,X,X,O
ISZLOJT,O,O,O,O
ISZJTLO,O,O,O,O
ISZJTOL,O,O,X,X
ISZJLTO,X,O,O,O
ISZJLOT,O,O,O,O
ISZJOTL,O,O,X,X
ISZJOLT,O,O,X,O
ISZOTLJ,O,O,X,X
ISZOTJL,O,O,X,X
ISZOLTJ,X,X,X,O
ISZOLJT,O,O,X,O
ISZOJTL,O,O,X,X
ISZOJLT,O,O,X,O
ISOTLJZ,O,X,X,X
ISOTLZJ,O,X,X,X
ISOTJLZ,O,X,X,X
ISOTJZL,O,X,X,X
ISOTZLJ,O,X,X,X
ISOTZJL,O,X,X,X
ISOLTJZ,O,X,X,X
ISOLTZJ,O,X,X,X
ISOLJTZ,O,X,X,X
ISOLJZT,O,O,X,O
ISOLZTJ,X,X,X,O
ISOLZJT,O,O,X,O
ISOJTLZ,O,X,X,X
ISOJTZL,O,X,X,X
ISOJLTZ,O,X,X,X
ISOJLZT,O,O,X,O
ISOJZTL,O,O,X,X
ISOJZLT,O,O,X,O
ISOZTLJ,O,O,X,X
ISOZTJL,O,O,X,X
ISOZLTJ,X,X,X,O
ISOZLJT,O,O,X,O
ISOZJTL,O,O,X,X
ISOZJLT,O,O,X,O
IZTLJSO,O,O,O,O
IZTLJOS,O,O,O,O
IZTLSJO,O,O,O,O
IZTLSOJ,O,O,O,O
IZTLOJS,O,O,O,O
IZTLOSJ,O,O,O,O
IZTJLSO,O,O,O,O
IZTJLOS,O,O,O,O
IZTJSLO,O,O,O,O
IZTJSOL,O,O,X,X
IZTJOLS,O,O,X,X
IZTJOSL,O,O,X,X
IZTSLJO,O,O,O,O
IZTSLOJ,O,O,O,O
IZTSJLO,O,O,O,O
IZTSJOL,O,O,X,X
IZTSOLJ,O,O,X,X
IZTSOJL,O,O,X,X
IZTOLJS,O,O,X,X
IZTOLSJ,O,O,X,X
IZTOJLS,O,O,X,X
IZTOJSL,O,O,X,X
IZTOSLJ,O,O,X,X
IZTOSJL,O,O,X,X
IZLTJSO,X,O,O,O
IZLTJOS,X,O,O,O
IZLTSJO,X,O,O,O
IZLTSOJ,X,O,O,O
IZLTOJS,X,O,O,O
IZLTOSJ,X,O,O,O
IZLJTSO,X,O,O,O
IZLJTOS,X,O,O,O
IZLJSTO,X,O,O,O
IZLJSOT,O,O,O,O
IZLJOTS,X,X,X,O
IZLJOST,O,O,O,O
IZLSTJO,X,O,O,O
IZLSTOJ,X,O,O,O
IZLSJTO,X,O,O,O
IZLSJOT,O,O,O,O
IZLSOTJ,X,X,X,O
IZLSOJT,O,O,O,O
IZLOTJS,X,X,X,O
IZLOTSJ,X,X,X,O
IZLOJTS,X,X,X,O
IZLOJST,O,O,O,O
IZLOSTJ,X,X,X,O
IZLOSJT,O,O,O,O
IZJTLSO,O,O,O,O
IZJTLOS,O,O,O,O
IZJTSLO,O,O,O,O
IZJTSOL,O,O,X,X
IZJTOLS,O,O,X,X
IZJTOSL,O,O,X,X
IZJLTSO,X,O,O,O
IZJLTOS,X,O,O,O
IZJLSTO,X,O,O,O
IZJLSOT,O,O,O,O
IZJLOTS,X,X,X,O
IZJLOST,O,O,O,O
IZJSTLO,O,O,O,O
IZJSTOL,O,O,X,X
IZJSLTO,X,O,O,O
IZJSLOT,O,O,O,O
IZJSOTL,O,O,X,X
IZJSOLT,O,O,X,O
IZJOTLS,O,O,X,X
IZJOTSL,O,O,X,X
IZJOLTS,X,X,X,O
IZJOLST,O,O,X,O
IZJOSTL,O,O,X,X
IZJOSLT,O,O,X,O
IZSTLJO,O,O,O,O
IZSTLOJ,O,O,O,O
IZSTJLO,O,O,O,O
IZSTJOL,O,O,X,X
IZSTOLJ,O,O,X,X
IZSTOJL,O,O,X,X
IZSLTJO,X,O,O,O
IZSLTOJ,X,O,O,O
IZSLJTO,X,O,O,O
IZSLJOT,O,O,O,O
IZSLOTJ,X,X,X,O
IZSLOJT,O,O,O,O
IZSJTLO,O,O,O,O
IZSJTOL,O,O,X,X
IZSJLTO,X,O,O,O
IZSJLOT,O,O,O,O
IZSJOTL,O,O,X,X
IZSJOLT,O,O,X,O
IZSOTLJ,O,O,X,X
IZSOTJL,O,O,X,X
IZSOLTJ,X,X,X,O
IZSOLJT,O,O,X,O
IZSOJTL,O,O,X,X
IZSOJLT,O,O,X,O
IZOTLJS,O,O,X,X
IZOTLSJ,O,O,X,X
IZOTJLS,O,O,X,X
IZOTJSL,O,O,X,X
IZOTSLJ,O,O,X,X
IZOTSJL,O,O,X,X
IZOLTJS,X,X,X,O
IZOLTSJ,X,X,X,O
IZOLJTS,X,X,X,O
IZOLJST,O,O,X,O
IZOLSTJ,X,X,X,O
IZOLSJT,O,O,X,O
IZOJTLS,O,O,X,X
IZOJTSL,O,O,X,X
IZOJLTS,X,X,X,O
IZOJLST,O,O,X,O
IZOJSTL,O,O,X,X
IZOJSLT,O,O,X,O
IZOSTLJ,O,O,X,X
IZOSTJL,O,O,X,X
IZOSLTJ,X,X,X,O
IZOSLJT,O,O,X,O
IZOSJTL,O,O,X,X
IZOSJLT,O,O,X,O
IOTLJSZ,O,X,X,X
IOTLJZS,O,O,X,X
IOTLSJZ,O,X,X,X
IOTLSZJ,O,X,X,X
IOTLZJS,O,O,X,X
IOTLZSJ,O,O,X,X
IOTJLSZ,O,X,X,X
IOTJLZS,O,O,X,X
IOTJSLZ,O,X,X,X
IOTJSZL,O,X,X,X
IOTJZLS,O,O,X,X
IOTJZSL,O,O,X,X
IOTSLJZ,O,X,X,X
IOTSLZJ,O,X,X,X
IOTSJLZ,O,X,X,X
IOTSJZL,O,X,X,X
IOTSZLJ,O,X,X,X
IOTSZJL,O,X,X,X
IOTZLJS,O,O,X,X
IOTZLSJ,O,O,X,X
IOTZJLS,O,O,X,X
IOTZJSL,O,O,X,X
IOTZSLJ,O,O,X,X
IOTZSJL,O,O,X,X
IOLTJSZ,O,X,X,O
IOLTJZS,O,X,X,O
IOLTSJZ,O,X,X,O
IOLTSZJ,O,X,X,O
IOLTZJS,O,X,X,O
IOLTZSJ,O,X,X,O
IOLJTSZ,O,X,X,O
IOLJTZS,O,X,X,O
IOLJSTZ,O,X,X,O
IOLJSZT,O,O,X,O
IOLJZTS,X,X,X,O
IOLJZST,O,O,X,O
IOLSTJZ,O,X,X,O
IOLSTZJ,O,X,X,O
IOLSJTZ,O,X,X,O
IOLSJZT,O,O,X,O
IOLSZTJ,X,X,X,O
IOLSZJT,O,O,X,O
IOLZTJS,X,X,X,O
IOLZTSJ,X,X,X,O
IOLZJTS,X,X,X,O
IOLZJST,O,O,X,O
IOLZSTJ,X,X,X,O
IOLZSJT,O,O,X,O
IOJTLSZ,O,X,X,X
IOJTLZS,O,O,X,X
IOJTSLZ,O,X,X,X
IOJTSZL,O,X,X,X
IOJTZLS,O,O,X,X
IOJTZSL,O,O,X,X
IOJLTSZ,O,X,X,O
IOJLTZS,O,X,X,O
IOJLSTZ,O,X,X,O
IOJLSZT,O,O,X,O
IOJLZTS,X,X,X,O
IOJLZST,O,O,X,O
IOJSTLZ,O,X,X,X
IOJSTZL,O,X,X,X
IOJSLTZ,O,X,X,X
IOJSLZT,O,O,X,O
IOJSZTL,O,O,X,X
IOJSZLT,O,O,X,O
IOJZTLS,O,O,X,X
IOJZTSL,O,O,X,X
IOJZLTS,X,X,X,O
IOJZLST,O,O,X,O
IOJZSTL,O,O,X,X
IOJZSLT,O,O,X,O
IOSTLJZ,O,X,X,X
IOSTLZJ,O,X,X,X
IOSTJLZ,O,X,X,X
IOSTJZL,O,X,X,X
IOSTZLJ,O,X,X,X
IOSTZJL,O,X,X,X
IOSLTJZ,O,X,X,X
IOSLTZJ,O,X,X,X
IOSLJTZ,O,X,X,X
IOSLJZT,O,O,X,O
IOSLZTJ,X,X,X,O
IOSLZJT,O,O,X,O
IOSJTLZ,O,X,X,X
IOSJTZL,O,X,X,X
IOSJLTZ,O,X,X,X
IOSJLZT,O,O,X,O
IOSJZTL,O,O,X,X
IOSJZLT,O,O,X,O
IOSZTLJ,O,O,X,X
IOSZTJL,O,O,X,X
IOSZLTJ,X,X,X,O
IOSZLJT,O,O,X,O
IOSZJTL,O,O,X,X
IOSZJLT,O,O,X,O
IOZTLJS,O,O,X,X
IOZTLSJ,O,O,X,X
IOZTJLS,O,O,X,X
IOZTJSL,O,O,X,X
IOZTSLJ,O,O,X,X
IOZTSJL,O,O,X,X
IOZLTJS,X,X,X,O
IOZLTSJ,X,X,X,O
IOZLJTS,X,X,X,O
IOZLJST,O,O,X,O
IOZLSTJ,X,X,X,O
IOZLSJT,O,O,X,O
IOZJTLS,O,O,X,X
IOZJTSL,O,O,X,X
IOZJLTS,X,X,X,O
IOZJLST,O,O,X,O
IOZJSTL,O,O,X,X
IOZJSLT,O,O,X,O
IOZSTLJ,O,O,X,X
IOZSTJL,O,O,X,X
IOZSLTJ,X,X,X,O
IOZSLJT,O,O,X,O
IOZSJTL,O,O,X,X
IOZSJLT,O,O,X,O
LTIJSZO,O,O,O,O
LTIJSOZ,O,X,X,X
LTIJZSO,O,O,O,O
LTIJZOS,O,O,O,O
LTIJOSZ,O,X,X,O
LTIJOZS,O,O,O,O
LTISJZO,O,O,O,O
LTISJOZ,O,X,X,X
LTISZJO,O,O,O,O
LTISZOJ,O,O,O,O
LTISOJZ,O,X,X,X
LTISOZJ,O,X,X,X
LTIZJSO,O,O,O,O
LTIZJOS,O,O,O,O
LTIZSJO,O,O,O,O
LTIZSOJ,O,O,O,O
LTIZOJS,O,O,O,O
LTIZOSJ,O,O,O,O
LTIOJSZ,O,X,X,O
LTIOJZS,O,O,O,O
LTIOSJZ,O,X,X,O
LTIOSZJ,O,X,X,O
LTIOZJS,O,O,O,O
LTIOZSJ,O,O,O,O
LTJISZO,O,O,O,O
LTJISOZ,O,X,X,X
LTJIZSO,O,O,O,O
LTJIZOS,O,O,O,O
LTJIOSZ,O,X,X,O
LTJIOZS,O,O,O,O
LTJSIZO,O,O,O,O
LTJSIOZ,O,X,X,X
LTJSZIO,O,O,O,O
LTJSZOI,O,O,O,O
LTJSOIZ,O,X,X,X
LTJSOZI,O,X,X,X
LTJZISO,O,O,O,O
LTJZIOS,O,O,O,O
LTJZSIO,O,O,O,O
LTJZSOI,O,O,O,O
LTJZOIS,O,O,O,O
LTJZOSI,O,O,O,O
LTJOISZ,O,X,X,O
LTJOIZS,O,O,O,O
LTJOSIZ,O,X,X,O
LTJOSZI,O,X,X,O
LTJOZIS,O,O,O,O
LTJOZSI,O,O,O,O
LTSIJZO,O,O,O,O
LTSIJOZ,O,X,X,X
LTSIZJO,O,O,O,O
LTSIZOJ,O,O,O,O
LTSIOJZ,O,X,X,X
LTSIOZJ,O,X,X,X
LTSJIZO,O,O,O,O
LTSJIOZ,O,X,X,X
LTSJZIO,O,O,O,O
LTSJZOI,O,O,O,O
LTSJOIZ,O,X,X,X
LTSJOZI,O,X,X,X
LTSZIJO,O,O,O,O
LTSZIOJ,O,O,O,O
LTSZJIO,O,O,O,O
LTSZJOI,O,O,O,O
LTSZOIJ,O,O,O,O
LTSZOJI,O,O,O,O
LTSOIJZ,O,X,X,X
LTSOIZJ,O,X,X,X
LTSOJIZ,O,X,X,X
LTSOJZI,O,X,X,X
LTSOZIJ,O,X,X,X
LTSOZJI,O,X,X,X
LTZIJSO,O,O,O,O
LTZIJOS,O,O,O,O
LTZISJO,O,O,O,O
LTZISOJ,O,O,O,O
LTZIOJS,O,O,O,O
LTZIOSJ,O,O,O,O
LTZJISO,O,O,O,O
LTZJIOS,O,O,O,O
LTZJSIO,O,O,O,O
LTZJSOI,O,O,O,O
LTZJOIS,O,O,O,O
LTZJOSI,O,O,O,O
LTZSIJO,O,O,O,O
LTZSIOJ,O,O,O,O
LTZSJIO,O,O,O,O
LTZSJOI,O,O,O,O
LTZSOIJ,O,O,O,O
LTZSOJI,O,O,O,O
LTZOIJS,O,O,O,O
LTZOISJ,O,O,O,O
LTZOJIS,O,O,O,O
LTZOJSI,O,O,O,O
LTZOSIJ,O,O,O,O
LTZOSJI,O,O,O,O
LTOIJSZ,O,X,X,O
LTOIJZS,O,O,O,O
LTOISJZ,O,X,X,O
LTOISZJ,O,X,X,O
LTOIZJS,O,O,O,O
LTOIZSJ,O,O,O,O
LTOJISZ,O,X,X,O
LTOJIZS,O,O,O,O
LTOJSIZ,O,X,X,O
LTOJSZI,O,X,X,O
LTOJZIS,O,O,O,O
LTOJZSI,O,O,O,O
LTOSIJZ,O,X,X,O
LTOSIZJ,O,X,X,O
LTOSJIZ,O,X,X,O
LTOSJZI,O,X,X,O
LTOSZIJ,O,X,X,O
LTOSZJI,O,X,X,O
LTOZIJS,O,O,O,O
LTOZISJ,O,O,O,O
LTOZJIS,O,O,O,O
LTOZJSI,O,O,O,O
LTOZSIJ,O,O,O,O
LTOZSJI,O,O,O,O
LITJSZO,O,O,O,O
LITJSOZ,O,X,X,X
LITJZSO,O,O,O,O
LITJZOS,O,O,O,O
LITJOSZ,O,X,X,O
LITJOZS,O,O,O,O
LITSJZO,O,O,O,O
LITSJOZ,O,X,X,X
LITSZJO,O,O,O,O
LITSZOJ,O,O,O,O
LITSOJZ,O,X,X,X
LITSOZJ,O,X,X,X
LITZJSO,O,O,O,O
LITZJOS,O,O,O,O
LITZSJO,O,O,O,O
LITZSOJ,O,O,O,O
LITZOJS,O,O,O,O
LITZOSJ,O,O,O,O
LITOJSZ,O,X,X,O
LITOJZS,O,O,O,O
LITOSJZ,O,X,X,O
LITOSZJ,O,X,X,O
LITOZJS,O,O,O,O
LITOZSJ,O,O,O,O
LIJTSZO,O,O,O,O
LIJTSOZ,O,X,X,X
LIJTZSO,O,O,O,O
LIJTZOS,O,O,O,O
LIJTOSZ,O,X,X,O
LIJTOZS,O,O,O,O
LIJSTZO,O,O,O,O
LIJSTOZ,O,X,X,X
LIJSZTO,X,O,O,O
LIJSZOT,O,O,O,O
LIJSOTZ,O,X,X,O
LIJSOZT,O,O,X,O
LIJZTSO,X,O,O,O
LIJZTOS,X,O,O,O
LIJZSTO,X,O,O,O
LIJZSOT,O,O,O,O
LIJZOTS,X,X,X,O
LIJZOST,O,O,O,O
LIJOTSZ,O,X,X,O
LIJOTZS,O,X,O,O
LIJOSTZ,O,X,X,O
LIJOSZT,O,O,X,O
LIJOZTS,X,X,X,O
LIJOZST,O,O,O,O
LISTJZO,O,O,O,O
LISTJOZ,O,X,X,X
LISTZJO,O,O,O,O
LISTZOJ,O,X,O,O
LISTOJZ,O,X,X,X
LISTOZJ,O,X,X,X
LISJTZO,O,O,O,O
LISJTOZ,O,X,X,X
LISJZTO,X,O,O,O
LISJZOT,O,O,O,O
LISJOTZ,O,X,X,O
LISJOZT,O,O,X,O
LISZTJO,X,O,O,O
LISZTOJ,X,O,O,O
LISZJTO,X,O,O,O
LISZJOT,O,O,O,O
LISZOTJ,X,X,X,O
LISZOJT,O,O,O,O
LISOTJZ,O,X,X,O
LISOTZJ,O,X,X,O
LISOJTZ,O,X,X,O
LISOJZT,O,O,X,O
LISOZTJ,X,X,X,O
LISOZJT,O,O,X,O
LIZTJSO,X,O,O,O
LIZTJOS,X,O,O,O
LIZTSJO,X,O,O,O
LIZTSOJ,X,O,O,O
LIZTOJS,X,O,O,O
LIZTOSJ,X,O,O,O
LIZJTSO,X,O,O,O
LIZJTOS,X,O,O,O
LIZJSTO,X,O,O,O
LIZJSOT,O,O,O,O
LIZJOTS,X,X,X,O
LIZJOST,O,O,O,O
LIZSTJO,X,O,O,O
LIZSTOJ,X,O,O,O
LIZSJTO,X,O,O,O
LIZSJOT,O,O,O,O
LIZSOTJ,X,X,X,O
LIZSOJT,O,O,O,O
LIZOTJS,X,X,X,O
LIZOTSJ,X,X,X,O
LIZOJTS,X,X,X,O
LIZOJST,O,O,O,O
LIZOSTJ,X,X,X,O
LIZOSJT,O,O,O,O
LIOTJSZ,O,X,X,O
LIOTJZS,O,X,O,O
LIOTSJZ,O,X,X,O
LIOTSZJ,O,X,X,O
LIOTZJS,O,X,O,O
LIOTZSJ,O,X,O,O
LIOJTSZ,O,X,X,O
LIOJTZS,O,X,O,O
LIOJSTZ,O,X,X,O
LIOJSZT,O,O,X,O
LIOJZTS,X,X,X,O
LIOJZST,O,O,O,O
LIOSTJZ,O,X,X,O
LIOSTZJ,O,X,X,O
LIOSJTZ,O,X,X,O
LIOSJZT,O,O,X,O
LIOSZTJ,X,X,X,O
LIOSZJT,O,O,X,O
LIOZTJS,X,X,X,O
LIOZTSJ,X,X,X,O
LIOZJTS,X,X,X,O
LIOZJST,O,O,O,O
LIOZSTJ,X,X,X,O
LIOZSJT,O,O,O,O
LJTISZO,O,O,O,O
LJTISOZ,O,X,X,X
LJTIZSO,O,O,O,O
LJTIZOS,O,O,O,O
LJTIOSZ,O,X,X,O
LJTIOZS,O,O,O,O
LJTSIZO,O,O,O,O
LJTSIOZ,O,X,X,X
LJTSZIO,O,O,O,O
LJTSZOI,O,O,O,O
LJTSOIZ,O,X,X,X
LJTSOZI,O,X,X,X
LJTZISO,O,O,O,O
LJTZIOS,O,O,O,O
LJTZSIO,O,O,O,O
LJTZSOI,O,O,O,O
LJTZOIS,O,O,O,O
LJTZOSI,O,O,O,O
LJTOISZ,O,X,X,O
LJTOIZS,O,O,O,O
LJTOSIZ,O,X,X,O
LJTOSZI,O,X,X,O
LJTOZIS,O,O,O,O
LJTOZSI,O,O,O,O
LJITSZO,O,O,O,O
LJITSOZ,O,X,X,X
LJITZSO,O,O,O,O
LJITZOS,O,O,O,O
LJITOSZ,O,X,X,O
LJITOZS,O,O,O,O
LJISTZO,O,O,O,O
LJISTOZ,O,X,X,X
LJISZTO,X,O,O,O
LJISZOT,O,O,O,O
LJISOTZ,O,X,X,O
LJISOZT,O,O,X,O
LJIZTSO,X,O,O,O
LJIZTOS,X,O,O,O
LJIZSTO,X,O,O,O
LJIZSOT,O,O,O,O
LJIZOTS,X,X,X,O
LJIZOST,O,O,O,O
LJIOTSZ,O,X,X,O
LJIOTZS,O,X,O,O
LJIOSTZ,O,X,X,O
LJIOSZT,O,O,X,O
LJIOZTS,X,X,X,O
LJIOZST,O,O,O,O
LJSTIZO,O,O,O,O
LJSTIOZ,O,X,X,X
LJSTZIO,O,O,O,O
LJSTZOI,O,X,O,O
LJSTOIZ,O,X,X,X
LJSTOZI,O,X,X,X
LJSITZO,O,O,O,O
LJSITOZ,O,X,X,X
LJSIZTO,X,O,O,O
LJSIZOT,O,O,O,O
LJSIOTZ,O,X,X,O
LJSIOZT,O,O,X,O
LJSZTIO,X,O,O,O
LJSZTOI,X,O,O,O
LJSZITO,X,O,O,O
LJSZIOT,O,O,O,O
LJSZOTI,X,X,O,O
LJSZOIT,O,O,O,O
LJSOTIZ,O,X,X,O
LJSOTZI,O,X,X,O
LJSOITZ,O,X,X,O
LJSOIZT,O,O,X,O
LJSOZTI,X,X,O,O
LJSOZIT,O,O,O,O
LJZTISO,X,O,O,O
LJZTIOS,X,O,O,O
LJZTSIO,X,O,O,O
LJZTSOI,X,O,O,O
LJZTOIS,X,O,O,O
LJZTOSI,X,O,O,O
LJZITSO,X,O,O,O
LJZITOS,X,O,O,O
LJZISTO,X,O,O,O
LJZISOT,O,O,O,O
LJZIOTS,X,X,X,O
LJZIOST,O,O,O,O
LJZSTIO,X,O,O,O
LJZSTOI,X,O,O,O
LJZSITO,X,O,O,O
LJZSIOT,O,O,O,O
LJZSOTI,X,X,O,O
LJZSOIT,O,O,O,O
LJZOTIS,X,X,O,O
LJZOTSI,X,X,O,O
LJZOITS,X,X,X,O
LJZOIST,O,O,O,O
LJZOSTI,X,X,O,O
LJZOSIT,O,O,O,O
LJOTISZ,O,X,X,O
LJOTIZS,O,X,O,O
LJOTSIZ,O,X,X,O
LJOTSZI,O,X,X,O
LJOTZIS,O,X,O,O
LJOTZSI,O,X,O,O
LJOITSZ,O,X,X,O
LJOITZS,O,X,O,O
LJOISTZ,O,X,X,O
LJOISZT,O,O,X,O
LJOIZTS,X,X,X,O
LJOIZST,O,O,O,O
LJOSTIZ,O,X,X,O
LJOSTZI,O,X,X,O
LJOSITZ,O,X,X,O
LJOSIZT,O,O,X,O
LJOSZTI,X,X,O,O
LJOSZIT,O,O,O,O
LJOZTIS,X,X,O,O
LJOZTSI,X,X,O,O
LJOZITS,X,X,X,O
LJOZIST,O,O,O,O
LJOZSTI,X,X,O,O
LJOZSIT,O,O,O,O
LSTIJZO,O,O,O,O
LSTIJOZ,O,X,X,X
LSTIZJO,O,O,O,O
LSTIZOJ,O,X,O,O
LSTIOJZ,O,X,X,X
LSTIOZJ,O,X,X,X
LSTJIZO,O,O,O,O
LSTJIOZ,O,X,X,X
LSTJZIO,O,O,O,O
LSTJZOI,O,X,O,O
LSTJOIZ,O,X,X,X
LSTJOZI,O,X,X,X
LSTZIJO,O,O,O,O
LSTZIOJ,O,X,O,O
LSTZJIO,O,O,O,O
LSTZJOI,O,X,O,O
LSTZOIJ,O,X,O,O
LSTZOJI,O,X,O,O
LSTOIJZ,O,X,X,X
LSTOIZJ,O,X,X,X
LSTOJIZ,O,X,X,X
LSTOJZI,O,X,X,X
LSTOZIJ,O,X,X,X
LSTOZJI,O,X,X,X
LSITJZO,O,O,O,O
LSITJOZ,O,X,X,X
LSITZJO,O,O,O,O
LSITZOJ,O,X,O,O
LSITOJZ,O,X,X,X
LSITOZJ,O,X,X,X
LSIJTZO,O,O,O,O
LSIJTOZ,O,X,X,X
LSIJZTO,X,O,O,O
LSIJZOT,O,O,O,O
LSIJOTZ,O,X,X,O
LSIJOZT,O,O,X,O
LSIZTJO,X,O,O,O
LSIZTOJ,X,O,O,O
LSIZJTO,X,O,O,O
LSIZJOT,O,O,O,O
LSIZOTJ,X,X,X,O
LSIZOJT,O,O,O,O
LSIOTJZ,O,X,X,O
LSIOTZJ,O,X,X,O
LSIOJTZ,O,X,X,O
LSIOJZT,O,O,X,O
LSIOZTJ,X,X,X,O
LSIOZJT,O,O,X,O
LSJTIZO,O,O,O,O
LSJTIOZ,O,X,X,X
LSJTZIO,O,O,O,O
LSJTZOI,O,X,O,O
LSJTOIZ,O,X,X,X
LSJTOZI,O,X,X,X
LSJITZO,O,O,O,O
LSJITOZ,O,X,X,X
LSJIZTO,X,O,O,O
LSJIZOT,O,O,O,O
LSJIOTZ,O,X,X,O
LSJIOZT,O,O,X,O
LSJZTIO,X,O,O,O
LSJZTOI,X,O,O,O
LSJZITO,X,O,O,O
LSJZIOT,O,O,O,O
LSJZOTI,X,X,O,O
LSJZOIT,O,O,O,O
LSJOTIZ,O,X,X,O
LSJOTZI,O,X,X,O
LSJOITZ,O,X,X,O
LSJOIZT,O,O,X,O
LSJOZTI,X,X,O,O
LSJOZIT,O,O,O,O
LSZTIJO,X,O,O,O
LSZTIOJ,X,O,O,O
LSZTJIO,X,O,O,O
LSZTJOI,X,O,O,O
LSZTOIJ,X,O,O,O
LSZTOJI,X,O,O,O
LSZITJO,X,O,O,O
LSZITOJ,X,O,O,O
LSZIJTO,X,O,O,O
LSZIJOT,O,O,O,O
LSZIOTJ,X,X,X,O
LSZIOJT,O,O,O,O
LSZJTIO,X,O,O,O
LSZJTOI,X,O,O,O
LSZJITO,X,O,O,O
LSZJIOT,O,O,O,O
LSZJOTI,X,X,O,O
LSZJOIT,O,O,O,O
LSZOTIJ,X,X,O,O
LSZOTJI,X,X,O,O
LSZOITJ,X,X,X,O
LSZOIJT,O,O,O,O
LSZOJTI,X,X,O,O
LSZOJIT,O,O,O,O
LSOTIJZ,O,X,X,O
LSOTIZJ,O,X,X,O
LSOTJIZ,O,X,X,O
LSOTJZI,O,X,X,O
LSOTZIJ,O,X,X,O
LSOTZJI,O,X,X,O
LSOITJZ,O,X,X,O
LSOITZJ,O,X,X,O
LSOIJTZ,O,X,X,O
LSOIJZT,O,O,X,O
LSOIZTJ,X,X,X,O
LSOIZJT,O,O,X,O
LSOJTIZ,O,X,X,O
LSOJTZI,O,X,X,O
LSOJITZ,O,X,X,O
LSOJIZT,O,O,X,O
LSOJZTI,X,X,O,O
LSOJZIT,O,O,O,O
LSOZTIJ,X,X,O,O
LSOZTJI,X,X,O,O
LSOZITJ,X,X,X,O
LSOZIJT,O,O,O,O
LSOZJTI,X,X,O,O
LSOZJIT,O,O,O,O
LZTIJSO,X,O,O,O
LZTIJOS,X,O,O,O
LZTISJO,X,O,O,O
LZTISOJ,X,O,O,O
LZTIOJS,X,O,O,O
LZTIOSJ,X,O,O,O
LZTJISO,X,O,O,O
LZTJIOS,X,O,O,O
LZTJSIO,X,O,O,O
LZTJSOI,X,O,O,O
LZTJOIS,X,O,O,O
LZTJOSI,X,O,O,O
LZTSIJO,X,O,O,O
LZTSIOJ,X,O,O,O
LZTSJIO,X,O,O,O
LZTSJOI,X,O,O,O
LZTSOIJ,X,O,O,O
LZTSOJI,X,O,O,O
LZTOIJS,X,O,O,O
LZTOISJ,X,O,O,O
LZTOJIS,X,O,O,O
LZTOJSI,X,O,O,O
LZTOSIJ,X,O,O,O
LZTOSJI,X,O,O,O
LZITJSO,X,O,O,O
LZITJOS,X,O,O,O
LZITSJO,X,O,O,O
LZITSOJ,X,O,O,O
LZITOJS,X,O,O,O
LZITOSJ,X,O,O,O
LZIJTSO,X,O,O,O
LZIJTOS,X,O,O,O
LZIJSTO,X,O,O,O
LZIJSOT,O,O,O,O
LZIJOTS,X,X,X,O
LZIJOST,O,O,O,O
LZISTJO,X,O,O,O
LZISTOJ,X,O,O,O
LZISJTO,X,O,O,O
LZISJOT,O,O,O,O
LZISOTJ,X,X,X,O
LZISOJT,O,O,O,O
LZIOTJS,X,X,X,O
LZIOTSJ,X,X,X,O
LZIOJTS,X,X,X,O
LZIOJST,O,O,O,O
LZIOSTJ,X,X,X,O
LZIOSJT,O,O,O,O
LZJTISO,X,O,O,O
LZJTIOS,X,O,O,O
LZJTSIO,X,O,O,O
LZJTSOI,X,O,O,O
LZJTOIS,X,O,O,O
LZJTOSI,X,O,O,O
LZJITSO,X,O,O,O
LZJITOS,X,O,O,O
LZJISTO,X,O,O,O
LZJISOT,O,O,O,O
LZJIOTS,X,X,X,O
LZJIOST,O,O,O,O
LZJSTIO,X,O,O,O
LZJSTOI,X,O,O,O
LZJSITO,X,O,O,O
LZJSIOT,O,O,O,O
LZJSOTI,X,X,O,O
LZJSOIT,O,O,O,O
LZJOTIS,X,X,O,O
LZJOTSI,X,X,O,O
LZJOITS,X,X,X,O
LZJOIST,O,O,O,O
LZJOSTI,X,X,O,O
LZJOSIT,O,O,O,O
LZSTIJO,X,O,O,O
LZSTIOJ,X,O,O,O
LZSTJIO,X,O,O,O
LZSTJOI,X,O,O,O
LZSTOIJ,X,O,O,O
LZSTOJI,X,O,O,O
LZSITJO,X,O,O,O
LZSITOJ,X,O,O,O
LZSIJTO,X,O,O,O
LZSIJOT,O,O,O,O
LZSIOTJ,X,X,X,O
LZSIOJT,O,O,O,O
LZSJTIO,X,O,O,O
LZSJTOI,X,O,O,O
LZSJITO,X,O,O,O
LZSJIOT,O,O,O,O
LZSJOTI,X,X,O,O
LZSJOIT,O,O,O,O
LZSOTIJ,X,X,O,O
LZSOTJI,X,X,O,O
LZSOITJ,X,X,X,O
LZSOIJT,O,O,O,O
LZSOJTI,X,X,O,O
LZSOJIT,O,O,O,O
LZOTIJS,X,X,O,O
LZOTISJ,X,X,O,O
LZOTJIS,X,X,O,O
LZOTJSI,X,X,O,O
LZOTSIJ,X,X,O,O
LZOTSJI,X,X,O,O
LZOITJS,X,X,X,O
LZOITSJ,X,X,X,O
LZOIJTS,X,X,X,O
LZOIJST,O,O,O,O
LZOISTJ,X,X,X,O
LZOISJT,O,O,O,O
LZOJTIS,X,X,O,O
LZOJTSI,X,X,O,O
LZOJITS,X,X,X,O
LZOJIST,O,O,O,O
LZOJSTI,X,X,O,O
LZOJSIT,O,O,O,O
LZOSTIJ,X,X,O,O
LZOSTJI,X,X,O,O
LZOSITJ,X,X,X,O
LZOSIJT,O,O,O,O
LZOSJTI,X,X,O,O
LZOSJIT,O,O,O,O
LOTIJSZ,O,X,X,O
LOTIJZS,O,X,O,O
LOTISJZ,O,X,X,O
LOTISZJ,O,X,X,O
LOTIZJS,O,X,O,O
LOTIZSJ,O,X,O,O
LOTJISZ,O,X,X,O
LOTJIZS,O,X,O,O
LOTJSIZ,O,X,X,O
LOTJSZI,O,X,X,O
LOTJZIS,O,X,O,O
LOTJZSI,O,X,O,O
LOTSIJZ,O,X,X,O
LOTSIZJ,O,X,X,O
LOTSJIZ,O,X,X,O
LOTSJZI,O,X,X,O
LOTSZIJ,O,X,X,O
LOTSZJI,O,X,X,O
LOTZIJS,O,X,O,O
LOTZISJ,O,X,O,O
LOTZJIS,O,X,O,O
LOTZJSI,O,X,O,O
LOTZSIJ,O,X,O,O
LOTZSJI,O,X,O,O
LOITJSZ,O,X,X,O
LOITJZS,O,X,O,O
LOITSJZ,O,X,X,O
LOITSZJ,O,X,X,O
LOITZJS,O,X,O,O
LOITZSJ,O,X,O,O
LOIJTSZ,O,X,X,O
LOIJTZS,O,X,O,O
LOIJSTZ,O,X,X,O
LOIJSZT,O,O,X,O
LOIJZTS,X,X,X,O
LOIJZST,O,O,O,O
LOISTJZ,O,X,X,O
LOISTZJ,O,X,X,O
LOISJTZ,O,X,X,O
LOISJZT,O,O,X,O
LOISZTJ,X,X,X,O
LOISZJT,O,O,X,O
LOIZTJS,X,X,X,O
LOIZTSJ,X,X,X,O
LOIZJTS,X,X,X,O
LOIZJST,O,O,O,O
LOIZSTJ,X,X,X,O
LOIZSJT,O,O,O,O
LOJTISZ,O,X,X,O
LOJTIZS,O,X,O,O
LOJTSIZ,O,X,X,O
LOJTSZI,O,X,X,O
LOJTZIS,O,X,O,O
LOJTZSI,O,X,O,O
LOJITSZ,O,X,X,O
LOJITZS,O,X,O,O
LOJISTZ,O,X,X,O
LOJISZT,O,O,X,O
LOJIZTS,X,X,X,O
LOJIZST,O,O,O,O
LOJSTIZ,O,X,X,O
LOJSTZI,O,X,X,O
LOJSITZ,O,X,X,O
LOJSIZT,O,O,X,O
LOJSZTI,X,X,O,O
LOJSZIT,O,O,O,O
LOJZTIS,X,X,O,O
LOJZTSI,X,X,O,O
LOJZITS,X,X,X,O
LOJZIST,O,O,O,O
LOJZSTI,X,X,O,O
LOJZSIT,O,O,O,O
LOSTIJZ,O,X,X,O
LOSTIZJ,O,X,X,O
LOSTJIZ,O,X,X,O
LOSTJZI,O,X,X,O
LOSTZIJ,O,X,X,O
LOSTZJI,O,X,X,O
LOSITJZ,O,X,X,O
LOSITZJ,O,X,X,O
LOSIJTZ,O,X,X,O
LOSIJZT,O,O,X,O
LOSIZTJ,X,X,X,O
LOSIZJT,O,O,X,O
LOSJTIZ,O,X,X,O
LOSJTZI,O,X,X,O
LOSJITZ,O,X,X,O
LOSJIZT,O,O,X,O
LOSJZTI,X,X,O,O
LOSJZIT,O,O,O,O
LOSZTIJ,X,X,O,O
LOSZTJI,X,X,O,O
LOSZITJ,X,X,X,O
LOSZIJT,O,O,O,O
LOSZJTI,X,X,O,O
LOSZJIT,O,O,O,O
LOZTIJS,X,X,O,O
LOZTISJ,X,X,O,O
LOZTJIS,X,X,O,O
LOZTJSI,X,X,O,O
LOZTSIJ,X,X,O,O
LOZTSJI,X,X,O,O
LOZITJS,X,X,X,O
LOZITSJ,X,X,X,O
LOZIJTS,X,X,X,O
LOZIJST,O,O,O,O
LOZISTJ,X,X,X,O
LOZISJT,O,O,O,O
LOZJTIS,X,X,O,O
LOZJTSI,X,X,O,O
LOZJITS,X,X,X,O
LOZJIST,O,O,O,O
LOZJSTI,X,X,O,O
LOZJSIT,O,O,O,O
LOZSTIJ,X,X,O,O
LOZSTJI,X,X,O,O
LOZSITJ,X,X,X,O
LOZSIJT,O,O,O,O
LOZSJTI,X,X,O,O
LOZSJIT,O,O,O,O
JTILSZO,O,O,O,O
JTILSOZ,O,X,X,X
JTILZSO,O,O,O,O
JTILZOS,O,O,O,O
JTILOSZ,O,X,X,O
JTILOZS,O,O,O,O
JTISLZO,O,O,X,O
JTISLOZ,O,X,X,X
JTISZLO,O,O,X,O
JTISZOL,O,O,X,X
JTISOLZ,O,X,X,X
JTISOZL,O,X,X,X
JTIZLSO,O,O,O,O
JTIZLOS,O,O,O,O
JTIZSLO,O,O,O,O
JTIZSOL,O,O,X,X
JTIZOLS,O,O,X,X
JTIZOSL,O,O,X,X
JTIOLSZ,O,X,X,X
JTIOLZS,O,O,X,X
JTIOSLZ,O,X,X,X
JTIOSZL,O,X,X,X
JTIOZLS,O,O,X,X
JTIOZSL,O,O,X,X
JTLISZO,O,O,O,O
JTLISOZ,O,X,X,X
JTLIZSO,O,O,O,O
JTLIZOS,O,O,O,O
JTLIOSZ,O,X,X,O
JTLIOZS,O,O,O,O
JTLSIZO,O,O,O,O
JTLSIOZ,O,X,X,X
JTLSZIO,O,O,O,O
JTLSZOI,O,O,O,O
JTLSOIZ,O,X,X,X
JTLSOZI,O,X,X,X
JTLZISO,O,O,O,O
JTLZIOS,O,O,O,O
JTLZSIO,O,O,O,O
JTLZSOI,O,O,O,O
JTLZOIS,O,O,O,O
JTLZOSI,O,O,O,O
JTLOISZ,O,X,X,O
JTLOIZS,O,O,O,O
JTLOSIZ,O,X,X,O
JTLOSZI,O,X,X,O
JTLOZIS,O,O,O,O
JTLOZSI,O,O,O,O
JTSILZO,O,O,X,O
JTSILOZ,O,X,X,X
JTSIZLO,O,O,X,O
JTSIZOL,O,O,X,X
JTSIOLZ,O,X,X,X
JTSIOZL,O,X,X,X
JTSLIZO,O,O,O,O
JTSLIOZ,O,X,X,X
JTSLZIO,O,O,O,O
JTSLZOI,O,O,O,O
JTSLOIZ,O,X,X,X
JTSLOZI,O,X,X,X
JTSZILO,O,O,O,O
JTSZIOL,O,O,X,X
JTSZLIO,O,O,O,O
JTSZLOI,O,O,O,O
JTSZOIL,O,O,X,X
JTSZOLI,O,O,O,X
JTSOILZ,O,X,X,X
JTSOIZL,O,X,X,X
JTSOLIZ,O,X,X,X
JTSOLZI,O,X,X,X
JTSOZIL,O,X,X,X
JTSOZLI,O,X,X,X
JTZILSO,O,O,O,O
JTZILOS,O,O,O,O
JTZISLO,O,O,O,O
JTZISOL,O,O,X,X
JTZIOLS,O,O,X,X
JTZIOSL,O,O,X,X
JTZLISO,O,O,O,O
JTZLIOS,O,O,O,O
JTZLSIO,O,O,O,O
JTZLSOI,O,O,O,O
JTZLOIS,O,O,O,O
JTZLOSI,O,O,O,O
JTZSILO,O,O,O,O
JTZSIOL,O,O,X,X
JTZSLIO,O,O,O,O
JTZSLOI,O,O,O,O
JTZSOIL,O,O,X,X
JTZSOLI,O,O,O,X
JTZOILS,O,O,X,X
JTZOISL,O,O,X,X
JTZOLIS,O,O,O,X
JTZOLSI,O,O,O,X
JTZOSIL,O,O,X,X
JTZOSLI,O,O,O,X
JTOILSZ,O,X,X,X
JTOILZS,O,O,X,X
JTOISLZ,O,X,X,X
JTOISZL,O,X,X,X
JTOIZLS,O,O,X,X
JTOIZSL,O,O,X,X
JTOLISZ,O,X,X,X
JTOLIZS,O,O,O,X
JTOLSIZ,O,X,X,X
JTOLSZI,O,X,X,X
JTOLZIS,O,O,O,X
JTOLZSI,O,O,O,X
JTOSILZ,O,X,X,X
JTOSIZL,O,X,X,X
JTOSLIZ,O,X,X,X
JTOSLZI,O,X,X,X
JTOSZIL,O,X,X,X
JTOSZLI,O,X,X,X
JTOZILS,O,O,X,X
JTOZISL,O,O,X,X
JTOZLIS,O,O,O,X
JTOZLSI,O,O,O,X
JTOZSIL,O,O,X,X
JTOZSLI,O,O,O,X
JITLSZO,O,O,O,O
JITLSOZ,O,X,X,X
JITLZSO,O,O,O,O
JITLZOS,O,O,O,O
JITLOSZ,O,X,X,O
JITLOZS,O,O,O,O
JITSLZO,O,O,X,O
JITSLOZ,O,X,X,X
JITSZLO,O,O,X,O
JITSZOL,O,O,X,X
JITSOLZ,O,X,X,X
JITSOZL,O,X,X,X
JITZLSO,O,O,O,O
JITZLOS,O,O,O,O
JITZSLO,O,O,O,O
JITZSOL,O,O,X,X
JITZOLS,O,O,X,X
JITZOSL,O,O,X,X
JITOLSZ,O,X,X,X
JITOLZS,O,O,X,X
JITOSLZ,O,X,X,X
JITOSZL,O,X,X,X
JITOZLS,O,O,X,X
JITOZSL,O,O,X,X
JILTSZO,O,O,O,O
JILTSOZ,O,X,X,X
JILTZSO,O,O,O,O
JILTZOS,O,O,O,O
JILTOSZ,O,X,X,O
JILTOZS,O,O,O,O
JILSTZO,O,O,O,O
JILSTOZ,O,X,X,X
JILSZTO,X,O,O,O
JILSZOT,O,O,O,O
JILSOTZ,O,X,X,O
JILSOZT,O,O,X,O
JILZTSO,X,O,O,O
JILZTOS,X,O,O,O
JILZSTO,X,O,O,O
JILZSOT,O,O,O,O
JILZOTS,X,X,X,O
JILZOST,O,O,O,O
JILOTSZ,O,X,X,O
JILOTZS,O,X,O,O
JILOSTZ,O,X,X,O
JILOSZT,O,O,X,O
JILOZTS,X,X,X,O
JILOZST,O,O,O,O
JISTLZO,O,O,X,O
JISTLOZ,O,X,X,X
JISTZLO,O,O,X,O
JISTZOL,O,O,X,X
JISTOLZ,O,X,X,X
JISTOZL,O,X,X,X
JISLTZO,O,O,X,O
JISLTOZ,O,X,X,X
JISLZTO,X,O,O,O
JISLZOT,O,O,O,O
JISLOTZ,O,X,X,O
JISLOZT,O,O,X,O
JISZTLO,O,O,O,O
JISZTOL,O,O,X,X
JISZLTO,X,O,O,O
JISZLOT,O,O,O,O
JISZOTL,O,O,X,X
JISZOLT,O,O,X,O
JISOTLZ,O,X,X,X
JISOTZL,O,X,X,X
JISOLTZ,O,X,X,X
JISOLZT,O,O,X,O
JISOZTL,O,O,X,X
JISOZLT,O,O,X,O
JIZTLSO,O,O,O,O
JIZTLOS,O,O,O,O
JIZTSLO,O,O,O,O
JIZTSOL,O,O,X,X
JIZTOLS,O,O,X,X
JIZTOSL,O,O,X,X
JIZLTSO,X,O,O,O
JIZLTOS,X,O,O,O
JIZLSTO,X,O,O,O
JIZLSOT,O,O,O,O
JIZLOTS,X,X,X,O
JIZLOST,O,O,O,O
JIZSTLO,O,O,O,O
JIZSTOL,O,O,X,X
JIZSLTO,X,O,O,O
JIZSLOT,O,O,O,O
JIZSOTL,O,O,X,X
JIZSOLT,O,O,X,O
JIZOTLS,O,O,X,X
JIZOTSL,O,O,X,X
JIZOLTS,X,X,X,O
JIZOLST,O,O,X,O
JIZOSTL,O,O,X,X
JIZOSLT,O,O,X,O
JIOTLSZ,O,X,X,X
JIOTLZS,O,O,X,X
JIOTSLZ,O,X,X,X
JIOTSZL,O,X,X,X
JIOTZLS,O,O,X,X
JIOTZSL,O,O,X,X
JIOLTSZ,O,X,X,O
JIOLTZS,O,X,X,O
JIOLSTZ,O,X,X,O
JIOLSZT,O,O,X,O
JIOLZTS,X,X,X,O
JIOLZST,O,O,X,O
JIOSTLZ,O,X,X,X
JIOSTZL,O,X,X,X
JIOSLTZ,O,X,X,X
JIOSLZT,O,O,X,O
JIOSZTL,O,O,X,X
JIOSZLT,O,O,X,O
JIOZTLS,O,O,X,X
JIOZTSL,O,O,X,X
JIOZLTS,X,X,X,O
JIOZLST,O,O,X,O
JIOZSTL,O,O,X,X
JIOZSLT,O,O,X,O
JLTISZO,O,O,O,O
JLTISOZ,O,X,X,X
JLTIZSO,O,O,O,O
JLTIZOS,O,O,O,O
JLTIOSZ,O,X,X,O
JLTIOZS,O,O,O,O
JLTSIZO,O,O,O,O
JLTSIOZ,O,X,X,X
JLTSZIO,O,O,O,O
JLTSZOI,O,O,O,O
JLTSOIZ,O,X,X,X
JLTSOZI,O,X,X,X
JLTZISO,O,O,O,O
JLTZIOS,O,O,O,O
JLTZSIO,O,O,O,O
JLTZSOI,O,O,O,O
JLTZOIS,O,O,O,O
JLTZOSI,O,O,O,O
JLTOISZ,O,X,X,O
JLTOIZS,O,O,O,O
JLTOSIZ,O,X,X,O
JLTOSZI,O,X,X,O
JLTOZIS,O,O,O,O
JLTOZSI,O,O,O,O
JLITSZO,O,O,O,O
JLITSOZ,O,X,X,X
JLITZSO,O,O,O,O
JLITZOS,O,O,O,O
JLITOSZ,O,X,X,O
JLITOZS,O,O,O,O
JLISTZO,O,O,O,O
JLISTOZ,O,X,X,X
JLISZTO,X,O,O,O
JLISZOT,O,O,O,O
JLISOTZ,O,X,X,O
JLISOZT,O,O,X,O
JLIZTSO,X,O,O,O
JLIZTOS,X,O,O,O
JLIZSTO,X,O,O,O
JLIZSOT,O,O,O,O
JLIZOTS,X,X,X,O
JLIZOST,O,O,O,O
JLIOTSZ,O,X,X,O
JLIOTZS,O,X,O,O
JLIOSTZ,O,X,X,O
JLIOSZT,O,O,X,O
JLIOZTS,X,X,X,O
JLIOZST,O,O,O,O
JLSTIZO,O,O,O,O
JLSTIOZ,O,X,X,X
JLSTZIO,O,O,O,O
JLSTZOI,O,X,O,O
JLSTOIZ,O,X,X,X
JLSTOZI,O,X,X,X
JLSITZO,O,O,O,O
JLSITOZ,O,X,X,X
JLSIZTO,X,O,O,O
JLSIZOT,O,O,O,O
JLSIOTZ,O,X,X,O
JLSIOZT,O,O,X,O
JLSZTIO,X,O,O,O
JLSZTOI,X,O,O,O
JLSZITO,X,O,O,O
JLSZIOT,O,O,O,O
JLSZOTI,X,X,O,O
JLSZOIT,O,O,O,O
JLSOTIZ,O,X,X,O
JLSOTZI,O,X,X,O
JLSOITZ,O,X,X,O
JLSOIZT,O,O,X,O
JLSOZTI,X,X,O,O
JLSOZIT,O,O,O,O
JLZTISO,X,O,O,O
JLZTIOS,X,O,O,O
JLZTSIO,X,O,O,O
JLZTSOI,X,O,O,O
JLZTOIS,X,O,O,O
JLZTOSI,X,O,O,O
JLZITSO,X,O,O,O
JLZITOS,X,O,O,O
JLZISTO,X,O,O,O
JLZISOT,O,O,O,O
JLZIOTS,X,X,X,O
JLZIOST,O,O,O,O
JLZSTIO,X,O,O,O
JLZSTOI,X,O,O,O
JLZSITO,X,O,O,O
JLZSIOT,O,O,O,O
JLZSOTI,X,X,O,O
JLZSOIT,O,O,O,O
JLZOTIS,X,X,O,O
JLZOTSI,X,X,O,O
JLZOITS,X,X,X,O
JLZOIST,O,O,O,O
JLZOSTI,X,X,O,O
JLZOSIT,O,O,O,O
JLOTISZ,O,X,X,O
JLOTIZS,O,X,O,O
JLOTSIZ,O,X,X,O
JLOTSZI,O,X,X,O
JLOTZIS,O,X,O,O
JLOTZSI,O,X,O,O
JLOITSZ,O,X,X,O
JLOITZS,O,X,O,O
JLOISTZ,O,X,X,O
JLOISZT,O,O,X,O
JLOIZTS,X,X,X,O
JLOIZST,O,O,O,O
JLOSTIZ,O,X,X,O
JLOSTZI,O,X,X,O
JLOSITZ,O,X,X,O
JLOSIZT,O,O,X,O
JLOSZTI,X,X,O,O
JLOSZIT,O,O,O,O
JLOZTIS,X,X,O,O
JLOZTSI,X,X,O,O
JLOZITS,X,X,X,O
JLOZIST,O,O,O,O
JLOZSTI,X,X,O,O
JLOZSIT,O,O,O,O
JSTILZO,O,O,X,O
JSTILOZ,O,X,X,X
JSTIZLO,O,O,X,O
JSTIZOL,O,O,X,X
JSTIOLZ,O,X,X,X
JSTIOZL,O,X,X,X
JSTLIZO,O,O,O,O
JSTLIOZ,O,X,X,X
JSTLZIO,O,O,O,O
JSTLZOI,O,O,O,O
JSTLOIZ,O,X,X,X
JSTLOZI,O,X,X,X
JSTZILO,O,O,O,O
JSTZIOL,O,O,X,X
JSTZLIO,O,O,O,O
JSTZLOI,O,O,O,O
JSTZOIL,O,O,X,X
JSTZOLI,O,O,O,X
JSTOILZ,O,X,X,X
JSTOIZL,O,X,X,X
JSTOLIZ,O,X,X,X
JSTOLZI,O,X,X,X
JSTOZIL,O,X,X,X
JSTOZLI,O,X,X,X
JSITLZO,O,O,X,O
JSITLOZ,O,X,X,X
JSITZLO,O,O,X,O
JSITZOL,O,O,X,X
JSITOLZ,O,X,X,X
JSITOZL,O,X,X,X
JSILTZO,O,O,X,O
JSILTOZ,O,X,X,X
JSILZTO,X,O,O,O
JSILZOT,O,O,O,O
JSILOTZ,O,X,X,O
JSILOZT,O,O,X,O
JSIZTLO,O,O,O,O
JSIZTOL,O,O,X,X
JSIZLTO,X,O,O,O
JSIZLOT,O,O,O,O
JSIZOTL,O,O,X,X
JSIZOLT,O,O,X,O
JSIOTLZ,O,X,X,X
JSIOTZL,O,X,X,X
JSIOLTZ,O,X,X,X
JSIOLZT,O,O,X,O
JSIOZTL,O,O,X,X
JSIOZLT,O,O,X,O
JSLTIZO,O,O,O,O
JSLTIOZ,O,X,X,X
JSLTZIO,O,O,O,O
JSLTZOI,O,X,O,O
JSLTOIZ,O,X,X,X
JSLTOZI,O,X,X,X
JSLITZO,O,O,O,O
JSLITOZ,O,X,X,X
JSLIZTO,X,O,O,O
JSLIZOT,O,O,O,O
JSLIOTZ,O,X,X,O
JSLIOZT,O,O,X,O
JSLZTIO,X,O,O,O
JSLZTOI,X,O,O,O
JSLZITO,X,O,O,O
JSLZIOT,O,O,O,O
JSLZOTI,X,X,O,O
JSLZOIT,O,O,O,O
JSLOTIZ,O,X,X,O
JSLOTZI,O,X,X,O
JSLOITZ,O,X,X,O
JSLOIZT,O,O,X,O
JSLOZTI,X,X,O,O
JSLOZIT,O,O,O,O
JSZTILO,O,O,O,O
JSZTIOL,O,O,X,X
JSZTLIO,O,O,O,O
JSZTLOI,O,O,O,O
JSZTOIL,O,O,X,X
JSZTOLI,O,O,O,X
JSZITLO,O,O,O,O
JSZITOL,O,O,X,X
JSZILTO,X,O,O,O
JSZILOT,O,O,O,O
JSZIOTL,O,O,X,X
JSZIOLT,O,O,X,O
JSZLTIO,X,O,O,O
JSZLTOI,X,O,O,O
JSZLITO,X,O,O,O
JSZLIOT,O,O,O,O
JSZLOTI,X,X,O,O
JSZLOIT,O,O,O,O
JSZOTIL,O,O,X,X
JSZOTLI,O,O,O,X
JSZOITL,O,O,X,X
JSZOILT,O,O,X,O
JSZOLTI,X,X,O,O
JSZOLIT,O,O,O,O
JSOTILZ,O,X,X,X
JSOTIZL,O,X,X,X
JSOTLIZ,O,X,X,X
JSOTLZI,O,X,X,X
JSOTZIL,O,X,X,X
JSOTZLI,O,X,X,X
JSOITLZ,O,X,X,X
JSOITZL,O,X,X,X
JSOILTZ,O,X,X,X
JSOILZT,O,O,X,O
JSOIZTL,O,O,X,X
JSOIZLT,O,O,X,O
JSOLTIZ,O,X,X,X
JSOLTZI,O,X,X,X
JSOLITZ,O,X,X,X
JSOLIZT,O,O,X,O
JSOLZTI,X,X,O,O
JSOLZIT,O,O,O,O
JSOZTIL,O,O,X,X
JSOZTLI,O,O,O,X
JSOZITL,O,O,X,X
JSOZILT,O,O,X,O
JSOZLTI,X,X,O,O
JSOZLIT,O,O,O,O
JZTILSO,O,O,O,O
JZTILOS,O,O,O,O
JZTISLO,O,O,O,O
JZTISOL,O,O,X,X
JZTIOLS,O,O,X,X
JZTIOSL,O,O,X,X
JZTLISO,O,O,O,O
JZTLIOS,O,O,O,O
JZTLSIO,O,O,O,O
JZTLSOI,O,O,O,O
JZTLOIS,O,O,O,O
JZTLOSI,O,O,O,O
JZTSILO,O,O,O,O
JZTSIOL,O,O,X,X
JZTSLIO,O,O,O,O
JZTSLOI,O,O,O,O
JZTSOIL,O,O,X,X
JZTSOLI,O,O,O,X
JZTOILS,O,O,X,X
JZTOISL,O,O,X,X
JZTOLIS,O,O,O,X
JZTOLSI,O,O,O,X
JZTOSIL,O,O,X,X
JZTOSLI,O,O,O,X
JZITLSO,O,O,O,O
JZITLOS,O,O,O,O
JZITSLO,O,O,O,O
JZITSOL,O,O,X,X
JZITOLS,O,O,X,X
JZITOSL,O,O,X,X
JZILTSO,X,O,O,O
JZILTOS,X,O,O,O
JZILSTO,X,O,O,O
JZILSOT,O,O,O,O
JZILOTS,X,X,X,O
JZILOST,O,O,O,O
JZISTLO,O,O,O,O
JZISTOL,O,O,X,X
JZISLTO,X,O,O,O
JZISLOT,O,O,O,O
JZISOTL,O,O,X,X
JZISOLT,O,O,X,O
JZIOTLS,O,O,X,X
JZIOTSL,O,O,X,X
JZIOLTS,X,X,X,O
JZIOLST,O,O,X,O
JZIOSTL,O,O,X,X
JZIOSLT,O,O,X,O
JZLTISO,X,O,O,O
JZLTIOS,X,O,O,O
JZLTSIO,X,O,O,O
JZLTSOI,X,O,O,O
JZLTOIS,X,O,O,O
JZLTOSI,X,O,O,O
JZLITSO,X,O,O,O
JZLITOS,X,O,O,O
JZLISTO,X,O,O,O
JZLISOT,O,O,O,O
JZLIOTS,X,X,X,O
JZLIOST,O,O,O,O
JZLSTIO,X,O,O,O
JZLSTOI,X,O,O,O
JZLSITO,X,O,O,O
JZLSIOT,O,O,O,O
JZLSOTI,X,X,O,O
JZLSOIT,O,O,O,O
JZLOTIS,X,X,O,O
JZLOTSI,X,X,O,O
JZLOITS,X,X,X,O
JZLOIST,O,O,O,O
JZLOSTI,X,X,O,O
JZLOSIT,O,O,O,O
JZSTILO,O,O,O,O
JZSTIOL,O,O,X,X
JZSTLIO,O,O,O,O
JZSTLOI,O,O,O,O
JZSTOIL,O,O,X,X
JZSTOLI,O,O,O,X
JZSITLO,O,O,O,O
JZSITOL,O,O,X,X
JZSILTO,X,O,O,O
JZSILOT,O,O,O,O
JZSIOTL,O,O,X,X
JZSIOLT,O,O,X,O
JZSLTIO,X,O,O,O
JZSLTOI,X,O,O,O
JZSLITO,X,O,O,O
JZSLIOT,O,O,O,O
JZSLOTI,X,X,O,O
JZSLOIT,O,O,O,O
JZSOTIL,O,O,X,X
JZSOTLI,O,O,O,X
JZSOITL,O,O,X,X
JZSOILT,O,O,X,O
JZSOLTI,X,X,O,O
JZSOLIT,O,O,O,O
JZOTILS,O,O,X,X
JZOTISL,O,O,X,X
JZOTLIS,O,O,O,X
JZOTLSI,O,O,O,X
JZOTSIL,O,O,X,X
JZOTSLI,O,O,O,X
JZOITLS,O,O,X,X
JZOITSL,O,O,X,X
JZOILTS,X,X,X,O
JZOILST,O,O,X,O
JZOISTL,O,O,X,X
JZOISLT,O,O,X,O
JZOLTIS,X,X,O,O
JZOLTSI,X,X,O,O
JZOLITS,X,X,X,O
JZOLIST,O,O,O,O
JZOLSTI,X,X,O,O
JZOLSIT,O,O,O,O
JZOSTIL,O,O,X,X
JZOSTLI,O,O,O,X
JZOSITL,O,O,X,X
JZOSILT,O,O,X,O
JZOSLTI,X,X,O,O
JZOSLIT,O,O,O,O
JOTILSZ,O,X,X,X
JOTILZS,O,O,X,X
JOTISLZ,O,X,X,X
JOTISZL,O,X,X,X
JOTIZLS,O,O,X,X
JOTIZSL,O,O,X,X
JOTLISZ,O,X,X,X
JOTLIZS,O,O,O,X
JOTLSIZ,O,X,X,X
JOTLSZI,O,X,X,X
JOTLZIS,O,O,O,X
JOTLZSI,O,O,O,X
JOTSILZ,O,X,X,X
JOTSIZL,O,X,X,X
JOTSLIZ,O,X,X,X
JOTSLZI,O,X,X,X
JOTSZIL,O,X,X,X
JOTSZLI,O,X,X,X
JOTZILS,O,O,X,X
JOTZISL,O,O,X,X
JOTZLIS,O,O,O,X
JOTZLSI,O,O,O,X
JOTZSIL,O,O,X,X
JOTZSLI,O,O,O,X
JOITLSZ,O,X,X,X
JOITLZS,O,O,X,X
JOITSLZ,O,X,X,X
JOITSZL,O,X,X,X
JOITZLS,O,O,X,X
JOITZSL,O,O,X,X
JOILTSZ,O,X,X,O
JOILTZS,O,X,X,O
JOILSTZ,O,X,X,O
JOILSZT,O,O,X,O
JOILZTS,X,X,X,O
JOILZST,O,O,X,O
JOISTLZ,O,X,X,X
JOISTZL,O,X,X,X
JOISLTZ,O,X,X,X
JOISLZT,O,O,X,O
JOISZTL,O,O,X,X
JOISZLT,O,O,X,O
JOIZTLS,O,O,X,X
JOIZTSL,O,O,X,X
JOIZLTS,X,X,X,O
JOIZLST,O,O,X,O
JOIZSTL,O,O,X,X
JOIZSLT,O,O,X,O
JOLTISZ,O,X,X,O
JOLTIZS,O,X,O,O
JOLTSIZ,O,X,X,O
JOLTSZI,O,X,X,O
JOLTZIS,O,X,O,O
JOLTZSI,O,X,O,O
JOLITSZ,O,X,X,O
JOLITZS,O,X,O,O
JOLISTZ,O,X,X,O
JOLISZT,O,O,X,O
JOLIZTS,X,X,X,O
JOLIZST,O,O,O,O
JOLSTIZ,O,X,X,O
JOLSTZI,O,X,X,O
JOLSITZ,O,X,X,O
JOLSIZT,O,O,X,O
JOLSZTI,X,X,O,O
JOLSZIT,O,O,O,O
JOLZTIS,X,X,O,O
JOLZTSI,X,X,O,O
JOLZITS,X,X,X,O
JOLZIST,O,O,O,O
JOLZSTI,X,X,O,O
JOLZSIT,O,O,O,O
JOSTILZ,O,X,X,X
JOSTIZL,O,X,X,X
JOSTLIZ,O,X,X,X
JOSTLZI,O,X,X,X
JOSTZIL,O,X,X,X
JOSTZLI,O,X,X,X
JOSITLZ,O,X,X,X
JOSITZL,O,X,X,X
JOSILTZ,O,X,X,X
JOSILZT,O,O,X,O
JOSIZTL,O,O,X,X
JOSIZLT,O,O,X,O
JOSLTIZ,O,X,X,X
JOSLTZI,O,X,X,X
JOSLITZ,O,X,X,X
JOSLIZT,O,O,X,O
JOSLZTI,X,X,O,O
JOSLZIT,O,O,O,O
JOSZTIL,O,O,X,X
JOSZTLI,O,O,O,X
JOSZITL,O,O,X,X
JOSZILT,O,O,X,O
JOSZLTI,X,X,O,O
JOSZLIT,O,O,O,O
JOZTILS,O,O,X,X
JOZTISL,O,O,X,X
JOZTLIS,O,O,O,X
JOZTLSI,O,O,O,X
JOZTSIL,O,O,X,X
JOZTSLI,O,O,O,X
JOZITLS,O,O,X,X
JOZITSL,O,O,X,X
JOZILTS,X,X,X,O
JOZILST,O,O,X,O
JOZISTL,O,O,X,X
JOZISLT,O,O,X,O
JOZLTIS,X,X,O,O
JOZLTSI,X,X,O,O
JOZLITS,X,X,X,O
JOZLIST,O,O,O,O
JOZLSTI,X,X,O,O
JOZLSIT,O,O,O,O
JOZSTIL,O,O,X,X
JOZSTLI,O,O,O,X
JOZSITL,O,O,X,X
JOZSILT,O,O,X,O
JOZSLTI,X,X,O,O
JOZSLIT,O,O,O,O
STILJZO,O,O,X,O
STILJOZ,O,X,X,X
STILZJO,O,O,X,O
STILZOJ,O,O,X,O
STILOJZ,O,X,X,X
STILOZJ,O,X,X,X
STIJLZO,O,O,X,O
STIJLOZ,O,X,X,X
STIJZLO,O,O,X,O
STIJZOL,O,O,X,X
STIJOLZ,O,X,X,X
STIJOZL,O,X,X,X
STIZLJO,O,O,X,O
STIZLOJ,O,O,X,O
STIZJLO,O,O,X,O
STIZJOL,O,O,X,X
STIZOLJ,O,O,X,X
STIZOJL,O,O,X,X
STIOLJZ,O,X,X,X
STIOLZJ,O,X,X,X
STIOJLZ,O,X,X,X
STIOJZL,O,X,X,X
STIOZLJ,O,X,X,X
STIOZJL,O,X,X,X
STLIJZO,O,O,O,O
STLIJOZ,O,X,X,X
STLIZJO,O,O,O,O
STLIZOJ,O,O,O,O
STLIOJZ,O,X,X,X
STLIOZJ,O,X,X,X
STLJIZO,O,O,O,O
STLJIOZ,O,X,X,X
STLJZIO,O,O,O,O
STLJZOI,O,O,O,O
STLJOIZ,O,X,X,X
STLJOZI,O,X,X,X
STLZIJO,O,O,O,O
STLZIOJ,O,O,O,O
STLZJIO,O,O,O,O
STLZJOI,O,O,O,O
STLZOIJ,O,O,O,O
STLZOJI,O,O,O,O
STLOIJZ,O,X,X,X
STLOIZJ,O,X,X,X
STLOJIZ,O,X,X,X
STLOJZI,O,X,X,X
STLOZIJ,O,X,X,X
STLOZJI,O,X,X,X
STJILZO,O,O,X,O
STJILOZ,O,X,X,X
STJIZLO,O,O,X,O
STJIZOL,O,O,X,X
STJIOLZ,O,X,X,X
STJIOZL,O,X,X,X
STJLIZO,O,O,O,O
STJLIOZ,O,X,X,X
STJLZIO,O,O,O,O
STJLZOI,O,O,O,O
STJLOIZ,O,X,X,X
STJLOZI,O,X,X,X
STJZILO,O,O,O,O
STJZIOL,O,O,X,X
STJZLIO,O,O,O,O
STJZLOI,O,O,O,O
STJZOIL,O,O,X,X
STJZOLI,O,O,O,X
STJOILZ,O,X,X,X
STJOIZL,O,X,X,X
STJOLIZ,O,X,X,X
STJOLZI,O,X,X,X
STJOZIL,O,X,X,X
STJOZLI,O,X,X,X
STZILJO,O,O,O,O
STZILOJ,O,O,O,O
STZIJLO,O,O,O,O
STZIJOL,O,O,X,X
STZIOLJ,O,O,X,X
STZIOJL,O,O,X,X
STZLIJO,O,O,O,O
STZLIOJ,O,O,O,O
STZLJIO,O,O,O,O
STZLJOI,O,O,O,O
STZLOIJ,O,O,O,O
STZLOJI,O,O,O,O
STZJILO,O,O,O,O
STZJIOL,O,O,X,X
STZJLIO,O,O,O,O
STZJLOI,O,O,O,O
STZJOIL,O,O,X,X
STZJOLI,O,O,O,X
STZOILJ,O,O,X,X
STZOIJL,O,O,X,X
STZOLIJ,O,O,O,X
STZOLJI,O,O,O,X
STZOJIL,O,O,X,X
STZOJLI,O,O,O,X
STOILJZ,O,X,X,X
STOILZJ,O,X,X,X
STOIJLZ,O,X,X,X
STOIJZL,O,X,X,X
STOIZLJ,O,X,X,X
STOIZJL,O,X,X,X
STOLIJZ,O,X,X,X
STOLIZJ,O,X,X,X
STOLJIZ,O,X,X,X
STOLJZI,O,X,X,X
STOLZIJ,O,X,X,X
STOLZJI,O,X,X,X
STOJILZ,O,X,X,X
STOJIZL,O,X,X,X
STOJLIZ,O,X,X,X
STOJLZI,O,X,X,X
STOJZIL,O,X,X,X
STOJZLI,O,X,X,X
STOZILJ,O,X,X,X
STOZIJL,O,X,X,X
STOZLIJ,O,X,X,X
STOZLJI,O,X,X,X
STOZJIL,O,X,X,X
STOZJLI,O,X,X,X
SITLJZO,O,O,X,O
SITLJOZ,O,X,X,X
SITLZJO,O,O,X,O
SITLZOJ,O,O,X,O
SITLOJZ,O,X,X,X
SITLOZJ,O,X,X,X
SITJLZO,O,O,X,O
SITJLOZ,O,X,X,X
SITJZLO,O,O,X,O
SITJZOL,O,O,X,X
SITJOLZ,O,X,X,X
SITJOZL,O,X,X,X
SITZLJO,O,O,X,O
SITZLOJ,O,O,X,O
SITZJLO,O,O,X,O
SITZJOL,O,O,X,X
SITZOLJ,O,O,X,X
SITZOJL,O,O,X,X
SITOLJZ,O,X,X,X
SITOLZJ,O,X,X,X
SITOJLZ,O,X,X,X
SITOJZL,O,X,X,X
SITOZLJ,O,X,X,X
SITOZJL,O,X,X,X
SILTJZO,O,O,X,O
SILTJOZ,O,X,X,X
SILTZJO,O,O,X,O
SILTZOJ,O,X,X,O
SILTOJZ,O,X,X,X
SILTOZJ,O,X,X,X
SILJTZO,O,O,X,O
SILJTOZ,O,X,X,X
SILJZTO,X,O,O,O
SILJZOT,O,O,O,O
SILJOTZ,O,X,X,O
SILJOZT,O,O,X,O
SILZTJO,X,O,O,O
SILZTOJ,X,O,O,O
SILZJTO,X,O,O,O
SILZJOT,O,O,O,O
SILZOTJ,X,X,X,O
SILZOJT,O,O,O,O
SILOTJZ,O,X,X,O
SILOTZJ,O,X,X,O
SILOJTZ,O,X,X,O
SILOJZT,O,O,X,O
SILOZTJ,X,X,X,O
SILOZJT,O,O,X,O
SIJTLZO,O,O,X,O
SIJTLOZ,O,X,X,X
SIJTZLO,O,O,X,O
SIJTZOL,O,O,X,X
SIJTOLZ,O,X,X,X
SIJTOZL,O,X,X,X
SIJLTZO,O,O,X,O
SIJLTOZ,O,X,X,X
SIJLZTO,X,O,O,O
SIJLZOT,O,O,O,O
SIJLOTZ,O,X,X,O
SIJLOZT,O,O,X,O
SIJZTLO,O,O,O,O
SIJZTOL,O,O,X,X
SIJZLTO,X,O,O,O
SIJZLOT,O,O,O,O
SIJZOTL,O,O,X,X
SIJZOLT,O,O,X,O
SIJOTLZ,O,X,X,X
SIJOTZL,O,X,X,X
SIJOLTZ,O,X,X,X
SIJOLZT,O,O,X,O
SIJOZTL,O,O,X,X
SIJOZLT,O,O,X,O
SIZTLJO,O,O,O,O
SIZTLOJ,O,O,O,O
SIZTJLO,O,O,O,O
SIZTJOL,O,O,X,X
SIZTOLJ,O,O,X,X
SIZTOJL,O,O,X,X
SIZLTJO,X,O,O,O
SIZLTOJ,X,O,O,O
SIZLJTO,X,O,O,O
SIZLJOT,O,O,O,O
SIZLOTJ,X,X,X,O
SIZLOJT,O,O,O,O
SIZJTLO,O,O,O,O
SIZJTOL,O,O,X,X
SIZJLTO,X,O,O,O
SIZJLOT,O,O,O,O
SIZJOTL,O,O,X,X
SIZJOLT,O,O,X,O
SIZOTLJ,O,O,X,X
SIZOTJL,O,O,X,X
SIZOLTJ,X,X,X,O
SIZOLJT,O,O,X,O
SIZOJTL,O,O,X,X
SIZOJLT,O,O,X,O
SIOTLJZ,O,X,X,X
SIOTLZJ,O,X,X,X
SIOTJLZ,O,X,X,X
SIOTJZL,O,X,X,X
SIOTZLJ,O,X,X,X
SIOTZJL,O,X,X,X
SIOLTJZ,O,X,X,X
SIOLTZJ,O,X,X,X
SIOLJTZ,O,X,X,X
SIOLJZT,O,O,X,O
SIOLZTJ,X,X,X,O
SIOLZJT,O,O,X,O
SIOJTLZ,O,X,X,X
SIOJTZL,O,X,X,X
SIOJLTZ,O,X,X,X
SIOJLZT,O,O,X,O
SIOJZTL,O,O,X,X
SIOJZLT,O,O,X,O
SIOZTLJ,O,O,X,X
SIOZTJL,O,O,X,X
SIOZLTJ,X,X,X,O
SIOZLJT,O,O,X,O
SIOZJTL,O,O,X,X
SIOZJLT,O,O,X,O
SLTIJZO,O,O,O,O
SLTIJOZ,O,X,X,X
SLTIZJO,O,O,O,O
SLTIZOJ,O,X,O,O
SLTIOJZ,O,X,X,X
SLTIOZJ,O,X,X,X
SLTJIZO,O,O,O,O
SLTJIOZ,O,X,X,X
SLTJZIO,O,O,O,O
SLTJZOI,O,X,O,O
SLTJOIZ,O,X,X,X
SLTJOZI,O,X,X,X
SLTZIJO,O,O,O,O
SLTZIOJ,O,X,O,O
SLTZJIO,O,O,O,O
SLTZJOI,O,X,O,O
SLTZOIJ,O,X,O,O
SLTZOJI,O,X,O,O
SLTOIJZ,O,X,X,X
SLTOIZJ,O,X,X,X
SLTOJIZ,O,X,X,X
SLTOJZI,O,X,X,X
SLTOZIJ,O,X,X,X
SLTOZJI,O,X,X,X
SLITJZO,O,O,O,O
SLITJOZ,O,X,X,X
SLITZJO,O,O,O,O
SLITZOJ,O,X,O,O
SLITOJZ,O,X,X,X
SLITOZJ,O,X,X,X
SLIJTZO,O,O,O,O
SLIJTOZ,O,X,X,X
SLIJZTO,X,O,O,O
SLIJZOT,O,O,O,O
SLIJOTZ,O,X,X,O
SLIJOZT,O,O,X,O
SLIZTJO,X,O,O,O
SLIZTOJ,X,O,O,O
SLIZJTO,X,O,O,O
SLIZJOT,O,O,O,O
SLIZOTJ,X,X,X,O
SLIZOJT,O,O,O,O
SLIOTJZ,O,X,X,O
SLIOTZJ,O,X,X,O
SLIOJTZ,O,X,X,O
SLIOJZT,O,O,X,O
SLIOZTJ,X,X,X,O
SLIOZJT,O,O,X,O
SLJTIZO,O,O,O,O
SLJTIOZ,O,X,X,X
SLJTZIO,O,O,O,O
SLJTZOI,O,X,O,O
SLJTOIZ,O,X,X,X
SLJTOZI,O,X,X,X
SLJITZO,O,O,O,O
SLJITOZ,O,X,X,X
SLJIZTO,X,O,O,O
SLJIZOT,O,O,O,O
SLJIOTZ,O,X,X,O
SLJIOZT,O,O,X,O
SLJZTIO,X,O,O,O
SLJZTOI,X,O,O,O
SLJZITO,X,O,O,O
SLJZIOT,O,O,O,O
SLJZOTI,X,X,O,O
SLJZOIT,O,O,O,O
SLJOTIZ,O,X,X,O
SLJOTZI,O,X,X,O
SLJOITZ,O,X,X,O
SLJOIZT,O,O,X,O
SLJOZTI,X,X,O,O
SLJOZIT,O,O,O,O
SLZTIJO,X,O,O,O
SLZTIOJ,X,O,O,O
SLZTJIO,X,O,O,O
SLZTJOI,X,O,O,O
SLZTOIJ,X,O,O,O
SLZTOJI,X,O,O,O
SLZITJO,X,O,O,O
SLZITOJ,X,O,O,O
SLZIJTO,X,O,O,O
SLZIJOT,O,O,O,O
SLZIOTJ,X,X,X,O
SLZIOJT,O,O,O,O
SLZJTIO,X,O,O,O
SLZJTOI,X,O,O,O
SLZJITO,X,O,O,O
SLZJIOT,O,O,O,O
SLZJOTI,X,X,O,O
SLZJOIT,O,O,O,O
SLZOTIJ,X,X,O,O
SLZOTJI,X,X,O,O
SLZOITJ,X,X,X,O
SLZOIJT,O,O,O,O
SLZOJTI,X,X,O,O
SLZOJIT,O,O,O,O
SLOTIJZ,O,X,X,O
SLOTIZJ,O,X,X,O
SLOTJIZ,O,X,X,O
SLOTJZI,O,X,X,O
SLOTZIJ,O,X,X,O
SLOTZJI,O,X,X,O
SLOITJZ,O,X,X,O
SLOITZJ,O,X,X,O
SLOIJTZ,O,X,X,O
SLOIJZT,O,O,X,O
SLOIZTJ,X,X,X,O
SLOIZJT,O,O,X,O
SLOJTIZ,O,X,X,O
SLOJTZI,O,X,X,O
SLOJITZ,O,X,X,O
SLOJIZT,O,O,X,O
SLOJZTI,X,X,O,O
SLOJZIT,O,O,O,O
SLOZTIJ,X,X,O,O
SLOZTJI,X,X,O,O
SLOZITJ,X,X,X,O
SLOZIJT,O,O,O,O
SLOZJTI,X,X,O,O
SLOZJIT,O,O,O,O
SJTILZO,O,O,X,O
SJTILOZ,O,X,X,X
SJTIZLO,O,O,X,O
SJTIZOL,O,O,X,X
SJTIOLZ,O,X,X,X
SJTIOZL,O,X,X,X
SJTLIZO,O,O,O,O
SJTLIOZ,O,X,X,X
SJTLZIO,O,O,O,O
SJTLZOI,O,O,O,O
SJTLOIZ,O,X,X,X
SJTLOZI,O,X,X,X
SJTZILO,O,O,O,O
SJTZIOL,O,O,X,X
SJTZLIO,O,O,O,O
SJTZLOI,O,O,O,O
SJTZOIL,O,O,X,X
SJTZOLI,O,O,O,X
SJTOILZ,O,X,X,X
SJTOIZL,O,X,X,X
SJTOLIZ,O,X,X,X
SJTOLZI,O,X,X,X
SJTOZIL,O,X,X,X
SJTOZLI,O,X,X,X
SJITLZO,O,O,X,O
SJITLOZ,O,X,X,X
SJITZLO,O,O,X,O
SJITZOL,O,O,X,X
SJITOLZ,O,X,X,X
SJITOZL,O,X,X,X
SJILTZO,O,O,X,O
SJILTOZ,O,X,X,X
SJILZTO,X,O,O,O
SJILZOT,O,O,O,O
SJILOTZ,O,X,X,O
SJILOZT,O,O,X,O
SJIZTLO,O,O,O,O
SJIZTOL,O,O,X,X
SJIZLTO,X,O,O,O
SJIZLOT,O,O,O,O
SJIZOTL,O,O,X,X
SJIZOLT,O,O,X,O
SJIOTLZ,O,X,X,X
SJIOTZL,O,X,X,X
SJIOLTZ,O,X,X,X
SJIOLZT,O,O,X,O
SJIOZTL,O,O,X,X
SJIOZLT,O,O,X,O
SJLTIZO,O,O,O,O
SJLTIOZ,O,X,X,X
SJLTZIO,O,O,O,O
SJLTZOI,O,X,O,O
SJLTOIZ,O,X,X,X
SJLTOZI,O,X,X,X
SJLITZO,O,O,O,O
SJLITOZ,O,X,X,X
SJLIZTO,X,O,O,O
SJLIZOT,O,O,O,O
SJLIOTZ,O,X,X,O
SJLIOZT,O,O,X,O
SJLZTIO,X,O,O,O
SJLZTOI,X,O,O,O
SJLZITO,X,O,O,O
SJLZIOT,O,O,O,O
SJLZOTI,X,X,O,O
SJLZOIT,O,O,O,O
SJLOTIZ,O,X,X,O
SJLOTZI,O,X,X,O
SJLOITZ,O,X,X,O
SJLOIZT,O,O,X,O
SJLOZTI,X,X,O,O
SJLOZIT,O,O,O,O
SJZTILO,O,O,O,O
SJZTIOL,O,O,X,X
SJZTLIO,O,O,O,O
SJZTLOI,O,O,O,O
SJZTOIL,O,O,X,X
SJZTOLI,O,O,O,X
SJZITLO,O,O,O,O
SJZITOL,O,O,X,X
SJZILTO,X,O,O,O
SJZILOT,O,O,O,O
SJZIOTL,O,O,X,X
SJZIOLT,O,O,X,O
SJZLTIO,X,O,O,O
SJZLTOI,X,O,O,O
SJZLITO,X,O,O,O
SJZLIOT,O,O,O,O
SJZLOTI,X,X,O,O
SJZLOIT,O,O,O,O
SJZOTIL,O,O,X,X
SJZOTLI,O,O,O,X
SJZOITL,O,O,X,X
SJZOILT,O,O,X,O
SJZOLTI,X,X,O,O
SJZOLIT,O,O,O,O
SJOTILZ,O,X,X,X
SJOTIZL,O,X,X,X
SJOTLIZ,O,X,X,X
SJOTLZI,O,X,X,X
SJOTZIL,O,X,X,X
SJOTZLI,O,X,X,X
SJOITLZ,O,X,X,X
SJOITZL,O,X,X,X
SJOILTZ,O,X,X,X
SJOILZT,O,O,X,O
SJOIZTL,O,O,X,X
SJOIZLT,O,O,X,O
SJOLTIZ,O,X,X,X
SJOLTZI,O,X,X,X
SJOLITZ,O,X,X,X
SJOLIZT,O,O,X,O
SJOLZTI,X,X,O,O
SJOLZIT,O,O,O,O
SJOZTIL,O,O,X,X
SJOZTLI,O,O,O,X
SJOZITL,O,O,X,X
SJOZILT,O,O,X,O
SJOZLTI,X,X,O,O
SJOZLIT,O,O,O,O
SZTILJO,O,O,O,O
SZTILOJ,O,O,O,O
SZTIJLO,O,O,O,O
SZTIJOL,O,O,X,X
SZTIOLJ,O,O,X,X
SZTIOJL,O,O,X,X
SZTLIJO,O,O,O,O
SZTLIOJ,O,O,O,O
SZTLJIO,O,O,O,O
SZTLJOI,O,O,O,O
SZTLOIJ,O,O,O,O
SZTLOJI,O,O,O,O
SZTJILO,O,O,O,O
SZTJIOL,O,O,X,X
SZTJLIO,O,O,O,O
SZTJLOI,O,O,O,O
SZTJOIL,O,O,X,X
SZTJOLI,O,O,O,X
SZTOILJ,O,O,X,X
SZTOIJL,O,O,X,X
SZTOLIJ,O,O,O,X
SZTOLJI,O,O,O,X
SZTOJIL,O,O,X,X
SZTOJLI,O,O,O,X
SZITLJO,O,O,O,O
SZITLOJ,O,O,O,O
SZITJLO,O,O,O,O
SZITJOL,O,O,X,X
SZITOLJ,O,O,X,X
SZITOJL,O,O,X,X
SZILTJO,X,O,O,O
SZILTOJ,X,O,O,O
SZILJTO,X,O,O,O
SZILJOT,O,O,O,O
SZILOTJ,X,X,X,O
SZILOJT,O,O,O,O
SZIJTLO,O,O,O,O
SZIJTOL,O,O,X,X
SZIJLTO,X,O,O,O
SZIJLOT,O,O,O,O
SZIJOTL,O,O,X,X
SZIJOLT,O,O,X,O
SZIOTLJ,O,O,X,X
SZIOTJL,O,O,X,X
SZIOLTJ,X,X,X,O
SZIOLJT,O,O,X,O
SZIOJTL,O,O,X,X
SZIOJLT,O,O,X,O
SZLTIJO,X,O,O,O
SZLTIOJ,X,O,O,O
SZLTJIO,X,O,O,O
SZLTJOI,X,O,O,O
SZLTOIJ,X,O,O,O
SZLTOJI,X,O,O,O
SZLITJO,X,O,O,O
SZLITOJ,X,O,O,O
SZLIJTO,X,O,O,O
SZLIJOT,O,O,O,O
SZLIOTJ,X,X,X,O
SZLIOJT,O,O,O,O
SZLJTIO,X,O,O,O
SZLJTOI,X,O,O,O
SZLJITO,X,O,O,O
SZLJIOT,O,O,O,O
SZLJOTI,X,X,O,O
SZLJOIT,O,O,O,O
SZLOTIJ,X,X,O,O
SZLOTJI,X,X,O,O
SZLOITJ,X,X,X,O
SZLOIJT,O,O,O,O
SZLOJTI,X,X,O,O
SZLOJIT,O,O,O,O
SZJTILO,O,O,O,O
SZJTIOL,O,O,X,X
SZJTLIO,O,O,O,O
SZJTLOI,O,O,O,O
SZJTOIL,O,O,X,X
SZJTOLI,O,O,O,X
SZJITLO,O,O,O,O
SZJITOL,O,O,X,X
SZJILTO,X,O,O,O
SZJILOT,O,O,O,O
SZJIOTL,O,O,X,X
SZJIOLT,O,O,X,O
SZJLTIO,X,O,O,O
SZJLTOI,X,O,O,O
SZJLITO,X,O,O,O
SZJLIOT,O,O,O,O
SZJLOTI,X,X,O,O
SZJLOIT,O,O,O,O
SZJOTIL,O,O,X,X
SZJOTLI,O,O,O,X
SZJOITL,O,O,X,X
SZJOILT,O,O,X,O
SZJOLTI,X,X,O,O
SZJOLIT,O,O,O,O
SZOTILJ,O,O,X,X
SZOTIJL,O,O,X,X
SZOTLIJ,O,O,O,X
SZOTLJI,O,O,O,X
SZOTJIL,O,O,X,X
SZOTJLI,O,O,O,X
SZOITLJ,O,O,X,X
SZOITJL,O,O,X,X
SZOILTJ,X,X,X,O
SZOILJT,O,O,X,O
SZOIJTL,O,O,X,X
SZOIJLT,O,O,X,O
SZOLTIJ,X,X,O,O
SZOLTJI,X,X,O,O
SZOLITJ,X,X,X,O
SZOLIJT,O,O,O,O
SZOLJTI,X,X,O,O
SZOLJIT,O,O,O,O
SZOJTIL,O,O,X,X
SZOJTLI,O,O,O,X
SZOJITL,O,O,X,X
SZOJILT,O,O,X,O
SZOJLTI,X,X,O,O
SZOJLIT,O,O,O,O
SOTILJZ,O,X,X,X
SOTILZJ,O,X,X,X
SOTIJLZ,O,X,X,X
SOTIJZL,O,X,X,X
SOTIZLJ,O,X,X,X
SOTIZJL,O,X,X,X
SOTLIJZ,O,X,X,X
SOTLIZJ,O,X,X,X
SOTLJIZ,O,X,X,X
SOTLJZI,O,X,X,X
SOTLZIJ,O,X,X,X
SOTLZJI,O,X,X,X
SOTJILZ,O,X,X,X
SOTJIZL,O,X,X,X
SOTJLIZ,O,X,X,X
SOTJLZI,O,X,X,X
SOTJZIL,O,X,X,X
SOTJZLI,O,X,X,X
SOTZILJ,O,X,X,X
SOTZIJL,O,X,X,X
SOTZLIJ,O,X,X,X
SOTZLJI,O,X,X,X
SOTZJIL,O,X,X,X
SOTZJLI,O,X,X,X
SOITLJZ,O,X,X,X
SOITLZJ,O,X,X,X
SOITJLZ,O,X,X,X
SOITJZL,O,X,X,X
SOITZLJ,O,X,X,X
SOITZJL,O,X,X,X
SOILTJZ,O,X,X,X
SOILTZJ,O,X,X,X
SOILJTZ,O,X,X,X
SOILJZT,O,O,X,O
SOILZTJ,X,X,X,O
SOILZJT,O,O,X,O
SOIJTLZ,O,X,X,X
SOIJTZL,O,X,X,X
SOIJLTZ,O,X,X,X
SOIJLZT,O,O,X,O
SOIJZTL,O,O,X,X
SOIJZLT,O,O,X,O
SOIZTLJ,O,O,X,X
SOIZTJL,O,O,X,X
SOIZLTJ,X,X,X,O
SOIZLJT,O,O,X,O
SOIZJTL,O,O,X,X
SOIZJLT,O,O,X,O
SOLTIJZ,O,X,X,X
SOLTIZJ,O,X,X,X
SOLTJIZ,O,X,X,X
SOLTJZI,O,X,X,X
SOLTZIJ,O,X,X,X
SOLTZJI,O,X,X,X
SOLITJZ,O,X,X,X
SOLITZJ,O,X,X,X
SOLIJTZ,O,X,X,X
SOLIJZT,O,O,X,O
SOLIZTJ,X,X,X,O
SOLIZJT,O,O,X,O
SOLJTIZ,O,X,X,X
SOLJTZI,O,X,X,X
SOLJITZ,O,X,X,X
SOLJIZT,O,O,X,O
SOLJZTI,X,X,O,O
SOLJZIT,O,O,O,O
SOLZTIJ,X,X,O,O
SOLZTJI,X,X,O,O
SOLZITJ,X,X,X,O
SOLZIJT,O,O,O,O
SOLZJTI,X,X,O,O
SOLZJIT,O,O,O,O
SOJTILZ,O,X,X,X
SOJTIZL,O,X,X,X
SOJTLIZ,O,X,X,X
SOJTLZI,O,X,X,X
SOJTZIL,O,X,X,X
SOJTZLI,O,X,X,X
SOJITLZ,O,X,X,X
SOJITZL,O,X,X,X
SOJILTZ,O,X,X,X
SOJILZT,O,O,X,O
SOJIZTL,O,O,X,X
SOJIZLT,O,O,X,O
SOJLTIZ,O,X,X,X
SOJLTZI,O,X,X,X
SOJLITZ,O,X,X,X
SOJLIZT,O,O,X,O
SOJLZTI,X,X,O,O
SOJLZIT,O,O,O,O
SOJZTIL,O,O,X,X
SOJZTLI,O,O,O,X
SOJZITL,O,O,X,X
SOJZILT,O,O,X,O
SOJZLTI,X,X,O,O
SOJZLIT,O,O,O,O
SOZTILJ,O,O,X,X
SOZTIJL,O,O,X,X
SOZTLIJ,O,O,O,X
SOZTLJI,O,O,O,X
SOZTJIL,O,O,X,X
SOZTJLI,O,O,O,X
SOZITLJ,O,O,X,X
SOZITJL,O,O,X,X
SOZILTJ,X,X,X,O
SOZILJT,O,O,X,O
SOZIJTL,O,O,X,X
SOZIJLT,O,O,X,O
SOZLTIJ,X,X,O,O
SOZLTJI,X,X,O,O
SOZLITJ,X,X,X,O
SOZLIJT,O,O,O,O
SOZLJTI,X,X,O,O
SOZLJIT,O,O,O,O
SOZJTIL,O,O,X,X
SOZJTLI,O,O,O,X
SOZJITL,O,O,X,X
SOZJILT,O,O,X,O
SOZJLTI,X,X,O,O
SOZJLIT,O,O,O,O
ZTILJSO,O,O,O,O
ZTILJOS,O,O,O,O
ZTILSJO,O,O,O,O
ZTILSOJ,O,O,O,O
ZTILOJS,O,O,O,O
ZTILOSJ,O,O,O,O
ZTIJLSO,O,O,O,O
ZTIJLOS,O,O,O,O
ZTIJSLO,O,O,O,O
ZTIJSOL,O,O,X,X
ZTIJOLS,O,O,X,X
ZTIJOSL,O,O,X,X
ZTISLJO,O,O,O,O
ZTISLOJ,O,O,O,O
ZTISJLO,O,O,O,O
ZTISJOL,O,O,X,X
ZTISOLJ,O,O,X,X
ZTISOJL,O,O,X,X
ZTIOLJS,O,O,X,X
ZTIOLSJ,O,O,X,X
ZTIOJLS,O,O,X,X
ZTIOJSL,O,O,X,X
ZTIOSLJ,O,O,X,X
ZTIOSJL,O,O,X,X
ZTLIJSO,O,O,O,O
ZTLIJOS,O,O,O,O
ZTLISJO,O,O,O,O
ZTLISOJ,O,O,O,O
ZTLIOJS,O,O,O,O
ZTLIOSJ,O,O,O,O
ZTLJISO,O,O,O,O
ZTLJIOS,O,O,O,O
ZTLJSIO,O,O,O,O
ZTLJSOI,O,O,O,O
ZTLJOIS,O,O,O,O
ZTLJOSI,O,O,O,O
ZTLSIJO,O,O,O,O
ZTLSIOJ,O,O,O,O
ZTLSJIO,O,O,O,O
ZTLSJOI,O,O,O,O
ZTLSOIJ,O,O,O,O
ZTLSOJI,O,O,O,O
ZTLOIJS,O,O,O,O
ZTLOISJ,O,O,O,O
ZTLOJIS,O,O,O,O
ZTLOJSI,O,O,O,O
ZTLOSIJ,O,O,O,O
ZTLOSJI,O,O,O,O
ZTJILSO,O,O,O,O
ZTJILOS,O,O,O,O
ZTJISLO,O,O,O,O
ZTJISOL,O,O,X,X
ZTJIOLS,O,O,X,X
ZTJIOSL,O,O,X,X
ZTJLISO,O,O,O,O
ZTJLIOS,O,O,O,O
ZTJLSIO,O,O,O,O
ZTJLSOI,O,O,O,O
ZTJLOIS,O,O,O,O
ZTJLOSI,O,O,O,O
ZTJSILO,O,O,O,O
ZTJSIOL,O,O,X,X
ZTJSLIO,O,O,O,O
ZTJSLOI,O,O,O,O
ZTJSOIL,O,O,X,X
ZTJSOLI,O,O,O,X
ZTJOILS,O,O,X,X
ZTJOISL,O,O,X,X
ZTJOLIS,O,O,O,X
ZTJOLSI,O,O,O,X
ZTJOSIL,O,O,X,X
ZTJOSLI,O,O,O,X
ZTSILJO,O,O,O,O
ZTSILOJ,O,O,O,O
ZTSIJLO,O,O,O,O
ZTSIJOL,O,O,X,X
ZTSIOLJ,O,O,X,X
ZTSIOJL,O,O,X,X
ZTSLIJO,O,O,O,O
ZTSLIOJ,O,O,O,O
ZTSLJIO,O,O,O,O
ZTSLJOI,O,O,O,O
ZTSLOIJ,O,O,O,O
ZTSLOJI,O,O,O,O
ZTSJILO,O,O,O,O
ZTSJIOL,O,O,X,X
ZTSJLIO,O,O,O,O
ZTSJLOI,O,O,O,O
ZTSJOIL,O,O,X,X
ZTSJOLI,O,O,O,X
ZTSOILJ,O,O,X,X
ZTSOIJL,O,O,X,X
ZTSOLIJ,O,O,O,X
ZTSOLJI,O,O,O,X
ZTSOJIL,O,O,X,X
ZTSOJLI,O,O,O,X
ZTOILJS,O,O,X,X
ZTOILSJ,O,O,X,X
ZTOIJLS,O,O,X,X
ZTOIJSL,O,O,X,X
ZTOISLJ,O,O,X,X
ZTOISJL,O,O,X,X
ZTOLIJS,O,O,O,X
ZTOLISJ,O,O,O,X
ZTOLJIS,O,O,O,X
ZTOLJSI,O,O,O,X
ZTOLSIJ,O,O,O,X
ZTOLSJI,O,O,O,X
ZTOJILS,O,O,X,X
ZTOJISL,O,O,X,X
ZTOJLIS,O,O,O,X
ZTOJLSI,O,O,O,X
ZTOJSIL,O,O,X,X
ZTOJSLI,O,O,O,X
ZTOSILJ,O,O,X,X
ZTOSIJL,O,O,X,X
ZTOSLIJ,O,O,O,X
ZTOSLJI,O,O,O,X
ZTOSJIL,O,O,X,X
ZTOSJLI,O,O,O,X
ZITLJSO,O,O,O,O
ZITLJOS,O,O,O,O
ZITLSJO,O,O,O,O
ZITLSOJ,O,O,O,O
ZITLOJS,O,O,O,O
ZITLOSJ,O,O,O,O
ZITJLSO,O,O,O,O
ZITJLOS,O,O,O,O
ZITJSLO,O,O,O,O
ZITJSOL,O,O,X,X
ZITJOLS,O,O,X,X
ZITJOSL,O,O,X,X
ZITSLJO,O,O,O,O
ZITSLOJ,O,O,O,O
ZITSJLO,O,O,O,O
ZITSJOL,O,O,X,X
ZITSOLJ,O,O,X,X
ZITSOJL,O,O,X,X
ZITOLJS,O,O,X,X
ZITOLSJ,O,O,X,X
ZITOJLS,O,O,X,X
ZITOJSL,O,O,X,X
ZITOSLJ,O,O,X,X
ZITOSJL,O,O,X,X
ZILTJSO,X,O,O,O
ZILTJOS,X,O,O,O
ZILTSJO,X,O,O,O
ZILTSOJ,X,O,O,O
ZILTOJS,X,O,O,O
ZILTOSJ,X,O,O,O
ZILJTSO,X,O,O,O
ZILJTOS,X,O,O,O
ZILJSTO,X,O,O,O
ZILJSOT,O,O,O,O
ZILJOTS,X,X,X,O
ZILJOST,O,O,O,O
ZILSTJO,X,O,O,O
ZILSTOJ,X,O,O,O
ZILSJTO,X,O,O,O
ZILSJOT,O,O,O,O
ZILSOTJ,X,X,X,O
ZILSOJT,O,O,O,O
ZILOTJS,X,X,X,O
ZILOTSJ,X,X,X,O
ZILOJTS,X,X,X,O
ZILOJST,O,O,O,O
ZILOSTJ,X,X,X,O
ZILOSJT,O,O,O,O
ZIJTLSO,O,O,O,O
ZIJTLOS,O,O,O,O
ZIJTSLO,O,O,O,O
ZIJTSOL,O,O,X,X
ZIJTOLS,O,O,X,X
ZIJTOSL,O,O,X,X
ZIJLTSO,X,O,O,O
ZIJLTOS,X,O,O,O
ZIJLSTO,X,O,O,O
ZIJLSOT,O,O,O,O
ZIJLOTS,X,X,X,O
ZIJLOST,O,O,O,O
ZIJSTLO,O,O,O,O
ZIJSTOL,O,O,X,X
ZIJSLTO,X,O,O,O
ZIJSLOT,O,O,O,O
ZIJSOTL,O,O,X,X
ZIJSOLT,O,O,X,O
ZIJOTLS,O,O,X,X
ZIJOTSL,O,O,X,X
ZIJOLTS,X,X,X,O
ZIJOLST,O,O,X,O
ZIJOSTL,O,O,X,X
ZIJOSLT,O,O,X,O
ZISTLJO,O,O,O,O
ZISTLOJ,O,O,O,O
ZISTJLO,O,O,O,O
ZISTJOL,O,O,X,X
ZISTOLJ,O,O,X,X
ZISTOJL,O,O,X,X
ZISLTJO,X,O,O,O
ZISLTOJ,X,O,O,O
ZISLJTO,X,O,O,O
ZISLJOT,O,O,O,O
ZISLOTJ,X,X,X,O
ZISLOJT,O,O,O,O
ZISJTLO,O,O,O,O
ZISJTOL,O,O,X,X
ZISJLTO,X,O,O,O
ZISJLOT,O,O,O,O
ZISJOTL,O,O,X,X
ZISJOLT,O,O,X,O
ZISOTLJ,O,O,X,X
ZISOTJL,O,O,X,X
ZISOLTJ,X,X,X,O
ZISOLJT,O,O,X,O
ZISOJTL,O,O,X,X
ZISOJLT,O,O,X,O
ZIOTLJS,O,O,X,X
ZIOTLSJ,O,O,X,X
ZIOTJLS,O,O,X,X
ZIOTJSL,O,O,X,X
ZIOTSLJ,O,O,X,X
ZIOTSJL,O,O,X,X
ZIOLTJS,X,X,X,O
ZIOLTSJ,X,X,X,O
ZIOLJTS,X,X,X,O
ZIOLJST,O,O,X,O
ZIOLSTJ,X,X,X,O
ZIOLSJT,O,O,X,O
ZIOJTLS,O,O,X,X
ZIOJTSL,O,O,X,X
ZIOJLTS,X,X,X,O
ZIOJLST,O,O,X,O
ZIOJSTL,O,O,X,X
ZIOJSLT,O,O,X,O
ZIOSTLJ,O,O,X,X
ZIOSTJL,O,O,X,X
ZIOSLTJ,X,X,X,O
ZIOSLJT,O,O,X,O
ZIOSJTL,O,O,X,X
ZIOSJLT,O,O,X,O
ZLTIJSO,X,O,O,O
ZLTIJOS,X,O,O,O
ZLTISJO,X,O,O,O
ZLTISOJ,X,O,O,O
ZLTIOJS,X,O,O,O
ZLTIOSJ,X,O,O,O
ZLTJISO,X,O,O,O
ZLTJIOS,X,O,O,O
ZLTJSIO,X,O,O,O
ZLTJSOI,X,O,O,O
ZLTJOIS,X,O,O,O
ZLTJOSI,X,O,O,O
ZLTSIJO,X,O,O,O
ZLTSIOJ,X,O,O,O
ZLTSJIO,X,O,O,O
ZLTSJOI,X,O,O,O
ZLTSOIJ,X,O,O,O
ZLTSOJI,X,O,O,O
ZLTOIJS,X,O,O,O
ZLTOISJ,X,O,O,O
ZLTOJIS,X,O,O,O
ZLTOJSI,X,O,O,O
ZLTOSIJ,X,O,O,O
ZLTOSJI,X,O,O,O
ZLITJSO,X,O,O,O
ZLITJOS,X,O,O,O
ZLITSJO,X,O,O,O
ZLITSOJ,X,O,O,O
ZLITOJS,X,O,O,O
ZLITOSJ,X,O,O,O
ZLIJTSO,X,O,O,O
ZLIJTOS,X,O,O,O
ZLIJSTO,X,O,O,O
ZLIJSOT,O,O,O,O
ZLIJOTS,X,X,X,O
ZLIJOST,O,O,O,O
ZLISTJO,X,O,O,O
ZLISTOJ,X,O,O,O
ZLISJTO,X,O,O,O
ZLISJOT,O,O,O,O
ZLISOTJ,X,X,X,O
ZLISOJT,O,O,O,O
ZLIOTJS,X,X,X,O
ZLIOTSJ,X,X,X,O
ZLIOJTS,X,X,X,O
ZLIOJST,O,O,O,O
ZLIOSTJ,X,X,X,O
ZLIOSJT,O,O,O,O
ZLJTISO,X,O,O,O
ZLJTIOS,X,O,O,O
ZLJTSIO,X,O,O,O
ZLJTSOI,X,O,O,O
ZLJTOIS,X,O,O,O
ZLJTOSI,X,O,O,O
ZLJITSO,X,O,O,O
ZLJITOS,X,O,O,O
ZLJISTO,X,O,O,O
ZLJISOT,O,O,O,O
ZLJIOTS,X,X,X,O
ZLJIOST,O,O,O,O
ZLJSTIO,X,O,O,O
ZLJSTOI,X,O,O,O
ZLJSITO,X,O,O,O
ZLJSIOT,O,O,O,O
ZLJSOTI,X,X,O,O
ZLJSOIT,O,O,O,O
ZLJOTIS,X,X,O,O
ZLJOTSI,X,X,O,O
ZLJOITS,X,X,X,O
ZLJOIST,O,O,O,O
ZLJOSTI,X,X,O,O
ZLJOSIT,O,O,O,O
ZLSTIJO,X,O,O,O
ZLSTIOJ,X,O,O,O
ZLSTJIO,X,O,O,O
ZLSTJOI,X,O,O,O
ZLSTOIJ,X,O,O,O
ZLSTOJI,X,O,O,O
ZLSITJO,X,O,O,O
ZLSITOJ,X,O,O,O
ZLSIJTO,X,O,O,O
ZLSIJOT,O,O,O,O
ZLSIOTJ,X,X,X,O
ZLSIOJT,O,O,O,O
ZLSJTIO,X,O,O,O
ZLSJTOI,X,O,O,O
ZLSJITO,X,O,O,O
ZLSJIOT,O,O,O,O
ZLSJOTI,X,X,O,O
ZLSJOIT,O,O,O,O
ZLSOTIJ,X,X,O,O
ZLSOTJI,X,X,O,O
ZLSOITJ,X,X,X,O
ZLSOIJT,O,O,O,O
ZLSOJTI,X,X,O,O
ZLSOJIT,O,O,O,O
ZLOTIJS,X,X,O,O
ZLOTISJ,X,X,O,O
ZLOTJIS,X,X,O,O
ZLOTJSI,X,X,O,O
ZLOTSIJ,X,X,O,O
ZLOTSJI,X,X,O,O
ZLOITJS,X,X,X,O
ZLOITSJ,X,X,X,O
ZLOIJTS,X,X,X,O
ZLOIJST,O,O,O,O
ZLOISTJ,X,X,X,O
ZLOISJT,O,O,O,O
ZLOJTIS,X,X,O,O
ZLOJTSI,X,X,O,O
ZLOJITS,X,X,X,O
ZLOJIST,O,O,O,O
ZLOJSTI,X,X,O,O
ZLOJSIT,O,O,O,O
ZLOSTIJ,X,X,O,O
ZLOSTJI,X,X,O,O
ZLOSITJ,X,X,X,O
ZLOSIJT,O,O,O,O
ZLOSJTI,X,X,O,O
ZLOSJIT,O,O,O,O
ZJTILSO,O,O,O,O
ZJTILOS,O,O,O,O
ZJTISLO,O,O,O,O
ZJTISOL,O,O,X,X
ZJTIOLS,O,O,X,X
ZJTIOSL,O,O,X,X
ZJTLISO,O,O,O,O
ZJTLIOS,O,O,O,O
ZJTLSIO,O,O,O,O
ZJTLSOI,O,O,O,O
ZJTLOIS,O,O,O,O
ZJTLOSI,O,O,O,O
ZJTSILO,O,O,O,O
ZJTSIOL,O,O,X,X
ZJTSLIO,O,O,O,O
ZJTSLOI,O,O,O,O
ZJTSOIL,O,O,X,X
ZJTSOLI,O,O,O,X
ZJTOILS,O,O,X,X
ZJTOISL,O,O,X,X
ZJTOLIS,O,O,O,X
ZJTOLSI,O,O,O,X
ZJTOSIL,O,O,X,X
ZJTOSLI,O,O,O,X
ZJITLSO,O,O,O,O
ZJITLOS,O,O,O,O
ZJITSLO,O,O,O,O
ZJITSOL,O,O,X,X
ZJITOLS,O,O,X,X
ZJITOSL,O,O,X,X
ZJILTSO,X,O,O,O
ZJILTOS,X,O,O,O
ZJILSTO,X,O,O,O
ZJILSOT,O,O,O,O
ZJILOTS,X,X,X,O
ZJILOST,O,O,O,O
ZJISTLO,O,O,O,O
ZJISTOL,O,O,X,X
ZJISLTO,X,O,O,O
ZJISLOT,O,O,O,O
ZJISOTL,O,O,X,X
ZJISOLT,O,O,X,O
ZJIOTLS,O,O,X,X
ZJIOTSL,O,O,X,X
ZJIOLTS,X,X,X,O
ZJIOLST,O,O,X,O
ZJIOSTL,O,O,X,X
ZJIOSLT,O,O,X,O
ZJLTISO,X,O,O,O
ZJLTIOS,X,O,O,O
ZJLTSIO,X,O,O,O
ZJLTSOI,X,O,O,O
ZJLTOIS,X,O,O,O
ZJLTOSI,X,O,O,O
ZJLITSO,X,O,O,O
ZJLITOS,X,O,O,O
ZJLISTO,X,O,O,O
ZJLISOT,O,O,O,O
ZJLIOTS,X,X,X,O
ZJLIOST,O,O,O,O
ZJLSTIO,X,O,O,O
ZJLSTOI,X,O,O,O
ZJLSITO,X,O,O,O
ZJLSIOT,O,O,O,O
ZJLSOTI,X,X,O,O
ZJLSOIT,O,O,O,O
ZJLOTIS,X,X,O,O
ZJLOTSI,X,X,O,O
ZJLOITS,X,X,X,O
ZJLOIST,O,O,O,O
ZJLOSTI,X,X,O,O
ZJLOSIT,O,O,O,O
ZJSTILO,O,O,O,O
ZJSTIOL,O,O,X,X
ZJSTLIO,O,O,O,O
ZJSTLOI,O,O,O,O
ZJSTOIL,O,O,X,X
ZJSTOLI,O,O,O,X
ZJSITLO,O,O,O,O
ZJSITOL,O,O,X,X
ZJSILTO,X,O,O,O
ZJSILOT,O,O,O,O
ZJSIOTL,O,O,X,X
ZJSIOLT,O,O,X,O
ZJSLTIO,X,O,O,O
ZJSLTOI,X,O,O,O
ZJSLITO,X,O,O,O
ZJSLIOT,O,O,O,O
ZJSLOTI,X,X,O,O
ZJSLOIT,O,O,O,O
ZJSOTIL,O,O,X,X
ZJSOTLI,O,O,O,X
ZJSOITL,O,O,X,X
ZJSOILT,O,O,X,O
ZJSOLTI,X,X,O,O
ZJSOLIT,O,O,O,O
ZJOTILS,O,O,X,X
ZJOTISL,O,O,X,X
ZJOTLIS,O,O,O,X
ZJOTLSI,O,O,O,X
ZJOTSIL,O,O,X,X
ZJOTSLI,O,O,O,X
ZJOITLS,O,O,X,X
ZJOITSL,O,O,X,X
ZJOILTS,X,X,X,O
ZJOILST,O,O,X,O
ZJOISTL,O,O,X,X
ZJOISLT,O,O,X,O
ZJOLTIS,X,X,O,O
ZJOLTSI,X,X,O,O
ZJOLITS,X,X,X,O
ZJOLIST,O,O,O,O
ZJOLSTI,X,X,O,O
ZJOLSIT,O,O,O,O
ZJOSTIL,O,O,X,X
ZJOSTLI,O,O,O,X
ZJOSITL,O,O,X,X
ZJOSILT,O,O,X,O
ZJOSLTI,X,X,O,O
ZJOSLIT,O,O,O,O
ZSTILJO,O,O,O,O
ZSTILOJ,O,O,O,O
ZSTIJLO,O,O,O,O
ZSTIJOL,O,O,X,X
ZSTIOLJ,O,O,X,X
ZSTIOJL,O,O,X,X
ZSTLIJO,O,O,O,O
ZSTLIOJ,O,O,O,O
ZSTLJIO,O,O,O,O
ZSTLJOI,O,O,O,O
ZSTLOIJ,O,O,O,O
ZSTLOJI,O,O,O,O
ZSTJILO,O,O,O,O
ZSTJIOL,O,O,X,X
ZSTJLIO,O,O,O,O
ZSTJLOI,O,O,O,O
ZSTJOIL,O,O,X,X
ZSTJOLI,O,O,O,X
ZSTOILJ,O,O,X,X
ZSTOIJL,O,O,X,X
ZSTOLIJ,O,O,O,X
ZSTOLJI,O,O,O,X
ZSTOJIL,O,O,X,X
ZSTOJLI,O,O,O,X
ZSITLJO,O,O,O,O
ZSITLOJ,O,O,O,O
ZSITJLO,O,O,O,O
ZSITJOL,O,O,X,X
ZSITOLJ,O,O,X,X
ZSITOJL,O,O,X,X
ZSILTJO,X,O,O,O
ZSILTOJ,X,O,O,O
ZSILJTO,X,O,O,O
ZSILJOT,O,O,O,O
ZSILOTJ,X,X,X,O
ZSILOJT,O,O,O,O
ZSIJTLO,O,O,O,O
ZSIJTOL,O,O,X,X
ZSIJLTO,X,O,O,O
ZSIJLOT,O,O,O,O
ZSIJOTL,O,O,X,X
ZSIJOLT,O,O,X,O
ZSIOTLJ,O,O,X,X
ZSIOTJL,O,O,X,X
ZSIOLTJ,X,X,X,O
ZSIOLJT,O,O,X,O
ZSIOJTL,O,O,X,X
ZSIOJLT,O,O,X,O
ZSLTIJO,X,O,O,O
ZSLTIOJ,X,O,O,O
ZSLTJIO,X,O,O,O
ZSLTJOI,X,O,O,O
ZSLTOIJ,X,O,O,O
ZSLTOJI,X,O,O,O
ZSLITJO,X,O,O,O
ZSLITOJ,X,O,O,O
ZSLIJTO,X,O,O,O
ZSLIJOT,O,O,O,O
ZSLIOTJ,X,X,X,O
ZSLIOJT,O,O,O,O
ZSLJTIO,X,O,O,O
ZSLJTOI,X,O,O,O
ZSLJITO,X,O,O,O
ZSLJIOT,O,O,O,O
ZSLJOTI,X,X,O,O
ZSLJOIT,O,O,O,O
ZSLOTIJ,X,X,O,O
ZSLOTJI,X,X,O,O
ZSLOITJ,X,X,X,O
ZSLOIJT,O,O,O,O
ZSLOJTI,X,X,O,O
ZSLOJIT,O,O,O,O
ZSJTILO,O,O,O,O
ZSJTIOL,O,O,X,X
ZSJTLIO,O,O,O,O
ZSJTLOI,O,O,O,O
ZSJTOIL,O,O,X,X
ZSJTOLI,O,O,O,X
ZSJITLO,O,O,O,O
ZSJITOL,O,O,X,X
ZSJILTO,X,O,O,O
ZSJILOT,O,O,O,O
ZSJIOTL,O,O,X,X
ZSJIOLT,O,O,X,O
ZSJLTIO,X,O,O,O
ZSJLTOI,X,O,O,O
ZSJLITO,X,O,O,O
ZSJLIOT,O,O,O,O
ZSJLOTI,X,X,O,O
ZSJLOIT,O,O,O,O
ZSJOTIL,O,O,X,X
ZSJOTLI,O,O,O,X
ZSJOITL,O,O,X,X
ZSJOILT,O,O,X,O
ZSJOLTI,X,X,O,O
ZSJOLIT,O,O,O,O
ZSOTILJ,O,O,X,X
ZSOTIJL,O,O,X,X
ZSOTLIJ,O,O,O,X
ZSOTLJI,O,O,O,X
ZSOTJIL,O,O,X,X
ZSOTJLI,O,O,O,X
ZSOITLJ,O,O,X,X
ZSOITJL,O,O,X,X
ZSOILTJ,X,X,X,O
ZSOILJT,O,O,X,O
ZSOIJTL,O,O,X,X
ZSOIJLT,O,O,X,O
ZSOLTIJ,X,X,O,O
ZSOLTJI,X,X,O,O
ZSOLITJ,X,X,X,O
ZSOLIJT,O,O,O,O
ZSOLJTI,X,X,O,O
ZSOLJIT,O,O,O,O
ZSOJTIL,O,O,X,X
ZSOJTLI,O,O,O,X
ZSOJITL,O,O,X,X
ZSOJILT,O,O,X,O
ZSOJLTI,X,X,O,O
ZSOJLIT,O,O,O,O
ZOTILJS,O,O,X,X
ZOTILSJ,O,O,X,X
ZOTIJLS,O,O,X,X
ZOTIJSL,O,O,X,X
ZOTISLJ,O,O,X,X
ZOTISJL,O,O,X,X
ZOTLIJS,O,O,O,X
ZOTLISJ,O,O,O,X
ZOTLJIS,O,O,O,X
ZOTLJSI,O,O,O,X
ZOTLSIJ,O,O,O,X
ZOTLSJI,O,O,O,X
ZOTJILS,O,O,X,X
ZOTJISL,O,O,X,X
ZOTJLIS,O,O,O,X
ZOTJLSI,O,O,O,X
ZOTJSIL,O,O,X,X
ZOTJSLI,O,O,O,X
ZOTSILJ,O,O,X,X
ZOTSIJL,O,O,X,X
ZOTSLIJ,O,O,O,X
ZOTSLJI,O,O,O,X
ZOTSJIL,O,O,X,X
ZOTSJLI,O,O,O,X
ZOITLJS,O,O,X,X
ZOITLSJ,O,O,X,X
ZOITJLS,O,O,X,X
ZOITJSL,O,O,X,X
ZOITSLJ,O,O,X,X
ZOITSJL,O,O,X,X
ZOILTJS,X,X,X,O
ZOILTSJ,X,X,X,O
ZOILJTS,X,X,X,O
ZOILJST,O,O,X,O
ZOILSTJ,X,X,X,O
ZOILSJT,O,O,X,O
ZOIJTLS,O,O,X,X
ZOIJTSL,O,O,X,X
ZOIJLTS,X,X,X,O
ZOIJLST,O,O,X,O
ZOIJSTL,O,O,X,X
ZOIJSLT,O,O,X,O
ZOISTLJ,O,O,X,X
ZOISTJL,O,O,X,X
ZOISLTJ,X,X,X,O
ZOISLJT,O,O,X,O
ZOISJTL,O,O,X,X
ZOISJLT,O,O,X,O
ZOLTIJS,X,X,O,O
ZOLTISJ,X,X,O,O
ZOLTJIS,X,X,O,O
ZOLTJSI,X,X,O,O
ZOLTSIJ,X,X,O,O
ZOLTSJI,X,X,O,O
ZOLITJS,X,X,X,O
ZOLITSJ,X,X,X,O
ZOLIJTS,X,X,X,O
ZOLIJST,O,O,O,O
ZOLISTJ,X,X,X,O
ZOLISJT,O,O,O,O
ZOLJTIS,X,X,O,O
ZOLJTSI,X,X,O,O
ZOLJITS,X,X,X,O
ZOLJIST,O,O,O,O
ZOLJSTI,X,X,O,O
ZOLJSIT,O,O,O,O
ZOLSTIJ,X,X,O,O
ZOLSTJI,X,X,O,O
ZOLSITJ,X,X,X,O
ZOLSIJT,O,O,O,O
ZOLSJTI,X,X,O,O
ZOLSJIT,O,O,O,O
ZOJTILS,O,O,X,X
ZOJTISL,O,O,X,X
ZOJTLIS,O,O,O,X
ZOJTLSI,O,O,O,X
ZOJTSIL,O,O,X,X
ZOJTSLI,O,O,O,X
ZOJITLS,O,O,X,X
ZOJITSL,O,O,X,X
ZOJILTS,X,X,X,O
ZOJILST,O,O,X,O
ZOJISTL,O,O,X,X
ZOJISLT,O,O,X,O
ZOJLTIS,X,X,O,O
ZOJLTSI,X,X,O,O
ZOJLITS,X,X,X,O
ZOJLIST,O,O,O,O
ZOJLSTI,X,X,O,O
ZOJLSIT,O,O,O,O
ZOJSTIL,O,O,X,X
ZOJSTLI,O,O,O,X
ZOJSITL,O,O,X,X
ZOJSILT,O,O,X,O
ZOJSLTI,X,X,O,O
ZOJSLIT,O,O,O,O
ZOSTILJ,O,O,X,X
ZOSTIJL,O,O,X,X
ZOSTLIJ,O,O,O,X
ZOSTLJI,O,O,O,X
ZOSTJIL,O,O,X,X
ZOSTJLI,O,O,O,X
ZOSITLJ,O,O,X,X
ZOSITJL,O,O,X,X
ZOSILTJ,X,X,X,O
ZOSILJT,O,O,X,O
ZOSIJTL,O,O,X,X
ZOSIJLT,O,O,X,O
ZOSLTIJ,X,X,O,O
ZOSLTJI,X,X,O,O
ZOSLITJ,X,X,X,O
ZOSLIJT,O,O,O,O
ZOSLJTI,X,X,O,O
ZOSLJIT,O,O,O,O
ZOSJTIL,O,O,X,X
ZOSJTLI,O,O,O,X
ZOSJITL,O,O,X,X
ZOSJILT,O,O,X,O
ZOSJLTI,X,X,O,O
ZOSJLIT,O,O,O,O
OTILJSZ,O,X,X,X
OTILJZS,O,O,X,X
OTILSJZ,O,X,X,X
OTILSZJ,O,X,X,X
OTILZJS,O,O,X,X
OTILZSJ,O,O,X,X
OTIJLSZ,O,X,X,X
OTIJLZS,O,O,X,X
OTIJSLZ,O,X,X,X
OTIJSZL,O,X,X,X
OTIJZLS,O,O,X,X
OTIJZSL,O,O,X,X
OTISLJZ,O,X,X,X
OTISLZJ,O,X,X,X
OTISJLZ,O,X,X,X
OTISJZL,O,X,X,X
OTISZLJ,O,X,X,X
OTISZJL,O,X,X,X
OTIZLJS,O,O,X,X
OTIZLSJ,O,O,X,X
OTIZJLS,O,O,X,X
OTIZJSL,O,O,X,X
OTIZSLJ,O,O,X,X
OTIZSJL,O,O,X,X
OTLIJSZ,O,X,X,X
OTLIJZS,O,O,O,X
OTLISJZ,O,X,X,X
OTLISZJ,O,X,X,X
OTLIZJS,O,O,O,X
OTLIZSJ,O,O,O,X
OTLJISZ,O,X,X,X
OTLJIZS,O,O,O,X
OTLJSIZ,O,X,X,X
OTLJSZI,O,X,X,X
OTLJZIS,O,O,O,X
OTLJZSI,O,O,O,X
OTLSIJZ,O,X,X,X
OTLSIZJ,O,X,X,X
OTLSJIZ,O,X,X,X
OTLSJZI,O,X,X,X
OTLSZIJ,O,X,X,X
OTLSZJI,O,X,X,X
OTLZIJS,O,O,O,X
OTLZISJ,O,O,O,X
OTLZJIS,O,O,O,X
OTLZJSI,O,O,O,X
OTLZSIJ,O,O,O,X
OTLZSJI,O,O,O,X
OTJILSZ,O,X,X,X
OTJILZS,O,O,X,X
OTJISLZ,O,X,X,X
OTJISZL,O,X,X,X
OTJIZLS,O,O,X,X
OTJIZSL,O,O,X,X
OTJLISZ,O,X,X,X
OTJLIZS,O,O,O,X
OTJLSIZ,O,X,X,X
OTJLSZI,O,X,X,X
OTJLZIS,O,O,O,X
OTJLZSI,O,O,O,X
OTJSILZ,O,X,X,X
OTJSIZL,O,X,X,X
OTJSLIZ,O,X,X,X
OTJSLZI,O,X,X,X
OTJSZIL,O,X,X,X
OTJSZLI,O,X,X,X
OTJZILS,O,O,X,X
OTJZISL,O,O,X,X
OTJZLIS,O,O,O,X
OTJZLSI,O,O,O,X
OTJZSIL,O,O,X,X
OTJZSLI,O,O,O,X
OTSILJZ,O,X,X,X
OTSILZJ,O,X,X,X
OTSIJLZ,O,X,X,X
OTSIJZL,O,X,X,X
OTSIZLJ,O,X,X,X
OTSIZJL,O,X,X,X
OTSLIJZ,O,X,X,X
OTSLIZJ,O,X,X,X
OTSLJIZ,O,X,X,X
OTSLJZI,O,X,X,X
OTSLZIJ,O,X,X,X
OTSLZJI,O,X,X,X
OTSJILZ,O,X,X,X
OTSJIZL,O,X,X,X
OTSJLIZ,O,X,X,X
OTSJLZI,O,X,X,X
OTSJZIL,O,X,X,X
OTSJZLI,O,X,X,X
OTSZILJ,O,X,X,X
OTSZIJL,O,X,X,X
OTSZLIJ,O,X,X,X
OTSZLJI,O,X,X,X
OTSZJIL,O,X,X,X
OTSZJLI,O,X,X,X
OTZILJS,O,O,X,X
OTZILSJ,O,O,X,X
OTZIJLS,O,O,X,X
OTZIJSL,O,O,X,X
OTZISLJ,O,O,X,X
OTZISJL,O,O,X,X
OTZLIJS,O,O,O,X
OTZLISJ,O,O,O,X
OTZLJIS,O,O,O,X
OTZLJSI,O,O,O,X
OTZLSIJ,O,O,O,X
OTZLSJI,O,O,O,X
OTZJILS,O,O,X,X
OTZJISL,O,O,X,X
OTZJLIS,O,O,O,X
OTZJLSI,O,O,O,X
OTZJSIL,O,O,X,X
OTZJSLI,O,O,O,X
OTZSILJ,O,O,X,X
OTZSIJL,O,O,X,X
OTZSLIJ,O,O,O,X
OTZSLJI,O,O,O,X
OTZSJIL,O,O,X,X
OTZSJLI,O,O,O,X
OITLJSZ,O,X,X,X
OITLJZS,O,O,X,X
OITLSJZ,O,X,X,X
OITLSZJ,O,X,X,X
OITLZJS,O,O,X,X
OITLZSJ,O,O,X,X
OITJLSZ,O,X,X,X
OITJLZS,O,O,X,X
OITJSLZ,O,X,X,X
OITJSZL,O,X,X,X
OITJZLS,O,O,X,X
OITJZSL,O,O,X,X
OITSLJZ,O,X,X,X
OITSLZJ,O,X,X,X
OITSJLZ,O,X,X,X
OITSJZL,O,X,X,X
OITSZLJ,O,X,X,X
OITSZJL,O,X,X,X
OITZLJS,O,O,X,X
OITZLSJ,O,O,X,X
OITZJLS,O,O,X,X
OITZJSL,O,O,X,X
OITZSLJ,O,O,X,X
OITZSJL,O,O,X,X
OILTJSZ,O,X,X,O
OILTJZS,O,X,X,O
OILTSJZ,O,X,X,O
OILTSZJ,O,X,X,O
OILTZJS,O,X,X,O
OILTZSJ,O,X,X,O
OILJTSZ,O,X,X,O
OILJTZS,O,X,X,O
OILJSTZ,O,X,X,O
OILJSZT,O,O,X,O
OILJZTS,X,X,X,O
OILJZST,O,O,X,O
OILSTJZ,O,X,X,O
OILSTZJ,O,X,X,O
OILSJTZ,O,X,X,O
OILSJZT,O,O,X,O
OILSZTJ,X,X,X,O
OILSZJT,O,O,X,O
OILZTJS,X,X,X,O
OILZTSJ,X,X,X,O
OILZJTS,X,X,X,O
OILZJST,O,O,X,O
OILZSTJ,X,X,X,O
OILZSJT,O,O,X,O
OIJTLSZ,O,X,X,X
OIJTLZS,O,O,X,X
OIJTSLZ,O,X,X,X
OIJTSZL,O,X,X,X
OIJTZLS,O,O,X,X
OIJTZSL,O,O,X,X
OIJLTSZ,O,X,X,O
OIJLTZS,O,X,X,O
OIJLSTZ,O,X,X,O
OIJLSZT,O,O,X,O
OIJLZTS,X,X,X,O
OIJLZST,O,O,X,O
OIJSTLZ,O,X,X,X
OIJSTZL,O,X,X,X
OIJSLTZ,O,X,X,X
OIJSLZT,O,O,X,O
OIJSZTL,O,O,X,X
OIJSZLT,O,O,X,O
OIJZTLS,O,O,X,X
OIJZTSL,O,O,X,X
OIJZLTS,X,X,X,O
OIJZLST,O,O,X,O
OIJZSTL,O,O,X,X
OIJZSLT,O,O,X,O
OISTLJZ,O,X,X,X
OISTLZJ,O,X,X,X
OISTJLZ,O,X,X,X
OISTJZL,O,X,X,X
OISTZLJ,O,X,X,X
OISTZJL,O,X,X,X
OISLTJZ,O,X,X,X
OISLTZJ,O,X,X,X
OISLJTZ,O,X,X,X
OISLJZT,O,O,X,O
OISLZTJ,X,X,X,O
OISLZJT,O,O,X,O
OISJTLZ,O,X,X,X
OISJTZL,O,X,X,X
OISJLTZ,O,X,X,X
OISJLZT,O,O,X,O
OISJZTL,O,O,X,X
OISJZLT,O,O,X,O
OISZTLJ,O,O,X,X
OISZTJL,O,O,X,X
OISZLTJ,X,X,X,O
OISZLJT,O,O,X,O
OISZJTL,O,O,X,X
OISZJLT,O,O,X,O
OIZTLJS,O,O,X,X
OIZTLSJ,O,O,X,X
OIZTJLS,O,O,X,X
OIZTJSL,O,O,X,X
OIZTSLJ,O,O,X,X
OIZTSJL,O,O,X,X
OIZLTJS,X,X,X,O
OIZLTSJ,X,X,X,O
OIZLJTS,X,X,X,O
OIZLJST,O,O,X,O
OIZLSTJ,X,X,X,O
OIZLSJT,O,O,X,O
OIZJTLS,O,O,X,X
OIZJTSL,O,O,X,X
OIZJLTS,X,X,X,O
OIZJLST,O,O,X,O
OIZJSTL,O,O,X,X
OIZJSLT,O,O,X,O
OIZSTLJ,O,O,X,X
OIZSTJL,O,O,X,X
OIZSLTJ,X,X,X,O
OIZSLJT,O,O,X,O
OIZSJTL,O,O,X,X
OIZSJLT,O,O,X,O
OLTIJSZ,O,X,X,O
OLTIJZS,O,X,O,O
OLTISJZ,O,X,X,O
OLTISZJ,O,X,X,O
OLTIZJS,O,X,O,O
OLTIZSJ,O,X,O,O
OLTJISZ,O,X,X,O
OLTJIZS,O,X,O,O
OLTJSIZ,O,X,X,O
OLTJSZI,O,X,X,O
OLTJZIS,O,X,O,O
OLTJZSI,O,X,O,O
OLTSIJZ,O,X,X,O
OLTSIZJ,O,X,X,O
OLTSJIZ,O,X,X,O
OLTSJZI,O,X,X,O
OLTSZIJ,O,X,X,O
OLTSZJI,O,X,X,O
OLTZIJS,O,X,O,O
OLTZISJ,O,X,O,O
OLTZJIS,O,X,O,O
OLTZJSI,O,X,O,O
OLTZSIJ,O,X,O,O
OLTZSJI,O,X,O,O
OLITJSZ,O,X,X,O
OLITJZS,O,X,O,O
OLITSJZ,O,X,X,O
OLITSZJ,O,X,X,O
OLITZJS,O,X,O,O
OLITZSJ,O,X,O,O
OLIJTSZ,O,X,X,O
OLIJTZS,O,X,O,O
OLIJSTZ,O,X,X,O
OLIJSZT,O,O,X,O
OLIJZTS,X,X,X,O
OLIJZST,O,O,O,O
OLISTJZ,O,X,X,O
OLISTZJ,O,X,X,O
OLISJTZ,O,X,X,O
OLISJZT,O,O,X,O
OLISZTJ,X,X,X,O
OLISZJT,O,O,X,O
OLIZTJS,X,X,X,O
OLIZTSJ,X,X,X,O
OLIZJTS,X,X,X,O
OLIZJST,O,O,O,O
OLIZSTJ,X,X,X,O
OLIZSJT,O,O,O,O
OLJTISZ,O,X,X,O
OLJTIZS,O,X,O,O
OLJTSIZ,O,X,X,O
OLJTSZI,O,X,X,O
OLJTZIS,O,X,O,O
OLJTZSI,O,X,O,O
OLJITSZ,O,X,X,O
OLJITZS,O,X,O,O
OLJISTZ,O,X,X,O
OLJISZT,O,O,X,O
OLJIZTS,X,X,X,O
OLJIZST,O,O,O,O
OLJSTIZ,O,X,X,O
OLJSTZI,O,X,X,O
OLJSITZ,O,X,X,O
OLJSIZT,O,O,X,O
OLJSZTI,X,X,O,O
OLJSZIT,O,O,O,O
OLJZTIS,X,X,O,O
OLJZTSI,X,X,O,O
OLJZITS,X,X,X,O
OLJZIST,O,O,O,O
OLJZSTI,X,X,O,O
OLJZSIT,O,O,O,O
OLSTIJZ,O,X,X,O
OLSTIZJ,O,X,X,O
OLSTJIZ,O,X,X,O
OLSTJZI,O,X,X,O
OLSTZIJ,O,X,X,O
OLSTZJI,O,X,X,O
OLSITJZ,O,X,X,O
OLSITZJ,O,X,X,O
OLSIJTZ,O,X,X,O
OLSIJZT,O,O,X,O
OLSIZTJ,X,X,X,O
OLSIZJT,O,O,X,O
OLSJTIZ,O,X,X,O
OLSJTZI,O,X,X,O
OLSJITZ,O,X,X,O
OLSJIZT,O,O,X,O
OLSJZTI,X,X,O,O
OLSJZIT,O,O,O,O
OLSZTIJ,X,X,O,O
OLSZTJI,X,X,O,O
OLSZITJ,X,X,X,O
OLSZIJT,O,O,O,O
OLSZJTI,X,X,O,O
OLSZJIT,O,O,O,O
OLZTIJS,X,X,O,O
OLZTISJ,X,X,O,O
OLZTJIS,X,X,O,O
OLZTJSI,X,X,O,O
OLZTSIJ,X,X,O,O
OLZTSJI,X,X,O,O
OLZITJS,X,X,X,O
OLZITSJ,X,X,X,O
OLZIJTS,X,X,X,O
OLZIJST,O,O,O,O
OLZISTJ,X,X,X,O
OLZISJT,O,O,O,O
OLZJTIS,X,X,O,O
OLZJTSI,X,X,O,O
OLZJITS,X,X,X,O
OLZJIST,O,O,O,O
OLZJSTI,X,X,O,O
OLZJSIT,O,O,O,O
OLZSTIJ,X,X,O,O
OLZSTJI,X,X,O,O
OLZSITJ,X,X,X,O
OLZSIJT,O,O,O,O
OLZSJTI,X,X,O,O
OLZSJIT,O,O,O,O
OJTILSZ,O,X,X,X
OJTILZS,O,O,X,X
OJTISLZ,O,X,X,X
OJTISZL,O,X,X,X
OJTIZLS,O,O,X,X
OJTIZSL,O,O,X,X
OJTLISZ,O,X,X,X
OJTLIZS,O,O,O,X
OJTLSIZ,O,X,X,X
OJTLSZI,O,X,X,X
OJTLZIS,O,O,O,X
OJTLZSI,O,O,O,X
OJTSILZ,O,X,X,X
OJTSIZL,O,X,X,X
OJTSLIZ,O,X,X,X
OJTSLZI,O,X,X,X
OJTSZIL,O,X,X,X
OJTSZLI,O,X,X,X
OJTZILS,O,O,X,X
OJTZISL,O,O,X,X
OJTZLIS,O,O,O,X
OJTZLSI,O,O,O,X
OJTZSIL,O,O,X,X
OJTZSLI,O,O,O,X
OJITLSZ,O,X,X,X
OJITLZS,O,O,X,X
OJITSLZ,O,X,X,X
OJITSZL,O,X,X,X
OJITZLS,O,O,X,X
OJITZSL,O,O,X,X
OJILTSZ,O,X,X,O
OJILTZS,O,X,X,O
OJILSTZ,O,X,X,O
OJILSZT,O,O,X,O
OJILZTS,X,X,X,O
OJILZST,O,O,X,O
OJISTLZ,O,X,X,X
OJISTZL,O,X,X,X
OJISLTZ,O,X,X,X
OJISLZT,O,O,X,O
OJISZTL,O,O,X,X
OJISZLT,O,O,X,O
OJIZTLS,O,O,X,X
OJIZTSL,O,O,X,X
OJIZLTS,X,X,X,O
OJIZLST,O,O,X,O
OJIZSTL,O,O,X,X
OJIZSLT,O,O,X,O
OJLTISZ,O,X,X,O
OJLTIZS,O,X,O,O
OJLTSIZ,O,X,X,O
OJLTSZI,O,X,X,O
OJLTZIS,O,X,O,O
OJLTZSI,O,X,O,O
OJLITSZ,O,X,X,O
OJLITZS,O,X,O,O
OJLISTZ,O,X,X,O
OJLISZT,O,O,X,O
OJLIZTS,X,X,X,O
OJLIZST,O,O,O,O
OJLSTIZ,O,X,X,O
OJLSTZI,O,X,X,O
OJLSITZ,O,X,X,O
OJLSIZT,O,O,X,O
OJLSZTI,X,X,O,O
OJLSZIT,O,O,O,O
OJLZTIS,X,X,O,O
OJLZTSI,X,X,O,O
OJLZITS,X,X,X,O
OJLZIST,O,O,O,O
OJLZSTI,X,X,O,O
OJLZSIT,O,O,O,O
OJSTILZ,O,X,X,X
OJSTIZL,O,X,X,X
OJSTLIZ,O,X,X,X
OJSTLZI,O,X,X,X
OJSTZIL,O,X,X,X
OJSTZLI,O,X,X,X
OJSITLZ,O,X,X,X
OJSITZL,O,X,X,X
OJSILTZ,O,X,X,X
OJSILZT,O,O,X,O
OJSIZTL,O,O,X,X
OJSIZLT,O,O,X,O
OJSLTIZ,O,X,X,X
OJSLTZI,O,X,X,X
OJSLITZ,O,X,X,X
OJSLIZT,O,O,X,O
OJSLZTI,X,X,O,O
OJSLZIT,O,O,O,O
OJSZTIL,O,O,X,X
OJSZTLI,O,O,O,X
OJSZITL,O,O,X,X
OJSZILT,O,O,X,O
OJSZLTI,X,X,O,O
OJSZLIT,O,O,O,O
OJZTILS,O,O,X,X
OJZTISL,O,O,X,X
OJZTLIS,O,O,O,X
OJZTLSI,O,O,O,X
OJZTSIL,O,O,X,X
OJZTSLI,O,O,O,X
OJZITLS,O,O,X,X
OJZITSL,O,O,X,X
OJZILTS,X,X,X,O
OJZILST,O,O,X,O
OJZISTL,O,O,X,X
OJZISLT,O,O,X,O
OJZLTIS,X,X,O,O
OJZLTSI,X,X,O,O
OJZLITS,X,X,X,O
OJZLIST,O,O,O,O
OJZLSTI,X,X,O,O
OJZLSIT,O,O,O,O
OJZSTIL,O,O,X,X
OJZSTLI,O,O,O,X
OJZSITL,O,O,X,X
OJZSILT,O,O,X,O
OJZSLTI,X,X,O,O
OJZSLIT,O,O,O,O
OSTILJZ,O,X,X,X
OSTILZJ,O,X,X,X
OSTIJLZ,O,X,X,X
OSTIJZL,O,X,X,X
OSTIZLJ,O,X,X,X
OSTIZJL,O,X,X,X
OSTLIJZ,O,X,X,X
OSTLIZJ,O,X,X,X
OSTLJIZ,O,X,X,X
OSTLJZI,O,X,X,X
OSTLZIJ,O,X,X,X
OSTLZJI,O,X,X,X
OSTJILZ,O,X,X,X
OSTJIZL,O,X,X,X
OSTJLIZ,O,X,X,X
OSTJLZI,O,X,X,X
OSTJZIL,O,X,X,X
OSTJZLI,O,X,X,X
OSTZILJ,O,X,X,X
OSTZIJL,O,X,X,X
OSTZLIJ,O,X,X,X
OSTZLJI,O,X,X,X
OSTZJIL,O,X,X,X
OSTZJLI,O,X,X,X
OSITLJZ,O,X,X,X
OSITLZJ,O,X,X,X
OSITJLZ,O,X,X,X
OSITJZL,O,X,X,X
OSITZLJ,O,X,X,X
OSITZJL,O,X,X,X
OSILTJZ,O,X,X,X
OSILTZJ,O,X,X,X
OSILJTZ,O,X,X,X
OSILJZT,O,O,X,O
OSILZTJ,X,X,X,O
OSILZJT,O,O,X,O
OSIJTLZ,O,X,X,X
OSIJTZL,O,X,X,X
OSIJLTZ,O,X,X,X
OSIJLZT,O,O,X,O
OSIJZTL,O,O,X,X
OSIJZLT,O,O,X,O
OSIZTLJ,O,O,X,X
OSIZTJL,O,O,X,X
OSIZLTJ,X,X,X,O
OSIZLJT,O,O,X,O
OSIZJTL,O,O,X,X
OSIZJLT,O,O,X,O
OSLTIJZ,O,X,X,X
OSLTIZJ,O,X,X,X
OSLTJIZ,O,X,X,X
OSLTJZI,O,X,X,X
OSLTZIJ,O,X,X,X
OSLTZJI,O,X,X,X
OSLITJZ,O,X,X,X
OSLITZJ,O,X,X,X
OSLIJTZ,O,X,X,X
OSLIJZT,O,O,X,O
OSLIZTJ,X,X,X,O
OSLIZJT,O,O,X,O
OSLJTIZ,O,X,X,X
OSLJTZI,O,X,X,X
OSLJITZ,O,X,X,X
OSLJIZT,O,O,X,O
OSLJZTI,X,X,O,O
OSLJZIT,O,O,O,O
OSLZTIJ,X,X,O,O
OSLZTJI,X,X,O,O
OSLZITJ,X,X,X,O
OSLZIJT,O,O,O,O
OSLZJTI,X,X,O,O
OSLZJIT,O,O,O,O
OSJTILZ,O,X,X,X
OSJTIZL,O,X,X,X
OSJTLIZ,O,X,X,X
OSJTLZI,O,X,X,X
OSJTZIL,O,X,X,X
OSJTZLI,O,X,X,X
OSJITLZ,O,X,X,X
OSJITZL,O,X,X,X
OSJILTZ,O,X,X,X
OSJILZT,O,O,X,O
OSJIZTL,O,O,X,X
OSJIZLT,O,O,X,O
OSJLTIZ,O,X,X,X
OSJLTZI,O,X,X,X
OSJLITZ,O,X,X,X
OSJLIZT,O,O,X,O
OSJLZTI,X,X,O,O
OSJLZIT,O,O,O,O
OSJZTIL,O,O,X,X
OSJZTLI,O,O,O,X
OSJZITL,O,O,X,X
OSJZILT,O,O,X,O
OSJZLTI,X,X,O,O
OSJZLIT,O,O,O,O
OSZTILJ,O,O,X,X
OSZTIJL,O,O,X,X
OSZTLIJ,O,O,O,X
OSZTLJI,O,O,O,X
OSZTJIL,O,O,X,X
OSZTJLI,O,O,O,X
OSZITLJ,O,O,X,X
OSZITJL,O,O,X,X
OSZILTJ,X,X,X,O
OSZILJT,O,O,X,O
OSZIJTL,O,O,X,X
OSZIJLT,O,O,X,O
OSZLTIJ,X,X,O,O
OSZLTJI,X,X,O,O
OSZLITJ,X,X,X,O
OSZLIJT,O,O,O,O
OSZLJTI,X,X,O,O
OSZLJIT,O,O,O,O
OSZJTIL,O,O,X,X
OSZJTLI,O,O,O,X
OSZJITL,O,O,X,X
OSZJILT,O,O,X,O
OSZJLTI,X,X,O,O
OSZJLIT,O,O,O,O
OZTILJS,O,O,X,X
OZTILSJ,O,O,X,X
OZTIJLS,O,O,X,X
OZTIJSL,O,O,X,X
OZTISLJ,O,O,X,X
OZTISJL,O,O,X,X
OZTLIJS,O,O,O,X
OZTLISJ,O,O,O,X
OZTLJIS,O,O,O,X
OZTLJSI,O,O,O,X
OZTLSIJ,O,O,O,X
OZTLSJI,O,O,O,X
OZTJILS,O,O,X,X
OZTJISL,O,O,X,X
OZTJLIS,O,O,O,X
OZTJLSI,O,O,O,X
OZTJSIL,O,O,X,X
OZTJSLI,O,O,O,X
OZTSILJ,O,O,X,X
OZTSIJL,O,O,X,X
OZTSLIJ,O,O,O,X
OZTSLJI,O,O,O,X
OZTSJIL,O,O,X,X
OZTSJLI,O,O,O,X
OZITLJS,O,O,X,X
OZITLSJ,O,O,X,X
OZITJLS,O,O,X,X
OZITJSL,O,O,X,X
OZITSLJ,O,O,X,X
OZITSJL,O,O,X,X
OZILTJS,X,X,X,O
OZILTSJ,X,X,X,O
OZILJTS,X,X,X,O
OZILJST,O,O,X,O
OZILSTJ,X,X,X,O
OZILSJT,O,O,X,O
OZIJTLS,O,O,X,X
OZIJTSL,O,O,X,X
OZIJLTS,X,X,X,O
OZIJLST,O,O,X,O
OZIJSTL,O,O,X,X
OZIJSLT,O,O,X,O
OZISTLJ,O,O,X,X
OZISTJL,O,O,X,X
OZISLTJ,X,X,X,O
OZISLJT,O,O,X,O
OZISJTL,O,O,X,X
OZISJLT,O,O,X,O
OZLTIJS,X,X,O,O
OZLTISJ,X,X,O,O
OZLTJIS,X,X,O,O
OZLTJSI,X,X,O,O
OZLTSIJ,X,X,O,O
OZLTSJI,X,X,O,O
OZLITJS,X,X,X,O
OZLITSJ,X,X,X,O
OZLIJTS,X,X,X,O
OZLIJST,O,O,O,O
OZLISTJ,X,X,X,O
OZLISJT,O,O,O,O
OZLJTIS,X,X,O,O
OZLJTSI,X,X,O,O
OZLJITS,X,X,X,O
OZLJIST,O,O,O,O
OZLJSTI,X,X,O,O
OZLJSIT,O,O,O,O
OZLSTIJ,X,X,O,O
OZLSTJI,X,X,O,O
OZLSITJ,X,X,X,O
OZLSIJT,O,O,O,O
OZLSJTI,X,X,O,O
OZLSJIT,O,O,O,O
OZJTILS,O,O,X,X
OZJTISL,O,O,X,X
OZJTLIS,O,O,O,X
OZJTLSI,O,O,O,X
OZJTSIL,O,O,X,X
OZJTSLI,O,O,O,X
OZJITLS,O,O,X,X
OZJITSL,O,O,X,X
OZJILTS,X,X,X,O
OZJILST,O,O,X,O
OZJISTL,O,O,X,X
OZJISLT,O,O,X,O
OZJLTIS,X,X,O,O
OZJLTSI,X,X,O,O
OZJLITS,X,X,X,O
OZJLIST,O,O,O,O
OZJLSTI,X,X,O,O
OZJLSIT,O,O,O,O
OZJSTIL,O,O,X,X
OZJSTLI,O,O,O,X
OZJSITL,O,O,X,X
OZJSILT,O,O,X,O
OZJSLTI,X,X,O,O
OZJSLIT,O,O,O,O
OZSTILJ,O,O,X,X
OZSTIJL,O,O,X,X
OZSTLIJ,O,O,O,X
OZSTLJI,O,O,O,X
OZSTJIL,O,O,X,X
OZSTJLI,O,O,O,X
OZSITLJ,O,O,X,X
OZSITJL,O,O,X,X
OZSILTJ,X,X,X,O
OZSILJT,O,O,X,O
OZSIJTL,O,O,X,X
OZSIJLT,O,O,X,O
OZSLTIJ,X,X,O,O
OZSLTJI,X,X,O,O
OZSLITJ,X,X,X,O
OZSLIJT,O,O,O,O
OZSLJTI,X,X,O,O
OZSLJIT,O,O,O,O
OZSJTIL,O,O,X,X
OZSJTLI,O,O,O,X
OZSJITL,O,O,X,X
OZSJILT,O,O,X,O
OZSJLTI,X,X,O,O
OZSJLIT,O,O,O,O
