sequence,v115@GhA8IeA8CeA8CeA8AeB8BeE8AeA8JeT/IvhFOlBdmB?CiBZoBXnB0pB,v115@GhA8IeA8CeA8CeA8AeB8BeE8AeA8Je0/IvhFdmBqmB?TiBZoB2pBXqB,v115@GhA8IeA8CeA8CeA8AeB8BeE8AeA8JeT/IvhFNlBamB?WnBZoBXnB0pB,v115@GhA8IeA8CeA8CeA8AeB8BeE8AeA8JeNEJvhFUgBamB?WnBZoBXnBzpB,v115@GhA8IeA8CeA8CeA8AeB8BeE8AeA8Je0/IvhFdmBRiB?/pBzmBatBOqB
TILJSZO,X,X,X,X,X
TILJSOZ,X,X,X,X,X
TILJZSO,X,X,X,O,X
TILJZOS,X,O,O,X,X
TILJOSZ,X,X,X,X,X
TILJOZS,X,O,X,X,X
TILSJZO,X,X,X,X,X
TILSJOZ,X,X,X,X,X
TILSZJO,X,X,X,X,X
TILSZOJ,X,X,X,X,X
TILSOJZ,X,X,X,X,X
TILSOZJ,X,X,X,X,X
TILZJSO,X,X,X,O,X
TILZJOS,X,X,O,X,X
TILZSJO,X,X,X,X,X
TILZSOJ,X,X,X,X,X
TILZOJS,X,X,O,X,X
TILZOSJ,X,X,X,X,X
TILOJSZ,X,X,X,X,X
TILOJZS,X,O,X,X,X
TILOSJZ,X,X,X,X,X
TILOSZJ,X,X,X,X,X
TILOZJS,X,X,X,X,X
TILOZSJ,X,X,X,X,X
TIJLSZO,X,X,X,X,X
TIJLSOZ,X,X,X,X,X
TIJLZSO,X,X,X,O,X
TIJLZOS,X,O,O,X,X
TIJLOSZ,X,X,X,X,X
TIJLOZS,X,O,X,X,X
TIJSLZO,O,X,X,X,X
TIJSLOZ,X,X,X,X,X
TIJSZLO,O,X,X,X,X
TIJSZOL,O,X,X,X,X
TIJSOLZ,X,X,X,X,X
TIJSOZL,X,X,X,X,X
TIJZLSO,X,X,X,O,X
TIJZLOS,X,O,O,X,X
TIJZSLO,O,X,X,X,X
TIJZSOL,O,X,X,X,X
TIJZOLS,X,X,O,X,X
TIJZOSL,O,X,X,X,X
TIJOLSZ,X,X,X,X,X
TIJOLZS,X,X,X,X,X
TIJOSLZ,X,X,X,X,X
TIJOSZL,X,X,X,X,X
TIJOZLS,X,X,X,X,X
TIJOZSL,X,X,X,X,X
TISLJZO,O,X,X,X,X
TISLJOZ,X,X,X,X,X
TISLZJO,O,X,X,X,X
TISLZOJ,O,X,X,X,X
TISLOJZ,X,X,X,X,X
TISLOZJ,X,X,X,X,X
TISJLZO,O,X,X,X,X
TISJLOZ,X,X,X,X,X
TISJZLO,O,X,X,X,X
TISJZOL,O,X,X,X,X
TISJOLZ,X,X,X,X,X
TISJOZL,X,X,X,X,X
TISZLJO,O,X,X,X,X
TISZLOJ,O,X,X,X,X
TISZJLO,O,X,X,X,X
TISZJOL,O,X,X,X,X
TISZOLJ,O,X,X,X,X
TISZOJL,O,X,X,X,X
TISOLJZ,X,X,X,X,X
TISOLZJ,X,X,X,X,X
TISOJLZ,X,X,X,X,X
TISOJZL,X,X,X,X,X
TISOZLJ,X,X,X,X,X
TISOZJL,X,X,X,X,X
TIZLJSO,X,X,X,O,X
TIZLJOS,X,X,O,X,X
TIZLSJO,X,X,X,X,X
TIZLSOJ,X,X,X,X,X
TIZLOJS,X,X,O,X,X
TIZLOSJ,X,X,X,X,X
TIZJLSO,X,X,X,O,X
TIZJLOS,X,X,O,X,X
TIZJSLO,O,X,X,X,X
TIZJSOL,O,X,X,X,X
TIZJOLS,X,X,O,X,X
TIZJOSL,O,X,X,X,X
TIZSLJO,O,X,X,X,X
TIZSLOJ,O,X,X,X,X
TIZSJLO,O,X,X,X,X
TIZSJOL,O,X,X,X,X
TIZSOLJ,O,X,X,X,X
TIZSOJL,O,X,X,X,X
TIZOLJS,X,X,O,X,X
TIZOLSJ,X,X,X,X,X
TIZOJLS,X,X,O,X,X
TIZOJSL,O,X,X,X,X
TIZOSLJ,O,X,X,X,X
TIZOSJL,O,X,X,X,X
TIOLJSZ,X,X,X,X,X
TIOLJZS,X,X,X,X,X
TIOLSJZ,X,X,X,X,X
TIOLSZJ,X,X,X,X,X
TIOLZJS,X,X,X,X,X
TIOLZSJ,X,X,X,X,X
TIOJLSZ,X,X,X,X,X
TIOJLZS,X,X,X,X,X
TIOJSLZ,X,X,X,X,X
TIOJSZL,X,X,X,X,X
TIOJZLS,X,X,X,X,X
TIOJZSL,X,X,X,X,X
TIOSLJZ,X,X,X,X,X
TIOSLZJ,X,X,X,X,X
TIOSJLZ,X,X,X,X,X
TIOSJZL,X,X,X,X,X
TIOSZLJ,X,X,X,X,X
TIOSZJL,X,X,X,X,X
TIOZLJS,X,X,X,X,X
TIOZLSJ,X,X,X,X,X
TIOZJLS,X,X,X,X,X
TIOZJSL,X,X,X,X,X
TIOZSLJ,X,X,X,X,X
TIOZSJL,X,X,X,X,X
TLIJSZO,X,X,X,X,X
TLIJSOZ,X,X,X,X,X
TLIJZSO,X,X,X,O,X
TLIJZOS,X,O,O,X,X
TLIJOSZ,X,X,X,X,X
TLIJOZS,X,O,X,X,X
TLISJZO,X,X,X,X,X
TLISJOZ,X,X,X,X,X
TLISZJO,X,X,X,X,X
TLISZOJ,X,X,X,X,X
TLISOJZ,X,X,X,X,X
TLISOZJ,X,X,X,X,X
TLIZJSO,X,X,X,O,X
TLIZJOS,X,X,O,X,X
TLIZSJO,X,X,X,X,X
TLIZSOJ,X,X,X,X,X
TLIZOJS,X,X,O,X,X
TLIZOSJ,X,X,X,X,X
TLIOJSZ,X,X,X,X,X
TLIOJZS,X,O,X,X,X
TLIOSJZ,X,X,X,X,X
TLIOSZJ,X,X,X,X,X
TLIOZJS,X,X,X,X,X
TLIOZSJ,X,X,X,X,X
TLJISZO,X,X,X,X,X
TLJISOZ,X,X,X,X,X
TLJIZSO,X,X,X,O,X
TLJIZOS,X,O,O,X,X
TLJIOSZ,X,X,X,X,X
TLJIOZS,X,O,X,X,X
TLJSIZO,X,X,X,X,X
TLJSIOZ,X,X,X,X,X
TLJSZIO,X,X,X,X,X
TLJSZOI,X,X,X,X,X
TLJSOIZ,X,X,X,X,X
TLJSOZI,X,X,X,X,X
TLJZISO,X,X,X,O,X
TLJZIOS,X,O,O,X,X
TLJZSIO,X,X,X,X,X
TLJZSOI,X,X,X,X,X
TLJZOIS,X,O,O,X,X
TLJZOSI,X,X,X,X,X
TLJOISZ,X,X,X,X,X
TLJOIZS,X,O,X,X,X
TLJOSIZ,X,X,X,X,X
TLJOSZI,X,X,X,X,X
TLJOZIS,X,O,X,X,X
TLJOZSI,X,X,X,X,X
TLSIJZO,X,X,X,X,X
TLSIJOZ,X,X,X,X,X
TLSIZJO,X,X,X,X,X
TLSIZOJ,X,X,X,X,X
TLSIOJZ,X,X,X,X,X
TLSIOZJ,X,X,X,X,X
TLSJIZO,X,X,X,X,X
TLSJIOZ,X,X,X,X,X
TLSJZIO,X,X,X,X,X
TLSJZOI,X,X,X,X,X
TLSJOIZ,X,X,X,X,X
TLSJOZI,X,X,X,X,X
TLSZIJO,X,X,X,X,X
TLSZIOJ,X,X,X,X,X
TLSZJIO,X,X,X,X,X
TLSZJOI,X,X,X,X,X
TLSZOIJ,X,X,X,X,O
TLSZOJI,X,X,X,X,O
TLSOIJZ,X,X,X,X,X
TLSOIZJ,X,X,X,X,O
TLSOJIZ,X,X,X,X,X
TLSOJZI,X,X,X,X,X
TLSOZIJ,X,X,X,X,O
TLSOZJI,X,X,X,X,O
TLZIJSO,X,X,X,O,X
TLZIJOS,X,X,O,X,X
TLZISJO,X,X,X,X,X
TLZISOJ,X,X,X,X,X
TLZIOJS,X,X,O,X,X
TLZIOSJ,X,X,X,X,X
TLZJISO,X,X,X,O,X
TLZJIOS,X,X,O,X,X
TLZJSIO,X,X,X,X,X
TLZJSOI,X,X,X,X,X
TLZJOIS,X,X,O,X,X
TLZJOSI,X,X,X,X,X
TLZSIJO,X,X,X,X,X
TLZSIOJ,X,X,X,X,X
TLZSJIO,X,X,X,X,X
TLZSJOI,X,X,X,X,X
TLZSOIJ,X,X,X,X,X
TLZSOJI,X,X,X,X,X
TLZOIJS,X,X,O,X,X
TLZOISJ,X,X,X,X,X
TLZOJIS,X,X,O,X,X
TLZOJSI,X,X,X,X,X
TLZOSIJ,X,X,X,X,X
TLZOSJI,X,X,X,X,X
TLOIJSZ,X,X,X,X,X
TLOIJZS,X,O,X,X,X
TLOISJZ,X,X,X,X,X
TLOISZJ,X,X,X,X,O
TLOIZJS,X,X,X,X,X
TLOIZSJ,X,X,X,X,X
TLOJISZ,X,X,X,X,X
TLOJIZS,X,O,X,X,X
TLOJSIZ,X,X,X,X,X
TLOJSZI,X,X,X,X,X
TLOJZIS,X,O,X,X,X
TLOJZSI,X,X,X,X,X
TLOSIJZ,X,X,X,X,X
TLOSIZJ,X,X,X,X,O
TLOSJIZ,X,X,X,X,X
TLOSJZI,X,X,X,X,X
TLOSZIJ,X,X,X,X,O
TLOSZJI,X,X,X,X,O
TLOZIJS,X,X,X,X,X
TLOZISJ,X,X,X,X,X
TLOZJIS,X,X,X,X,X
TLOZJSI,X,X,X,X,X
TLOZSIJ,X,X,X,X,X
TLOZSJI,X,X,X,X,X
TJILSZO,X,X,X,X,X
TJILSOZ,X,X,X,X,X
TJILZSO,X,X,X,O,X
TJILZOS,X,O,O,X,X
TJILOSZ,X,X,X,X,X
TJILOZS,X,O,X,X,X
TJISLZO,O,X,X,X,X
TJISLOZ,X,X,X,X,X
TJISZLO,O,X,X,X,X
TJISZOL,O,X,X,X,X
TJISOLZ,X,X,X,X,X
TJISOZL,X,X,X,X,X
TJIZLSO,X,X,X,O,X
TJIZLOS,X,O,O,X,X
TJIZSLO,O,X,X,X,X
TJIZSOL,O,X,X,X,X
TJIZOLS,X,X,O,X,X
TJIZOSL,O,X,X,X,X
TJIOLSZ,X,X,X,X,X
TJIOLZS,X,X,X,X,X
TJIOSLZ,X,X,X,X,X
TJIOSZL,X,X,X,X,X
TJIOZLS,X,X,X,X,X
TJIOZSL,X,X,X,X,X
TJLISZO,X,X,X,X,X
TJLISOZ,X,X,X,X,X
TJLIZSO,X,X,X,O,X
TJLIZOS,X,O,O,X,X
TJLIOSZ,X,X,X,X,X
TJLIOZS,X,O,X,X,X
TJLSIZO,X,X,X,X,X
TJLSIOZ,X,X,X,X,X
TJLSZIO,X,X,X,X,X
TJLSZOI,X,X,X,X,X
TJLSOIZ,X,X,X,X,X
TJLSOZI,X,X,X,X,X
TJLZISO,X,X,X,O,X
TJLZIOS,X,O,O,X,X
TJLZSIO,X,X,X,X,X
TJLZSOI,X,X,X,X,X
TJLZOIS,X,O,O,X,X
TJLZOSI,X,X,X,X,X
TJLOISZ,X,X,X,X,X
TJLOIZS,X,O,X,X,X
TJLOSIZ,X,X,X,X,X
TJLOSZI,X,X,X,X,X
TJLOZIS,X,O,X,X,X
TJLOZSI,X,X,X,X,X
TJSILZO,O,X,X,X,X
TJSILOZ,X,X,X,X,X
TJSIZLO,O,X,X,X,X
TJSIZOL,O,X,X,X,X
TJSIOLZ,X,X,X,X,X
TJSIOZL,X,X,X,X,X
TJSLIZO,O,X,X,X,X
TJSLIOZ,X,X,X,X,X
TJSLZIO,O,X,X,X,X
TJSLZOI,O,X,X,X,X
TJSLOIZ,X,X,X,X,X
TJSLOZI,X,X,X,X,X
TJSZILO,O,X,X,X,X
TJSZIOL,O,X,X,X,X
TJSZLIO,O,X,X,X,X
TJSZLOI,O,X,X,X,X
TJSZOIL,O,X,X,X,X
TJSZOLI,O,X,X,X,X
TJSOILZ,X,X,X,X,X
TJSOIZL,X,X,X,X,X
TJSOLIZ,X,X,X,X,X
TJSOLZI,X,X,X,X,X
TJSOZIL,X,X,X,X,X
TJSOZLI,X,X,X,X,X
TJZILSO,X,X,X,O,X
TJZILOS,X,O,O,X,X
TJZISLO,O,X,X,X,X
TJZISOL,O,X,X,X,X
TJZIOLS,X,X,O,X,X
TJZIOSL,O,X,X,X,X
TJZLISO,X,X,X,O,X
TJZLIOS,X,O,O,X,X
TJZLSIO,X,X,X,X,X
TJZLSOI,X,X,X,X,X
TJZLOIS,X,O,O,X,X
TJZLOSI,X,X,X,X,X
TJZSILO,O,X,X,X,X
TJZSIOL,O,X,X,X,X
TJZSLIO,O,X,X,X,X
TJZSLOI,O,X,X,X,X
TJZSOIL,O,X,X,X,X
TJZSOLI,O,X,X,X,X
TJZOILS,X,X,O,X,X
TJZOISL,O,X,X,X,X
TJZOLIS,X,X,O,X,X
TJZOLSI,X,X,X,X,X
TJZOSIL,O,X,X,X,X
TJZOSLI,O,X,X,X,X
TJOILSZ,X,X,X,X,X
TJOILZS,X,X,X,X,X
TJOISLZ,X,X,X,X,X
TJOISZL,X,X,X,X,X
TJOIZLS,X,X,X,X,X
TJOIZSL,X,X,X,X,X
TJOLISZ,X,X,X,X,X
TJOLIZS,X,X,X,X,X
TJOLSIZ,X,X,X,X,X
TJOLSZI,X,X,X,X,X
TJOLZIS,X,X,X,X,X
TJOLZSI,X,X,X,X,X
TJOSILZ,X,X,X,X,X
TJOSIZL,X,X,X,X,X
TJOSLIZ,X,X,X,X,X
TJOSLZI,X,X,X,X,X
TJOSZIL,X,X,X,X,X
TJOSZLI,X,X,X,X,X
TJOZILS,X,X,X,X,X
TJOZISL,X,X,X,X,X
TJOZLIS,X,X,X,X,X
TJOZLSI,X,X,X,X,X
TJOZSIL,X,X,X,X,X
TJOZSLI,X,X,X,X,X
TSILJZO,O,X,X,X,X
TSILJOZ,X,X,X,X,X
TSILZJO,O,X,X,X,X
TSILZOJ,O,X,X,X,X
TSILOJZ,X,X,X,X,X
TSILOZJ,X,X,X,X,X
TSIJLZO,O,X,X,X,X
TSIJLOZ,X,X,X,X,X
TSIJZLO,O,X,X,X,X
TSIJZOL,O,X,X,X,X
TSIJOLZ,X,X,X,X,X
TSIJOZL,X,X,X,X,X
TSIZLJO,O,X,X,X,X
TSIZLOJ,O,X,X,X,X
TSIZJLO,O,X,X,X,X
TSIZJOL,O,X,X,X,X
TSIZOLJ,O,X,X,X,X
TSIZOJL,O,X,X,X,X
TSIOLJZ,X,X,X,X,X
TSIOLZJ,X,X,X,X,X
TSIOJLZ,X,X,X,X,X
TSIOJZL,X,X,X,X,X
TSIOZLJ,X,X,X,X,X
TSIOZJL,X,X,X,X,X
TSLIJZO,O,X,X,X,X
TSLIJOZ,X,X,X,X,X
TSLIZJO,O,X,X,X,X
TSLIZOJ,O,X,X,X,X
TSLIOJZ,X,X,X,X,X
TSLIOZJ,X,X,X,X,X
TSLJIZO,O,X,X,X,X
TSLJIOZ,X,X,X,X,X
TSLJZIO,O,X,X,X,X
TSLJZOI,O,X,X,X,X
TSLJOIZ,X,X,X,X,X
TSLJOZI,X,X,X,X,X
TSLZIJO,O,X,X,X,X
TSLZIOJ,O,X,X,X,X
TSLZJIO,O,X,X,X,X
TSLZJOI,O,X,X,X,X
TSLZOIJ,O,X,X,X,O
TSLZOJI,O,X,X,X,O
TSLOIJZ,X,X,X,X,X
TSLOIZJ,X,X,X,X,O
TSLOJIZ,X,X,X,X,X
TSLOJZI,X,X,X,X,X
TSLOZIJ,X,X,X,X,O
TSLOZJI,X,X,X,X,O
TSJILZO,O,X,X,X,X
TSJILOZ,X,X,X,X,X
TSJIZLO,O,X,X,X,X
TSJIZOL,O,X,X,X,X
TSJIOLZ,X,X,X,X,X
TSJIOZL,X,X,X,X,X
TSJLIZO,O,X,X,X,X
TSJLIOZ,X,X,X,X,X
TSJLZIO,O,X,X,X,X
TSJLZOI,O,X,X,X,X
TSJLOIZ,X,X,X,X,X
TSJLOZI,X,X,X,X,X
TSJZILO,O,X,X,X,X
TSJZIOL,O,X,X,X,X
TSJZLIO,O,X,X,X,X
TSJZLOI,O,X,X,X,X
TSJZOIL,O,X,X,X,X
TSJZOLI,O,X,X,X,X
TSJOILZ,X,X,X,X,X
TSJOIZL,X,X,X,X,X
TSJOLIZ,X,X,X,X,X
TSJOLZI,X,X,X,X,X
TSJOZIL,X,X,X,X,X
TSJOZLI,X,X,X,X,X
TSZILJO,O,X,X,X,X
TSZILOJ,O,X,X,X,X
TSZIJLO,O,X,X,X,X
TSZIJOL,O,X,X,X,X
TSZIOLJ,O,X,X,X,X
TSZIOJL,O,X,X,X,X
TSZLIJO,O,X,X,X,X
TSZLIOJ,O,X,X,X,X
TSZLJIO,O,X,X,X,X
TSZLJOI,O,X,X,X,X
TSZLOIJ,O,X,X,X,O
TSZLOJI,O,X,X,X,O
TSZJILO,O,X,X,X,X
TSZJIOL,O,X,X,X,X
TSZJLIO,O,X,X,X,X
TSZJLOI,O,X,X,X,X
TSZJOIL,O,X,X,X,X
TSZJOLI,O,X,X,X,X
TSZOILJ,O,X,X,X,X
TSZOIJL,O,X,X,X,X
TSZOLIJ,O,X,X,X,O
TSZOLJI,O,X,X,X,O
TSZOJIL,O,X,X,X,X
TSZOJLI,O,X,X,X,X
TSOILJZ,X,X,X,X,X
TSOILZJ,X,X,X,X,X
TSOIJLZ,X,X,X,X,X
TSOIJZL,X,X,X,X,X
TSOIZLJ,X,X,X,X,X
TSOIZJL,X,X,X,X,X
TSOLIJZ,X,X,X,X,X
TSOLIZJ,X,X,X,X,O
TSOLJIZ,X,X,X,X,X
TSOLJZI,X,X,X,X,X
TSOLZIJ,X,X,X,X,O
TSOLZJI,X,X,X,X,O
TSOJILZ,X,X,X,X,X
TSOJIZL,X,X,X,X,X
TSOJLIZ,X,X,X,X,X
TSOJLZI,X,X,X,X,X
TSOJZIL,X,X,X,X,X
TSOJZLI,X,X,X,X,X
TSOZILJ,X,X,X,X,X
TSOZIJL,X,X,X,X,X
TSOZLIJ,X,X,X,X,O
TSOZLJI,X,X,X,X,O
TSOZJIL,X,X,X,X,X
TSOZJLI,X,X,X,X,X
TZILJSO,X,X,X,O,X
TZILJOS,X,X,O,X,X
TZILSJO,X,X,X,X,X
TZILSOJ,X,X,X,X,X
TZILOJS,X,X,O,X,X
TZILOSJ,X,X,X,X,X
TZIJLSO,X,X,X,O,X
TZIJLOS,X,X,O,X,X
TZIJSLO,O,X,X,X,X
TZIJSOL,O,X,X,X,X
TZIJOLS,X,X,O,X,X
TZIJOSL,O,X,X,X,X
TZISLJO,O,X,X,X,X
TZISLOJ,O,X,X,X,X
TZISJLO,O,X,X,X,X
TZISJOL,O,X,X,X,X
TZISOLJ,O,X,X,X,X
TZISOJL,O,X,X,X,X
TZIOLJS,X,X,O,X,X
TZIOLSJ,X,X,X,X,X
TZIOJLS,X,X,O,X,X
TZIOJSL,O,X,X,X,X
TZIOSLJ,O,X,X,X,X
TZIOSJL,O,X,X,X,X
TZLIJSO,X,X,X,O,X
TZLIJOS,X,X,O,X,X
TZLISJO,X,X,X,X,X
TZLISOJ,X,X,X,X,X
TZLIOJS,X,X,O,X,X
TZLIOSJ,X,X,X,X,X
TZLJISO,X,X,X,O,X
TZLJIOS,X,X,O,X,X
TZLJSIO,X,X,X,X,X
TZLJSOI,X,X,X,X,X
TZLJOIS,X,X,O,X,X
TZLJOSI,X,X,X,X,X
TZLSIJO,X,X,X,X,X
TZLSIOJ,X,X,X,X,X
TZLSJIO,X,X,X,X,X
TZLSJOI,X,X,X,X,X
TZLSOIJ,X,X,X,X,X
TZLSOJI,X,X,X,X,X
TZLOIJS,X,X,O,X,X
TZLOISJ,X,X,X,X,X
TZLOJIS,X,X,O,X,X
TZLOJSI,X,X,X,X,X
TZLOSIJ,X,X,X,X,X
TZLOSJI,X,X,X,X,X
TZJILSO,X,X,X,O,X
TZJILOS,X,X,O,X,X
TZJISLO,O,X,X,X,X
TZJISOL,O,X,X,X,X
TZJIOLS,X,X,O,X,X
TZJIOSL,O,X,X,X,X
TZJLISO,X,X,X,O,X
TZJLIOS,X,X,O,X,X
TZJLSIO,X,X,X,X,X
TZJLSOI,X,X,X,X,X
TZJLOIS,X,X,O,X,X
TZJLOSI,X,X,X,X,X
TZJSILO,O,X,X,X,X
TZJSIOL,O,X,X,X,X
TZJSLIO,O,X,X,X,X
TZJSLOI,O,X,X,X,X
TZJSOIL,O,X,X,X,X
TZJSOLI,O,X,X,X,X
TZJOILS,X,X,O,X,X
TZJOISL,O,X,X,X,X
TZJOLIS,X,X,O,X,X
TZJOLSI,X,X,X,X,X
TZJOSIL,O,X,X,X,X
TZJOSLI,O,X,X,X,X
TZSILJO,O,X,X,X,X
TZSILOJ,O,X,X,X,X
TZSIJLO,O,X,X,X,X
TZSIJOL,O,X,X,X,X
TZSIOLJ,O,X,X,X,X
TZSIOJL,O,X,X,X,X
TZSLIJO,O,X,X,X,X
TZSLIOJ,O,X,X,X,X
TZSLJIO,O,X,X,X,X
TZSLJOI,O,X,X,X,X
TZSLOIJ,O,X,X,X,X
TZSLOJI,O,X,X,X,X
TZSJILO,O,X,X,X,X
TZSJIOL,O,X,X,X,X
TZSJLIO,O,X,X,X,X
TZSJLOI,O,X,X,X,X
TZSJOIL,O,X,X,X,X
TZSJOLI,O,X,X,X,X
TZSOILJ,O,X,X,X,X
TZSOIJL,O,X,X,X,X
TZSOLIJ,O,X,X,X,X
TZSOLJI,O,X,X,X,X
TZSOJIL,O,X,X,X,X
TZSOJLI,O,X,X,X,X
TZOILJS,X,X,O,X,X
TZOILSJ,X,X,X,X,X
TZOIJLS,X,X,O,X,X
TZOIJSL,O,X,X,X,X
TZOISLJ,O,X,X,X,X
TZOISJL,O,X,X,X,X
TZOLIJS,X,X,O,X,X
TZOLISJ,X,X,X,X,X
TZOLJIS,X,X,O,X,X
TZOLJSI,X,X,X,X,X
TZOLSIJ,X,X,X,X,X
TZOLSJI,X,X,X,X,X
TZOJILS,X,X,O,X,X
TZOJISL,O,X,X,X,X
TZOJLIS,X,X,O,X,X
TZOJLSI,X,X,X,X,X
TZOJSIL,O,X,X,X,X
TZOJSLI,O,X,X,X,X
TZOSILJ,O,X,X,X,X
TZOSIJL,O,X,X,X,X
TZOSLIJ,O,X,X,X,X
TZOSLJI,O,X,X,X,X
TZOSJIL,O,X,X,X,X
TZOSJLI,O,X,X,X,X
TOILJSZ,X,X,X,X,X
TOILJZS,X,X,X,X,X
TOILSJZ,X,X,X,X,X
TOILSZJ,X,X,X,X,X
TOILZJS,X,X,X,X,X
TOILZSJ,X,X,X,X,X
TOIJLSZ,X,X,X,X,X
TOIJLZS,X,X,X,X,X
TOIJSLZ,X,X,X,X,X
TOIJSZL,X,X,X,X,X
TOIJZLS,X,X,X,X,X
TOIJZSL,X,X,X,X,X
TOISLJZ,X,X,X,X,X
TOISLZJ,X,X,X,X,X
TOISJLZ,X,X,X,X,X
TOISJZL,X,X,X,X,X
TOISZLJ,X,X,X,X,X
TOISZJL,X,X,X,X,X
TOIZLJS,X,X,X,X,X
TOIZLSJ,X,X,X,X,X
TOIZJLS,X,X,X,X,X
TOIZJSL,X,X,X,X,X
TOIZSLJ,X,X,X,X,X
TOIZSJL,X,X,X,X,X
TOLIJSZ,X,X,X,X,X
TOLIJZS,X,X,X,X,X
TOLISJZ,X,X,X,X,X
TOLISZJ,X,X,X,X,O
TOLIZJS,X,X,X,X,X
TOLIZSJ,X,X,X,X,X
TOLJISZ,X,X,X,X,X
TOLJIZS,X,X,X,X,X
TOLJSIZ,X,X,X,X,X
TOLJSZI,X,X,X,X,X
TOLJZIS,X,X,X,X,X
TOLJZSI,X,X,X,X,X
TOLSIJZ,X,X,X,X,X
TOLSIZJ,X,X,X,X,O
TOLSJIZ,X,X,X,X,X
TOLSJZI,X,X,X,X,X
TOLSZIJ,X,X,X,X,O
TOLSZJI,X,X,X,X,O
TOLZIJS,X,X,X,X,X
TOLZISJ,X,X,X,X,X
TOLZJIS,X,X,X,X,X
TOLZJSI,X,X,X,X,X
TOLZSIJ,X,X,X,X,X
TOLZSJI,X,X,X,X,X
TOJILSZ,X,X,X,X,X
TOJILZS,X,X,X,X,X
TOJISLZ,X,X,X,X,X
TOJISZL,X,X,X,X,X
TOJIZLS,X,X,X,X,X
TOJIZSL,X,X,X,X,X
TOJLISZ,X,X,X,X,X
TOJLIZS,X,X,X,X,X
TOJLSIZ,X,X,X,X,X
TOJLSZI,X,X,X,X,X
TOJLZIS,X,X,X,X,X
TOJLZSI,X,X,X,X,X
TOJSILZ,X,X,X,X,X
TOJSIZL,X,X,X,X,X
TOJSLIZ,X,X,X,X,X
TOJSLZI,X,X,X,X,X
TOJSZIL,X,X,X,X,X
TOJSZLI,X,X,X,X,X
TOJZILS,X,X,X,X,X
TOJZISL,X,X,X,X,X
TOJZLIS,X,X,X,X,X
TOJZLSI,X,X,X,X,X
TOJZSIL,X,X,X,X,X
TOJZSLI,X,X,X,X,X
TOSILJZ,X,X,X,X,X
TOSILZJ,X,X,X,X,X
TOSIJLZ,X,X,X,X,X
TOSIJZL,X,X,X,X,X
TOSIZLJ,X,X,X,X,X
TOSIZJL,X,X,X,X,X
TOSLIJZ,X,X,X,X,X
TOSLIZJ,X,X,X,X,O
TOSLJIZ,X,X,X,X,X
TOSLJZI,X,X,X,X,X
TOSLZIJ,X,X,X,X,O
TOSLZJI,X,X,X,X,O
TOSJILZ,X,X,X,X,X
TOSJIZL,X,X,X,X,X
TOSJLIZ,X,X,X,X,X
TOSJLZI,X,X,X,X,X
TOSJZIL,X,X,X,X,X
TOSJZLI,X,X,X,X,X
TOSZILJ,X,X,X,X,X
TOSZIJL,X,X,X,X,X
TOSZLIJ,X,X,X,X,O
TOSZLJI,X,X,X,X,O
TOSZJIL,X,X,X,X,X
TOSZJLI,X,X,X,X,X
TOZILJS,X,X,X,X,X
TOZILSJ,X,X,X,X,X
TOZIJLS,X,X,X,X,X
TOZIJSL,X,X,X,X,X
TOZISLJ,X,X,X,X,X
TOZISJL,X,X,X,X,X
TOZLIJS,X,X,X,X,X
TOZLISJ,X,X,X,X,X
TOZLJIS,X,X,X,X,X
TOZLJSI,X,X,X,X,X
TOZLSIJ,X,X,X,X,X
TOZLSJI,X,X,X,X,X
TOZJILS,X,X,X,X,X
TOZJISL,X,X,X,X,X
TOZJLIS,X,X,X,X,X
TOZJLSI,X,X,X,X,X
TOZJSIL,X,X,X,X,X
TOZJSLI,X,X,X,X,X
TOZSILJ,X,X,X,X,X
TOZSIJL,X,X,X,X,X
TOZSLIJ,X,X,X,X,X
TOZSLJI,X,X,X,X,X
TOZSJIL,X,X,X,X,X
TOZSJLI,X,X,X,X,X
ITLJSZO,X,X,X,X,X
ITLJSOZ,X,X,X,X,X
ITLJZSO,X,X,X,O,X
ITLJZOS,X,O,O,X,X
ITLJOSZ,X,X,X,X,X
ITLJOZS,X,O,X,X,X
ITLSJZO,X,X,X,X,X
ITLSJOZ,X,X,X,X,X
ITLSZJO,X,X,X,X,X
ITLSZOJ,X,X,X,X,X
ITLSOJZ,X,X,X,X,X
ITLSOZJ,X,X,X,X,X
ITLZJSO,X,X,X,O,X
ITLZJOS,X,X,O,X,X
ITLZSJO,X,X,X,X,X
ITLZSOJ,X,X,X,X,X
ITLZOJS,X,X,O,X,X
ITLZOSJ,X,X,X,X,X
ITLOJSZ,X,X,X,X,X
ITLOJZS,X,O,X,X,X
ITLOSJZ,X,X,X,X,X
ITLOSZJ,X,X,X,X,X
ITLOZJS,X,X,X,X,X
ITLOZSJ,X,X,X,X,X
ITJLSZO,X,X,X,X,X
ITJLSOZ,X,X,X,X,X
ITJLZSO,X,X,X,O,X
ITJLZOS,X,O,O,X,X
ITJLOSZ,X,X,X,X,X
ITJLOZS,X,O,X,X,X
ITJSLZO,O,X,X,X,X
ITJSLOZ,X,X,X,X,X
ITJSZLO,O,X,X,X,X
ITJSZOL,O,X,X,X,X
ITJSOLZ,X,X,X,X,X
ITJSOZL,X,X,X,X,X
ITJZLSO,X,X,X,O,X
ITJZLOS,X,O,O,X,X
ITJZSLO,O,X,X,X,X
ITJZSOL,O,X,X,X,X
ITJZOLS,X,X,O,X,X
ITJZOSL,O,X,X,X,X
ITJOLSZ,X,X,X,X,X
ITJOLZS,X,X,X,X,X
ITJOSLZ,X,X,X,X,X
ITJOSZL,X,X,X,X,X
ITJOZLS,X,X,X,X,X
ITJOZSL,X,X,X,X,X
ITSLJZO,O,X,X,X,X
ITSLJOZ,X,X,X,X,X
ITSLZJO,O,X,X,X,X
ITSLZOJ,O,X,X,X,X
ITSLOJZ,X,X,X,X,X
ITSLOZJ,X,X,X,X,X
ITSJLZO,O,X,X,X,X
ITSJLOZ,X,X,X,X,X
ITSJZLO,O,X,X,X,X
ITSJZOL,O,X,X,X,X
ITSJOLZ,X,X,X,X,X
ITSJOZL,X,X,X,X,X
ITSZLJO,O,X,X,X,X
ITSZLOJ,O,X,X,X,X
ITSZJLO,O,X,X,X,X
ITSZJOL,O,X,X,X,X
ITSZOLJ,O,X,X,X,X
ITSZOJL,O,X,X,X,X
ITSOLJZ,X,X,X,X,X
ITSOLZJ,X,X,X,X,X
ITSOJLZ,X,X,X,X,X
ITSOJZL,X,X,X,X,X
ITSOZLJ,X,X,X,X,X
ITSOZJL,X,X,X,X,X
ITZLJSO,X,X,X,O,X
ITZLJOS,X,X,O,X,X
ITZLSJO,X,X,X,X,X
ITZLSOJ,X,X,X,X,X
ITZLOJS,X,X,O,X,X
ITZLOSJ,X,X,X,X,X
ITZJLSO,X,X,X,O,X
ITZJLOS,X,X,O,X,X
ITZJSLO,O,X,X,X,X
ITZJSOL,O,X,X,X,X
ITZJOLS,X,X,O,X,X
ITZJOSL,O,X,X,X,X
ITZSLJO,O,X,X,X,X
ITZSLOJ,O,X,X,X,X
ITZSJLO,O,X,X,X,X
ITZSJOL,O,X,X,X,X
ITZSOLJ,O,X,X,X,X
ITZSOJL,O,X,X,X,X
ITZOLJS,X,X,O,X,X
ITZOLSJ,X,X,X,X,X
ITZOJLS,X,X,O,X,X
ITZOJSL,O,X,X,X,X
ITZOSLJ,O,X,X,X,X
ITZOSJL,O,X,X,X,X
ITOLJSZ,X,X,X,X,X
ITOLJZS,X,X,X,X,X
ITOLSJZ,X,X,X,X,X
ITOLSZJ,X,X,X,X,X
ITOLZJS,X,X,X,X,X
ITOLZSJ,X,X,X,X,X
ITOJLSZ,X,X,X,X,X
ITOJLZS,X,X,X,X,X
ITOJSLZ,X,X,X,X,X
ITOJSZL,X,X,X,X,X
ITOJZLS,X,X,X,X,X
ITOJZSL,X,X,X,X,X
ITOSLJZ,X,X,X,X,X
ITOSLZJ,X,X,X,X,X
ITOSJLZ,X,X,X,X,X
ITOSJZL,X,X,X,X,X
ITOSZLJ,X,X,X,X,X
ITOSZJL,X,X,X,X,X
ITOZLJS,X,X,X,X,X
ITOZLSJ,X,X,X,X,X
ITOZJLS,X,X,X,X,X
ITOZJSL,X,X,X,X,X
ITOZSLJ,X,X,X,X,X
ITOZSJL,X,X,X,X,X
ILTJSZO,X,X,X,X,X
ILTJSOZ,X,X,X,X,X
ILTJZSO,X,X,X,O,X
ILTJZOS,X,O,O,X,X
ILTJOSZ,X,X,X,X,X
ILTJOZS,X,O,X,X,X
ILTSJZO,X,X,X,X,X
ILTSJOZ,X,X,X,X,X
ILTSZJO,X,X,X,X,X
ILTSZOJ,X,X,X,X,X
ILTSOJZ,X,X,X,X,X
ILTSOZJ,X,X,X,X,X
ILTZJSO,X,X,X,O,X
ILTZJOS,X,X,O,X,X
ILTZSJO,X,X,X,X,X
ILTZSOJ,X,X,X,X,X
ILTZOJS,X,X,O,X,X
ILTZOSJ,X,X,X,X,X
ILTOJSZ,X,X,X,X,X
ILTOJZS,X,O,X,X,X
ILTOSJZ,X,X,X,X,X
ILTOSZJ,X,X,X,X,X
ILTOZJS,X,X,X,X,X
ILTOZSJ,X,X,X,X,X
ILJTSZO,X,X,X,X,X
ILJTSOZ,X,X,X,X,X
ILJTZSO,X,X,X,O,X
ILJTZOS,X,O,O,X,X
ILJTOSZ,X,X,X,X,X
ILJTOZS,X,O,X,X,X
ILJSTZO,X,X,X,X,X
ILJSTOZ,X,X,X,X,X
ILJSZTO,X,X,X,X,X
ILJSZOT,X,X,X,X,X
ILJSOTZ,X,X,X,X,X
ILJSOZT,X,X,X,X,X
ILJZTSO,X,X,X,X,X
ILJZTOS,X,O,O,X,X
ILJZSTO,X,X,X,X,X
ILJZSOT,X,X,X,X,X
ILJZOTS,X,O,X,X,X
ILJZOST,X,X,X,X,X
ILJOTSZ,X,X,X,X,X
ILJOTZS,X,O,X,O,X
ILJOSTZ,X,X,X,X,X
ILJOSZT,X,X,X,X,X
ILJOZTS,X,O,X,X,X
ILJOZST,X,X,X,X,X
ILSTJZO,X,X,X,X,X
ILSTJOZ,X,X,X,X,X
ILSTZJO,X,X,X,X,X
ILSTZOJ,X,X,X,X,X
ILSTOJZ,X,X,X,X,X
ILSTOZJ,X,X,X,X,X
ILSJTZO,X,X,X,X,X
ILSJTOZ,X,X,X,X,X
ILSJZTO,X,X,X,X,X
ILSJZOT,X,X,X,X,X
ILSJOTZ,X,X,X,X,X
ILSJOZT,X,X,X,X,X
ILSZTJO,X,X,X,X,X
ILSZTOJ,X,X,X,X,X
ILSZJTO,X,X,X,X,X
ILSZJOT,X,X,X,X,X
ILSZOTJ,X,X,X,X,X
ILSZOJT,X,X,X,X,X
ILSOTJZ,X,X,X,X,X
ILSOTZJ,X,X,X,X,X
ILSOJTZ,X,X,X,X,X
ILSOJZT,X,X,X,X,X
ILSOZTJ,X,X,X,X,X
ILSOZJT,X,X,X,X,X
ILZTJSO,X,X,X,X,X
ILZTJOS,X,X,O,X,X
ILZTSJO,X,X,X,X,X
ILZTSOJ,X,X,X,X,X
ILZTOJS,X,X,O,X,X
ILZTOSJ,X,X,X,X,X
ILZJTSO,X,X,X,X,X
ILZJTOS,X,X,O,X,X
ILZJSTO,X,X,X,X,X
ILZJSOT,X,X,X,X,X
ILZJOTS,X,X,X,X,X
ILZJOST,X,X,X,X,X
ILZSTJO,X,X,X,X,X
ILZSTOJ,X,X,X,X,X
ILZSJTO,X,X,X,X,X
ILZSJOT,X,X,X,X,X
ILZSOTJ,X,X,X,X,X
ILZSOJT,X,X,X,X,X
ILZOTJS,X,X,X,X,X
ILZOTSJ,X,X,X,X,X
ILZOJTS,X,X,X,X,X
ILZOJST,X,X,X,X,X
ILZOSTJ,X,X,X,X,X
ILZOSJT,X,X,X,X,X
ILOTJSZ,X,X,X,X,X
ILOTJZS,X,O,X,O,X
ILOTSJZ,X,X,X,X,X
ILOTSZJ,X,X,X,X,X
ILOTZJS,X,X,X,O,X
ILOTZSJ,X,X,X,X,X
ILOJTSZ,X,X,X,X,X
ILOJTZS,X,O,X,O,X
ILOJSTZ,X,X,X,X,X
ILOJSZT,X,X,X,X,X
ILOJZTS,X,O,X,X,X
ILOJZST,X,X,X,X,X
ILOSTJZ,X,X,X,X,X
ILOSTZJ,X,X,X,X,X
ILOSJTZ,X,X,X,X,X
ILOSJZT,X,X,X,X,X
ILOSZTJ,X,X,X,X,X
ILOSZJT,X,X,X,X,X
ILOZTJS,X,X,X,X,X
ILOZTSJ,X,X,X,X,X
ILOZJTS,X,X,X,X,X
ILOZJST,X,X,X,X,X
ILOZSTJ,X,X,X,X,X
ILOZSJT,X,X,X,X,X
IJTLSZO,X,X,X,X,X
IJTLSOZ,X,X,X,X,X
IJTLZSO,X,X,X,O,X
IJTLZOS,X,O,O,X,X
IJTLOSZ,X,X,X,X,X
IJTLOZS,X,O,X,X,X
IJTSLZO,X,X,X,X,X
IJTSLOZ,X,X,X,X,X
IJTSZLO,X,X,X,X,X
IJTSZOL,X,X,X,X,X
IJTSOLZ,X,X,X,X,X
IJTSOZL,X,X,X,X,X
IJTZLSO,X,X,X,O,X
IJTZLOS,X,O,O,X,X
IJTZSLO,X,X,X,X,X
IJTZSOL,X,X,X,X,X
IJTZOLS,X,X,O,X,X
IJTZOSL,X,X,X,X,X
IJTOLSZ,X,X,X,X,X
IJTOLZS,X,X,X,X,X
IJTOSLZ,X,X,X,X,X
IJTOSZL,X,X,X,X,X
IJTOZLS,X,X,X,X,X
IJTOZSL,X,X,X,X,X
IJLTSZO,X,X,X,X,X
IJLTSOZ,X,X,X,X,X
IJLTZSO,X,X,X,O,X
IJLTZOS,X,O,O,X,X
IJLTOSZ,X,X,X,X,X
IJLTOZS,X,O,X,X,X
IJLSTZO,X,X,X,X,X
IJLSTOZ,X,X,X,X,X
IJLSZTO,X,X,X,X,X
IJLSZOT,X,X,X,X,X
IJLSOTZ,X,X,X,X,X
IJLSOZT,X,X,X,X,X
IJLZTSO,X,X,X,X,X
IJLZTOS,X,O,O,X,X
IJLZSTO,X,X,X,X,X
IJLZSOT,X,X,X,X,X
IJLZOTS,X,O,X,X,X
IJLZOST,X,X,X,X,X
IJLOTSZ,X,X,X,X,X
IJLOTZS,X,O,X,O,X
IJLOSTZ,X,X,X,X,X
IJLOSZT,X,X,X,X,X
IJLOZTS,X,O,X,X,X
IJLOZST,X,X,X,X,X
IJSTLZO,X,X,X,X,X
IJSTLOZ,X,X,X,X,X
IJSTZLO,X,X,X,X,X
IJSTZOL,X,X,X,X,X
IJSTOLZ,X,X,X,X,X
IJSTOZL,X,X,X,X,X
IJSLTZO,X,X,X,X,X
IJSLTOZ,X,X,X,X,X
IJSLZTO,X,X,X,X,X
IJSLZOT,X,X,X,X,X
IJSLOTZ,X,X,X,X,X
IJSLOZT,X,X,X,X,X
IJSZTLO,X,X,X,X,X
IJSZTOL,X,X,X,X,X
IJSZLTO,X,X,X,X,X
IJSZLOT,X,X,X,X,X
IJSZOTL,X,X,X,X,X
IJSZOLT,X,X,X,X,X
IJSOTLZ,X,X,X,X,X
IJSOTZL,X,X,X,X,X
IJSOLTZ,X,X,X,X,X
IJSOLZT,X,X,X,X,X
IJSOZTL,X,X,X,X,X
IJSOZLT,X,X,X,X,X
IJZTLSO,X,X,X,X,X
IJZTLOS,X,O,O,X,X
IJZTSLO,X,X,X,X,X
IJZTSOL,X,X,X,X,X
IJZTOLS,X,X,O,X,X
IJZTOSL,X,X,X,X,X
IJZLTSO,X,X,X,X,X
IJZLTOS,X,O,O,X,X
IJZLSTO,X,X,X,X,X
IJZLSOT,X,X,X,X,X
IJZLOTS,X,O,X,X,X
IJZLOST,X,X,X,X,X
IJZSTLO,X,X,X,X,X
IJZSTOL,X,X,X,X,X
IJZSLTO,X,X,X,X,X
IJZSLOT,X,X,X,X,X
IJZSOTL,X,X,X,X,X
IJZSOLT,X,X,X,X,X
IJZOTLS,X,X,O,X,X
IJZOTSL,X,X,X,X,X
IJZOLTS,X,O,X,X,X
IJZOLST,X,X,X,X,X
IJZOSTL,X,X,X,X,X
IJZOSLT,X,X,X,X,X
IJOTLSZ,X,X,X,X,X
IJOTLZS,X,X,X,O,X
IJOTSLZ,X,X,X,X,X
IJOTSZL,X,X,X,X,X
IJOTZLS,X,X,X,O,X
IJOTZSL,X,X,X,X,X
IJOLTSZ,X,X,X,X,X
IJOLTZS,X,O,X,O,X
IJOLSTZ,X,X,X,X,X
IJOLSZT,X,X,X,X,X
IJOLZTS,X,O,X,X,X
IJOLZST,X,X,X,X,X
IJOSTLZ,X,X,X,X,X
IJOSTZL,X,X,X,X,X
IJOSLTZ,X,X,X,X,X
IJOSLZT,X,X,X,X,X
IJOSZTL,X,X,X,X,X
IJOSZLT,X,X,X,X,X
IJOZTLS,X,X,X,X,X
IJOZTSL,X,X,X,X,X
IJOZLTS,X,O,X,X,X
IJOZLST,X,X,X,X,X
IJOZSTL,X,X,X,X,X
IJOZSLT,X,X,X,X,X
ISTLJZO,O,X,X,X,X
ISTLJOZ,X,X,X,X,X
ISTLZJO,O,X,X,X,X
ISTLZOJ,O,X,X,X,X
ISTLOJZ,X,X,X,X,X
ISTLOZJ,X,X,X,X,X
ISTJLZO,O,X,X,X,X
ISTJLOZ,X,X,X,X,X
ISTJZLO,O,X,X,X,X
ISTJZOL,O,X,X,X,X
ISTJOLZ,X,X,X,X,X
ISTJOZL,X,X,X,X,X
ISTZLJO,O,X,X,X,X
ISTZLOJ,O,X,X,X,X
ISTZJLO,O,X,X,X,X
ISTZJOL,O,X,X,X,X
ISTZOLJ,O,X,X,X,X
ISTZOJL,O,X,X,X,X
ISTOLJZ,X,X,X,X,X
ISTOLZJ,X,X,X,X,X
ISTOJLZ,X,X,X,X,X
ISTOJZL,X,X,X,X,X
ISTOZLJ,X,X,X,X,X
ISTOZJL,X,X,X,X,X
ISLTJZO,O,X,X,X,X
ISLTJOZ,X,X,X,X,X
ISLTZJO,O,X,X,X,X
ISLTZOJ,O,X,X,X,X
ISLTOJZ,X,X,X,X,X
ISLTOZJ,X,X,X,X,X
ISLJTZO,X,X,X,X,X
ISLJTOZ,X,X,X,X,X
ISLJZTO,X,X,X,X,X
ISLJZOT,X,X,X,X,X
ISLJOTZ,X,X,X,X,X
ISLJOZT,X,X,X,X,X
ISLZTJO,O,X,X,X,X
ISLZTOJ,O,X,X,X,X
ISLZJTO,X,X,X,X,X
ISLZJOT,X,X,X,X,X
ISLZOTJ,O,X,X,X,X
ISLZOJT,X,X,X,X,X
ISLOTJZ,X,X,X,X,X
ISLOTZJ,X,X,X,X,X
ISLOJTZ,X,X,X,X,X
ISLOJZT,X,X,X,X,X
ISLOZTJ,X,X,X,X,X
ISLOZJT,X,X,X,X,X
ISJTLZO,X,X,X,X,X
ISJTLOZ,X,X,X,X,X
ISJTZLO,X,X,X,X,X
ISJTZOL,X,X,X,X,X
ISJTOLZ,X,X,X,X,X
ISJTOZL,X,X,X,X,X
ISJLTZO,X,X,X,X,X
ISJLTOZ,X,X,X,X,X
ISJLZTO,X,X,X,X,X
ISJLZOT,X,X,X,X,X
ISJLOTZ,X,X,X,X,X
ISJLOZT,X,X,X,X,X
ISJZTLO,X,X,X,X,X
ISJZTOL,X,X,X,X,X
ISJZLTO,X,X,X,X,X
ISJZLOT,X,X,X,X,X
ISJZOTL,X,X,X,X,X
ISJZOLT,X,X,X,X,X
ISJOTLZ,X,X,X,X,X
ISJOTZL,X,X,X,X,X
ISJOLTZ,X,X,X,X,X
ISJOLZT,X,X,X,X,X
ISJOZTL,X,X,X,X,X
ISJOZLT,X,X,X,X,X
ISZTLJO,O,X,X,X,X
ISZTLOJ,O,X,X,X,X
ISZTJLO,O,X,X,X,X
ISZTJOL,O,X,X,X,X
ISZTOLJ,O,X,X,X,X
ISZTOJL,O,X,X,X,X
ISZLTJO,O,X,X,X,X
ISZLTOJ,O,X,X,X,X
ISZLJTO,X,X,X,X,X
ISZLJOT,X,X,X,X,X
ISZLOTJ,O,X,X,X,X
ISZLOJT,X,X,X,X,X
ISZJTLO,O,X,X,X,X
ISZJTOL,O,X,X,X,X
ISZJLTO,X,X,X,X,X
ISZJLOT,X,X,X,X,X
ISZJOTL,O,X,X,X,X
ISZJOLT,X,X,X,X,X
ISZOTLJ,O,X,X,X,X
ISZOTJL,O,X,X,X,X
ISZOLTJ,O,X,X,X,X
ISZOLJT,X,X,X,X,X
ISZOJTL,O,X,X,X,X
ISZOJLT,X,X,X,X,X
ISOTLJZ,X,X,X,X,X
ISOTLZJ,X,X,X,X,X
ISOTJLZ,X,X,X,X,X
ISOTJZL,X,X,X,X,X
ISOTZLJ,X,X,X,X,X
ISOTZJL,X,X,X,X,X
ISOLTJZ,X,X,X,X,X
ISOLTZJ,X,X,X,X,X
ISOLJTZ,X,X,X,X,X
ISOLJZT,X,X,X,X,X
ISOLZTJ,X,X,X,X,X
ISOLZJT,X,X,X,X,X
ISOJTLZ,X,X,X,X,X
ISOJTZL,X,X,X,X,X
ISOJLTZ,X,X,X,X,X
ISOJLZT,X,X,X,X,X
ISOJZTL,X,X,X,X,X
ISOJZLT,X,X,X,X,X
ISOZTLJ,X,X,X,X,X
ISOZTJL,X,X,X,X,X
ISOZLTJ,X,X,X,X,X
ISOZLJT,X,X,X,X,X
ISOZJTL,X,X,X,X,X
ISOZJLT,X,X,X,X,X
IZTLJSO,X,X,X,X,X
IZTLJOS,X,X,O,X,X
IZTLSJO,X,X,X,X,X
IZTLSOJ,X,X,X,X,X
IZTLOJS,X,X,O,X,X
IZTLOSJ,X,X,X,X,X
IZTJLSO,X,X,X,X,X
IZTJLOS,X,X,O,X,X
IZTJSLO,O,X,X,X,X
IZTJSOL,O,X,X,X,X
IZTJOLS,X,X,O,X,X
IZTJOSL,O,X,X,X,X
IZTSLJO,O,X,X,X,X
IZTSLOJ,O,X,X,X,X
IZTSJLO,O,X,X,X,X
IZTSJOL,O,X,X,X,X
IZTSOLJ,O,X,X,X,X
IZTSOJL,O,X,X,X,X
IZTOLJS,X,X,O,X,X
IZTOLSJ,X,X,X,X,X
IZTOJLS,X,X,O,X,X
IZTOJSL,O,X,X,X,X
IZTOSLJ,O,X,X,X,X
IZTOSJL,O,X,X,X,X
IZLTJSO,X,X,X,X,X
IZLTJOS,X,X,O,X,X
IZLTSJO,X,X,X,X,X
IZLTSOJ,X,X,X,X,X
IZLTOJS,X,X,O,X,X
IZLTOSJ,X,X,X,X,X
IZLJTSO,X,X,X,X,X
IZLJTOS,X,X,O,X,X
IZLJSTO,X,X,X,X,X
IZLJSOT,X,X,X,X,X
IZLJOTS,X,X,X,X,X
IZLJOST,X,X,X,X,X
IZLSTJO,X,X,X,X,X
IZLSTOJ,X,X,X,X,X
IZLSJTO,X,X,X,X,X
IZLSJOT,X,X,X,X,X
IZLSOTJ,X,X,X,X,X
IZLSOJT,X,X,X,X,X
IZLOTJS,X,X,X,X,X
IZLOTSJ,X,X,X,X,X
IZLOJTS,X,X,X,X,X
IZLOJST,X,X,X,X,X
IZLOSTJ,X,X,X,X,X
IZLOSJT,X,X,X,X,X
IZJTLSO,X,X,X,X,X
IZJTLOS,X,X,O,X,X
IZJTSLO,O,X,X,X,X
IZJTSOL,O,X,X,X,X
IZJTOLS,X,X,O,X,X
IZJTOSL,O,X,X,X,X
IZJLTSO,X,X,X,X,X
IZJLTOS,X,X,O,X,X
IZJLSTO,X,X,X,X,X
IZJLSOT,X,X,X,X,X
IZJLOTS,X,X,X,X,X
IZJLOST,X,X,X,X,X
IZJSTLO,O,X,X,X,X
IZJSTOL,O,X,X,X,X
IZJSLTO,X,X,X,X,X
IZJSLOT,X,X,X,X,X
IZJSOTL,O,X,X,X,X
IZJSOLT,X,X,X,X,X
IZJOTLS,X,X,O,X,X
IZJOTSL,O,X,X,X,X
IZJOLTS,X,X,X,X,X
IZJOLST,X,X,X,X,X
IZJOSTL,O,X,X,X,X
IZJOSLT,X,X,X,X,X
IZSTLJO,O,X,X,X,X
IZSTLOJ,O,X,X,X,X
IZSTJLO,O,X,X,X,X
IZSTJOL,O,X,X,X,X
IZSTOLJ,O,X,X,X,X
IZSTOJL,O,X,X,X,X
IZSLTJO,O,X,X,X,X
IZSLTOJ,O,X,X,X,X
IZSLJTO,X,X,X,X,X
IZSLJOT,X,X,X,X,X
IZSLOTJ,O,X,X,X,X
IZSLOJT,X,X,X,X,X
IZSJTLO,O,X,X,X,X
IZSJTOL,O,X,X,X,X
IZSJLTO,X,X,X,X,X
IZSJLOT,X,X,X,X,X
IZSJOTL,O,X,X,X,X
IZSJOLT,X,X,X,X,X
IZSOTLJ,O,X,X,X,X
IZSOTJL,O,X,X,X,X
IZSOLTJ,O,X,X,X,X
IZSOLJT,X,X,X,X,X
IZSOJTL,O,X,X,X,X
IZSOJLT,X,X,X,X,X
IZOTLJS,X,X,O,X,X
IZOTLSJ,X,X,X,X,X
IZOTJLS,X,X,O,X,X
IZOTJSL,O,X,X,X,X
IZOTSLJ,O,X,X,X,X
IZOTSJL,O,X,X,X,X
IZOLTJS,X,X,X,X,X
IZOLTSJ,X,X,X,X,X
IZOLJTS,X,X,X,X,X
IZOLJST,X,X,X,X,X
IZOLSTJ,X,X,X,X,X
IZOLSJT,X,X,X,X,X
IZOJTLS,X,X,O,X,X
IZOJTSL,O,X,X,X,X
IZOJLTS,X,X,X,X,X
IZOJLST,X,X,X,X,X
IZOJSTL,O,X,X,X,X
IZOJSLT,X,X,X,X,X
IZOSTLJ,O,X,X,X,X
IZOSTJL,O,X,X,X,X
IZOSLTJ,O,X,X,X,X
IZOSLJT,X,X,X,X,X
IZOSJTL,O,X,X,X,X
IZOSJLT,X,X,X,X,X
IOTLJSZ,X,X,X,X,X
IOTLJZS,X,X,X,O,X
IOTLSJZ,X,X,X,X,X
IOTLSZJ,X,X,X,X,X
IOTLZJS,X,X,X,O,X
IOTLZSJ,X,X,X,X,X
IOTJLSZ,X,X,X,X,X
IOTJLZS,X,X,X,O,X
IOTJSLZ,X,X,X,X,X
IOTJSZL,X,X,X,X,X
IOTJZLS,X,X,X,O,X
IOTJZSL,X,X,X,X,X
IOTSLJZ,X,X,X,X,X
IOTSLZJ,X,X,X,X,X
IOTSJLZ,X,X,X,X,X
IOTSJZL,X,X,X,X,X
IOTSZLJ,X,X,X,X,X
IOTSZJL,X,X,X,X,X
IOTZLJS,X,X,X,O,X
IOTZLSJ,X,X,X,X,X
IOTZJLS,X,X,X,O,X
IOTZJSL,X,X,X,X,X
IOTZSLJ,X,X,X,X,X
IOTZSJL,X,X,X,X,X
IOLTJSZ,X,X,X,X,X
IOLTJZS,X,O,X,O,X
IOLTSJZ,X,X,X,X,X
IOLTSZJ,X,X,X,X,X
IOLTZJS,X,X,X,O,X
IOLTZSJ,X,X,X,X,X
IOLJTSZ,X,X,X,X,X
IOLJTZS,X,O,X,O,X
IOLJSTZ,X,X,X,X,X
IOLJSZT,X,X,X,X,X
IOLJZTS,X,O,X,X,X
IOLJZST,X,X,X,X,X
IOLSTJZ,X,X,X,X,X
IOLSTZJ,X,X,X,X,X
IOLSJTZ,X,X,X,X,X
IOLSJZT,X,X,X,X,X
IOLSZTJ,X,X,X,X,X
IOLSZJT,X,X,X,X,X
IOLZTJS,X,X,X,X,X
IOLZTSJ,X,X,X,X,X
IOLZJTS,X,X,X,X,X
IOLZJST,X,X,X,X,X
IOLZSTJ,X,X,X,X,X
IOLZSJT,X,X,X,X,X
IOJTLSZ,X,X,X,X,X
IOJTLZS,X,X,X,O,X
IOJTSLZ,X,X,X,X,X
IOJTSZL,X,X,X,X,X
IOJTZLS,X,X,X,O,X
IOJTZSL,X,X,X,X,X
IOJLTSZ,X,X,X,X,X
IOJLTZS,X,O,X,O,X
IOJLSTZ,X,X,X,X,X
IOJLSZT,X,X,X,X,X
IOJLZTS,X,O,X,X,X
IOJLZST,X,X,X,X,X
IOJSTLZ,X,X,X,X,X
IOJSTZL,X,X,X,X,X
IOJSLTZ,X,X,X,X,X
IOJSLZT,X,X,X,X,X
IOJSZTL,X,X,X,X,X
IOJSZLT,X,X,X,X,X
IOJZTLS,X,X,X,X,X
IOJZTSL,X,X,X,X,X
IOJZLTS,X,O,X,X,X
IOJZLST,X,X,X,X,X
IOJZSTL,X,X,X,X,X
IOJZSLT,X,X,X,X,X
IOSTLJZ,X,X,X,X,X
IOSTLZJ,X,X,X,X,X
IOSTJLZ,X,X,X,X,X
IOSTJZL,X,X,X,X,X
IOSTZLJ,X,X,X,X,X
IOSTZJL,X,X,X,X,X
IOSLTJZ,X,X,X,X,X
IOSLTZJ,X,X,X,X,X
IOSLJTZ,X,X,X,X,X
IOSLJZT,X,X,X,X,X
IOSLZTJ,X,X,X,X,X
IOSLZJT,X,X,X,X,X
IOSJTLZ,X,X,X,X,X
IOSJTZL,X,X,X,X,X
IOSJLTZ,X,X,X,X,X
IOSJLZT,X,X,X,X,X
IOSJZTL,X,X,X,X,X
IOSJZLT,X,X,X,X,X
IOSZTLJ,X,X,X,X,X
IOSZTJL,X,X,X,X,X
IOSZLTJ,X,X,X,X,X
IOSZLJT,X,X,X,X,X
IOSZJTL,X,X,X,X,X
IOSZJLT,X,X,X,X,X
IOZTLJS,X,X,X,X,X
IOZTLSJ,X,X,X,X,X
IOZTJLS,X,X,X,X,X
IOZTJSL,X,X,X,X,X
IOZTSLJ,X,X,X,X,X
IOZTSJL,X,X,X,X,X
IOZLTJS,X,X,X,X,X
IOZLTSJ,X,X,X,X,X
IOZLJTS,X,X,X,X,X
IOZLJST,X,X,X,X,X
IOZLSTJ,X,X,X,X,X
IOZLSJT,X,X,X,X,X
IOZJTLS,X,X,X,X,X
IOZJTSL,X,X,X,X,X
IOZJLTS,X,X,X,X,X
IOZJLST,X,X,X,X,X
IOZJSTL,X,X,X,X,X
IOZJSLT,X,X,X,X,X
IOZSTLJ,X,X,X,X,X
IOZSTJL,X,X,X,X,X
IOZSLTJ,X,X,X,X,X
IOZSLJT,X,X,X,X,X
IOZSJTL,X,X,X,X,X
IOZSJLT,X,X,X,X,X
LTIJSZO,X,X,X,X,X
LTIJSOZ,X,X,X,X,X
LTIJZSO,X,X,X,O,X
LTIJZOS,X,O,O,X,X
LTIJOSZ,X,X,X,X,X
LTIJOZS,X,O,X,X,X
LTISJZO,X,X,X,X,X
LTISJOZ,X,X,X,X,X
LTISZJO,X,X,X,X,X
LTISZOJ,X,X,X,X,X
LTISOJZ,X,X,X,X,X
LTISOZJ,X,X,X,X,X
LTIZJSO,X,X,X,O,X
LTIZJOS,X,X,O,X,X
LTIZSJO,X,X,X,X,X
LTIZSOJ,X,X,X,X,X
LTIZOJS,X,X,O,X,X
LTIZOSJ,X,X,X,X,X
LTIOJSZ,X,X,X,X,X
LTIOJZS,X,O,X,X,X
LTIOSJZ,X,X,X,X,X
LTIOSZJ,X,X,X,X,X
LTIOZJS,X,X,X,X,X
LTIOZSJ,X,X,X,X,X
LTJISZO,X,X,X,X,X
LTJISOZ,X,X,X,X,X
LTJIZSO,X,X,X,O,X
LTJIZOS,X,O,O,X,X
LTJIOSZ,X,X,X,X,X
LTJIOZS,X,O,X,X,X
LTJSIZO,X,X,X,X,X
LTJSIOZ,X,X,X,X,X
LTJSZIO,X,X,X,X,X
LTJSZOI,X,X,X,X,X
LTJSOIZ,X,X,X,X,X
LTJSOZI,X,X,X,X,X
LTJZISO,X,X,X,O,X
LTJZIOS,X,O,O,X,X
LTJZSIO,X,X,X,X,X
LTJZSOI,X,X,X,X,X
LTJZOIS,X,O,O,X,X
LTJZOSI,X,X,X,X,X
LTJOISZ,X,X,X,X,X
LTJOIZS,X,O,X,X,X
LTJOSIZ,X,X,X,X,X
LTJOSZI,X,X,X,X,X
LTJOZIS,X,O,X,X,X
LTJOZSI,X,X,X,X,X
LTSIJZO,X,X,X,X,X
LTSIJOZ,X,X,X,X,X
LTSIZJO,X,X,X,X,X
LTSIZOJ,X,X,X,X,X
LTSIOJZ,X,X,X,X,X
LTSIOZJ,X,X,X,X,X
LTSJIZO,X,X,X,X,X
LTSJIOZ,X,X,X,X,X
LTSJZIO,X,X,X,X,X
LTSJZOI,X,X,X,X,X
LTSJOIZ,X,X,X,X,X
LTSJOZI,X,X,X,X,X
LTSZIJO,X,X,X,X,X
LTSZIOJ,X,X,X,X,X
LTSZJIO,X,X,X,X,X
LTSZJOI,X,X,X,X,X
LTSZOIJ,X,X,X,X,O
LTSZOJI,X,X,X,X,O
LTSOIJZ,X,X,X,X,X
LTSOIZJ,X,X,X,X,O
LTSOJIZ,X,X,X,X,X
LTSOJZI,X,X,X,X,X
LTSOZIJ,X,X,X,X,O
LTSOZJI,X,X,X,X,O
LTZIJSO,X,X,X,O,X
LTZIJOS,X,X,O,X,X
LTZISJO,X,X,X,X,X
LTZISOJ,X,X,X,X,X
LTZIOJS,X,X,O,X,X
LTZIOSJ,X,X,X,X,X
LTZJISO,X,X,X,O,X
LTZJIOS,X,X,O,X,X
LTZJSIO,X,X,X,X,X
LTZJSOI,X,X,X,X,X
LTZJOIS,X,X,O,X,X
LTZJOSI,X,X,X,X,X
LTZSIJO,X,X,X,X,X
LTZSIOJ,X,X,X,X,X
LTZSJIO,X,X,X,X,X
LTZSJOI,X,X,X,X,X
LTZSOIJ,X,X,X,X,X
LTZSOJI,X,X,X,X,X
LTZOIJS,X,X,O,X,X
LTZOISJ,X,X,X,X,X
LTZOJIS,X,X,O,X,X
LTZOJSI,X,X,X,X,X
LTZOSIJ,X,X,X,X,X
LTZOSJI,X,X,X,X,X
LTOIJSZ,X,X,X,X,X
LTOIJZS,X,O,X,X,X
LTOISJZ,X,X,X,X,X
LTOISZJ,X,X,X,X,O
LTOIZJS,X,X,X,X,X
LTOIZSJ,X,X,X,X,X
LTOJISZ,X,X,X,X,X
LTOJIZS,X,O,X,X,X
LTOJSIZ,X,X,X,X,X
LTOJSZI,X,X,X,X,X
LTOJZIS,X,O,X,X,X
LTOJZSI,X,X,X,X,X
LTOSIJZ,X,X,X,X,X
LTOSIZJ,X,X,X,X,O
LTOSJIZ,X,X,X,X,X
LTOSJZI,X,X,X,X,X
LTOSZIJ,X,X,X,X,O
LTOSZJI,X,X,X,X,O
LTOZIJS,X,X,X,X,X
LTOZISJ,X,X,X,X,X
LTOZJIS,X,X,X,X,X
LTOZJSI,X,X,X,X,X
LTOZSIJ,X,X,X,X,X
LTOZSJI,X,X,X,X,X
LITJSZO,X,X,X,X,X
LITJSOZ,X,X,X,X,X
LITJZSO,X,X,X,O,X
LITJZOS,X,O,O,X,X
LITJOSZ,X,X,X,X,X
LITJOZS,X,O,X,X,X
LITSJZO,X,X,X,X,X
LITSJOZ,X,X,X,X,X
LITSZJO,X,X,X,X,X
LITSZOJ,X,X,X,X,X
LITSOJZ,X,X,X,X,X
LITSOZJ,X,X,X,X,X
LITZJSO,X,X,X,O,X
LITZJOS,X,X,O,X,X
LITZSJO,X,X,X,X,X
LITZSOJ,X,X,X,X,X
LITZOJS,X,X,O,X,X
LITZOSJ,X,X,X,X,X
LITOJSZ,X,X,X,X,X
LITOJZS,X,O,X,X,X
LITOSJZ,X,X,X,X,X
LITOSZJ,X,X,X,X,X
LITOZJS,X,X,X,X,X
LITOZSJ,X,X,X,X,X
LIJTSZO,X,X,X,X,X
LIJTSOZ,X,X,X,X,X
LIJTZSO,X,X,X,O,X
LIJTZOS,X,O,O,X,X
LIJTOSZ,X,X,X,X,X
LIJTOZS,X,O,X,X,X
LIJSTZO,X,X,X,X,X
LIJSTOZ,X,X,X,X,X
LIJSZTO,X,X,X,X,X
LIJSZOT,X,X,X,X,X
LIJSOTZ,X,X,X,X,X
LIJSOZT,X,X,X,X,X
LIJZTSO,X,X,X,X,X
LIJZTOS,X,O,O,X,X
LIJZSTO,X,X,X,X,X
LIJZSOT,X,X,X,X,X
LIJZOTS,X,O,X,X,X
LIJZOST,X,X,X,X,X
LIJOTSZ,X,X,X,X,X
LIJOTZS,X,O,X,O,X
LIJOSTZ,X,X,X,X,X
LIJOSZT,X,X,X,X,X
LIJOZTS,X,O,X,X,X
LIJOZST,X,X,X,X,X
LISTJZO,X,X,X,X,X
LISTJOZ,X,X,X,X,X
LISTZJO,X,X,X,X,X
LISTZOJ,X,X,X,X,X
LISTOJZ,X,X,X,X,X
LISTOZJ,X,X,X,X,X
LISJTZO,X,X,X,X,X
LISJTOZ,X,X,X,X,X
LISJZTO,X,X,X,X,X
LISJZOT,X,X,X,X,X
LISJOTZ,X,X,X,X,X
LISJOZT,X,X,X,X,X
LISZTJO,X,X,X,X,X
LISZTOJ,X,X,X,X,X
LISZJTO,X,X,X,X,X
LISZJOT,X,X,X,X,X
LISZOTJ,X,X,X,X,X
LISZOJT,X,X,X,X,X
LISOTJZ,X,X,X,X,X
LISOTZJ,X,X,X,X,X
LISOJTZ,X,X,X,X,X
LISOJZT,X,X,X,X,X
LISOZTJ,X,X,X,X,X
LISOZJT,X,X,X,X,X
LIZTJSO,X,X,X,X,X
LIZTJOS,X,X,O,X,X
LIZTSJO,X,X,X,X,X
LIZTSOJ,X,X,X,X,X
LIZTOJS,X,X,O,X,X
LIZTOSJ,X,X,X,X,X
LIZJTSO,X,X,X,X,X
LIZJTOS,X,X,O,X,X
LIZJSTO,X,X,X,X,X
LIZJSOT,X,X,X,X,X
LIZJOTS,X,X,X,X,X
LIZJOST,X,X,X,X,X
LIZSTJO,X,X,X,X,X
LIZSTOJ,X,X,X,X,X
LIZSJTO,X,X,X,X,X
LIZSJOT,X,X,X,X,X
LIZSOTJ,X,X,X,X,X
LIZSOJT,X,X,X,X,X
LIZOTJS,X,X,X,X,X
LIZOTSJ,X,X,X,X,X
LIZOJTS,X,X,X,X,X
LIZOJST,X,X,X,X,X
LIZOSTJ,X,X,X,X,X
LIZOSJT,X,X,X,X,X
LIOTJSZ,X,X,X,X,X
LIOTJZS,X,O,X,O,X
LIOTSJZ,X,X,X,X,X
LIOTSZJ,X,X,X,X,X
LIOTZJS,X,X,X,O,X
LIOTZSJ,X,X,X,X,X
LIOJTSZ,X,X,X,X,X
LIOJTZS,X,O,X,O,X
LIOJSTZ,X,X,X,X,X
LIOJSZT,X,X,X,X,X
LIOJZTS,X,O,X,X,X
LIOJZST,X,X,X,X,X
LIOSTJZ,X,X,X,X,X
LIOSTZJ,X,X,X,X,X
LIOSJTZ,X,X,X,X,X
LIOSJZT,X,X,X,X,X
LIOSZTJ,X,X,X,X,X
LIOSZJT,X,X,X,X,X
LIOZTJS,X,X,X,X,X
LIOZTSJ,X,X,X,X,X
LIOZJTS,X,X,X,X,X
LIOZJST,X,X,X,X,X
LIOZSTJ,X,X,X,X,X
LIOZSJT,X,X,X,X,X
LJTISZO,X,X,X,X,X
LJTISOZ,X,X,X,X,X
LJTIZSO,X,X,X,O,X
LJTIZOS,X,O,O,X,X
LJTIOSZ,X,X,X,X,X
LJTIOZS,X,O,X,X,X
LJTSIZO,X,X,X,X,X
LJTSIOZ,X,X,X,X,X
LJTSZIO,X,X,X,X,X
LJTSZOI,X,X,X,X,X
LJTSOIZ,X,X,X,X,X
LJTSOZI,X,X,X,X,X
LJTZISO,X,X,X,O,X
LJTZIOS,X,O,O,X,X
LJTZSIO,X,X,X,X,X
LJTZSOI,X,X,X,X,X
LJTZOIS,X,O,O,X,X
LJTZOSI,X,X,X,X,X
LJTOISZ,X,X,X,X,X
LJTOIZS,X,O,X,X,X
LJTOSIZ,X,X,X,X,X
LJTOSZI,X,X,X,X,X
LJTOZIS,X,O,X,X,X
LJTOZSI,X,X,X,X,X
LJITSZO,X,X,X,X,X
LJITSOZ,X,X,X,X,X
LJITZSO,X,X,X,O,X
LJITZOS,X,O,O,X,X
LJITOSZ,X,X,X,X,X
LJITOZS,X,O,X,X,X
LJISTZO,X,X,X,X,X
LJISTOZ,X,X,X,X,X
LJISZTO,X,X,X,X,X
LJISZOT,X,X,X,X,X
LJISOTZ,X,X,X,X,X
LJISOZT,X,X,X,X,X
LJIZTSO,X,X,X,X,X
LJIZTOS,X,O,O,X,X
LJIZSTO,X,X,X,X,X
LJIZSOT,X,X,X,X,X
LJIZOTS,X,O,X,X,X
LJIZOST,X,X,X,X,X
LJIOTSZ,X,X,X,X,X
LJIOTZS,X,O,X,O,X
LJIOSTZ,X,X,X,X,X
LJIOSZT,X,X,X,X,X
LJIOZTS,X,O,X,X,X
LJIOZST,X,X,X,X,X
LJSTIZO,X,X,X,X,X
LJSTIOZ,X,X,X,X,X
LJSTZIO,X,X,X,X,X
LJSTZOI,X,X,X,X,X
LJSTOIZ,X,X,X,X,X
LJSTOZI,X,X,X,X,X
LJSITZO,X,X,X,X,X
LJSITOZ,X,X,X,X,X
LJSIZTO,X,X,X,X,X
LJSIZOT,X,X,X,X,X
LJSIOTZ,X,X,X,X,X
LJSIOZT,X,X,X,X,X
LJSZTIO,X,X,X,X,X
LJSZTOI,X,X,X,X,X
LJSZITO,X,X,X,X,X
LJSZIOT,X,X,X,X,X
LJSZOTI,X,X,X,X,X
LJSZOIT,X,X,X,X,X
LJSOTIZ,X,X,X,X,X
LJSOTZI,X,X,X,X,X
LJSOITZ,X,X,X,X,X
LJSOIZT,X,X,X,X,X
LJSOZTI,X,X,X,X,X
LJSOZIT,X,X,X,X,X
LJZTISO,X,X,X,X,X
LJZTIOS,X,O,O,X,X
LJZTSIO,X,X,X,X,X
LJZTSOI,X,X,X,X,X
LJZTOIS,X,O,O,X,X
LJZTOSI,X,X,X,X,X
LJZITSO,X,X,X,X,X
LJZITOS,X,O,O,X,X
LJZISTO,X,X,X,X,X
LJZISOT,X,X,X,X,X
LJZIOTS,X,O,X,X,X
LJZIOST,X,X,X,X,X
LJZSTIO,X,X,X,X,X
LJZSTOI,X,X,X,X,X
LJZSITO,X,X,X,X,X
LJZSIOT,X,X,X,X,X
LJZSOTI,X,X,X,X,X
LJZSOIT,X,X,X,X,X
LJZOTIS,X,O,X,X,X
LJZOTSI,X,X,X,X,X
LJZOITS,X,O,X,X,X
LJZOIST,X,X,X,X,X
LJZOSTI,X,X,X,X,X
LJZOSIT,X,X,X,X,X
LJOTISZ,X,X,X,X,X
LJOTIZS,X,O,X,O,X
LJOTSIZ,X,X,X,X,X
LJOTSZI,X,X,X,X,X
LJOTZIS,X,O,X,O,X
LJOTZSI,X,X,X,X,X
LJOITSZ,X,X,X,X,X
LJOITZS,X,O,X,O,X
LJOISTZ,X,X,X,X,X
LJOISZT,X,X,X,X,X
LJOIZTS,X,O,X,X,X
LJOIZST,X,X,X,X,X
LJOSTIZ,X,X,X,X,X
LJOSTZI,X,X,X,X,X
LJOSITZ,X,X,X,X,X
LJOSIZT,X,X,X,X,X
LJOSZTI,X,X,X,X,X
LJOSZIT,X,X,X,X,X
LJOZTIS,X,O,X,X,X
LJOZTSI,X,X,X,X,X
LJOZITS,X,O,X,X,X
LJOZIST,X,X,X,X,X
LJOZSTI,X,X,X,X,X
LJOZSIT,X,X,X,X,X
LSTIJZO,X,X,X,X,X
LSTIJOZ,X,X,X,X,X
LSTIZJO,X,X,X,X,X
LSTIZOJ,X,X,X,X,X
LSTIOJZ,X,X,X,X,X
LSTIOZJ,X,X,X,X,X
LSTJIZO,X,X,X,X,X
LSTJIOZ,X,X,X,X,X
LSTJZIO,X,X,X,X,X
LSTJZOI,X,X,X,X,X
LSTJOIZ,X,X,X,X,X
LSTJOZI,X,X,X,X,X
LSTZIJO,X,X,X,X,X
LSTZIOJ,X,X,X,X,X
LSTZJIO,X,X,X,X,X
LSTZJOI,X,X,X,X,X
LSTZOIJ,X,X,X,X,O
LSTZOJI,X,X,X,X,O
LSTOIJZ,X,X,X,X,X
LSTOIZJ,X,X,X,X,O
LSTOJIZ,X,X,X,X,X
LSTOJZI,X,X,X,X,X
LSTOZIJ,X,X,X,X,O
LSTOZJI,X,X,X,X,O
LSITJZO,X,X,X,X,X
LSITJOZ,X,X,X,X,X
LSITZJO,X,X,X,X,X
LSITZOJ,X,X,X,X,X
LSITOJZ,X,X,X,X,X
LSITOZJ,X,X,X,X,X
LSIJTZO,X,X,X,X,X
LSIJTOZ,X,X,X,X,X
LSIJZTO,X,X,X,X,X
LSIJZOT,X,X,X,X,X
LSIJOTZ,X,X,X,X,X
LSIJOZT,X,X,X,X,X
LSIZTJO,X,X,X,X,X
LSIZTOJ,X,X,X,X,X
LSIZJTO,X,X,X,X,X
LSIZJOT,X,X,X,X,X
LSIZOTJ,X,X,X,X,X
LSIZOJT,X,X,X,X,X
LSIOTJZ,X,X,X,X,X
LSIOTZJ,X,X,X,X,X
LSIOJTZ,X,X,X,X,X
LSIOJZT,X,X,X,X,X
LSIOZTJ,X,X,X,X,X
LSIOZJT,X,X,X,X,X
LSJTIZO,X,X,X,X,X
LSJTIOZ,X,X,X,X,X
LSJTZIO,X,X,X,X,X
LSJTZOI,X,X,X,X,X
LSJTOIZ,X,X,X,X,X
LSJTOZI,X,X,X,X,X
LSJITZO,X,X,X,X,X
LSJITOZ,X,X,X,X,X
LSJIZTO,X,X,X,X,X
LSJIZOT,X,X,X,X,X
LSJIOTZ,X,X,X,X,X
LSJIOZT,X,X,X,X,X
LSJZTIO,X,X,X,X,X
LSJZTOI,X,X,X,X,X
LSJZITO,X,X,X,X,X
LSJZIOT,X,X,X,X,X
LSJZOTI,X,X,X,X,X
LSJZOIT,X,X,X,X,X
LSJOTIZ,X,X,X,X,X
LSJOTZI,X,X,X,X,X
LSJOITZ,X,X,X,X,X
LSJOIZT,X,X,X,X,X
LSJOZTI,X,X,X,X,X
LSJOZIT,X,X,X,X,X
LSZTIJO,X,X,X,X,X
LSZTIOJ,X,X,X,X,X
LSZTJIO,X,X,X,X,X
LSZTJOI,X,X,X,X,X
LSZTOIJ,X,X,X,X,O
LSZTOJI,X,X,X,X,O
LSZITJO,X,X,X,X,X
LSZITOJ,X,X,X,X,X
LSZIJTO,X,X,X,X,X
LSZIJOT,X,X,X,X,X
LSZIOTJ,X,X,X,X,X
LSZIOJT,X,X,X,X,X
LSZJTIO,X,X,X,X,X
LSZJTOI,X,X,X,X,X
LSZJITO,X,X,X,X,X
LSZJIOT,X,X,X,X,X
LSZJOTI,X,X,X,X,X
LSZJOIT,X,X,X,X,X
LSZOTIJ,X,X,X,X,O
LSZOTJI,X,X,X,X,O
LSZOITJ,X,X,X,X,O
LSZOIJT,X,X,X,X,X
LSZOJTI,X,X,X,X,X
LSZOJIT,X,X,X,X,X
LSOTIJZ,X,X,X,X,X
LSOTIZJ,X,X,X,X,O
LSOTJIZ,X,X,X,X,X
LSOTJZI,X,X,X,X,X
LSOTZIJ,X,X,X,X,O
LSOTZJI,X,X,X,X,O
LSOITJZ,X,X,X,X,X
LSOITZJ,X,X,X,X,O
LSOIJTZ,X,X,X,X,X
LSOIJZT,X,X,X,X,X
LSOIZTJ,X,X,X,X,O
LSOIZJT,X,X,X,X,X
LSOJTIZ,X,X,X,X,X
LSOJTZI,X,X,X,X,X
LSOJITZ,X,X,X,X,X
LSOJIZT,X,X,X,X,X
LSOJZTI,X,X,X,X,X
LSOJZIT,X,X,X,X,X
LSOZTIJ,X,X,X,X,O
LSOZTJI,X,X,X,X,O
LSOZITJ,X,X,X,X,O
LSOZIJT,X,X,X,X,X
LSOZJTI,X,X,X,X,X
LSOZJIT,X,X,X,X,X
LZTIJSO,X,X,X,X,X
LZTIJOS,X,X,O,X,X
LZTISJO,X,X,X,X,X
LZTISOJ,X,X,X,X,X
LZTIOJS,X,X,O,X,X
LZTIOSJ,X,X,X,X,X
LZTJISO,X,X,X,X,X
LZTJIOS,X,X,O,X,X
LZTJSIO,X,X,X,X,X
LZTJSOI,X,X,X,X,X
LZTJOIS,X,X,O,X,X
LZTJOSI,X,X,X,X,X
LZTSIJO,X,X,X,X,X
LZTSIOJ,X,X,X,X,X
LZTSJIO,X,X,X,X,X
LZTSJOI,X,X,X,X,X
LZTSOIJ,X,X,X,X,X
LZTSOJI,X,X,X,X,X
LZTOIJS,X,X,O,X,X
LZTOISJ,X,X,X,X,X
LZTOJIS,X,X,O,X,X
LZTOJSI,X,X,X,X,X
LZTOSIJ,X,X,X,X,X
LZTOSJI,X,X,X,X,X
LZITJSO,X,X,X,X,X
LZITJOS,X,X,O,X,X
LZITSJO,X,X,X,X,X
LZITSOJ,X,X,X,X,X
LZITOJS,X,X,O,X,X
LZITOSJ,X,X,X,X,X
LZIJTSO,X,X,X,X,X
LZIJTOS,X,X,O,X,X
LZIJSTO,X,X,X,X,X
LZIJSOT,X,X,X,X,X
LZIJOTS,X,X,X,X,X
LZIJOST,X,X,X,X,X
LZISTJO,X,X,X,X,X
LZISTOJ,X,X,X,X,X
LZISJTO,X,X,X,X,X
LZISJOT,X,X,X,X,X
LZISOTJ,X,X,X,X,X
LZISOJT,X,X,X,X,X
LZIOTJS,X,X,X,X,X
LZIOTSJ,X,X,X,X,X
LZIOJTS,X,X,X,X,X
LZIOJST,X,X,X,X,X
LZIOSTJ,X,X,X,X,X
LZIOSJT,X,X,X,X,X
LZJTISO,X,X,X,X,X
LZJTIOS,X,X,O,X,X
LZJTSIO,X,X,X,X,X
LZJTSOI,X,X,X,X,X
LZJTOIS,X,X,O,X,X
LZJTOSI,X,X,X,X,X
LZJITSO,X,X,X,X,X
LZJITOS,X,X,O,X,X
LZJISTO,X,X,X,X,X
LZJISOT,X,X,X,X,X
LZJIOTS,X,X,X,X,X
LZJIOST,X,X,X,X,X
LZJSTIO,X,X,X,X,X
LZJSTOI,X,X,X,X,X
LZJSITO,X,X,X,X,X
LZJSIOT,X,X,X,X,X
LZJSOTI,X,X,X,X,X
LZJSOIT,X,X,X,X,X
LZJOTIS,X,X,X,X,X
LZJOTSI,X,X,X,X,X
LZJOITS,X,X,X,X,X
LZJOIST,X,X,X,X,X
LZJOSTI,X,X,X,X,X
LZJOSIT,X,X,X,X,X
LZSTIJO,X,X,X,X,X
LZSTIOJ,X,X,X,X,X
LZSTJIO,X,X,X,X,X
LZSTJOI,X,X,X,X,X
LZSTOIJ,X,X,X,X,X
LZSTOJI,X,X,X,X,X
LZSITJO,X,X,X,X,X
LZSITOJ,X,X,X,X,X
LZSIJTO,X,X,X,X,X
LZSIJOT,X,X,X,X,X
LZSIOTJ,X,X,X,X,X
LZSIOJT,X,X,X,X,X
LZSJTIO,X,X,X,X,X
LZSJTOI,X,X,X,X,X
LZSJITO,X,X,X,X,X
LZSJIOT,X,X,X,X,X
LZSJOTI,X,X,X,X,X
LZSJOIT,X,X,X,X,X
LZSOTIJ,X,X,X,X,X
LZSOTJI,X,X,X,X,X
LZSOITJ,X,X,X,X,X
LZSOIJT,X,X,X,X,X
LZSOJTI,X,X,X,X,X
LZSOJIT,X,X,X,X,X
LZOTIJS,X,X,X,X,X
LZOTISJ,X,X,X,X,X
LZOTJIS,X,X,X,X,X
LZOTJSI,X,X,X,X,X
LZOTSIJ,X,X,X,X,X
LZOTSJI,X,X,X,X,X
LZOITJS,X,X,X,X,X
LZOITSJ,X,X,X,X,X
LZOIJTS,X,X,X,X,X
LZOIJST,X,X,X,X,X
LZOISTJ,X,X,X,X,X
LZOISJT,X,X,X,X,X
LZOJTIS,X,X,X,X,X
LZOJTSI,X,X,X,X,X
LZOJITS,X,X,X,X,X
LZOJIST,X,X,X,X,X
LZOJSTI,X,X,X,X,X
LZOJSIT,X,X,X,X,X
LZOSTIJ,X,X,X,X,X
LZOSTJI,X,X,X,X,X
LZOSITJ,X,X,X,X,X
LZOSIJT,X,X,X,X,X
LZOSJTI,X,X,X,X,X
LZOSJIT,X,X,X,X,X
LOTIJSZ,X,X,X,X,X
LOTIJZS,X,O,X,O,X
LOTISJZ,X,X,X,X,X
LOTISZJ,X,X,X,X,O
LOTIZJS,X,X,X,O,X
LOTIZSJ,X,X,X,X,X
LOTJISZ,X,X,X,X,X
LOTJIZS,X,O,X,O,X
LOTJSIZ,X,X,X,X,X
LOTJSZI,X,X,X,X,X
LOTJZIS,X,O,X,O,X
LOTJZSI,X,X,X,X,X
LOTSIJZ,X,X,X,X,X
LOTSIZJ,X,X,X,X,O
LOTSJIZ,X,X,X,X,X
LOTSJZI,X,X,X,X,X
LOTSZIJ,X,X,X,X,O
LOTSZJI,X,X,X,X,O
LOTZIJS,X,X,X,O,X
LOTZISJ,X,X,X,X,X
LOTZJIS,X,X,X,O,X
LOTZJSI,X,X,X,X,X
LOTZSIJ,X,X,X,X,X
LOTZSJI,X,X,X,X,X
LOITJSZ,X,X,X,X,X
LOITJZS,X,O,X,O,X
LOITSJZ,X,X,X,X,X
LOITSZJ,X,X,X,X,O
LOITZJS,X,X,X,O,X
LOITZSJ,X,X,X,X,X
LOIJTSZ,X,X,X,X,X
LOIJTZS,X,O,X,O,X
LOIJSTZ,X,X,X,X,X
LOIJSZT,X,X,X,X,X
LOIJZTS,X,O,X,X,X
LOIJZST,X,X,X,X,X
LOISTJZ,X,X,X,X,X
LOISTZJ,X,X,X,X,O
LOISJTZ,X,X,X,X,X
LOISJZT,X,X,X,X,X
LOISZTJ,X,X,X,X,O
LOISZJT,X,X,X,X,X
LOIZTJS,X,X,X,X,X
LOIZTSJ,X,X,X,X,X
LOIZJTS,X,X,X,X,X
LOIZJST,X,X,X,X,X
LOIZSTJ,X,X,X,X,X
LOIZSJT,X,X,X,X,X
LOJTISZ,X,X,X,X,X
LOJTIZS,X,O,X,O,X
LOJTSIZ,X,X,X,X,X
LOJTSZI,X,X,X,X,X
LOJTZIS,X,O,X,O,X
LOJTZSI,X,X,X,X,X
LOJITSZ,X,X,X,X,X
LOJITZS,X,O,X,O,X
LOJISTZ,X,X,X,X,X
LOJISZT,X,X,X,X,X
LOJIZTS,X,O,X,X,X
LOJIZST,X,X,X,X,X
LOJSTIZ,X,X,X,X,X
LOJSTZI,X,X,X,X,X
LOJSITZ,X,X,X,X,X
LOJSIZT,X,X,X,X,X
LOJSZTI,X,X,X,X,X
LOJSZIT,X,X,X,X,X
LOJZTIS,X,O,X,X,X
LOJZTSI,X,X,X,X,X
LOJZITS,X,O,X,X,X
LOJZIST,X,X,X,X,X
LOJZSTI,X,X,X,X,X
LOJZSIT,X,X,X,X,X
LOSTIJZ,X,X,X,X,X
LOSTIZJ,X,X,X,X,O
LOSTJIZ,X,X,X,X,X
LOSTJZI,X,X,X,X,X
LOSTZIJ,X,X,X,X,O
LOSTZJI,X,X,X,X,O
LOSITJZ,X,X,X,X,X
LOSITZJ,X,X,X,X,O
LOSIJTZ,X,X,X,X,X
LOSIJZT,X,X,X,X,X
LOSIZTJ,X,X,X,X,O
LOSIZJT,X,X,X,X,X
LOSJTIZ,X,X,X,X,X
LOSJTZI,X,X,X,X,X
LOSJITZ,X,X,X,X,X
LOSJIZT,X,X,X,X,X
LOSJZTI,X,X,X,X,X
LOSJZIT,X,X,X,X,X
LOSZTIJ,X,X,X,X,O
LOSZTJI,X,X,X,X,O
LOSZITJ,X,X,X,X,O
LOSZIJT,X,X,X,X,X
LOSZJTI,X,X,X,X,X
LOSZJIT,X,X,X,X,X
LOZTIJS,X,X,X,X,X
LOZTISJ,X,X,X,X,X
LOZTJIS,X,X,X,X,X
LOZTJSI,X,X,X,X,X
LOZTSIJ,X,X,X,X,X
LOZTSJI,X,X,X,X,X
LOZITJS,X,X,X,X,X
LOZITSJ,X,X,X,X,X
LOZIJTS,X,X,X,X,X
LOZIJST,X,X,X,X,X
LOZISTJ,X,X,X,X,X
LOZISJT,X,X,X,X,X
LOZJTIS,X,X,X,X,X
LOZJTSI,X,X,X,X,X
LOZJITS,X,X,X,X,X
LOZJIST,X,X,X,X,X
LOZJSTI,X,X,X,X,X
LOZJSIT,X,X,X,X,X
LOZSTIJ,X,X,X,X,X
LOZSTJI,X,X,X,X,X
LOZSITJ,X,X,X,X,X
LOZSIJT,X,X,X,X,X
LOZSJTI,X,X,X,X,X
LOZSJIT,X,X,X,X,X
JTILSZO,X,X,X,X,X
JTILSOZ,X,X,X,X,X
JTILZSO,X,X,X,O,X
JTILZOS,X,O,O,X,X
JTILOSZ,X,X,X,X,X
JTILOZS,X,O,X,X,X
JTISLZO,X,X,X,X,X
JTISLOZ,X,X,X,X,X
JTISZLO,X,X,X,X,X
JTISZOL,X,X,X,X,X
JTISOLZ,X,X,X,X,X
JTISOZL,X,X,X,X,X
JTIZLSO,X,X,X,O,X
JTIZLOS,X,O,O,X,X
JTIZSLO,X,X,X,X,X
JTIZSOL,X,X,X,X,X
JTIZOLS,X,X,O,X,X
JTIZOSL,X,X,X,X,X
JTIOLSZ,X,X,X,X,X
JTIOLZS,X,X,X,X,X
JTIOSLZ,X,X,X,X,X
JTIOSZL,X,X,X,X,X
JTIOZLS,X,X,X,X,X
JTIOZSL,X,X,X,X,X
JTLISZO,X,X,X,X,X
JTLISOZ,X,X,X,X,X
JTLIZSO,X,X,X,O,X
JTLIZOS,X,O,O,X,X
JTLIOSZ,X,X,X,X,X
JTLIOZS,X,O,X,X,X
JTLSIZO,X,X,X,X,X
JTLSIOZ,X,X,X,X,X
JTLSZIO,X,X,X,X,X
JTLSZOI,X,X,X,X,X
JTLSOIZ,X,X,X,X,X
JTLSOZI,X,X,X,X,X
JTLZISO,X,X,X,O,X
JTLZIOS,X,O,O,X,X
JTLZSIO,X,X,X,X,X
JTLZSOI,X,X,X,X,X
JTLZOIS,X,O,O,X,X
JTLZOSI,X,X,X,X,X
JTLOISZ,X,X,X,X,X
JTLOIZS,X,O,X,X,X
JTLOSIZ,X,X,X,X,X
JTLOSZI,X,X,X,X,X
JTLOZIS,X,O,X,X,X
JTLOZSI,X,X,X,X,X
JTSILZO,X,X,X,X,X
JTSILOZ,X,X,X,X,X
JTSIZLO,X,X,X,X,X
JTSIZOL,X,X,X,X,X
JTSIOLZ,X,X,X,X,X
JTSIOZL,X,X,X,X,X
JTSLIZO,X,X,X,X,X
JTSLIOZ,X,X,X,X,X
JTSLZIO,X,X,X,X,X
JTSLZOI,X,X,X,X,X
JTSLOIZ,X,X,X,X,X
JTSLOZI,X,X,X,X,X
JTSZILO,X,X,X,X,X
JTSZIOL,X,X,X,X,X
JTSZLIO,X,X,X,X,X
JTSZLOI,X,X,X,X,X
JTSZOIL,X,X,X,X,X
JTSZOLI,X,X,X,X,X
JTSOILZ,X,X,X,X,X
JTSOIZL,X,X,X,X,X
JTSOLIZ,X,X,X,X,X
JTSOLZI,X,X,X,X,X
JTSOZIL,X,X,X,X,X
JTSOZLI,X,X,X,X,X
JTZILSO,X,X,X,O,X
JTZILOS,X,O,O,X,X
JTZISLO,X,X,X,X,X
JTZISOL,X,X,X,X,X
JTZIOLS,X,X,O,X,X
JTZIOSL,X,X,X,X,X
JTZLISO,X,X,X,O,X
JTZLIOS,X,O,O,X,X
JTZLSIO,X,X,X,X,X
JTZLSOI,X,X,X,X,X
JTZLOIS,X,O,O,X,X
JTZLOSI,X,X,X,X,X
JTZSILO,X,X,X,X,X
JTZSIOL,X,X,X,X,X
JTZSLIO,X,X,X,X,X
JTZSLOI,X,X,X,X,X
JTZSOIL,X,X,X,X,X
JTZSOLI,X,X,X,X,X
JTZOILS,X,X,O,X,X
JTZOISL,X,X,X,X,X
JTZOLIS,X,X,O,X,X
JTZOLSI,X,X,X,X,X
JTZOSIL,X,X,X,X,X
JTZOSLI,X,X,X,X,X
JTOILSZ,X,X,X,X,X
JTOILZS,X,X,X,X,X
JTOISLZ,X,X,X,X,X
JTOISZL,X,X,X,X,X
JTOIZLS,X,X,X,X,X
JTOIZSL,X,X,X,X,X
JTOLISZ,X,X,X,X,X
JTOLIZS,X,X,X,X,X
JTOLSIZ,X,X,X,X,X
JTOLSZI,X,X,X,X,X
JTOLZIS,X,X,X,X,X
JTOLZSI,X,X,X,X,X
JTOSILZ,X,X,X,X,X
JTOSIZL,X,X,X,X,X
JTOSLIZ,X,X,X,X,X
JTOSLZI,X,X,X,X,X
JTOSZIL,X,X,X,X,X
JTOSZLI,X,X,X,X,X
JTOZILS,X,X,X,X,X
JTOZISL,X,X,X,X,X
JTOZLIS,X,X,X,X,X
JTOZLSI,X,X,X,X,X
JTOZSIL,X,X,X,X,X
JTOZSLI,X,X,X,X,X
JITLSZO,X,X,X,X,X
JITLSOZ,X,X,X,X,X
JITLZSO,X,X,X,O,X
JITLZOS,X,O,O,X,X
JITLOSZ,X,X,X,X,X
JITLOZS,X,O,X,X,X
JITSLZO,X,X,X,X,X
JITSLOZ,X,X,X,X,X
JITSZLO,X,X,X,X,X
JITSZOL,X,X,X,X,X
JITSOLZ,X,X,X,X,X
JITSOZL,X,X,X,X,X
JITZLSO,X,X,X,O,X
JITZLOS,X,O,O,X,X
JITZSLO,X,X,X,X,X
JITZSOL,X,X,X,X,X
JITZOLS,X,X,O,X,X
JITZOSL,X,X,X,X,X
JITOLSZ,X,X,X,X,X
JITOLZS,X,X,X,X,X
JITOSLZ,X,X,X,X,X
JITOSZL,X,X,X,X,X
JITOZLS,X,X,X,X,X
JITOZSL,X,X,X,X,X
JILTSZO,X,X,X,X,X
JILTSOZ,X,X,X,X,X
JILTZSO,X,X,X,O,X
JILTZOS,X,O,O,X,X
JILTOSZ,X,X,X,X,X
JILTOZS,X,O,X,X,X
JILSTZO,X,X,X,X,X
JILSTOZ,X,X,X,X,X
JILSZTO,X,X,X,X,X
JILSZOT,X,X,X,X,X
JILSOTZ,X,X,X,X,X
JILSOZT,X,X,X,X,X
JILZTSO,X,X,X,X,X
JILZTOS,X,O,O,X,X
JILZSTO,X,X,X,X,X
JILZSOT,X,X,X,X,X
JILZOTS,X,O,X,X,X
JILZOST,X,X,X,X,X
JILOTSZ,X,X,X,X,X
JILOTZS,X,O,X,O,X
JILOSTZ,X,X,X,X,X
JILOSZT,X,X,X,X,X
JILOZTS,X,O,X,X,X
JILOZST,X,X,X,X,X
JISTLZO,X,X,X,X,X
JISTLOZ,X,X,X,X,X
JISTZLO,X,X,X,X,X
JISTZOL,X,X,X,X,X
JISTOLZ,X,X,X,X,X
JISTOZL,X,X,X,X,X
JISLTZO,X,X,X,X,X
JISLTOZ,X,X,X,X,X
JISLZTO,X,X,X,X,X
JISLZOT,X,X,X,X,X
JISLOTZ,X,X,X,X,X
JISLOZT,X,X,X,X,X
JISZTLO,X,X,X,X,X
JISZTOL,X,X,X,X,X
JISZLTO,X,X,X,X,X
JISZLOT,X,X,X,X,X
JISZOTL,X,X,X,X,X
JISZOLT,X,X,X,X,X
JISOTLZ,X,X,X,X,X
JISOTZL,X,X,X,X,X
JISOLTZ,X,X,X,X,X
JISOLZT,X,X,X,X,X
JISOZTL,X,X,X,X,X
JISOZLT,X,X,X,X,X
JIZTLSO,X,X,X,X,X
JIZTLOS,X,O,O,X,X
JIZTSLO,X,X,X,X,X
JIZTSOL,X,X,X,X,X
JIZTOLS,X,X,O,X,X
JIZTOSL,X,X,X,X,X
JIZLTSO,X,X,X,X,X
JIZLTOS,X,O,O,X,X
JIZLSTO,X,X,X,X,X
JIZLSOT,X,X,X,X,X
JIZLOTS,X,O,X,X,X
JIZLOST,X,X,X,X,X
JIZSTLO,X,X,X,X,X
JIZSTOL,X,X,X,X,X
JIZSLTO,X,X,X,X,X
JIZSLOT,X,X,X,X,X
JIZSOTL,X,X,X,X,X
JIZSOLT,X,X,X,X,X
JIZOTLS,X,X,O,X,X
JIZOTSL,X,X,X,X,X
JIZOLTS,X,O,X,X,X
JIZOLST,X,X,X,X,X
JIZOSTL,X,X,X,X,X
JIZOSLT,X,X,X,X,X
JIOTLSZ,X,X,X,X,X
JIOTLZS,X,X,X,O,X
JIOTSLZ,X,X,X,X,X
JIOTSZL,X,X,X,X,X
JIOTZLS,X,X,X,O,X
JIOTZSL,X,X,X,X,X
JIOLTSZ,X,X,X,X,X
JIOLTZS,X,O,X,O,X
JIOLSTZ,X,X,X,X,X
JIOLSZT,X,X,X,X,X
JIOLZTS,X,O,X,X,X
JIOLZST,X,X,X,X,X
JIOSTLZ,X,X,X,X,X
JIOSTZL,X,X,X,X,X
JIOSLTZ,X,X,X,X,X
JIOSLZT,X,X,X,X,X
JIOSZTL,X,X,X,X,X
JIOSZLT,X,X,X,X,X
JIOZTLS,X,X,X,X,X
JIOZTSL,X,X,X,X,X
JIOZLTS,X,O,X,X,X
JIOZLST,X,X,X,X,X
JIOZSTL,X,X,X,X,X
JIOZSLT,X,X,X,X,X
JLTISZO,X,X,X,X,X
JLTISOZ,X,X,X,X,X
JLTIZSO,X,X,X,O,X
JLTIZOS,X,O,O,X,X
JLTIOSZ,X,X,X,X,X
JLTIOZS,X,O,X,X,X
JLTSIZO,X,X,X,X,X
JLTSIOZ,X,X,X,X,X
JLTSZIO,X,X,X,X,X
JLTSZOI,X,X,X,X,X
JLTSOIZ,X,X,X,X,X
JLTSOZI,X,X,X,X,X
JLTZISO,X,X,X,O,X
JLTZIOS,X,O,O,X,X
JLTZSIO,X,X,X,X,X
JLTZSOI,X,X,X,X,X
JLTZOIS,X,O,O,X,X
JLTZOSI,X,X,X,X,X
JLTOISZ,X,X,X,X,X
JLTOIZS,X,O,X,X,X
JLTOSIZ,X,X,X,X,X
JLTOSZI,X,X,X,X,X
JLTOZIS,X,O,X,X,X
JLTOZSI,X,X,X,X,X
JLITSZO,X,X,X,X,X
JLITSOZ,X,X,X,X,X
JLITZSO,X,X,X,O,X
JLITZOS,X,O,O,X,X
JLITOSZ,X,X,X,X,X
JLITOZS,X,O,X,X,X
JLISTZO,X,X,X,X,X
JLISTOZ,X,X,X,X,X
JLISZTO,X,X,X,X,X
JLISZOT,X,X,X,X,X
JLISOTZ,X,X,X,X,X
JLISOZT,X,X,X,X,X
JLIZTSO,X,X,X,X,X
JLIZTOS,X,O,O,X,X
JLIZSTO,X,X,X,X,X
JLIZSOT,X,X,X,X,X
JLIZOTS,X,O,X,X,X
JLIZOST,X,X,X,X,X
JLIOTSZ,X,X,X,X,X
JLIOTZS,X,O,X,O,X
JLIOSTZ,X,X,X,X,X
JLIOSZT,X,X,X,X,X
JLIOZTS,X,O,X,X,X
JLIOZST,X,X,X,X,X
JLSTIZO,X,X,X,X,X
JLSTIOZ,X,X,X,X,X
JLSTZIO,X,X,X,X,X
JLSTZOI,X,X,X,X,X
JLSTOIZ,X,X,X,X,X
JLSTOZI,X,X,X,X,X
JLSITZO,X,X,X,X,X
JLSITOZ,X,X,X,X,X
JLSIZTO,X,X,X,X,X
JLSIZOT,X,X,X,X,X
JLSIOTZ,X,X,X,X,X
JLSIOZT,X,X,X,X,X
JLSZTIO,X,X,X,X,X
JLSZTOI,X,X,X,X,X
JLSZITO,X,X,X,X,X
JLSZIOT,X,X,X,X,X
JLSZOTI,X,X,X,X,X
JLSZOIT,X,X,X,X,X
JLSOTIZ,X,X,X,X,X
JLSOTZI,X,X,X,X,X
JLSOITZ,X,X,X,X,X
JLSOIZT,X,X,X,X,X
JLSOZTI,X,X,X,X,X
JLSOZIT,X,X,X,X,X
JLZTISO,X,X,X,X,X
JLZTIOS,X,O,O,X,X
JLZTSIO,X,X,X,X,X
JLZTSOI,X,X,X,X,X
JLZTOIS,X,O,O,X,X
JLZTOSI,X,X,X,X,X
JLZITSO,X,X,X,X,X
JLZITOS,X,O,O,X,X
JLZISTO,X,X,X,X,X
JLZISOT,X,X,X,X,X
JLZIOTS,X,O,X,X,X
JLZIOST,X,X,X,X,X
JLZSTIO,X,X,X,X,X
JLZSTOI,X,X,X,X,X
JLZSITO,X,X,X,X,X
JLZSIOT,X,X,X,X,X
JLZSOTI,X,X,X,X,X
JLZSOIT,X,X,X,X,X
JLZOTIS,X,O,X,X,X
JLZOTSI,X,X,X,X,X
JLZOITS,X,O,X,X,X
JLZOIST,X,X,X,X,X
JLZOSTI,X,X,X,X,X
JLZOSIT,X,X,X,X,X
JLOTISZ,X,X,X,X,X
JLOTIZS,X,O,X,O,X
JLOTSIZ,X,X,X,X,X
JLOTSZI,X,X,X,X,X
JLOTZIS,X,O,X,O,X
JLOTZSI,X,X,X,X,X
JLOITSZ,X,X,X,X,X
JLOITZS,X,O,X,O,X
JLOISTZ,X,X,X,X,X
JLOISZT,X,X,X,X,X
JLOIZTS,X,O,X,X,X
JLOIZST,X,X,X,X,X
JLOSTIZ,X,X,X,X,X
JLOSTZI,X,X,X,X,X
JLOSITZ,X,X,X,X,X
JLOSIZT,X,X,X,X,X
JLOSZTI,X,X,X,X,X
JLOSZIT,X,X,X,X,X
JLOZTIS,X,O,X,X,X
JLOZTSI,X,X,X,X,X
JLOZITS,X,O,X,X,X
JLOZIST,X,X,X,X,X
JLOZSTI,X,X,X,X,X
JLOZSIT,X,X,X,X,X
JSTILZO,X,X,X,X,X
JSTILOZ,X,X,X,X,X
JSTIZLO,X,X,X,X,X
JSTIZOL,X,X,X,X,X
JSTIOLZ,X,X,X,X,X
JSTIOZL,X,X,X,X,X
JSTLIZO,X,X,X,X,X
JSTLIOZ,X,X,X,X,X
JSTLZIO,X,X,X,X,X
JSTLZOI,X,X,X,X,X
JSTLOIZ,X,X,X,X,X
JSTLOZI,X,X,X,X,X
JSTZILO,X,X,X,X,X
JSTZIOL,X,X,X,X,X
JSTZLIO,X,X,X,X,X
JSTZLOI,X,X,X,X,X
JSTZOIL,X,X,X,X,X
JSTZOLI,X,X,X,X,X
JSTOILZ,X,X,X,X,X
JSTOIZL,X,X,X,X,X
JSTOLIZ,X,X,X,X,X
JSTOLZI,X,X,X,X,X
JSTOZIL,X,X,X,X,X
JSTOZLI,X,X,X,X,X
JSITLZO,X,X,X,X,X
JSITLOZ,X,X,X,X,X
JSITZLO,X,X,X,X,X
JSITZOL,X,X,X,X,X
JSITOLZ,X,X,X,X,X
JSITOZL,X,X,X,X,X
JSILTZO,X,X,X,X,X
JSILTOZ,X,X,X,X,X
JSILZTO,X,X,X,X,X
JSILZOT,X,X,X,X,X
JSILOTZ,X,X,X,X,X
JSILOZT,X,X,X,X,X
JSIZTLO,X,X,X,X,X
JSIZTOL,X,X,X,X,X
JSIZLTO,X,X,X,X,X
JSIZLOT,X,X,X,X,X
JSIZOTL,X,X,X,X,X
JSIZOLT,X,X,X,X,X
JSIOTLZ,X,X,X,X,X
JSIOTZL,X,X,X,X,X
JSIOLTZ,X,X,X,X,X
JSIOLZT,X,X,X,X,X
JSIOZTL,X,X,X,X,X
JSIOZLT,X,X,X,X,X
JSLTIZO,X,X,X,X,X
JSLTIOZ,X,X,X,X,X
JSLTZIO,X,X,X,X,X
JSLTZOI,X,X,X,X,X
JSLTOIZ,X,X,X,X,X
JSLTOZI,X,X,X,X,X
JSLITZO,X,X,X,X,X
JSLITOZ,X,X,X,X,X
JSLIZTO,X,X,X,X,X
JSLIZOT,X,X,X,X,X
JSLIOTZ,X,X,X,X,X
JSLIOZT,X,X,X,X,X
JSLZTIO,X,X,X,X,X
JSLZTOI,X,X,X,X,X
JSLZITO,X,X,X,X,X
JSLZIOT,X,X,X,X,X
JSLZOTI,X,X,X,X,X
JSLZOIT,X,X,X,X,X
JSLOTIZ,X,X,X,X,X
JSLOTZI,X,X,X,X,X
JSLOITZ,X,X,X,X,X
JSLOIZT,X,X,X,X,X
JSLOZTI,X,X,X,X,X
JSLOZIT,X,X,X,X,X
JSZTILO,X,X,X,X,X
JSZTIOL,X,X,X,X,X
JSZTLIO,X,X,X,X,X
JSZTLOI,X,X,X,X,X
JSZTOIL,X,X,X,X,X
JSZTOLI,X,X,X,X,X
JSZITLO,X,X,X,X,X
JSZITOL,X,X,X,X,X
JSZILTO,X,X,X,X,X
JSZILOT,X,X,X,X,X
JSZIOTL,X,X,X,X,X
JSZIOLT,X,X,X,X,X
JSZLTIO,X,X,X,X,X
JSZLTOI,X,X,X,X,X
JSZLITO,X,X,X,X,X
JSZLIOT,X,X,X,X,X
JSZLOTI,X,X,X,X,X
JSZLOIT,X,X,X,X,X
JSZOTIL,X,X,X,X,X
JSZOTLI,X,X,X,X,X
JSZOITL,X,X,X,X,X
JSZOILT,X,X,X,X,X
JSZOLTI,X,X,X,X,X
JSZOLIT,X,X,X,X,X
JSOTILZ,X,X,X,X,X
JSOTIZL,X,X,X,X,X
JSOTLIZ,X,X,X,X,X
JSOTLZI,X,X,X,X,X
JSOTZIL,X,X,X,X,X
JSOTZLI,X,X,X,X,X
JSOITLZ,X,X,X,X,X
JSOITZL,X,X,X,X,X
JSOILTZ,X,X,X,X,X
JSOILZT,X,X,X,X,X
JSOIZTL,X,X,X,X,X
JSOIZLT,X,X,X,X,X
JSOLTIZ,X,X,X,X,X
JSOLTZI,X,X,X,X,X
JSOLITZ,X,X,X,X,X
JSOLIZT,X,X,X,X,X
JSOLZTI,X,X,X,X,X
JSOLZIT,X,X,X,X,X
JSOZTIL,X,X,X,X,X
JSOZTLI,X,X,X,X,X
JSOZITL,X,X,X,X,X
JSOZILT,X,X,X,X,X
JSOZLTI,X,X,X,X,X
JSOZLIT,X,X,X,X,X
JZTILSO,X,X,X,X,X
JZTILOS,X,O,O,X,X
JZTISLO,X,X,X,X,X
JZTISOL,X,X,X,X,X
JZTIOLS,X,X,O,X,X
JZTIOSL,X,X,X,X,X
JZTLISO,X,X,X,X,X
JZTLIOS,X,O,O,X,X
JZTLSIO,X,X,X,X,X
JZTLSOI,X,X,X,X,X
JZTLOIS,X,O,O,X,X
JZTLOSI,X,X,X,X,X
JZTSILO,X,X,X,X,X
JZTSIOL,X,X,X,X,X
JZTSLIO,X,X,X,X,X
JZTSLOI,X,X,X,X,X
JZTSOIL,X,X,X,X,X
JZTSOLI,X,X,X,X,X
JZTOILS,X,X,O,X,X
JZTOISL,X,X,X,X,X
JZTOLIS,X,X,O,X,X
JZTOLSI,X,X,X,X,X
JZTOSIL,X,X,X,X,X
JZTOSLI,X,X,X,X,X
JZITLSO,X,X,X,X,X
JZITLOS,X,O,O,X,X
JZITSLO,X,X,X,X,X
JZITSOL,X,X,X,X,X
JZITOLS,X,X,O,X,X
JZITOSL,X,X,X,X,X
JZILTSO,X,X,X,X,X
JZILTOS,X,O,O,X,X
JZILSTO,X,X,X,X,X
JZILSOT,X,X,X,X,X
JZILOTS,X,O,X,X,X
JZILOST,X,X,X,X,X
JZISTLO,X,X,X,X,X
JZISTOL,X,X,X,X,X
JZISLTO,X,X,X,X,X
JZISLOT,X,X,X,X,X
JZISOTL,X,X,X,X,X
JZISOLT,X,X,X,X,X
JZIOTLS,X,X,O,X,X
JZIOTSL,X,X,X,X,X
JZIOLTS,X,O,X,X,X
JZIOLST,X,X,X,X,X
JZIOSTL,X,X,X,X,X
JZIOSLT,X,X,X,X,X
JZLTISO,X,X,X,X,X
JZLTIOS,X,O,O,X,X
JZLTSIO,X,X,X,X,X
JZLTSOI,X,X,X,X,X
JZLTOIS,X,O,O,X,X
JZLTOSI,X,X,X,X,X
JZLITSO,X,X,X,X,X
JZLITOS,X,O,O,X,X
JZLISTO,X,X,X,X,X
JZLISOT,X,X,X,X,X
JZLIOTS,X,O,X,X,X
JZLIOST,X,X,X,X,X
JZLSTIO,X,X,X,X,X
JZLSTOI,X,X,X,X,X
JZLSITO,X,X,X,X,X
JZLSIOT,X,X,X,X,X
JZLSOTI,X,X,X,X,X
JZLSOIT,X,X,X,X,X
JZLOTIS,X,O,X,X,X
JZLOTSI,X,X,X,X,X
JZLOITS,X,O,X,X,X
JZLOIST,X,X,X,X,X
JZLOSTI,X,X,X,X,X
JZLOSIT,X,X,X,X,X
JZSTILO,X,X,X,X,X
JZSTIOL,X,X,X,X,X
JZSTLIO,X,X,X,X,X
JZSTLOI,X,X,X,X,X
JZSTOIL,X,X,X,X,X
JZSTOLI,X,X,X,X,X
JZSITLO,X,X,X,X,X
JZSITOL,X,X,X,X,X
JZSILTO,X,X,X,X,X
JZSILOT,X,X,X,X,X
JZSIOTL,X,X,X,X,X
JZSIOLT,X,X,X,X,X
JZSLTIO,X,X,X,X,X
JZSLTOI,X,X,X,X,X
JZSLITO,X,X,X,X,X
JZSLIOT,X,X,X,X,X
JZSLOTI,X,X,X,X,X
JZSLOIT,X,X,X,X,X
JZSOTIL,X,X,X,X,X
JZSOTLI,X,X,X,X,X
JZSOITL,X,X,X,X,X
JZSOILT,X,X,X,X,X
JZSOLTI,X,X,X,X,X
JZSOLIT,X,X,X,X,X
JZOTILS,X,X,O,X,X
JZOTISL,X,X,X,X,X
JZOTLIS,X,X,O,X,X
JZOTLSI,X,X,X,X,X
JZOTSIL,X,X,X,X,X
JZOTSLI,X,X,X,X,X
JZOITLS,X,X,O,X,X
JZOITSL,X,X,X,X,X
JZOILTS,X,O,X,X,X
JZOILST,X,X,X,X,X
JZOISTL,X,X,X,X,X
JZOISLT,X,X,X,X,X
JZOLTIS,X,O,X,X,X
JZOLTSI,X,X,X,X,X
JZOLITS,X,O,X,X,X
JZOLIST,X,X,X,X,X
JZOLSTI,X,X,X,X,X
JZOLSIT,X,X,X,X,X
JZOSTIL,X,X,X,X,X
JZOSTLI,X,X,X,X,X
JZOSITL,X,X,X,X,X
JZOSILT,X,X,X,X,X
JZOSLTI,X,X,X,X,X
JZOSLIT,X,X,X,X,X
JOTILSZ,X,X,X,X,X
JOTILZS,X,X,X,O,X
JOTISLZ,X,X,X,X,X
JOTISZL,X,X,X,X,X
JOTIZLS,X,X,X,O,X
JOTIZSL,X,X,X,X,X
JOTLISZ,X,X,X,X,X
JOTLIZS,X,X,X,O,X
JOTLSIZ,X,X,X,X,X
JOTLSZI,X,X,X,X,X
JOTLZIS,X,X,X,O,X
JOTLZSI,X,X,X,X,X
JOTSILZ,X,X,X,X,X
JOTSIZL,X,X,X,X,X
JOTSLIZ,X,X,X,X,X
JOTSLZI,X,X,X,X,X
JOTSZIL,X,X,X,X,X
JOTSZLI,X,X,X,X,X
JOTZILS,X,X,X,O,X
JOTZISL,X,X,X,X,X
JOTZLIS,X,X,X,O,X
JOTZLSI,X,X,X,X,X
JOTZSIL,X,X,X,X,X
JOTZSLI,X,X,X,X,X
JOITLSZ,X,X,X,X,X
JOITLZS,X,X,X,O,X
JOITSLZ,X,X,X,X,X
JOITSZL,X,X,X,X,X
JOITZLS,X,X,X,O,X
JOITZSL,X,X,X,X,X
JOILTSZ,X,X,X,X,X
JOILTZS,X,O,X,O,X
JOILSTZ,X,X,X,X,X
JOILSZT,X,X,X,X,X
JOILZTS,X,O,X,X,X
JOILZST,X,X,X,X,X
JOISTLZ,X,X,X,X,X
JOISTZL,X,X,X,X,X
JOISLTZ,X,X,X,X,X
JOISLZT,X,X,X,X,X
JOISZTL,X,X,X,X,X
JOISZLT,X,X,X,X,X
JOIZTLS,X,X,X,X,X
JOIZTSL,X,X,X,X,X
JOIZLTS,X,O,X,X,X
JOIZLST,X,X,X,X,X
JOIZSTL,X,X,X,X,X
JOIZSLT,X,X,X,X,X
JOLTISZ,X,X,X,X,X
JOLTIZS,X,O,X,O,X
JOLTSIZ,X,X,X,X,X
JOLTSZI,X,X,X,X,X
JOLTZIS,X,O,X,O,X
JOLTZSI,X,X,X,X,X
JOLITSZ,X,X,X,X,X
JOLITZS,X,O,X,O,X
JOLISTZ,X,X,X,X,X
JOLISZT,X,X,X,X,X
JOLIZTS,X,O,X,X,X
JOLIZST,X,X,X,X,X
JOLSTIZ,X,X,X,X,X
JOLSTZI,X,X,X,X,X
JOLSITZ,X,X,X,X,X
JOLSIZT,X,X,X,X,X
JOLSZTI,X,X,X,X,X
JOLSZIT,X,X,X,X,X
JOLZTIS,X,O,X,X,X
JOLZTSI,X,X,X,X,X
JOLZITS,X,O,X,X,X
JOLZIST,X,X,X,X,X
JOLZSTI,X,X,X,X,X
JOLZSIT,X,X,X,X,X
JOSTILZ,X,X,X,X,X
JOSTIZL,X,X,X,X,X
JOSTLIZ,X,X,X,X,X
JOSTLZI,X,X,X,X,X
JOSTZIL,X,X,X,X,X
JOSTZLI,X,X,X,X,X
JOSITLZ,X,X,X,X,X
JOSITZL,X,X,X,X,X
JOSILTZ,X,X,X,X,X
JOSILZT,X,X,X,X,X
JOSIZTL,X,X,X,X,X
JOSIZLT,X,X,X,X,X
JOSLTIZ,X,X,X,X,X
JOSLTZI,X,X,X,X,X
JOSLITZ,X,X,X,X,X
JOSLIZT,X,X,X,X,X
JOSLZTI,X,X,X,X,X
JOSLZIT,X,X,X,X,X
JOSZTIL,X,X,X,X,X
JOSZTLI,X,X,X,X,X
JOSZITL,X,X,X,X,X
JOSZILT,X,X,X,X,X
JOSZLTI,X,X,X,X,X
JOSZLIT,X,X,X,X,X
JOZTILS,X,X,X,X,X
JOZTISL,X,X,X,X,X
JOZTLIS,X,X,X,X,X
JOZTLSI,X,X,X,X,X
JOZTSIL,X,X,X,X,X
JOZTSLI,X,X,X,X,X
JOZITLS,X,X,X,X,X
JOZITSL,X,X,X,X,X
JOZILTS,X,O,X,X,X
JOZILST,X,X,X,X,X
JOZISTL,X,X,X,X,X
JOZISLT,X,X,X,X,X
JOZLTIS,X,O,X,X,X
JOZLTSI,X,X,X,X,X
JOZLITS,X,O,X,X,X
JOZLIST,X,X,X,X,X
JOZLSTI,X,X,X,X,X
JOZLSIT,X,X,X,X,X
JOZSTIL,X,X,X,X,X
JOZSTLI,X,X,X,X,X
JOZSITL,X,X,X,X,X
JOZSILT,X,X,X,X,X
JOZSLTI,X,X,X,X,X
JOZSLIT,X,X,X,X,X
STILJZO,O,X,X,X,X
STILJOZ,X,X,X,X,X
STILZJO,O,X,X,X,X
STILZOJ,O,X,X,X,X
STILOJZ,X,X,X,X,X
STILOZJ,X,X,X,X,X
STIJLZO,O,X,X,X,X
STIJLOZ,X,X,X,X,X
STIJZLO,O,X,X,X,X
STIJZOL,O,X,X,X,X
STIJOLZ,X,X,X,X,X
STIJOZL,X,X,X,X,X
STIZLJO,O,X,X,X,X
STIZLOJ,O,X,X,X,X
STIZJLO,O,X,X,X,X
STIZJOL,O,X,X,X,X
STIZOLJ,O,X,X,X,X
STIZOJL,O,X,X,X,X
STIOLJZ,X,X,X,X,X
STIOLZJ,X,X,X,X,X
STIOJLZ,X,X,X,X,X
STIOJZL,X,X,X,X,X
STIOZLJ,X,X,X,X,X
STIOZJL,X,X,X,X,X
STLIJZO,O,X,X,X,X
STLIJOZ,X,X,X,X,X
STLIZJO,O,X,X,X,X
STLIZOJ,O,X,X,X,X
STLIOJZ,X,X,X,X,X
STLIOZJ,X,X,X,X,X
STLJIZO,O,X,X,X,X
STLJIOZ,X,X,X,X,X
STLJZIO,O,X,X,X,X
STLJZOI,O,X,X,X,X
STLJOIZ,X,X,X,X,X
STLJOZI,X,X,X,X,X
STLZIJO,O,X,X,X,X
STLZIOJ,O,X,X,X,X
STLZJIO,O,X,X,X,X
STLZJOI,O,X,X,X,X
STLZOIJ,O,X,X,X,O
STLZOJI,O,X,X,X,O
STLOIJZ,X,X,X,X,X
STLOIZJ,X,X,X,X,O
STLOJIZ,X,X,X,X,X
STLOJZI,X,X,X,X,X
STLOZIJ,X,X,X,X,O
STLOZJI,X,X,X,X,O
STJILZO,O,X,X,X,X
STJILOZ,X,X,X,X,X
STJIZLO,O,X,X,X,X
STJIZOL,O,X,X,X,X
STJIOLZ,X,X,X,X,X
STJIOZL,X,X,X,X,X
STJLIZO,O,X,X,X,X
STJLIOZ,X,X,X,X,X
STJLZIO,O,X,X,X,X
STJLZOI,O,X,X,X,X
STJLOIZ,X,X,X,X,X
STJLOZI,X,X,X,X,X
STJZILO,O,X,X,X,X
STJZIOL,O,X,X,X,X
STJZLIO,O,X,X,X,X
STJZLOI,O,X,X,X,X
STJZOIL,O,X,X,X,X
STJZOLI,O,X,X,X,X
STJOILZ,X,X,X,X,X
STJOIZL,X,X,X,X,X
STJOLIZ,X,X,X,X,X
STJOLZI,X,X,X,X,X
STJOZIL,X,X,X,X,X
STJOZLI,X,X,X,X,X
STZILJO,O,X,X,X,X
STZILOJ,O,X,X,X,X
STZIJLO,O,X,X,X,X
STZIJOL,O,X,X,X,X
STZIOLJ,O,X,X,X,X
STZIOJL,O,X,X,X,X
STZLIJO,O,X,X,X,X
STZLIOJ,O,X,X,X,X
STZLJIO,O,X,X,X,X
STZLJOI,O,X,X,X,X
STZLOIJ,O,X,X,X,O
STZLOJI,O,X,X,X,O
STZJILO,O,X,X,X,X
STZJIOL,O,X,X,X,X
STZJLIO,O,X,X,X,X
STZJLOI,O,X,X,X,X
STZJOIL,O,X,X,X,X
STZJOLI,O,X,X,X,X
STZOILJ,O,X,X,X,X
STZOIJL,O,X,X,X,X
STZOLIJ,O,X,X,X,O
STZOLJI,O,X,X,X,O
STZOJIL,O,X,X,X,X
STZOJLI,O,X,X,X,X
STOILJZ,X,X,X,X,X
STOILZJ,X,X,X,X,X
STOIJLZ,X,X,X,X,X
STOIJZL,X,X,X,X,X
STOIZLJ,X,X,X,X,X
STOIZJL,X,X,X,X,X
STOLIJZ,X,X,X,X,X
STOLIZJ,X,X,X,X,O
STOLJIZ,X,X,X,X,X
STOLJZI,X,X,X,X,X
STOLZIJ,X,X,X,X,O
STOLZJI,X,X,X,X,O
STOJILZ,X,X,X,X,X
STOJIZL,X,X,X,X,X
STOJLIZ,X,X,X,X,X
STOJLZI,X,X,X,X,X
STOJZIL,X,X,X,X,X
STOJZLI,X,X,X,X,X
STOZILJ,X,X,X,X,X
STOZIJL,X,X,X,X,X
STOZLIJ,X,X,X,X,O
STOZLJI,X,X,X,X,O
STOZJIL,X,X,X,X,X
STOZJLI,X,X,X,X,X
SITLJZO,O,X,X,X,X
SITLJOZ,X,X,X,X,X
SITLZJO,O,X,X,X,X
SITLZOJ,O,X,X,X,X
SITLOJZ,X,X,X,X,X
SITLOZJ,X,X,X,X,X
SITJLZO,O,X,X,X,X
SITJLOZ,X,X,X,X,X
SITJZLO,O,X,X,X,X
SITJZOL,O,X,X,X,X
SITJOLZ,X,X,X,X,X
SITJOZL,X,X,X,X,X
SITZLJO,O,X,X,X,X
SITZLOJ,O,X,X,X,X
SITZJLO,O,X,X,X,X
SITZJOL,O,X,X,X,X
SITZOLJ,O,X,X,X,X
SITZOJL,O,X,X,X,X
SITOLJZ,X,X,X,X,X
SITOLZJ,X,X,X,X,X
SITOJLZ,X,X,X,X,X
SITOJZL,X,X,X,X,X
SITOZLJ,X,X,X,X,X
SITOZJL,X,X,X,X,X
SILTJZO,O,X,X,X,X
SILTJOZ,X,X,X,X,X
SILTZJO,O,X,X,X,X
SILTZOJ,O,X,X,X,X
SILTOJZ,X,X,X,X,X
SILTOZJ,X,X,X,X,X
SILJTZO,X,X,X,X,X
SILJTOZ,X,X,X,X,X
SILJZTO,X,X,X,X,X
SILJZOT,X,X,X,X,X
SILJOTZ,X,X,X,X,X
SILJOZT,X,X,X,X,X
SILZTJO,O,X,X,X,X
SILZTOJ,O,X,X,X,X
SILZJTO,X,X,X,X,X
SILZJOT,X,X,X,X,X
SILZOTJ,O,X,X,X,X
SILZOJT,X,X,X,X,X
SILOTJZ,X,X,X,X,X
SILOTZJ,X,X,X,X,X
SILOJTZ,X,X,X,X,X
SILOJZT,X,X,X,X,X
SILOZTJ,X,X,X,X,X
SILOZJT,X,X,X,X,X
SIJTLZO,X,X,X,X,X
SIJTLOZ,X,X,X,X,X
SIJTZLO,X,X,X,X,X
SIJTZOL,X,X,X,X,X
SIJTOLZ,X,X,X,X,X
SIJTOZL,X,X,X,X,X
SIJLTZO,X,X,X,X,X
SIJLTOZ,X,X,X,X,X
SIJLZTO,X,X,X,X,X
SIJLZOT,X,X,X,X,X
SIJLOTZ,X,X,X,X,X
SIJLOZT,X,X,X,X,X
SIJZTLO,X,X,X,X,X
SIJZTOL,X,X,X,X,X
SIJZLTO,X,X,X,X,X
SIJZLOT,X,X,X,X,X
SIJZOTL,X,X,X,X,X
SIJZOLT,X,X,X,X,X
SIJOTLZ,X,X,X,X,X
SIJOTZL,X,X,X,X,X
SIJOLTZ,X,X,X,X,X
SIJOLZT,X,X,X,X,X
SIJOZTL,X,X,X,X,X
SIJOZLT,X,X,X,X,X
SIZTLJO,O,X,X,X,X
SIZTLOJ,O,X,X,X,X
SIZTJLO,O,X,X,X,X
SIZTJOL,O,X,X,X,X
SIZTOLJ,O,X,X,X,X
SIZTOJL,O,X,X,X,X
SIZLTJO,O,X,X,X,X
SIZLTOJ,O,X,X,X,X
SIZLJTO,X,X,X,X,X
SIZLJOT,X,X,X,X,X
SIZLOTJ,O,X,X,X,X
SIZLOJT,X,X,X,X,X
SIZJTLO,O,X,X,X,X
SIZJTOL,O,X,X,X,X
SIZJLTO,X,X,X,X,X
SIZJLOT,X,X,X,X,X
SIZJOTL,O,X,X,X,X
SIZJOLT,X,X,X,X,X
SIZOTLJ,O,X,X,X,X
SIZOTJL,O,X,X,X,X
SIZOLTJ,O,X,X,X,X
SIZOLJT,X,X,X,X,X
SIZOJTL,O,X,X,X,X
SIZOJLT,X,X,X,X,X
SIOTLJZ,X,X,X,X,X
SIOTLZJ,X,X,X,X,X
SIOTJLZ,X,X,X,X,X
SIOTJZL,X,X,X,X,X
SIOTZLJ,X,X,X,X,X
SIOTZJL,X,X,X,X,X
SIOLTJZ,X,X,X,X,X
SIOLTZJ,X,X,X,X,X
SIOLJTZ,X,X,X,X,X
SIOLJZT,X,X,X,X,X
SIOLZTJ,X,X,X,X,X
SIOLZJT,X,X,X,X,X
SIOJTLZ,X,X,X,X,X
SIOJTZL,X,X,X,X,X
SIOJLTZ,X,X,X,X,X
SIOJLZT,X,X,X,X,X
SIOJZTL,X,X,X,X,X
SIOJZLT,X,X,X,X,X
SIOZTLJ,X,X,X,X,X
SIOZTJL,X,X,X,X,X
SIOZLTJ,X,X,X,X,X
SIOZLJT,X,X,X,X,X
SIOZJTL,X,X,X,X,X
SIOZJLT,X,X,X,X,X
SLTIJZO,O,X,X,X,X
SLTIJOZ,X,X,X,X,X
SLTIZJO,O,X,X,X,X
SLTIZOJ,O,X,X,X,X
SLTIOJZ,X,X,X,X,X
SLTIOZJ,X,X,X,X,X
SLTJIZO,O,X,X,X,X
SLTJIOZ,X,X,X,X,X
SLTJZIO,O,X,X,X,X
SLTJZOI,O,X,X,X,X
SLTJOIZ,X,X,X,X,X
SLTJOZI,X,X,X,X,X
SLTZIJO,O,X,X,X,X
SLTZIOJ,O,X,X,X,X
SLTZJIO,O,X,X,X,X
SLTZJOI,O,X,X,X,X
SLTZOIJ,O,X,X,X,O
SLTZOJI,O,X,X,X,O
SLTOIJZ,X,X,X,X,X
SLTOIZJ,X,X,X,X,O
SLTOJIZ,X,X,X,X,X
SLTOJZI,X,X,X,X,X
SLTOZIJ,X,X,X,X,O
SLTOZJI,X,X,X,X,O
SLITJZO,O,X,X,X,X
SLITJOZ,X,X,X,X,X
SLITZJO,O,X,X,X,X
SLITZOJ,O,X,X,X,X
SLITOJZ,X,X,X,X,X
SLITOZJ,X,X,X,X,X
SLIJTZO,X,X,X,X,X
SLIJTOZ,X,X,X,X,X
SLIJZTO,X,X,X,X,X
SLIJZOT,X,X,X,X,X
SLIJOTZ,X,X,X,X,X
SLIJOZT,X,X,X,X,X
SLIZTJO,O,X,X,X,X
SLIZTOJ,O,X,X,X,X
SLIZJTO,X,X,X,X,X
SLIZJOT,X,X,X,X,X
SLIZOTJ,O,X,X,X,X
SLIZOJT,X,X,X,X,X
SLIOTJZ,X,X,X,X,X
SLIOTZJ,X,X,X,X,X
SLIOJTZ,X,X,X,X,X
SLIOJZT,X,X,X,X,X
SLIOZTJ,X,X,X,X,X
SLIOZJT,X,X,X,X,X
SLJTIZO,X,X,X,X,X
SLJTIOZ,X,X,X,X,X
SLJTZIO,X,X,X,X,X
SLJTZOI,X,X,X,X,X
SLJTOIZ,X,X,X,X,X
SLJTOZI,X,X,X,X,X
SLJITZO,X,X,X,X,X
SLJITOZ,X,X,X,X,X
SLJIZTO,X,X,X,X,X
SLJIZOT,X,X,X,X,X
SLJIOTZ,X,X,X,X,X
SLJIOZT,X,X,X,X,X
SLJZTIO,X,X,X,X,X
SLJZTOI,X,X,X,X,X
SLJZITO,X,X,X,X,X
SLJZIOT,X,X,X,X,X
SLJZOTI,X,X,X,X,X
SLJZOIT,X,X,X,X,X
SLJOTIZ,X,X,X,X,X
SLJOTZI,X,X,X,X,X
SLJOITZ,X,X,X,X,X
SLJOIZT,X,X,X,X,X
SLJOZTI,X,X,X,X,X
SLJOZIT,X,X,X,X,X
SLZTIJO,O,X,X,X,X
SLZTIOJ,O,X,X,X,X
SLZTJIO,O,X,X,X,X
SLZTJOI,O,X,X,X,X
SLZTOIJ,O,X,X,X,O
SLZTOJI,O,X,X,X,O
SLZITJO,O,X,X,X,X
SLZITOJ,O,X,X,X,X
SLZIJTO,X,X,X,X,X
SLZIJOT,X,X,X,X,X
SLZIOTJ,O,X,X,X,X
SLZIOJT,X,X,X,X,X
SLZJTIO,X,X,X,X,X
SLZJTOI,X,X,X,X,X
SLZJITO,X,X,X,X,X
SLZJIOT,X,X,X,X,X
SLZJOTI,X,X,X,X,X
SLZJOIT,X,X,X,X,X
SLZOTIJ,O,X,X,X,O
SLZOTJI,O,X,X,X,O
SLZOITJ,O,X,X,X,O
SLZOIJT,X,X,X,X,X
SLZOJTI,X,X,X,X,X
SLZOJIT,X,X,X,X,X
SLOTIJZ,X,X,X,X,X
SLOTIZJ,X,X,X,X,O
SLOTJIZ,X,X,X,X,X
SLOTJZI,X,X,X,X,X
SLOTZIJ,X,X,X,X,O
SLOTZJI,X,X,X,X,O
SLOITJZ,X,X,X,X,X
SLOITZJ,X,X,X,X,O
SLOIJTZ,X,X,X,X,X
SLOIJZT,X,X,X,X,X
SLOIZTJ,X,X,X,X,O
SLOIZJT,X,X,X,X,X
SLOJTIZ,X,X,X,X,X
SLOJTZI,X,X,X,X,X
SLOJITZ,X,X,X,X,X
SLOJIZT,X,X,X,X,X
SLOJZTI,X,X,X,X,X
SLOJZIT,X,X,X,X,X
SLOZTIJ,X,X,X,X,O
SLOZTJI,X,X,X,X,O
SLOZITJ,X,X,X,X,O
SLOZIJT,X,X,X,X,X
SLOZJTI,X,X,X,X,X
SLOZJIT,X,X,X,X,X
SJTILZO,X,X,X,X,X
SJTILOZ,X,X,X,X,X
SJTIZLO,X,X,X,X,X
SJTIZOL,X,X,X,X,X
SJTIOLZ,X,X,X,X,X
SJTIOZL,X,X,X,X,X
SJTLIZO,X,X,X,X,X
SJTLIOZ,X,X,X,X,X
SJTLZIO,X,X,X,X,X
SJTLZOI,X,X,X,X,X
SJTLOIZ,X,X,X,X,X
SJTLOZI,X,X,X,X,X
SJTZILO,X,X,X,X,X
SJTZIOL,X,X,X,X,X
SJTZLIO,X,X,X,X,X
SJTZLOI,X,X,X,X,X
SJTZOIL,X,X,X,X,X
SJTZOLI,X,X,X,X,X
SJTOILZ,X,X,X,X,X
SJTOIZL,X,X,X,X,X
SJTOLIZ,X,X,X,X,X
SJTOLZI,X,X,X,X,X
SJTOZIL,X,X,X,X,X
SJTOZLI,X,X,X,X,X
SJITLZO,X,X,X,X,X
SJITLOZ,X,X,X,X,X
SJITZLO,X,X,X,X,X
SJITZOL,X,X,X,X,X
SJITOLZ,X,X,X,X,X
SJITOZL,X,X,X,X,X
SJILTZO,X,X,X,X,X
SJILTOZ,X,X,X,X,X
SJILZTO,X,X,X,X,X
SJILZOT,X,X,X,X,X
SJILOTZ,X,X,X,X,X
SJILOZT,X,X,X,X,X
SJIZTLO,X,X,X,X,X
SJIZTOL,X,X,X,X,X
SJIZLTO,X,X,X,X,X
SJIZLOT,X,X,X,X,X
SJIZOTL,X,X,X,X,X
SJIZOLT,X,X,X,X,X
SJIOTLZ,X,X,X,X,X
SJIOTZL,X,X,X,X,X
SJIOLTZ,X,X,X,X,X
SJIOLZT,X,X,X,X,X
SJIOZTL,X,X,X,X,X
SJIOZLT,X,X,X,X,X
SJLTIZO,X,X,X,X,X
SJLTIOZ,X,X,X,X,X
SJLTZIO,X,X,X,X,X
SJLTZOI,X,X,X,X,X
SJLTOIZ,X,X,X,X,X
SJLTOZI,X,X,X,X,X
SJLITZO,X,X,X,X,X
SJLITOZ,X,X,X,X,X
SJLIZTO,X,X,X,X,X
SJLIZOT,X,X,X,X,X
SJLIOTZ,X,X,X,X,X
SJLIOZT,X,X,X,X,X
SJLZTIO,X,X,X,X,X
SJLZTOI,X,X,X,X,X
SJLZITO,X,X,X,X,X
SJLZIOT,X,X,X,X,X
SJLZOTI,X,X,X,X,X
SJLZOIT,X,X,X,X,X
SJLOTIZ,X,X,X,X,X
SJLOTZI,X,X,X,X,X
SJLOITZ,X,X,X,X,X
SJLOIZT,X,X,X,X,X
SJLOZTI,X,X,X,X,X
SJLOZIT,X,X,X,X,X
SJZTILO,X,X,X,X,X
SJZTIOL,X,X,X,X,X
SJZTLIO,X,X,X,X,X
SJZTLOI,X,X,X,X,X
SJZTOIL,X,X,X,X,X
SJZTOLI,X,X,X,X,X
SJZITLO,X,X,X,X,X
SJZITOL,X,X,X,X,X
SJZILTO,X,X,X,X,X
SJZILOT,X,X,X,X,X
SJZIOTL,X,X,X,X,X
SJZIOLT,X,X,X,X,X
SJZLTIO,X,X,X,X,X
SJZLTOI,X,X,X,X,X
SJZLITO,X,X,X,X,X
SJZLIOT,X,X,X,X,X
SJZLOTI,X,X,X,X,X
SJZLOIT,X,X,X,X,X
SJZOTIL,X,X,X,X,X
SJZOTLI,X,X,X,X,X
SJZOITL,X,X,X,X,X
SJZOILT,X,X,X,X,X
SJZOLTI,X,X,X,X,X
SJZOLIT,X,X,X,X,X
SJOTILZ,X,X,X,X,X
SJOTIZL,X,X,X,X,X
SJOTLIZ,X,X,X,X,X
SJOTLZI,X,X,X,X,X
SJOTZIL,X,X,X,X,X
SJOTZLI,X,X,X,X,X
SJOITLZ,X,X,X,X,X
SJOITZL,X,X,X,X,X
SJOILTZ,X,X,X,X,X
SJOILZT,X,X,X,X,X
SJOIZTL,X,X,X,X,X
SJOIZLT,X,X,X,X,X
SJOLTIZ,X,X,X,X,X
SJOLTZI,X,X,X,X,X
SJOLITZ,X,X,X,X,X
SJOLIZT,X,X,X,X,X
SJOLZTI,X,X,X,X,X
SJOLZIT,X,X,X,X,X
SJOZTIL,X,X,X,X,X
SJOZTLI,X,X,X,X,X
SJOZITL,X,X,X,X,X
SJOZILT,X,X,X,X,X
SJOZLTI,X,X,X,X,X
SJOZLIT,X,X,X,X,X
SZTILJO,O,X,X,X,X
SZTILOJ,O,X,X,X,X
SZTIJLO,O,X,X,X,X
SZTIJOL,O,X,X,X,X
SZTIOLJ,O,X,X,X,X
SZTIOJL,O,X,X,X,X
SZTLIJO,O,X,X,X,X
SZTLIOJ,O,X,X,X,X
SZTLJIO,O,X,X,X,X
SZTLJOI,O,X,X,X,X
SZTLOIJ,O,X,X,X,O
SZTLOJI,O,X,X,X,O
SZTJILO,O,X,X,X,X
SZTJIOL,O,X,X,X,X
SZTJLIO,O,X,X,X,X
SZTJLOI,O,X,X,X,X
SZTJOIL,O,X,X,X,X
SZTJOLI,O,X,X,X,X
SZTOILJ,O,X,X,X,X
SZTOIJL,O,X,X,X,X
SZTOLIJ,O,X,X,X,O
SZTOLJI,O,X,X,X,O
SZTOJIL,O,X,X,X,X
SZTOJLI,O,X,X,X,X
SZITLJO,O,X,X,X,X
SZITLOJ,O,X,X,X,X
SZITJLO,O,X,X,X,X
SZITJOL,O,X,X,X,X
SZITOLJ,O,X,X,X,X
SZITOJL,O,X,X,X,X
SZILTJO,O,X,X,X,X
SZILTOJ,O,X,X,X,X
SZILJTO,X,X,X,X,X
SZILJOT,X,X,X,X,X
SZILOTJ,O,X,X,X,X
SZILOJT,X,X,X,X,X
SZIJTLO,O,X,X,X,X
SZIJTOL,O,X,X,X,X
SZIJLTO,X,X,X,X,X
SZIJLOT,X,X,X,X,X
SZIJOTL,O,X,X,X,X
SZIJOLT,X,X,X,X,X
SZIOTLJ,O,X,X,X,X
SZIOTJL,O,X,X,X,X
SZIOLTJ,O,X,X,X,X
SZIOLJT,X,X,X,X,X
SZIOJTL,O,X,X,X,X
SZIOJLT,X,X,X,X,X
SZLTIJO,O,X,X,X,X
SZLTIOJ,O,X,X,X,X
SZLTJIO,O,X,X,X,X
SZLTJOI,O,X,X,X,X
SZLTOIJ,O,X,X,X,O
SZLTOJI,O,X,X,X,O
SZLITJO,O,X,X,X,X
SZLITOJ,O,X,X,X,X
SZLIJTO,X,X,X,X,X
SZLIJOT,X,X,X,X,X
SZLIOTJ,O,X,X,X,X
SZLIOJT,X,X,X,X,X
SZLJTIO,X,X,X,X,X
SZLJTOI,X,X,X,X,X
SZLJITO,X,X,X,X,X
SZLJIOT,X,X,X,X,X
SZLJOTI,X,X,X,X,X
SZLJOIT,X,X,X,X,X
SZLOTIJ,O,X,X,X,O
SZLOTJI,O,X,X,X,O
SZLOITJ,O,X,X,X,O
SZLOIJT,X,X,X,X,X
SZLOJTI,X,X,X,X,X
SZLOJIT,X,X,X,X,X
SZJTILO,O,X,X,X,X
SZJTIOL,O,X,X,X,X
SZJTLIO,O,X,X,X,X
SZJTLOI,O,X,X,X,X
SZJTOIL,O,X,X,X,X
SZJTOLI,O,X,X,X,X
SZJITLO,O,X,X,X,X
SZJITOL,O,X,X,X,X
SZJILTO,X,X,X,X,X
SZJILOT,X,X,X,X,X
SZJIOTL,O,X,X,X,X
SZJIOLT,X,X,X,X,X
SZJLTIO,X,X,X,X,X
SZJLTOI,X,X,X,X,X
SZJLITO,X,X,X,X,X
SZJLIOT,X,X,X,X,X
SZJLOTI,X,X,X,X,X
SZJLOIT,X,X,X,X,X
SZJOTIL,O,X,X,X,X
SZJOTLI,O,X,X,X,X
SZJOITL,O,X,X,X,X
SZJOILT,X,X,X,X,X
SZJOLTI,X,X,X,X,X
SZJOLIT,X,X,X,X,X
SZOTILJ,O,X,X,X,X
SZOTIJL,O,X,X,X,X
SZOTLIJ,O,X,X,X,O
SZOTLJI,O,X,X,X,O
SZOTJIL,O,X,X,X,X
SZOTJLI,O,X,X,X,X
SZOITLJ,O,X,X,X,X
SZOITJL,O,X,X,X,X
SZOILTJ,O,X,X,X,X
SZOILJT,X,X,X,X,X
SZOIJTL,O,X,X,X,X
SZOIJLT,X,X,X,X,X
SZOLTIJ,O,X,X,X,O
SZOLTJI,O,X,X,X,O
SZOLITJ,O,X,X,X,O
SZOLIJT,X,X,X,X,X
SZOLJTI,X,X,X,X,X
SZOLJIT,X,X,X,X,X
SZOJTIL,O,X,X,X,X
SZOJTLI,O,X,X,X,X
SZOJITL,O,X,X,X,X
SZOJILT,X,X,X,X,X
SZOJLTI,X,X,X,X,X
SZOJLIT,X,X,X,X,X
SOTILJZ,X,X,X,X,X
SOTILZJ,X,X,X,X,X
SOTIJLZ,X,X,X,X,X
SOTIJZL,X,X,X,X,X
SOTIZLJ,X,X,X,X,X
SOTIZJL,X,X,X,X,X
SOTLIJZ,X,X,X,X,X
SOTLIZJ,X,X,X,X,O
SOTLJIZ,X,X,X,X,X
SOTLJZI,X,X,X,X,X
SOTLZIJ,X,X,X,X,O
SOTLZJI,X,X,X,X,O
SOTJILZ,X,X,X,X,X
SOTJIZL,X,X,X,X,X
SOTJLIZ,X,X,X,X,X
SOTJLZI,X,X,X,X,X
SOTJZIL,X,X,X,X,X
SOTJZLI,X,X,X,X,X
SOTZILJ,X,X,X,X,X
SOTZIJL,X,X,X,X,X
SOTZLIJ,X,X,X,X,O
SOTZLJI,X,X,X,X,O
SOTZJIL,X,X,X,X,X
SOTZJLI,X,X,X,X,X
SOITLJZ,X,X,X,X,X
SOITLZJ,X,X,X,X,X
SOITJLZ,X,X,X,X,X
SOITJZL,X,X,X,X,X
SOITZLJ,X,X,X,X,X
SOITZJL,X,X,X,X,X
SOILTJZ,X,X,X,X,X
SOILTZJ,X,X,X,X,X
SOILJTZ,X,X,X,X,X
SOILJZT,X,X,X,X,X
SOILZTJ,X,X,X,X,X
SOILZJT,X,X,X,X,X
SOIJTLZ,X,X,X,X,X
SOIJTZL,X,X,X,X,X
SOIJLTZ,X,X,X,X,X
SOIJLZT,X,X,X,X,X
SOIJZTL,X,X,X,X,X
SOIJZLT,X,X,X,X,X
SOIZTLJ,X,X,X,X,X
SOIZTJL,X,X,X,X,X
SOIZLTJ,X,X,X,X,X
SOIZLJT,X,X,X,X,X
SOIZJTL,X,X,X,X,X
SOIZJLT,X,X,X,X,X
SOLTIJZ,X,X,X,X,X
SOLTIZJ,X,X,X,X,O
SOLTJIZ,X,X,X,X,X
SOLTJZI,X,X,X,X,X
SOLTZIJ,X,X,X,X,O
SOLTZJI,X,X,X,X,O
SOLITJZ,X,X,X,X,X
SOLITZJ,X,X,X,X,O
SOLIJTZ,X,X,X,X,X
SOLIJZT,X,X,X,X,X
SOLIZTJ,X,X,X,X,O
SOLIZJT,X,X,X,X,X
SOLJTIZ,X,X,X,X,X
SOLJTZI,X,X,X,X,X
SOLJITZ,X,X,X,X,X
SOLJIZT,X,X,X,X,X
SOLJZTI,X,X,X,X,X
SOLJZIT,X,X,X,X,X
SOLZTIJ,X,X,X,X,O
SOLZTJI,X,X,X,X,O
SOLZITJ,X,X,X,X,O
SOLZIJT,X,X,X,X,X
SOLZJTI,X,X,X,X,X
SOLZJIT,X,X,X,X,X
SOJTILZ,X,X,X,X,X
SOJTIZL,X,X,X,X,X
SOJTLIZ,X,X,X,X,X
SOJTLZI,X,X,X,X,X
SOJTZIL,X,X,X,X,X
SOJTZLI,X,X,X,X,X
SOJITLZ,X,X,X,X,X
SOJITZL,X,X,X,X,X
SOJILTZ,X,X,X,X,X
SOJILZT,X,X,X,X,X
SOJIZTL,X,X,X,X,X
SOJIZLT,X,X,X,X,X
SOJLTIZ,X,X,X,X,X
SOJLTZI,X,X,X,X,X
SOJLITZ,X,X,X,X,X
SOJLIZT,X,X,X,X,X
SOJLZTI,X,X,X,X,X
SOJLZIT,X,X,X,X,X
SOJZTIL,X,X,X,X,X
SOJZTLI,X,X,X,X,X
SOJZITL,X,X,X,X,X
SOJZILT,X,X,X,X,X
SOJZLTI,X,X,X,X,X
SOJZLIT,X,X,X,X,X
SOZTILJ,X,X,X,X,X
SOZTIJL,X,X,X,X,X
SOZTLIJ,X,X,X,X,O
SOZTLJI,X,X,X,X,O
SOZTJIL,X,X,X,X,X
SOZTJLI,X,X,X,X,X
SOZITLJ,X,X,X,X,X
SOZITJL,X,X,X,X,X
SOZILTJ,X,X,X,X,X
SOZILJT,X,X,X,X,X
SOZIJTL,X,X,X,X,X
SOZIJLT,X,X,X,X,X
SOZLTIJ,X,X,X,X,O
SOZLTJI,X,X,X,X,O
SOZLITJ,X,X,X,X,O
SOZLIJT,X,X,X,X,X
SOZLJTI,X,X,X,X,X
SOZLJIT,X,X,X,X,X
SOZJTIL,X,X,X,X,X
SOZJTLI,X,X,X,X,X
SOZJITL,X,X,X,X,X
SOZJILT,X,X,X,X,X
SOZJLTI,X,X,X,X,X
SOZJLIT,X,X,X,X,X
ZTILJSO,X,X,X,X,X
ZTILJOS,X,X,O,X,X
ZTILSJO,X,X,X,X,X
ZTILSOJ,X,X,X,X,X
ZTILOJS,X,X,O,X,X
ZTILOSJ,X,X,X,X,X
ZTIJLSO,X,X,X,X,X
ZTIJLOS,X,X,O,X,X
ZTIJSLO,O,X,X,X,X
ZTIJSOL,O,X,X,X,X
ZTIJOLS,X,X,O,X,X
ZTIJOSL,O,X,X,X,X
ZTISLJO,O,X,X,X,X
ZTISLOJ,O,X,X,X,X
ZTISJLO,O,X,X,X,X
ZTISJOL,O,X,X,X,X
ZTISOLJ,O,X,X,X,X
ZTISOJL,O,X,X,X,X
ZTIOLJS,X,X,O,X,X
ZTIOLSJ,X,X,X,X,X
ZTIOJLS,X,X,O,X,X
ZTIOJSL,O,X,X,X,X
ZTIOSLJ,O,X,X,X,X
ZTIOSJL,O,X,X,X,X
ZTLIJSO,X,X,X,X,X
ZTLIJOS,X,X,O,X,X
ZTLISJO,X,X,X,X,X
ZTLISOJ,X,X,X,X,X
ZTLIOJS,X,X,O,X,X
ZTLIOSJ,X,X,X,X,X
ZTLJISO,X,X,X,X,X
ZTLJIOS,X,X,O,X,X
ZTLJSIO,X,X,X,X,X
ZTLJSOI,X,X,X,X,X
ZTLJOIS,X,X,O,X,X
ZTLJOSI,X,X,X,X,X
ZTLSIJO,X,X,X,X,X
ZTLSIOJ,X,X,X,X,X
ZTLSJIO,X,X,X,X,X
ZTLSJOI,X,X,X,X,X
ZTLSOIJ,X,X,X,X,X
ZTLSOJI,X,X,X,X,X
ZTLOIJS,X,X,O,X,X
ZTLOISJ,X,X,X,X,X
ZTLOJIS,X,X,O,X,X
ZTLOJSI,X,X,X,X,X
ZTLOSIJ,X,X,X,X,X
ZTLOSJI,X,X,X,X,X
ZTJILSO,X,X,X,X,X
ZTJILOS,X,X,O,X,X
ZTJISLO,O,X,X,X,X
ZTJISOL,O,X,X,X,X
ZTJIOLS,X,X,O,X,X
ZTJIOSL,O,X,X,X,X
ZTJLISO,X,X,X,X,X
ZTJLIOS,X,X,O,X,X
ZTJLSIO,X,X,X,X,X
ZTJLSOI,X,X,X,X,X
ZTJLOIS,X,X,O,X,X
ZTJLOSI,X,X,X,X,X
ZTJSILO,O,X,X,X,X
ZTJSIOL,O,X,X,X,X
ZTJSLIO,O,X,X,X,X
ZTJSLOI,O,X,X,X,X
ZTJSOIL,O,X,X,X,X
ZTJSOLI,O,X,X,X,X
ZTJOILS,X,X,O,X,X
ZTJOISL,O,X,X,X,X
ZTJOLIS,X,X,O,X,X
ZTJOLSI,X,X,X,X,X
ZTJOSIL,O,X,X,X,X
ZTJOSLI,O,X,X,X,X
ZTSILJO,O,X,X,X,X
ZTSILOJ,O,X,X,X,X
ZTSIJLO,O,X,X,X,X
ZTSIJOL,O,X,X,X,X
ZTSIOLJ,O,X,X,X,X
ZTSIOJL,O,X,X,X,X
ZTSLIJO,O,X,X,X,X
ZTSLIOJ,O,X,X,X,X
ZTSLJIO,O,X,X,X,X
ZTSLJOI,O,X,X,X,X
ZTSLOIJ,O,X,X,X,X
ZTSLOJI,O,X,X,X,X
ZTSJILO,O,X,X,X,X
ZTSJIOL,O,X,X,X,X
ZTSJLIO,O,X,X,X,X
ZTSJLOI,O,X,X,X,X
ZTSJOIL,O,X,X,X,X
ZTSJOLI,O,X,X,X,X
ZTSOILJ,O,X,X,X,X
ZTSOIJL,O,X,X,X,X
ZTSOLIJ,O,X,X,X,X
ZTSOLJI,O,X,X,X,X
ZTSOJIL,O,X,X,X,X
ZTSOJLI,O,X,X,X,X
ZTOILJS,X,X,O,X,X
ZTOILSJ,X,X,X,X,X
ZTOIJLS,X,X,O,X,X
ZTOIJSL,O,X,X,X,X
ZTOISLJ,O,X,X,X,X
ZTOISJL,O,X,X,X,X
ZTOLIJS,X,X,O,X,X
ZTOLISJ,X,X,X,X,X
ZTOLJIS,X,X,O,X,X
ZTOLJSI,X,X,X,X,X
ZTOLSIJ,X,X,X,X,X
ZTOLSJI,X,X,X,X,X
ZTOJILS,X,X,O,X,X
ZTOJISL,O,X,X,X,X
ZTOJLIS,X,X,O,X,X
ZTOJLSI,X,X,X,X,X
ZTOJSIL,O,X,X,X,X
ZTOJSLI,O,X,X,X,X
ZTOSILJ,O,X,X,X,X
ZTOSIJL,O,X,X,X,X
ZTOSLIJ,O,X,X,X,X
ZTOSLJI,O,X,X,X,X
ZTOSJIL,O,X,X,X,X
ZTOSJLI,O,X,X,X,X
ZITLJSO,X,X,X,X,X
ZITLJOS,X,X,O,X,X
ZITLSJO,X,X,X,X,X
ZITLSOJ,X,X,X,X,X
ZITLOJS,X,X,O,X,X
ZITLOSJ,X,X,X,X,X
ZITJLSO,X,X,X,X,X
ZITJLOS,X,X,O,X,X
ZITJSLO,O,X,X,X,X
ZITJSOL,O,X,X,X,X
ZITJOLS,X,X,O,X,X
ZITJOSL,O,X,X,X,X
ZITSLJO,O,X,X,X,X
ZITSLOJ,O,X,X,X,X
ZITSJLO,O,X,X,X,X
ZITSJOL,O,X,X,X,X
ZITSOLJ,O,X,X,X,X
ZITSOJL,O,X,X,X,X
ZITOLJS,X,X,O,X,X
ZITOLSJ,X,X,X,X,X
ZITOJLS,X,X,O,X,X
ZITOJSL,O,X,X,X,X
ZITOSLJ,O,X,X,X,X
ZITOSJL,O,X,X,X,X
ZILTJSO,X,X,X,X,X
ZILTJOS,X,X,O,X,X
ZILTSJO,X,X,X,X,X
ZILTSOJ,X,X,X,X,X
ZILTOJS,X,X,O,X,X
ZILTOSJ,X,X,X,X,X
ZILJTSO,X,X,X,X,X
ZILJTOS,X,X,O,X,X
ZILJSTO,X,X,X,X,X
ZILJSOT,X,X,X,X,X
ZILJOTS,X,X,X,X,X
ZILJOST,X,X,X,X,X
ZILSTJO,X,X,X,X,X
ZILSTOJ,X,X,X,X,X
ZILSJTO,X,X,X,X,X
ZILSJOT,X,X,X,X,X
ZILSOTJ,X,X,X,X,X
ZILSOJT,X,X,X,X,X
ZILOTJS,X,X,X,X,X
ZILOTSJ,X,X,X,X,X
ZILOJTS,X,X,X,X,X
ZILOJST,X,X,X,X,X
ZILOSTJ,X,X,X,X,X
ZILOSJT,X,X,X,X,X
ZIJTLSO,X,X,X,X,X
ZIJTLOS,X,X,O,X,X
ZIJTSLO,O,X,X,X,X
ZIJTSOL,O,X,X,X,X
ZIJTOLS,X,X,O,X,X
ZIJTOSL,O,X,X,X,X
ZIJLTSO,X,X,X,X,X
ZIJLTOS,X,X,O,X,X
ZIJLSTO,X,X,X,X,X
ZIJLSOT,X,X,X,X,X
ZIJLOTS,X,X,X,X,X
ZIJLOST,X,X,X,X,X
ZIJSTLO,O,X,X,X,X
ZIJSTOL,O,X,X,X,X
ZIJSLTO,X,X,X,X,X
ZIJSLOT,X,X,X,X,X
ZIJSOTL,O,X,X,X,X
ZIJSOLT,X,X,X,X,X
ZIJOTLS,X,X,O,X,X
ZIJOTSL,O,X,X,X,X
ZIJOLTS,X,X,X,X,X
ZIJOLST,X,X,X,X,X
ZIJOSTL,O,X,X,X,X
ZIJOSLT,X,X,X,X,X
ZISTLJO,O,X,X,X,X
ZISTLOJ,O,X,X,X,X
ZISTJLO,O,X,X,X,X
ZISTJOL,O,X,X,X,X
ZISTOLJ,O,X,X,X,X
ZISTOJL,O,X,X,X,X
ZISLTJO,O,X,X,X,X
ZISLTOJ,O,X,X,X,X
ZISLJTO,X,X,X,X,X
ZISLJOT,X,X,X,X,X
ZISLOTJ,O,X,X,X,X
ZISLOJT,X,X,X,X,X
ZISJTLO,O,X,X,X,X
ZISJTOL,O,X,X,X,X
ZISJLTO,X,X,X,X,X
ZISJLOT,X,X,X,X,X
ZISJOTL,O,X,X,X,X
ZISJOLT,X,X,X,X,X
ZISOTLJ,O,X,X,X,X
ZISOTJL,O,X,X,X,X
ZISOLTJ,O,X,X,X,X
ZISOLJT,X,X,X,X,X
ZISOJTL,O,X,X,X,X
ZISOJLT,X,X,X,X,X
ZIOTLJS,X,X,O,X,X
ZIOTLSJ,X,X,X,X,X
ZIOTJLS,X,X,O,X,X
ZIOTJSL,O,X,X,X,X
ZIOTSLJ,O,X,X,X,X
ZIOTSJL,O,X,X,X,X
ZIOLTJS,X,X,X,X,X
ZIOLTSJ,X,X,X,X,X
ZIOLJTS,X,X,X,X,X
ZIOLJST,X,X,X,X,X
ZIOLSTJ,X,X,X,X,X
ZIOLSJT,X,X,X,X,X
ZIOJTLS,X,X,O,X,X
ZIOJTSL,O,X,X,X,X
ZIOJLTS,X,X,X,X,X
ZIOJLST,X,X,X,X,X
ZIOJSTL,O,X,X,X,X
ZIOJSLT,X,X,X,X,X
ZIOSTLJ,O,X,X,X,X
ZIOSTJL,O,X,X,X,X
ZIOSLTJ,O,X,X,X,X
ZIOSLJT,X,X,X,X,X
ZIOSJTL,O,X,X,X,X
ZIOSJLT,X,X,X,X,X
ZLTIJSO,X,X,X,X,X
ZLTIJOS,X,X,O,X,X
ZLTISJO,X,X,X,X,X
ZLTISOJ,X,X,X,X,X
ZLTIOJS,X,X,O,X,X
ZLTIOSJ,X,X,X,X,X
ZLTJISO,X,X,X,X,X
ZLTJIOS,X,X,O,X,X
ZLTJSIO,X,X,X,X,X
ZLTJSOI,X,X,X,X,X
ZLTJOIS,X,X,O,X,X
ZLTJOSI,X,X,X,X,X
ZLTSIJO,X,X,X,X,X
ZLTSIOJ,X,X,X,X,X
ZLTSJIO,X,X,X,X,X
ZLTSJOI,X,X,X,X,X
ZLTSOIJ,X,X,X,X,X
ZLTSOJI,X,X,X,X,X
ZLTOIJS,X,X,O,X,X
ZLTOISJ,X,X,X,X,X
ZLTOJIS,X,X,O,X,X
ZLTOJSI,X,X,X,X,X
ZLTOSIJ,X,X,X,X,X
ZLTOSJI,X,X,X,X,X
ZLITJSO,X,X,X,X,X
ZLITJOS,X,X,O,X,X
ZLITSJO,X,X,X,X,X
ZLITSOJ,X,X,X,X,X
ZLITOJS,X,X,O,X,X
ZLITOSJ,X,X,X,X,X
ZLIJTSO,X,X,X,X,X
ZLIJTOS,X,X,O,X,X
ZLIJSTO,X,X,X,X,X
ZLIJSOT,X,X,X,X,X
ZLIJOTS,X,X,X,X,X
ZLIJOST,X,X,X,X,X
ZLISTJO,X,X,X,X,X
ZLISTOJ,X,X,X,X,X
ZLISJTO,X,X,X,X,X
ZLISJOT,X,X,X,X,X
ZLISOTJ,X,X,X,X,X
ZLISOJT,X,X,X,X,X
ZLIOTJS,X,X,X,X,X
ZLIOTSJ,X,X,X,X,X
ZLIOJTS,X,X,X,X,X
ZLIOJST,X,X,X,X,X
ZLIOSTJ,X,X,X,X,X
ZLIOSJT,X,X,X,X,X
ZLJTISO,X,X,X,X,X
ZLJTIOS,X,X,O,X,X
ZLJTSIO,X,X,X,X,X
ZLJTSOI,X,X,X,X,X
ZLJTOIS,X,X,O,X,X
ZLJTOSI,X,X,X,X,X
ZLJITSO,X,X,X,X,X
ZLJITOS,X,X,O,X,X
ZLJISTO,X,X,X,X,X
ZLJISOT,X,X,X,X,X
ZLJIOTS,X,X,X,X,X
ZLJIOST,X,X,X,X,X
ZLJSTIO,X,X,X,X,X
ZLJSTOI,X,X,X,X,X
ZLJSITO,X,X,X,X,X
ZLJSIOT,X,X,X,X,X
ZLJSOTI,X,X,X,X,X
ZLJSOIT,X,X,X,X,X
ZLJOTIS,X,X,X,X,X
ZLJOTSI,X,X,X,X,X
ZLJOITS,X,X,X,X,X
ZLJOIST,X,X,X,X,X
ZLJOSTI,X,X,X,X,X
ZLJOSIT,X,X,X,X,X
ZLSTIJO,X,X,X,X,X
ZLSTIOJ,X,X,X,X,X
ZLSTJIO,X,X,X,X,X
ZLSTJOI,X,X,X,X,X
ZLSTOIJ,X,X,X,X,X
ZLSTOJI,X,X,X,X,X
ZLSITJO,X,X,X,X,X
ZLSITOJ,X,X,X,X,X
ZLSIJTO,X,X,X,X,X
ZLSIJOT,X,X,X,X,X
ZLSIOTJ,X,X,X,X,X
ZLSIOJT,X,X,X,X,X
ZLSJTIO,X,X,X,X,X
ZLSJTOI,X,X,X,X,X
ZLSJITO,X,X,X,X,X
ZLSJIOT,X,X,X,X,X
ZLSJOTI,X,X,X,X,X
ZLSJOIT,X,X,X,X,X
ZLSOTIJ,X,X,X,X,X
ZLSOTJI,X,X,X,X,X
ZLSOITJ,X,X,X,X,X
ZLSOIJT,X,X,X,X,X
ZLSOJTI,X,X,X,X,X
ZLSOJIT,X,X,X,X,X
ZLOTIJS,X,X,X,X,X
ZLOTISJ,X,X,X,X,X
ZLOTJIS,X,X,X,X,X
ZLOTJSI,X,X,X,X,X
ZLOTSIJ,X,X,X,X,X
ZLOTSJI,X,X,X,X,X
ZLOITJS,X,X,X,X,X
ZLOITSJ,X,X,X,X,X
ZLOIJTS,X,X,X,X,X
ZLOIJST,X,X,X,X,X
ZLOISTJ,X,X,X,X,X
ZLOISJT,X,X,X,X,X
ZLOJTIS,X,X,X,X,X
ZLOJTSI,X,X,X,X,X
ZLOJITS,X,X,X,X,X
ZLOJIST,X,X,X,X,X
ZLOJSTI,X,X,X,X,X
ZLOJSIT,X,X,X,X,X
ZLOSTIJ,X,X,X,X,X
ZLOSTJI,X,X,X,X,X
ZLOSITJ,X,X,X,X,X
ZLOSIJT,X,X,X,X,X
ZLOSJTI,X,X,X,X,X
ZLOSJIT,X,X,X,X,X
ZJTILSO,X,X,X,X,X
ZJTILOS,X,X,O,X,X
ZJTISLO,O,X,X,X,X
ZJTISOL,O,X,X,X,X
ZJTIOLS,X,X,O,X,X
ZJTIOSL,O,X,X,X,X
ZJTLISO,X,X,X,X,X
ZJTLIOS,X,X,O,X,X
ZJTLSIO,X,X,X,X,X
ZJTLSOI,X,X,X,X,X
ZJTLOIS,X,X,O,X,X
ZJTLOSI,X,X,X,X,X
ZJTSILO,O,X,X,X,X
ZJTSIOL,O,X,X,X,X
ZJTSLIO,O,X,X,X,X
ZJTSLOI,O,X,X,X,X
ZJTSOIL,O,X,X,X,X
ZJTSOLI,O,X,X,X,X
ZJTOILS,X,X,O,X,X
ZJTOISL,O,X,X,X,X
ZJTOLIS,X,X,O,X,X
ZJTOLSI,X,X,X,X,X
ZJTOSIL,O,X,X,X,X
ZJTOSLI,O,X,X,X,X
ZJITLSO,X,X,X,X,X
ZJITLOS,X,X,O,X,X
ZJITSLO,O,X,X,X,X
ZJITSOL,O,X,X,X,X
ZJITOLS,X,X,O,X,X
ZJITOSL,O,X,X,X,X
ZJILTSO,X,X,X,X,X
ZJILTOS,X,X,O,X,X
ZJILSTO,X,X,X,X,X
ZJILSOT,X,X,X,X,X
ZJILOTS,X,X,X,X,X
ZJILOST,X,X,X,X,X
ZJISTLO,O,X,X,X,X
ZJISTOL,O,X,X,X,X
ZJISLTO,X,X,X,X,X
ZJISLOT,X,X,X,X,X
ZJISOTL,O,X,X,X,X
ZJISOLT,X,X,X,X,X
ZJIOTLS,X,X,O,X,X
ZJIOTSL,O,X,X,X,X
ZJIOLTS,X,X,X,X,X
ZJIOLST,X,X,X,X,X
ZJIOSTL,O,X,X,X,X
ZJIOSLT,X,X,X,X,X
ZJLTISO,X,X,X,X,X
ZJLTIOS,X,X,O,X,X
ZJLTSIO,X,X,X,X,X
ZJLTSOI,X,X,X,X,X
ZJLTOIS,X,X,O,X,X
ZJLTOSI,X,X,X,X,X
ZJLITSO,X,X,X,X,X
ZJLITOS,X,X,O,X,X
ZJLISTO,X,X,X,X,X
ZJLISOT,X,X,X,X,X
ZJLIOTS,X,X,X,X,X
ZJLIOST,X,X,X,X,X
ZJLSTIO,X,X,X,X,X
ZJLSTOI,X,X,X,X,X
ZJLSITO,X,X,X,X,X
ZJLSIOT,X,X,X,X,X
ZJLSOTI,X,X,X,X,X
ZJLSOIT,X,X,X,X,X
ZJLOTIS,X,X,X,X,X
ZJLOTSI,X,X,X,X,X
ZJLOITS,X,X,X,X,X
ZJLOIST,X,X,X,X,X
ZJLOSTI,X,X,X,X,X
ZJLOSIT,X,X,X,X,X
ZJSTILO,O,X,X,X,X
ZJSTIOL,O,X,X,X,X
ZJSTLIO,O,X,X,X,X
ZJSTLOI,O,X,X,X,X
ZJSTOIL,O,X,X,X,X
ZJSTOLI,O,X,X,X,X
ZJSITLO,O,X,X,X,X
ZJSITOL,O,X,X,X,X
ZJSILTO,X,X,X,X,X
ZJSILOT,X,X,X,X,X
ZJSIOTL,O,X,X,X,X
ZJSIOLT,X,X,X,X,X
ZJSLTIO,X,X,X,X,X
ZJSLTOI,X,X,X,X,X
ZJSLITO,X,X,X,X,X
ZJSLIOT,X,X,X,X,X
ZJSLOTI,X,X,X,X,X
ZJSLOIT,X,X,X,X,X
ZJSOTIL,O,X,X,X,X
ZJSOTLI,O,X,X,X,X
ZJSOITL,O,X,X,X,X
ZJSOILT,X,X,X,X,X
ZJSOLTI,X,X,X,X,X
ZJSOLIT,X,X,X,X,X
ZJOTILS,X,X,O,X,X
ZJOTISL,O,X,X,X,X
ZJOTLIS,X,X,O,X,X
ZJOTLSI,X,X,X,X,X
ZJOTSIL,O,X,X,X,X
ZJOTSLI,O,X,X,X,X
ZJOITLS,X,X,O,X,X
ZJOITSL,O,X,X,X,X
ZJOILTS,X,X,X,X,X
ZJOILST,X,X,X,X,X
ZJOISTL,O,X,X,X,X
ZJOISLT,X,X,X,X,X
ZJOLTIS,X,X,X,X,X
ZJOLTSI,X,X,X,X,X
ZJOLITS,X,X,X,X,X
ZJOLIST,X,X,X,X,X
ZJOLSTI,X,X,X,X,X
ZJOLSIT,X,X,X,X,X
ZJOSTIL,O,X,X,X,X
ZJOSTLI,O,X,X,X,X
ZJOSITL,O,X,X,X,X
ZJOSILT,X,X,X,X,X
ZJOSLTI,X,X,X,X,X
ZJOSLIT,X,X,X,X,X
ZSTILJO,O,X,X,X,X
ZSTILOJ,O,X,X,X,X
ZSTIJLO,O,X,X,X,X
ZSTIJOL,O,X,X,X,X
ZSTIOLJ,O,X,X,X,X
ZSTIOJL,O,X,X,X,X
ZSTLIJO,O,X,X,X,X
ZSTLIOJ,O,X,X,X,X
ZSTLJIO,O,X,X,X,X
ZSTLJOI,O,X,X,X,X
ZSTLOIJ,O,X,X,X,X
ZSTLOJI,O,X,X,X,X
ZSTJILO,O,X,X,X,X
ZSTJIOL,O,X,X,X,X
ZSTJLIO,O,X,X,X,X
ZSTJLOI,O,X,X,X,X
ZSTJOIL,O,X,X,X,X
ZSTJOLI,O,X,X,X,X
ZSTOILJ,O,X,X,X,X
ZSTOIJL,O,X,X,X,X
ZSTOLIJ,O,X,X,X,X
ZSTOLJI,O,X,X,X,X
ZSTOJIL,O,X,X,X,X
ZSTOJLI,O,X,X,X,X
ZSITLJO,O,X,X,X,X
ZSITLOJ,O,X,X,X,X
ZSITJLO,O,X,X,X,X
ZSITJOL,O,X,X,X,X
ZSITOLJ,O,X,X,X,X
ZSITOJL,O,X,X,X,X
ZSILTJO,O,X,X,X,X
ZSILTOJ,O,X,X,X,X
ZSILJTO,X,X,X,X,X
ZSILJOT,X,X,X,X,X
ZSILOTJ,O,X,X,X,X
ZSILOJT,X,X,X,X,X
ZSIJTLO,O,X,X,X,X
ZSIJTOL,O,X,X,X,X
ZSIJLTO,X,X,X,X,X
ZSIJLOT,X,X,X,X,X
ZSIJOTL,O,X,X,X,X
ZSIJOLT,X,X,X,X,X
ZSIOTLJ,O,X,X,X,X
ZSIOTJL,O,X,X,X,X
ZSIOLTJ,O,X,X,X,X
ZSIOLJT,X,X,X,X,X
ZSIOJTL,O,X,X,X,X
ZSIOJLT,X,X,X,X,X
ZSLTIJO,O,X,X,X,X
ZSLTIOJ,O,X,X,X,X
ZSLTJIO,O,X,X,X,X
ZSLTJOI,O,X,X,X,X
ZSLTOIJ,O,X,X,X,X
ZSLTOJI,O,X,X,X,X
ZSLITJO,O,X,X,X,X
ZSLITOJ,O,X,X,X,X
ZSLIJTO,X,X,X,X,X
ZSLIJOT,X,X,X,X,X
ZSLIOTJ,O,X,X,X,X
ZSLIOJT,X,X,X,X,X
ZSLJTIO,X,X,X,X,X
ZSLJTOI,X,X,X,X,X
ZSLJITO,X,X,X,X,X
ZSLJIOT,X,X,X,X,X
ZSLJOTI,X,X,X,X,X
ZSLJOIT,X,X,X,X,X
ZSLOTIJ,O,X,X,X,X
ZSLOTJI,O,X,X,X,X
ZSLOITJ,O,X,X,X,X
ZSLOIJT,X,X,X,X,X
ZSLOJTI,X,X,X,X,X
ZSLOJIT,X,X,X,X,X
ZSJTILO,O,X,X,X,X
ZSJTIOL,O,X,X,X,X
ZSJTLIO,O,X,X,X,X
ZSJTLOI,O,X,X,X,X
ZSJTOIL,O,X,X,X,X
ZSJTOLI,O,X,X,X,X
ZSJITLO,O,X,X,X,X
ZSJITOL,O,X,X,X,X
ZSJILTO,X,X,X,X,X
ZSJILOT,X,X,X,X,X
ZSJIOTL,O,X,X,X,X
ZSJIOLT,X,X,X,X,X
ZSJLTIO,X,X,X,X,X
ZSJLTOI,X,X,X,X,X
ZSJLITO,X,X,X,X,X
ZSJLIOT,X,X,X,X,X
ZSJLOTI,X,X,X,X,X
ZSJLOIT,X,X,X,X,X
ZSJOTIL,O,X,X,X,X
ZSJOTLI,O,X,X,X,X
ZSJOITL,O,X,X,X,X
ZSJOILT,X,X,X,X,X
ZSJOLTI,X,X,X,X,X
ZSJOLIT,X,X,X,X,X
ZSOTILJ,O,X,X,X,X
ZSOTIJL,O,X,X,X,X
ZSOTLIJ,O,X,X,X,X
ZSOTLJI,O,X,X,X,X
ZSOTJIL,O,X,X,X,X
ZSOTJLI,O,X,X,X,X
ZSOITLJ,O,X,X,X,X
ZSOITJL,O,X,X,X,X
ZSOILTJ,O,X,X,X,X
ZSOILJT,X,X,X,X,X
ZSOIJTL,O,X,X,X,X
ZSOIJLT,X,X,X,X,X
ZSOLTIJ,O,X,X,X,X
ZSOLTJI,O,X,X,X,X
ZSOLITJ,O,X,X,X,X
ZSOLIJT,X,X,X,X,X
ZSOLJTI,X,X,X,X,X
ZSOLJIT,X,X,X,X,X
ZSOJTIL,O,X,X,X,X
ZSOJTLI,O,X,X,X,X
ZSOJITL,O,X,X,X,X
ZSOJILT,X,X,X,X,X
ZSOJLTI,X,X,X,X,X
ZSOJLIT,X,X,X,X,X
ZOTILJS,X,X,O,X,X
ZOTILSJ,X,X,X,X,X
ZOTIJLS,X,X,O,X,X
ZOTIJSL,O,X,X,X,X
ZOTISLJ,O,X,X,X,X
ZOTISJL,O,X,X,X,X
ZOTLIJS,X,X,O,X,X
ZOTLISJ,X,X,X,X,X
ZOTLJIS,X,X,O,X,X
ZOTLJSI,X,X,X,X,X
ZOTLSIJ,X,X,X,X,X
ZOTLSJI,X,X,X,X,X
ZOTJILS,X,X,O,X,X
ZOTJISL,O,X,X,X,X
ZOTJLIS,X,X,O,X,X
ZOTJLSI,X,X,X,X,X
ZOTJSIL,O,X,X,X,X
ZOTJSLI,O,X,X,X,X
ZOTSILJ,O,X,X,X,X
ZOTSIJL,O,X,X,X,X
ZOTSLIJ,O,X,X,X,X
ZOTSLJI,O,X,X,X,X
ZOTSJIL,O,X,X,X,X
ZOTSJLI,O,X,X,X,X
ZOITLJS,X,X,O,X,X
ZOITLSJ,X,X,X,X,X
ZOITJLS,X,X,O,X,X
ZOITJSL,O,X,X,X,X
ZOITSLJ,O,X,X,X,X
ZOITSJL,O,X,X,X,X
ZOILTJS,X,X,X,X,X
ZOILTSJ,X,X,X,X,X
ZOILJTS,X,X,X,X,X
ZOILJST,X,X,X,X,X
ZOILSTJ,X,X,X,X,X
ZOILSJT,X,X,X,X,X
ZOIJTLS,X,X,O,X,X
ZOIJTSL,O,X,X,X,X
ZOIJLTS,X,X,X,X,X
ZOIJLST,X,X,X,X,X
ZOIJSTL,O,X,X,X,X
ZOIJSLT,X,X,X,X,X
ZOISTLJ,O,X,X,X,X
ZOISTJL,O,X,X,X,X
ZOISLTJ,O,X,X,X,X
ZOISLJT,X,X,X,X,X
ZOISJTL,O,X,X,X,X
ZOISJLT,X,X,X,X,X
ZOLTIJS,X,X,X,X,X
ZOLTISJ,X,X,X,X,X
ZOLTJIS,X,X,X,X,X
ZOLTJSI,X,X,X,X,X
ZOLTSIJ,X,X,X,X,X
ZOLTSJI,X,X,X,X,X
ZOLITJS,X,X,X,X,X
ZOLITSJ,X,X,X,X,X
ZOLIJTS,X,X,X,X,X
ZOLIJST,X,X,X,X,X
ZOLISTJ,X,X,X,X,X
ZOLISJT,X,X,X,X,X
ZOLJTIS,X,X,X,X,X
ZOLJTSI,X,X,X,X,X
ZOLJITS,X,X,X,X,X
ZOLJIST,X,X,X,X,X
ZOLJSTI,X,X,X,X,X
ZOLJSIT,X,X,X,X,X
ZOLSTIJ,X,X,X,X,X
ZOLSTJI,X,X,X,X,X
ZOLSITJ,X,X,X,X,X
ZOLSIJT,X,X,X,X,X
ZOLSJTI,X,X,X,X,X
ZOLSJIT,X,X,X,X,X
ZOJTILS,X,X,O,X,X
ZOJTISL,O,X,X,X,X
ZOJTLIS,X,X,O,X,X
ZOJTLSI,X,X,X,X,X
ZOJTSIL,O,X,X,X,X
ZOJTSLI,O,X,X,X,X
ZOJITLS,X,X,O,X,X
ZOJITSL,O,X,X,X,X
ZOJILTS,X,X,X,X,X
ZOJILST,X,X,X,X,X
ZOJISTL,O,X,X,X,X
ZOJISLT,X,X,X,X,X
ZOJLTIS,X,X,X,X,X
ZOJLTSI,X,X,X,X,X
ZOJLITS,X,X,X,X,X
ZOJLIST,X,X,X,X,X
ZOJLSTI,X,X,X,X,X
ZOJLSIT,X,X,X,X,X
ZOJSTIL,O,X,X,X,X
ZOJSTLI,O,X,X,X,X
ZOJSITL,O,X,X,X,X
ZOJSILT,X,X,X,X,X
ZOJSLTI,X,X,X,X,X
ZOJSLIT,X,X,X,X,X
ZOSTILJ,O,X,X,X,X
ZOSTIJL,O,X,X,X,X
ZOSTLIJ,O,X,X,X,X
ZOSTLJI,O,X,X,X,X
ZOSTJIL,O,X,X,X,X
ZOSTJLI,O,X,X,X,X
ZOSITLJ,O,X,X,X,X
ZOSITJL,O,X,X,X,X
ZOSILTJ,O,X,X,X,X
ZOSILJT,X,X,X,X,X
ZOSIJTL,O,X,X,X,X
ZOSIJLT,X,X,X,X,X
ZOSLTIJ,O,X,X,X,X
ZOSLTJI,O,X,X,X,X
ZOSLITJ,O,X,X,X,X
ZOSLIJT,X,X,X,X,X
ZOSLJTI,X,X,X,X,X
ZOSLJIT,X,X,X,X,X
ZOSJTIL,O,X,X,X,X
ZOSJTLI,O,X,X,X,X
ZOSJITL,O,X,X,X,X
ZOSJILT,X,X,X,X,X
ZOSJLTI,X,X,X,X,X
ZOSJLIT,X,X,X,X,X
OTILJSZ,X,X,X,X,X
OTILJZS,X,X,X,O,X
OTILSJZ,X,X,X,X,X
OTILSZJ,X,X,X,X,X
OTILZJS,X,X,X,O,X
OTILZSJ,X,X,X,X,X
OTIJLSZ,X,X,X,X,X
OTIJLZS,X,X,X,O,X
OTIJSLZ,X,X,X,X,X
OTIJSZL,X,X,X,X,X
OTIJZLS,X,X,X,O,X
OTIJZSL,X,X,X,X,X
OTISLJZ,X,X,X,X,X
OTISLZJ,X,X,X,X,X
OTISJLZ,X,X,X,X,X
OTISJZL,X,X,X,X,X
OTISZLJ,X,X,X,X,X
OTISZJL,X,X,X,X,X
OTIZLJS,X,X,X,O,X
OTIZLSJ,X,X,X,X,X
OTIZJLS,X,X,X,O,X
OTIZJSL,X,X,X,X,X
OTIZSLJ,X,X,X,X,X
OTIZSJL,X,X,X,X,X
OTLIJSZ,X,X,X,X,X
OTLIJZS,X,X,X,O,X
OTLISJZ,X,X,X,X,X
OTLISZJ,X,X,X,X,O
OTLIZJS,X,X,X,O,X
OTLIZSJ,X,X,X,X,X
OTLJISZ,X,X,X,X,X
OTLJIZS,X,X,X,O,X
OTLJSIZ,X,X,X,X,X
OTLJSZI,X,X,X,X,X
OTLJZIS,X,X,X,O,X
OTLJZSI,X,X,X,X,X
OTLSIJZ,X,X,X,X,X
OTLSIZJ,X,X,X,X,O
OTLSJIZ,X,X,X,X,X
OTLSJZI,X,X,X,X,X
OTLSZIJ,X,X,X,X,O
OTLSZJI,X,X,X,X,O
OTLZIJS,X,X,X,O,X
OTLZISJ,X,X,X,X,X
OTLZJIS,X,X,X,O,X
OTLZJSI,X,X,X,X,X
OTLZSIJ,X,X,X,X,X
OTLZSJI,X,X,X,X,X
OTJILSZ,X,X,X,X,X
OTJILZS,X,X,X,O,X
OTJISLZ,X,X,X,X,X
OTJISZL,X,X,X,X,X
OTJIZLS,X,X,X,O,X
OTJIZSL,X,X,X,X,X
OTJLISZ,X,X,X,X,X
OTJLIZS,X,X,X,O,X
OTJLSIZ,X,X,X,X,X
OTJLSZI,X,X,X,X,X
OTJLZIS,X,X,X,O,X
OTJLZSI,X,X,X,X,X
OTJSILZ,X,X,X,X,X
OTJSIZL,X,X,X,X,X
OTJSLIZ,X,X,X,X,X
OTJSLZI,X,X,X,X,X
OTJSZIL,X,X,X,X,X
OTJSZLI,X,X,X,X,X
OTJZILS,X,X,X,O,X
OTJZISL,X,X,X,X,X
OTJZLIS,X,X,X,O,X
OTJZLSI,X,X,X,X,X
OTJZSIL,X,X,X,X,X
OTJZSLI,X,X,X,X,X
OTSILJZ,X,X,X,X,X
OTSILZJ,X,X,X,X,X
OTSIJLZ,X,X,X,X,X
OTSIJZL,X,X,X,X,X
OTSIZLJ,X,X,X,X,X
OTSIZJL,X,X,X,X,X
OTSLIJZ,X,X,X,X,X
OTSLIZJ,X,X,X,X,O
OTSLJIZ,X,X,X,X,X
OTSLJZI,X,X,X,X,X
OTSLZIJ,X,X,X,X,O
OTSLZJI,X,X,X,X,O
OTSJILZ,X,X,X,X,X
OTSJIZL,X,X,X,X,X
OTSJLIZ,X,X,X,X,X
OTSJLZI,X,X,X,X,X
OTSJZIL,X,X,X,X,X
OTSJZLI,X,X,X,X,X
OTSZILJ,X,X,X,X,X
OTSZIJL,X,X,X,X,X
OTSZLIJ,X,X,X,X,O
OTSZLJI,X,X,X,X,O
OTSZJIL,X,X,X,X,X
OTSZJLI,X,X,X,X,X
OTZILJS,X,X,X,O,X
OTZILSJ,X,X,X,X,X
OTZIJLS,X,X,X,O,X
OTZIJSL,X,X,X,X,X
OTZISLJ,X,X,X,X,X
OTZISJL,X,X,X,X,X
OTZLIJS,X,X,X,O,X
OTZLISJ,X,X,X,X,X
OTZLJIS,X,X,X,O,X
OTZLJSI,X,X,X,X,X
OTZLSIJ,X,X,X,X,X
OTZLSJI,X,X,X,X,X
OTZJILS,X,X,X,O,X
OTZJISL,X,X,X,X,X
OTZJLIS,X,X,X,O,X
OTZJLSI,X,X,X,X,X
OTZJSIL,X,X,X,X,X
OTZJSLI,X,X,X,X,X
OTZSILJ,X,X,X,X,X
OTZSIJL,X,X,X,X,X
OTZSLIJ,X,X,X,X,X
OTZSLJI,X,X,X,X,X
OTZSJIL,X,X,X,X,X
OTZSJLI,X,X,X,X,X
OITLJSZ,X,X,X,X,X
OITLJZS,X,X,X,O,X
OITLSJZ,X,X,X,X,X
OITLSZJ,X,X,X,X,X
OITLZJS,X,X,X,O,X
OITLZSJ,X,X,X,X,X
OITJLSZ,X,X,X,X,X
OITJLZS,X,X,X,O,X
OITJSLZ,X,X,X,X,X
OITJSZL,X,X,X,X,X
OITJZLS,X,X,X,O,X
OITJZSL,X,X,X,X,X
OITSLJZ,X,X,X,X,X
OITSLZJ,X,X,X,X,X
OITSJLZ,X,X,X,X,X
OITSJZL,X,X,X,X,X
OITSZLJ,X,X,X,X,X
OITSZJL,X,X,X,X,X
OITZLJS,X,X,X,O,X
OITZLSJ,X,X,X,X,X
OITZJLS,X,X,X,O,X
OITZJSL,X,X,X,X,X
OITZSLJ,X,X,X,X,X
OITZSJL,X,X,X,X,X
OILTJSZ,X,X,X,X,X
OILTJZS,X,O,X,O,X
OILTSJZ,X,X,X,X,X
OILTSZJ,X,X,X,X,X
OILTZJS,X,X,X,O,X
OILTZSJ,X,X,X,X,X
OILJTSZ,X,X,X,X,X
OILJTZS,X,O,X,O,X
OILJSTZ,X,X,X,X,X
OILJSZT,X,X,X,X,X
OILJZTS,X,O,X,X,X
OILJZST,X,X,X,X,X
OILSTJZ,X,X,X,X,X
OILSTZJ,X,X,X,X,X
OILSJTZ,X,X,X,X,X
OILSJZT,X,X,X,X,X
OILSZTJ,X,X,X,X,X
OILSZJT,X,X,X,X,X
OILZTJS,X,X,X,X,X
OILZTSJ,X,X,X,X,X
OILZJTS,X,X,X,X,X
OILZJST,X,X,X,X,X
OILZSTJ,X,X,X,X,X
OILZSJT,X,X,X,X,X
OIJTLSZ,X,X,X,X,X
OIJTLZS,X,X,X,O,X
OIJTSLZ,X,X,X,X,X
OIJTSZL,X,X,X,X,X
OIJTZLS,X,X,X,O,X
OIJTZSL,X,X,X,X,X
OIJLTSZ,X,X,X,X,X
OIJLTZS,X,O,X,O,X
OIJLSTZ,X,X,X,X,X
OIJLSZT,X,X,X,X,X
OIJLZTS,X,O,X,X,X
OIJLZST,X,X,X,X,X
OIJSTLZ,X,X,X,X,X
OIJSTZL,X,X,X,X,X
OIJSLTZ,X,X,X,X,X
OIJSLZT,X,X,X,X,X
OIJSZTL,X,X,X,X,X
OIJSZLT,X,X,X,X,X
OIJZTLS,X,X,X,X,X
OIJZTSL,X,X,X,X,X
OIJZLTS,X,O,X,X,X
OIJZLST,X,X,X,X,X
OIJZSTL,X,X,X,X,X
OIJZSLT,X,X,X,X,X
OISTLJZ,X,X,X,X,X
OISTLZJ,X,X,X,X,X
OISTJLZ,X,X,X,X,X
OISTJZL,X,X,X,X,X
OISTZLJ,X,X,X,X,X
OISTZJL,X,X,X,X,X
OISLTJZ,X,X,X,X,X
OISLTZJ,X,X,X,X,X
OISLJTZ,X,X,X,X,X
OISLJZT,X,X,X,X,X
OISLZTJ,X,X,X,X,X
OISLZJT,X,X,X,X,X
OISJTLZ,X,X,X,X,X
OISJTZL,X,X,X,X,X
OISJLTZ,X,X,X,X,X
OISJLZT,X,X,X,X,X
OISJZTL,X,X,X,X,X
OISJZLT,X,X,X,X,X
OISZTLJ,X,X,X,X,X
OISZTJL,X,X,X,X,X
OISZLTJ,X,X,X,X,X
OISZLJT,X,X,X,X,X
OISZJTL,X,X,X,X,X
OISZJLT,X,X,X,X,X
OIZTLJS,X,X,X,X,X
OIZTLSJ,X,X,X,X,X
OIZTJLS,X,X,X,X,X
OIZTJSL,X,X,X,X,X
OIZTSLJ,X,X,X,X,X
OIZTSJL,X,X,X,X,X
OIZLTJS,X,X,X,X,X
OIZLTSJ,X,X,X,X,X
OIZLJTS,X,X,X,X,X
OIZLJST,X,X,X,X,X
OIZLSTJ,X,X,X,X,X
OIZLSJT,X,X,X,X,X
OIZJTLS,X,X,X,X,X
OIZJTSL,X,X,X,X,X
OIZJLTS,X,X,X,X,X
OIZJLST,X,X,X,X,X
OIZJSTL,X,X,X,X,X
OIZJSLT,X,X,X,X,X
OIZSTLJ,X,X,X,X,X
OIZSTJL,X,X,X,X,X
OIZSLTJ,X,X,X,X,X
OIZSLJT,X,X,X,X,X
OIZSJTL,X,X,X,X,X
OIZSJLT,X,X,X,X,X
OLTIJSZ,X,X,X,X,X
OLTIJZS,X,O,X,O,X
OLTISJZ,X,X,X,X,X
OLTISZJ,X,X,X,X,O
OLTIZJS,X,X,X,O,X
OLTIZSJ,X,X,X,X,X
OLTJISZ,X,X,X,X,X
OLTJIZS,X,O,X,O,X
OLTJSIZ,X,X,X,X,X
OLTJSZI,X,X,X,X,X
OLTJZIS,X,O,X,O,X
OLTJZSI,X,X,X,X,X
OLTSIJZ,X,X,X,X,X
OLTSIZJ,X,X,X,X,O
OLTSJIZ,X,X,X,X,X
OLTSJZI,X,X,X,X,X
OLTSZIJ,X,X,X,X,O
OLTSZJI,X,X,X,X,O
OLTZIJS,X,X,X,O,X
OLTZISJ,X,X,X,X,X
OLTZJIS,X,X,X,O,X
OLTZJSI,X,X,X,X,X
OLTZSIJ,X,X,X,X,X
OLTZSJI,X,X,X,X,X
OLITJSZ,X,X,X,X,X
OLITJZS,X,O,X,O,X
OLITSJZ,X,X,X,X,X
OLITSZJ,X,X,X,X,O
OLITZJS,X,X,X,O,X
OLITZSJ,X,X,X,X,X
OLIJTSZ,X,X,X,X,X
OLIJTZS,X,O,X,O,X
OLIJSTZ,X,X,X,X,X
OLIJSZT,X,X,X,X,X
OLIJZTS,X,O,X,X,X
OLIJZST,X,X,X,X,X
OLISTJZ,X,X,X,X,X
OLISTZJ,X,X,X,X,O
OLISJTZ,X,X,X,X,X
OLISJZT,X,X,X,X,X
OLISZTJ,X,X,X,X,O
OLISZJT,X,X,X,X,X
OLIZTJS,X,X,X,X,X
OLIZTSJ,X,X,X,X,X
OLIZJTS,X,X,X,X,X
OLIZJST,X,X,X,X,X
OLIZSTJ,X,X,X,X,X
OLIZSJT,X,X,X,X,X
OLJTISZ,X,X,X,X,X
OLJTIZS,X,O,X,O,X
OLJTSIZ,X,X,X,X,X
OLJTSZI,X,X,X,X,X
OLJTZIS,X,O,X,O,X
OLJTZSI,X,X,X,X,X
OLJITSZ,X,X,X,X,X
OLJITZS,X,O,X,O,X
OLJISTZ,X,X,X,X,X
OLJISZT,X,X,X,X,X
OLJIZTS,X,O,X,X,X
OLJIZST,X,X,X,X,X
OLJSTIZ,X,X,X,X,X
OLJSTZI,X,X,X,X,X
OLJSITZ,X,X,X,X,X
OLJSIZT,X,X,X,X,X
OLJSZTI,X,X,X,X,X
OLJSZIT,X,X,X,X,X
OLJZTIS,X,O,X,X,X
OLJZTSI,X,X,X,X,X
OLJZITS,X,O,X,X,X
OLJZIST,X,X,X,X,X
OLJZSTI,X,X,X,X,X
OLJZSIT,X,X,X,X,X
OLSTIJZ,X,X,X,X,X
OLSTIZJ,X,X,X,X,O
OLSTJIZ,X,X,X,X,X
OLSTJZI,X,X,X,X,X
OLSTZIJ,X,X,X,X,O
OLSTZJI,X,X,X,X,O
OLSITJZ,X,X,X,X,X
OLSITZJ,X,X,X,X,O
OLSIJTZ,X,X,X,X,X
OLSIJZT,X,X,X,X,X
OLSIZTJ,X,X,X,X,O
OLSIZJT,X,X,X,X,X
OLSJTIZ,X,X,X,X,X
OLSJTZI,X,X,X,X,X
OLSJITZ,X,X,X,X,X
OLSJIZT,X,X,X,X,X
OLSJZTI,X,X,X,X,X
OLSJZIT,X,X,X,X,X
OLSZTIJ,X,X,X,X,O
OLSZTJI,X,X,X,X,O
OLSZITJ,X,X,X,X,O
OLSZIJT,X,X,X,X,X
OLSZJTI,X,X,X,X,X
OLSZJIT,X,X,X,X,X
OLZTIJS,X,X,X,X,X
OLZTISJ,X,X,X,X,X
OLZTJIS,X,X,X,X,X
OLZTJSI,X,X,X,X,X
OLZTSIJ,X,X,X,X,X
OLZTSJI,X,X,X,X,X
OLZITJS,X,X,X,X,X
OLZITSJ,X,X,X,X,X
OLZIJTS,X,X,X,X,X
OLZIJST,X,X,X,X,X
OLZISTJ,X,X,X,X,X
OLZISJT,X,X,X,X,X
OLZJTIS,X,X,X,X,X
OLZJTSI,X,X,X,X,X
OLZJITS,X,X,X,X,X
OLZJIST,X,X,X,X,X
OLZJSTI,X,X,X,X,X
OLZJSIT,X,X,X,X,X
OLZSTIJ,X,X,X,X,X
OLZSTJI,X,X,X,X,X
OLZSITJ,X,X,X,X,X
OLZSIJT,X,X,X,X,X
OLZSJTI,X,X,X,X,X
OLZSJIT,X,X,X,X,X
OJTILSZ,X,X,X,X,X
OJTILZS,X,X,X,O,X
OJTISLZ,X,X,X,X,X
OJTISZL,X,X,X,X,X
OJTIZLS,X,X,X,O,X
OJTIZSL,X,X,X,X,X
OJTLISZ,X,X,X,X,X
OJTLIZS,X,X,X,O,X
OJTLSIZ,X,X,X,X,X
OJTLSZI,X,X,X,X,X
OJTLZIS,X,X,X,O,X
OJTLZSI,X,X,X,X,X
OJTSILZ,X,X,X,X,X
OJTSIZL,X,X,X,X,X
OJTSLIZ,X,X,X,X,X
OJTSLZI,X,X,X,X,X
OJTSZIL,X,X,X,X,X
OJTSZLI,X,X,X,X,X
OJTZILS,X,X,X,O,X
OJTZISL,X,X,X,X,X
OJTZLIS,X,X,X,O,X
OJTZLSI,X,X,X,X,X
OJTZSIL,X,X,X,X,X
OJTZSLI,X,X,X,X,X
OJITLSZ,X,X,X,X,X
OJITLZS,X,X,X,O,X
OJITSLZ,X,X,X,X,X
OJITSZL,X,X,X,X,X
OJITZLS,X,X,X,O,X
OJITZSL,X,X,X,X,X
OJILTSZ,X,X,X,X,X
OJILTZS,X,O,X,O,X
OJILSTZ,X,X,X,X,X
OJILSZT,X,X,X,X,X
OJILZTS,X,O,X,X,X
OJILZST,X,X,X,X,X
OJISTLZ,X,X,X,X,X
OJISTZL,X,X,X,X,X
OJISLTZ,X,X,X,X,X
OJISLZT,X,X,X,X,X
OJISZTL,X,X,X,X,X
OJISZLT,X,X,X,X,X
OJIZTLS,X,X,X,X,X
OJIZTSL,X,X,X,X,X
OJIZLTS,X,O,X,X,X
OJIZLST,X,X,X,X,X
OJIZSTL,X,X,X,X,X
OJIZSLT,X,X,X,X,X
OJLTISZ,X,X,X,X,X
OJLTIZS,X,O,X,O,X
OJLTSIZ,X,X,X,X,X
OJLTSZI,X,X,X,X,X
OJLTZIS,X,O,X,O,X
OJLTZSI,X,X,X,X,X
OJLITSZ,X,X,X,X,X
OJLITZS,X,O,X,O,X
OJLISTZ,X,X,X,X,X
OJLISZT,X,X,X,X,X
OJLIZTS,X,O,X,X,X
OJLIZST,X,X,X,X,X
OJLSTIZ,X,X,X,X,X
OJLSTZI,X,X,X,X,X
OJLSITZ,X,X,X,X,X
OJLSIZT,X,X,X,X,X
OJLSZTI,X,X,X,X,X
OJLSZIT,X,X,X,X,X
OJLZTIS,X,O,X,X,X
OJLZTSI,X,X,X,X,X
OJLZITS,X,O,X,X,X
OJLZIST,X,X,X,X,X
OJLZSTI,X,X,X,X,X
OJLZSIT,X,X,X,X,X
OJSTILZ,X,X,X,X,X
OJSTIZL,X,X,X,X,X
OJSTLIZ,X,X,X,X,X
OJSTLZI,X,X,X,X,X
OJSTZIL,X,X,X,X,X
OJSTZLI,X,X,X,X,X
OJSITLZ,X,X,X,X,X
OJSITZL,X,X,X,X,X
OJSILTZ,X,X,X,X,X
OJSILZT,X,X,X,X,X
OJSIZTL,X,X,X,X,X
OJSIZLT,X,X,X,X,X
OJSLTIZ,X,X,X,X,X
OJSLTZI,X,X,X,X,X
OJSLITZ,X,X,X,X,X
OJSLIZT,X,X,X,X,X
OJSLZTI,X,X,X,X,X
OJSLZIT,X,X,X,X,X
OJSZTIL,X,X,X,X,X
OJSZTLI,X,X,X,X,X
OJSZITL,X,X,X,X,X
OJSZILT,X,X,X,X,X
OJSZLTI,X,X,X,X,X
OJSZLIT,X,X,X,X,X
OJZTILS,X,X,X,X,X
OJZTISL,X,X,X,X,X
OJZTLIS,X,X,X,X,X
OJZTLSI,X,X,X,X,X
OJZTSIL,X,X,X,X,X
OJZTSLI,X,X,X,X,X
OJZITLS,X,X,X,X,X
OJZITSL,X,X,X,X,X
OJZILTS,X,O,X,X,X
OJZILST,X,X,X,X,X
OJZISTL,X,X,X,X,X
OJZISLT,X,X,X,X,X
OJZLTIS,X,O,X,X,X
OJZLTSI,X,X,X,X,X
OJZLITS,X,O,X,X,X
OJZLIST,X,X,X,X,X
OJZLSTI,X,X,X,X,X
OJZLSIT,X,X,X,X,X
OJZSTIL,X,X,X,X,X
OJZSTLI,X,X,X,X,X
OJZSITL,X,X,X,X,X
OJZSILT,X,X,X,X,X
OJZSLTI,X,X,X,X,X
OJZSLIT,X,X,X,X,X
OSTILJZ,X,X,X,X,X
OSTILZJ,X,X,X,X,X
OSTIJLZ,X,X,X,X,X
OSTIJZL,X,X,X,X,X
OSTIZLJ,X,X,X,X,X
OSTIZJL,X,X,X,X,X
OSTLIJZ,X,X,X,X,X
OSTLIZJ,X,X,X,X,O
OSTLJIZ,X,X,X,X,X
OSTLJZI,X,X,X,X,X
OSTLZIJ,X,X,X,X,O
OSTLZJI,X,X,X,X,O
OSTJILZ,X,X,X,X,X
OSTJIZL,X,X,X,X,X
OSTJLIZ,X,X,X,X,X
OSTJLZI,X,X,X,X,X
OSTJZIL,X,X,X,X,X
OSTJZLI,X,X,X,X,X
OSTZILJ,X,X,X,X,X
OSTZIJL,X,X,X,X,X
OSTZLIJ,X,X,X,X,O
OSTZLJI,X,X,X,X,O
OSTZJIL,X,X,X,X,X
OSTZJLI,X,X,X,X,X
OSITLJZ,X,X,X,X,X
OSITLZJ,X,X,X,X,X
OSITJLZ,X,X,X,X,X
OSITJZL,X,X,X,X,X
OSITZLJ,X,X,X,X,X
OSITZJL,X,X,X,X,X
OSILTJZ,X,X,X,X,X
OSILTZJ,X,X,X,X,X
OSILJTZ,X,X,X,X,X
OSILJZT,X,X,X,X,X
OSILZTJ,X,X,X,X,X
OSILZJT,X,X,X,X,X
OSIJTLZ,X,X,X,X,X
OSIJTZL,X,X,X,X,X
OSIJLTZ,X,X,X,X,X
OSIJLZT,X,X,X,X,X
OSIJZTL,X,X,X,X,X
OSIJZLT,X,X,X,X,X
OSIZTLJ,X,X,X,X,X
OSIZTJL,X,X,X,X,X
OSIZLTJ,X,X,X,X,X
OSIZLJT,X,X,X,X,X
OSIZJTL,X,X,X,X,X
OSIZJLT,X,X,X,X,X
OSLTIJZ,X,X,X,X,X
OSLTIZJ,X,X,X,X,O
OSLTJIZ,X,X,X,X,X
OSLTJZI,X,X,X,X,X
OSLTZIJ,X,X,X,X,O
OSLTZJI,X,X,X,X,O
OSLITJZ,X,X,X,X,X
OSLITZJ,X,X,X,X,O
OSLIJTZ,X,X,X,X,X
OSLIJZT,X,X,X,X,X
OSLIZTJ,X,X,X,X,O
OSLIZJT,X,X,X,X,X
OSLJTIZ,X,X,X,X,X
OSLJTZI,X,X,X,X,X
OSLJITZ,X,X,X,X,X
OSLJIZT,X,X,X,X,X
OSLJZTI,X,X,X,X,X
OSLJZIT,X,X,X,X,X
OSLZTIJ,X,X,X,X,O
OSLZTJI,X,X,X,X,O
OSLZITJ,X,X,X,X,O
OSLZIJT,X,X,X,X,X
OSLZJTI,X,X,X,X,X
OSLZJIT,X,X,X,X,X
OSJTILZ,X,X,X,X,X
OSJTIZL,X,X,X,X,X
OSJTLIZ,X,X,X,X,X
OSJTLZI,X,X,X,X,X
OSJTZIL,X,X,X,X,X
OSJTZLI,X,X,X,X,X
OSJITLZ,X,X,X,X,X
OSJITZL,X,X,X,X,X
OSJILTZ,X,X,X,X,X
OSJILZT,X,X,X,X,X
OSJIZTL,X,X,X,X,X
OSJIZLT,X,X,X,X,X
OSJLTIZ,X,X,X,X,X
OSJLTZI,X,X,X,X,X
OSJLITZ,X,X,X,X,X
OSJLIZT,X,X,X,X,X
OSJLZTI,X,X,X,X,X
OSJLZIT,X,X,X,X,X
OSJZTIL,X,X,X,X,X
OSJZTLI,X,X,X,X,X
OSJZITL,X,X,X,X,X
OSJZILT,X,X,X,X,X
OSJZLTI,X,X,X,X,X
OSJZLIT,X,X,X,X,X
OSZTILJ,X,X,X,X,X
OSZTIJL,X,X,X,X,X
OSZTLIJ,X,X,X,X,O
OSZTLJI,X,X,X,X,O
OSZTJIL,X,X,X,X,X
OSZTJLI,X,X,X,X,X
OSZITLJ,X,X,X,X,X
OSZITJL,X,X,X,X,X
OSZILTJ,X,X,X,X,X
OSZILJT,X,X,X,X,X
OSZIJTL,X,X,X,X,X
OSZIJLT,X,X,X,X,X
OSZLTIJ,X,X,X,X,O
OSZLTJI,X,X,X,X,O
OSZLITJ,X,X,X,X,O
OSZLIJT,X,X,X,X,X
OSZLJTI,X,X,X,X,X
OSZLJIT,X,X,X,X,X
OSZJTIL,X,X,X,X,X
OSZJTLI,X,X,X,X,X
OSZJITL,X,X,X,X,X
OSZJILT,X,X,X,X,X
OSZJLTI,X,X,X,X,X
OSZJLIT,X,X,X,X,X
OZTILJS,X,X,X,X,X
OZTILSJ,X,X,X,X,X
OZTIJLS,X,X,X,X,X
OZTIJSL,X,X,X,X,X
OZTISLJ,X,X,X,X,X
OZTISJL,X,X,X,X,X
OZTLIJS,X,X,X,X,X
OZTLISJ,X,X,X,X,X
OZTLJIS,X,X,X,X,X
OZTLJSI,X,X,X,X,X
OZTLSIJ,X,X,X,X,X
OZTLSJI,X,X,X,X,X
OZTJILS,X,X,X,X,X
OZTJISL,X,X,X,X,X
OZTJLIS,X,X,X,X,X
OZTJLSI,X,X,X,X,X
OZTJSIL,X,X,X,X,X
OZTJSLI,X,X,X,X,X
OZTSILJ,X,X,X,X,X
OZTSIJL,X,X,X,X,X
OZTSLIJ,X,X,X,X,X
OZTSLJI,X,X,X,X,X
OZTSJIL,X,X,X,X,X
OZTSJLI,X,X,X,X,X
OZITLJS,X,X,X,X,X
OZITLSJ,X,X,X,X,X
OZITJLS,X,X,X,X,X
OZITJSL,X,X,X,X,X
OZITSLJ,X,X,X,X,X
OZITSJL,X,X,X,X,X
OZILTJS,X,X,X,X,X
OZILTSJ,X,X,X,X,X
OZILJTS,X,X,X,X,X
OZILJST,X,X,X,X,X
OZILSTJ,X,X,X,X,X
OZILSJT,X,X,X,X,X
OZIJTLS,X,X,X,X,X
OZIJTSL,X,X,X,X,X
OZIJLTS,X,X,X,X,X
OZIJLST,X,X,X,X,X
OZIJSTL,X,X,X,X,X
OZIJSLT,X,X,X,X,X
OZISTLJ,X,X,X,X,X
OZISTJL,X,X,X,X,X
OZISLTJ,X,X,X,X,X
OZISLJT,X,X,X,X,X
OZISJTL,X,X,X,X,X
OZISJLT,X,X,X,X,X
OZLTIJS,X,X,X,X,X
OZLTISJ,X,X,X,X,X
OZLTJIS,X,X,X,X,X
OZLTJSI,X,X,X,X,X
OZLTSIJ,X,X,X,X,X
OZLTSJI,X,X,X,X,X
OZLITJS,X,X,X,X,X
OZLITSJ,X,X,X,X,X
OZLIJTS,X,X,X,X,X
OZLIJST,X,X,X,X,X
OZLISTJ,X,X,X,X,X
OZLISJT,X,X,X,X,X
OZLJTIS,X,X,X,X,X
OZLJTSI,X,X,X,X,X
OZLJITS,X,X,X,X,X
OZLJIST,X,X,X,X,X
OZLJSTI,X,X,X,X,X
OZLJSIT,X,X,X,X,X
OZLSTIJ,X,X,X,X,X
OZLSTJI,X,X,X,X,X
OZLSITJ,X,X,X,X,X
OZLSIJT,X,X,X,X,X
OZLSJTI,X,X,X,X,X
OZLSJIT,X,X,X,X,X
OZJTILS,X,X,X,X,X
OZJTISL,X,X,X,X,X
OZJTLIS,X,X,X,X,X
OZJTLSI,X,X,X,X,X
OZJTSIL,X,X,X,X,X
OZJTSLI,X,X,X,X,X
OZJITLS,X,X,X,X,X
OZJITSL,X,X,X,X,X
OZJILTS,X,X,X,X,X
OZJILST,X,X,X,X,X
OZJISTL,X,X,X,X,X
OZJISLT,X,X,X,X,X
OZJLTIS,X,X,X,X,X
OZJLTSI,X,X,X,X,X
OZJLITS,X,X,X,X,X
OZJLIST,X,X,X,X,X
OZJLSTI,X,X,X,X,X
OZJLSIT,X,X,X,X,X
OZJSTIL,X,X,X,X,X
OZJSTLI,X,X,X,X,X
OZJSITL,X,X,X,X,X
OZJSILT,X,X,X,X,X
OZJSLTI,X,X,X,X,X
OZJSLIT,X,X,X,X,X
OZSTILJ,X,X,X,X,X
OZSTIJL,X,X,X,X,X
OZSTLIJ,X,X,X,X,X
OZSTLJI,X,X,X,X,X
OZSTJIL,X,X,X,X,X
OZSTJLI,X,X,X,X,X
OZSITLJ,X,X,X,X,X
OZSITJL,X,X,X,X,X
OZSILTJ,X,X,X,X,X
OZSILJT,X,X,X,X,X
OZSIJTL,X,X,X,X,X
OZSIJLT,X,X,X,X,X
OZSLTIJ,X,X,X,X,X
OZSLTJI,X,X,X,X,X
OZSLITJ,X,X,X,X,X
OZSLIJT,X,X,X,X,X
OZSLJTI,X,X,X,X,X
OZSLJIT,X,X,X,X,X
OZSJTIL,X,X,X,X,X
OZSJTLI,X,X,X,X,X
OZSJITL,X,X,X,X,X
OZSJILT,X,X,X,X,X
OZSJLTI,X,X,X,X,X
OZSJLIT,X,X,X,X,X
