sequence,v115@EhB8IeA8AeA8EeC8AeB8DeC8KeT/IvhFigBUiB5oBF?qBXrBGrB,v115@EhB8IeA8AeA8EeC8AeB8DeC8KeT/IvhF/lBVnB5oBK?rBGmBUqB,v115@EhB8IeA8AeA8EeC8AeB8DeC8Ke/EJvhFVmBUiB5oBK?qBGlBTrB,v115@EhB8IeA8AeA8EeC8AeB8DeC8Ke/EJvhFzgBUiB5oB+?rBlqBaqB
TILJSZO,O,X,X,O
TILJSOZ,O,X,X,O
TILJZSO,X,O,X,O
TILJZOS,O,O,X,O
TILJOSZ,O,X,X,O
TILJOZS,O,O,X,O
TILSJZO,O,X,X,O
TILSJOZ,O,X,X,O
TILSZJO,O,O,X,X
TILSZOJ,O,O,O,X
TILSOJZ,O,X,O,O
TILSOZJ,O,O,O,X
TILZJSO,X,O,X,X
TILZJOS,O,O,X,X
TILZSJO,O,O,X,X
TILZSOJ,O,O,O,X
TILZOJS,O,O,O,X
TILZOSJ,O,O,O,X
TILOJSZ,O,X,O,O
TILOJZS,O,O,O,O
TILOSJZ,O,X,O,O
TILOSZJ,O,O,O,X
TILOZJS,O,O,O,X
TILOZSJ,O,O,O,X
TIJLSZO,O,X,X,O
TIJLSOZ,O,X,X,O
TIJLZSO,X,O,X,O
TIJLZOS,O,O,X,O
TIJLOSZ,O,X,X,O
TIJLOZS,O,O,X,O
TIJSLZO,O,X,X,O
TIJSLOZ,O,X,X,O
TIJSZLO,O,X,X,O
TIJSZOL,O,X,X,O
TIJSOLZ,O,X,X,O
TIJSOZL,O,X,X,O
TIJZLSO,X,O,X,O
TIJZLOS,O,O,X,O
TIJZSLO,O,O,X,O
TIJZSOL,O,O,X,O
TIJZOLS,O,O,X,O
TIJZOSL,O,O,X,O
TIJOLSZ,O,X,X,O
TIJOLZS,O,O,X,O
TIJOSLZ,O,X,X,O
TIJOSZL,O,X,X,O
TIJOZLS,O,O,X,O
TIJOZSL,O,O,X,O
TISLJZO,O,X,X,O
TISLJOZ,O,X,X,O
TISLZJO,O,O,X,X
TISLZOJ,O,O,O,X
TISLOJZ,O,X,O,O
TISLOZJ,O,O,O,X
TISJLZO,O,X,X,O
TISJLOZ,O,X,X,O
TISJZLO,O,X,X,O
TISJZOL,O,X,X,O
TISJOLZ,O,X,X,O
TISJOZL,O,X,X,O
TISZLJO,O,O,X,X
TISZLOJ,O,O,O,X
TISZJLO,O,O,X,O
TISZJOL,O,O,X,O
TISZOLJ,O,O,O,X
TISZOJL,O,O,O,O
TISOLJZ,O,X,O,O
TISOLZJ,O,O,O,X
TISOJLZ,O,X,O,O
TISOJZL,O,X,O,O
TISOZLJ,O,O,O,X
TISOZJL,O,O,O,O
TIZLJSO,X,O,X,X
TIZLJOS,O,O,X,X
TIZLSJO,O,O,X,X
TIZLSOJ,O,O,O,X
TIZLOJS,O,O,O,X
TIZLOSJ,O,O,O,X
TIZJLSO,X,O,X,O
TIZJLOS,O,O,X,O
TIZJSLO,O,O,X,O
TIZJSOL,O,O,X,O
TIZJOLS,O,O,X,O
TIZJOSL,O,O,X,O
TIZSLJO,O,O,X,X
TIZSLOJ,O,O,O,X
TIZSJLO,O,O,X,O
TIZSJOL,O,O,X,O
TIZSOLJ,O,O,O,X
TIZSOJL,O,O,O,O
TIZOLJS,O,O,O,X
TIZOLSJ,O,O,O,X
TIZOJLS,O,O,O,O
TIZOJSL,O,O,O,O
TIZOSLJ,O,O,O,X
TIZOSJL,O,O,O,O
TIOLJSZ,O,X,O,O
TIOLJZS,O,O,O,O
TIOLSJZ,O,X,O,O
TIOLSZJ,O,O,O,X
TIOLZJS,O,O,O,X
TIOLZSJ,O,O,O,X
TIOJLSZ,O,X,O,O
TIOJLZS,O,O,O,O
TIOJSLZ,O,X,O,O
TIOJSZL,O,X,O,O
TIOJZLS,O,O,O,O
TIOJZSL,O,O,O,O
TIOSLJZ,O,X,O,O
TIOSLZJ,O,O,O,X
TIOSJLZ,O,X,O,O
TIOSJZL,O,X,O,O
TIOSZLJ,O,O,O,X
TIOSZJL,O,O,O,O
TIOZLJS,O,O,O,X
TIOZLSJ,O,O,O,X
TIOZJLS,O,O,O,O
TIOZJSL,O,O,O,O
TIOZSLJ,O,O,O,X
TIOZSJL,O,O,O,O
TLIJSZO,O,X,X,O
TLIJSOZ,O,X,X,O
TLIJZSO,X,O,X,O
TLIJZOS,O,O,X,O
TLIJOSZ,O,X,X,O
TLIJOZS,O,O,X,O
TLISJZO,O,X,X,O
TLISJOZ,O,X,X,O
TLISZJO,O,O,X,X
TLISZOJ,O,O,O,X
TLISOJZ,O,X,O,O
TLISOZJ,O,O,O,X
TLIZJSO,X,O,X,X
TLIZJOS,O,O,X,X
TLIZSJO,O,O,X,X
TLIZSOJ,O,O,O,X
TLIZOJS,O,O,O,X
TLIZOSJ,O,O,O,X
TLIOJSZ,O,X,O,O
TLIOJZS,O,O,O,O
TLIOSJZ,O,X,O,O
TLIOSZJ,O,O,O,X
TLIOZJS,O,O,O,X
TLIOZSJ,O,O,O,X
TLJISZO,O,X,X,O
TLJISOZ,O,X,X,O
TLJIZSO,X,O,X,O
TLJIZOS,O,O,X,O
TLJIOSZ,O,X,X,O
TLJIOZS,O,O,X,O
TLJSIZO,O,X,X,O
TLJSIOZ,O,X,X,O
TLJSZIO,O,X,X,O
TLJSZOI,O,X,X,O
TLJSOIZ,O,X,X,O
TLJSOZI,O,X,X,O
TLJZISO,X,O,X,O
TLJZIOS,O,O,X,O
TLJZSIO,X,O,X,O
TLJZSOI,X,O,X,O
TLJZOIS,O,O,X,O
TLJZOSI,X,O,X,O
TLJOISZ,O,X,X,O
TLJOIZS,O,O,X,O
TLJOSIZ,O,X,X,O
TLJOSZI,O,X,X,O
TLJOZIS,O,O,X,O
TLJOZSI,X,O,X,O
TLSIJZO,O,X,X,O
TLSIJOZ,O,X,X,O
TLSIZJO,O,O,X,X
TLSIZOJ,O,O,O,X
TLSIOJZ,O,X,O,O
TLSIOZJ,O,O,O,X
TLSJIZO,O,X,X,O
TLSJIOZ,O,X,X,O
TLSJZIO,O,X,X,O
TLSJZOI,O,X,X,O
TLSJOIZ,O,X,X,O
TLSJOZI,O,X,X,O
TLSZIJO,O,O,X,X
TLSZIOJ,O,O,O,X
TLSZJIO,O,O,X,X
TLSZJOI,O,O,X,X
TLSZOIJ,O,O,O,X
TLSZOJI,O,O,O,X
TLSOIJZ,O,X,O,O
TLSOIZJ,O,O,O,X
TLSOJIZ,O,X,O,O
TLSOJZI,O,X,O,O
TLSOZIJ,O,O,O,X
TLSOZJI,O,O,O,X
TLZIJSO,X,O,X,X
TLZIJOS,O,O,X,X
TLZISJO,O,O,X,X
TLZISOJ,O,O,O,X
TLZIOJS,O,O,O,X
TLZIOSJ,O,O,O,X
TLZJISO,X,O,X,X
TLZJIOS,O,O,X,X
TLZJSIO,X,O,X,X
TLZJSOI,X,O,X,X
TLZJOIS,O,O,X,X
TLZJOSI,X,O,X,X
TLZSIJO,O,O,X,X
TLZSIOJ,O,O,O,X
TLZSJIO,O,O,X,X
TLZSJOI,O,O,X,X
TLZSOIJ,O,O,O,X
TLZSOJI,O,O,O,X
TLZOIJS,O,O,O,X
TLZOISJ,O,O,O,X
TLZOJIS,O,O,O,X
TLZOJSI,X,O,O,X
TLZOSIJ,O,O,O,X
TLZOSJI,O,O,O,X
TLOIJSZ,O,X,O,O
TLOIJZS,O,O,O,O
TLOISJZ,O,X,O,O
TLOISZJ,O,O,O,X
TLOIZJS,O,O,O,X
TLOIZSJ,O,O,O,X
TLOJISZ,O,X,O,O
TLOJIZS,O,O,O,O
TLOJSIZ,O,X,O,O
TLOJSZI,O,X,O,O
TLOJZIS,O,O,O,O
TLOJZSI,X,O,O,O
TLOSIJZ,O,X,O,O
TLOSIZJ,O,O,O,X
TLOSJIZ,O,X,O,O
TLOSJZI,O,X,O,O
TLOSZIJ,O,O,O,X
TLOSZJI,O,O,O,X
TLOZIJS,O,O,O,X
TLOZISJ,O,O,O,X
TLOZJIS,O,O,O,X
TLOZJSI,X,O,O,X
TLOZSIJ,O,O,O,X
TLOZSJI,O,O,O,X
TJILSZO,O,X,X,O
TJILSOZ,O,X,X,O
TJILZSO,X,O,X,O
TJILZOS,O,O,X,O
TJILOSZ,O,X,X,O
TJILOZS,O,O,X,O
TJISLZO,O,X,X,O
TJISLOZ,O,X,X,O
TJISZLO,O,X,X,O
TJISZOL,O,X,X,O
TJISOLZ,O,X,X,O
TJISOZL,O,X,X,O
TJIZLSO,X,O,X,O
TJIZLOS,O,O,X,O
TJIZSLO,O,O,X,O
TJIZSOL,O,O,X,O
TJIZOLS,O,O,X,O
TJIZOSL,O,O,X,O
TJIOLSZ,O,X,X,O
TJIOLZS,O,O,X,O
TJIOSLZ,O,X,X,O
TJIOSZL,O,X,X,O
TJIOZLS,O,O,X,O
TJIOZSL,O,O,X,O
TJLISZO,O,X,X,O
TJLISOZ,O,X,X,O
TJLIZSO,X,O,X,O
TJLIZOS,O,O,X,O
TJLIOSZ,O,X,X,O
TJLIOZS,O,O,X,O
TJLSIZO,O,X,X,O
TJLSIOZ,O,X,X,O
TJLSZIO,O,X,X,O
TJLSZOI,O,X,X,O
TJLSOIZ,O,X,X,O
TJLSOZI,O,X,X,O
TJLZISO,X,O,X,O
TJLZIOS,O,O,X,O
TJLZSIO,X,O,X,O
TJLZSOI,X,O,X,O
TJLZOIS,O,O,X,O
TJLZOSI,X,O,X,O
TJLOISZ,O,X,X,O
TJLOIZS,O,O,X,O
TJLOSIZ,O,X,X,O
TJLOSZI,O,X,X,O
TJLOZIS,O,O,X,O
TJLOZSI,X,O,X,O
TJSILZO,O,X,X,O
TJSILOZ,O,X,X,O
TJSIZLO,O,X,X,O
TJSIZOL,O,X,X,O
TJSIOLZ,O,X,X,O
TJSIOZL,O,X,X,O
TJSLIZO,O,X,X,O
TJSLIOZ,O,X,X,O
TJSLZIO,O,X,X,O
TJSLZOI,O,X,X,O
TJSLOIZ,O,X,X,O
TJSLOZI,O,X,X,O
TJSZILO,O,X,X,O
TJSZIOL,O,X,X,O
TJSZLIO,O,X,X,O
TJSZLOI,O,X,X,O
TJSZOIL,O,X,X,O
TJSZOLI,O,X,X,O
TJSOILZ,O,X,X,O
TJSOIZL,O,X,X,O
TJSOLIZ,O,X,X,O
TJSOLZI,O,X,X,O
TJSOZIL,O,X,X,O
TJSOZLI,O,X,X,O
TJZILSO,X,O,X,O
TJZILOS,O,O,X,O
TJZISLO,O,O,X,O
TJZISOL,O,O,X,O
TJZIOLS,O,O,X,O
TJZIOSL,O,O,X,O
TJZLISO,X,O,X,O
TJZLIOS,O,O,X,O
TJZLSIO,X,O,X,O
TJZLSOI,X,O,X,O
TJZLOIS,O,O,X,O
TJZLOSI,X,O,X,O
TJZSILO,O,O,X,O
TJZSIOL,O,O,X,O
TJZSLIO,O,O,X,O
TJZSLOI,O,O,X,O
TJZSOIL,O,O,X,O
TJZSOLI,O,O,X,O
TJZOILS,O,O,X,O
TJZOISL,O,O,X,O
TJZOLIS,O,O,X,O
TJZOLSI,X,O,X,O
TJZOSIL,O,O,X,O
TJZOSLI,O,O,X,O
TJOILSZ,O,X,X,O
TJOILZS,O,O,X,O
TJOISLZ,O,X,X,O
TJOISZL,O,X,X,O
TJOIZLS,O,O,X,O
TJOIZSL,O,O,X,O
TJOLISZ,O,X,X,O
TJOLIZS,O,O,X,O
TJOLSIZ,O,X,X,O
TJOLSZI,O,X,X,O
TJOLZIS,O,O,X,O
TJOLZSI,X,O,X,O
TJOSILZ,O,X,X,O
TJOSIZL,O,X,X,O
TJOSLIZ,O,X,X,O
TJOSLZI,O,X,X,O
TJOSZIL,O,X,X,O
TJOSZLI,O,X,X,O
TJOZILS,O,O,X,O
TJOZISL,O,O,X,O
TJOZLIS,O,O,X,O
TJOZLSI,X,O,X,O
TJOZSIL,O,O,X,O
TJOZSLI,O,O,X,O
TSILJZO,O,X,X,O
TSILJOZ,O,X,X,O
TSILZJO,O,O,X,X
TSILZOJ,O,O,O,X
TSILOJZ,O,X,O,O
TSILOZJ,O,O,O,X
TSIJLZO,O,X,X,O
TSIJLOZ,O,X,X,O
TSIJZLO,O,X,X,O
TSIJZOL,O,X,X,O
TSIJOLZ,O,X,X,O
TSIJOZL,O,X,X,O
TSIZLJO,O,O,X,X
TSIZLOJ,O,O,O,X
TSIZJLO,O,O,X,O
TSIZJOL,O,O,X,O
TSIZOLJ,O,O,O,X
TSIZOJL,O,O,O,O
TSIOLJZ,O,X,O,O
TSIOLZJ,O,O,O,X
TSIOJLZ,O,X,O,O
TSIOJZL,O,X,O,O
TSIOZLJ,O,O,O,X
TSIOZJL,O,O,O,O
TSLIJZO,O,X,X,O
TSLIJOZ,O,X,X,O
TSLIZJO,O,O,X,X
TSLIZOJ,O,O,O,X
TSLIOJZ,O,X,O,O
TSLIOZJ,O,O,O,X
TSLJIZO,O,X,X,O
TSLJIOZ,O,X,X,O
TSLJZIO,O,X,X,O
TSLJZOI,O,X,X,O
TSLJOIZ,O,X,X,O
TSLJOZI,O,X,X,O
TSLZIJO,O,O,X,X
TSLZIOJ,O,O,O,X
TSLZJIO,O,O,X,X
TSLZJOI,O,O,X,X
TSLZOIJ,O,O,O,X
TSLZOJI,O,O,O,X
TSLOIJZ,O,X,O,O
TSLOIZJ,O,O,O,X
TSLOJIZ,O,X,O,O
TSLOJZI,O,X,O,O
TSLOZIJ,O,O,O,X
TSLOZJI,O,O,O,X
TSJILZO,O,X,X,O
TSJILOZ,O,X,X,O
TSJIZLO,O,X,X,O
TSJIZOL,O,X,X,O
TSJIOLZ,O,X,X,O
TSJIOZL,O,X,X,O
TSJLIZO,O,X,X,O
TSJLIOZ,O,X,X,O
TSJLZIO,O,X,X,O
TSJLZOI,O,X,X,O
TSJLOIZ,O,X,X,O
TSJLOZI,O,X,X,O
TSJZILO,O,X,X,O
TSJZIOL,O,X,X,O
TSJZLIO,O,X,X,O
TSJZLOI,O,X,X,O
TSJZOIL,O,X,X,O
TSJZOLI,O,X,X,O
TSJOILZ,O,X,X,O
TSJOIZL,O,X,X,O
TSJOLIZ,O,X,X,O
TSJOLZI,O,X,X,O
TSJOZIL,O,X,X,O
TSJOZLI,O,X,X,O
TSZILJO,O,O,X,X
TSZILOJ,O,O,O,X
TSZIJLO,O,O,X,O
TSZIJOL,O,O,X,O
TSZIOLJ,O,O,O,X
TSZIOJL,O,O,O,O
TSZLIJO,O,O,X,X
TSZLIOJ,O,O,O,X
TSZLJIO,O,O,X,X
TSZLJOI,O,O,X,X
TSZLOIJ,O,O,O,X
TSZLOJI,O,O,O,X
TSZJILO,O,O,X,O
TSZJIOL,O,O,X,O
TSZJLIO,O,O,X,O
TSZJLOI,O,O,X,O
TSZJOIL,O,O,X,O
TSZJOLI,O,O,X,O
TSZOILJ,O,O,O,X
TSZOIJL,O,O,O,O
TSZOLIJ,O,O,O,X
TSZOLJI,O,O,O,X
TSZOJIL,O,O,O,O
TSZOJLI,O,O,O,O
TSOILJZ,O,X,O,O
TSOILZJ,O,O,O,X
TSOIJLZ,O,X,O,O
TSOIJZL,O,X,O,O
TSOIZLJ,O,O,O,X
TSOIZJL,O,O,O,O
TSOLIJZ,O,X,O,O
TSOLIZJ,O,O,O,X
TSOLJIZ,O,X,O,O
TSOLJZI,O,X,O,O
TSOLZIJ,O,O,O,X
TSOLZJI,O,O,O,X
TSOJILZ,O,X,O,O
TSOJIZL,O,X,O,O
TSOJLIZ,O,X,O,O
TSOJLZI,O,X,O,O
TSOJZIL,O,X,O,O
TSOJZLI,O,X,O,O
TSOZILJ,O,O,O,X
TSOZIJL,O,O,O,O
TSOZLIJ,O,O,O,X
TSOZLJI,O,O,O,X
TSOZJIL,O,O,O,O
TSOZJLI,O,O,O,O
TZILJSO,X,O,X,X
TZILJOS,O,O,X,X
TZILSJO,O,O,X,X
TZILSOJ,O,O,O,X
TZILOJS,O,O,O,X
TZILOSJ,O,O,O,X
TZIJLSO,X,O,X,O
TZIJLOS,O,O,X,O
TZIJSLO,O,O,X,O
TZIJSOL,O,O,X,O
TZIJOLS,O,O,X,O
TZIJOSL,O,O,X,O
TZISLJO,O,O,X,X
TZISLOJ,O,O,O,X
TZISJLO,O,O,X,O
TZISJOL,O,O,X,O
TZISOLJ,O,O,O,X
TZISOJL,O,O,O,O
TZIOLJS,O,O,O,X
TZIOLSJ,O,O,O,X
TZIOJLS,O,O,O,O
TZIOJSL,O,O,O,O
TZIOSLJ,O,O,O,X
TZIOSJL,O,O,O,O
TZLIJSO,X,O,X,X
TZLIJOS,O,O,X,X
TZLISJO,O,O,X,X
TZLISOJ,O,O,O,X
TZLIOJS,O,O,O,X
TZLIOSJ,O,O,O,X
TZLJISO,X,O,X,X
TZLJIOS,O,O,X,X
TZLJSIO,X,O,X,X
TZLJSOI,X,O,X,X
TZLJOIS,O,O,X,X
TZLJOSI,X,O,X,X
TZLSIJO,O,O,X,X
TZLSIOJ,O,O,O,X
TZLSJIO,O,O,X,X
TZLSJOI,O,O,X,X
TZLSOIJ,O,O,O,X
TZLSOJI,O,O,O,X
TZLOIJS,O,O,O,X
TZLOISJ,O,O,O,X
TZLOJIS,O,O,O,X
TZLOJSI,X,O,O,X
TZLOSIJ,O,O,O,X
TZLOSJI,O,O,O,X
TZJILSO,X,O,X,O
TZJILOS,O,O,X,O
TZJISLO,O,O,X,O
TZJISOL,O,O,X,O
TZJIOLS,O,O,X,O
TZJIOSL,O,O,X,O
TZJLISO,X,O,X,O
TZJLIOS,O,O,X,O
TZJLSIO,X,O,X,O
TZJLSOI,X,O,X,O
TZJLOIS,O,O,X,O
TZJLOSI,X,O,X,O
TZJSILO,O,O,X,O
TZJSIOL,O,O,X,O
TZJSLIO,O,O,X,O
TZJSLOI,O,O,X,O
TZJSOIL,O,O,X,O
TZJSOLI,O,O,X,O
TZJOILS,O,O,X,O
TZJOISL,O,O,X,O
TZJOLIS,O,O,X,O
TZJOLSI,X,O,X,O
TZJOSIL,O,O,X,O
TZJOSLI,O,O,X,O
TZSILJO,O,O,X,X
TZSILOJ,O,O,O,X
TZSIJLO,O,O,X,O
TZSIJOL,O,O,X,O
TZSIOLJ,O,O,O,X
TZSIOJL,O,O,O,O
TZSLIJO,O,O,X,X
TZSLIOJ,O,O,O,X
TZSLJIO,O,O,X,X
TZSLJOI,O,O,X,X
TZSLOIJ,O,O,O,X
TZSLOJI,O,O,O,X
TZSJILO,O,O,X,O
TZSJIOL,O,O,X,O
TZSJLIO,O,O,X,O
TZSJLOI,O,O,X,O
TZSJOIL,O,O,X,O
TZSJOLI,O,O,X,O
TZSOILJ,O,O,O,X
TZSOIJL,O,O,O,O
TZSOLIJ,O,O,O,X
TZSOLJI,O,O,O,X
TZSOJIL,O,O,O,O
TZSOJLI,O,O,O,O
TZOILJS,O,O,O,X
TZOILSJ,O,O,O,X
TZOIJLS,O,O,O,O
TZOIJSL,O,O,O,O
TZOISLJ,O,O,O,X
TZOISJL,O,O,O,O
TZOLIJS,O,O,O,X
TZOLISJ,O,O,O,X
TZOLJIS,O,O,O,X
TZOLJSI,X,O,O,X
TZOLSIJ,O,O,O,X
TZOLSJI,O,O,O,X
TZOJILS,O,O,O,O
TZOJISL,O,O,O,O
TZOJLIS,O,O,O,O
TZOJLSI,X,O,O,O
TZOJSIL,O,O,O,O
TZOJSLI,O,O,O,O
TZOSILJ,O,O,O,X
TZOSIJL,O,O,O,O
TZOSLIJ,O,O,O,X
TZOSLJI,O,O,O,X
TZOSJIL,O,O,O,O
TZOSJLI,O,O,O,O
TOILJSZ,O,X,O,O
TOILJZS,O,O,O,O
TOILSJZ,O,X,O,O
TOILSZJ,O,O,O,X
TOILZJS,O,O,O,X
TOILZSJ,O,O,O,X
TOIJLSZ,O,X,O,O
TOIJLZS,O,O,O,O
TOIJSLZ,O,X,O,O
TOIJSZL,O,X,O,O
TOIJZLS,O,O,O,O
TOIJZSL,O,O,O,O
TOISLJZ,O,X,O,O
TOISLZJ,O,O,O,X
TOISJLZ,O,X,O,O
TOISJZL,O,X,O,O
TOISZLJ,O,O,O,X
TOISZJL,O,O,O,O
TOIZLJS,O,O,O,X
TOIZLSJ,O,O,O,X
TOIZJLS,O,O,O,O
TOIZJSL,O,O,O,O
TOIZSLJ,O,O,O,X
TOIZSJL,O,O,O,O
TOLIJSZ,O,X,O,O
TOLIJZS,O,O,O,O
TOLISJZ,O,X,O,O
TOLISZJ,O,O,O,X
TOLIZJS,O,O,O,X
TOLIZSJ,O,O,O,X
TOLJISZ,O,X,O,O
TOLJIZS,O,O,O,O
TOLJSIZ,O,X,O,O
TOLJSZI,O,X,O,O
TOLJZIS,O,O,O,O
TOLJZSI,X,O,O,O
TOLSIJZ,O,X,O,O
TOLSIZJ,O,O,O,X
TOLSJIZ,O,X,O,O
TOLSJZI,O,X,O,O
TOLSZIJ,O,O,O,X
TOLSZJI,O,O,O,X
TOLZIJS,O,O,O,X
TOLZISJ,O,O,O,X
TOLZJIS,O,O,O,X
TOLZJSI,X,O,O,X
TOLZSIJ,O,O,O,X
TOLZSJI,O,O,O,X
TOJILSZ,O,X,O,O
TOJILZS,O,O,O,O
TOJISLZ,O,X,O,O
TOJISZL,O,X,O,O
TOJIZLS,O,O,O,O
TOJIZSL,O,O,O,O
TOJLISZ,O,X,O,O
TOJLIZS,O,O,O,O
TOJLSIZ,O,X,O,O
TOJLSZI,O,X,O,O
TOJLZIS,O,O,O,O
TOJLZSI,X,O,O,O
TOJSILZ,O,X,O,O
TOJSIZL,O,X,O,O
TOJSLIZ,O,X,O,O
TOJSLZI,O,X,O,O
TOJSZIL,O,X,O,O
TOJSZLI,O,X,O,O
TOJZILS,O,O,O,O
TOJZISL,O,O,O,O
TOJZLIS,O,O,O,O
TOJZLSI,X,O,O,O
TOJZSIL,O,O,O,O
TOJZSLI,O,O,O,O
TOSILJZ,O,X,O,O
TOSILZJ,O,O,O,X
TOSIJLZ,O,X,O,O
TOSIJZL,O,X,O,O
TOSIZLJ,O,O,O,X
TOSIZJL,O,O,O,O
TOSLIJZ,O,X,O,O
TOSLIZJ,O,O,O,X
TOSLJIZ,O,X,O,O
TOSLJZI,O,X,O,O
TOSLZIJ,O,O,O,X
TOSLZJI,O,O,O,X
TOSJILZ,O,X,O,O
TOSJIZL,O,X,O,O
TOSJLIZ,O,X,O,O
TOSJLZI,O,X,O,O
TOSJZIL,O,X,O,O
TOSJZLI,O,X,O,O
TOSZILJ,O,O,O,X
TOSZIJL,O,O,O,O
TOSZLIJ,O,O,O,X
TOSZLJI,O,O,O,X
TOSZJIL,O,O,O,O
TOSZJLI,O,O,O,O
TOZILJS,O,O,O,X
TOZILSJ,O,O,O,X
TOZIJLS,O,O,O,O
TOZIJSL,O,O,O,O
TOZISLJ,O,O,O,X
TOZISJL,O,O,O,O
TOZLIJS,O,O,O,X
TOZLISJ,O,O,O,X
TOZLJIS,O,O,O,X
TOZLJSI,X,O,O,X
TOZLSIJ,O,O,O,X
TOZLSJI,O,O,O,X
TOZJILS,O,O,O,O
TOZJISL,O,O,O,O
TOZJLIS,O,O,O,O
TOZJLSI,X,O,O,O
TOZJSIL,O,O,O,O
TOZJSLI,O,O,O,O
TOZSILJ,O,O,O,X
TOZSIJL,O,O,O,O
TOZSLIJ,O,O,O,X
TOZSLJI,O,O,O,X
TOZSJIL,O,O,O,O
TOZSJLI,O,O,O,O
ITLJSZO,O,X,X,O
ITLJSOZ,O,X,X,O
ITLJZSO,X,O,X,O
ITLJZOS,O,O,X,O
ITLJOSZ,O,X,X,O
ITLJOZS,O,O,X,O
ITLSJZO,O,X,X,O
ITLSJOZ,O,X,X,O
ITLSZJO,O,O,X,X
ITLSZOJ,O,O,O,X
ITLSOJZ,O,X,O,O
ITLSOZJ,O,O,O,X
ITLZJSO,X,O,X,X
ITLZJOS,O,O,X,X
ITLZSJO,O,O,X,X
ITLZSOJ,O,O,O,X
ITLZOJS,O,O,O,X
ITLZOSJ,O,O,O,X
ITLOJSZ,O,X,O,O
ITLOJZS,O,O,O,O
ITLOSJZ,O,X,O,O
ITLOSZJ,O,O,O,X
ITLOZJS,O,O,O,X
ITLOZSJ,O,O,O,X
ITJLSZO,O,X,X,O
ITJLSOZ,O,X,X,O
ITJLZSO,X,O,X,O
ITJLZOS,O,O,X,O
ITJLOSZ,O,X,X,O
ITJLOZS,O,O,X,O
ITJSLZO,O,X,X,O
ITJSLOZ,O,X,X,O
ITJSZLO,O,X,X,O
ITJSZOL,O,X,X,O
ITJSOLZ,O,X,X,O
ITJSOZL,O,X,X,O
ITJZLSO,X,O,X,O
ITJZLOS,O,O,X,O
ITJZSLO,O,O,X,O
ITJZSOL,O,O,X,O
ITJZOLS,O,O,X,O
ITJZOSL,O,O,X,O
ITJOLSZ,O,X,X,O
ITJOLZS,O,O,X,O
ITJOSLZ,O,X,X,O
ITJOSZL,O,X,X,O
ITJOZLS,O,O,X,O
ITJOZSL,O,O,X,O
ITSLJZO,O,X,X,O
ITSLJOZ,O,X,X,O
ITSLZJO,O,O,X,X
ITSLZOJ,O,O,O,X
ITSLOJZ,O,X,O,O
ITSLOZJ,O,O,O,X
ITSJLZO,O,X,X,O
ITSJLOZ,O,X,X,O
ITSJZLO,O,X,X,O
ITSJZOL,O,X,X,O
ITSJOLZ,O,X,X,O
ITSJOZL,O,X,X,O
ITSZLJO,O,O,X,X
ITSZLOJ,O,O,O,X
ITSZJLO,O,O,X,O
ITSZJOL,O,O,X,O
ITSZOLJ,O,O,O,X
ITSZOJL,O,O,O,O
ITSOLJZ,O,X,O,O
ITSOLZJ,O,O,O,X
ITSOJLZ,O,X,O,O
ITSOJZL,O,X,O,O
ITSOZLJ,O,O,O,X
ITSOZJL,O,O,O,O
ITZLJSO,X,O,X,X
ITZLJOS,O,O,X,X
ITZLSJO,O,O,X,X
ITZLSOJ,O,O,O,X
ITZLOJS,O,O,O,X
ITZLOSJ,O,O,O,X
ITZJLSO,X,O,X,O
ITZJLOS,O,O,X,O
ITZJSLO,O,O,X,O
ITZJSOL,O,O,X,O
ITZJOLS,O,O,X,O
ITZJOSL,O,O,X,O
ITZSLJO,O,O,X,X
ITZSLOJ,O,O,O,X
ITZSJLO,O,O,X,O
ITZSJOL,O,O,X,O
ITZSOLJ,O,O,O,X
ITZSOJL,O,O,O,O
ITZOLJS,O,O,O,X
ITZOLSJ,O,O,O,X
ITZOJLS,O,O,O,O
ITZOJSL,O,O,O,O
ITZOSLJ,O,O,O,X
ITZOSJL,O,O,O,O
ITOLJSZ,O,X,O,O
ITOLJZS,O,O,O,O
ITOLSJZ,O,X,O,O
ITOLSZJ,O,O,O,X
ITOLZJS,O,O,O,X
ITOLZSJ,O,O,O,X
ITOJLSZ,O,X,O,O
ITOJLZS,O,O,O,O
ITOJSLZ,O,X,O,O
ITOJSZL,O,X,O,O
ITOJZLS,O,O,O,O
ITOJZSL,O,O,O,O
ITOSLJZ,O,X,O,O
ITOSLZJ,O,O,O,X
ITOSJLZ,O,X,O,O
ITOSJZL,O,X,O,O
ITOSZLJ,O,O,O,X
ITOSZJL,O,O,O,O
ITOZLJS,O,O,O,X
ITOZLSJ,O,O,O,X
ITOZJLS,O,O,O,O
ITOZJSL,O,O,O,O
ITOZSLJ,O,O,O,X
ITOZSJL,O,O,O,O
ILTJSZO,O,X,X,O
ILTJSOZ,O,X,X,O
ILTJZSO,X,O,X,O
ILTJZOS,O,O,X,O
ILTJOSZ,O,X,X,O
ILTJOZS,O,O,X,O
ILTSJZO,O,X,X,O
ILTSJOZ,O,X,X,O
ILTSZJO,O,O,X,X
ILTSZOJ,O,O,O,X
ILTSOJZ,O,X,O,O
ILTSOZJ,O,O,O,X
ILTZJSO,X,O,X,X
ILTZJOS,O,O,X,X
ILTZSJO,O,O,X,X
ILTZSOJ,O,O,O,X
ILTZOJS,O,O,O,X
ILTZOSJ,O,O,O,X
ILTOJSZ,O,X,O,O
ILTOJZS,O,O,O,O
ILTOSJZ,O,X,O,O
ILTOSZJ,O,O,O,X
ILTOZJS,O,O,O,X
ILTOZSJ,O,O,O,X
ILJTSZO,X,X,X,O
ILJTSOZ,X,X,X,O
ILJTZSO,X,O,X,O
ILJTZOS,X,O,X,O
ILJTOSZ,X,X,X,O
ILJTOZS,X,O,X,O
ILJSTZO,X,X,X,O
ILJSTOZ,X,X,X,O
ILJSZTO,X,X,X,O
ILJSZOT,X,X,O,X
ILJSOTZ,X,X,O,X
ILJSOZT,X,X,O,X
ILJZTSO,X,O,X,O
ILJZTOS,X,O,X,O
ILJZSTO,X,O,X,O
ILJZSOT,X,O,O,X
ILJZOTS,X,O,O,X
ILJZOST,X,O,O,X
ILJOTSZ,X,X,O,X
ILJOTZS,X,O,O,X
ILJOSTZ,X,X,O,X
ILJOSZT,X,X,O,X
ILJOZTS,X,O,O,X
ILJOZST,X,O,O,X
ILSTJZO,O,X,X,O
ILSTJOZ,O,X,X,O
ILSTZJO,O,O,X,X
ILSTZOJ,O,O,O,X
ILSTOJZ,O,X,O,O
ILSTOZJ,O,O,O,X
ILSJTZO,X,X,X,O
ILSJTOZ,X,X,X,O
ILSJZTO,X,X,X,O
ILSJZOT,X,X,O,X
ILSJOTZ,X,X,O,X
ILSJOZT,X,X,O,X
ILSZTJO,O,O,X,X
ILSZTOJ,O,O,O,X
ILSZJTO,X,O,X,O
ILSZJOT,X,O,O,X
ILSZOTJ,O,O,O,X
ILSZOJT,X,O,O,X
ILSOTJZ,O,X,O,X
ILSOTZJ,O,O,O,X
ILSOJTZ,X,X,O,X
ILSOJZT,X,X,O,X
ILSOZTJ,O,O,O,X
ILSOZJT,X,O,O,X
ILZTJSO,X,O,X,X
ILZTJOS,O,O,X,X
ILZTSJO,O,O,X,X
ILZTSOJ,O,O,O,X
ILZTOJS,O,O,O,X
ILZTOSJ,O,O,O,X
ILZJTSO,X,O,X,O
ILZJTOS,X,O,X,O
ILZJSTO,X,O,X,O
ILZJSOT,X,O,O,X
ILZJOTS,X,O,O,X
ILZJOST,X,O,O,X
ILZSTJO,O,O,X,X
ILZSTOJ,O,O,O,X
ILZSJTO,X,O,X,O
ILZSJOT,X,O,O,X
ILZSOTJ,O,O,O,X
ILZSOJT,X,O,O,X
ILZOTJS,O,O,O,X
ILZOTSJ,O,O,O,X
ILZOJTS,X,O,O,X
ILZOJST,X,O,O,X
ILZOSTJ,O,O,O,X
ILZOSJT,X,O,O,X
ILOTJSZ,O,X,O,X
ILOTJZS,O,O,O,X
ILOTSJZ,O,X,O,X
ILOTSZJ,O,O,O,X
ILOTZJS,O,O,O,X
ILOTZSJ,O,O,O,X
ILOJTSZ,X,X,O,X
ILOJTZS,X,O,O,X
ILOJSTZ,X,X,O,X
ILOJSZT,X,X,O,X
ILOJZTS,X,O,O,X
ILOJZST,X,O,O,X
ILOSTJZ,O,X,O,X
ILOSTZJ,O,O,O,X
ILOSJTZ,X,X,O,X
ILOSJZT,X,X,O,X
ILOSZTJ,O,O,O,X
ILOSZJT,X,O,O,X
ILOZTJS,O,O,O,X
ILOZTSJ,O,O,O,X
ILOZJTS,X,O,O,X
ILOZJST,X,O,O,X
ILOZSTJ,O,O,O,X
ILOZSJT,X,O,O,X
IJTLSZO,O,X,X,O
IJTLSOZ,O,X,X,O
IJTLZSO,X,O,X,O
IJTLZOS,O,O,X,O
IJTLOSZ,O,X,X,O
IJTLOZS,O,O,X,O
IJTSLZO,O,X,X,O
IJTSLOZ,O,X,X,O
IJTSZLO,O,X,X,O
IJTSZOL,O,X,X,O
IJTSOLZ,O,X,X,O
IJTSOZL,O,X,X,O
IJTZLSO,X,O,X,O
IJTZLOS,O,O,X,O
IJTZSLO,O,O,X,O
IJTZSOL,O,O,X,O
IJTZOLS,O,O,X,O
IJTZOSL,O,O,X,O
IJTOLSZ,O,X,X,O
IJTOLZS,O,O,X,O
IJTOSLZ,O,X,X,O
IJTOSZL,O,X,X,O
IJTOZLS,O,O,X,O
IJTOZSL,O,O,X,O
IJLTSZO,X,X,X,O
IJLTSOZ,X,X,X,O
IJLTZSO,X,O,X,O
IJLTZOS,X,O,X,O
IJLTOSZ,X,X,X,O
IJLTOZS,X,O,X,O
IJLSTZO,X,X,X,O
IJLSTOZ,X,X,X,O
IJLSZTO,X,X,X,O
IJLSZOT,X,X,O,X
IJLSOTZ,X,X,O,X
IJLSOZT,X,X,O,X
IJLZTSO,X,O,X,O
IJLZTOS,X,O,X,O
IJLZSTO,X,O,X,O
IJLZSOT,X,O,O,X
IJLZOTS,X,O,O,X
IJLZOST,X,O,O,X
IJLOTSZ,X,X,O,X
IJLOTZS,X,O,O,X
IJLOSTZ,X,X,O,X
IJLOSZT,X,X,O,X
IJLOZTS,X,O,O,X
IJLOZST,X,O,O,X
IJSTLZO,O,X,X,O
IJSTLOZ,O,X,X,O
IJSTZLO,O,X,X,O
IJSTZOL,O,X,X,O
IJSTOLZ,O,X,X,O
IJSTOZL,O,X,X,O
IJSLTZO,X,X,X,O
IJSLTOZ,X,X,X,O
IJSLZTO,X,X,X,O
IJSLZOT,X,X,O,X
IJSLOTZ,X,X,O,X
IJSLOZT,X,X,O,X
IJSZTLO,O,X,X,O
IJSZTOL,O,X,X,O
IJSZLTO,X,X,X,O
IJSZLOT,X,X,O,X
IJSZOTL,O,X,O,O
IJSZOLT,X,X,O,X
IJSOTLZ,O,X,O,O
IJSOTZL,O,X,O,O
IJSOLTZ,X,X,O,X
IJSOLZT,X,X,O,X
IJSOZTL,O,X,O,O
IJSOZLT,X,X,O,X
IJZTLSO,X,O,X,O
IJZTLOS,O,O,X,O
IJZTSLO,O,O,X,O
IJZTSOL,O,O,X,O
IJZTOLS,O,O,X,O
IJZTOSL,O,O,X,O
IJZLTSO,X,O,X,O
IJZLTOS,X,O,X,O
IJZLSTO,X,O,X,O
IJZLSOT,X,O,O,X
IJZLOTS,X,O,O,X
IJZLOST,X,O,O,X
IJZSTLO,O,O,X,O
IJZSTOL,O,O,X,O
IJZSLTO,X,O,X,O
IJZSLOT,X,O,O,X
IJZSOTL,O,O,O,O
IJZSOLT,X,O,O,X
IJZOTLS,O,O,O,O
IJZOTSL,O,O,O,O
IJZOLTS,X,O,O,X
IJZOLST,X,O,O,X
IJZOSTL,O,O,O,O
IJZOSLT,X,O,O,X
IJOTLSZ,O,X,O,O
IJOTLZS,O,O,O,O
IJOTSLZ,O,X,O,O
IJOTSZL,O,X,O,O
IJOTZLS,O,O,O,O
IJOTZSL,O,O,O,O
IJOLTSZ,X,X,O,X
IJOLTZS,X,O,O,X
IJOLSTZ,X,X,O,X
IJOLSZT,X,X,O,X
IJOLZTS,X,O,O,X
IJOLZST,X,O,O,X
IJOSTLZ,O,X,O,O
IJOSTZL,O,X,O,O
IJOSLTZ,X,X,O,X
IJOSLZT,X,X,O,X
IJOSZTL,O,X,O,O
IJOSZLT,X,X,O,X
IJOZTLS,O,O,O,O
IJOZTSL,O,O,O,O
IJOZLTS,X,O,O,X
IJOZLST,X,O,O,X
IJOZSTL,O,O,O,O
IJOZSLT,X,O,O,X
ISTLJZO,O,X,X,O
ISTLJOZ,O,X,X,O
ISTLZJO,O,O,X,X
ISTLZOJ,O,O,O,X
ISTLOJZ,O,X,O,O
ISTLOZJ,O,O,O,X
ISTJLZO,O,X,X,O
ISTJLOZ,O,X,X,O
ISTJZLO,O,X,X,O
ISTJZOL,O,X,X,O
ISTJOLZ,O,X,X,O
ISTJOZL,O,X,X,O
ISTZLJO,O,O,X,X
ISTZLOJ,O,O,O,X
ISTZJLO,O,O,X,O
ISTZJOL,O,O,X,O
ISTZOLJ,O,O,O,X
ISTZOJL,O,O,O,O
ISTOLJZ,O,X,O,O
ISTOLZJ,O,O,O,X
ISTOJLZ,O,X,O,O
ISTOJZL,O,X,O,O
ISTOZLJ,O,O,O,X
ISTOZJL,O,O,O,O
ISLTJZO,O,X,X,O
ISLTJOZ,O,X,X,O
ISLTZJO,O,O,X,X
ISLTZOJ,O,O,O,X
ISLTOJZ,O,X,O,O
ISLTOZJ,O,O,O,X
ISLJTZO,X,X,X,O
ISLJTOZ,X,X,X,O
ISLJZTO,X,X,X,O
ISLJZOT,X,X,O,X
ISLJOTZ,X,X,O,X
ISLJOZT,X,X,O,X
ISLZTJO,O,O,X,X
ISLZTOJ,O,O,O,X
ISLZJTO,X,O,X,O
ISLZJOT,X,O,O,X
ISLZOTJ,O,O,O,X
ISLZOJT,X,O,O,X
ISLOTJZ,O,X,O,X
ISLOTZJ,O,O,O,X
ISLOJTZ,X,X,O,X
ISLOJZT,X,X,O,X
ISLOZTJ,O,O,O,X
ISLOZJT,X,O,O,X
ISJTLZO,O,X,X,O
ISJTLOZ,O,X,X,O
ISJTZLO,O,X,X,O
ISJTZOL,O,X,X,O
ISJTOLZ,O,X,X,O
ISJTOZL,O,X,X,O
ISJLTZO,X,X,X,O
ISJLTOZ,X,X,X,O
ISJLZTO,X,X,X,O
ISJLZOT,X,X,O,X
ISJLOTZ,X,X,O,X
ISJLOZT,X,X,O,X
ISJZTLO,O,X,X,O
ISJZTOL,O,X,X,O
ISJZLTO,X,X,X,O
ISJZLOT,X,X,O,X
ISJZOTL,O,X,O,O
ISJZOLT,X,X,O,X
ISJOTLZ,O,X,O,O
ISJOTZL,O,X,O,O
ISJOLTZ,X,X,O,X
ISJOLZT,X,X,O,X
ISJOZTL,O,X,O,O
ISJOZLT,X,X,O,X
ISZTLJO,O,O,X,X
ISZTLOJ,O,O,O,X
ISZTJLO,O,O,X,O
ISZTJOL,O,O,X,O
ISZTOLJ,O,O,O,X
ISZTOJL,O,O,O,O
ISZLTJO,O,O,X,X
ISZLTOJ,O,O,O,X
ISZLJTO,X,O,X,O
ISZLJOT,X,O,O,X
ISZLOTJ,O,O,O,X
ISZLOJT,X,O,O,X
ISZJTLO,O,O,X,O
ISZJTOL,O,O,X,O
ISZJLTO,X,O,X,O
ISZJLOT,X,O,O,X
ISZJOTL,O,O,O,O
ISZJOLT,X,O,O,X
ISZOTLJ,O,O,O,X
ISZOTJL,O,O,O,X
ISZOLTJ,O,O,O,X
ISZOLJT,X,O,O,X
ISZOJTL,O,O,O,O
ISZOJLT,X,O,O,X
ISOTLJZ,O,X,O,O
ISOTLZJ,O,O,O,X
ISOTJLZ,O,X,O,O
ISOTJZL,O,X,O,O
ISOTZLJ,O,O,O,X
ISOTZJL,O,O,O,O
ISOLTJZ,O,X,O,X
ISOLTZJ,O,O,O,X
ISOLJTZ,X,X,O,X
ISOLJZT,X,X,O,X
ISOLZTJ,O,O,O,X
ISOLZJT,X,O,O,X
ISOJTLZ,O,X,O,O
ISOJTZL,O,X,O,O
ISOJLTZ,X,X,O,X
ISOJLZT,X,X,O,X
ISOJZTL,O,X,O,O
ISOJZLT,X,X,O,X
ISOZTLJ,O,O,O,X
ISOZTJL,O,O,O,X
ISOZLTJ,O,O,O,X
ISOZLJT,X,O,O,X
ISOZJTL,O,O,O,O
ISOZJLT,X,O,O,X
IZTLJSO,X,O,X,X
IZTLJOS,O,O,X,X
IZTLSJO,O,O,X,X
IZTLSOJ,O,O,O,X
IZTLOJS,O,O,O,X
IZTLOSJ,O,O,O,X
IZTJLSO,X,O,X,O
IZTJLOS,O,O,X,O
IZTJSLO,O,O,X,O
IZTJSOL,O,O,X,O
IZTJOLS,O,O,X,O
IZTJOSL,O,O,X,O
IZTSLJO,O,O,X,X
IZTSLOJ,O,O,O,X
IZTSJLO,O,O,X,O
IZTSJOL,O,O,X,O
IZTSOLJ,O,O,O,X
IZTSOJL,O,O,O,O
IZTOLJS,O,O,O,X
IZTOLSJ,O,O,O,X
IZTOJLS,O,O,O,O
IZTOJSL,O,O,O,O
IZTOSLJ,O,O,O,X
IZTOSJL,O,O,O,O
IZLTJSO,X,O,X,X
IZLTJOS,O,O,X,X
IZLTSJO,O,O,X,X
IZLTSOJ,O,O,O,X
IZLTOJS,O,O,O,X
IZLTOSJ,O,O,O,X
IZLJTSO,X,O,X,O
IZLJTOS,X,O,X,O
IZLJSTO,X,O,X,O
IZLJSOT,X,O,O,X
IZLJOTS,X,O,O,X
IZLJOST,X,O,O,X
IZLSTJO,O,O,X,X
IZLSTOJ,O,O,O,X
IZLSJTO,X,O,X,O
IZLSJOT,X,O,O,X
IZLSOTJ,O,O,O,X
IZLSOJT,X,O,O,X
IZLOTJS,O,O,O,X
IZLOTSJ,O,O,O,X
IZLOJTS,X,O,O,X
IZLOJST,X,O,O,X
IZLOSTJ,O,O,O,X
IZLOSJT,X,O,O,X
IZJTLSO,X,O,X,O
IZJTLOS,O,O,X,O
IZJTSLO,O,O,X,O
IZJTSOL,O,O,X,O
IZJTOLS,O,O,X,O
IZJTOSL,O,O,X,O
IZJLTSO,X,O,X,O
IZJLTOS,X,O,X,O
IZJLSTO,X,O,X,O
IZJLSOT,X,O,O,X
IZJLOTS,X,O,O,X
IZJLOST,X,O,O,X
IZJSTLO,O,O,X,O
IZJSTOL,O,O,X,O
IZJSLTO,X,O,X,O
IZJSLOT,X,O,O,X
IZJSOTL,O,O,O,O
IZJSOLT,X,O,O,X
IZJOTLS,O,O,O,O
IZJOTSL,O,O,O,O
IZJOLTS,X,O,O,X
IZJOLST,X,O,O,X
IZJOSTL,O,O,O,O
IZJOSLT,X,O,O,X
IZSTLJO,O,O,X,X
IZSTLOJ,O,O,O,X
IZSTJLO,O,O,X,O
IZSTJOL,O,O,X,O
IZSTOLJ,O,O,O,X
IZSTOJL,O,O,O,O
IZSLTJO,O,O,X,X
IZSLTOJ,O,O,O,X
IZSLJTO,X,O,X,O
IZSLJOT,X,O,O,X
IZSLOTJ,O,O,O,X
IZSLOJT,X,O,O,X
IZSJTLO,O,O,X,O
IZSJTOL,O,O,X,O
IZSJLTO,X,O,X,O
IZSJLOT,X,O,O,X
IZSJOTL,O,O,O,O
IZSJOLT,X,O,O,X
IZSOTLJ,O,O,O,X
IZSOTJL,O,O,O,X
IZSOLTJ,O,O,O,X
IZSOLJT,X,O,O,X
IZSOJTL,O,O,O,O
IZSOJLT,X,O,O,X
IZOTLJS,O,O,O,X
IZOTLSJ,O,O,O,X
IZOTJLS,O,O,O,X
IZOTJSL,O,O,O,X
IZOTSLJ,O,O,O,X
IZOTSJL,O,O,O,X
IZOLTJS,O,O,O,X
IZOLTSJ,O,O,O,X
IZOLJTS,X,O,O,X
IZOLJST,X,O,O,X
IZOLSTJ,O,O,O,X
IZOLSJT,X,O,O,X
IZOJTLS,O,O,O,O
IZOJTSL,O,O,O,O
IZOJLTS,X,O,O,X
IZOJLST,X,O,O,X
IZOJSTL,O,O,O,O
IZOJSLT,X,O,O,X
IZOSTLJ,O,O,O,X
IZOSTJL,O,O,O,X
IZOSLTJ,O,O,O,X
IZOSLJT,X,O,O,X
IZOSJTL,O,O,O,O
IZOSJLT,X,O,O,X
IOTLJSZ,O,X,O,O
IOTLJZS,O,O,O,O
IOTLSJZ,O,X,O,O
IOTLSZJ,O,O,O,X
IOTLZJS,O,O,O,X
IOTLZSJ,O,O,O,X
IOTJLSZ,O,X,O,O
IOTJLZS,O,O,O,O
IOTJSLZ,O,X,O,O
IOTJSZL,O,X,O,O
IOTJZLS,O,O,O,O
IOTJZSL,O,O,O,O
IOTSLJZ,O,X,O,O
IOTSLZJ,O,O,O,X
IOTSJLZ,O,X,O,O
IOTSJZL,O,X,O,O
IOTSZLJ,O,O,O,X
IOTSZJL,O,O,O,O
IOTZLJS,O,O,O,X
IOTZLSJ,O,O,O,X
IOTZJLS,O,O,O,O
IOTZJSL,O,O,O,O
IOTZSLJ,O,O,O,X
IOTZSJL,O,O,O,O
IOLTJSZ,O,X,O,X
IOLTJZS,O,O,O,X
IOLTSJZ,O,X,O,X
IOLTSZJ,O,O,O,X
IOLTZJS,O,O,O,X
IOLTZSJ,O,O,O,X
IOLJTSZ,X,X,O,X
IOLJTZS,X,O,O,X
IOLJSTZ,X,X,O,X
IOLJSZT,X,X,O,X
IOLJZTS,X,O,O,X
IOLJZST,X,O,O,X
IOLSTJZ,O,X,O,X
IOLSTZJ,O,O,O,X
IOLSJTZ,X,X,O,X
IOLSJZT,X,X,O,X
IOLSZTJ,O,O,O,X
IOLSZJT,X,O,O,X
IOLZTJS,O,O,O,X
IOLZTSJ,O,O,O,X
IOLZJTS,X,O,O,X
IOLZJST,X,O,O,X
IOLZSTJ,O,O,O,X
IOLZSJT,X,O,O,X
IOJTLSZ,O,X,O,O
IOJTLZS,O,O,O,O
IOJTSLZ,O,X,O,O
IOJTSZL,O,X,O,O
IOJTZLS,O,O,O,O
IOJTZSL,O,O,O,O
IOJLTSZ,X,X,O,X
IOJLTZS,X,O,O,X
IOJLSTZ,X,X,O,X
IOJLSZT,X,X,O,X
IOJLZTS,X,O,O,X
IOJLZST,X,O,O,X
IOJSTLZ,O,X,O,O
IOJSTZL,O,X,O,O
IOJSLTZ,X,X,O,X
IOJSLZT,X,X,O,X
IOJSZTL,O,X,O,O
IOJSZLT,X,X,O,X
IOJZTLS,O,O,O,O
IOJZTSL,O,O,O,O
IOJZLTS,X,O,O,X
IOJZLST,X,O,O,X
IOJZSTL,O,O,O,O
IOJZSLT,X,O,O,X
IOSTLJZ,O,X,O,O
IOSTLZJ,O,O,O,X
IOSTJLZ,O,X,O,O
IOSTJZL,O,X,O,O
IOSTZLJ,O,O,O,X
IOSTZJL,O,O,O,O
IOSLTJZ,O,X,O,X
IOSLTZJ,O,O,O,X
IOSLJTZ,X,X,O,X
IOSLJZT,X,X,O,X
IOSLZTJ,O,O,O,X
IOSLZJT,X,O,O,X
IOSJTLZ,O,X,O,O
IOSJTZL,O,X,O,O
IOSJLTZ,X,X,O,X
IOSJLZT,X,X,O,X
IOSJZTL,O,X,O,O
IOSJZLT,X,X,O,X
IOSZTLJ,O,O,O,X
IOSZTJL,O,O,O,X
IOSZLTJ,O,O,O,X
IOSZLJT,X,O,O,X
IOSZJTL,O,O,O,O
IOSZJLT,X,O,O,X
IOZTLJS,O,O,O,X
IOZTLSJ,O,O,O,X
IOZTJLS,O,O,O,X
IOZTJSL,O,O,O,X
IOZTSLJ,O,O,O,X
IOZTSJL,O,O,O,X
IOZLTJS,O,O,O,X
IOZLTSJ,O,O,O,X
IOZLJTS,X,O,O,X
IOZLJST,X,O,O,X
IOZLSTJ,O,O,O,X
IOZLSJT,X,O,O,X
IOZJTLS,O,O,O,O
IOZJTSL,O,O,O,O
IOZJLTS,X,O,O,X
IOZJLST,X,O,O,X
IOZJSTL,O,O,O,O
IOZJSLT,X,O,O,X
IOZSTLJ,O,O,O,X
IOZSTJL,O,O,O,X
IOZSLTJ,O,O,O,X
IOZSLJT,X,O,O,X
IOZSJTL,O,O,O,O
IOZSJLT,X,O,O,X
LTIJSZO,O,X,X,O
LTIJSOZ,O,X,X,O
LTIJZSO,X,O,X,O
LTIJZOS,O,O,X,O
LTIJOSZ,O,X,X,O
LTIJOZS,O,O,X,O
LTISJZO,O,X,X,O
LTISJOZ,O,X,X,O
LTISZJO,O,O,X,X
LTISZOJ,O,O,O,X
LTISOJZ,O,X,O,O
LTISOZJ,O,O,O,X
LTIZJSO,X,O,X,X
LTIZJOS,O,O,X,X
LTIZSJO,O,O,X,X
LTIZSOJ,O,O,O,X
LTIZOJS,O,O,O,X
LTIZOSJ,O,O,O,X
LTIOJSZ,O,X,O,O
LTIOJZS,O,O,O,O
LTIOSJZ,O,X,O,O
LTIOSZJ,O,O,O,X
LTIOZJS,O,O,O,X
LTIOZSJ,O,O,O,X
LTJISZO,O,X,X,O
LTJISOZ,O,X,X,O
LTJIZSO,X,O,X,O
LTJIZOS,O,O,X,O
LTJIOSZ,O,X,X,O
LTJIOZS,O,O,X,O
LTJSIZO,O,X,X,O
LTJSIOZ,O,X,X,O
LTJSZIO,O,X,X,O
LTJSZOI,O,X,X,O
LTJSOIZ,O,X,X,O
LTJSOZI,O,X,X,O
LTJZISO,X,O,X,O
LTJZIOS,O,O,X,O
LTJZSIO,X,O,X,O
LTJZSOI,X,O,X,O
LTJZOIS,O,O,X,O
LTJZOSI,X,O,X,O
LTJOISZ,O,X,X,O
LTJOIZS,O,O,X,O
LTJOSIZ,O,X,X,O
LTJOSZI,O,X,X,O
LTJOZIS,O,O,X,O
LTJOZSI,X,O,X,O
LTSIJZO,O,X,X,O
LTSIJOZ,O,X,X,O
LTSIZJO,O,O,X,X
LTSIZOJ,O,O,O,X
LTSIOJZ,O,X,O,O
LTSIOZJ,O,O,O,X
LTSJIZO,O,X,X,O
LTSJIOZ,O,X,X,O
LTSJZIO,O,X,X,O
LTSJZOI,O,X,X,O
LTSJOIZ,O,X,X,O
LTSJOZI,O,X,X,O
LTSZIJO,O,O,X,X
LTSZIOJ,O,O,O,X
LTSZJIO,O,O,X,X
LTSZJOI,O,O,X,X
LTSZOIJ,O,O,O,X
LTSZOJI,O,O,O,X
LTSOIJZ,O,X,O,O
LTSOIZJ,O,O,O,X
LTSOJIZ,O,X,O,O
LTSOJZI,O,X,O,O
LTSOZIJ,O,O,O,X
LTSOZJI,O,O,O,X
LTZIJSO,X,O,X,X
LTZIJOS,O,O,X,X
LTZISJO,O,O,X,X
LTZISOJ,O,O,O,X
LTZIOJS,O,O,O,X
LTZIOSJ,O,O,O,X
LTZJISO,X,O,X,X
LTZJIOS,O,O,X,X
LTZJSIO,X,O,X,X
LTZJSOI,X,O,X,X
LTZJOIS,O,O,X,X
LTZJOSI,X,O,X,X
LTZSIJO,O,O,X,X
LTZSIOJ,O,O,O,X
LTZSJIO,O,O,X,X
LTZSJOI,O,O,X,X
LTZSOIJ,O,O,O,X
LTZSOJI,O,O,O,X
LTZOIJS,O,O,O,X
LTZOISJ,O,O,O,X
LTZOJIS,O,O,O,X
LTZOJSI,X,O,O,X
LTZOSIJ,O,O,O,X
LTZOSJI,O,O,O,X
LTOIJSZ,O,X,O,O
LTOIJZS,O,O,O,O
LTOISJZ,O,X,O,O
LTOISZJ,O,O,O,X
LTOIZJS,O,O,O,X
LTOIZSJ,O,O,O,X
LTOJISZ,O,X,O,O
LTOJIZS,O,O,O,O
LTOJSIZ,O,X,O,O
LTOJSZI,O,X,O,O
LTOJZIS,O,O,O,O
LTOJZSI,X,O,O,O
LTOSIJZ,O,X,O,O
LTOSIZJ,O,O,O,X
LTOSJIZ,O,X,O,O
LTOSJZI,O,X,O,O
LTOSZIJ,O,O,O,X
LTOSZJI,O,O,O,X
LTOZIJS,O,O,O,X
LTOZISJ,O,O,O,X
LTOZJIS,O,O,O,X
LTOZJSI,X,O,O,X
LTOZSIJ,O,O,O,X
LTOZSJI,O,O,O,X
LITJSZO,O,X,X,O
LITJSOZ,O,X,X,O
LITJZSO,X,O,X,O
LITJZOS,O,O,X,O
LITJOSZ,O,X,X,O
LITJOZS,O,O,X,O
LITSJZO,O,X,X,O
LITSJOZ,O,X,X,O
LITSZJO,O,O,X,X
LITSZOJ,O,O,O,X
LITSOJZ,O,X,O,O
LITSOZJ,O,O,O,X
LITZJSO,X,O,X,X
LITZJOS,O,O,X,X
LITZSJO,O,O,X,X
LITZSOJ,O,O,O,X
LITZOJS,O,O,O,X
LITZOSJ,O,O,O,X
LITOJSZ,O,X,O,O
LITOJZS,O,O,O,O
LITOSJZ,O,X,O,O
LITOSZJ,O,O,O,X
LITOZJS,O,O,O,X
LITOZSJ,O,O,O,X
LIJTSZO,X,X,X,O
LIJTSOZ,X,X,X,O
LIJTZSO,X,O,X,O
LIJTZOS,X,O,X,O
LIJTOSZ,X,X,X,O
LIJTOZS,X,O,X,O
LIJSTZO,X,X,X,O
LIJSTOZ,X,X,X,O
LIJSZTO,X,X,X,O
LIJSZOT,X,X,O,X
LIJSOTZ,X,X,O,X
LIJSOZT,X,X,O,X
LIJZTSO,X,O,X,O
LIJZTOS,X,O,X,O
LIJZSTO,X,O,X,O
LIJZSOT,X,O,O,X
LIJZOTS,X,O,O,X
LIJZOST,X,O,O,X
LIJOTSZ,X,X,O,X
LIJOTZS,X,O,O,X
LIJOSTZ,X,X,O,X
LIJOSZT,X,X,O,X
LIJOZTS,X,O,O,X
LIJOZST,X,O,O,X
LISTJZO,O,X,X,O
LISTJOZ,O,X,X,O
LISTZJO,O,O,X,X
LISTZOJ,O,O,O,X
LISTOJZ,O,X,O,O
LISTOZJ,O,O,O,X
LISJTZO,X,X,X,O
LISJTOZ,X,X,X,O
LISJZTO,X,X,X,O
LISJZOT,X,X,O,X
LISJOTZ,X,X,O,X
LISJOZT,X,X,O,X
LISZTJO,O,O,X,X
LISZTOJ,O,O,O,X
LISZJTO,X,O,X,O
LISZJOT,X,O,O,X
LISZOTJ,O,O,O,X
LISZOJT,X,O,O,X
LISOTJZ,O,X,O,X
LISOTZJ,O,O,O,X
LISOJTZ,X,X,O,X
LISOJZT,X,X,O,X
LISOZTJ,O,O,O,X
LISOZJT,X,O,O,X
LIZTJSO,X,O,X,X
LIZTJOS,O,O,X,X
LIZTSJO,O,O,X,X
LIZTSOJ,O,O,O,X
LIZTOJS,O,O,O,X
LIZTOSJ,O,O,O,X
LIZJTSO,X,O,X,O
LIZJTOS,X,O,X,O
LIZJSTO,X,O,X,O
LIZJSOT,X,O,O,X
LIZJOTS,X,O,O,X
LIZJOST,X,O,O,X
LIZSTJO,O,O,X,X
LIZSTOJ,O,O,O,X
LIZSJTO,X,O,X,O
LIZSJOT,X,O,O,X
LIZSOTJ,O,O,O,X
LIZSOJT,X,O,O,X
LIZOTJS,O,O,O,X
LIZOTSJ,O,O,O,X
LIZOJTS,X,O,O,X
LIZOJST,X,O,O,X
LIZOSTJ,O,O,O,X
LIZOSJT,X,O,O,X
LIOTJSZ,O,X,O,X
LIOTJZS,O,O,O,X
LIOTSJZ,O,X,O,X
LIOTSZJ,O,O,O,X
LIOTZJS,O,O,O,X
LIOTZSJ,O,O,O,X
LIOJTSZ,X,X,O,X
LIOJTZS,X,O,O,X
LIOJSTZ,X,X,O,X
LIOJSZT,X,X,O,X
LIOJZTS,X,O,O,X
LIOJZST,X,O,O,X
LIOSTJZ,O,X,O,X
LIOSTZJ,O,O,O,X
LIOSJTZ,X,X,O,X
LIOSJZT,X,X,O,X
LIOSZTJ,O,O,O,X
LIOSZJT,X,O,O,X
LIOZTJS,O,O,O,X
LIOZTSJ,O,O,O,X
LIOZJTS,X,O,O,X
LIOZJST,X,O,O,X
LIOZSTJ,O,O,O,X
LIOZSJT,X,O,O,X
LJTISZO,X,X,X,O
LJTISOZ,X,X,X,O
LJTIZSO,X,O,X,O
LJTIZOS,X,O,X,O
LJTIOSZ,X,X,X,O
LJTIOZS,X,O,X,O
LJTSIZO,X,X,X,O
LJTSIOZ,X,X,X,O
LJTSZIO,X,X,X,O
LJTSZOI,X,X,X,O
LJTSOIZ,X,X,X,O
LJTSOZI,X,X,X,O
LJTZISO,X,O,X,O
LJTZIOS,X,O,X,O
LJTZSIO,X,O,X,O
LJTZSOI,X,O,X,O
LJTZOIS,X,O,X,O
LJTZOSI,X,O,X,O
LJTOISZ,X,X,X,O
LJTOIZS,X,O,X,O
LJTOSIZ,X,X,X,O
LJTOSZI,X,X,X,O
LJTOZIS,X,O,X,O
LJTOZSI,X,O,X,O
LJITSZO,X,X,X,O
LJITSOZ,X,X,X,O
LJITZSO,X,O,X,O
LJITZOS,X,O,X,O
LJITOSZ,X,X,X,O
LJITOZS,X,O,X,O
LJISTZO,X,X,X,O
LJISTOZ,X,X,X,O
LJISZTO,X,X,X,O
LJISZOT,X,X,O,X
LJISOTZ,X,X,O,X
LJISOZT,X,X,O,X
LJIZTSO,X,O,X,O
LJIZTOS,X,O,X,O
LJIZSTO,X,O,X,O
LJIZSOT,X,O,O,X
LJIZOTS,X,O,O,X
LJIZOST,X,O,O,X
LJIOTSZ,X,X,O,X
LJIOTZS,X,O,O,X
LJIOSTZ,X,X,O,X
LJIOSZT,X,X,O,X
LJIOZTS,X,O,O,X
LJIOZST,X,O,O,X
LJSTIZO,X,X,X,O
LJSTIOZ,X,X,X,O
LJSTZIO,X,X,X,O
LJSTZOI,X,X,X,O
LJSTOIZ,X,X,X,O
LJSTOZI,X,X,X,O
LJSITZO,X,X,X,O
LJSITOZ,X,X,X,O
LJSIZTO,X,X,X,O
LJSIZOT,X,X,O,X
LJSIOTZ,X,X,O,X
LJSIOZT,X,X,O,X
LJSZTIO,X,X,X,O
LJSZTOI,X,X,X,O
LJSZITO,X,X,X,O
LJSZIOT,X,X,O,X
LJSZOTI,X,X,O,X
LJSZOIT,X,X,O,X
LJSOTIZ,X,X,O,X
LJSOTZI,X,X,O,X
LJSOITZ,X,X,O,X
LJSOIZT,X,X,O,X
LJSOZTI,X,X,O,X
LJSOZIT,X,X,O,X
LJZTISO,X,O,X,O
LJZTIOS,X,O,X,O
LJZTSIO,X,O,X,O
LJZTSOI,X,O,X,O
LJZTOIS,X,O,X,O
LJZTOSI,X,O,X,O
LJZITSO,X,O,X,O
LJZITOS,X,O,X,O
LJZISTO,X,O,X,O
LJZISOT,X,O,O,X
LJZIOTS,X,O,O,X
LJZIOST,X,O,O,X
LJZSTIO,X,O,X,O
LJZSTOI,X,O,X,O
LJZSITO,X,O,X,O
LJZSIOT,X,O,O,X
LJZSOTI,X,O,O,X
LJZSOIT,X,O,O,X
LJZOTIS,X,O,O,X
LJZOTSI,X,O,O,X
LJZOITS,X,O,O,X
LJZOIST,X,O,O,X
LJZOSTI,X,O,O,X
LJZOSIT,X,O,O,X
LJOTISZ,X,X,O,X
LJOTIZS,X,O,O,X
LJOTSIZ,X,X,O,X
LJOTSZI,X,X,O,X
LJOTZIS,X,O,O,X
LJOTZSI,X,O,O,X
LJOITSZ,X,X,O,X
LJOITZS,X,O,O,X
LJOISTZ,X,X,O,X
LJOISZT,X,X,O,X
LJOIZTS,X,O,O,X
LJOIZST,X,O,O,X
LJOSTIZ,X,X,O,X
LJOSTZI,X,X,O,X
LJOSITZ,X,X,O,X
LJOSIZT,X,X,O,X
LJOSZTI,X,X,O,X
LJOSZIT,X,X,O,X
LJOZTIS,X,O,O,X
LJOZTSI,X,O,O,X
LJOZITS,X,O,O,X
LJOZIST,X,O,O,X
LJOZSTI,X,O,O,X
LJOZSIT,X,O,O,X
LSTIJZO,O,X,X,O
LSTIJOZ,O,X,X,O
LSTIZJO,O,O,X,X
LSTIZOJ,O,O,O,X
LSTIOJZ,O,X,O,O
LSTIOZJ,O,O,O,X
LSTJIZO,O,X,X,O
LSTJIOZ,O,X,X,O
LSTJZIO,O,X,X,O
LSTJZOI,O,X,X,O
LSTJOIZ,O,X,X,O
LSTJOZI,O,X,X,O
LSTZIJO,O,O,X,X
LSTZIOJ,O,O,O,X
LSTZJIO,O,O,X,X
LSTZJOI,O,O,X,X
LSTZOIJ,O,O,O,X
LSTZOJI,O,O,O,X
LSTOIJZ,O,X,O,O
LSTOIZJ,O,O,O,X
LSTOJIZ,O,X,O,O
LSTOJZI,O,X,O,O
LSTOZIJ,O,O,O,X
LSTOZJI,O,O,O,X
LSITJZO,O,X,X,O
LSITJOZ,O,X,X,O
LSITZJO,O,O,X,X
LSITZOJ,O,O,O,X
LSITOJZ,O,X,O,O
LSITOZJ,O,O,O,X
LSIJTZO,X,X,X,O
LSIJTOZ,X,X,X,O
LSIJZTO,X,X,X,O
LSIJZOT,X,X,O,X
LSIJOTZ,X,X,O,X
LSIJOZT,X,X,O,X
LSIZTJO,O,O,X,X
LSIZTOJ,O,O,O,X
LSIZJTO,X,O,X,O
LSIZJOT,X,O,O,X
LSIZOTJ,O,O,O,X
LSIZOJT,X,O,O,X
LSIOTJZ,O,X,O,X
LSIOTZJ,O,O,O,X
LSIOJTZ,X,X,O,X
LSIOJZT,X,X,O,X
LSIOZTJ,O,O,O,X
LSIOZJT,X,O,O,X
LSJTIZO,X,X,X,O
LSJTIOZ,X,X,X,O
LSJTZIO,X,X,X,O
LSJTZOI,X,X,X,O
LSJTOIZ,X,X,X,O
LSJTOZI,X,X,X,O
LSJITZO,X,X,X,O
LSJITOZ,X,X,X,O
LSJIZTO,X,X,X,O
LSJIZOT,X,X,O,X
LSJIOTZ,X,X,O,X
LSJIOZT,X,X,O,X
LSJZTIO,X,X,X,O
LSJZTOI,X,X,X,O
LSJZITO,X,X,X,O
LSJZIOT,X,X,O,X
LSJZOTI,X,X,O,X
LSJZOIT,X,X,O,X
LSJOTIZ,X,X,O,X
LSJOTZI,X,X,O,X
LSJOITZ,X,X,O,X
LSJOIZT,X,X,O,X
LSJOZTI,X,X,O,X
LSJOZIT,X,X,O,X
LSZTIJO,O,O,X,X
LSZTIOJ,O,O,O,X
LSZTJIO,O,O,X,X
LSZTJOI,O,O,X,X
LSZTOIJ,O,O,O,X
LSZTOJI,O,O,O,X
LSZITJO,O,O,X,X
LSZITOJ,O,O,O,X
LSZIJTO,X,O,X,O
LSZIJOT,X,O,O,X
LSZIOTJ,O,O,O,X
LSZIOJT,X,O,O,X
LSZJTIO,X,O,X,O
LSZJTOI,X,O,X,O
LSZJITO,X,O,X,O
LSZJIOT,X,O,O,X
LSZJOTI,X,O,O,X
LSZJOIT,X,O,O,X
LSZOTIJ,O,O,O,X
LSZOTJI,O,O,O,X
LSZOITJ,O,O,O,X
LSZOIJT,X,O,O,X
LSZOJTI,X,O,O,X
LSZOJIT,X,O,O,X
LSOTIJZ,O,X,O,X
LSOTIZJ,O,O,O,X
LSOTJIZ,O,X,O,X
LSOTJZI,O,X,O,X
LSOTZIJ,O,O,O,X
LSOTZJI,O,O,O,X
LSOITJZ,O,X,O,X
LSOITZJ,O,O,O,X
LSOIJTZ,X,X,O,X
LSOIJZT,X,X,O,X
LSOIZTJ,O,O,O,X
LSOIZJT,X,O,O,X
LSOJTIZ,X,X,O,X
LSOJTZI,X,X,O,X
LSOJITZ,X,X,O,X
LSOJIZT,X,X,O,X
LSOJZTI,X,X,O,X
LSOJZIT,X,X,O,X
LSOZTIJ,O,O,O,X
LSOZTJI,O,O,O,X
LSOZITJ,O,O,O,X
LSOZIJT,X,O,O,X
LSOZJTI,X,O,O,X
LSOZJIT,X,O,O,X
LZTIJSO,X,O,X,X
LZTIJOS,O,O,X,X
LZTISJO,O,O,X,X
LZTISOJ,O,O,O,X
LZTIOJS,O,O,O,X
LZTIOSJ,O,O,O,X
LZTJISO,X,O,X,X
LZTJIOS,O,O,X,X
LZTJSIO,X,O,X,X
LZTJSOI,X,O,X,X
LZTJOIS,O,O,X,X
LZTJOSI,X,O,X,X
LZTSIJO,O,O,X,X
LZTSIOJ,O,O,O,X
LZTSJIO,O,O,X,X
LZTSJOI,O,O,X,X
LZTSOIJ,O,O,O,X
LZTSOJI,O,O,O,X
LZTOIJS,O,O,O,X
LZTOISJ,O,O,O,X
LZTOJIS,O,O,O,X
LZTOJSI,X,O,O,X
LZTOSIJ,O,O,O,X
LZTOSJI,O,O,O,X
LZITJSO,X,O,X,X
LZITJOS,O,O,X,X
LZITSJO,O,O,X,X
LZITSOJ,O,O,O,X
LZITOJS,O,O,O,X
LZITOSJ,O,O,O,X
LZIJTSO,X,O,X,O
LZIJTOS,X,O,X,O
LZIJSTO,X,O,X,O
LZIJSOT,X,O,O,X
LZIJOTS,X,O,O,X
LZIJOST,X,O,O,X
LZISTJO,O,O,X,X
LZISTOJ,O,O,O,X
LZISJTO,X,O,X,O
LZISJOT,X,O,O,X
LZISOTJ,O,O,O,X
LZISOJT,X,O,O,X
LZIOTJS,O,O,O,X
LZIOTSJ,O,O,O,X
LZIOJTS,X,O,O,X
LZIOJST,X,O,O,X
LZIOSTJ,O,O,O,X
LZIOSJT,X,O,O,X
LZJTISO,X,O,X,O
LZJTIOS,X,O,X,O
LZJTSIO,X,O,X,O
LZJTSOI,X,O,X,O
LZJTOIS,X,O,X,O
LZJTOSI,X,O,X,O
LZJITSO,X,O,X,O
LZJITOS,X,O,X,O
LZJISTO,X,O,X,O
LZJISOT,X,O,O,X
LZJIOTS,X,O,O,X
LZJIOST,X,O,O,X
LZJSTIO,X,O,X,O
LZJSTOI,X,O,X,O
LZJSITO,X,O,X,O
LZJSIOT,X,O,O,X
LZJSOTI,X,O,O,X
LZJSOIT,X,O,O,X
LZJOTIS,X,O,O,X
LZJOTSI,X,O,O,X
LZJOITS,X,O,O,X
LZJOIST,X,O,O,X
LZJOSTI,X,O,O,X
LZJOSIT,X,O,O,X
LZSTIJO,O,O,X,X
LZSTIOJ,O,O,O,X
LZSTJIO,O,O,X,X
LZSTJOI,O,O,X,X
LZSTOIJ,O,O,O,X
LZSTOJI,O,O,O,X
LZSITJO,O,O,X,X
LZSITOJ,O,O,O,X
LZSIJTO,X,O,X,O
LZSIJOT,X,O,O,X
LZSIOTJ,O,O,O,X
LZSIOJT,X,O,O,X
LZSJTIO,X,O,X,O
LZSJTOI,X,O,X,O
LZSJITO,X,O,X,O
LZSJIOT,X,O,O,X
LZSJOTI,X,O,O,X
LZSJOIT,X,O,O,X
LZSOTIJ,O,O,O,X
LZSOTJI,O,O,O,X
LZSOITJ,O,O,O,X
LZSOIJT,X,O,O,X
LZSOJTI,X,O,O,X
LZSOJIT,X,O,O,X
LZOTIJS,O,O,O,X
LZOTISJ,O,O,O,X
LZOTJIS,O,O,O,X
LZOTJSI,X,O,O,X
LZOTSIJ,O,O,O,X
LZOTSJI,O,O,O,X
LZOITJS,O,O,O,X
LZOITSJ,O,O,O,X
LZOIJTS,X,O,O,X
LZOIJST,X,O,O,X
LZOISTJ,O,O,O,X
LZOISJT,X,O,O,X
LZOJTIS,X,O,O,X
LZOJTSI,X,O,O,X
LZOJITS,X,O,O,X
LZOJIST,X,O,O,X
LZOJSTI,X,O,O,X
LZOJSIT,X,O,O,X
LZOSTIJ,O,O,O,X
LZOSTJI,O,O,O,X
LZOSITJ,O,O,O,X
LZOSIJT,X,O,O,X
LZOSJTI,X,O,O,X
LZOSJIT,X,O,O,X
LOTIJSZ,O,X,O,X
LOTIJZS,O,O,O,X
LOTISJZ,O,X,O,X
LOTISZJ,O,O,O,X
LOTIZJS,O,O,O,X
LOTIZSJ,O,O,O,X
LOTJISZ,O,X,O,X
LOTJIZS,O,O,O,X
LOTJSIZ,O,X,O,X
LOTJSZI,O,X,O,X
LOTJZIS,O,O,O,X
LOTJZSI,X,O,O,X
LOTSIJZ,O,X,O,X
LOTSIZJ,O,O,O,X
LOTSJIZ,O,X,O,X
LOTSJZI,O,X,O,X
LOTSZIJ,O,O,O,X
LOTSZJI,O,O,O,X
LOTZIJS,O,O,O,X
LOTZISJ,O,O,O,X
LOTZJIS,O,O,O,X
LOTZJSI,X,O,O,X
LOTZSIJ,O,O,O,X
LOTZSJI,O,O,O,X
LOITJSZ,O,X,O,X
LOITJZS,O,O,O,X
LOITSJZ,O,X,O,X
LOITSZJ,O,O,O,X
LOITZJS,O,O,O,X
LOITZSJ,O,O,O,X
LOIJTSZ,X,X,O,X
LOIJTZS,X,O,O,X
LOIJSTZ,X,X,O,X
LOIJSZT,X,X,O,X
LOIJZTS,X,O,O,X
LOIJZST,X,O,O,X
LOISTJZ,O,X,O,X
LOISTZJ,O,O,O,X
LOISJTZ,X,X,O,X
LOISJZT,X,X,O,X
LOISZTJ,O,O,O,X
LOISZJT,X,O,O,X
LOIZTJS,O,O,O,X
LOIZTSJ,O,O,O,X
LOIZJTS,X,O,O,X
LOIZJST,X,O,O,X
LOIZSTJ,O,O,O,X
LOIZSJT,X,O,O,X
LOJTISZ,X,X,O,X
LOJTIZS,X,O,O,X
LOJTSIZ,X,X,O,X
LOJTSZI,X,X,O,X
LOJTZIS,X,O,O,X
LOJTZSI,X,O,O,X
LOJITSZ,X,X,O,X
LOJITZS,X,O,O,X
LOJISTZ,X,X,O,X
LOJISZT,X,X,O,X
LOJIZTS,X,O,O,X
LOJIZST,X,O,O,X
LOJSTIZ,X,X,O,X
LOJSTZI,X,X,O,X
LOJSITZ,X,X,O,X
LOJSIZT,X,X,O,X
LOJSZTI,X,X,O,X
LOJSZIT,X,X,O,X
LOJZTIS,X,O,O,X
LOJZTSI,X,O,O,X
LOJZITS,X,O,O,X
LOJZIST,X,O,O,X
LOJZSTI,X,O,O,X
LOJZSIT,X,O,O,X
LOSTIJZ,O,X,O,X
LOSTIZJ,O,O,O,X
LOSTJIZ,O,X,O,X
LOSTJZI,O,X,O,X
LOSTZIJ,O,O,O,X
LOSTZJI,O,O,O,X
LOSITJZ,O,X,O,X
LOSITZJ,O,O,O,X
LOSIJTZ,X,X,O,X
LOSIJZT,X,X,O,X
LOSIZTJ,O,O,O,X
LOSIZJT,X,O,O,X
LOSJTIZ,X,X,O,X
LOSJTZI,X,X,O,X
LOSJITZ,X,X,O,X
LOSJIZT,X,X,O,X
LOSJZTI,X,X,O,X
LOSJZIT,X,X,O,X
LOSZTIJ,O,O,O,X
LOSZTJI,O,O,O,X
LOSZITJ,O,O,O,X
LOSZIJT,X,O,O,X
LOSZJTI,X,O,O,X
LOSZJIT,X,O,O,X
LOZTIJS,O,O,O,X
LOZTISJ,O,O,O,X
LOZTJIS,O,O,O,X
LOZTJSI,X,O,O,X
LOZTSIJ,O,O,O,X
LOZTSJI,O,O,O,X
LOZITJS,O,O,O,X
LOZITSJ,O,O,O,X
LOZIJTS,X,O,O,X
LOZIJST,X,O,O,X
LOZISTJ,O,O,O,X
LOZISJT,X,O,O,X
LOZJTIS,X,O,O,X
LOZJTSI,X,O,O,X
LOZJITS,X,O,O,X
LOZJIST,X,O,O,X
LOZJSTI,X,O,O,X
LOZJSIT,X,O,O,X
LOZSTIJ,O,O,O,X
LOZSTJI,O,O,O,X
LOZSITJ,O,O,O,X
LOZSIJT,X,O,O,X
LOZSJTI,X,O,O,X
LOZSJIT,X,O,O,X
JTILSZO,O,X,X,O
JTILSOZ,O,X,X,O
JTILZSO,X,O,X,O
JTILZOS,O,O,X,O
JTILOSZ,O,X,X,O
JTILOZS,O,O,X,O
JTISLZO,O,X,X,O
JTISLOZ,O,X,X,O
JTISZLO,O,X,X,O
JTISZOL,O,X,X,O
JTISOLZ,O,X,X,O
JTISOZL,O,X,X,O
JTIZLSO,X,O,X,O
JTIZLOS,O,O,X,O
JTIZSLO,O,O,X,O
JTIZSOL,O,O,X,O
JTIZOLS,O,O,X,O
JTIZOSL,O,O,X,O
JTIOLSZ,O,X,X,O
JTIOLZS,O,O,X,O
JTIOSLZ,O,X,X,O
JTIOSZL,O,X,X,O
JTIOZLS,O,O,X,O
JTIOZSL,O,O,X,O
JTLISZO,O,X,X,O
JTLISOZ,O,X,X,O
JTLIZSO,X,O,X,O
JTLIZOS,O,O,X,O
JTLIOSZ,O,X,X,O
JTLIOZS,O,O,X,O
JTLSIZO,O,X,X,O
JTLSIOZ,O,X,X,O
JTLSZIO,O,X,X,O
JTLSZOI,O,X,X,O
JTLSOIZ,O,X,X,O
JTLSOZI,O,X,X,O
JTLZISO,X,O,X,O
JTLZIOS,O,O,X,O
JTLZSIO,X,O,X,O
JTLZSOI,X,O,X,O
JTLZOIS,O,O,X,O
JTLZOSI,X,O,X,O
JTLOISZ,O,X,X,O
JTLOIZS,O,O,X,O
JTLOSIZ,O,X,X,O
JTLOSZI,O,X,X,O
JTLOZIS,O,O,X,O
JTLOZSI,X,O,X,O
JTSILZO,O,X,X,O
JTSILOZ,O,X,X,O
JTSIZLO,O,X,X,O
JTSIZOL,O,X,X,O
JTSIOLZ,O,X,X,O
JTSIOZL,O,X,X,O
JTSLIZO,O,X,X,O
JTSLIOZ,O,X,X,O
JTSLZIO,O,X,X,O
JTSLZOI,O,X,X,O
JTSLOIZ,O,X,X,O
JTSLOZI,O,X,X,O
JTSZILO,O,X,X,O
JTSZIOL,O,X,X,O
JTSZLIO,O,X,X,O
JTSZLOI,O,X,X,O
JTSZOIL,O,X,X,O
JTSZOLI,O,X,X,O
JTSOILZ,O,X,X,O
JTSOIZL,O,X,X,O
JTSOLIZ,O,X,X,O
JTSOLZI,O,X,X,O
JTSOZIL,O,X,X,O
JTSOZLI,O,X,X,O
JTZILSO,X,O,X,O
JTZILOS,O,O,X,O
JTZISLO,O,O,X,O
JTZISOL,O,O,X,O
JTZIOLS,O,O,X,O
JTZIOSL,O,O,X,O
JTZLISO,X,O,X,O
JTZLIOS,O,O,X,O
JTZLSIO,X,O,X,O
JTZLSOI,X,O,X,O
JTZLOIS,O,O,X,O
JTZLOSI,X,O,X,O
JTZSILO,O,O,X,O
JTZSIOL,O,O,X,O
JTZSLIO,O,O,X,O
JTZSLOI,O,O,X,O
JTZSOIL,O,O,X,O
JTZSOLI,O,O,X,O
JTZOILS,O,O,X,O
JTZOISL,O,O,X,O
JTZOLIS,O,O,X,O
JTZOLSI,X,O,X,O
JTZOSIL,O,O,X,O
JTZOSLI,O,O,X,O
JTOILSZ,O,X,X,O
JTOILZS,O,O,X,O
JTOISLZ,O,X,X,O
JTOISZL,O,X,X,O
JTOIZLS,O,O,X,O
JTOIZSL,O,O,X,O
JTOLISZ,O,X,X,O
JTOLIZS,O,O,X,O
JTOLSIZ,O,X,X,O
JTOLSZI,O,X,X,O
JTOLZIS,O,O,X,O
JTOLZSI,X,O,X,O
JTOSILZ,O,X,X,O
JTOSIZL,O,X,X,O
JTOSLIZ,O,X,X,O
JTOSLZI,O,X,X,O
JTOSZIL,O,X,X,O
JTOSZLI,O,X,X,O
JTOZILS,O,O,X,O
JTOZISL,O,O,X,O
JTOZLIS,O,O,X,O
JTOZLSI,X,O,X,O
JTOZSIL,O,O,X,O
JTOZSLI,O,O,X,O
JITLSZO,O,X,X,O
JITLSOZ,O,X,X,O
JITLZSO,X,O,X,O
JITLZOS,O,O,X,O
JITLOSZ,O,X,X,O
JITLOZS,O,O,X,O
JITSLZO,O,X,X,O
JITSLOZ,O,X,X,O
JITSZLO,O,X,X,O
JITSZOL,O,X,X,O
JITSOLZ,O,X,X,O
JITSOZL,O,X,X,O
JITZLSO,X,O,X,O
JITZLOS,O,O,X,O
JITZSLO,O,O,X,O
JITZSOL,O,O,X,O
JITZOLS,O,O,X,O
JITZOSL,O,O,X,O
JITOLSZ,O,X,X,O
JITOLZS,O,O,X,O
JITOSLZ,O,X,X,O
JITOSZL,O,X,X,O
JITOZLS,O,O,X,O
JITOZSL,O,O,X,O
JILTSZO,X,X,X,O
JILTSOZ,X,X,X,O
JILTZSO,X,O,X,O
JILTZOS,X,O,X,O
JILTOSZ,X,X,X,O
JILTOZS,X,O,X,O
JILSTZO,X,X,X,O
JILSTOZ,X,X,X,O
JILSZTO,X,X,X,O
JILSZOT,X,X,O,X
JILSOTZ,X,X,O,X
JILSOZT,X,X,O,X
JILZTSO,X,O,X,O
JILZTOS,X,O,X,O
JILZSTO,X,O,X,O
JILZSOT,X,O,O,X
JILZOTS,X,O,O,X
JILZOST,X,O,O,X
JILOTSZ,X,X,O,X
JILOTZS,X,O,O,X
JILOSTZ,X,X,O,X
JILOSZT,X,X,O,X
JILOZTS,X,O,O,X
JILOZST,X,O,O,X
JISTLZO,O,X,X,O
JISTLOZ,O,X,X,O
JISTZLO,O,X,X,O
JISTZOL,O,X,X,O
JISTOLZ,O,X,X,O
JISTOZL,O,X,X,O
JISLTZO,X,X,X,O
JISLTOZ,X,X,X,O
JISLZTO,X,X,X,O
JISLZOT,X,X,O,X
JISLOTZ,X,X,O,X
JISLOZT,X,X,O,X
JISZTLO,O,X,X,O
JISZTOL,O,X,X,O
JISZLTO,X,X,X,O
JISZLOT,X,X,O,X
JISZOTL,O,X,O,O
JISZOLT,X,X,O,X
JISOTLZ,O,X,O,O
JISOTZL,O,X,O,O
JISOLTZ,X,X,O,X
JISOLZT,X,X,O,X
JISOZTL,O,X,O,O
JISOZLT,X,X,O,X
JIZTLSO,X,O,X,O
JIZTLOS,O,O,X,O
JIZTSLO,O,O,X,O
JIZTSOL,O,O,X,O
JIZTOLS,O,O,X,O
JIZTOSL,O,O,X,O
JIZLTSO,X,O,X,O
JIZLTOS,X,O,X,O
JIZLSTO,X,O,X,O
JIZLSOT,X,O,O,X
JIZLOTS,X,O,O,X
JIZLOST,X,O,O,X
JIZSTLO,O,O,X,O
JIZSTOL,O,O,X,O
JIZSLTO,X,O,X,O
JIZSLOT,X,O,O,X
JIZSOTL,O,O,O,O
JIZSOLT,X,O,O,X
JIZOTLS,O,O,O,O
JIZOTSL,O,O,O,O
JIZOLTS,X,O,O,X
JIZOLST,X,O,O,X
JIZOSTL,O,O,O,O
JIZOSLT,X,O,O,X
JIOTLSZ,O,X,O,O
JIOTLZS,O,O,O,O
JIOTSLZ,O,X,O,O
JIOTSZL,O,X,O,O
JIOTZLS,O,O,O,O
JIOTZSL,O,O,O,O
JIOLTSZ,X,X,O,X
JIOLTZS,X,O,O,X
JIOLSTZ,X,X,O,X
JIOLSZT,X,X,O,X
JIOLZTS,X,O,O,X
JIOLZST,X,O,O,X
JIOSTLZ,O,X,O,O
JIOSTZL,O,X,O,O
JIOSLTZ,X,X,O,X
JIOSLZT,X,X,O,X
JIOSZTL,O,X,O,O
JIOSZLT,X,X,O,X
JIOZTLS,O,O,O,O
JIOZTSL,O,O,O,O
JIOZLTS,X,O,O,X
JIOZLST,X,O,O,X
JIOZSTL,O,O,O,O
JIOZSLT,X,O,O,X
JLTISZO,X,X,X,O
JLTISOZ,X,X,X,O
JLTIZSO,X,O,X,O
JLTIZOS,X,O,X,O
JLTIOSZ,X,X,X,O
JLTIOZS,X,O,X,O
JLTSIZO,X,X,X,O
JLTSIOZ,X,X,X,O
JLTSZIO,X,X,X,O
JLTSZOI,X,X,X,O
JLTSOIZ,X,X,X,O
JLTSOZI,X,X,X,O
JLTZISO,X,O,X,O
JLTZIOS,X,O,X,O
JLTZSIO,X,O,X,O
JLTZSOI,X,O,X,O
JLTZOIS,X,O,X,O
JLTZOSI,X,O,X,O
JLTOISZ,X,X,X,O
JLTOIZS,X,O,X,O
JLTOSIZ,X,X,X,O
JLTOSZI,X,X,X,O
JLTOZIS,X,O,X,O
JLTOZSI,X,O,X,O
JLITSZO,X,X,X,O
JLITSOZ,X,X,X,O
JLITZSO,X,O,X,O
JLITZOS,X,O,X,O
JLITOSZ,X,X,X,O
JLITOZS,X,O,X,O
JLISTZO,X,X,X,O
JLISTOZ,X,X,X,O
JLISZTO,X,X,X,O
JLISZOT,X,X,O,X
JLISOTZ,X,X,O,X
JLISOZT,X,X,O,X
JLIZTSO,X,O,X,O
JLIZTOS,X,O,X,O
JLIZSTO,X,O,X,O
JLIZSOT,X,O,O,X
JLIZOTS,X,O,O,X
JLIZOST,X,O,O,X
JLIOTSZ,X,X,O,X
JLIOTZS,X,O,O,X
JLIOSTZ,X,X,O,X
JLIOSZT,X,X,O,X
JLIOZTS,X,O,O,X
JLIOZST,X,O,O,X
JLSTIZO,X,X,X,O
JLSTIOZ,X,X,X,O
JLSTZIO,X,X,X,O
JLSTZOI,X,X,X,O
JLSTOIZ,X,X,X,O
JLSTOZI,X,X,X,O
JLSITZO,X,X,X,O
JLSITOZ,X,X,X,O
JLSIZTO,X,X,X,O
JLSIZOT,X,X,O,X
JLSIOTZ,X,X,O,X
JLSIOZT,X,X,O,X
JLSZTIO,X,X,X,O
JLSZTOI,X,X,X,O
JLSZITO,X,X,X,O
JLSZIOT,X,X,O,X
JLSZOTI,X,X,O,X
JLSZOIT,X,X,O,X
JLSOTIZ,X,X,O,X
JLSOTZI,X,X,O,X
JLSOITZ,X,X,O,X
JLSOIZT,X,X,O,X
JLSOZTI,X,X,O,X
JLSOZIT,X,X,O,X
JLZTISO,X,O,X,O
JLZTIOS,X,O,X,O
JLZTSIO,X,O,X,O
JLZTSOI,X,O,X,O
JLZTOIS,X,O,X,O
JLZTOSI,X,O,X,O
JLZITSO,X,O,X,O
JLZITOS,X,O,X,O
JLZISTO,X,O,X,O
JLZISOT,X,O,O,X
JLZIOTS,X,O,O,X
JLZIOST,X,O,O,X
JLZSTIO,X,O,X,O
JLZSTOI,X,O,X,O
JLZSITO,X,O,X,O
JLZSIOT,X,O,O,X
JLZSOTI,X,O,O,X
JLZSOIT,X,O,O,X
JLZOTIS,X,O,O,X
JLZOTSI,X,O,O,X
JLZOITS,X,O,O,X
JLZOIST,X,O,O,X
JLZOSTI,X,O,O,X
JLZOSIT,X,O,O,X
JLOTISZ,X,X,O,X
JLOTIZS,X,O,O,X
JLOTSIZ,X,X,O,X
JLOTSZI,X,X,O,X
JLOTZIS,X,O,O,X
JLOTZSI,X,O,O,X
JLOITSZ,X,X,O,X
JLOITZS,X,O,O,X
JLOISTZ,X,X,O,X
JLOISZT,X,X,O,X
JLOIZTS,X,O,O,X
JLOIZST,X,O,O,X
JLOSTIZ,X,X,O,X
JLOSTZI,X,X,O,X
JLOSITZ,X,X,O,X
JLOSIZT,X,X,O,X
JLOSZTI,X,X,O,X
JLOSZIT,X,X,O,X
JLOZTIS,X,O,O,X
JLOZTSI,X,O,O,X
JLOZITS,X,O,O,X
JLOZIST,X,O,O,X
JLOZSTI,X,O,O,X
JLOZSIT,X,O,O,X
JSTILZO,O,X,X,O
JSTILOZ,O,X,X,O
JSTIZLO,O,X,X,O
JSTIZOL,O,X,X,O
JSTIOLZ,O,X,X,O
JSTIOZL,O,X,X,O
JSTLIZO,O,X,X,O
JSTLIOZ,O,X,X,O
JSTLZIO,O,X,X,O
JSTLZOI,O,X,X,O
JSTLOIZ,O,X,X,O
JSTLOZI,O,X,X,O
JSTZILO,O,X,X,O
JSTZIOL,O,X,X,O
JSTZLIO,O,X,X,O
JSTZLOI,O,X,X,O
JSTZOIL,O,X,X,O
JSTZOLI,O,X,X,O
JSTOILZ,O,X,X,O
JSTOIZL,O,X,X,O
JSTOLIZ,O,X,X,O
JSTOLZI,O,X,X,O
JSTOZIL,O,X,X,O
JSTOZLI,O,X,X,O
JSITLZO,O,X,X,O
JSITLOZ,O,X,X,O
JSITZLO,O,X,X,O
JSITZOL,O,X,X,O
JSITOLZ,O,X,X,O
JSITOZL,O,X,X,O
JSILTZO,X,X,X,O
JSILTOZ,X,X,X,O
JSILZTO,X,X,X,O
JSILZOT,X,X,O,X
JSILOTZ,X,X,O,X
JSILOZT,X,X,O,X
JSIZTLO,O,X,X,O
JSIZTOL,O,X,X,O
JSIZLTO,X,X,X,O
JSIZLOT,X,X,O,X
JSIZOTL,O,X,O,O
JSIZOLT,X,X,O,X
JSIOTLZ,O,X,O,O
JSIOTZL,O,X,O,O
JSIOLTZ,X,X,O,X
JSIOLZT,X,X,O,X
JSIOZTL,O,X,O,O
JSIOZLT,X,X,O,X
JSLTIZO,X,X,X,O
JSLTIOZ,X,X,X,O
JSLTZIO,X,X,X,O
JSLTZOI,X,X,X,O
JSLTOIZ,X,X,X,O
JSLTOZI,X,X,X,O
JSLITZO,X,X,X,O
JSLITOZ,X,X,X,O
JSLIZTO,X,X,X,O
JSLIZOT,X,X,O,X
JSLIOTZ,X,X,O,X
JSLIOZT,X,X,O,X
JSLZTIO,X,X,X,O
JSLZTOI,X,X,X,O
JSLZITO,X,X,X,O
JSLZIOT,X,X,O,X
JSLZOTI,X,X,O,X
JSLZOIT,X,X,O,X
JSLOTIZ,X,X,O,X
JSLOTZI,X,X,O,X
JSLOITZ,X,X,O,X
JSLOIZT,X,X,O,X
JSLOZTI,X,X,O,X
JSLOZIT,X,X,O,X
JSZTILO,O,X,X,O
JSZTIOL,O,X,X,O
JSZTLIO,O,X,X,O
JSZTLOI,O,X,X,O
JSZTOIL,O,X,X,O
JSZTOLI,O,X,X,O
JSZITLO,O,X,X,O
JSZITOL,O,X,X,O
JSZILTO,X,X,X,O
JSZILOT,X,X,O,X
JSZIOTL,O,X,O,O
JSZIOLT,X,X,O,X
JSZLTIO,X,X,X,O
JSZLTOI,X,X,X,O
JSZLITO,X,X,X,O
JSZLIOT,X,X,O,X
JSZLOTI,X,X,O,X
JSZLOIT,X,X,O,X
JSZOTIL,O,X,O,O
JSZOTLI,O,X,O,O
JSZOITL,O,X,O,O
JSZOILT,X,X,O,X
JSZOLTI,X,X,O,X
JSZOLIT,X,X,O,X
JSOTILZ,O,X,O,O
JSOTIZL,O,X,O,O
JSOTLIZ,O,X,O,O
JSOTLZI,O,X,O,O
JSOTZIL,O,X,O,O
JSOTZLI,O,X,O,O
JSOITLZ,O,X,O,O
JSOITZL,O,X,O,O
JSOILTZ,X,X,O,X
JSOILZT,X,X,O,X
JSOIZTL,O,X,O,O
JSOIZLT,X,X,O,X
JSOLTIZ,X,X,O,X
JSOLTZI,X,X,O,X
JSOLITZ,X,X,O,X
JSOLIZT,X,X,O,X
JSOLZTI,X,X,O,X
JSOLZIT,X,X,O,X
JSOZTIL,O,X,O,O
JSOZTLI,O,X,O,O
JSOZITL,O,X,O,O
JSOZILT,X,X,O,X
JSOZLTI,X,X,O,X
JSOZLIT,X,X,O,X
JZTILSO,X,O,X,O
JZTILOS,O,O,X,O
JZTISLO,O,O,X,O
JZTISOL,O,O,X,O
JZTIOLS,O,O,X,O
JZTIOSL,O,O,X,O
JZTLISO,X,O,X,O
JZTLIOS,O,O,X,O
JZTLSIO,X,O,X,O
JZTLSOI,X,O,X,O
JZTLOIS,O,O,X,O
JZTLOSI,X,O,X,O
JZTSILO,O,O,X,O
JZTSIOL,O,O,X,O
JZTSLIO,O,O,X,O
JZTSLOI,O,O,X,O
JZTSOIL,O,O,X,O
JZTSOLI,O,O,X,O
JZTOILS,O,O,X,O
JZTOISL,O,O,X,O
JZTOLIS,O,O,X,O
JZTOLSI,X,O,X,O
JZTOSIL,O,O,X,O
JZTOSLI,O,O,X,O
JZITLSO,X,O,X,O
JZITLOS,O,O,X,O
JZITSLO,O,O,X,O
JZITSOL,O,O,X,O
JZITOLS,O,O,X,O
JZITOSL,O,O,X,O
JZILTSO,X,O,X,O
JZILTOS,X,O,X,O
JZILSTO,X,O,X,O
JZILSOT,X,O,O,X
JZILOTS,X,O,O,X
JZILOST,X,O,O,X
JZISTLO,O,O,X,O
JZISTOL,O,O,X,O
JZISLTO,X,O,X,O
JZISLOT,X,O,O,X
JZISOTL,O,O,O,O
JZISOLT,X,O,O,X
JZIOTLS,O,O,O,O
JZIOTSL,O,O,O,O
JZIOLTS,X,O,O,X
JZIOLST,X,O,O,X
JZIOSTL,O,O,O,O
JZIOSLT,X,O,O,X
JZLTISO,X,O,X,O
JZLTIOS,X,O,X,O
JZLTSIO,X,O,X,O
JZLTSOI,X,O,X,O
JZLTOIS,X,O,X,O
JZLTOSI,X,O,X,O
JZLITSO,X,O,X,O
JZLITOS,X,O,X,O
JZLISTO,X,O,X,O
JZLISOT,X,O,O,X
JZLIOTS,X,O,O,X
JZLIOST,X,O,O,X
JZLSTIO,X,O,X,O
JZLSTOI,X,O,X,O
JZLSITO,X,O,X,O
JZLSIOT,X,O,O,X
JZLSOTI,X,O,O,X
JZLSOIT,X,O,O,X
JZLOTIS,X,O,O,X
JZLOTSI,X,O,O,X
JZLOITS,X,O,O,X
JZLOIST,X,O,O,X
JZLOSTI,X,O,O,X
JZLOSIT,X,O,O,X
JZSTILO,O,O,X,O
JZSTIOL,O,O,X,O
JZSTLIO,O,O,X,O
JZSTLOI,O,O,X,O
JZSTOIL,O,O,X,O
JZSTOLI,O,O,X,O
JZSITLO,O,O,X,O
JZSITOL,O,O,X,O
JZSILTO,X,O,X,O
JZSILOT,X,O,O,X
JZSIOTL,O,O,O,O
JZSIOLT,X,O,O,X
JZSLTIO,X,O,X,O
JZSLTOI,X,O,X,O
JZSLITO,X,O,X,O
JZSLIOT,X,O,O,X
JZSLOTI,X,O,O,X
JZSLOIT,X,O,O,X
JZSOTIL,O,O,O,O
JZSOTLI,O,O,O,O
JZSOITL,O,O,O,O
JZSOILT,X,O,O,X
JZSOLTI,X,O,O,X
JZSOLIT,X,O,O,X
JZOTILS,O,O,O,O
JZOTISL,O,O,O,O
JZOTLIS,O,O,O,O
JZOTLSI,X,O,O,O
JZOTSIL,O,O,O,O
JZOTSLI,O,O,O,O
JZOITLS,O,O,O,O
JZOITSL,O,O,O,O
JZOILTS,X,O,O,X
JZOILST,X,O,O,X
JZOISTL,O,O,O,O
JZOISLT,X,O,O,X
JZOLTIS,X,O,O,X
JZOLTSI,X,O,O,X
JZOLITS,X,O,O,X
JZOLIST,X,O,O,X
JZOLSTI,X,O,O,X
JZOLSIT,X,O,O,X
JZOSTIL,O,O,O,O
JZOSTLI,O,O,O,O
JZOSITL,O,O,O,O
JZOSILT,X,O,O,X
JZOSLTI,X,O,O,X
JZOSLIT,X,O,O,X
JOTILSZ,O,X,O,O
JOTILZS,O,O,O,O
JOTISLZ,O,X,O,O
JOTISZL,O,X,O,O
JOTIZLS,O,O,O,O
JOTIZSL,O,O,O,O
JOTLISZ,O,X,O,O
JOTLIZS,O,O,O,O
JOTLSIZ,O,X,O,O
JOTLSZI,O,X,O,O
JOTLZIS,O,O,O,O
JOTLZSI,X,O,O,O
JOTSILZ,O,X,O,O
JOTSIZL,O,X,O,O
JOTSLIZ,O,X,O,O
JOTSLZI,O,X,O,O
JOTSZIL,O,X,O,O
JOTSZLI,O,X,O,O
JOTZILS,O,O,O,O
JOTZISL,O,O,O,O
JOTZLIS,O,O,O,O
JOTZLSI,X,O,O,O
JOTZSIL,O,O,O,O
JOTZSLI,O,O,O,O
JOITLSZ,O,X,O,O
JOITLZS,O,O,O,O
JOITSLZ,O,X,O,O
JOITSZL,O,X,O,O
JOITZLS,O,O,O,O
JOITZSL,O,O,O,O
JOILTSZ,X,X,O,X
JOILTZS,X,O,O,X
JOILSTZ,X,X,O,X
JOILSZT,X,X,O,X
JOILZTS,X,O,O,X
JOILZST,X,O,O,X
JOISTLZ,O,X,O,O
JOISTZL,O,X,O,O
JOISLTZ,X,X,O,X
JOISLZT,X,X,O,X
JOISZTL,O,X,O,O
JOISZLT,X,X,O,X
JOIZTLS,O,O,O,O
JOIZTSL,O,O,O,O
JOIZLTS,X,O,O,X
JOIZLST,X,O,O,X
JOIZSTL,O,O,O,O
JOIZSLT,X,O,O,X
JOLTISZ,X,X,O,X
JOLTIZS,X,O,O,X
JOLTSIZ,X,X,O,X
JOLTSZI,X,X,O,X
JOLTZIS,X,O,O,X
JOLTZSI,X,O,O,X
JOLITSZ,X,X,O,X
JOLITZS,X,O,O,X
JOLISTZ,X,X,O,X
JOLISZT,X,X,O,X
JOLIZTS,X,O,O,X
JOLIZST,X,O,O,X
JOLSTIZ,X,X,O,X
JOLSTZI,X,X,O,X
JOLSITZ,X,X,O,X
JOLSIZT,X,X,O,X
JOLSZTI,X,X,O,X
JOLSZIT,X,X,O,X
JOLZTIS,X,O,O,X
JOLZTSI,X,O,O,X
JOLZITS,X,O,O,X
JOLZIST,X,O,O,X
JOLZSTI,X,O,O,X
JOLZSIT,X,O,O,X
JOSTILZ,O,X,O,O
JOSTIZL,O,X,O,O
JOSTLIZ,O,X,O,O
JOSTLZI,O,X,O,O
JOSTZIL,O,X,O,O
JOSTZLI,O,X,O,O
JOSITLZ,O,X,O,O
JOSITZL,O,X,O,O
JOSILTZ,X,X,O,X
JOSILZT,X,X,O,X
JOSIZTL,O,X,O,O
JOSIZLT,X,X,O,X
JOSLTIZ,X,X,O,X
JOSLTZI,X,X,O,X
JOSLITZ,X,X,O,X
JOSLIZT,X,X,O,X
JOSLZTI,X,X,O,X
JOSLZIT,X,X,O,X
JOSZTIL,O,X,O,O
JOSZTLI,O,X,O,O
JOSZITL,O,X,O,O
JOSZILT,X,X,O,X
JOSZLTI,X,X,O,X
JOSZLIT,X,X,O,X
JOZTILS,O,O,O,O
JOZTISL,O,O,O,O
JOZTLIS,O,O,O,O
JOZTLSI,X,O,O,O
JOZTSIL,O,O,O,O
JOZTSLI,O,O,O,O
JOZITLS,O,O,O,O
JOZITSL,O,O,O,O
JOZILTS,X,O,O,X
JOZILST,X,O,O,X
JOZISTL,O,O,O,O
JOZISLT,X,O,O,X
JOZLTIS,X,O,O,X
JOZLTSI,X,O,O,X
JOZLITS,X,O,O,X
JOZLIST,X,O,O,X
JOZLSTI,X,O,O,X
JOZLSIT,X,O,O,X
JOZSTIL,O,O,O,O
JOZSTLI,O,O,O,O
JOZSITL,O,O,O,O
JOZSILT,X,O,O,X
JOZSLTI,X,O,O,X
JOZSLIT,X,O,O,X
STILJZO,O,X,X,O
STILJOZ,O,X,X,O
STILZJO,O,O,X,X
STILZOJ,O,O,O,X
STILOJZ,O,X,O,O
STILOZJ,O,O,O,X
STIJLZO,O,X,X,O
STIJLOZ,O,X,X,O
STIJZLO,O,X,X,O
STIJZOL,O,X,X,O
STIJOLZ,O,X,X,O
STIJOZL,O,X,X,O
STIZLJO,O,O,X,X
STIZLOJ,O,O,O,X
STIZJLO,O,O,X,O
STIZJOL,O,O,X,O
STIZOLJ,O,O,O,X
STIZOJL,O,O,O,O
STIOLJZ,O,X,O,O
STIOLZJ,O,O,O,X
STIOJLZ,O,X,O,O
STIOJZL,O,X,O,O
STIOZLJ,O,O,O,X
STIOZJL,O,O,O,O
STLIJZO,O,X,X,O
STLIJOZ,O,X,X,O
STLIZJO,O,O,X,X
STLIZOJ,O,O,O,X
STLIOJZ,O,X,O,O
STLIOZJ,O,O,O,X
STLJIZO,O,X,X,O
STLJIOZ,O,X,X,O
STLJZIO,O,X,X,O
STLJZOI,O,X,X,O
STLJOIZ,O,X,X,O
STLJOZI,O,X,X,O
STLZIJO,O,O,X,X
STLZIOJ,O,O,O,X
STLZJIO,O,O,X,X
STLZJOI,O,O,X,X
STLZOIJ,O,O,O,X
STLZOJI,O,O,O,X
STLOIJZ,O,X,O,O
STLOIZJ,O,O,O,X
STLOJIZ,O,X,O,O
STLOJZI,O,X,O,O
STLOZIJ,O,O,O,X
STLOZJI,O,O,O,X
STJILZO,O,X,X,O
STJILOZ,O,X,X,O
STJIZLO,O,X,X,O
STJIZOL,O,X,X,O
STJIOLZ,O,X,X,O
STJIOZL,O,X,X,O
STJLIZO,O,X,X,O
STJLIOZ,O,X,X,O
STJLZIO,O,X,X,O
STJLZOI,O,X,X,O
STJLOIZ,O,X,X,O
STJLOZI,O,X,X,O
STJZILO,O,X,X,O
STJZIOL,O,X,X,O
STJZLIO,O,X,X,O
STJZLOI,O,X,X,O
STJZOIL,O,X,X,O
STJZOLI,O,X,X,O
STJOILZ,O,X,X,O
STJOIZL,O,X,X,O
STJOLIZ,O,X,X,O
STJOLZI,O,X,X,O
STJOZIL,O,X,X,O
STJOZLI,O,X,X,O
STZILJO,O,O,X,X
STZILOJ,O,O,O,X
STZIJLO,O,O,X,O
STZIJOL,O,O,X,O
STZIOLJ,O,O,O,X
STZIOJL,O,O,O,O
STZLIJO,O,O,X,X
STZLIOJ,O,O,O,X
STZLJIO,O,O,X,X
STZLJOI,O,O,X,X
STZLOIJ,O,O,O,X
STZLOJI,O,O,O,X
STZJILO,O,O,X,O
STZJIOL,O,O,X,O
STZJLIO,O,O,X,O
STZJLOI,O,O,X,O
STZJOIL,O,O,X,O
STZJOLI,O,O,X,O
STZOILJ,O,O,O,X
STZOIJL,O,O,O,O
STZOLIJ,O,O,O,X
STZOLJI,O,O,O,X
STZOJIL,O,O,O,O
STZOJLI,O,O,O,O
STOILJZ,O,X,O,O
STOILZJ,O,O,O,X
STOIJLZ,O,X,O,O
STOIJZL,O,X,O,O
STOIZLJ,O,O,O,X
STOIZJL,O,O,O,O
STOLIJZ,O,X,O,O
STOLIZJ,O,O,O,X
STOLJIZ,O,X,O,O
STOLJZI,O,X,O,O
STOLZIJ,O,O,O,X
STOLZJI,O,O,O,X
STOJILZ,O,X,O,O
STOJIZL,O,X,O,O
STOJLIZ,O,X,O,O
STOJLZI,O,X,O,O
STOJZIL,O,X,O,O
STOJZLI,O,X,O,O
STOZILJ,O,O,O,X
STOZIJL,O,O,O,O
STOZLIJ,O,O,O,X
STOZLJI,O,O,O,X
STOZJIL,O,O,O,O
STOZJLI,O,O,O,O
SITLJZO,O,X,X,O
SITLJOZ,O,X,X,O
SITLZJO,O,O,X,X
SITLZOJ,O,O,O,X
SITLOJZ,O,X,O,O
SITLOZJ,O,O,O,X
SITJLZO,O,X,X,O
SITJLOZ,O,X,X,O
SITJZLO,O,X,X,O
SITJZOL,O,X,X,O
SITJOLZ,O,X,X,O
SITJOZL,O,X,X,O
SITZLJO,O,O,X,X
SITZLOJ,O,O,O,X
SITZJLO,O,O,X,O
SITZJOL,O,O,X,O
SITZOLJ,O,O,O,X
SITZOJL,O,O,O,O
SITOLJZ,O,X,O,O
SITOLZJ,O,O,O,X
SITOJLZ,O,X,O,O
SITOJZL,O,X,O,O
SITOZLJ,O,O,O,X
SITOZJL,O,O,O,O
SILTJZO,O,X,X,O
SILTJOZ,O,X,X,O
SILTZJO,O,O,X,X
SILTZOJ,O,O,O,X
SILTOJZ,O,X,O,O
SILTOZJ,O,O,O,X
SILJTZO,X,X,X,O
SILJTOZ,X,X,X,O
SILJZTO,X,X,X,O
SILJZOT,X,X,O,X
SILJOTZ,X,X,O,X
SILJOZT,X,X,O,X
SILZTJO,O,O,X,X
SILZTOJ,O,O,O,X
SILZJTO,X,O,X,O
SILZJOT,X,O,O,X
SILZOTJ,O,O,O,X
SILZOJT,X,O,O,X
SILOTJZ,O,X,O,X
SILOTZJ,O,O,O,X
SILOJTZ,X,X,O,X
SILOJZT,X,X,O,X
SILOZTJ,O,O,O,X
SILOZJT,X,O,O,X
SIJTLZO,O,X,X,O
SIJTLOZ,O,X,X,O
SIJTZLO,O,X,X,O
SIJTZOL,O,X,X,O
SIJTOLZ,O,X,X,O
SIJTOZL,O,X,X,O
SIJLTZO,X,X,X,O
SIJLTOZ,X,X,X,O
SIJLZTO,X,X,X,O
SIJLZOT,X,X,O,X
SIJLOTZ,X,X,O,X
SIJLOZT,X,X,O,X
SIJZTLO,O,X,X,O
SIJZTOL,O,X,X,O
SIJZLTO,X,X,X,O
SIJZLOT,X,X,O,X
SIJZOTL,O,X,O,O
SIJZOLT,X,X,O,X
SIJOTLZ,O,X,O,O
SIJOTZL,O,X,O,O
SIJOLTZ,X,X,O,X
SIJOLZT,X,X,O,X
SIJOZTL,O,X,O,O
SIJOZLT,X,X,O,X
SIZTLJO,O,O,X,X
SIZTLOJ,O,O,O,X
SIZTJLO,O,O,X,O
SIZTJOL,O,O,X,O
SIZTOLJ,O,O,O,X
SIZTOJL,O,O,O,O
SIZLTJO,O,O,X,X
SIZLTOJ,O,O,O,X
SIZLJTO,X,O,X,O
SIZLJOT,X,O,O,X
SIZLOTJ,O,O,O,X
SIZLOJT,X,O,O,X
SIZJTLO,O,O,X,O
SIZJTOL,O,O,X,O
SIZJLTO,X,O,X,O
SIZJLOT,X,O,O,X
SIZJOTL,O,O,O,O
SIZJOLT,X,O,O,X
SIZOTLJ,O,O,O,X
SIZOTJL,O,O,O,X
SIZOLTJ,O,O,O,X
SIZOLJT,X,O,O,X
SIZOJTL,O,O,O,O
SIZOJLT,X,O,O,X
SIOTLJZ,O,X,O,O
SIOTLZJ,O,O,O,X
SIOTJLZ,O,X,O,O
SIOTJZL,O,X,O,O
SIOTZLJ,O,O,O,X
SIOTZJL,O,O,O,O
SIOLTJZ,O,X,O,X
SIOLTZJ,O,O,O,X
SIOLJTZ,X,X,O,X
SIOLJZT,X,X,O,X
SIOLZTJ,O,O,O,X
SIOLZJT,X,O,O,X
SIOJTLZ,O,X,O,O
SIOJTZL,O,X,O,O
SIOJLTZ,X,X,O,X
SIOJLZT,X,X,O,X
SIOJZTL,O,X,O,O
SIOJZLT,X,X,O,X
SIOZTLJ,O,O,O,X
SIOZTJL,O,O,O,X
SIOZLTJ,O,O,O,X
SIOZLJT,X,O,O,X
SIOZJTL,O,O,O,O
SIOZJLT,X,O,O,X
SLTIJZO,O,X,X,O
SLTIJOZ,O,X,X,O
SLTIZJO,O,O,X,X
SLTIZOJ,O,O,O,X
SLTIOJZ,O,X,O,O
SLTIOZJ,O,O,O,X
SLTJIZO,O,X,X,O
SLTJIOZ,O,X,X,O
SLTJZIO,O,X,X,O
SLTJZOI,O,X,X,O
SLTJOIZ,O,X,X,O
SLTJOZI,O,X,X,O
SLTZIJO,O,O,X,X
SLTZIOJ,O,O,O,X
SLTZJIO,O,O,X,X
SLTZJOI,O,O,X,X
SLTZOIJ,O,O,O,X
SLTZOJI,O,O,O,X
SLTOIJZ,O,X,O,O
SLTOIZJ,O,O,O,X
SLTOJIZ,O,X,O,O
SLTOJZI,O,X,O,O
SLTOZIJ,O,O,O,X
SLTOZJI,O,O,O,X
SLITJZO,O,X,X,O
SLITJOZ,O,X,X,O
SLITZJO,O,O,X,X
SLITZOJ,O,O,O,X
SLITOJZ,O,X,O,O
SLITOZJ,O,O,O,X
SLIJTZO,X,X,X,O
SLIJTOZ,X,X,X,O
SLIJZTO,X,X,X,O
SLIJZOT,X,X,O,X
SLIJOTZ,X,X,O,X
SLIJOZT,X,X,O,X
SLIZTJO,O,O,X,X
SLIZTOJ,O,O,O,X
SLIZJTO,X,O,X,O
SLIZJOT,X,O,O,X
SLIZOTJ,O,O,O,X
SLIZOJT,X,O,O,X
SLIOTJZ,O,X,O,X
SLIOTZJ,O,O,O,X
SLIOJTZ,X,X,O,X
SLIOJZT,X,X,O,X
SLIOZTJ,O,O,O,X
SLIOZJT,X,O,O,X
SLJTIZO,X,X,X,O
SLJTIOZ,X,X,X,O
SLJTZIO,X,X,X,O
SLJTZOI,X,X,X,O
SLJTOIZ,X,X,X,O
SLJTOZI,X,X,X,O
SLJITZO,X,X,X,O
SLJITOZ,X,X,X,O
SLJIZTO,X,X,X,O
SLJIZOT,X,X,O,X
SLJIOTZ,X,X,O,X
SLJIOZT,X,X,O,X
SLJZTIO,X,X,X,O
SLJZTOI,X,X,X,O
SLJZITO,X,X,X,O
SLJZIOT,X,X,O,X
SLJZOTI,X,X,O,X
SLJZOIT,X,X,O,X
SLJOTIZ,X,X,O,X
SLJOTZI,X,X,O,X
SLJOITZ,X,X,O,X
SLJOIZT,X,X,O,X
SLJOZTI,X,X,O,X
SLJOZIT,X,X,O,X
SLZTIJO,O,O,X,X
SLZTIOJ,O,O,O,X
SLZTJIO,O,O,X,X
SLZTJOI,O,O,X,X
SLZTOIJ,O,O,O,X
SLZTOJI,O,O,O,X
SLZITJO,O,O,X,X
SLZITOJ,O,O,O,X
SLZIJTO,X,O,X,O
SLZIJOT,X,O,O,X
SLZIOTJ,O,O,O,X
SLZIOJT,X,O,O,X
SLZJTIO,X,O,X,O
SLZJTOI,X,O,X,O
SLZJITO,X,O,X,O
SLZJIOT,X,O,O,X
SLZJOTI,X,O,O,X
SLZJOIT,X,O,O,X
SLZOTIJ,O,O,O,X
SLZOTJI,O,O,O,X
SLZOITJ,O,O,O,X
SLZOIJT,X,O,O,X
SLZOJTI,X,O,O,X
SLZOJIT,X,O,O,X
SLOTIJZ,O,X,O,X
SLOTIZJ,O,O,O,X
SLOTJIZ,O,X,O,X
SLOTJZI,O,X,O,X
SLOTZIJ,O,O,O,X
SLOTZJI,O,O,O,X
SLOITJZ,O,X,O,X
SLOITZJ,O,O,O,X
SLOIJTZ,X,X,O,X
SLOIJZT,X,X,O,X
SLOIZTJ,O,O,O,X
SLOIZJT,X,O,O,X
SLOJTIZ,X,X,O,X
SLOJTZI,X,X,O,X
SLOJITZ,X,X,O,X
SLOJIZT,X,X,O,X
SLOJZTI,X,X,O,X
SLOJZIT,X,X,O,X
SLOZTIJ,O,O,O,X
SLOZTJI,O,O,O,X
SLOZITJ,O,O,O,X
SLOZIJT,X,O,O,X
SLOZJTI,X,O,O,X
SLOZJIT,X,O,O,X
SJTILZO,O,X,X,O
SJTILOZ,O,X,X,O
SJTIZLO,O,X,X,O
SJTIZOL,O,X,X,O
SJTIOLZ,O,X,X,O
SJTIOZL,O,X,X,O
SJTLIZO,O,X,X,O
SJTLIOZ,O,X,X,O
SJTLZIO,O,X,X,O
SJTLZOI,O,X,X,O
SJTLOIZ,O,X,X,O
SJTLOZI,O,X,X,O
SJTZILO,O,X,X,O
SJTZIOL,O,X,X,O
SJTZLIO,O,X,X,O
SJTZLOI,O,X,X,O
SJTZOIL,O,X,X,O
SJTZOLI,O,X,X,O
SJTOILZ,O,X,X,O
SJTOIZL,O,X,X,O
SJTOLIZ,O,X,X,O
SJTOLZI,O,X,X,O
SJTOZIL,O,X,X,O
SJTOZLI,O,X,X,O
SJITLZO,O,X,X,O
SJITLOZ,O,X,X,O
SJITZLO,O,X,X,O
SJITZOL,O,X,X,O
SJITOLZ,O,X,X,O
SJITOZL,O,X,X,O
SJILTZO,X,X,X,O
SJILTOZ,X,X,X,O
SJILZTO,X,X,X,O
SJILZOT,X,X,O,X
SJILOTZ,X,X,O,X
SJILOZT,X,X,O,X
SJIZTLO,O,X,X,O
SJIZTOL,O,X,X,O
SJIZLTO,X,X,X,O
SJIZLOT,X,X,O,X
SJIZOTL,O,X,O,O
SJIZOLT,X,X,O,X
SJIOTLZ,O,X,O,O
SJIOTZL,O,X,O,O
SJIOLTZ,X,X,O,X
SJIOLZT,X,X,O,X
SJIOZTL,O,X,O,O
SJIOZLT,X,X,O,X
SJLTIZO,X,X,X,O
SJLTIOZ,X,X,X,O
SJLTZIO,X,X,X,O
SJLTZOI,X,X,X,O
SJLTOIZ,X,X,X,O
SJLTOZI,X,X,X,O
SJLITZO,X,X,X,O
SJLITOZ,X,X,X,O
SJLIZTO,X,X,X,O
SJLIZOT,X,X,O,X
SJLIOTZ,X,X,O,X
SJLIOZT,X,X,O,X
SJLZTIO,X,X,X,O
SJLZTOI,X,X,X,O
SJLZITO,X,X,X,O
SJLZIOT,X,X,O,X
SJLZOTI,X,X,O,X
SJLZOIT,X,X,O,X
SJLOTIZ,X,X,O,X
SJLOTZI,X,X,O,X
SJLOITZ,X,X,O,X
SJLOIZT,X,X,O,X
SJLOZTI,X,X,O,X
SJLOZIT,X,X,O,X
SJZTILO,O,X,X,O
SJZTIOL,O,X,X,O
SJZTLIO,O,X,X,O
SJZTLOI,O,X,X,O
SJZTOIL,O,X,X,O
SJZTOLI,O,X,X,O
SJZITLO,O,X,X,O
SJZITOL,O,X,X,O
SJZILTO,X,X,X,O
SJZILOT,X,X,O,X
SJZIOTL,O,X,O,O
SJZIOLT,X,X,O,X
SJZLTIO,X,X,X,O
SJZLTOI,X,X,X,O
SJZLITO,X,X,X,O
SJZLIOT,X,X,O,X
SJZLOTI,X,X,O,X
SJZLOIT,X,X,O,X
SJZOTIL,O,X,O,O
SJZOTLI,O,X,O,O
SJZOITL,O,X,O,O
SJZOILT,X,X,O,X
SJZOLTI,X,X,O,X
SJZOLIT,X,X,O,X
SJOTILZ,O,X,O,O
SJOTIZL,O,X,O,O
SJOTLIZ,O,X,O,O
SJOTLZI,O,X,O,O
SJOTZIL,O,X,O,O
SJOTZLI,O,X,O,O
SJOITLZ,O,X,O,O
SJOITZL,O,X,O,O
SJOILTZ,X,X,O,X
SJOILZT,X,X,O,X
SJOIZTL,O,X,O,O
SJOIZLT,X,X,O,X
SJOLTIZ,X,X,O,X
SJOLTZI,X,X,O,X
SJOLITZ,X,X,O,X
SJOLIZT,X,X,O,X
SJOLZTI,X,X,O,X
SJOLZIT,X,X,O,X
SJOZTIL,O,X,O,O
SJOZTLI,O,X,O,O
SJOZITL,O,X,O,O
SJOZILT,X,X,O,X
SJOZLTI,X,X,O,X
SJOZLIT,X,X,O,X
SZTILJO,O,O,X,X
SZTILOJ,O,O,O,X
SZTIJLO,O,O,X,O
SZTIJOL,O,O,X,O
SZTIOLJ,O,O,O,X
SZTIOJL,O,O,O,O
SZTLIJO,O,O,X,X
SZTLIOJ,O,O,O,X
SZTLJIO,O,O,X,X
SZTLJOI,O,O,X,X
SZTLOIJ,O,O,O,X
SZTLOJI,O,O,O,X
SZTJILO,O,O,X,O
SZTJIOL,O,O,X,O
SZTJLIO,O,O,X,O
SZTJLOI,O,O,X,O
SZTJOIL,O,O,X,O
SZTJOLI,O,O,X,O
SZTOILJ,O,O,O,X
SZTOIJL,O,O,O,O
SZTOLIJ,O,O,O,X
SZTOLJI,O,O,O,X
SZTOJIL,O,O,O,O
SZTOJLI,O,O,O,O
SZITLJO,O,O,X,X
SZITLOJ,O,O,O,X
SZITJLO,O,O,X,O
SZITJOL,O,O,X,O
SZITOLJ,O,O,O,X
SZITOJL,O,O,O,O
SZILTJO,O,O,X,X
SZILTOJ,O,O,O,X
SZILJTO,X,O,X,O
SZILJOT,X,O,O,X
SZILOTJ,O,O,O,X
SZILOJT,X,O,O,X
SZIJTLO,O,O,X,O
SZIJTOL,O,O,X,O
SZIJLTO,X,O,X,O
SZIJLOT,X,O,O,X
SZIJOTL,O,O,O,O
SZIJOLT,X,O,O,X
SZIOTLJ,O,O,O,X
SZIOTJL,O,O,O,X
SZIOLTJ,O,O,O,X
SZIOLJT,X,O,O,X
SZIOJTL,O,O,O,O
SZIOJLT,X,O,O,X
SZLTIJO,O,O,X,X
SZLTIOJ,O,O,O,X
SZLTJIO,O,O,X,X
SZLTJOI,O,O,X,X
SZLTOIJ,O,O,O,X
SZLTOJI,O,O,O,X
SZLITJO,O,O,X,X
SZLITOJ,O,O,O,X
SZLIJTO,X,O,X,O
SZLIJOT,X,O,O,X
SZLIOTJ,O,O,O,X
SZLIOJT,X,O,O,X
SZLJTIO,X,O,X,O
SZLJTOI,X,O,X,O
SZLJITO,X,O,X,O
SZLJIOT,X,O,O,X
SZLJOTI,X,O,O,X
SZLJOIT,X,O,O,X
SZLOTIJ,O,O,O,X
SZLOTJI,O,O,O,X
SZLOITJ,O,O,O,X
SZLOIJT,X,O,O,X
SZLOJTI,X,O,O,X
SZLOJIT,X,O,O,X
SZJTILO,O,O,X,O
SZJTIOL,O,O,X,O
SZJTLIO,O,O,X,O
SZJTLOI,O,O,X,O
SZJTOIL,O,O,X,O
SZJTOLI,O,O,X,O
SZJITLO,O,O,X,O
SZJITOL,O,O,X,O
SZJILTO,X,O,X,O
SZJILOT,X,O,O,X
SZJIOTL,O,O,O,O
SZJIOLT,X,O,O,X
SZJLTIO,X,O,X,O
SZJLTOI,X,O,X,O
SZJLITO,X,O,X,O
SZJLIOT,X,O,O,X
SZJLOTI,X,O,O,X
SZJLOIT,X,O,O,X
SZJOTIL,O,O,O,O
SZJOTLI,O,O,O,O
SZJOITL,O,O,O,O
SZJOILT,X,O,O,X
SZJOLTI,X,O,O,X
SZJOLIT,X,O,O,X
SZOTILJ,O,O,O,X
SZOTIJL,O,O,O,X
SZOTLIJ,O,O,O,X
SZOTLJI,O,O,O,X
SZOTJIL,O,O,O,X
SZOTJLI,O,O,O,X
SZOITLJ,O,O,O,X
SZOITJL,O,O,O,X
SZOILTJ,O,O,O,X
SZOILJT,X,O,O,X
SZOIJTL,O,O,O,O
SZOIJLT,X,O,O,X
SZOLTIJ,O,O,O,X
SZOLTJI,O,O,O,X
SZOLITJ,O,O,O,X
SZOLIJT,X,O,O,X
SZOLJTI,X,O,O,X
SZOLJIT,X,O,O,X
SZOJTIL,O,O,O,O
SZOJTLI,O,O,O,O
SZOJITL,O,O,O,O
SZOJILT,X,O,O,X
SZOJLTI,X,O,O,X
SZOJLIT,X,O,O,X
SOTILJZ,O,X,O,O
SOTILZJ,O,O,O,X
SOTIJLZ,O,X,O,O
SOTIJZL,O,X,O,O
SOTIZLJ,O,O,O,X
SOTIZJL,O,O,O,O
SOTLIJZ,O,X,O,O
SOTLIZJ,O,O,O,X
SOTLJIZ,O,X,O,O
SOTLJZI,O,X,O,O
SOTLZIJ,O,O,O,X
SOTLZJI,O,O,O,X
SOTJILZ,O,X,O,O
SOTJIZL,O,X,O,O
SOTJLIZ,O,X,O,O
SOTJLZI,O,X,O,O
SOTJZIL,O,X,O,O
SOTJZLI,O,X,O,O
SOTZILJ,O,O,O,X
SOTZIJL,O,O,O,O
SOTZLIJ,O,O,O,X
SOTZLJI,O,O,O,X
SOTZJIL,O,O,O,O
SOTZJLI,O,O,O,O
SOITLJZ,O,X,O,O
SOITLZJ,O,O,O,X
SOITJLZ,O,X,O,O
SOITJZL,O,X,O,O
SOITZLJ,O,O,O,X
SOITZJL,O,O,O,O
SOILTJZ,O,X,O,X
SOILTZJ,O,O,O,X
SOILJTZ,X,X,O,X
SOILJZT,X,X,O,X
SOILZTJ,O,O,O,X
SOILZJT,X,O,O,X
SOIJTLZ,O,X,O,O
SOIJTZL,O,X,O,O
SOIJLTZ,X,X,O,X
SOIJLZT,X,X,O,X
SOIJZTL,O,X,O,O
SOIJZLT,X,X,O,X
SOIZTLJ,O,O,O,X
SOIZTJL,O,O,O,X
SOIZLTJ,O,O,O,X
SOIZLJT,X,O,O,X
SOIZJTL,O,O,O,O
SOIZJLT,X,O,O,X
SOLTIJZ,O,X,O,X
SOLTIZJ,O,O,O,X
SOLTJIZ,O,X,O,X
SOLTJZI,O,X,O,X
SOLTZIJ,O,O,O,X
SOLTZJI,O,O,O,X
SOLITJZ,O,X,O,X
SOLITZJ,O,O,O,X
SOLIJTZ,X,X,O,X
SOLIJZT,X,X,O,X
SOLIZTJ,O,O,O,X
SOLIZJT,X,O,O,X
SOLJTIZ,X,X,O,X
SOLJTZI,X,X,O,X
SOLJITZ,X,X,O,X
SOLJIZT,X,X,O,X
SOLJZTI,X,X,O,X
SOLJZIT,X,X,O,X
SOLZTIJ,O,O,O,X
SOLZTJI,O,O,O,X
SOLZITJ,O,O,O,X
SOLZIJT,X,O,O,X
SOLZJTI,X,O,O,X
SOLZJIT,X,O,O,X
SOJTILZ,O,X,O,O
SOJTIZL,O,X,O,O
SOJTLIZ,O,X,O,O
SOJTLZI,O,X,O,O
SOJTZIL,O,X,O,O
SOJTZLI,O,X,O,O
SOJITLZ,O,X,O,O
SOJITZL,O,X,O,O
SOJILTZ,X,X,O,X
SOJILZT,X,X,O,X
SOJIZTL,O,X,O,O
SOJIZLT,X,X,O,X
SOJLTIZ,X,X,O,X
SOJLTZI,X,X,O,X
SOJLITZ,X,X,O,X
SOJLIZT,X,X,O,X
SOJLZTI,X,X,O,X
SOJLZIT,X,X,O,X
SOJZTIL,O,X,O,O
SOJZTLI,O,X,O,O
SOJZITL,O,X,O,O
SOJZILT,X,X,O,X
SOJZLTI,X,X,O,X
SOJZLIT,X,X,O,X
SOZTILJ,O,O,O,X
SOZTIJL,O,O,O,X
SOZTLIJ,O,O,O,X
SOZTLJI,O,O,O,X
SOZTJIL,O,O,O,X
SOZTJLI,O,O,O,X
SOZITLJ,O,O,O,X
SOZITJL,O,O,O,X
SOZILTJ,O,O,O,X
SOZILJT,X,O,O,X
SOZIJTL,O,O,O,O
SOZIJLT,X,O,O,X
SOZLTIJ,O,O,O,X
SOZLTJI,O,O,O,X
SOZLITJ,O,O,O,X
SOZLIJT,X,O,O,X
SOZLJTI,X,O,O,X
SOZLJIT,X,O,O,X
SOZJTIL,O,O,O,O
SOZJTLI,O,O,O,O
SOZJITL,O,O,O,O
SOZJILT,X,O,O,X
SOZJLTI,X,O,O,X
SOZJLIT,X,O,O,X
ZTILJSO,X,O,X,X
ZTILJOS,O,O,X,X
ZTILSJO,O,O,X,X
ZTILSOJ,O,O,O,X
ZTILOJS,O,O,O,X
ZTILOSJ,O,O,O,X
ZTIJLSO,X,O,X,O
ZTIJLOS,O,O,X,O
ZTIJSLO,O,O,X,O
ZTIJSOL,O,O,X,O
ZTIJOLS,O,O,X,O
ZTIJOSL,O,O,X,O
ZTISLJO,O,O,X,X
ZTISLOJ,O,O,O,X
ZTISJLO,O,O,X,O
ZTISJOL,O,O,X,O
ZTISOLJ,O,O,O,X
ZTISOJL,O,O,O,O
ZTIOLJS,O,O,O,X
ZTIOLSJ,O,O,O,X
ZTIOJLS,O,O,O,O
ZTIOJSL,O,O,O,O
ZTIOSLJ,O,O,O,X
ZTIOSJL,O,O,O,O
ZTLIJSO,X,O,X,X
ZTLIJOS,O,O,X,X
ZTLISJO,O,O,X,X
ZTLISOJ,O,O,O,X
ZTLIOJS,O,O,O,X
ZTLIOSJ,O,O,O,X
ZTLJISO,X,O,X,X
ZTLJIOS,O,O,X,X
ZTLJSIO,X,O,X,X
ZTLJSOI,X,O,X,X
ZTLJOIS,O,O,X,X
ZTLJOSI,X,O,X,X
ZTLSIJO,O,O,X,X
ZTLSIOJ,O,O,O,X
ZTLSJIO,O,O,X,X
ZTLSJOI,O,O,X,X
ZTLSOIJ,O,O,O,X
ZTLSOJI,O,O,O,X
ZTLOIJS,O,O,O,X
ZTLOISJ,O,O,O,X
ZTLOJIS,O,O,O,X
ZTLOJSI,X,O,O,X
ZTLOSIJ,O,O,O,X
ZTLOSJI,O,O,O,X
ZTJILSO,X,O,X,O
ZTJILOS,O,O,X,O
ZTJISLO,O,O,X,O
ZTJISOL,O,O,X,O
ZTJIOLS,O,O,X,O
ZTJIOSL,O,O,X,O
ZTJLISO,X,O,X,O
ZTJLIOS,O,O,X,O
ZTJLSIO,X,O,X,O
ZTJLSOI,X,O,X,O
ZTJLOIS,O,O,X,O
ZTJLOSI,X,O,X,O
ZTJSILO,O,O,X,O
ZTJSIOL,O,O,X,O
ZTJSLIO,O,O,X,O
ZTJSLOI,O,O,X,O
ZTJSOIL,O,O,X,O
ZTJSOLI,O,O,X,O
ZTJOILS,O,O,X,O
ZTJOISL,O,O,X,O
ZTJOLIS,O,O,X,O
ZTJOLSI,X,O,X,O
ZTJOSIL,O,O,X,O
ZTJOSLI,O,O,X,O
ZTSILJO,O,O,X,X
ZTSILOJ,O,O,O,X
ZTSIJLO,O,O,X,O
ZTSIJOL,O,O,X,O
ZTSIOLJ,O,O,O,X
ZTSIOJL,O,O,O,O
ZTSLIJO,O,O,X,X
ZTSLIOJ,O,O,O,X
ZTSLJIO,O,O,X,X
ZTSLJOI,O,O,X,X
ZTSLOIJ,O,O,O,X
ZTSLOJI,O,O,O,X
ZTSJILO,O,O,X,O
ZTSJIOL,O,O,X,O
ZTSJLIO,O,O,X,O
ZTSJLOI,O,O,X,O
ZTSJOIL,O,O,X,O
ZTSJOLI,O,O,X,O
ZTSOILJ,O,O,O,X
ZTSOIJL,O,O,O,O
ZTSOLIJ,O,O,O,X
ZTSOLJI,O,O,O,X
ZTSOJIL,O,O,O,O
ZTSOJLI,O,O,O,O
ZTOILJS,O,O,O,X
ZTOILSJ,O,O,O,X
ZTOIJLS,O,O,O,O
ZTOIJSL,O,O,O,O
ZTOISLJ,O,O,O,X
ZTOISJL,O,O,O,O
ZTOLIJS,O,O,O,X
ZTOLISJ,O,O,O,X
ZTOLJIS,O,O,O,X
ZTOLJSI,X,O,O,X
ZTOLSIJ,O,O,O,X
ZTOLSJI,O,O,O,X
ZTOJILS,O,O,O,O
ZTOJISL,O,O,O,O
ZTOJLIS,O,O,O,O
ZTOJLSI,X,O,O,O
ZTOJSIL,O,O,O,O
ZTOJSLI,O,O,O,O
ZTOSILJ,O,O,O,X
ZTOSIJL,O,O,O,O
ZTOSLIJ,O,O,O,X
ZTOSLJI,O,O,O,X
ZTOSJIL,O,O,O,O
ZTOSJLI,O,O,O,O
ZITLJSO,X,O,X,X
ZITLJOS,O,O,X,X
ZITLSJO,O,O,X,X
ZITLSOJ,O,O,O,X
ZITLOJS,O,O,O,X
ZITLOSJ,O,O,O,X
ZITJLSO,X,O,X,O
ZITJLOS,O,O,X,O
ZITJSLO,O,O,X,O
ZITJSOL,O,O,X,O
ZITJOLS,O,O,X,O
ZITJOSL,O,O,X,O
ZITSLJO,O,O,X,X
ZITSLOJ,O,O,O,X
ZITSJLO,O,O,X,O
ZITSJOL,O,O,X,O
ZITSOLJ,O,O,O,X
ZITSOJL,O,O,O,O
ZITOLJS,O,O,O,X
ZITOLSJ,O,O,O,X
ZITOJLS,O,O,O,O
ZITOJSL,O,O,O,O
ZITOSLJ,O,O,O,X
ZITOSJL,O,O,O,O
ZILTJSO,X,O,X,X
ZILTJOS,O,O,X,X
ZILTSJO,O,O,X,X
ZILTSOJ,O,O,O,X
ZILTOJS,O,O,O,X
ZILTOSJ,O,O,O,X
ZILJTSO,X,O,X,O
ZILJTOS,X,O,X,O
ZILJSTO,X,O,X,O
ZILJSOT,X,O,O,X
ZILJOTS,X,O,O,X
ZILJOST,X,O,O,X
ZILSTJO,O,O,X,X
ZILSTOJ,O,O,O,X
ZILSJTO,X,O,X,O
ZILSJOT,X,O,O,X
ZILSOTJ,O,O,O,X
ZILSOJT,X,O,O,X
ZILOTJS,O,O,O,X
ZILOTSJ,O,O,O,X
ZILOJTS,X,O,O,X
ZILOJST,X,O,O,X
ZILOSTJ,O,O,O,X
ZILOSJT,X,O,O,X
ZIJTLSO,X,O,X,O
ZIJTLOS,O,O,X,O
ZIJTSLO,O,O,X,O
ZIJTSOL,O,O,X,O
ZIJTOLS,O,O,X,O
ZIJTOSL,O,O,X,O
ZIJLTSO,X,O,X,O
ZIJLTOS,X,O,X,O
ZIJLSTO,X,O,X,O
ZIJLSOT,X,O,O,X
ZIJLOTS,X,O,O,X
ZIJLOST,X,O,O,X
ZIJSTLO,O,O,X,O
ZIJSTOL,O,O,X,O
ZIJSLTO,X,O,X,O
ZIJSLOT,X,O,O,X
ZIJSOTL,O,O,O,O
ZIJSOLT,X,O,O,X
ZIJOTLS,O,O,O,O
ZIJOTSL,O,O,O,O
ZIJOLTS,X,O,O,X
ZIJOLST,X,O,O,X
ZIJOSTL,O,O,O,O
ZIJOSLT,X,O,O,X
ZISTLJO,O,O,X,X
ZISTLOJ,O,O,O,X
ZISTJLO,O,O,X,O
ZISTJOL,O,O,X,O
ZISTOLJ,O,O,O,X
ZISTOJL,O,O,O,O
ZISLTJO,O,O,X,X
ZISLTOJ,O,O,O,X
ZISLJTO,X,O,X,O
ZISLJOT,X,O,O,X
ZISLOTJ,O,O,O,X
ZISLOJT,X,O,O,X
ZISJTLO,O,O,X,O
ZISJTOL,O,O,X,O
ZISJLTO,X,O,X,O
ZISJLOT,X,O,O,X
ZISJOTL,O,O,O,O
ZISJOLT,X,O,O,X
ZISOTLJ,O,O,O,X
ZISOTJL,O,O,O,X
ZISOLTJ,O,O,O,X
ZISOLJT,X,O,O,X
ZISOJTL,O,O,O,O
ZISOJLT,X,O,O,X
ZIOTLJS,O,O,O,X
ZIOTLSJ,O,O,O,X
ZIOTJLS,O,O,O,X
ZIOTJSL,O,O,O,X
ZIOTSLJ,O,O,O,X
ZIOTSJL,O,O,O,X
ZIOLTJS,O,O,O,X
ZIOLTSJ,O,O,O,X
ZIOLJTS,X,O,O,X
ZIOLJST,X,O,O,X
ZIOLSTJ,O,O,O,X
ZIOLSJT,X,O,O,X
ZIOJTLS,O,O,O,O
ZIOJTSL,O,O,O,O
ZIOJLTS,X,O,O,X
ZIOJLST,X,O,O,X
ZIOJSTL,O,O,O,O
ZIOJSLT,X,O,O,X
ZIOSTLJ,O,O,O,X
ZIOSTJL,O,O,O,X
ZIOSLTJ,O,O,O,X
ZIOSLJT,X,O,O,X
ZIOSJTL,O,O,O,O
ZIOSJLT,X,O,O,X
ZLTIJSO,X,O,X,X
ZLTIJOS,O,O,X,X
ZLTISJO,O,O,X,X
ZLTISOJ,O,O,O,X
ZLTIOJS,O,O,O,X
ZLTIOSJ,O,O,O,X
ZLTJISO,X,O,X,X
ZLTJIOS,O,O,X,X
ZLTJSIO,X,O,X,X
ZLTJSOI,X,O,X,X
ZLTJOIS,O,O,X,X
ZLTJOSI,X,O,X,X
ZLTSIJO,O,O,X,X
ZLTSIOJ,O,O,O,X
ZLTSJIO,O,O,X,X
ZLTSJOI,O,O,X,X
ZLTSOIJ,O,O,O,X
ZLTSOJI,O,O,O,X
ZLTOIJS,O,O,O,X
ZLTOISJ,O,O,O,X
ZLTOJIS,O,O,O,X
ZLTOJSI,X,O,O,X
ZLTOSIJ,O,O,O,X
ZLTOSJI,O,O,O,X
ZLITJSO,X,O,X,X
ZLITJOS,O,O,X,X
ZLITSJO,O,O,X,X
ZLITSOJ,O,O,O,X
ZLITOJS,O,O,O,X
ZLITOSJ,O,O,O,X
ZLIJTSO,X,O,X,O
ZLIJTOS,X,O,X,O
ZLIJSTO,X,O,X,O
ZLIJSOT,X,O,O,X
ZLIJOTS,X,O,O,X
ZLIJOST,X,O,O,X
ZLISTJO,O,O,X,X
ZLISTOJ,O,O,O,X
ZLISJTO,X,O,X,O
ZLISJOT,X,O,O,X
ZLISOTJ,O,O,O,X
ZLISOJT,X,O,O,X
ZLIOTJS,O,O,O,X
ZLIOTSJ,O,O,O,X
ZLIOJTS,X,O,O,X
ZLIOJST,X,O,O,X
ZLIOSTJ,O,O,O,X
ZLIOSJT,X,O,O,X
ZLJTISO,X,O,X,O
ZLJTIOS,X,O,X,O
ZLJTSIO,X,O,X,O
ZLJTSOI,X,O,X,O
ZLJTOIS,X,O,X,O
ZLJTOSI,X,O,X,O
ZLJITSO,X,O,X,O
ZLJITOS,X,O,X,O
ZLJISTO,X,O,X,O
ZLJISOT,X,O,O,X
ZLJIOTS,X,O,O,X
ZLJIOST,X,O,O,X
ZLJSTIO,X,O,X,O
ZLJSTOI,X,O,X,O
ZLJSITO,X,O,X,O
ZLJSIOT,X,O,O,X
ZLJSOTI,X,O,O,X
ZLJSOIT,X,O,O,X
ZLJOTIS,X,O,O,X
ZLJOTSI,X,O,O,X
ZLJOITS,X,O,O,X
ZLJOIST,X,O,O,X
ZLJOSTI,X,O,O,X
ZLJOSIT,X,O,O,X
ZLSTIJO,O,O,X,X
ZLSTIOJ,O,O,O,X
ZLSTJIO,O,O,X,X
ZLSTJOI,O,O,X,X
ZLSTOIJ,O,O,O,X
ZLSTOJI,O,O,O,X
ZLSITJO,O,O,X,X
ZLSITOJ,O,O,O,X
ZLSIJTO,X,O,X,O
ZLSIJOT,X,O,O,X
ZLSIOTJ,O,O,O,X
ZLSIOJT,X,O,O,X
ZLSJTIO,X,O,X,O
ZLSJTOI,X,O,X,O
ZLSJITO,X,O,X,O
ZLSJIOT,X,O,O,X
ZLSJOTI,X,O,O,X
ZLSJOIT,X,O,O,X
ZLSOTIJ,O,O,O,X
ZLSOTJI,O,O,O,X
ZLSOITJ,O,O,O,X
ZLSOIJT,X,O,O,X
ZLSOJTI,X,O,O,X
ZLSOJIT,X,O,O,X
ZLOTIJS,O,O,O,X
ZLOTISJ,O,O,O,X
ZLOTJIS,O,O,O,X
ZLOTJSI,X,O,O,X
ZLOTSIJ,O,O,O,X
ZLOTSJI,O,O,O,X
ZLOITJS,O,O,O,X
ZLOITSJ,O,O,O,X
ZLOIJTS,X,O,O,X
ZLOIJST,X,O,O,X
ZLOISTJ,O,O,O,X
ZLOISJT,X,O,O,X
ZLOJTIS,X,O,O,X
ZLOJTSI,X,O,O,X
ZLOJITS,X,O,O,X
ZLOJIST,X,O,O,X
ZLOJSTI,X,O,O,X
ZLOJSIT,X,O,O,X
ZLOSTIJ,O,O,O,X
ZLOSTJI,O,O,O,X
ZLOSITJ,O,O,O,X
ZLOSIJT,X,O,O,X
ZLOSJTI,X,O,O,X
ZLOSJIT,X,O,O,X
ZJTILSO,X,O,X,O
ZJTILOS,O,O,X,O
ZJTISLO,O,O,X,O
ZJTISOL,O,O,X,O
ZJTIOLS,O,O,X,O
ZJTIOSL,O,O,X,O
ZJTLISO,X,O,X,O
ZJTLIOS,O,O,X,O
ZJTLSIO,X,O,X,O
ZJTLSOI,X,O,X,O
ZJTLOIS,O,O,X,O
ZJTLOSI,X,O,X,O
ZJTSILO,O,O,X,O
ZJTSIOL,O,O,X,O
ZJTSLIO,O,O,X,O
ZJTSLOI,O,O,X,O
ZJTSOIL,O,O,X,O
ZJTSOLI,O,O,X,O
ZJTOILS,O,O,X,O
ZJTOISL,O,O,X,O
ZJTOLIS,O,O,X,O
ZJTOLSI,X,O,X,O
ZJTOSIL,O,O,X,O
ZJTOSLI,O,O,X,O
ZJITLSO,X,O,X,O
ZJITLOS,O,O,X,O
ZJITSLO,O,O,X,O
ZJITSOL,O,O,X,O
ZJITOLS,O,O,X,O
ZJITOSL,O,O,X,O
ZJILTSO,X,O,X,O
ZJILTOS,X,O,X,O
ZJILSTO,X,O,X,O
ZJILSOT,X,O,O,X
ZJILOTS,X,O,O,X
ZJILOST,X,O,O,X
ZJISTLO,O,O,X,O
ZJISTOL,O,O,X,O
ZJISLTO,X,O,X,O
ZJISLOT,X,O,O,X
ZJISOTL,O,O,O,O
ZJISOLT,X,O,O,X
ZJIOTLS,O,O,O,O
ZJIOTSL,O,O,O,O
ZJIOLTS,X,O,O,X
ZJIOLST,X,O,O,X
ZJIOSTL,O,O,O,O
ZJIOSLT,X,O,O,X
ZJLTISO,X,O,X,O
ZJLTIOS,X,O,X,O
ZJLTSIO,X,O,X,O
ZJLTSOI,X,O,X,O
ZJLTOIS,X,O,X,O
ZJLTOSI,X,O,X,O
ZJLITSO,X,O,X,O
ZJLITOS,X,O,X,O
ZJLISTO,X,O,X,O
ZJLISOT,X,O,O,X
ZJLIOTS,X,O,O,X
ZJLIOST,X,O,O,X
ZJLSTIO,X,O,X,O
ZJLSTOI,X,O,X,O
ZJLSITO,X,O,X,O
ZJLSIOT,X,O,O,X
ZJLSOTI,X,O,O,X
ZJLSOIT,X,O,O,X
ZJLOTIS,X,O,O,X
ZJLOTSI,X,O,O,X
ZJLOITS,X,O,O,X
ZJLOIST,X,O,O,X
ZJLOSTI,X,O,O,X
ZJLOSIT,X,O,O,X
ZJSTILO,O,O,X,O
ZJSTIOL,O,O,X,O
ZJSTLIO,O,O,X,O
ZJSTLOI,O,O,X,O
ZJSTOIL,O,O,X,O
ZJSTOLI,O,O,X,O
ZJSITLO,O,O,X,O
ZJSITOL,O,O,X,O
ZJSILTO,X,O,X,O
ZJSILOT,X,O,O,X
ZJSIOTL,O,O,O,O
ZJSIOLT,X,O,O,X
ZJSLTIO,X,O,X,O
ZJSLTOI,X,O,X,O
ZJSLITO,X,O,X,O
ZJSLIOT,X,O,O,X
ZJSLOTI,X,O,O,X
ZJSLOIT,X,O,O,X
ZJSOTIL,O,O,O,O
ZJSOTLI,O,O,O,O
ZJSOITL,O,O,O,O
ZJSOILT,X,O,O,X
ZJSOLTI,X,O,O,X
ZJSOLIT,X,O,O,X
ZJOTILS,O,O,O,O
ZJOTISL,O,O,O,O
ZJOTLIS,O,O,O,O
ZJOTLSI,X,O,O,O
ZJOTSIL,O,O,O,O
ZJOTSLI,O,O,O,O
ZJOITLS,O,O,O,O
ZJOITSL,O,O,O,O
ZJOILTS,X,O,O,X
ZJOILST,X,O,O,X
ZJOISTL,O,O,O,O
ZJOISLT,X,O,O,X
ZJOLTIS,X,O,O,X
ZJOLTSI,X,O,O,X
ZJOLITS,X,O,O,X
ZJOLIST,X,O,O,X
ZJOLSTI,X,O,O,X
ZJOLSIT,X,O,O,X
ZJOSTIL,O,O,O,O
ZJOSTLI,O,O,O,O
ZJOSITL,O,O,O,O
ZJOSILT,X,O,O,X
ZJOSLTI,X,O,O,X
ZJOSLIT,X,O,O,X
ZSTILJO,O,O,X,X
ZSTILOJ,O,O,O,X
ZSTIJLO,O,O,X,O
ZSTIJOL,O,O,X,O
ZSTIOLJ,O,O,O,X
ZSTIOJL,O,O,O,O
ZSTLIJO,O,O,X,X
ZSTLIOJ,O,O,O,X
ZSTLJIO,O,O,X,X
ZSTLJOI,O,O,X,X
ZSTLOIJ,O,O,O,X
ZSTLOJI,O,O,O,X
ZSTJILO,O,O,X,O
ZSTJIOL,O,O,X,O
ZSTJLIO,O,O,X,O
ZSTJLOI,O,O,X,O
ZSTJOIL,O,O,X,O
ZSTJOLI,O,O,X,O
ZSTOILJ,O,O,O,X
ZSTOIJL,O,O,O,O
ZSTOLIJ,O,O,O,X
ZSTOLJI,O,O,O,X
ZSTOJIL,O,O,O,O
ZSTOJLI,O,O,O,O
ZSITLJO,O,O,X,X
ZSITLOJ,O,O,O,X
ZSITJLO,O,O,X,O
ZSITJOL,O,O,X,O
ZSITOLJ,O,O,O,X
ZSITOJL,O,O,O,O
ZSILTJO,O,O,X,X
ZSILTOJ,O,O,O,X
ZSILJTO,X,O,X,O
ZSILJOT,X,O,O,X
ZSILOTJ,O,O,O,X
ZSILOJT,X,O,O,X
ZSIJTLO,O,O,X,O
ZSIJTOL,O,O,X,O
ZSIJLTO,X,O,X,O
ZSIJLOT,X,O,O,X
ZSIJOTL,O,O,O,O
ZSIJOLT,X,O,O,X
ZSIOTLJ,O,O,O,X
ZSIOTJL,O,O,O,X
ZSIOLTJ,O,O,O,X
ZSIOLJT,X,O,O,X
ZSIOJTL,O,O,O,O
ZSIOJLT,X,O,O,X
ZSLTIJO,O,O,X,X
ZSLTIOJ,O,O,O,X
ZSLTJIO,O,O,X,X
ZSLTJOI,O,O,X,X
ZSLTOIJ,O,O,O,X
ZSLTOJI,O,O,O,X
ZSLITJO,O,O,X,X
ZSLITOJ,O,O,O,X
ZSLIJTO,X,O,X,O
ZSLIJOT,X,O,O,X
ZSLIOTJ,O,O,O,X
ZSLIOJT,X,O,O,X
ZSLJTIO,X,O,X,O
ZSLJTOI,X,O,X,O
ZSLJITO,X,O,X,O
ZSLJIOT,X,O,O,X
ZSLJOTI,X,O,O,X
ZSLJOIT,X,O,O,X
ZSLOTIJ,O,O,O,X
ZSLOTJI,O,O,O,X
ZSLOITJ,O,O,O,X
ZSLOIJT,X,O,O,X
ZSLOJTI,X,O,O,X
ZSLOJIT,X,O,O,X
ZSJTILO,O,O,X,O
ZSJTIOL,O,O,X,O
ZSJTLIO,O,O,X,O
ZSJTLOI,O,O,X,O
ZSJTOIL,O,O,X,O
ZSJTOLI,O,O,X,O
ZSJITLO,O,O,X,O
ZSJITOL,O,O,X,O
ZSJILTO,X,O,X,O
ZSJILOT,X,O,O,X
ZSJIOTL,O,O,O,O
ZSJIOLT,X,O,O,X
ZSJLTIO,X,O,X,O
ZSJLTOI,X,O,X,O
ZSJLITO,X,O,X,O
ZSJLIOT,X,O,O,X
ZSJLOTI,X,O,O,X
ZSJLOIT,X,O,O,X
ZSJOTIL,O,O,O,O
ZSJOTLI,O,O,O,O
ZSJOITL,O,O,O,O
ZSJOILT,X,O,O,X
ZSJOLTI,X,O,O,X
ZSJOLIT,X,O,O,X
ZSOTILJ,O,O,O,X
ZSOTIJL,O,O,O,X
ZSOTLIJ,O,O,O,X
ZSOTLJI,O,O,O,X
ZSOTJIL,O,O,O,X
ZSOTJLI,O,O,O,X
ZSOITLJ,O,O,O,X
ZSOITJL,O,O,O,X
ZSOILTJ,O,O,O,X
ZSOILJT,X,O,O,X
ZSOIJTL,O,O,O,O
ZSOIJLT,X,O,O,X
ZSOLTIJ,O,O,O,X
ZSOLTJI,O,O,O,X
ZSOLITJ,O,O,O,X
ZSOLIJT,X,O,O,X
ZSOLJTI,X,O,O,X
ZSOLJIT,X,O,O,X
ZSOJTIL,O,O,O,O
ZSOJTLI,O,O,O,O
ZSOJITL,O,O,O,O
ZSOJILT,X,O,O,X
ZSOJLTI,X,O,O,X
ZSOJLIT,X,O,O,X
ZOTILJS,O,O,O,X
ZOTILSJ,O,O,O,X
ZOTIJLS,O,O,O,X
ZOTIJSL,O,O,O,X
ZOTISLJ,O,O,O,X
ZOTISJL,O,O,O,X
ZOTLIJS,O,O,O,X
ZOTLISJ,O,O,O,X
ZOTLJIS,O,O,O,X
ZOTLJSI,X,O,O,X
ZOTLSIJ,O,O,O,X
ZOTLSJI,O,O,O,X
ZOTJILS,O,O,O,X
ZOTJISL,O,O,O,X
ZOTJLIS,O,O,O,X
ZOTJLSI,X,O,O,X
ZOTJSIL,O,O,O,X
ZOTJSLI,O,O,O,X
ZOTSILJ,O,O,O,X
ZOTSIJL,O,O,O,X
ZOTSLIJ,O,O,O,X
ZOTSLJI,O,O,O,X
ZOTSJIL,O,O,O,X
ZOTSJLI,O,O,O,X
ZOITLJS,O,O,O,X
ZOITLSJ,O,O,O,X
ZOITJLS,O,O,O,X
ZOITJSL,O,O,O,X
ZOITSLJ,O,O,O,X
ZOITSJL,O,O,O,X
ZOILTJS,O,O,O,X
ZOILTSJ,O,O,O,X
ZOILJTS,X,O,O,X
ZOILJST,X,O,O,X
ZOILSTJ,O,O,O,X
ZOILSJT,X,O,O,X
ZOIJTLS,O,O,O,O
ZOIJTSL,O,O,O,O
ZOIJLTS,X,O,O,X
ZOIJLST,X,O,O,X
ZOIJSTL,O,O,O,O
ZOIJSLT,X,O,O,X
ZOISTLJ,O,O,O,X
ZOISTJL,O,O,O,X
ZOISLTJ,O,O,O,X
ZOISLJT,X,O,O,X
ZOISJTL,O,O,O,O
ZOISJLT,X,O,O,X
ZOLTIJS,O,O,O,X
ZOLTISJ,O,O,O,X
ZOLTJIS,O,O,O,X
ZOLTJSI,X,O,O,X
ZOLTSIJ,O,O,O,X
ZOLTSJI,O,O,O,X
ZOLITJS,O,O,O,X
ZOLITSJ,O,O,O,X
ZOLIJTS,X,O,O,X
ZOLIJST,X,O,O,X
ZOLISTJ,O,O,O,X
ZOLISJT,X,O,O,X
ZOLJTIS,X,O,O,X
ZOLJTSI,X,O,O,X
ZOLJITS,X,O,O,X
ZOLJIST,X,O,O,X
ZOLJSTI,X,O,O,X
ZOLJSIT,X,O,O,X
ZOLSTIJ,O,O,O,X
ZOLSTJI,O,O,O,X
ZOLSITJ,O,O,O,X
ZOLSIJT,X,O,O,X
ZOLSJTI,X,O,O,X
ZOLSJIT,X,O,O,X
ZOJTILS,O,O,O,O
ZOJTISL,O,O,O,O
ZOJTLIS,O,O,O,O
ZOJTLSI,X,O,O,O
ZOJTSIL,O,O,O,O
ZOJTSLI,O,O,O,O
ZOJITLS,O,O,O,O
ZOJITSL,O,O,O,O
ZOJILTS,X,O,O,X
ZOJILST,X,O,O,X
ZOJISTL,O,O,O,O
ZOJISLT,X,O,O,X
ZOJLTIS,X,O,O,X
ZOJLTSI,X,O,O,X
ZOJLITS,X,O,O,X
ZOJLIST,X,O,O,X
ZOJLSTI,X,O,O,X
ZOJLSIT,X,O,O,X
ZOJSTIL,O,O,O,O
ZOJSTLI,O,O,O,O
ZOJSITL,O,O,O,O
ZOJSILT,X,O,O,X
ZOJSLTI,X,O,O,X
ZOJSLIT,X,O,O,X
ZOSTILJ,O,O,O,X
ZOSTIJL,O,O,O,X
ZOSTLIJ,O,O,O,X
ZOSTLJI,O,O,O,X
ZOSTJIL,O,O,O,X
ZOSTJLI,O,O,O,X
ZOSITLJ,O,O,O,X
ZOSITJL,O,O,O,X
ZOSILTJ,O,O,O,X
ZOSILJT,X,O,O,X
ZOSIJTL,O,O,O,O
ZOSIJLT,X,O,O,X
ZOSLTIJ,O,O,O,X
ZOSLTJI,O,O,O,X
ZOSLITJ,O,O,O,X
ZOSLIJT,X,O,O,X
ZOSLJTI,X,O,O,X
ZOSLJIT,X,O,O,X
ZOSJTIL,O,O,O,O
ZOSJTLI,O,O,O,O
ZOSJITL,O,O,O,O
ZOSJILT,X,O,O,X
ZOSJLTI,X,O,O,X
ZOSJLIT,X,O,O,X
OTILJSZ,O,X,O,O
OTILJZS,O,O,O,O
OTILSJZ,O,X,O,O
OTILSZJ,O,O,O,X
OTILZJS,O,O,O,X
OTILZSJ,O,O,O,X
OTIJLSZ,O,X,O,O
OTIJLZS,O,O,O,O
OTIJSLZ,O,X,O,O
OTIJSZL,O,X,O,O
OTIJZLS,O,O,O,O
OTIJZSL,O,O,O,O
OTISLJZ,O,X,O,O
OTISLZJ,O,O,O,X
OTISJLZ,O,X,O,O
OTISJZL,O,X,O,O
OTISZLJ,O,O,O,X
OTISZJL,O,O,O,O
OTIZLJS,O,O,O,X
OTIZLSJ,O,O,O,X
OTIZJLS,O,O,O,O
OTIZJSL,O,O,O,O
OTIZSLJ,O,O,O,X
OTIZSJL,O,O,O,O
OTLIJSZ,O,X,O,O
OTLIJZS,O,O,O,O
OTLISJZ,O,X,O,O
OTLISZJ,O,O,O,X
OTLIZJS,O,O,O,X
OTLIZSJ,O,O,O,X
OTLJISZ,O,X,O,O
OTLJIZS,O,O,O,O
OTLJSIZ,O,X,O,O
OTLJSZI,O,X,O,O
OTLJZIS,O,O,O,O
OTLJZSI,X,O,O,O
OTLSIJZ,O,X,O,O
OTLSIZJ,O,O,O,X
OTLSJIZ,O,X,O,O
OTLSJZI,O,X,O,O
OTLSZIJ,O,O,O,X
OTLSZJI,O,O,O,X
OTLZIJS,O,O,O,X
OTLZISJ,O,O,O,X
OTLZJIS,O,O,O,X
OTLZJSI,X,O,O,X
OTLZSIJ,O,O,O,X
OTLZSJI,O,O,O,X
OTJILSZ,O,X,O,O
OTJILZS,O,O,O,O
OTJISLZ,O,X,O,O
OTJISZL,O,X,O,O
OTJIZLS,O,O,O,O
OTJIZSL,O,O,O,O
OTJLISZ,O,X,O,O
OTJLIZS,O,O,O,O
OTJLSIZ,O,X,O,O
OTJLSZI,O,X,O,O
OTJLZIS,O,O,O,O
OTJLZSI,X,O,O,O
OTJSILZ,O,X,O,O
OTJSIZL,O,X,O,O
OTJSLIZ,O,X,O,O
OTJSLZI,O,X,O,O
OTJSZIL,O,X,O,O
OTJSZLI,O,X,O,O
OTJZILS,O,O,O,O
OTJZISL,O,O,O,O
OTJZLIS,O,O,O,O
OTJZLSI,X,O,O,O
OTJZSIL,O,O,O,O
OTJZSLI,O,O,O,O
OTSILJZ,O,X,O,O
OTSILZJ,O,O,O,X
OTSIJLZ,O,X,O,O
OTSIJZL,O,X,O,O
OTSIZLJ,O,O,O,X
OTSIZJL,O,O,O,O
OTSLIJZ,O,X,O,O
OTSLIZJ,O,O,O,X
OTSLJIZ,O,X,O,O
OTSLJZI,O,X,O,O
OTSLZIJ,O,O,O,X
OTSLZJI,O,O,O,X
OTSJILZ,O,X,O,O
OTSJIZL,O,X,O,O
OTSJLIZ,O,X,O,O
OTSJLZI,O,X,O,O
OTSJZIL,O,X,O,O
OTSJZLI,O,X,O,O
OTSZILJ,O,O,O,X
OTSZIJL,O,O,O,O
OTSZLIJ,O,O,O,X
OTSZLJI,O,O,O,X
OTSZJIL,O,O,O,O
OTSZJLI,O,O,O,O
OTZILJS,O,O,O,X
OTZILSJ,O,O,O,X
OTZIJLS,O,O,O,O
OTZIJSL,O,O,O,O
OTZISLJ,O,O,O,X
OTZISJL,O,O,O,O
OTZLIJS,O,O,O,X
OTZLISJ,O,O,O,X
OTZLJIS,O,O,O,X
OTZLJSI,X,O,O,X
OTZLSIJ,O,O,O,X
OTZLSJI,O,O,O,X
OTZJILS,O,O,O,O
OTZJISL,O,O,O,O
OTZJLIS,O,O,O,O
OTZJLSI,X,O,O,O
OTZJSIL,O,O,O,O
OTZJSLI,O,O,O,O
OTZSILJ,O,O,O,X
OTZSIJL,O,O,O,O
OTZSLIJ,O,O,O,X
OTZSLJI,O,O,O,X
OTZSJIL,O,O,O,O
OTZSJLI,O,O,O,O
OITLJSZ,O,X,O,O
OITLJZS,O,O,O,O
OITLSJZ,O,X,O,O
OITLSZJ,O,O,O,X
OITLZJS,O,O,O,X
OITLZSJ,O,O,O,X
OITJLSZ,O,X,O,O
OITJLZS,O,O,O,O
OITJSLZ,O,X,O,O
OITJSZL,O,X,O,O
OITJZLS,O,O,O,O
OITJZSL,O,O,O,O
OITSLJZ,O,X,O,O
OITSLZJ,O,O,O,X
OITSJLZ,O,X,O,O
OITSJZL,O,X,O,O
OITSZLJ,O,O,O,X
OITSZJL,O,O,O,O
OITZLJS,O,O,O,X
OITZLSJ,O,O,O,X
OITZJLS,O,O,O,O
OITZJSL,O,O,O,O
OITZSLJ,O,O,O,X
OITZSJL,O,O,O,O
OILTJSZ,O,X,O,X
OILTJZS,O,O,O,X
OILTSJZ,O,X,O,X
OILTSZJ,O,O,O,X
OILTZJS,O,O,O,X
OILTZSJ,O,O,O,X
OILJTSZ,X,X,O,X
OILJTZS,X,O,O,X
OILJSTZ,X,X,O,X
OILJSZT,X,X,O,X
OILJZTS,X,O,O,X
OILJZST,X,O,O,X
OILSTJZ,O,X,O,X
OILSTZJ,O,O,O,X
OILSJTZ,X,X,O,X
OILSJZT,X,X,O,X
OILSZTJ,O,O,O,X
OILSZJT,X,O,O,X
OILZTJS,O,O,O,X
OILZTSJ,O,O,O,X
OILZJTS,X,O,O,X
OILZJST,X,O,O,X
OILZSTJ,O,O,O,X
OILZSJT,X,O,O,X
OIJTLSZ,O,X,O,O
OIJTLZS,O,O,O,O
OIJTSLZ,O,X,O,O
OIJTSZL,O,X,O,O
OIJTZLS,O,O,O,O
OIJTZSL,O,O,O,O
OIJLTSZ,X,X,O,X
OIJLTZS,X,O,O,X
OIJLSTZ,X,X,O,X
OIJLSZT,X,X,O,X
OIJLZTS,X,O,O,X
OIJLZST,X,O,O,X
OIJSTLZ,O,X,O,O
OIJSTZL,O,X,O,O
OIJSLTZ,X,X,O,X
OIJSLZT,X,X,O,X
OIJSZTL,O,X,O,O
OIJSZLT,X,X,O,X
OIJZTLS,O,O,O,O
OIJZTSL,O,O,O,O
OIJZLTS,X,O,O,X
OIJZLST,X,O,O,X
OIJZSTL,O,O,O,O
OIJZSLT,X,O,O,X
OISTLJZ,O,X,O,O
OISTLZJ,O,O,O,X
OISTJLZ,O,X,O,O
OISTJZL,O,X,O,O
OISTZLJ,O,O,O,X
OISTZJL,O,O,O,O
OISLTJZ,O,X,O,X
OISLTZJ,O,O,O,X
OISLJTZ,X,X,O,X
OISLJZT,X,X,O,X
OISLZTJ,O,O,O,X
OISLZJT,X,O,O,X
OISJTLZ,O,X,O,O
OISJTZL,O,X,O,O
OISJLTZ,X,X,O,X
OISJLZT,X,X,O,X
OISJZTL,O,X,O,O
OISJZLT,X,X,O,X
OISZTLJ,O,O,O,X
OISZTJL,O,O,O,X
OISZLTJ,O,O,O,X
OISZLJT,X,O,O,X
OISZJTL,O,O,O,O
OISZJLT,X,O,O,X
OIZTLJS,O,O,O,X
OIZTLSJ,O,O,O,X
OIZTJLS,O,O,O,X
OIZTJSL,O,O,O,X
OIZTSLJ,O,O,O,X
OIZTSJL,O,O,O,X
OIZLTJS,O,O,O,X
OIZLTSJ,O,O,O,X
OIZLJTS,X,O,O,X
OIZLJST,X,O,O,X
OIZLSTJ,O,O,O,X
OIZLSJT,X,O,O,X
OIZJTLS,O,O,O,O
OIZJTSL,O,O,O,O
OIZJLTS,X,O,O,X
OIZJLST,X,O,O,X
OIZJSTL,O,O,O,O
OIZJSLT,X,O,O,X
OIZSTLJ,O,O,O,X
OIZSTJL,O,O,O,X
OIZSLTJ,O,O,O,X
OIZSLJT,X,O,O,X
OIZSJTL,O,O,O,O
OIZSJLT,X,O,O,X
OLTIJSZ,O,X,O,X
OLTIJZS,O,O,O,X
OLTISJZ,O,X,O,X
OLTISZJ,O,O,O,X
OLTIZJS,O,O,O,X
OLTIZSJ,O,O,O,X
OLTJISZ,O,X,O,X
OLTJIZS,O,O,O,X
OLTJSIZ,O,X,O,X
OLTJSZI,O,X,O,X
OLTJZIS,O,O,O,X
OLTJZSI,X,O,O,X
OLTSIJZ,O,X,O,X
OLTSIZJ,O,O,O,X
OLTSJIZ,O,X,O,X
OLTSJZI,O,X,O,X
OLTSZIJ,O,O,O,X
OLTSZJI,O,O,O,X
OLTZIJS,O,O,O,X
OLTZISJ,O,O,O,X
OLTZJIS,O,O,O,X
OLTZJSI,X,O,O,X
OLTZSIJ,O,O,O,X
OLTZSJI,O,O,O,X
OLITJSZ,O,X,O,X
OLITJZS,O,O,O,X
OLITSJZ,O,X,O,X
OLITSZJ,O,O,O,X
OLITZJS,O,O,O,X
OLITZSJ,O,O,O,X
OLIJTSZ,X,X,O,X
OLIJTZS,X,O,O,X
OLIJSTZ,X,X,O,X
OLIJSZT,X,X,O,X
OLIJZTS,X,O,O,X
OLIJZST,X,O,O,X
OLISTJZ,O,X,O,X
OLISTZJ,O,O,O,X
OLISJTZ,X,X,O,X
OLISJZT,X,X,O,X
OLISZTJ,O,O,O,X
OLISZJT,X,O,O,X
OLIZTJS,O,O,O,X
OLIZTSJ,O,O,O,X
OLIZJTS,X,O,O,X
OLIZJST,X,O,O,X
OLIZSTJ,O,O,O,X
OLIZSJT,X,O,O,X
OLJTISZ,X,X,O,X
OLJTIZS,X,O,O,X
OLJTSIZ,X,X,O,X
OLJTSZI,X,X,O,X
OLJTZIS,X,O,O,X
OLJTZSI,X,O,O,X
OLJITSZ,X,X,O,X
OLJITZS,X,O,O,X
OLJISTZ,X,X,O,X
OLJISZT,X,X,O,X
OLJIZTS,X,O,O,X
OLJIZST,X,O,O,X
OLJSTIZ,X,X,O,X
OLJSTZI,X,X,O,X
OLJSITZ,X,X,O,X
OLJSIZT,X,X,O,X
OLJSZTI,X,X,O,X
OLJSZIT,X,X,O,X
OLJZTIS,X,O,O,X
OLJZTSI,X,O,O,X
OLJZITS,X,O,O,X
OLJZIST,X,O,O,X
OLJZSTI,X,O,O,X
OLJZSIT,X,O,O,X
OLSTIJZ,O,X,O,X
OLSTIZJ,O,O,O,X
OLSTJIZ,O,X,O,X
OLSTJZI,O,X,O,X
OLSTZIJ,O,O,O,X
OLSTZJI,O,O,O,X
OLSITJZ,O,X,O,X
OLSITZJ,O,O,O,X
OLSIJTZ,X,X,O,X
OLSIJZT,X,X,O,X
OLSIZTJ,O,O,O,X
OLSIZJT,X,O,O,X
OLSJTIZ,X,X,O,X
OLSJTZI,X,X,O,X
OLSJITZ,X,X,O,X
OLSJIZT,X,X,O,X
OLSJZTI,X,X,O,X
OLSJZIT,X,X,O,X
OLSZTIJ,O,O,O,X
OLSZTJI,O,O,O,X
OLSZITJ,O,O,O,X
OLSZIJT,X,O,O,X
OLSZJTI,X,O,O,X
OLSZJIT,X,O,O,X
OLZTIJS,O,O,O,X
OLZTISJ,O,O,O,X
OLZTJIS,O,O,O,X
OLZTJSI,X,O,O,X
OLZTSIJ,O,O,O,X
OLZTSJI,O,O,O,X
OLZITJS,O,O,O,X
OLZITSJ,O,O,O,X
OLZIJTS,X,O,O,X
OLZIJST,X,O,O,X
OLZISTJ,O,O,O,X
OLZISJT,X,O,O,X
OLZJTIS,X,O,O,X
OLZJTSI,X,O,O,X
OLZJITS,X,O,O,X
OLZJIST,X,O,O,X
OLZJSTI,X,O,O,X
OLZJSIT,X,O,O,X
OLZSTIJ,O,O,O,X
OLZSTJI,O,O,O,X
OLZSITJ,O,O,O,X
OLZSIJT,X,O,O,X
OLZSJTI,X,O,O,X
OLZSJIT,X,O,O,X
OJTILSZ,O,X,O,O
OJTILZS,O,O,O,O
OJTISLZ,O,X,O,O
OJTISZL,O,X,O,O
OJTIZLS,O,O,O,O
OJTIZSL,O,O,O,O
OJTLISZ,O,X,O,O
OJTLIZS,O,O,O,O
OJTLSIZ,O,X,O,O
OJTLSZI,O,X,O,O
OJTLZIS,O,O,O,O
OJTLZSI,X,O,O,O
OJTSILZ,O,X,O,O
OJTSIZL,O,X,O,O
OJTSLIZ,O,X,O,O
OJTSLZI,O,X,O,O
OJTSZIL,O,X,O,O
OJTSZLI,O,X,O,O
OJTZILS,O,O,O,O
OJTZISL,O,O,O,O
OJTZLIS,O,O,O,O
OJTZLSI,X,O,O,O
OJTZSIL,O,O,O,O
OJTZSLI,O,O,O,O
OJITLSZ,O,X,O,O
OJITLZS,O,O,O,O
OJITSLZ,O,X,O,O
OJITSZL,O,X,O,O
OJITZLS,O,O,O,O
OJITZSL,O,O,O,O
OJILTSZ,X,X,O,X
OJILTZS,X,O,O,X
OJILSTZ,X,X,O,X
OJILSZT,X,X,O,X
OJILZTS,X,O,O,X
OJILZST,X,O,O,X
OJISTLZ,O,X,O,O
OJISTZL,O,X,O,O
OJISLTZ,X,X,O,X
OJISLZT,X,X,O,X
OJISZTL,O,X,O,O
OJISZLT,X,X,O,X
OJIZTLS,O,O,O,O
OJIZTSL,O,O,O,O
OJIZLTS,X,O,O,X
OJIZLST,X,O,O,X
OJIZSTL,O,O,O,O
OJIZSLT,X,O,O,X
OJLTISZ,X,X,O,X
OJLTIZS,X,O,O,X
OJLTSIZ,X,X,O,X
OJLTSZI,X,X,O,X
OJLTZIS,X,O,O,X
OJLTZSI,X,O,O,X
OJLITSZ,X,X,O,X
OJLITZS,X,O,O,X
OJLISTZ,X,X,O,X
OJLISZT,X,X,O,X
OJLIZTS,X,O,O,X
OJLIZST,X,O,O,X
OJLSTIZ,X,X,O,X
OJLSTZI,X,X,O,X
OJLSITZ,X,X,O,X
OJLSIZT,X,X,O,X
OJLSZTI,X,X,O,X
OJLSZIT,X,X,O,X
OJLZTIS,X,O,O,X
OJLZTSI,X,O,O,X
OJLZITS,X,O,O,X
OJLZIST,X,O,O,X
OJLZSTI,X,O,O,X
OJLZSIT,X,O,O,X
OJSTILZ,O,X,O,O
OJSTIZL,O,X,O,O
OJSTLIZ,O,X,O,O
OJSTLZI,O,X,O,O
OJSTZIL,O,X,O,O
OJSTZLI,O,X,O,O
OJSITLZ,O,X,O,O
OJSITZL,O,X,O,O
OJSILTZ,X,X,O,X
OJSILZT,X,X,O,X
OJSIZTL,O,X,O,O
OJSIZLT,X,X,O,X
OJSLTIZ,X,X,O,X
OJSLTZI,X,X,O,X
OJSLITZ,X,X,O,X
OJSLIZT,X,X,O,X
OJSLZTI,X,X,O,X
OJSLZIT,X,X,O,X
OJSZTIL,O,X,O,O
OJSZTLI,O,X,O,O
OJSZITL,O,X,O,O
OJSZILT,X,X,O,X
OJSZLTI,X,X,O,X
OJSZLIT,X,X,O,X
OJZTILS,O,O,O,O
OJZTISL,O,O,O,O
OJZTLIS,O,O,O,O
OJZTLSI,X,O,O,O
OJZTSIL,O,O,O,O
OJZTSLI,O,O,O,O
OJZITLS,O,O,O,O
OJZITSL,O,O,O,O
OJZILTS,X,O,O,X
OJZILST,X,O,O,X
OJZISTL,O,O,O,O
OJZISLT,X,O,O,X
OJZLTIS,X,O,O,X
OJZLTSI,X,O,O,X
OJZLITS,X,O,O,X
OJZLIST,X,O,O,X
OJZLSTI,X,O,O,X
OJZLSIT,X,O,O,X
OJZSTIL,O,O,O,O
OJZSTLI,O,O,O,O
OJZSITL,O,O,O,O
OJZSILT,X,O,O,X
OJZSLTI,X,O,O,X
OJZSLIT,X,O,O,X
OSTILJZ,O,X,O,O
OSTILZJ,O,O,O,X
OSTIJLZ,O,X,O,O
OSTIJZL,O,X,O,O
OSTIZLJ,O,O,O,X
OSTIZJL,O,O,O,O
OSTLIJZ,O,X,O,O
OSTLIZJ,O,O,O,X
OSTLJIZ,O,X,O,O
OSTLJZI,O,X,O,O
OSTLZIJ,O,O,O,X
OSTLZJI,O,O,O,X
OSTJILZ,O,X,O,O
OSTJIZL,O,X,O,O
OSTJLIZ,O,X,O,O
OSTJLZI,O,X,O,O
OSTJZIL,O,X,O,O
OSTJZLI,O,X,O,O
OSTZILJ,O,O,O,X
OSTZIJL,O,O,O,O
OSTZLIJ,O,O,O,X
OSTZLJI,O,O,O,X
OSTZJIL,O,O,O,O
OSTZJLI,O,O,O,O
OSITLJZ,O,X,O,O
OSITLZJ,O,O,O,X
OSITJLZ,O,X,O,O
OSITJZL,O,X,O,O
OSITZLJ,O,O,O,X
OSITZJL,O,O,O,O
OSILTJZ,O,X,O,X
OSILTZJ,O,O,O,X
OSILJTZ,X,X,O,X
OSILJZT,X,X,O,X
OSILZTJ,O,O,O,X
OSILZJT,X,O,O,X
OSIJTLZ,O,X,O,O
OSIJTZL,O,X,O,O
OSIJLTZ,X,X,O,X
OSIJLZT,X,X,O,X
OSIJZTL,O,X,O,O
OSIJZLT,X,X,O,X
OSIZTLJ,O,O,O,X
OSIZTJL,O,O,O,X
OSIZLTJ,O,O,O,X
OSIZLJT,X,O,O,X
OSIZJTL,O,O,O,O
OSIZJLT,X,O,O,X
OSLTIJZ,O,X,O,X
OSLTIZJ,O,O,O,X
OSLTJIZ,O,X,O,X
OSLTJZI,O,X,O,X
OSLTZIJ,O,O,O,X
OSLTZJI,O,O,O,X
OSLITJZ,O,X,O,X
OSLITZJ,O,O,O,X
OSLIJTZ,X,X,O,X
OSLIJZT,X,X,O,X
OSLIZTJ,O,O,O,X
OSLIZJT,X,O,O,X
OSLJTIZ,X,X,O,X
OSLJTZI,X,X,O,X
OSLJITZ,X,X,O,X
OSLJIZT,X,X,O,X
OSLJZTI,X,X,O,X
OSLJZIT,X,X,O,X
OSLZTIJ,O,O,O,X
OSLZTJI,O,O,O,X
OSLZITJ,O,O,O,X
OSLZIJT,X,O,O,X
OSLZJTI,X,O,O,X
OSLZJIT,X,O,O,X
OSJTILZ,O,X,O,O
OSJTIZL,O,X,O,O
OSJTLIZ,O,X,O,O
OSJTLZI,O,X,O,O
OSJTZIL,O,X,O,O
OSJTZLI,O,X,O,O
OSJITLZ,O,X,O,O
OSJITZL,O,X,O,O
OSJILTZ,X,X,O,X
OSJILZT,X,X,O,X
OSJIZTL,O,X,O,O
OSJIZLT,X,X,O,X
OSJLTIZ,X,X,O,X
OSJLTZI,X,X,O,X
OSJLITZ,X,X,O,X
OSJLIZT,X,X,O,X
OSJLZTI,X,X,O,X
OSJLZIT,X,X,O,X
OSJZTIL,O,X,O,O
OSJZTLI,O,X,O,O
OSJZITL,O,X,O,O
OSJZILT,X,X,O,X
OSJZLTI,X,X,O,X
OSJZLIT,X,X,O,X
OSZTILJ,O,O,O,X
OSZTIJL,O,O,O,X
OSZTLIJ,O,O,O,X
OSZTLJI,O,O,O,X
OSZTJIL,O,O,O,X
OSZTJLI,O,O,O,X
OSZITLJ,O,O,O,X
OSZITJL,O,O,O,X
OSZILTJ,O,O,O,X
OSZILJT,X,O,O,X
OSZIJTL,O,O,O,O
OSZIJLT,X,O,O,X
OSZLTIJ,O,O,O,X
OSZLTJI,O,O,O,X
OSZLITJ,O,O,O,X
OSZLIJT,X,O,O,X
OSZLJTI,X,O,O,X
OSZLJIT,X,O,O,X
OSZJTIL,O,O,O,O
OSZJTLI,O,O,O,O
OSZJITL,O,O,O,O
OSZJILT,X,O,O,X
OSZJLTI,X,O,O,X
OSZJLIT,X,O,O,X
OZTILJS,O,O,O,X
OZTILSJ,O,O,O,X
OZTIJLS,O,O,O,X
OZTIJSL,O,O,O,X
OZTISLJ,O,O,O,X
OZTISJL,O,O,O,X
OZTLIJS,O,O,O,X
OZTLISJ,O,O,O,X
OZTLJIS,O,O,O,X
OZTLJSI,X,O,O,X
OZTLSIJ,O,O,O,X
OZTLSJI,O,O,O,X
OZTJILS,O,O,O,X
OZTJISL,O,O,O,X
OZTJLIS,O,O,O,X
OZTJLSI,X,O,O,X
OZTJSIL,O,O,O,X
OZTJSLI,O,O,O,X
OZTSILJ,O,O,O,X
OZTSIJL,O,O,O,X
OZTSLIJ,O,O,O,X
OZTSLJI,O,O,O,X
OZTSJIL,O,O,O,X
OZTSJLI,O,O,O,X
OZITLJS,O,O,O,X
OZITLSJ,O,O,O,X
OZITJLS,O,O,O,X
OZITJSL,O,O,O,X
OZITSLJ,O,O,O,X
OZITSJL,O,O,O,X
OZILTJS,O,O,O,X
OZILTSJ,O,O,O,X
OZILJTS,X,O,O,X
OZILJST,X,O,O,X
OZILSTJ,O,O,O,X
OZILSJT,X,O,O,X
OZIJTLS,O,O,O,O
OZIJTSL,O,O,O,O
OZIJLTS,X,O,O,X
OZIJLST,X,O,O,X
OZIJSTL,O,O,O,O
OZIJSLT,X,O,O,X
OZISTLJ,O,O,O,X
OZISTJL,O,O,O,X
OZISLTJ,O,O,O,X
OZISLJT,X,O,O,X
OZISJTL,O,O,O,O
OZISJLT,X,O,O,X
OZLTIJS,O,O,O,X
OZLTISJ,O,O,O,X
OZLTJIS,O,O,O,X
OZLTJSI,X,O,O,X
OZLTSIJ,O,O,O,X
OZLTSJI,O,O,O,X
OZLITJS,O,O,O,X
OZLITSJ,O,O,O,X
OZLIJTS,X,O,O,X
OZLIJST,X,O,O,X
OZLISTJ,O,O,O,X
OZLISJT,X,O,O,X
OZLJTIS,X,O,O,X
OZLJTSI,X,O,O,X
OZLJITS,X,O,O,X
OZLJIST,X,O,O,X
OZLJSTI,X,O,O,X
OZLJSIT,X,O,O,X
OZLSTIJ,O,O,O,X
OZLSTJI,O,O,O,X
OZLSITJ,O,O,O,X
OZLSIJT,X,O,O,X
OZLSJTI,X,O,O,X
OZLSJIT,X,O,O,X
OZJTILS,O,O,O,O
OZJTISL,O,O,O,O
OZJTLIS,O,O,O,O
OZJTLSI,X,O,O,O
OZJTSIL,O,O,O,O
OZJTSLI,O,O,O,O
OZJITLS,O,O,O,O
OZJITSL,O,O,O,O
OZJILTS,X,O,O,X
OZJILST,X,O,O,X
OZJISTL,O,O,O,O
OZJISLT,X,O,O,X
OZJLTIS,X,O,O,X
OZJLTSI,X,O,O,X
OZJLITS,X,O,O,X
OZJLIST,X,O,O,X
OZJLSTI,X,O,O,X
OZJLSIT,X,O,O,X
OZJSTIL,O,O,O,O
OZJSTLI,O,O,O,O
OZJSITL,O,O,O,O
OZJSILT,X,O,O,X
OZJSLTI,X,O,O,X
OZJSLIT,X,O,O,X
OZSTILJ,O,O,O,X
OZSTIJL,O,O,O,X
OZSTLIJ,O,O,O,X
OZSTLJI,O,O,O,X
OZSTJIL,O,O,O,X
OZSTJLI,O,O,O,X
OZSITLJ,O,O,O,X
OZSITJL,O,O,O,X
OZSILTJ,O,O,O,X
OZSILJT,X,O,O,X
OZSIJTL,O,O,O,O
OZSIJLT,X,O,O,X
OZSLTIJ,O,O,O,X
OZSLTJI,O,O,O,X
OZSLITJ,O,O,O,X
OZSLIJT,X,O,O,X
OZSLJTI,X,O,O,X
OZSLJIT,X,O,O,X
OZSJTIL,O,O,O,O
OZSJTLI,O,O,O,O
OZSJITL,O,O,O,O
OZSJILT,X,O,O,X
OZSJLTI,X,O,O,X
OZSJLIT,X,O,O,X
