sequence,v115@HhA8AeA8GeC8GeD8BeC8Kel/IvhFqlBThBmiB5oB0n?B3rB,v115@HhA8AeA8GeC8GeD8BeC8Kel/IvhF3hBaoB5oBWrBTn?BUrB,v115@HhA8AeA8GeC8GeD8BeC8Kel/IvhFzgBCiBeoB5oBXn?BUrB,v115@HhA8AeA8GeC8GeD8BeC8Kel/IvhFzgBumB3iB5oBys?BUrB,v115@HhA8AeA8GeC8GeD8BeC8Kel/IvhFulBcmBiiB5oBzn?B3rB
TILJSZO,O,X,O,O,X
TILJSOZ,O,O,O,O,X
TILJZSO,O,X,O,O,X
TILJZOS,O,X,O,O,X
TILJOSZ,X,O,X,X,X
TILJOZS,O,O,X,X,X
TILSJZO,O,X,X,O,O
TILSJOZ,O,X,X,O,X
TILSZJO,O,X,X,O,O
TILSZOJ,O,X,X,O,O
TILSOJZ,O,O,X,O,O
TILSOZJ,O,O,X,O,O
TILZJSO,O,X,O,O,X
TILZJOS,O,X,O,O,X
TILZSJO,O,X,X,O,X
TILZSOJ,O,X,X,O,X
TILZOJS,O,O,O,O,X
TILZOSJ,O,O,X,O,X
TILOJSZ,X,O,X,X,O
TILOJZS,O,O,X,X,X
TILOSJZ,O,O,X,O,O
TILOSZJ,O,O,X,O,O
TILOZJS,O,O,X,O,X
TILOZSJ,O,O,X,O,O
TIJLSZO,O,X,O,O,X
TIJLSOZ,O,O,O,O,X
TIJLZSO,O,X,O,O,X
TIJLZOS,O,X,O,O,X
TIJLOSZ,X,O,X,X,X
TIJLOZS,O,O,X,X,X
TIJSLZO,O,X,O,X,O
TIJSLOZ,O,O,O,X,X
TIJSZLO,O,X,O,X,O
TIJSZOL,O,O,O,X,O
TIJSOLZ,X,O,O,X,O
TIJSOZL,X,O,O,X,O
TIJZLSO,O,X,O,O,X
TIJZLOS,O,X,O,O,X
TIJZSLO,O,X,O,O,X
TIJZSOL,O,O,O,O,X
TIJZOLS,O,O,O,O,X
TIJZOSL,O,O,O,O,X
TIJOLSZ,X,O,X,X,O
TIJOLZS,X,O,X,X,X
TIJOSLZ,X,O,O,X,O
TIJOSZL,X,O,O,X,O
TIJOZLS,X,O,O,X,X
TIJOZSL,X,O,O,X,X
TISLJZO,O,X,O,O,O
TISLJOZ,O,X,O,O,X
TISLZJO,O,X,O,O,O
TISLZOJ,O,X,O,O,O
TISLOJZ,O,O,X,O,O
TISLOZJ,O,O,X,O,O
TISJLZO,O,X,O,X,O
TISJLOZ,O,O,O,X,X
TISJZLO,O,X,O,X,O
TISJZOL,O,O,O,X,O
TISJOLZ,X,O,O,X,O
TISJOZL,X,O,O,X,O
TISZLJO,O,X,O,O,O
TISZLOJ,O,X,O,O,O
TISZJLO,O,X,O,O,O
TISZJOL,O,X,O,O,O
TISZOLJ,O,X,O,O,O
TISZOJL,O,X,O,O,O
TISOLJZ,O,O,X,X,O
TISOLZJ,O,O,X,X,O
TISOJLZ,X,O,X,X,O
TISOJZL,X,O,X,X,O
TISOZLJ,O,O,X,X,O
TISOZJL,O,O,X,X,O
TIZLJSO,O,X,O,O,X
TIZLJOS,O,X,O,O,X
TIZLSJO,O,X,X,O,X
TIZLSOJ,O,X,X,O,X
TIZLOJS,O,O,O,O,X
TIZLOSJ,O,O,X,O,X
TIZJLSO,O,X,O,O,X
TIZJLOS,O,X,O,O,X
TIZJSLO,O,X,O,O,X
TIZJSOL,O,O,O,O,X
TIZJOLS,O,O,O,O,X
TIZJOSL,O,O,O,O,X
TIZSLJO,O,X,O,O,O
TIZSLOJ,O,X,O,O,O
TIZSJLO,O,X,O,O,O
TIZSJOL,O,X,O,O,O
TIZSOLJ,O,X,O,O,O
TIZSOJL,O,X,O,O,O
TIZOLJS,O,O,O,O,X
TIZOLSJ,O,O,X,O,O
TIZOJLS,O,O,O,O,X
TIZOJSL,O,O,O,O,X
TIZOSLJ,O,O,O,O,O
TIZOSJL,O,O,O,O,O
TIOLJSZ,X,O,X,X,O
TIOLJZS,O,O,X,X,X
TIOLSJZ,O,O,X,O,O
TIOLSZJ,O,O,X,O,O
TIOLZJS,O,O,X,O,X
TIOLZSJ,O,O,X,O,O
TIOJLSZ,X,O,X,X,O
TIOJLZS,X,O,X,X,X
TIOJSLZ,X,O,O,X,O
TIOJSZL,X,O,O,X,O
TIOJZLS,X,O,O,X,X
TIOJZSL,X,O,O,X,X
TIOSLJZ,O,O,X,X,O
TIOSLZJ,O,O,X,X,O
TIOSJLZ,X,O,X,X,O
TIOSJZL,X,O,X,X,O
TIOSZLJ,O,O,X,X,O
TIOSZJL,O,O,X,X,O
TIOZLJS,O,O,O,O,X
TIOZLSJ,O,O,X,O,O
TIOZJLS,O,O,O,O,X
TIOZJSL,O,O,O,O,X
TIOZSLJ,O,O,X,O,O
TIOZSJL,O,O,O,O,O
TLIJSZO,O,X,O,O,X
TLIJSOZ,O,O,O,O,X
TLIJZSO,O,X,O,O,X
TLIJZOS,O,X,O,O,X
TLIJOSZ,X,O,X,X,X
TLIJOZS,O,O,X,X,X
TLISJZO,O,X,X,O,O
TLISJOZ,O,X,X,O,X
TLISZJO,O,X,X,O,O
TLISZOJ,O,X,X,O,O
TLISOJZ,O,O,X,O,O
TLISOZJ,O,O,X,O,O
TLIZJSO,O,X,O,O,X
TLIZJOS,O,X,O,O,X
TLIZSJO,O,X,X,O,X
TLIZSOJ,O,X,X,O,X
TLIZOJS,O,O,O,O,X
TLIZOSJ,O,O,X,O,X
TLIOJSZ,X,O,X,X,O
TLIOJZS,O,O,X,X,X
TLIOSJZ,O,O,X,O,O
TLIOSZJ,O,O,X,O,O
TLIOZJS,O,O,X,O,X
TLIOZSJ,O,O,X,O,O
TLJISZO,O,X,O,O,X
TLJISOZ,O,O,O,O,X
TLJIZSO,O,X,O,O,X
TLJIZOS,O,X,O,O,X
TLJIOSZ,X,O,X,X,X
TLJIOZS,O,O,X,X,X
TLJSIZO,O,X,O,O,X
TLJSIOZ,O,O,O,O,X
TLJSZIO,O,X,O,O,X
TLJSZOI,O,X,O,O,X
TLJSOIZ,O,O,O,O,X
TLJSOZI,O,O,O,O,X
TLJZISO,O,X,O,O,X
TLJZIOS,O,X,O,O,X
TLJZSIO,O,X,O,O,X
TLJZSOI,O,X,O,O,X
TLJZOIS,O,X,O,O,X
TLJZOSI,O,X,O,O,X
TLJOISZ,X,O,X,X,X
TLJOIZS,O,O,X,X,X
TLJOSIZ,X,O,X,X,X
TLJOSZI,X,O,X,X,X
TLJOZIS,O,O,X,X,X
TLJOZSI,O,O,X,X,X
TLSIJZO,O,X,O,O,O
TLSIJOZ,O,X,O,O,X
TLSIZJO,O,X,O,O,O
TLSIZOJ,O,X,O,O,O
TLSIOJZ,O,O,X,O,O
TLSIOZJ,O,O,X,O,O
TLSJIZO,O,X,O,O,O
TLSJIOZ,O,X,O,O,X
TLSJZIO,O,X,O,O,O
TLSJZOI,O,X,O,O,O
TLSJOIZ,O,X,O,O,X
TLSJOZI,O,X,O,O,X
TLSZIJO,O,X,O,O,O
TLSZIOJ,O,X,O,O,O
TLSZJIO,O,X,O,O,O
TLSZJOI,O,X,O,O,O
TLSZOIJ,O,X,O,O,O
TLSZOJI,O,X,O,O,O
TLSOIJZ,O,O,X,O,O
TLSOIZJ,O,O,X,O,O
TLSOJIZ,O,O,O,O,O
TLSOJZI,O,O,O,O,O
TLSOZIJ,O,O,O,O,O
TLSOZJI,O,O,O,O,O
TLZIJSO,O,X,O,O,X
TLZIJOS,O,X,O,O,X
TLZISJO,O,X,X,O,X
TLZISOJ,O,X,X,O,X
TLZIOJS,O,O,O,O,X
TLZIOSJ,O,O,X,O,X
TLZJISO,O,X,O,O,X
TLZJIOS,O,X,O,O,X
TLZJSIO,O,X,O,O,X
TLZJSOI,O,X,O,O,X
TLZJOIS,O,X,O,O,X
TLZJOSI,O,X,O,O,X
TLZSIJO,O,X,O,O,X
TLZSIOJ,O,X,O,O,X
TLZSJIO,O,X,O,O,X
TLZSJOI,O,X,O,O,X
TLZSOIJ,O,X,O,O,X
TLZSOJI,O,X,O,O,X
TLZOIJS,O,O,O,O,X
TLZOISJ,O,O,X,O,X
TLZOJIS,O,O,O,O,X
TLZOJSI,O,O,O,O,X
TLZOSIJ,O,O,O,O,X
TLZOSJI,O,O,O,O,X
TLOIJSZ,X,O,X,X,O
TLOIJZS,O,O,X,X,X
TLOISJZ,O,O,X,O,O
TLOISZJ,O,O,X,O,O
TLOIZJS,O,O,X,O,X
TLOIZSJ,O,O,X,O,O
TLOJISZ,X,O,X,X,O
TLOJIZS,O,O,X,X,X
TLOJSIZ,X,O,X,X,O
TLOJSZI,X,O,X,X,O
TLOJZIS,O,O,X,X,X
TLOJZSI,O,O,X,X,X
TLOSIJZ,O,O,X,O,O
TLOSIZJ,O,O,X,O,O
TLOSJIZ,O,O,X,O,O
TLOSJZI,O,O,X,O,O
TLOSZIJ,O,O,X,O,O
TLOSZJI,O,O,X,O,O
TLOZIJS,O,O,X,O,X
TLOZISJ,O,O,X,O,O
TLOZJIS,O,O,X,O,X
TLOZJSI,O,O,X,O,X
TLOZSIJ,O,O,X,O,O
TLOZSJI,O,O,X,O,O
TJILSZO,O,X,O,O,X
TJILSOZ,O,O,O,O,X
TJILZSO,O,X,O,O,X
TJILZOS,O,X,O,O,X
TJILOSZ,X,O,X,X,X
TJILOZS,O,O,X,X,X
TJISLZO,O,X,O,X,O
TJISLOZ,O,O,O,X,X
TJISZLO,O,X,O,X,O
TJISZOL,O,O,O,X,O
TJISOLZ,X,O,O,X,O
TJISOZL,X,O,O,X,O
TJIZLSO,O,X,O,O,X
TJIZLOS,O,X,O,O,X
TJIZSLO,O,X,O,O,X
TJIZSOL,O,O,O,O,X
TJIZOLS,O,O,O,O,X
TJIZOSL,O,O,O,O,X
TJIOLSZ,X,O,X,X,O
TJIOLZS,X,O,X,X,X
TJIOSLZ,X,O,O,X,O
TJIOSZL,X,O,O,X,O
TJIOZLS,X,O,O,X,X
TJIOZSL,X,O,O,X,X
TJLISZO,O,X,O,O,X
TJLISOZ,O,O,O,O,X
TJLIZSO,O,X,O,O,X
TJLIZOS,O,X,O,O,X
TJLIOSZ,X,O,X,X,X
TJLIOZS,O,O,X,X,X
TJLSIZO,O,X,O,O,X
TJLSIOZ,O,O,O,O,X
TJLSZIO,O,X,O,O,X
TJLSZOI,O,X,O,O,X
TJLSOIZ,O,O,O,O,X
TJLSOZI,O,O,O,O,X
TJLZISO,O,X,O,O,X
TJLZIOS,O,X,O,O,X
TJLZSIO,O,X,O,O,X
TJLZSOI,O,X,O,O,X
TJLZOIS,O,X,O,O,X
TJLZOSI,O,X,O,O,X
TJLOISZ,X,O,X,X,X
TJLOIZS,O,O,X,X,X
TJLOSIZ,X,O,X,X,X
TJLOSZI,X,O,X,X,X
TJLOZIS,O,O,X,X,X
TJLOZSI,O,O,X,X,X
TJSILZO,O,X,O,X,O
TJSILOZ,O,O,O,X,X
TJSIZLO,O,X,O,X,O
TJSIZOL,O,O,O,X,O
TJSIOLZ,X,O,O,X,O
TJSIOZL,X,O,O,X,O
TJSLIZO,O,X,O,X,O
TJSLIOZ,O,O,O,X,X
TJSLZIO,O,X,O,X,O
TJSLZOI,O,X,O,X,O
TJSLOIZ,O,O,O,X,X
TJSLOZI,O,O,O,X,X
TJSZILO,O,X,O,X,O
TJSZIOL,O,O,O,X,O
TJSZLIO,O,X,O,X,O
TJSZLOI,O,X,O,X,O
TJSZOIL,O,O,O,X,O
TJSZOLI,O,O,O,X,O
TJSOILZ,X,O,O,X,O
TJSOIZL,X,O,O,X,O
TJSOLIZ,X,O,O,X,O
TJSOLZI,X,O,O,X,O
TJSOZIL,X,O,O,X,O
TJSOZLI,X,O,O,X,O
TJZILSO,O,X,O,O,X
TJZILOS,O,X,O,O,X
TJZISLO,O,X,O,O,X
TJZISOL,O,O,O,O,X
TJZIOLS,O,O,O,O,X
TJZIOSL,O,O,O,O,X
TJZLISO,O,X,O,O,X
TJZLIOS,O,X,O,O,X
TJZLSIO,O,X,O,O,X
TJZLSOI,O,X,O,O,X
TJZLOIS,O,X,O,O,X
TJZLOSI,O,X,O,O,X
TJZSILO,O,X,O,O,X
TJZSIOL,O,O,O,O,X
TJZSLIO,O,X,O,O,X
TJZSLOI,O,X,O,O,X
TJZSOIL,O,O,O,O,X
TJZSOLI,O,O,O,O,X
TJZOILS,O,O,O,O,X
TJZOISL,O,O,O,O,X
TJZOLIS,O,O,O,O,X
TJZOLSI,O,O,O,O,X
TJZOSIL,O,O,O,O,X
TJZOSLI,O,O,O,O,X
TJOILSZ,X,O,X,X,O
TJOILZS,X,O,X,X,X
TJOISLZ,X,O,O,X,O
TJOISZL,X,O,O,X,O
TJOIZLS,X,O,O,X,X
TJOIZSL,X,O,O,X,X
TJOLISZ,X,O,X,X,O
TJOLIZS,X,O,X,X,X
TJOLSIZ,X,O,X,X,O
TJOLSZI,X,O,X,X,O
TJOLZIS,X,O,X,X,X
TJOLZSI,X,O,X,X,X
TJOSILZ,X,O,O,X,O
TJOSIZL,X,O,O,X,O
TJOSLIZ,X,O,O,X,O
TJOSLZI,X,O,O,X,O
TJOSZIL,X,O,O,X,O
TJOSZLI,X,O,O,X,O
TJOZILS,X,O,O,X,X
TJOZISL,X,O,O,X,X
TJOZLIS,X,O,O,X,X
TJOZLSI,X,O,O,X,X
TJOZSIL,X,O,O,X,X
TJOZSLI,X,O,O,X,X
TSILJZO,O,X,O,O,O
TSILJOZ,O,X,O,O,X
TSILZJO,O,X,O,O,O
TSILZOJ,O,X,O,O,O
TSILOJZ,O,O,X,O,O
TSILOZJ,O,O,X,O,O
TSIJLZO,O,X,O,X,O
TSIJLOZ,O,O,O,X,X
TSIJZLO,O,X,O,X,O
TSIJZOL,O,O,O,X,O
TSIJOLZ,X,O,O,X,O
TSIJOZL,X,O,O,X,O
TSIZLJO,O,X,O,O,O
TSIZLOJ,O,X,O,O,O
TSIZJLO,O,X,O,O,O
TSIZJOL,O,X,O,O,O
TSIZOLJ,O,X,O,O,O
TSIZOJL,O,X,O,O,O
TSIOLJZ,O,O,X,X,O
TSIOLZJ,O,O,X,X,O
TSIOJLZ,X,O,X,X,O
TSIOJZL,X,O,X,X,O
TSIOZLJ,O,O,X,X,O
TSIOZJL,O,O,X,X,O
TSLIJZO,O,X,O,O,O
TSLIJOZ,O,X,O,O,X
TSLIZJO,O,X,O,O,O
TSLIZOJ,O,X,O,O,O
TSLIOJZ,O,O,X,O,O
TSLIOZJ,O,O,X,O,O
TSLJIZO,O,X,O,O,O
TSLJIOZ,O,X,O,O,X
TSLJZIO,O,X,O,O,O
TSLJZOI,O,X,O,O,O
TSLJOIZ,O,X,O,O,X
TSLJOZI,O,X,O,O,X
TSLZIJO,O,X,O,O,O
TSLZIOJ,O,X,O,O,O
TSLZJIO,O,X,O,O,O
TSLZJOI,O,X,O,O,O
TSLZOIJ,O,X,O,O,O
TSLZOJI,O,X,O,O,O
TSLOIJZ,O,O,X,O,O
TSLOIZJ,O,O,X,O,O
TSLOJIZ,O,O,O,O,O
TSLOJZI,O,O,O,O,O
TSLOZIJ,O,O,O,O,O
TSLOZJI,O,O,O,O,O
TSJILZO,O,X,O,X,O
TSJILOZ,O,O,O,X,X
TSJIZLO,O,X,O,X,O
TSJIZOL,O,O,O,X,O
TSJIOLZ,X,O,O,X,O
TSJIOZL,X,O,O,X,O
TSJLIZO,O,X,O,X,O
TSJLIOZ,O,O,O,X,X
TSJLZIO,O,X,O,X,O
TSJLZOI,O,X,O,X,O
TSJLOIZ,O,O,O,X,X
TSJLOZI,O,O,O,X,X
TSJZILO,O,X,O,X,O
TSJZIOL,O,O,O,X,O
TSJZLIO,O,X,O,X,O
TSJZLOI,O,X,O,X,O
TSJZOIL,O,O,O,X,O
TSJZOLI,O,O,O,X,O
TSJOILZ,X,O,O,X,O
TSJOIZL,X,O,O,X,O
TSJOLIZ,X,O,O,X,O
TSJOLZI,X,O,O,X,O
TSJOZIL,X,O,O,X,O
TSJOZLI,X,O,O,X,O
TSZILJO,O,X,O,O,O
TSZILOJ,O,X,O,O,O
TSZIJLO,O,X,O,O,O
TSZIJOL,O,X,O,O,O
TSZIOLJ,O,X,O,O,O
TSZIOJL,O,X,O,O,O
TSZLIJO,O,X,O,O,O
TSZLIOJ,O,X,O,O,O
TSZLJIO,O,X,O,O,O
TSZLJOI,O,X,O,O,O
TSZLOIJ,O,X,O,O,O
TSZLOJI,O,X,O,O,O
TSZJILO,O,X,O,O,O
TSZJIOL,O,X,O,O,O
TSZJLIO,O,X,O,O,O
TSZJLOI,O,X,O,O,O
TSZJOIL,O,X,O,O,O
TSZJOLI,O,X,O,O,O
TSZOILJ,O,X,O,O,O
TSZOIJL,O,X,O,O,O
TSZOLIJ,O,X,O,O,O
TSZOLJI,O,X,O,O,O
TSZOJIL,O,X,O,O,O
TSZOJLI,O,X,O,O,O
TSOILJZ,O,O,X,X,O
TSOILZJ,O,O,X,X,O
TSOIJLZ,X,O,X,X,O
TSOIJZL,X,O,X,X,O
TSOIZLJ,O,O,X,X,O
TSOIZJL,O,O,X,X,O
TSOLIJZ,O,O,X,X,O
TSOLIZJ,O,O,X,X,O
TSOLJIZ,O,O,O,X,O
TSOLJZI,O,O,O,X,O
TSOLZIJ,O,O,O,X,O
TSOLZJI,O,O,O,X,O
TSOJILZ,X,O,O,X,O
TSOJIZL,X,O,O,X,O
TSOJLIZ,X,O,O,X,O
TSOJLZI,X,O,O,X,O
TSOJZIL,X,O,O,X,O
TSOJZLI,X,O,O,X,O
TSOZILJ,O,O,O,X,O
TSOZIJL,O,O,O,X,O
TSOZLIJ,O,O,O,X,O
TSOZLJI,O,O,O,X,O
TSOZJIL,O,O,O,X,O
TSOZJLI,O,O,O,X,O
TZILJSO,O,X,O,O,X
TZILJOS,O,X,O,O,X
TZILSJO,O,X,X,O,X
TZILSOJ,O,X,X,O,X
TZILOJS,O,O,O,O,X
TZILOSJ,O,O,X,O,X
TZIJLSO,O,X,O,O,X
TZIJLOS,O,X,O,O,X
TZIJSLO,O,X,O,O,X
TZIJSOL,O,O,O,O,X
TZIJOLS,O,O,O,O,X
TZIJOSL,O,O,O,O,X
TZISLJO,O,X,O,O,O
TZISLOJ,O,X,O,O,O
TZISJLO,O,X,O,O,O
TZISJOL,O,X,O,O,O
TZISOLJ,O,X,O,O,O
TZISOJL,O,X,O,O,O
TZIOLJS,O,O,O,O,X
TZIOLSJ,O,O,X,O,O
TZIOJLS,O,O,O,O,X
TZIOJSL,O,O,O,O,X
TZIOSLJ,O,O,O,O,O
TZIOSJL,O,O,O,O,O
TZLIJSO,O,X,O,O,X
TZLIJOS,O,X,O,O,X
TZLISJO,O,X,X,O,X
TZLISOJ,O,X,X,O,X
TZLIOJS,O,O,O,O,X
TZLIOSJ,O,O,X,O,X
TZLJISO,O,X,O,O,X
TZLJIOS,O,X,O,O,X
TZLJSIO,O,X,O,O,X
TZLJSOI,O,X,O,O,X
TZLJOIS,O,X,O,O,X
TZLJOSI,O,X,O,O,X
TZLSIJO,O,X,O,O,X
TZLSIOJ,O,X,O,O,X
TZLSJIO,O,X,O,O,X
TZLSJOI,O,X,O,O,X
TZLSOIJ,O,X,O,O,X
TZLSOJI,O,X,O,O,X
TZLOIJS,O,O,O,O,X
TZLOISJ,O,O,X,O,X
TZLOJIS,O,O,O,O,X
TZLOJSI,O,O,O,O,X
TZLOSIJ,O,O,O,O,X
TZLOSJI,O,O,O,O,X
TZJILSO,O,X,O,O,X
TZJILOS,O,X,O,O,X
TZJISLO,O,X,O,O,X
TZJISOL,O,O,O,O,X
TZJIOLS,O,O,O,O,X
TZJIOSL,O,O,O,O,X
TZJLISO,O,X,O,O,X
TZJLIOS,O,X,O,O,X
TZJLSIO,O,X,O,O,X
TZJLSOI,O,X,O,O,X
TZJLOIS,O,X,O,O,X
TZJLOSI,O,X,O,O,X
TZJSILO,O,X,O,O,X
TZJSIOL,O,O,O,O,X
TZJSLIO,O,X,O,O,X
TZJSLOI,O,X,O,O,X
TZJSOIL,O,O,O,O,X
TZJSOLI,O,O,O,O,X
TZJOILS,O,O,O,O,X
TZJOISL,O,O,O,O,X
TZJOLIS,O,O,O,O,X
TZJOLSI,O,O,O,O,X
TZJOSIL,O,O,O,O,X
TZJOSLI,O,O,O,O,X
TZSILJO,O,X,O,O,O
TZSILOJ,O,X,O,O,O
TZSIJLO,O,X,O,O,O
TZSIJOL,O,X,O,O,O
TZSIOLJ,O,X,O,O,O
TZSIOJL,O,X,O,O,O
TZSLIJO,O,X,O,O,O
TZSLIOJ,O,X,O,O,O
TZSLJIO,O,X,O,O,O
TZSLJOI,O,X,O,O,O
TZSLOIJ,O,X,O,O,O
TZSLOJI,O,X,O,O,O
TZSJILO,O,X,O,O,O
TZSJIOL,O,X,O,O,O
TZSJLIO,O,X,O,O,O
TZSJLOI,O,X,O,O,O
TZSJOIL,O,X,O,O,O
TZSJOLI,O,X,O,O,O
TZSOILJ,O,X,O,O,O
TZSOIJL,O,X,O,O,O
TZSOLIJ,O,X,O,O,O
TZSOLJI,O,X,O,O,O
TZSOJIL,O,X,O,O,O
TZSOJLI,O,X,O,O,O
TZOILJS,O,O,O,O,X
TZOILSJ,O,O,X,O,O
TZOIJLS,O,O,O,O,X
TZOIJSL,O,O,O,O,X
TZOISLJ,O,O,O,O,O
TZOISJL,O,O,O,O,O
TZOLIJS,O,O,O,O,X
TZOLISJ,O,O,X,O,O
TZOLJIS,O,O,O,O,X
TZOLJSI,O,O,O,O,X
TZOLSIJ,O,O,O,O,O
TZOLSJI,O,O,O,O,O
TZOJILS,O,O,O,O,X
TZOJISL,O,O,O,O,X
TZOJLIS,O,O,O,O,X
TZOJLSI,O,O,O,O,X
TZOJSIL,O,O,O,O,X
TZOJSLI,O,O,O,O,X
TZOSILJ,O,O,O,O,O
TZOSIJL,O,O,O,O,O
TZOSLIJ,O,O,O,O,O
TZOSLJI,O,O,O,O,O
TZOSJIL,O,O,O,O,O
TZOSJLI,O,O,O,O,O
TOILJSZ,X,O,X,X,O
TOILJZS,O,O,X,X,X
TOILSJZ,O,O,X,O,O
TOILSZJ,O,O,X,O,O
TOILZJS,O,O,X,O,X
TOILZSJ,O,O,X,O,O
TOIJLSZ,X,O,X,X,O
TOIJLZS,X,O,X,X,X
TOIJSLZ,X,O,O,X,O
TOIJSZL,X,O,O,X,O
TOIJZLS,X,O,O,X,X
TOIJZSL,X,O,O,X,X
TOISLJZ,O,O,X,X,O
TOISLZJ,O,O,X,X,O
TOISJLZ,X,O,X,X,O
TOISJZL,X,O,X,X,O
TOISZLJ,O,O,X,X,O
TOISZJL,O,O,X,X,O
TOIZLJS,O,O,O,O,X
TOIZLSJ,O,O,X,O,O
TOIZJLS,O,O,O,O,X
TOIZJSL,O,O,O,O,X
TOIZSLJ,O,O,X,O,O
TOIZSJL,O,O,O,O,O
TOLIJSZ,X,O,X,X,O
TOLIJZS,O,O,X,X,X
TOLISJZ,O,O,X,O,O
TOLISZJ,O,O,X,O,O
TOLIZJS,O,O,X,O,X
TOLIZSJ,O,O,X,O,O
TOLJISZ,X,O,X,X,O
TOLJIZS,O,O,X,X,X
TOLJSIZ,X,O,X,X,O
TOLJSZI,X,O,X,X,O
TOLJZIS,O,O,X,X,X
TOLJZSI,O,O,X,X,X
TOLSIJZ,O,O,X,O,O
TOLSIZJ,O,O,X,O,O
TOLSJIZ,O,O,X,O,O
TOLSJZI,O,O,X,O,O
TOLSZIJ,O,O,X,O,O
TOLSZJI,O,O,X,O,O
TOLZIJS,O,O,X,O,X
TOLZISJ,O,O,X,O,O
TOLZJIS,O,O,X,O,X
TOLZJSI,O,O,X,O,X
TOLZSIJ,O,O,X,O,O
TOLZSJI,O,O,X,O,O
TOJILSZ,X,O,X,X,O
TOJILZS,X,O,X,X,X
TOJISLZ,X,O,O,X,O
TOJISZL,X,O,O,X,O
TOJIZLS,X,O,O,X,X
TOJIZSL,X,O,O,X,X
TOJLISZ,X,O,X,X,O
TOJLIZS,X,O,X,X,X
TOJLSIZ,X,O,X,X,O
TOJLSZI,X,O,X,X,O
TOJLZIS,X,O,X,X,X
TOJLZSI,X,O,X,X,X
TOJSILZ,X,O,O,X,O
TOJSIZL,X,O,O,X,O
TOJSLIZ,X,O,O,X,O
TOJSLZI,X,O,O,X,O
TOJSZIL,X,O,O,X,O
TOJSZLI,X,O,O,X,O
TOJZILS,X,O,O,X,X
TOJZISL,X,O,O,X,X
TOJZLIS,X,O,O,X,X
TOJZLSI,X,O,O,X,X
TOJZSIL,X,O,O,X,X
TOJZSLI,X,O,O,X,X
TOSILJZ,O,O,X,X,O
TOSILZJ,O,O,X,X,O
TOSIJLZ,X,O,X,X,O
TOSIJZL,X,O,X,X,O
TOSIZLJ,O,O,X,X,O
TOSIZJL,O,O,X,X,O
TOSLIJZ,O,O,X,X,O
TOSLIZJ,O,O,X,X,O
TOSLJIZ,O,O,O,X,O
TOSLJZI,O,O,O,X,O
TOSLZIJ,O,O,O,X,O
TOSLZJI,O,O,O,X,O
TOSJILZ,X,O,O,X,O
TOSJIZL,X,O,O,X,O
TOSJLIZ,X,O,O,X,O
TOSJLZI,X,O,O,X,O
TOSJZIL,X,O,O,X,O
TOSJZLI,X,O,O,X,O
TOSZILJ,O,O,O,X,O
TOSZIJL,O,O,O,X,O
TOSZLIJ,O,O,O,X,O
TOSZLJI,O,O,O,X,O
TOSZJIL,O,O,O,X,O
TOSZJLI,O,O,O,X,O
TOZILJS,O,O,O,O,X
TOZILSJ,O,O,X,O,O
TOZIJLS,O,O,O,O,X
TOZIJSL,O,O,O,O,X
TOZISLJ,O,O,O,O,O
TOZISJL,O,O,O,O,O
TOZLIJS,O,O,O,O,X
TOZLISJ,O,O,X,O,O
TOZLJIS,O,O,O,O,X
TOZLJSI,O,O,O,O,X
TOZLSIJ,O,O,O,O,O
TOZLSJI,O,O,O,O,O
TOZJILS,O,O,O,O,X
TOZJISL,O,O,O,O,X
TOZJLIS,O,O,O,O,X
TOZJLSI,O,O,O,O,X
TOZJSIL,O,O,O,O,X
TOZJSLI,O,O,O,O,X
TOZSILJ,O,O,O,O,O
TOZSIJL,O,O,O,O,O
TOZSLIJ,O,O,O,O,O
TOZSLJI,O,O,O,O,O
TOZSJIL,O,O,O,O,O
TOZSJLI,O,O,O,O,O
ITLJSZO,O,X,O,O,X
ITLJSOZ,O,O,O,O,X
ITLJZSO,O,X,O,O,X
ITLJZOS,O,X,O,O,X
ITLJOSZ,X,O,X,X,X
ITLJOZS,O,O,X,X,X
ITLSJZO,O,X,X,O,O
ITLSJOZ,O,X,X,O,X
ITLSZJO,O,X,X,O,O
ITLSZOJ,O,X,X,O,O
ITLSOJZ,O,O,X,O,O
ITLSOZJ,O,O,X,O,O
ITLZJSO,O,X,O,O,X
ITLZJOS,O,X,O,O,X
ITLZSJO,O,X,X,O,X
ITLZSOJ,O,X,X,O,X
ITLZOJS,O,O,O,O,X
ITLZOSJ,O,O,X,O,X
ITLOJSZ,X,O,X,X,O
ITLOJZS,O,O,X,X,X
ITLOSJZ,O,O,X,O,O
ITLOSZJ,O,O,X,O,O
ITLOZJS,O,O,X,O,X
ITLOZSJ,O,O,X,O,O
ITJLSZO,O,X,O,O,X
ITJLSOZ,O,O,O,O,X
ITJLZSO,O,X,O,O,X
ITJLZOS,O,X,O,O,X
ITJLOSZ,X,O,X,X,X
ITJLOZS,O,O,X,X,X
ITJSLZO,O,X,O,X,O
ITJSLOZ,O,O,O,X,X
ITJSZLO,O,X,O,X,O
ITJSZOL,O,O,O,X,O
ITJSOLZ,X,O,O,X,O
ITJSOZL,X,O,O,X,O
ITJZLSO,O,X,O,O,X
ITJZLOS,O,X,O,O,X
ITJZSLO,O,X,O,O,X
ITJZSOL,O,O,O,O,X
ITJZOLS,O,O,O,O,X
ITJZOSL,O,O,O,O,X
ITJOLSZ,X,O,X,X,O
ITJOLZS,X,O,X,X,X
ITJOSLZ,X,O,O,X,O
ITJOSZL,X,O,O,X,O
ITJOZLS,X,O,O,X,X
ITJOZSL,X,O,O,X,X
ITSLJZO,O,X,O,O,O
ITSLJOZ,O,X,O,O,X
ITSLZJO,O,X,O,O,O
ITSLZOJ,O,X,O,O,O
ITSLOJZ,O,O,X,O,O
ITSLOZJ,O,O,X,O,O
ITSJLZO,O,X,O,X,O
ITSJLOZ,O,O,O,X,X
ITSJZLO,O,X,O,X,O
ITSJZOL,O,O,O,X,O
ITSJOLZ,X,O,O,X,O
ITSJOZL,X,O,O,X,O
ITSZLJO,O,X,O,O,O
ITSZLOJ,O,X,O,O,O
ITSZJLO,O,X,O,O,O
ITSZJOL,O,X,O,O,O
ITSZOLJ,O,X,O,O,O
ITSZOJL,O,X,O,O,O
ITSOLJZ,O,O,X,X,O
ITSOLZJ,O,O,X,X,O
ITSOJLZ,X,O,X,X,O
ITSOJZL,X,O,X,X,O
ITSOZLJ,O,O,X,X,O
ITSOZJL,O,O,X,X,O
ITZLJSO,O,X,O,O,X
ITZLJOS,O,X,O,O,X
ITZLSJO,O,X,X,O,X
ITZLSOJ,O,X,X,O,X
ITZLOJS,O,O,O,O,X
ITZLOSJ,O,O,X,O,X
ITZJLSO,O,X,O,O,X
ITZJLOS,O,X,O,O,X
ITZJSLO,O,X,O,O,X
ITZJSOL,O,O,O,O,X
ITZJOLS,O,O,O,O,X
ITZJOSL,O,O,O,O,X
ITZSLJO,O,X,O,O,O
ITZSLOJ,O,X,O,O,O
ITZSJLO,O,X,O,O,O
ITZSJOL,O,X,O,O,O
ITZSOLJ,O,X,O,O,O
ITZSOJL,O,X,O,O,O
ITZOLJS,O,O,O,O,X
ITZOLSJ,O,O,X,O,O
ITZOJLS,O,O,O,O,X
ITZOJSL,O,O,O,O,X
ITZOSLJ,O,O,O,O,O
ITZOSJL,O,O,O,O,O
ITOLJSZ,X,O,X,X,O
ITOLJZS,O,O,X,X,X
ITOLSJZ,O,O,X,O,O
ITOLSZJ,O,O,X,O,O
ITOLZJS,O,O,X,O,X
ITOLZSJ,O,O,X,O,O
ITOJLSZ,X,O,X,X,O
ITOJLZS,X,O,X,X,X
ITOJSLZ,X,O,O,X,O
ITOJSZL,X,O,O,X,O
ITOJZLS,X,O,O,X,X
ITOJZSL,X,O,O,X,X
ITOSLJZ,O,O,X,X,O
ITOSLZJ,O,O,X,X,O
ITOSJLZ,X,O,X,X,O
ITOSJZL,X,O,X,X,O
ITOSZLJ,O,O,X,X,O
ITOSZJL,O,O,X,X,O
ITOZLJS,O,O,O,O,X
ITOZLSJ,O,O,X,O,O
ITOZJLS,O,O,O,O,X
ITOZJSL,O,O,O,O,X
ITOZSLJ,O,O,X,O,O
ITOZSJL,O,O,O,O,O
ILTJSZO,O,X,O,O,X
ILTJSOZ,O,O,O,O,X
ILTJZSO,O,X,O,O,X
ILTJZOS,O,X,O,O,X
ILTJOSZ,X,O,X,X,X
ILTJOZS,O,O,X,X,X
ILTSJZO,O,X,X,O,O
ILTSJOZ,O,X,X,O,X
ILTSZJO,O,X,X,O,O
ILTSZOJ,O,X,X,O,O
ILTSOJZ,O,O,X,O,O
ILTSOZJ,O,O,X,O,O
ILTZJSO,O,X,O,O,X
ILTZJOS,O,X,O,O,X
ILTZSJO,O,X,X,O,X
ILTZSOJ,O,X,X,O,X
ILTZOJS,O,O,O,O,X
ILTZOSJ,O,O,X,O,X
ILTOJSZ,X,O,X,X,O
ILTOJZS,O,O,X,X,X
ILTOSJZ,O,O,X,O,O
ILTOSZJ,O,O,X,O,O
ILTOZJS,O,O,X,O,X
ILTOZSJ,O,O,X,O,O
ILJTSZO,O,X,O,O,X
ILJTSOZ,O,O,O,O,X
ILJTZSO,O,X,O,O,X
ILJTZOS,O,X,O,O,X
ILJTOSZ,X,O,X,X,X
ILJTOZS,O,O,X,X,X
ILJSTZO,O,X,O,O,X
ILJSTOZ,O,O,O,O,X
ILJSZTO,O,X,O,O,X
ILJSZOT,O,X,O,O,X
ILJSOTZ,O,O,O,O,X
ILJSOZT,O,O,O,O,X
ILJZTSO,O,X,O,O,X
ILJZTOS,O,X,O,O,X
ILJZSTO,O,X,O,O,X
ILJZSOT,O,X,O,O,X
ILJZOTS,O,X,O,O,X
ILJZOST,O,X,O,O,X
ILJOTSZ,X,O,X,X,X
ILJOTZS,O,O,X,X,X
ILJOSTZ,X,O,X,X,X
ILJOSZT,X,O,X,X,X
ILJOZTS,O,O,X,X,X
ILJOZST,O,O,X,X,X
ILSTJZO,O,X,X,O,O
ILSTJOZ,O,X,X,O,X
ILSTZJO,O,X,X,O,O
ILSTZOJ,O,X,X,O,O
ILSTOJZ,O,O,X,O,O
ILSTOZJ,O,O,X,O,O
ILSJTZO,O,X,X,O,O
ILSJTOZ,O,X,X,O,X
ILSJZTO,O,X,X,O,O
ILSJZOT,O,X,X,O,O
ILSJOTZ,O,X,X,O,X
ILSJOZT,O,X,X,O,X
ILSZTJO,O,X,X,O,O
ILSZTOJ,O,X,X,O,O
ILSZJTO,O,X,X,O,O
ILSZJOT,O,X,X,O,O
ILSZOTJ,O,X,X,O,O
ILSZOJT,O,X,X,O,O
ILSOTJZ,O,O,X,O,O
ILSOTZJ,O,O,X,O,O
ILSOJTZ,O,O,X,O,O
ILSOJZT,O,O,X,O,O
ILSOZTJ,O,O,X,O,O
ILSOZJT,O,O,X,O,O
ILZTJSO,O,X,O,O,X
ILZTJOS,O,X,O,O,X
ILZTSJO,O,X,X,O,X
ILZTSOJ,O,X,X,O,X
ILZTOJS,O,O,O,O,X
ILZTOSJ,O,O,X,O,X
ILZJTSO,O,X,O,O,X
ILZJTOS,O,X,O,O,X
ILZJSTO,O,X,O,O,X
ILZJSOT,O,X,O,O,X
ILZJOTS,O,X,O,O,X
ILZJOST,O,X,O,O,X
ILZSTJO,O,X,X,O,X
ILZSTOJ,O,X,X,O,X
ILZSJTO,O,X,X,O,X
ILZSJOT,O,X,X,O,X
ILZSOTJ,O,X,X,O,X
ILZSOJT,O,X,X,O,X
ILZOTJS,O,O,O,O,X
ILZOTSJ,O,O,X,O,X
ILZOJTS,O,O,O,O,X
ILZOJST,O,O,O,O,X
ILZOSTJ,O,O,X,O,X
ILZOSJT,O,O,X,O,X
ILOTJSZ,X,O,X,X,O
ILOTJZS,O,O,X,X,X
ILOTSJZ,O,O,X,O,O
ILOTSZJ,O,O,X,O,O
ILOTZJS,O,O,X,O,X
ILOTZSJ,O,O,X,O,O
ILOJTSZ,X,O,X,X,O
ILOJTZS,O,O,X,X,X
ILOJSTZ,X,O,X,X,O
ILOJSZT,X,O,X,X,O
ILOJZTS,O,O,X,X,X
ILOJZST,O,O,X,X,X
ILOSTJZ,O,O,X,O,O
ILOSTZJ,O,O,X,O,O
ILOSJTZ,O,O,X,O,O
ILOSJZT,O,O,X,O,O
ILOSZTJ,O,O,X,O,O
ILOSZJT,O,O,X,O,O
ILOZTJS,O,O,X,O,X
ILOZTSJ,O,O,X,O,O
ILOZJTS,O,O,X,O,X
ILOZJST,O,O,X,O,X
ILOZSTJ,O,O,X,O,O
ILOZSJT,O,O,X,O,O
IJTLSZO,O,X,O,O,X
IJTLSOZ,O,O,O,O,X
IJTLZSO,O,X,O,O,X
IJTLZOS,O,X,O,O,X
IJTLOSZ,X,O,X,X,X
IJTLOZS,O,O,X,X,X
IJTSLZO,O,X,O,X,O
IJTSLOZ,O,O,O,X,X
IJTSZLO,O,X,O,X,O
IJTSZOL,O,O,O,X,O
IJTSOLZ,X,O,O,X,O
IJTSOZL,X,O,O,X,O
IJTZLSO,O,X,O,O,X
IJTZLOS,O,X,O,O,X
IJTZSLO,O,X,O,O,X
IJTZSOL,O,O,O,O,X
IJTZOLS,O,O,O,O,X
IJTZOSL,O,O,O,O,X
IJTOLSZ,X,O,X,X,O
IJTOLZS,X,O,X,X,X
IJTOSLZ,X,O,O,X,O
IJTOSZL,X,O,O,X,O
IJTOZLS,X,O,O,X,X
IJTOZSL,X,O,O,X,X
IJLTSZO,O,X,O,O,X
IJLTSOZ,O,O,O,O,X
IJLTZSO,O,X,O,O,X
IJLTZOS,O,X,O,O,X
IJLTOSZ,X,O,X,X,X
IJLTOZS,O,O,X,X,X
IJLSTZO,O,X,O,O,X
IJLSTOZ,O,O,O,O,X
IJLSZTO,O,X,O,O,X
IJLSZOT,O,X,O,O,X
IJLSOTZ,O,O,O,O,X
IJLSOZT,O,O,O,O,X
IJLZTSO,O,X,O,O,X
IJLZTOS,O,X,O,O,X
IJLZSTO,O,X,O,O,X
IJLZSOT,O,X,O,O,X
IJLZOTS,O,X,O,O,X
IJLZOST,O,X,O,O,X
IJLOTSZ,X,O,X,X,X
IJLOTZS,O,O,X,X,X
IJLOSTZ,X,O,X,X,X
IJLOSZT,X,O,X,X,X
IJLOZTS,O,O,X,X,X
IJLOZST,O,O,X,X,X
IJSTLZO,O,X,O,X,O
IJSTLOZ,O,O,O,X,X
IJSTZLO,O,X,O,X,O
IJSTZOL,O,O,O,X,O
IJSTOLZ,X,O,O,X,O
IJSTOZL,X,O,O,X,O
IJSLTZO,O,X,O,X,O
IJSLTOZ,O,O,O,X,X
IJSLZTO,O,X,O,X,O
IJSLZOT,O,X,O,X,O
IJSLOTZ,O,O,O,X,X
IJSLOZT,O,O,O,X,X
IJSZTLO,O,X,O,X,O
IJSZTOL,O,O,O,X,O
IJSZLTO,O,X,O,X,O
IJSZLOT,O,X,O,X,O
IJSZOTL,O,O,O,X,O
IJSZOLT,O,O,O,X,O
IJSOTLZ,X,O,O,X,O
IJSOTZL,X,O,O,X,O
IJSOLTZ,O,O,O,X,O
IJSOLZT,O,O,O,X,O
IJSOZTL,O,O,O,X,O
IJSOZLT,O,O,O,X,O
IJZTLSO,O,X,O,O,X
IJZTLOS,O,X,O,O,X
IJZTSLO,O,X,O,O,X
IJZTSOL,O,O,O,O,X
IJZTOLS,O,O,O,O,X
IJZTOSL,O,O,O,O,X
IJZLTSO,O,X,O,O,X
IJZLTOS,O,X,O,O,X
IJZLSTO,O,X,O,O,X
IJZLSOT,O,X,O,O,X
IJZLOTS,O,X,O,O,X
IJZLOST,O,X,O,O,X
IJZSTLO,O,X,O,O,X
IJZSTOL,O,O,O,O,X
IJZSLTO,O,X,O,O,X
IJZSLOT,O,X,O,O,X
IJZSOTL,O,O,O,O,X
IJZSOLT,O,O,O,O,X
IJZOTLS,O,O,O,O,X
IJZOTSL,O,O,O,O,X
IJZOLTS,O,O,O,O,X
IJZOLST,O,O,O,O,X
IJZOSTL,O,O,O,O,X
IJZOSLT,O,O,O,O,X
IJOTLSZ,X,O,X,X,O
IJOTLZS,X,O,X,X,X
IJOTSLZ,X,O,O,X,O
IJOTSZL,X,O,O,X,O
IJOTZLS,X,O,O,X,X
IJOTZSL,X,O,O,X,X
IJOLTSZ,X,O,X,X,O
IJOLTZS,X,O,X,X,X
IJOLSTZ,X,O,X,X,O
IJOLSZT,X,O,X,X,O
IJOLZTS,X,O,X,X,X
IJOLZST,X,O,X,X,X
IJOSTLZ,X,O,O,X,O
IJOSTZL,X,O,O,X,O
IJOSLTZ,X,O,O,X,O
IJOSLZT,X,O,O,X,O
IJOSZTL,X,O,O,X,O
IJOSZLT,X,O,O,X,O
IJOZTLS,X,O,O,X,X
IJOZTSL,X,O,O,X,X
IJOZLTS,X,O,O,X,X
IJOZLST,X,O,O,X,X
IJOZSTL,X,O,O,X,X
IJOZSLT,X,O,O,X,X
ISTLJZO,O,X,O,O,O
ISTLJOZ,O,X,O,O,X
ISTLZJO,O,X,O,O,O
ISTLZOJ,O,X,O,O,O
ISTLOJZ,O,O,X,O,O
ISTLOZJ,O,O,X,O,O
ISTJLZO,O,X,O,X,O
ISTJLOZ,O,O,O,X,X
ISTJZLO,O,X,O,X,O
ISTJZOL,O,O,O,X,O
ISTJOLZ,X,O,O,X,O
ISTJOZL,X,O,O,X,O
ISTZLJO,O,X,O,O,O
ISTZLOJ,O,X,O,O,O
ISTZJLO,O,X,O,O,O
ISTZJOL,O,X,O,O,O
ISTZOLJ,O,X,O,O,O
ISTZOJL,O,X,O,O,O
ISTOLJZ,O,O,X,X,O
ISTOLZJ,O,O,X,X,O
ISTOJLZ,X,O,X,X,O
ISTOJZL,X,O,X,X,O
ISTOZLJ,O,O,X,X,O
ISTOZJL,O,O,X,X,O
ISLTJZO,O,X,O,O,O
ISLTJOZ,O,X,O,O,X
ISLTZJO,O,X,O,O,O
ISLTZOJ,O,X,O,O,O
ISLTOJZ,O,O,X,O,O
ISLTOZJ,O,O,X,O,O
ISLJTZO,O,X,O,O,O
ISLJTOZ,O,X,O,O,X
ISLJZTO,O,X,O,O,O
ISLJZOT,O,X,O,O,O
ISLJOTZ,O,X,O,O,X
ISLJOZT,O,X,O,O,X
ISLZTJO,O,X,O,O,O
ISLZTOJ,O,X,O,O,O
ISLZJTO,O,X,O,O,O
ISLZJOT,O,X,O,O,O
ISLZOTJ,O,X,O,O,O
ISLZOJT,O,X,O,O,O
ISLOTJZ,O,O,X,O,O
ISLOTZJ,O,O,X,O,O
ISLOJTZ,O,O,X,O,O
ISLOJZT,O,O,X,O,O
ISLOZTJ,O,O,X,O,O
ISLOZJT,O,O,X,O,O
ISJTLZO,O,X,O,X,O
ISJTLOZ,O,O,O,X,X
ISJTZLO,O,X,O,X,O
ISJTZOL,O,O,O,X,O
ISJTOLZ,X,O,O,X,O
ISJTOZL,X,O,O,X,O
ISJLTZO,O,X,O,X,O
ISJLTOZ,O,O,O,X,X
ISJLZTO,O,X,O,X,O
ISJLZOT,O,X,O,X,O
ISJLOTZ,O,O,O,X,X
ISJLOZT,O,O,O,X,X
ISJZTLO,O,X,O,X,O
ISJZTOL,O,O,O,X,O
ISJZLTO,O,X,O,X,O
ISJZLOT,O,X,O,X,O
ISJZOTL,O,O,O,X,O
ISJZOLT,O,O,O,X,O
ISJOTLZ,X,O,O,X,O
ISJOTZL,X,O,O,X,O
ISJOLTZ,O,O,O,X,O
ISJOLZT,O,O,O,X,O
ISJOZTL,O,O,O,X,O
ISJOZLT,O,O,O,X,O
ISZTLJO,O,X,O,O,O
ISZTLOJ,O,X,O,O,O
ISZTJLO,O,X,O,O,O
ISZTJOL,O,X,O,O,O
ISZTOLJ,O,X,O,O,O
ISZTOJL,O,X,O,O,O
ISZLTJO,O,X,O,O,O
ISZLTOJ,O,X,O,O,O
ISZLJTO,O,X,O,O,O
ISZLJOT,O,X,O,O,O
ISZLOTJ,O,X,O,O,O
ISZLOJT,O,X,O,O,O
ISZJTLO,O,X,O,O,O
ISZJTOL,O,X,O,O,O
ISZJLTO,O,X,O,O,O
ISZJLOT,O,X,O,O,O
ISZJOTL,O,X,O,O,O
ISZJOLT,O,X,O,O,O
ISZOTLJ,O,X,O,O,O
ISZOTJL,O,X,O,O,O
ISZOLTJ,O,X,O,O,O
ISZOLJT,O,X,O,O,O
ISZOJTL,O,X,O,O,O
ISZOJLT,O,X,O,O,O
ISOTLJZ,O,O,X,X,O
ISOTLZJ,O,O,X,X,O
ISOTJLZ,X,O,X,X,O
ISOTJZL,X,O,X,X,O
ISOTZLJ,O,O,X,X,O
ISOTZJL,O,O,X,X,O
ISOLTJZ,O,O,X,X,O
ISOLTZJ,O,O,X,X,O
ISOLJTZ,O,O,X,X,O
ISOLJZT,O,O,X,X,O
ISOLZTJ,O,O,X,X,O
ISOLZJT,O,O,X,X,O
ISOJTLZ,X,O,X,X,O
ISOJTZL,X,O,X,X,O
ISOJLTZ,O,O,X,X,O
ISOJLZT,O,O,X,X,O
ISOJZTL,O,O,X,X,O
ISOJZLT,O,O,X,X,O
ISOZTLJ,O,O,X,X,O
ISOZTJL,O,O,X,X,O
ISOZLTJ,O,O,X,X,O
ISOZLJT,O,O,X,X,O
ISOZJTL,O,O,X,X,O
ISOZJLT,O,O,X,X,O
IZTLJSO,O,X,O,O,X
IZTLJOS,O,X,O,O,X
IZTLSJO,O,X,X,O,X
IZTLSOJ,O,X,X,O,X
IZTLOJS,O,O,O,O,X
IZTLOSJ,O,O,X,O,X
IZTJLSO,O,X,O,O,X
IZTJLOS,O,X,O,O,X
IZTJSLO,O,X,O,O,X
IZTJSOL,O,O,O,O,X
IZTJOLS,O,O,O,O,X
IZTJOSL,O,O,O,O,X
IZTSLJO,O,X,O,O,O
IZTSLOJ,O,X,O,O,O
IZTSJLO,O,X,O,O,O
IZTSJOL,O,X,O,O,O
IZTSOLJ,O,X,O,O,O
IZTSOJL,O,X,O,O,O
IZTOLJS,O,O,O,O,X
IZTOLSJ,O,O,X,O,O
IZTOJLS,O,O,O,O,X
IZTOJSL,O,O,O,O,X
IZTOSLJ,O,O,O,O,O
IZTOSJL,O,O,O,O,O
IZLTJSO,O,X,O,O,X
IZLTJOS,O,X,O,O,X
IZLTSJO,O,X,X,O,X
IZLTSOJ,O,X,X,O,X
IZLTOJS,O,O,O,O,X
IZLTOSJ,O,O,X,O,X
IZLJTSO,O,X,O,O,X
IZLJTOS,O,X,O,O,X
IZLJSTO,O,X,O,O,X
IZLJSOT,O,X,O,O,X
IZLJOTS,O,X,O,O,X
IZLJOST,O,X,O,O,X
IZLSTJO,O,X,X,O,X
IZLSTOJ,O,X,X,O,X
IZLSJTO,O,X,X,O,X
IZLSJOT,O,X,X,O,X
IZLSOTJ,O,X,X,O,X
IZLSOJT,O,X,X,O,X
IZLOTJS,O,O,O,O,X
IZLOTSJ,O,O,X,O,X
IZLOJTS,O,O,O,O,X
IZLOJST,O,O,O,O,X
IZLOSTJ,O,O,X,O,X
IZLOSJT,O,O,X,O,X
IZJTLSO,O,X,O,O,X
IZJTLOS,O,X,O,O,X
IZJTSLO,O,X,O,O,X
IZJTSOL,O,O,O,O,X
IZJTOLS,O,O,O,O,X
IZJTOSL,O,O,O,O,X
IZJLTSO,O,X,O,O,X
IZJLTOS,O,X,O,O,X
IZJLSTO,O,X,O,O,X
IZJLSOT,O,X,O,O,X
IZJLOTS,O,X,O,O,X
IZJLOST,O,X,O,O,X
IZJSTLO,O,X,O,O,X
IZJSTOL,O,O,O,O,X
IZJSLTO,O,X,O,O,X
IZJSLOT,O,X,O,O,X
IZJSOTL,O,O,O,O,X
IZJSOLT,O,O,O,O,X
IZJOTLS,O,O,O,O,X
IZJOTSL,O,O,O,O,X
IZJOLTS,O,O,O,O,X
IZJOLST,O,O,O,O,X
IZJOSTL,O,O,O,O,X
IZJOSLT,O,O,O,O,X
IZSTLJO,O,X,O,O,O
IZSTLOJ,O,X,O,O,O
IZSTJLO,O,X,O,O,O
IZSTJOL,O,X,O,O,O
IZSTOLJ,O,X,O,O,O
IZSTOJL,O,X,O,O,O
IZSLTJO,O,X,O,O,O
IZSLTOJ,O,X,O,O,O
IZSLJTO,O,X,O,O,O
IZSLJOT,O,X,O,O,O
IZSLOTJ,O,X,O,O,O
IZSLOJT,O,X,O,O,O
IZSJTLO,O,X,O,O,O
IZSJTOL,O,X,O,O,O
IZSJLTO,O,X,O,O,O
IZSJLOT,O,X,O,O,O
IZSJOTL,O,X,O,O,O
IZSJOLT,O,X,O,O,O
IZSOTLJ,O,X,O,O,O
IZSOTJL,O,X,O,O,O
IZSOLTJ,O,X,O,O,O
IZSOLJT,O,X,O,O,O
IZSOJTL,O,X,O,O,O
IZSOJLT,O,X,O,O,O
IZOTLJS,O,O,O,O,X
IZOTLSJ,O,O,X,O,O
IZOTJLS,O,O,O,O,X
IZOTJSL,O,O,O,O,X
IZOTSLJ,O,O,O,O,O
IZOTSJL,O,O,O,O,O
IZOLTJS,O,O,O,O,X
IZOLTSJ,O,O,X,O,O
IZOLJTS,O,O,O,O,X
IZOLJST,O,O,O,O,X
IZOLSTJ,O,O,X,O,O
IZOLSJT,O,O,X,O,O
IZOJTLS,O,O,O,O,X
IZOJTSL,O,O,O,O,X
IZOJLTS,O,O,O,O,X
IZOJLST,O,O,O,O,X
IZOJSTL,O,O,O,O,X
IZOJSLT,O,O,O,O,X
IZOSTLJ,O,O,O,O,O
IZOSTJL,O,O,O,O,O
IZOSLTJ,O,O,O,O,O
IZOSLJT,O,O,O,O,O
IZOSJTL,O,O,O,O,O
IZOSJLT,O,O,O,O,O
IOTLJSZ,X,O,X,X,O
IOTLJZS,O,O,X,X,X
IOTLSJZ,O,O,X,O,O
IOTLSZJ,O,O,X,O,O
IOTLZJS,O,O,X,O,X
IOTLZSJ,O,O,X,O,O
IOTJLSZ,X,O,X,X,O
IOTJLZS,X,O,X,X,X
IOTJSLZ,X,O,O,X,O
IOTJSZL,X,O,O,X,O
IOTJZLS,X,O,O,X,X
IOTJZSL,X,O,O,X,X
IOTSLJZ,O,O,X,X,O
IOTSLZJ,O,O,X,X,O
IOTSJLZ,X,O,X,X,O
IOTSJZL,X,O,X,X,O
IOTSZLJ,O,O,X,X,O
IOTSZJL,O,O,X,X,O
IOTZLJS,O,O,O,O,X
IOTZLSJ,O,O,X,O,O
IOTZJLS,O,O,O,O,X
IOTZJSL,O,O,O,O,X
IOTZSLJ,O,O,X,O,O
IOTZSJL,O,O,O,O,O
IOLTJSZ,X,O,X,X,O
IOLTJZS,O,O,X,X,X
IOLTSJZ,O,O,X,O,O
IOLTSZJ,O,O,X,O,O
IOLTZJS,O,O,X,O,X
IOLTZSJ,O,O,X,O,O
IOLJTSZ,X,O,X,X,O
IOLJTZS,O,O,X,X,X
IOLJSTZ,X,O,X,X,O
IOLJSZT,X,O,X,X,O
IOLJZTS,O,O,X,X,X
IOLJZST,O,O,X,X,X
IOLSTJZ,O,O,X,O,O
IOLSTZJ,O,O,X,O,O
IOLSJTZ,O,O,X,O,O
IOLSJZT,O,O,X,O,O
IOLSZTJ,O,O,X,O,O
IOLSZJT,O,O,X,O,O
IOLZTJS,O,O,X,O,X
IOLZTSJ,O,O,X,O,O
IOLZJTS,O,O,X,O,X
IOLZJST,O,O,X,O,X
IOLZSTJ,O,O,X,O,O
IOLZSJT,O,O,X,O,O
IOJTLSZ,X,O,X,X,O
IOJTLZS,X,O,X,X,X
IOJTSLZ,X,O,O,X,O
IOJTSZL,X,O,O,X,O
IOJTZLS,X,O,O,X,X
IOJTZSL,X,O,O,X,X
IOJLTSZ,X,O,X,X,O
IOJLTZS,X,O,X,X,X
IOJLSTZ,X,O,X,X,O
IOJLSZT,X,O,X,X,O
IOJLZTS,X,O,X,X,X
IOJLZST,X,O,X,X,X
IOJSTLZ,X,O,O,X,O
IOJSTZL,X,O,O,X,O
IOJSLTZ,X,O,O,X,O
IOJSLZT,X,O,O,X,O
IOJSZTL,X,O,O,X,O
IOJSZLT,X,O,O,X,O
IOJZTLS,X,O,O,X,X
IOJZTSL,X,O,O,X,X
IOJZLTS,X,O,O,X,X
IOJZLST,X,O,O,X,X
IOJZSTL,X,O,O,X,X
IOJZSLT,X,O,O,X,X
IOSTLJZ,O,O,X,X,O
IOSTLZJ,O,O,X,X,O
IOSTJLZ,X,O,X,X,O
IOSTJZL,X,O,X,X,O
IOSTZLJ,O,O,X,X,O
IOSTZJL,O,O,X,X,O
IOSLTJZ,O,O,X,X,O
IOSLTZJ,O,O,X,X,O
IOSLJTZ,O,O,X,X,O
IOSLJZT,O,O,X,X,O
IOSLZTJ,O,O,X,X,O
IOSLZJT,O,O,X,X,O
IOSJTLZ,X,O,X,X,O
IOSJTZL,X,O,X,X,O
IOSJLTZ,O,O,X,X,O
IOSJLZT,O,O,X,X,O
IOSJZTL,O,O,X,X,O
IOSJZLT,O,O,X,X,O
IOSZTLJ,O,O,X,X,O
IOSZTJL,O,O,X,X,O
IOSZLTJ,O,O,X,X,O
IOSZLJT,O,O,X,X,O
IOSZJTL,O,O,X,X,O
IOSZJLT,O,O,X,X,O
IOZTLJS,O,O,O,O,X
IOZTLSJ,O,O,X,O,O
IOZTJLS,O,O,O,O,X
IOZTJSL,O,O,O,O,X
IOZTSLJ,O,O,X,O,O
IOZTSJL,O,O,O,O,O
IOZLTJS,O,O,O,O,X
IOZLTSJ,O,O,X,O,O
IOZLJTS,O,O,O,O,X
IOZLJST,O,O,O,O,X
IOZLSTJ,O,O,X,O,O
IOZLSJT,O,O,X,O,O
IOZJTLS,O,O,O,O,X
IOZJTSL,O,O,O,O,X
IOZJLTS,O,O,O,O,X
IOZJLST,O,O,O,O,X
IOZJSTL,O,O,O,O,X
IOZJSLT,O,O,O,O,X
IOZSTLJ,O,O,X,O,O
IOZSTJL,O,O,O,O,O
IOZSLTJ,O,O,X,O,O
IOZSLJT,O,O,X,O,O
IOZSJTL,O,O,O,O,O
IOZSJLT,O,O,O,O,O
LTIJSZO,O,X,O,O,X
LTIJSOZ,O,O,O,O,X
LTIJZSO,O,X,O,O,X
LTIJZOS,O,X,O,O,X
LTIJOSZ,X,O,X,X,X
LTIJOZS,O,O,X,X,X
LTISJZO,O,X,X,O,O
LTISJOZ,O,X,X,O,X
LTISZJO,O,X,X,O,O
LTISZOJ,O,X,X,O,O
LTISOJZ,O,O,X,O,O
LTISOZJ,O,O,X,O,O
LTIZJSO,O,X,O,O,X
LTIZJOS,O,X,O,O,X
LTIZSJO,O,X,X,O,X
LTIZSOJ,O,X,X,O,X
LTIZOJS,O,O,O,O,X
LTIZOSJ,O,O,X,O,X
LTIOJSZ,X,O,X,X,O
LTIOJZS,O,O,X,X,X
LTIOSJZ,O,O,X,O,O
LTIOSZJ,O,O,X,O,O
LTIOZJS,O,O,X,O,X
LTIOZSJ,O,O,X,O,O
LTJISZO,O,X,O,O,X
LTJISOZ,O,O,O,O,X
LTJIZSO,O,X,O,O,X
LTJIZOS,O,X,O,O,X
LTJIOSZ,X,O,X,X,X
LTJIOZS,O,O,X,X,X
LTJSIZO,O,X,O,O,X
LTJSIOZ,O,O,O,O,X
LTJSZIO,O,X,O,O,X
LTJSZOI,O,X,O,O,X
LTJSOIZ,O,O,O,O,X
LTJSOZI,O,O,O,O,X
LTJZISO,O,X,O,O,X
LTJZIOS,O,X,O,O,X
LTJZSIO,O,X,O,O,X
LTJZSOI,O,X,O,O,X
LTJZOIS,O,X,O,O,X
LTJZOSI,O,X,O,O,X
LTJOISZ,X,O,X,X,X
LTJOIZS,O,O,X,X,X
LTJOSIZ,X,O,X,X,X
LTJOSZI,X,O,X,X,X
LTJOZIS,O,O,X,X,X
LTJOZSI,O,O,X,X,X
LTSIJZO,O,X,O,O,O
LTSIJOZ,O,X,O,O,X
LTSIZJO,O,X,O,O,O
LTSIZOJ,O,X,O,O,O
LTSIOJZ,O,O,X,O,O
LTSIOZJ,O,O,X,O,O
LTSJIZO,O,X,O,O,O
LTSJIOZ,O,X,O,O,X
LTSJZIO,O,X,O,O,O
LTSJZOI,O,X,O,O,O
LTSJOIZ,O,X,O,O,X
LTSJOZI,O,X,O,O,X
LTSZIJO,O,X,O,O,O
LTSZIOJ,O,X,O,O,O
LTSZJIO,O,X,O,O,O
LTSZJOI,O,X,O,O,O
LTSZOIJ,O,X,O,O,O
LTSZOJI,O,X,O,O,O
LTSOIJZ,O,O,X,O,O
LTSOIZJ,O,O,X,O,O
LTSOJIZ,O,O,O,O,O
LTSOJZI,O,O,O,O,O
LTSOZIJ,O,O,O,O,O
LTSOZJI,O,O,O,O,O
LTZIJSO,O,X,O,O,X
LTZIJOS,O,X,O,O,X
LTZISJO,O,X,X,O,X
LTZISOJ,O,X,X,O,X
LTZIOJS,O,O,O,O,X
LTZIOSJ,O,O,X,O,X
LTZJISO,O,X,O,O,X
LTZJIOS,O,X,O,O,X
LTZJSIO,O,X,O,O,X
LTZJSOI,O,X,O,O,X
LTZJOIS,O,X,O,O,X
LTZJOSI,O,X,O,O,X
LTZSIJO,O,X,O,O,X
LTZSIOJ,O,X,O,O,X
LTZSJIO,O,X,O,O,X
LTZSJOI,O,X,O,O,X
LTZSOIJ,O,X,O,O,X
LTZSOJI,O,X,O,O,X
LTZOIJS,O,O,O,O,X
LTZOISJ,O,O,X,O,X
LTZOJIS,O,O,O,O,X
LTZOJSI,O,O,O,O,X
LTZOSIJ,O,O,O,O,X
LTZOSJI,O,O,O,O,X
LTOIJSZ,X,O,X,X,O
LTOIJZS,O,O,X,X,X
LTOISJZ,O,O,X,O,O
LTOISZJ,O,O,X,O,O
LTOIZJS,O,O,X,O,X
LTOIZSJ,O,O,X,O,O
LTOJISZ,X,O,X,X,O
LTOJIZS,O,O,X,X,X
LTOJSIZ,X,O,X,X,O
LTOJSZI,X,O,X,X,O
LTOJZIS,O,O,X,X,X
LTOJZSI,O,O,X,X,X
LTOSIJZ,O,O,X,O,O
LTOSIZJ,O,O,X,O,O
LTOSJIZ,O,O,X,O,O
LTOSJZI,O,O,X,O,O
LTOSZIJ,O,O,X,O,O
LTOSZJI,O,O,X,O,O
LTOZIJS,O,O,X,O,X
LTOZISJ,O,O,X,O,O
LTOZJIS,O,O,X,O,X
LTOZJSI,O,O,X,O,X
LTOZSIJ,O,O,X,O,O
LTOZSJI,O,O,X,O,O
LITJSZO,O,X,O,O,X
LITJSOZ,O,O,O,O,X
LITJZSO,O,X,O,O,X
LITJZOS,O,X,O,O,X
LITJOSZ,X,O,X,X,X
LITJOZS,O,O,X,X,X
LITSJZO,O,X,X,O,O
LITSJOZ,O,X,X,O,X
LITSZJO,O,X,X,O,O
LITSZOJ,O,X,X,O,O
LITSOJZ,O,O,X,O,O
LITSOZJ,O,O,X,O,O
LITZJSO,O,X,O,O,X
LITZJOS,O,X,O,O,X
LITZSJO,O,X,X,O,X
LITZSOJ,O,X,X,O,X
LITZOJS,O,O,O,O,X
LITZOSJ,O,O,X,O,X
LITOJSZ,X,O,X,X,O
LITOJZS,O,O,X,X,X
LITOSJZ,O,O,X,O,O
LITOSZJ,O,O,X,O,O
LITOZJS,O,O,X,O,X
LITOZSJ,O,O,X,O,O
LIJTSZO,O,X,O,O,X
LIJTSOZ,O,O,O,O,X
LIJTZSO,O,X,O,O,X
LIJTZOS,O,X,O,O,X
LIJTOSZ,X,O,X,X,X
LIJTOZS,O,O,X,X,X
LIJSTZO,O,X,O,O,X
LIJSTOZ,O,O,O,O,X
LIJSZTO,O,X,O,O,X
LIJSZOT,O,X,O,O,X
LIJSOTZ,O,O,O,O,X
LIJSOZT,O,O,O,O,X
LIJZTSO,O,X,O,O,X
LIJZTOS,O,X,O,O,X
LIJZSTO,O,X,O,O,X
LIJZSOT,O,X,O,O,X
LIJZOTS,O,X,O,O,X
LIJZOST,O,X,O,O,X
LIJOTSZ,X,O,X,X,X
LIJOTZS,O,O,X,X,X
LIJOSTZ,X,O,X,X,X
LIJOSZT,X,O,X,X,X
LIJOZTS,O,O,X,X,X
LIJOZST,O,O,X,X,X
LISTJZO,O,X,X,O,O
LISTJOZ,O,X,X,O,X
LISTZJO,O,X,X,O,O
LISTZOJ,O,X,X,O,O
LISTOJZ,O,O,X,O,O
LISTOZJ,O,O,X,O,O
LISJTZO,O,X,X,O,O
LISJTOZ,O,X,X,O,X
LISJZTO,O,X,X,O,O
LISJZOT,O,X,X,O,O
LISJOTZ,O,X,X,O,X
LISJOZT,O,X,X,O,X
LISZTJO,O,X,X,O,O
LISZTOJ,O,X,X,O,O
LISZJTO,O,X,X,O,O
LISZJOT,O,X,X,O,O
LISZOTJ,O,X,X,O,O
LISZOJT,O,X,X,O,O
LISOTJZ,O,O,X,O,O
LISOTZJ,O,O,X,O,O
LISOJTZ,O,O,X,O,O
LISOJZT,O,O,X,O,O
LISOZTJ,O,O,X,O,O
LISOZJT,O,O,X,O,O
LIZTJSO,O,X,O,O,X
LIZTJOS,O,X,O,O,X
LIZTSJO,O,X,X,O,X
LIZTSOJ,O,X,X,O,X
LIZTOJS,O,O,O,O,X
LIZTOSJ,O,O,X,O,X
LIZJTSO,O,X,O,O,X
LIZJTOS,O,X,O,O,X
LIZJSTO,O,X,O,O,X
LIZJSOT,O,X,O,O,X
LIZJOTS,O,X,O,O,X
LIZJOST,O,X,O,O,X
LIZSTJO,O,X,X,O,X
LIZSTOJ,O,X,X,O,X
LIZSJTO,O,X,X,O,X
LIZSJOT,O,X,X,O,X
LIZSOTJ,O,X,X,O,X
LIZSOJT,O,X,X,O,X
LIZOTJS,O,O,O,O,X
LIZOTSJ,O,O,X,O,X
LIZOJTS,O,O,O,O,X
LIZOJST,O,O,O,O,X
LIZOSTJ,O,O,X,O,X
LIZOSJT,O,O,X,O,X
LIOTJSZ,X,O,X,X,O
LIOTJZS,O,O,X,X,X
LIOTSJZ,O,O,X,O,O
LIOTSZJ,O,O,X,O,O
LIOTZJS,O,O,X,O,X
LIOTZSJ,O,O,X,O,O
LIOJTSZ,X,O,X,X,O
LIOJTZS,O,O,X,X,X
LIOJSTZ,X,O,X,X,O
LIOJSZT,X,O,X,X,O
LIOJZTS,O,O,X,X,X
LIOJZST,O,O,X,X,X
LIOSTJZ,O,O,X,O,O
LIOSTZJ,O,O,X,O,O
LIOSJTZ,O,O,X,O,O
LIOSJZT,O,O,X,O,O
LIOSZTJ,O,O,X,O,O
LIOSZJT,O,O,X,O,O
LIOZTJS,O,O,X,O,X
LIOZTSJ,O,O,X,O,O
LIOZJTS,O,O,X,O,X
LIOZJST,O,O,X,O,X
LIOZSTJ,O,O,X,O,O
LIOZSJT,O,O,X,O,O
LJTISZO,O,X,O,O,X
LJTISOZ,O,O,O,O,X
LJTIZSO,O,X,O,O,X
LJTIZOS,O,X,O,O,X
LJTIOSZ,X,O,X,X,X
LJTIOZS,O,O,X,X,X
LJTSIZO,O,X,O,O,X
LJTSIOZ,O,O,O,O,X
LJTSZIO,O,X,O,O,X
LJTSZOI,O,X,O,O,X
LJTSOIZ,O,O,O,O,X
LJTSOZI,O,O,O,O,X
LJTZISO,O,X,O,O,X
LJTZIOS,O,X,O,O,X
LJTZSIO,O,X,O,O,X
LJTZSOI,O,X,O,O,X
LJTZOIS,O,X,O,O,X
LJTZOSI,O,X,O,O,X
LJTOISZ,X,O,X,X,X
LJTOIZS,O,O,X,X,X
LJTOSIZ,X,O,X,X,X
LJTOSZI,X,O,X,X,X
LJTOZIS,O,O,X,X,X
LJTOZSI,O,O,X,X,X
LJITSZO,O,X,O,O,X
LJITSOZ,O,O,O,O,X
LJITZSO,O,X,O,O,X
LJITZOS,O,X,O,O,X
LJITOSZ,X,O,X,X,X
LJITOZS,O,O,X,X,X
LJISTZO,O,X,O,O,X
LJISTOZ,O,O,O,O,X
LJISZTO,O,X,O,O,X
LJISZOT,O,X,O,O,X
LJISOTZ,O,O,O,O,X
LJISOZT,O,O,O,O,X
LJIZTSO,O,X,O,O,X
LJIZTOS,O,X,O,O,X
LJIZSTO,O,X,O,O,X
LJIZSOT,O,X,O,O,X
LJIZOTS,O,X,O,O,X
LJIZOST,O,X,O,O,X
LJIOTSZ,X,O,X,X,X
LJIOTZS,O,O,X,X,X
LJIOSTZ,X,O,X,X,X
LJIOSZT,X,O,X,X,X
LJIOZTS,O,O,X,X,X
LJIOZST,O,O,X,X,X
LJSTIZO,O,X,O,O,X
LJSTIOZ,O,O,O,O,X
LJSTZIO,O,X,O,O,X
LJSTZOI,O,X,O,O,X
LJSTOIZ,O,O,O,O,X
LJSTOZI,O,O,O,O,X
LJSITZO,O,X,O,O,X
LJSITOZ,O,O,O,O,X
LJSIZTO,O,X,O,O,X
LJSIZOT,O,X,O,O,X
LJSIOTZ,O,O,O,O,X
LJSIOZT,O,O,O,O,X
LJSZTIO,O,X,O,O,X
LJSZTOI,O,X,O,O,X
LJSZITO,O,X,O,O,X
LJSZIOT,O,X,O,O,X
LJSZOTI,O,X,O,O,X
LJSZOIT,O,X,O,O,X
LJSOTIZ,O,O,O,O,X
LJSOTZI,O,O,O,O,X
LJSOITZ,O,O,O,O,X
LJSOIZT,O,O,O,O,X
LJSOZTI,O,O,O,O,X
LJSOZIT,O,O,O,O,X
LJZTISO,O,X,O,O,X
LJZTIOS,O,X,O,O,X
LJZTSIO,O,X,O,O,X
LJZTSOI,O,X,O,O,X
LJZTOIS,O,X,O,O,X
LJZTOSI,O,X,O,O,X
LJZITSO,O,X,O,O,X
LJZITOS,O,X,O,O,X
LJZISTO,O,X,O,O,X
LJZISOT,O,X,O,O,X
LJZIOTS,O,X,O,O,X
LJZIOST,O,X,O,O,X
LJZSTIO,O,X,O,O,X
LJZSTOI,O,X,O,O,X
LJZSITO,O,X,O,O,X
LJZSIOT,O,X,O,O,X
LJZSOTI,O,X,O,O,X
LJZSOIT,O,X,O,O,X
LJZOTIS,O,X,O,O,X
LJZOTSI,O,X,O,O,X
LJZOITS,O,X,O,O,X
LJZOIST,O,X,O,O,X
LJZOSTI,O,X,O,O,X
LJZOSIT,O,X,O,O,X
LJOTISZ,X,O,X,X,X
LJOTIZS,O,O,X,X,X
LJOTSIZ,X,O,X,X,X
LJOTSZI,X,O,X,X,X
LJOTZIS,O,O,X,X,X
LJOTZSI,O,O,X,X,X
LJOITSZ,X,O,X,X,X
LJOITZS,O,O,X,X,X
LJOISTZ,X,O,X,X,X
LJOISZT,X,O,X,X,X
LJOIZTS,O,O,X,X,X
LJOIZST,O,O,X,X,X
LJOSTIZ,X,O,X,X,X
LJOSTZI,X,O,X,X,X
LJOSITZ,X,O,X,X,X
LJOSIZT,X,O,X,X,X
LJOSZTI,X,O,X,X,X
LJOSZIT,X,O,X,X,X
LJOZTIS,O,O,X,X,X
LJOZTSI,O,O,X,X,X
LJOZITS,O,O,X,X,X
LJOZIST,O,O,X,X,X
LJOZSTI,O,O,X,X,X
LJOZSIT,O,O,X,X,X
LSTIJZO,O,X,O,O,O
LSTIJOZ,O,X,O,O,X
LSTIZJO,O,X,O,O,O
LSTIZOJ,O,X,O,O,O
LSTIOJZ,O,O,X,O,O
LSTIOZJ,O,O,X,O,O
LSTJIZO,O,X,O,O,O
LSTJIOZ,O,X,O,O,X
LSTJZIO,O,X,O,O,O
LSTJZOI,O,X,O,O,O
LSTJOIZ,O,X,O,O,X
LSTJOZI,O,X,O,O,X
LSTZIJO,O,X,O,O,O
LSTZIOJ,O,X,O,O,O
LSTZJIO,O,X,O,O,O
LSTZJOI,O,X,O,O,O
LSTZOIJ,O,X,O,O,O
LSTZOJI,O,X,O,O,O
LSTOIJZ,O,O,X,O,O
LSTOIZJ,O,O,X,O,O
LSTOJIZ,O,O,O,O,O
LSTOJZI,O,O,O,O,O
LSTOZIJ,O,O,O,O,O
LSTOZJI,O,O,O,O,O
LSITJZO,O,X,O,O,O
LSITJOZ,O,X,O,O,X
LSITZJO,O,X,O,O,O
LSITZOJ,O,X,O,O,O
LSITOJZ,O,O,X,O,O
LSITOZJ,O,O,X,O,O
LSIJTZO,O,X,O,O,O
LSIJTOZ,O,X,O,O,X
LSIJZTO,O,X,O,O,O
LSIJZOT,O,X,O,O,O
LSIJOTZ,O,X,O,O,X
LSIJOZT,O,X,O,O,X
LSIZTJO,O,X,O,O,O
LSIZTOJ,O,X,O,O,O
LSIZJTO,O,X,O,O,O
LSIZJOT,O,X,O,O,O
LSIZOTJ,O,X,O,O,O
LSIZOJT,O,X,O,O,O
LSIOTJZ,O,O,X,O,O
LSIOTZJ,O,O,X,O,O
LSIOJTZ,O,O,X,O,O
LSIOJZT,O,O,X,O,O
LSIOZTJ,O,O,X,O,O
LSIOZJT,O,O,X,O,O
LSJTIZO,O,X,O,O,O
LSJTIOZ,O,X,O,O,X
LSJTZIO,O,X,O,O,O
LSJTZOI,O,X,O,O,O
LSJTOIZ,O,X,O,O,X
LSJTOZI,O,X,O,O,X
LSJITZO,O,X,O,O,O
LSJITOZ,O,X,O,O,X
LSJIZTO,O,X,O,O,O
LSJIZOT,O,X,O,O,O
LSJIOTZ,O,X,O,O,X
LSJIOZT,O,X,O,O,X
LSJZTIO,O,X,O,O,O
LSJZTOI,O,X,O,O,O
LSJZITO,O,X,O,O,O
LSJZIOT,O,X,O,O,O
LSJZOTI,O,X,O,O,O
LSJZOIT,O,X,O,O,O
LSJOTIZ,O,X,O,O,X
LSJOTZI,O,X,O,O,X
LSJOITZ,O,X,O,O,X
LSJOIZT,O,X,O,O,X
LSJOZTI,O,X,O,O,X
LSJOZIT,O,X,O,O,X
LSZTIJO,O,X,O,O,O
LSZTIOJ,O,X,O,O,O
LSZTJIO,O,X,O,O,O
LSZTJOI,O,X,O,O,O
LSZTOIJ,O,X,O,O,O
LSZTOJI,O,X,O,O,O
LSZITJO,O,X,O,O,O
LSZITOJ,O,X,O,O,O
LSZIJTO,O,X,O,O,O
LSZIJOT,O,X,O,O,O
LSZIOTJ,O,X,O,O,O
LSZIOJT,O,X,O,O,O
LSZJTIO,O,X,O,O,O
LSZJTOI,O,X,O,O,O
LSZJITO,O,X,O,O,O
LSZJIOT,O,X,O,O,O
LSZJOTI,O,X,O,O,O
LSZJOIT,O,X,O,O,O
LSZOTIJ,O,X,O,O,O
LSZOTJI,O,X,O,O,O
LSZOITJ,O,X,O,O,O
LSZOIJT,O,X,O,O,O
LSZOJTI,O,X,O,O,O
LSZOJIT,O,X,O,O,O
LSOTIJZ,O,O,X,O,O
LSOTIZJ,O,O,X,O,O
LSOTJIZ,O,O,O,O,O
LSOTJZI,O,O,O,O,O
LSOTZIJ,O,O,O,O,O
LSOTZJI,O,O,O,O,O
LSOITJZ,O,O,X,O,O
LSOITZJ,O,O,X,O,O
LSOIJTZ,O,O,X,O,O
LSOIJZT,O,O,X,O,O
LSOIZTJ,O,O,X,O,O
LSOIZJT,O,O,X,O,O
LSOJTIZ,O,O,O,O,O
LSOJTZI,O,O,O,O,O
LSOJITZ,O,O,O,O,O
LSOJIZT,O,O,O,O,O
LSOJZTI,O,O,O,O,O
LSOJZIT,O,O,O,O,O
LSOZTIJ,O,O,O,O,O
LSOZTJI,O,O,O,O,O
LSOZITJ,O,O,O,O,O
LSOZIJT,O,O,O,O,O
LSOZJTI,O,O,O,O,O
LSOZJIT,O,O,O,O,O
LZTIJSO,O,X,O,O,X
LZTIJOS,O,X,O,O,X
LZTISJO,O,X,X,O,X
LZTISOJ,O,X,X,O,X
LZTIOJS,O,O,O,O,X
LZTIOSJ,O,O,X,O,X
LZTJISO,O,X,O,O,X
LZTJIOS,O,X,O,O,X
LZTJSIO,O,X,O,O,X
LZTJSOI,O,X,O,O,X
LZTJOIS,O,X,O,O,X
LZTJOSI,O,X,O,O,X
LZTSIJO,O,X,O,O,X
LZTSIOJ,O,X,O,O,X
LZTSJIO,O,X,O,O,X
LZTSJOI,O,X,O,O,X
LZTSOIJ,O,X,O,O,X
LZTSOJI,O,X,O,O,X
LZTOIJS,O,O,O,O,X
LZTOISJ,O,O,X,O,X
LZTOJIS,O,O,O,O,X
LZTOJSI,O,O,O,O,X
LZTOSIJ,O,O,O,O,X
LZTOSJI,O,O,O,O,X
LZITJSO,O,X,O,O,X
LZITJOS,O,X,O,O,X
LZITSJO,O,X,X,O,X
LZITSOJ,O,X,X,O,X
LZITOJS,O,O,O,O,X
LZITOSJ,O,O,X,O,X
LZIJTSO,O,X,O,O,X
LZIJTOS,O,X,O,O,X
LZIJSTO,O,X,O,O,X
LZIJSOT,O,X,O,O,X
LZIJOTS,O,X,O,O,X
LZIJOST,O,X,O,O,X
LZISTJO,O,X,X,O,X
LZISTOJ,O,X,X,O,X
LZISJTO,O,X,X,O,X
LZISJOT,O,X,X,O,X
LZISOTJ,O,X,X,O,X
LZISOJT,O,X,X,O,X
LZIOTJS,O,O,O,O,X
LZIOTSJ,O,O,X,O,X
LZIOJTS,O,O,O,O,X
LZIOJST,O,O,O,O,X
LZIOSTJ,O,O,X,O,X
LZIOSJT,O,O,X,O,X
LZJTISO,O,X,O,O,X
LZJTIOS,O,X,O,O,X
LZJTSIO,O,X,O,O,X
LZJTSOI,O,X,O,O,X
LZJTOIS,O,X,O,O,X
LZJTOSI,O,X,O,O,X
LZJITSO,O,X,O,O,X
LZJITOS,O,X,O,O,X
LZJISTO,O,X,O,O,X
LZJISOT,O,X,O,O,X
LZJIOTS,O,X,O,O,X
LZJIOST,O,X,O,O,X
LZJSTIO,O,X,O,O,X
LZJSTOI,O,X,O,O,X
LZJSITO,O,X,O,O,X
LZJSIOT,O,X,O,O,X
LZJSOTI,O,X,O,O,X
LZJSOIT,O,X,O,O,X
LZJOTIS,O,X,O,O,X
LZJOTSI,O,X,O,O,X
LZJOITS,O,X,O,O,X
LZJOIST,O,X,O,O,X
LZJOSTI,O,X,O,O,X
LZJOSIT,O,X,O,O,X
LZSTIJO,O,X,O,O,X
LZSTIOJ,O,X,O,O,X
LZSTJIO,O,X,O,O,X
LZSTJOI,O,X,O,O,X
LZSTOIJ,O,X,O,O,X
LZSTOJI,O,X,O,O,X
LZSITJO,O,X,O,O,X
LZSITOJ,O,X,O,O,X
LZSIJTO,O,X,O,O,X
LZSIJOT,O,X,O,O,X
LZSIOTJ,O,X,O,O,X
LZSIOJT,O,X,O,O,X
LZSJTIO,O,X,O,O,X
LZSJTOI,O,X,O,O,X
LZSJITO,O,X,O,O,X
LZSJIOT,O,X,O,O,X
LZSJOTI,O,X,O,O,X
LZSJOIT,O,X,O,O,X
LZSOTIJ,O,X,O,O,X
LZSOTJI,O,X,O,O,X
LZSOITJ,O,X,O,O,X
LZSOIJT,O,X,O,O,X
LZSOJTI,O,X,O,O,X
LZSOJIT,O,X,O,O,X
LZOTIJS,O,O,O,O,X
LZOTISJ,O,O,X,O,X
LZOTJIS,O,O,O,O,X
LZOTJSI,O,O,O,O,X
LZOTSIJ,O,O,O,O,X
LZOTSJI,O,O,O,O,X
LZOITJS,O,O,O,O,X
LZOITSJ,O,O,X,O,X
LZOIJTS,O,O,O,O,X
LZOIJST,O,O,O,O,X
LZOISTJ,O,O,X,O,X
LZOISJT,O,O,X,O,X
LZOJTIS,O,O,O,O,X
LZOJTSI,O,O,O,O,X
LZOJITS,O,O,O,O,X
LZOJIST,O,O,O,O,X
LZOJSTI,O,O,O,O,X
LZOJSIT,O,O,O,O,X
LZOSTIJ,O,O,O,O,X
LZOSTJI,O,O,O,O,X
LZOSITJ,O,O,O,O,X
LZOSIJT,O,O,O,O,X
LZOSJTI,O,O,O,O,X
LZOSJIT,O,O,O,O,X
LOTIJSZ,X,O,X,X,O
LOTIJZS,O,O,X,X,X
LOTISJZ,O,O,X,O,O
LOTISZJ,O,O,X,O,O
LOTIZJS,O,O,X,O,X
LOTIZSJ,O,O,X,O,O
LOTJISZ,X,O,X,X,O
LOTJIZS,O,O,X,X,X
LOTJSIZ,X,O,X,X,O
LOTJSZI,X,O,X,X,O
LOTJZIS,O,O,X,X,X
LOTJZSI,O,O,X,X,X
LOTSIJZ,O,O,X,O,O
LOTSIZJ,O,O,X,O,O
LOTSJIZ,O,O,X,O,O
LOTSJZI,O,O,X,O,O
LOTSZIJ,O,O,X,O,O
LOTSZJI,O,O,X,O,O
LOTZIJS,O,O,X,O,X
LOTZISJ,O,O,X,O,O
LOTZJIS,O,O,X,O,X
LOTZJSI,O,O,X,O,X
LOTZSIJ,O,O,X,O,O
LOTZSJI,O,O,X,O,O
LOITJSZ,X,O,X,X,O
LOITJZS,O,O,X,X,X
LOITSJZ,O,O,X,O,O
LOITSZJ,O,O,X,O,O
LOITZJS,O,O,X,O,X
LOITZSJ,O,O,X,O,O
LOIJTSZ,X,O,X,X,O
LOIJTZS,O,O,X,X,X
LOIJSTZ,X,O,X,X,O
LOIJSZT,X,O,X,X,O
LOIJZTS,O,O,X,X,X
LOIJZST,O,O,X,X,X
LOISTJZ,O,O,X,O,O
LOISTZJ,O,O,X,O,O
LOISJTZ,O,O,X,O,O
LOISJZT,O,O,X,O,O
LOISZTJ,O,O,X,O,O
LOISZJT,O,O,X,O,O
LOIZTJS,O,O,X,O,X
LOIZTSJ,O,O,X,O,O
LOIZJTS,O,O,X,O,X
LOIZJST,O,O,X,O,X
LOIZSTJ,O,O,X,O,O
LOIZSJT,O,O,X,O,O
LOJTISZ,X,O,X,X,O
LOJTIZS,O,O,X,X,X
LOJTSIZ,X,O,X,X,O
LOJTSZI,X,O,X,X,O
LOJTZIS,O,O,X,X,X
LOJTZSI,O,O,X,X,X
LOJITSZ,X,O,X,X,O
LOJITZS,O,O,X,X,X
LOJISTZ,X,O,X,X,O
LOJISZT,X,O,X,X,O
LOJIZTS,O,O,X,X,X
LOJIZST,O,O,X,X,X
LOJSTIZ,X,O,X,X,O
LOJSTZI,X,O,X,X,O
LOJSITZ,X,O,X,X,O
LOJSIZT,X,O,X,X,O
LOJSZTI,X,O,X,X,O
LOJSZIT,X,O,X,X,O
LOJZTIS,O,O,X,X,X
LOJZTSI,O,O,X,X,X
LOJZITS,O,O,X,X,X
LOJZIST,O,O,X,X,X
LOJZSTI,O,O,X,X,X
LOJZSIT,O,O,X,X,X
LOSTIJZ,O,O,X,O,O
LOSTIZJ,O,O,X,O,O
LOSTJIZ,O,O,X,O,O
LOSTJZI,O,O,X,O,O
LOSTZIJ,O,O,X,O,O
LOSTZJI,O,O,X,O,O
LOSITJZ,O,O,X,O,O
LOSITZJ,O,O,X,O,O
LOSIJTZ,O,O,X,O,O
LOSIJZT,O,O,X,O,O
LOSIZTJ,O,O,X,O,O
LOSIZJT,O,O,X,O,O
LOSJTIZ,O,O,X,O,O
LOSJTZI,O,O,X,O,O
LOSJITZ,O,O,X,O,O
LOSJIZT,O,O,X,O,O
LOSJZTI,O,O,X,O,O
LOSJZIT,O,O,X,O,O
LOSZTIJ,O,O,X,O,O
LOSZTJI,O,O,X,O,O
LOSZITJ,O,O,X,O,O
LOSZIJT,O,O,X,O,O
LOSZJTI,O,O,X,O,O
LOSZJIT,O,O,X,O,O
LOZTIJS,O,O,X,O,X
LOZTISJ,O,O,X,O,O
LOZTJIS,O,O,X,O,X
LOZTJSI,O,O,X,O,X
LOZTSIJ,O,O,X,O,O
LOZTSJI,O,O,X,O,O
LOZITJS,O,O,X,O,X
LOZITSJ,O,O,X,O,O
LOZIJTS,O,O,X,O,X
LOZIJST,O,O,X,O,X
LOZISTJ,O,O,X,O,O
LOZISJT,O,O,X,O,O
LOZJTIS,O,O,X,O,X
LOZJTSI,O,O,X,O,X
LOZJITS,O,O,X,O,X
LOZJIST,O,O,X,O,X
LOZJSTI,O,O,X,O,X
LOZJSIT,O,O,X,O,X
LOZSTIJ,O,O,X,O,O
LOZSTJI,O,O,X,O,O
LOZSITJ,O,O,X,O,O
LOZSIJT,O,O,X,O,O
LOZSJTI,O,O,X,O,O
LOZSJIT,O,O,X,O,O
JTILSZO,O,X,O,O,X
JTILSOZ,O,O,O,O,X
JTILZSO,O,X,O,O,X
JTILZOS,O,X,O,O,X
JTILOSZ,X,O,X,X,X
JTILOZS,O,O,X,X,X
JTISLZO,O,X,O,X,O
JTISLOZ,O,O,O,X,X
JTISZLO,O,X,O,X,O
JTISZOL,O,O,O,X,O
JTISOLZ,X,O,O,X,O
JTISOZL,X,O,O,X,O
JTIZLSO,O,X,O,O,X
JTIZLOS,O,X,O,O,X
JTIZSLO,O,X,O,O,X
JTIZSOL,O,O,O,O,X
JTIZOLS,O,O,O,O,X
JTIZOSL,O,O,O,O,X
JTIOLSZ,X,O,X,X,O
JTIOLZS,X,O,X,X,X
JTIOSLZ,X,O,O,X,O
JTIOSZL,X,O,O,X,O
JTIOZLS,X,O,O,X,X
JTIOZSL,X,O,O,X,X
JTLISZO,O,X,O,O,X
JTLISOZ,O,O,O,O,X
JTLIZSO,O,X,O,O,X
JTLIZOS,O,X,O,O,X
JTLIOSZ,X,O,X,X,X
JTLIOZS,O,O,X,X,X
JTLSIZO,O,X,O,O,X
JTLSIOZ,O,O,O,O,X
JTLSZIO,O,X,O,O,X
JTLSZOI,O,X,O,O,X
JTLSOIZ,O,O,O,O,X
JTLSOZI,O,O,O,O,X
JTLZISO,O,X,O,O,X
JTLZIOS,O,X,O,O,X
JTLZSIO,O,X,O,O,X
JTLZSOI,O,X,O,O,X
JTLZOIS,O,X,O,O,X
JTLZOSI,O,X,O,O,X
JTLOISZ,X,O,X,X,X
JTLOIZS,O,O,X,X,X
JTLOSIZ,X,O,X,X,X
JTLOSZI,X,O,X,X,X
JTLOZIS,O,O,X,X,X
JTLOZSI,O,O,X,X,X
JTSILZO,O,X,O,X,O
JTSILOZ,O,O,O,X,X
JTSIZLO,O,X,O,X,O
JTSIZOL,O,O,O,X,O
JTSIOLZ,X,O,O,X,O
JTSIOZL,X,O,O,X,O
JTSLIZO,O,X,O,X,O
JTSLIOZ,O,O,O,X,X
JTSLZIO,O,X,O,X,O
JTSLZOI,O,X,O,X,O
JTSLOIZ,O,O,O,X,X
JTSLOZI,O,O,O,X,X
JTSZILO,O,X,O,X,O
JTSZIOL,O,O,O,X,O
JTSZLIO,O,X,O,X,O
JTSZLOI,O,X,O,X,O
JTSZOIL,O,O,O,X,O
JTSZOLI,O,O,O,X,O
JTSOILZ,X,O,O,X,O
JTSOIZL,X,O,O,X,O
JTSOLIZ,X,O,O,X,O
JTSOLZI,X,O,O,X,O
JTSOZIL,X,O,O,X,O
JTSOZLI,X,O,O,X,O
JTZILSO,O,X,O,O,X
JTZILOS,O,X,O,O,X
JTZISLO,O,X,O,O,X
JTZISOL,O,O,O,O,X
JTZIOLS,O,O,O,O,X
JTZIOSL,O,O,O,O,X
JTZLISO,O,X,O,O,X
JTZLIOS,O,X,O,O,X
JTZLSIO,O,X,O,O,X
JTZLSOI,O,X,O,O,X
JTZLOIS,O,X,O,O,X
JTZLOSI,O,X,O,O,X
JTZSILO,O,X,O,O,X
JTZSIOL,O,O,O,O,X
JTZSLIO,O,X,O,O,X
JTZSLOI,O,X,O,O,X
JTZSOIL,O,O,O,O,X
JTZSOLI,O,O,O,O,X
JTZOILS,O,O,O,O,X
JTZOISL,O,O,O,O,X
JTZOLIS,O,O,O,O,X
JTZOLSI,O,O,O,O,X
JTZOSIL,O,O,O,O,X
JTZOSLI,O,O,O,O,X
JTOILSZ,X,O,X,X,O
JTOILZS,X,O,X,X,X
JTOISLZ,X,O,O,X,O
JTOISZL,X,O,O,X,O
JTOIZLS,X,O,O,X,X
JTOIZSL,X,O,O,X,X
JTOLISZ,X,O,X,X,O
JTOLIZS,X,O,X,X,X
JTOLSIZ,X,O,X,X,O
JTOLSZI,X,O,X,X,O
JTOLZIS,X,O,X,X,X
JTOLZSI,X,O,X,X,X
JTOSILZ,X,O,O,X,O
JTOSIZL,X,O,O,X,O
JTOSLIZ,X,O,O,X,O
JTOSLZI,X,O,O,X,O
JTOSZIL,X,O,O,X,O
JTOSZLI,X,O,O,X,O
JTOZILS,X,O,O,X,X
JTOZISL,X,O,O,X,X
JTOZLIS,X,O,O,X,X
JTOZLSI,X,O,O,X,X
JTOZSIL,X,O,O,X,X
JTOZSLI,X,O,O,X,X
JITLSZO,O,X,O,O,X
JITLSOZ,O,O,O,O,X
JITLZSO,O,X,O,O,X
JITLZOS,O,X,O,O,X
JITLOSZ,X,O,X,X,X
JITLOZS,O,O,X,X,X
JITSLZO,O,X,O,X,O
JITSLOZ,O,O,O,X,X
JITSZLO,O,X,O,X,O
JITSZOL,O,O,O,X,O
JITSOLZ,X,O,O,X,O
JITSOZL,X,O,O,X,O
JITZLSO,O,X,O,O,X
JITZLOS,O,X,O,O,X
JITZSLO,O,X,O,O,X
JITZSOL,O,O,O,O,X
JITZOLS,O,O,O,O,X
JITZOSL,O,O,O,O,X
JITOLSZ,X,O,X,X,O
JITOLZS,X,O,X,X,X
JITOSLZ,X,O,O,X,O
JITOSZL,X,O,O,X,O
JITOZLS,X,O,O,X,X
JITOZSL,X,O,O,X,X
JILTSZO,O,X,O,O,X
JILTSOZ,O,O,O,O,X
JILTZSO,O,X,O,O,X
JILTZOS,O,X,O,O,X
JILTOSZ,X,O,X,X,X
JILTOZS,O,O,X,X,X
JILSTZO,O,X,O,O,X
JILSTOZ,O,O,O,O,X
JILSZTO,O,X,O,O,X
JILSZOT,O,X,O,O,X
JILSOTZ,O,O,O,O,X
JILSOZT,O,O,O,O,X
JILZTSO,O,X,O,O,X
JILZTOS,O,X,O,O,X
JILZSTO,O,X,O,O,X
JILZSOT,O,X,O,O,X
JILZOTS,O,X,O,O,X
JILZOST,O,X,O,O,X
JILOTSZ,X,O,X,X,X
JILOTZS,O,O,X,X,X
JILOSTZ,X,O,X,X,X
JILOSZT,X,O,X,X,X
JILOZTS,O,O,X,X,X
JILOZST,O,O,X,X,X
JISTLZO,O,X,O,X,O
JISTLOZ,O,O,O,X,X
JISTZLO,O,X,O,X,O
JISTZOL,O,O,O,X,O
JISTOLZ,X,O,O,X,O
JISTOZL,X,O,O,X,O
JISLTZO,O,X,O,X,O
JISLTOZ,O,O,O,X,X
JISLZTO,O,X,O,X,O
JISLZOT,O,X,O,X,O
JISLOTZ,O,O,O,X,X
JISLOZT,O,O,O,X,X
JISZTLO,O,X,O,X,O
JISZTOL,O,O,O,X,O
JISZLTO,O,X,O,X,O
JISZLOT,O,X,O,X,O
JISZOTL,O,O,O,X,O
JISZOLT,O,O,O,X,O
JISOTLZ,X,O,O,X,O
JISOTZL,X,O,O,X,O
JISOLTZ,O,O,O,X,O
JISOLZT,O,O,O,X,O
JISOZTL,O,O,O,X,O
JISOZLT,O,O,O,X,O
JIZTLSO,O,X,O,O,X
JIZTLOS,O,X,O,O,X
JIZTSLO,O,X,O,O,X
JIZTSOL,O,O,O,O,X
JIZTOLS,O,O,O,O,X
JIZTOSL,O,O,O,O,X
JIZLTSO,O,X,O,O,X
JIZLTOS,O,X,O,O,X
JIZLSTO,O,X,O,O,X
JIZLSOT,O,X,O,O,X
JIZLOTS,O,X,O,O,X
JIZLOST,O,X,O,O,X
JIZSTLO,O,X,O,O,X
JIZSTOL,O,O,O,O,X
JIZSLTO,O,X,O,O,X
JIZSLOT,O,X,O,O,X
JIZSOTL,O,O,O,O,X
JIZSOLT,O,O,O,O,X
JIZOTLS,O,O,O,O,X
JIZOTSL,O,O,O,O,X
JIZOLTS,O,O,O,O,X
JIZOLST,O,O,O,O,X
JIZOSTL,O,O,O,O,X
JIZOSLT,O,O,O,O,X
JIOTLSZ,X,O,X,X,O
JIOTLZS,X,O,X,X,X
JIOTSLZ,X,O,O,X,O
JIOTSZL,X,O,O,X,O
JIOTZLS,X,O,O,X,X
JIOTZSL,X,O,O,X,X
JIOLTSZ,X,O,X,X,O
JIOLTZS,X,O,X,X,X
JIOLSTZ,X,O,X,X,O
JIOLSZT,X,O,X,X,O
JIOLZTS,X,O,X,X,X
JIOLZST,X,O,X,X,X
JIOSTLZ,X,O,O,X,O
JIOSTZL,X,O,O,X,O
JIOSLTZ,X,O,O,X,O
JIOSLZT,X,O,O,X,O
JIOSZTL,X,O,O,X,O
JIOSZLT,X,O,O,X,O
JIOZTLS,X,O,O,X,X
JIOZTSL,X,O,O,X,X
JIOZLTS,X,O,O,X,X
JIOZLST,X,O,O,X,X
JIOZSTL,X,O,O,X,X
JIOZSLT,X,O,O,X,X
JLTISZO,O,X,O,O,X
JLTISOZ,O,O,O,O,X
JLTIZSO,O,X,O,O,X
JLTIZOS,O,X,O,O,X
JLTIOSZ,X,O,X,X,X
JLTIOZS,O,O,X,X,X
JLTSIZO,O,X,O,O,X
JLTSIOZ,O,O,O,O,X
JLTSZIO,O,X,O,O,X
JLTSZOI,O,X,O,O,X
JLTSOIZ,O,O,O,O,X
JLTSOZI,O,O,O,O,X
JLTZISO,O,X,O,O,X
JLTZIOS,O,X,O,O,X
JLTZSIO,O,X,O,O,X
JLTZSOI,O,X,O,O,X
JLTZOIS,O,X,O,O,X
JLTZOSI,O,X,O,O,X
JLTOISZ,X,O,X,X,X
JLTOIZS,O,O,X,X,X
JLTOSIZ,X,O,X,X,X
JLTOSZI,X,O,X,X,X
JLTOZIS,O,O,X,X,X
JLTOZSI,O,O,X,X,X
JLITSZO,O,X,O,O,X
JLITSOZ,O,O,O,O,X
JLITZSO,O,X,O,O,X
JLITZOS,O,X,O,O,X
JLITOSZ,X,O,X,X,X
JLITOZS,O,O,X,X,X
JLISTZO,O,X,O,O,X
JLISTOZ,O,O,O,O,X
JLISZTO,O,X,O,O,X
JLISZOT,O,X,O,O,X
JLISOTZ,O,O,O,O,X
JLISOZT,O,O,O,O,X
JLIZTSO,O,X,O,O,X
JLIZTOS,O,X,O,O,X
JLIZSTO,O,X,O,O,X
JLIZSOT,O,X,O,O,X
JLIZOTS,O,X,O,O,X
JLIZOST,O,X,O,O,X
JLIOTSZ,X,O,X,X,X
JLIOTZS,O,O,X,X,X
JLIOSTZ,X,O,X,X,X
JLIOSZT,X,O,X,X,X
JLIOZTS,O,O,X,X,X
JLIOZST,O,O,X,X,X
JLSTIZO,O,X,O,O,X
JLSTIOZ,O,O,O,O,X
JLSTZIO,O,X,O,O,X
JLSTZOI,O,X,O,O,X
JLSTOIZ,O,O,O,O,X
JLSTOZI,O,O,O,O,X
JLSITZO,O,X,O,O,X
JLSITOZ,O,O,O,O,X
JLSIZTO,O,X,O,O,X
JLSIZOT,O,X,O,O,X
JLSIOTZ,O,O,O,O,X
JLSIOZT,O,O,O,O,X
JLSZTIO,O,X,O,O,X
JLSZTOI,O,X,O,O,X
JLSZITO,O,X,O,O,X
JLSZIOT,O,X,O,O,X
JLSZOTI,O,X,O,O,X
JLSZOIT,O,X,O,O,X
JLSOTIZ,O,O,O,O,X
JLSOTZI,O,O,O,O,X
JLSOITZ,O,O,O,O,X
JLSOIZT,O,O,O,O,X
JLSOZTI,O,O,O,O,X
JLSOZIT,O,O,O,O,X
JLZTISO,O,X,O,O,X
JLZTIOS,O,X,O,O,X
JLZTSIO,O,X,O,O,X
JLZTSOI,O,X,O,O,X
JLZTOIS,O,X,O,O,X
JLZTOSI,O,X,O,O,X
JLZITSO,O,X,O,O,X
JLZITOS,O,X,O,O,X
JLZISTO,O,X,O,O,X
JLZISOT,O,X,O,O,X
JLZIOTS,O,X,O,O,X
JLZIOST,O,X,O,O,X
JLZSTIO,O,X,O,O,X
JLZSTOI,O,X,O,O,X
JLZSITO,O,X,O,O,X
JLZSIOT,O,X,O,O,X
JLZSOTI,O,X,O,O,X
JLZSOIT,O,X,O,O,X
JLZOTIS,O,X,O,O,X
JLZOTSI,O,X,O,O,X
JLZOITS,O,X,O,O,X
JLZOIST,O,X,O,O,X
JLZOSTI,O,X,O,O,X
JLZOSIT,O,X,O,O,X
JLOTISZ,X,O,X,X,X
JLOTIZS,O,O,X,X,X
JLOTSIZ,X,O,X,X,X
JLOTSZI,X,O,X,X,X
JLOTZIS,O,O,X,X,X
JLOTZSI,O,O,X,X,X
JLOITSZ,X,O,X,X,X
JLOITZS,O,O,X,X,X
JLOISTZ,X,O,X,X,X
JLOISZT,X,O,X,X,X
JLOIZTS,O,O,X,X,X
JLOIZST,O,O,X,X,X
JLOSTIZ,X,O,X,X,X
JLOSTZI,X,O,X,X,X
JLOSITZ,X,O,X,X,X
JLOSIZT,X,O,X,X,X
JLOSZTI,X,O,X,X,X
JLOSZIT,X,O,X,X,X
JLOZTIS,O,O,X,X,X
JLOZTSI,O,O,X,X,X
JLOZITS,O,O,X,X,X
JLOZIST,O,O,X,X,X
JLOZSTI,O,O,X,X,X
JLOZSIT,O,O,X,X,X
JSTILZO,O,X,O,X,O
JSTILOZ,O,O,O,X,X
JSTIZLO,O,X,O,X,O
JSTIZOL,O,O,O,X,O
JSTIOLZ,X,O,O,X,O
JSTIOZL,X,O,O,X,O
JSTLIZO,O,X,O,X,O
JSTLIOZ,O,O,O,X,X
JSTLZIO,O,X,O,X,O
JSTLZOI,O,X,O,X,O
JSTLOIZ,O,O,O,X,X
JSTLOZI,O,O,O,X,X
JSTZILO,O,X,O,X,O
JSTZIOL,O,O,O,X,O
JSTZLIO,O,X,O,X,O
JSTZLOI,O,X,O,X,O
JSTZOIL,O,O,O,X,O
JSTZOLI,O,O,O,X,O
JSTOILZ,X,O,O,X,O
JSTOIZL,X,O,O,X,O
JSTOLIZ,X,O,O,X,O
JSTOLZI,X,O,O,X,O
JSTOZIL,X,O,O,X,O
JSTOZLI,X,O,O,X,O
JSITLZO,O,X,O,X,O
JSITLOZ,O,O,O,X,X
JSITZLO,O,X,O,X,O
JSITZOL,O,O,O,X,O
JSITOLZ,X,O,O,X,O
JSITOZL,X,O,O,X,O
JSILTZO,O,X,O,X,O
JSILTOZ,O,O,O,X,X
JSILZTO,O,X,O,X,O
JSILZOT,O,X,O,X,O
JSILOTZ,O,O,O,X,X
JSILOZT,O,O,O,X,X
JSIZTLO,O,X,O,X,O
JSIZTOL,O,O,O,X,O
JSIZLTO,O,X,O,X,O
JSIZLOT,O,X,O,X,O
JSIZOTL,O,O,O,X,O
JSIZOLT,O,O,O,X,O
JSIOTLZ,X,O,O,X,O
JSIOTZL,X,O,O,X,O
JSIOLTZ,O,O,O,X,O
JSIOLZT,O,O,O,X,O
JSIOZTL,O,O,O,X,O
JSIOZLT,O,O,O,X,O
JSLTIZO,O,X,O,X,O
JSLTIOZ,O,O,O,X,X
JSLTZIO,O,X,O,X,O
JSLTZOI,O,X,O,X,O
JSLTOIZ,O,O,O,X,X
JSLTOZI,O,O,O,X,X
JSLITZO,O,X,O,X,O
JSLITOZ,O,O,O,X,X
JSLIZTO,O,X,O,X,O
JSLIZOT,O,X,O,X,O
JSLIOTZ,O,O,O,X,X
JSLIOZT,O,O,O,X,X
JSLZTIO,O,X,O,X,O
JSLZTOI,O,X,O,X,O
JSLZITO,O,X,O,X,O
JSLZIOT,O,X,O,X,O
JSLZOTI,O,X,O,X,O
JSLZOIT,O,X,O,X,O
JSLOTIZ,O,O,O,X,X
JSLOTZI,O,O,O,X,X
JSLOITZ,O,O,O,X,X
JSLOIZT,O,O,O,X,X
JSLOZTI,O,O,O,X,X
JSLOZIT,O,O,O,X,X
JSZTILO,O,X,O,X,O
JSZTIOL,O,O,O,X,O
JSZTLIO,O,X,O,X,O
JSZTLOI,O,X,O,X,O
JSZTOIL,O,O,O,X,O
JSZTOLI,O,O,O,X,O
JSZITLO,O,X,O,X,O
JSZITOL,O,O,O,X,O
JSZILTO,O,X,O,X,O
JSZILOT,O,X,O,X,O
JSZIOTL,O,O,O,X,O
JSZIOLT,O,O,O,X,O
JSZLTIO,O,X,O,X,O
JSZLTOI,O,X,O,X,O
JSZLITO,O,X,O,X,O
JSZLIOT,O,X,O,X,O
JSZLOTI,O,X,O,X,O
JSZLOIT,O,X,O,X,O
JSZOTIL,O,O,O,X,O
JSZOTLI,O,O,O,X,O
JSZOITL,O,O,O,X,O
JSZOILT,O,O,O,X,O
JSZOLTI,O,O,O,X,O
JSZOLIT,O,O,O,X,O
JSOTILZ,X,O,O,X,O
JSOTIZL,X,O,O,X,O
JSOTLIZ,X,O,O,X,O
JSOTLZI,X,O,O,X,O
JSOTZIL,X,O,O,X,O
JSOTZLI,X,O,O,X,O
JSOITLZ,X,O,O,X,O
JSOITZL,X,O,O,X,O
JSOILTZ,O,O,O,X,O
JSOILZT,O,O,O,X,O
JSOIZTL,O,O,O,X,O
JSOIZLT,O,O,O,X,O
JSOLTIZ,O,O,O,X,O
JSOLTZI,O,O,O,X,O
JSOLITZ,O,O,O,X,O
JSOLIZT,O,O,O,X,O
JSOLZTI,O,O,O,X,O
JSOLZIT,O,O,O,X,O
JSOZTIL,O,O,O,X,O
JSOZTLI,O,O,O,X,O
JSOZITL,O,O,O,X,O
JSOZILT,O,O,O,X,O
JSOZLTI,O,O,O,X,O
JSOZLIT,O,O,O,X,O
JZTILSO,O,X,O,O,X
JZTILOS,O,X,O,O,X
JZTISLO,O,X,O,O,X
JZTISOL,O,O,O,O,X
JZTIOLS,O,O,O,O,X
JZTIOSL,O,O,O,O,X
JZTLISO,O,X,O,O,X
JZTLIOS,O,X,O,O,X
JZTLSIO,O,X,O,O,X
JZTLSOI,O,X,O,O,X
JZTLOIS,O,X,O,O,X
JZTLOSI,O,X,O,O,X
JZTSILO,O,X,O,O,X
JZTSIOL,O,O,O,O,X
JZTSLIO,O,X,O,O,X
JZTSLOI,O,X,O,O,X
JZTSOIL,O,O,O,O,X
JZTSOLI,O,O,O,O,X
JZTOILS,O,O,O,O,X
JZTOISL,O,O,O,O,X
JZTOLIS,O,O,O,O,X
JZTOLSI,O,O,O,O,X
JZTOSIL,O,O,O,O,X
JZTOSLI,O,O,O,O,X
JZITLSO,O,X,O,O,X
JZITLOS,O,X,O,O,X
JZITSLO,O,X,O,O,X
JZITSOL,O,O,O,O,X
JZITOLS,O,O,O,O,X
JZITOSL,O,O,O,O,X
JZILTSO,O,X,O,O,X
JZILTOS,O,X,O,O,X
JZILSTO,O,X,O,O,X
JZILSOT,O,X,O,O,X
JZILOTS,O,X,O,O,X
JZILOST,O,X,O,O,X
JZISTLO,O,X,O,O,X
JZISTOL,O,O,O,O,X
JZISLTO,O,X,O,O,X
JZISLOT,O,X,O,O,X
JZISOTL,O,O,O,O,X
JZISOLT,O,O,O,O,X
JZIOTLS,O,O,O,O,X
JZIOTSL,O,O,O,O,X
JZIOLTS,O,O,O,O,X
JZIOLST,O,O,O,O,X
JZIOSTL,O,O,O,O,X
JZIOSLT,O,O,O,O,X
JZLTISO,O,X,O,O,X
JZLTIOS,O,X,O,O,X
JZLTSIO,O,X,O,O,X
JZLTSOI,O,X,O,O,X
JZLTOIS,O,X,O,O,X
JZLTOSI,O,X,O,O,X
JZLITSO,O,X,O,O,X
JZLITOS,O,X,O,O,X
JZLISTO,O,X,O,O,X
JZLISOT,O,X,O,O,X
JZLIOTS,O,X,O,O,X
JZLIOST,O,X,O,O,X
JZLSTIO,O,X,O,O,X
JZLSTOI,O,X,O,O,X
JZLSITO,O,X,O,O,X
JZLSIOT,O,X,O,O,X
JZLSOTI,O,X,O,O,X
JZLSOIT,O,X,O,O,X
JZLOTIS,O,X,O,O,X
JZLOTSI,O,X,O,O,X
JZLOITS,O,X,O,O,X
JZLOIST,O,X,O,O,X
JZLOSTI,O,X,O,O,X
JZLOSIT,O,X,O,O,X
JZSTILO,O,X,O,O,X
JZSTIOL,O,O,O,O,X
JZSTLIO,O,X,O,O,X
JZSTLOI,O,X,O,O,X
JZSTOIL,O,O,O,O,X
JZSTOLI,O,O,O,O,X
JZSITLO,O,X,O,O,X
JZSITOL,O,O,O,O,X
JZSILTO,O,X,O,O,X
JZSILOT,O,X,O,O,X
JZSIOTL,O,O,O,O,X
JZSIOLT,O,O,O,O,X
JZSLTIO,O,X,O,O,X
JZSLTOI,O,X,O,O,X
JZSLITO,O,X,O,O,X
JZSLIOT,O,X,O,O,X
JZSLOTI,O,X,O,O,X
JZSLOIT,O,X,O,O,X
JZSOTIL,O,O,O,O,X
JZSOTLI,O,O,O,O,X
JZSOITL,O,O,O,O,X
JZSOILT,O,O,O,O,X
JZSOLTI,O,O,O,O,X
JZSOLIT,O,O,O,O,X
JZOTILS,O,O,O,O,X
JZOTISL,O,O,O,O,X
JZOTLIS,O,O,O,O,X
JZOTLSI,O,O,O,O,X
JZOTSIL,O,O,O,O,X
JZOTSLI,O,O,O,O,X
JZOITLS,O,O,O,O,X
JZOITSL,O,O,O,O,X
JZOILTS,O,O,O,O,X
JZOILST,O,O,O,O,X
JZOISTL,O,O,O,O,X
JZOISLT,O,O,O,O,X
JZOLTIS,O,O,O,O,X
JZOLTSI,O,O,O,O,X
JZOLITS,O,O,O,O,X
JZOLIST,O,O,O,O,X
JZOLSTI,O,O,O,O,X
JZOLSIT,O,O,O,O,X
JZOSTIL,O,O,O,O,X
JZOSTLI,O,O,O,O,X
JZOSITL,O,O,O,O,X
JZOSILT,O,O,O,O,X
JZOSLTI,O,O,O,O,X
JZOSLIT,O,O,O,O,X
JOTILSZ,X,O,X,X,O
JOTILZS,X,O,X,X,X
JOTISLZ,X,O,O,X,O
JOTISZL,X,O,O,X,O
JOTIZLS,X,O,O,X,X
JOTIZSL,X,O,O,X,X
JOTLISZ,X,O,X,X,O
JOTLIZS,X,O,X,X,X
JOTLSIZ,X,O,X,X,O
JOTLSZI,X,O,X,X,O
JOTLZIS,X,O,X,X,X
JOTLZSI,X,O,X,X,X
JOTSILZ,X,O,O,X,O
JOTSIZL,X,O,O,X,O
JOTSLIZ,X,O,O,X,O
JOTSLZI,X,O,O,X,O
JOTSZIL,X,O,O,X,O
JOTSZLI,X,O,O,X,O
JOTZILS,X,O,O,X,X
JOTZISL,X,O,O,X,X
JOTZLIS,X,O,O,X,X
JOTZLSI,X,O,O,X,X
JOTZSIL,X,O,O,X,X
JOTZSLI,X,O,O,X,X
JOITLSZ,X,O,X,X,O
JOITLZS,X,O,X,X,X
JOITSLZ,X,O,O,X,O
JOITSZL,X,O,O,X,O
JOITZLS,X,O,O,X,X
JOITZSL,X,O,O,X,X
JOILTSZ,X,O,X,X,O
JOILTZS,X,O,X,X,X
JOILSTZ,X,O,X,X,O
JOILSZT,X,O,X,X,O
JOILZTS,X,O,X,X,X
JOILZST,X,O,X,X,X
JOISTLZ,X,O,O,X,O
JOISTZL,X,O,O,X,O
JOISLTZ,X,O,O,X,O
JOISLZT,X,O,O,X,O
JOISZTL,X,O,O,X,O
JOISZLT,X,O,O,X,O
JOIZTLS,X,O,O,X,X
JOIZTSL,X,O,O,X,X
JOIZLTS,X,O,O,X,X
JOIZLST,X,O,O,X,X
JOIZSTL,X,O,O,X,X
JOIZSLT,X,O,O,X,X
JOLTISZ,X,O,X,X,O
JOLTIZS,X,O,X,X,X
JOLTSIZ,X,O,X,X,O
JOLTSZI,X,O,X,X,O
JOLTZIS,X,O,X,X,X
JOLTZSI,X,O,X,X,X
JOLITSZ,X,O,X,X,O
JOLITZS,X,O,X,X,X
JOLISTZ,X,O,X,X,O
JOLISZT,X,O,X,X,O
JOLIZTS,X,O,X,X,X
JOLIZST,X,O,X,X,X
JOLSTIZ,X,O,X,X,O
JOLSTZI,X,O,X,X,O
JOLSITZ,X,O,X,X,O
JOLSIZT,X,O,X,X,O
JOLSZTI,X,O,X,X,O
JOLSZIT,X,O,X,X,O
JOLZTIS,X,O,X,X,X
JOLZTSI,X,O,X,X,X
JOLZITS,X,O,X,X,X
JOLZIST,X,O,X,X,X
JOLZSTI,X,O,X,X,X
JOLZSIT,X,O,X,X,X
JOSTILZ,X,O,O,X,O
JOSTIZL,X,O,O,X,O
JOSTLIZ,X,O,O,X,O
JOSTLZI,X,O,O,X,O
JOSTZIL,X,O,O,X,O
JOSTZLI,X,O,O,X,O
JOSITLZ,X,O,O,X,O
JOSITZL,X,O,O,X,O
JOSILTZ,X,O,O,X,O
JOSILZT,X,O,O,X,O
JOSIZTL,X,O,O,X,O
JOSIZLT,X,O,O,X,O
JOSLTIZ,X,O,O,X,O
JOSLTZI,X,O,O,X,O
JOSLITZ,X,O,O,X,O
JOSLIZT,X,O,O,X,O
JOSLZTI,X,O,O,X,O
JOSLZIT,X,O,O,X,O
JOSZTIL,X,O,O,X,O
JOSZTLI,X,O,O,X,O
JOSZITL,X,O,O,X,O
JOSZILT,X,O,O,X,O
JOSZLTI,X,O,O,X,O
JOSZLIT,X,O,O,X,O
JOZTILS,X,O,O,X,X
JOZTISL,X,O,O,X,X
JOZTLIS,X,O,O,X,X
JOZTLSI,X,O,O,X,X
JOZTSIL,X,O,O,X,X
JOZTSLI,X,O,O,X,X
JOZITLS,X,O,O,X,X
JOZITSL,X,O,O,X,X
JOZILTS,X,O,O,X,X
JOZILST,X,O,O,X,X
JOZISTL,X,O,O,X,X
JOZISLT,X,O,O,X,X
JOZLTIS,X,O,O,X,X
JOZLTSI,X,O,O,X,X
JOZLITS,X,O,O,X,X
JOZLIST,X,O,O,X,X
JOZLSTI,X,O,O,X,X
JOZLSIT,X,O,O,X,X
JOZSTIL,X,O,O,X,X
JOZSTLI,X,O,O,X,X
JOZSITL,X,O,O,X,X
JOZSILT,X,O,O,X,X
JOZSLTI,X,O,O,X,X
JOZSLIT,X,O,O,X,X
STILJZO,O,X,O,O,O
STILJOZ,O,X,O,O,X
STILZJO,O,X,O,O,O
STILZOJ,O,X,O,O,O
STILOJZ,O,O,X,O,O
STILOZJ,O,O,X,O,O
STIJLZO,O,X,O,X,O
STIJLOZ,O,O,O,X,X
STIJZLO,O,X,O,X,O
STIJZOL,O,O,O,X,O
STIJOLZ,X,O,O,X,O
STIJOZL,X,O,O,X,O
STIZLJO,O,X,O,O,O
STIZLOJ,O,X,O,O,O
STIZJLO,O,X,O,O,O
STIZJOL,O,X,O,O,O
STIZOLJ,O,X,O,O,O
STIZOJL,O,X,O,O,O
STIOLJZ,O,O,X,X,O
STIOLZJ,O,O,X,X,O
STIOJLZ,X,O,X,X,O
STIOJZL,X,O,X,X,O
STIOZLJ,O,O,X,X,O
STIOZJL,O,O,X,X,O
STLIJZO,O,X,O,O,O
STLIJOZ,O,X,O,O,X
STLIZJO,O,X,O,O,O
STLIZOJ,O,X,O,O,O
STLIOJZ,O,O,X,O,O
STLIOZJ,O,O,X,O,O
STLJIZO,O,X,O,O,O
STLJIOZ,O,X,O,O,X
STLJZIO,O,X,O,O,O
STLJZOI,O,X,O,O,O
STLJOIZ,O,X,O,O,X
STLJOZI,O,X,O,O,X
STLZIJO,O,X,O,O,O
STLZIOJ,O,X,O,O,O
STLZJIO,O,X,O,O,O
STLZJOI,O,X,O,O,O
STLZOIJ,O,X,O,O,O
STLZOJI,O,X,O,O,O
STLOIJZ,O,O,X,O,O
STLOIZJ,O,O,X,O,O
STLOJIZ,O,O,O,O,O
STLOJZI,O,O,O,O,O
STLOZIJ,O,O,O,O,O
STLOZJI,O,O,O,O,O
STJILZO,O,X,O,X,O
STJILOZ,O,O,O,X,X
STJIZLO,O,X,O,X,O
STJIZOL,O,O,O,X,O
STJIOLZ,X,O,O,X,O
STJIOZL,X,O,O,X,O
STJLIZO,O,X,O,X,O
STJLIOZ,O,O,O,X,X
STJLZIO,O,X,O,X,O
STJLZOI,O,X,O,X,O
STJLOIZ,O,O,O,X,X
STJLOZI,O,O,O,X,X
STJZILO,O,X,O,X,O
STJZIOL,O,O,O,X,O
STJZLIO,O,X,O,X,O
STJZLOI,O,X,O,X,O
STJZOIL,O,O,O,X,O
STJZOLI,O,O,O,X,O
STJOILZ,X,O,O,X,O
STJOIZL,X,O,O,X,O
STJOLIZ,X,O,O,X,O
STJOLZI,X,O,O,X,O
STJOZIL,X,O,O,X,O
STJOZLI,X,O,O,X,O
STZILJO,O,X,O,O,O
STZILOJ,O,X,O,O,O
STZIJLO,O,X,O,O,O
STZIJOL,O,X,O,O,O
STZIOLJ,O,X,O,O,O
STZIOJL,O,X,O,O,O
STZLIJO,O,X,O,O,O
STZLIOJ,O,X,O,O,O
STZLJIO,O,X,O,O,O
STZLJOI,O,X,O,O,O
STZLOIJ,O,X,O,O,O
STZLOJI,O,X,O,O,O
STZJILO,O,X,O,O,O
STZJIOL,O,X,O,O,O
STZJLIO,O,X,O,O,O
STZJLOI,O,X,O,O,O
STZJOIL,O,X,O,O,O
STZJOLI,O,X,O,O,O
STZOILJ,O,X,O,O,O
STZOIJL,O,X,O,O,O
STZOLIJ,O,X,O,O,O
STZOLJI,O,X,O,O,O
STZOJIL,O,X,O,O,O
STZOJLI,O,X,O,O,O
STOILJZ,O,O,X,X,O
STOILZJ,O,O,X,X,O
STOIJLZ,X,O,X,X,O
STOIJZL,X,O,X,X,O
STOIZLJ,O,O,X,X,O
STOIZJL,O,O,X,X,O
STOLIJZ,O,O,X,X,O
STOLIZJ,O,O,X,X,O
STOLJIZ,O,O,O,X,O
STOLJZI,O,O,O,X,O
STOLZIJ,O,O,O,X,O
STOLZJI,O,O,O,X,O
STOJILZ,X,O,O,X,O
STOJIZL,X,O,O,X,O
STOJLIZ,X,O,O,X,O
STOJLZI,X,O,O,X,O
STOJZIL,X,O,O,X,O
STOJZLI,X,O,O,X,O
STOZILJ,O,O,O,X,O
STOZIJL,O,O,O,X,O
STOZLIJ,O,O,O,X,O
STOZLJI,O,O,O,X,O
STOZJIL,O,O,O,X,O
STOZJLI,O,O,O,X,O
SITLJZO,O,X,O,O,O
SITLJOZ,O,X,O,O,X
SITLZJO,O,X,O,O,O
SITLZOJ,O,X,O,O,O
SITLOJZ,O,O,X,O,O
SITLOZJ,O,O,X,O,O
SITJLZO,O,X,O,X,O
SITJLOZ,O,O,O,X,X
SITJZLO,O,X,O,X,O
SITJZOL,O,O,O,X,O
SITJOLZ,X,O,O,X,O
SITJOZL,X,O,O,X,O
SITZLJO,O,X,O,O,O
SITZLOJ,O,X,O,O,O
SITZJLO,O,X,O,O,O
SITZJOL,O,X,O,O,O
SITZOLJ,O,X,O,O,O
SITZOJL,O,X,O,O,O
SITOLJZ,O,O,X,X,O
SITOLZJ,O,O,X,X,O
SITOJLZ,X,O,X,X,O
SITOJZL,X,O,X,X,O
SITOZLJ,O,O,X,X,O
SITOZJL,O,O,X,X,O
SILTJZO,O,X,O,O,O
SILTJOZ,O,X,O,O,X
SILTZJO,O,X,O,O,O
SILTZOJ,O,X,O,O,O
SILTOJZ,O,O,X,O,O
SILTOZJ,O,O,X,O,O
SILJTZO,O,X,O,O,O
SILJTOZ,O,X,O,O,X
SILJZTO,O,X,O,O,O
SILJZOT,O,X,O,O,O
SILJOTZ,O,X,O,O,X
SILJOZT,O,X,O,O,X
SILZTJO,O,X,O,O,O
SILZTOJ,O,X,O,O,O
SILZJTO,O,X,O,O,O
SILZJOT,O,X,O,O,O
SILZOTJ,O,X,O,O,O
SILZOJT,O,X,O,O,O
SILOTJZ,O,O,X,O,O
SILOTZJ,O,O,X,O,O
SILOJTZ,O,O,X,O,O
SILOJZT,O,O,X,O,O
SILOZTJ,O,O,X,O,O
SILOZJT,O,O,X,O,O
SIJTLZO,O,X,O,X,O
SIJTLOZ,O,O,O,X,X
SIJTZLO,O,X,O,X,O
SIJTZOL,O,O,O,X,O
SIJTOLZ,X,O,O,X,O
SIJTOZL,X,O,O,X,O
SIJLTZO,O,X,O,X,O
SIJLTOZ,O,O,O,X,X
SIJLZTO,O,X,O,X,O
SIJLZOT,O,X,O,X,O
SIJLOTZ,O,O,O,X,X
SIJLOZT,O,O,O,X,X
SIJZTLO,O,X,O,X,O
SIJZTOL,O,O,O,X,O
SIJZLTO,O,X,O,X,O
SIJZLOT,O,X,O,X,O
SIJZOTL,O,O,O,X,O
SIJZOLT,O,O,O,X,O
SIJOTLZ,X,O,O,X,O
SIJOTZL,X,O,O,X,O
SIJOLTZ,O,O,O,X,O
SIJOLZT,O,O,O,X,O
SIJOZTL,O,O,O,X,O
SIJOZLT,O,O,O,X,O
SIZTLJO,O,X,O,O,O
SIZTLOJ,O,X,O,O,O
SIZTJLO,O,X,O,O,O
SIZTJOL,O,X,O,O,O
SIZTOLJ,O,X,O,O,O
SIZTOJL,O,X,O,O,O
SIZLTJO,O,X,O,O,O
SIZLTOJ,O,X,O,O,O
SIZLJTO,O,X,O,O,O
SIZLJOT,O,X,O,O,O
SIZLOTJ,O,X,O,O,O
SIZLOJT,O,X,O,O,O
SIZJTLO,O,X,O,O,O
SIZJTOL,O,X,O,O,O
SIZJLTO,O,X,O,O,O
SIZJLOT,O,X,O,O,O
SIZJOTL,O,X,O,O,O
SIZJOLT,O,X,O,O,O
SIZOTLJ,O,X,O,O,O
SIZOTJL,O,X,O,O,O
SIZOLTJ,O,X,O,O,O
SIZOLJT,O,X,O,O,O
SIZOJTL,O,X,O,O,O
SIZOJLT,O,X,O,O,O
SIOTLJZ,O,O,X,X,O
SIOTLZJ,O,O,X,X,O
SIOTJLZ,X,O,X,X,O
SIOTJZL,X,O,X,X,O
SIOTZLJ,O,O,X,X,O
SIOTZJL,O,O,X,X,O
SIOLTJZ,O,O,X,X,O
SIOLTZJ,O,O,X,X,O
SIOLJTZ,O,O,X,X,O
SIOLJZT,O,O,X,X,O
SIOLZTJ,O,O,X,X,O
SIOLZJT,O,O,X,X,O
SIOJTLZ,X,O,X,X,O
SIOJTZL,X,O,X,X,O
SIOJLTZ,O,O,X,X,O
SIOJLZT,O,O,X,X,O
SIOJZTL,O,O,X,X,O
SIOJZLT,O,O,X,X,O
SIOZTLJ,O,O,X,X,O
SIOZTJL,O,O,X,X,O
SIOZLTJ,O,O,X,X,O
SIOZLJT,O,O,X,X,O
SIOZJTL,O,O,X,X,O
SIOZJLT,O,O,X,X,O
SLTIJZO,O,X,O,O,O
SLTIJOZ,O,X,O,O,X
SLTIZJO,O,X,O,O,O
SLTIZOJ,O,X,O,O,O
SLTIOJZ,O,O,X,O,O
SLTIOZJ,O,O,X,O,O
SLTJIZO,O,X,O,O,O
SLTJIOZ,O,X,O,O,X
SLTJZIO,O,X,O,O,O
SLTJZOI,O,X,O,O,O
SLTJOIZ,O,X,O,O,X
SLTJOZI,O,X,O,O,X
SLTZIJO,O,X,O,O,O
SLTZIOJ,O,X,O,O,O
SLTZJIO,O,X,O,O,O
SLTZJOI,O,X,O,O,O
SLTZOIJ,O,X,O,O,O
SLTZOJI,O,X,O,O,O
SLTOIJZ,O,O,X,O,O
SLTOIZJ,O,O,X,O,O
SLTOJIZ,O,O,O,O,O
SLTOJZI,O,O,O,O,O
SLTOZIJ,O,O,O,O,O
SLTOZJI,O,O,O,O,O
SLITJZO,O,X,O,O,O
SLITJOZ,O,X,O,O,X
SLITZJO,O,X,O,O,O
SLITZOJ,O,X,O,O,O
SLITOJZ,O,O,X,O,O
SLITOZJ,O,O,X,O,O
SLIJTZO,O,X,O,O,O
SLIJTOZ,O,X,O,O,X
SLIJZTO,O,X,O,O,O
SLIJZOT,O,X,O,O,O
SLIJOTZ,O,X,O,O,X
SLIJOZT,O,X,O,O,X
SLIZTJO,O,X,O,O,O
SLIZTOJ,O,X,O,O,O
SLIZJTO,O,X,O,O,O
SLIZJOT,O,X,O,O,O
SLIZOTJ,O,X,O,O,O
SLIZOJT,O,X,O,O,O
SLIOTJZ,O,O,X,O,O
SLIOTZJ,O,O,X,O,O
SLIOJTZ,O,O,X,O,O
SLIOJZT,O,O,X,O,O
SLIOZTJ,O,O,X,O,O
SLIOZJT,O,O,X,O,O
SLJTIZO,O,X,O,O,O
SLJTIOZ,O,X,O,O,X
SLJTZIO,O,X,O,O,O
SLJTZOI,O,X,O,O,O
SLJTOIZ,O,X,O,O,X
SLJTOZI,O,X,O,O,X
SLJITZO,O,X,O,O,O
SLJITOZ,O,X,O,O,X
SLJIZTO,O,X,O,O,O
SLJIZOT,O,X,O,O,O
SLJIOTZ,O,X,O,O,X
SLJIOZT,O,X,O,O,X
SLJZTIO,O,X,O,O,O
SLJZTOI,O,X,O,O,O
SLJZITO,O,X,O,O,O
SLJZIOT,O,X,O,O,O
SLJZOTI,O,X,O,O,O
SLJZOIT,O,X,O,O,O
SLJOTIZ,O,X,O,O,X
SLJOTZI,O,X,O,O,X
SLJOITZ,O,X,O,O,X
SLJOIZT,O,X,O,O,X
SLJOZTI,O,X,O,O,X
SLJOZIT,O,X,O,O,X
SLZTIJO,O,X,O,O,O
SLZTIOJ,O,X,O,O,O
SLZTJIO,O,X,O,O,O
SLZTJOI,O,X,O,O,O
SLZTOIJ,O,X,O,O,O
SLZTOJI,O,X,O,O,O
SLZITJO,O,X,O,O,O
SLZITOJ,O,X,O,O,O
SLZIJTO,O,X,O,O,O
SLZIJOT,O,X,O,O,O
SLZIOTJ,O,X,O,O,O
SLZIOJT,O,X,O,O,O
SLZJTIO,O,X,O,O,O
SLZJTOI,O,X,O,O,O
SLZJITO,O,X,O,O,O
SLZJIOT,O,X,O,O,O
SLZJOTI,O,X,O,O,O
SLZJOIT,O,X,O,O,O
SLZOTIJ,O,X,O,O,O
SLZOTJI,O,X,O,O,O
SLZOITJ,O,X,O,O,O
SLZOIJT,O,X,O,O,O
SLZOJTI,O,X,O,O,O
SLZOJIT,O,X,O,O,O
SLOTIJZ,O,O,X,O,O
SLOTIZJ,O,O,X,O,O
SLOTJIZ,O,O,O,O,O
SLOTJZI,O,O,O,O,O
SLOTZIJ,O,O,O,O,O
SLOTZJI,O,O,O,O,O
SLOITJZ,O,O,X,O,O
SLOITZJ,O,O,X,O,O
SLOIJTZ,O,O,X,O,O
SLOIJZT,O,O,X,O,O
SLOIZTJ,O,O,X,O,O
SLOIZJT,O,O,X,O,O
SLOJTIZ,O,O,O,O,O
SLOJTZI,O,O,O,O,O
SLOJITZ,O,O,O,O,O
SLOJIZT,O,O,O,O,O
SLOJZTI,O,O,O,O,O
SLOJZIT,O,O,O,O,O
SLOZTIJ,O,O,O,O,O
SLOZTJI,O,O,O,O,O
SLOZITJ,O,O,O,O,O
SLOZIJT,O,O,O,O,O
SLOZJTI,O,O,O,O,O
SLOZJIT,O,O,O,O,O
SJTILZO,O,X,O,X,O
SJTILOZ,O,O,O,X,X
SJTIZLO,O,X,O,X,O
SJTIZOL,O,O,O,X,O
SJTIOLZ,X,O,O,X,O
SJTIOZL,X,O,O,X,O
SJTLIZO,O,X,O,X,O
SJTLIOZ,O,O,O,X,X
SJTLZIO,O,X,O,X,O
SJTLZOI,O,X,O,X,O
SJTLOIZ,O,O,O,X,X
SJTLOZI,O,O,O,X,X
SJTZILO,O,X,O,X,O
SJTZIOL,O,O,O,X,O
SJTZLIO,O,X,O,X,O
SJTZLOI,O,X,O,X,O
SJTZOIL,O,O,O,X,O
SJTZOLI,O,O,O,X,O
SJTOILZ,X,O,O,X,O
SJTOIZL,X,O,O,X,O
SJTOLIZ,X,O,O,X,O
SJTOLZI,X,O,O,X,O
SJTOZIL,X,O,O,X,O
SJTOZLI,X,O,O,X,O
SJITLZO,O,X,O,X,O
SJITLOZ,O,O,O,X,X
SJITZLO,O,X,O,X,O
SJITZOL,O,O,O,X,O
SJITOLZ,X,O,O,X,O
SJITOZL,X,O,O,X,O
SJILTZO,O,X,O,X,O
SJILTOZ,O,O,O,X,X
SJILZTO,O,X,O,X,O
SJILZOT,O,X,O,X,O
SJILOTZ,O,O,O,X,X
SJILOZT,O,O,O,X,X
SJIZTLO,O,X,O,X,O
SJIZTOL,O,O,O,X,O
SJIZLTO,O,X,O,X,O
SJIZLOT,O,X,O,X,O
SJIZOTL,O,O,O,X,O
SJIZOLT,O,O,O,X,O
SJIOTLZ,X,O,O,X,O
SJIOTZL,X,O,O,X,O
SJIOLTZ,O,O,O,X,O
SJIOLZT,O,O,O,X,O
SJIOZTL,O,O,O,X,O
SJIOZLT,O,O,O,X,O
SJLTIZO,O,X,O,X,O
SJLTIOZ,O,O,O,X,X
SJLTZIO,O,X,O,X,O
SJLTZOI,O,X,O,X,O
SJLTOIZ,O,O,O,X,X
SJLTOZI,O,O,O,X,X
SJLITZO,O,X,O,X,O
SJLITOZ,O,O,O,X,X
SJLIZTO,O,X,O,X,O
SJLIZOT,O,X,O,X,O
SJLIOTZ,O,O,O,X,X
SJLIOZT,O,O,O,X,X
SJLZTIO,O,X,O,X,O
SJLZTOI,O,X,O,X,O
SJLZITO,O,X,O,X,O
SJLZIOT,O,X,O,X,O
SJLZOTI,O,X,O,X,O
SJLZOIT,O,X,O,X,O
SJLOTIZ,O,O,O,X,X
SJLOTZI,O,O,O,X,X
SJLOITZ,O,O,O,X,X
SJLOIZT,O,O,O,X,X
SJLOZTI,O,O,O,X,X
SJLOZIT,O,O,O,X,X
SJZTILO,O,X,O,X,O
SJZTIOL,O,O,O,X,O
SJZTLIO,O,X,O,X,O
SJZTLOI,O,X,O,X,O
SJZTOIL,O,O,O,X,O
SJZTOLI,O,O,O,X,O
SJZITLO,O,X,O,X,O
SJZITOL,O,O,O,X,O
SJZILTO,O,X,O,X,O
SJZILOT,O,X,O,X,O
SJZIOTL,O,O,O,X,O
SJZIOLT,O,O,O,X,O
SJZLTIO,O,X,O,X,O
SJZLTOI,O,X,O,X,O
SJZLITO,O,X,O,X,O
SJZLIOT,O,X,O,X,O
SJZLOTI,O,X,O,X,O
SJZLOIT,O,X,O,X,O
SJZOTIL,O,O,O,X,O
SJZOTLI,O,O,O,X,O
SJZOITL,O,O,O,X,O
SJZOILT,O,O,O,X,O
SJZOLTI,O,O,O,X,O
SJZOLIT,O,O,O,X,O
SJOTILZ,X,O,O,X,O
SJOTIZL,X,O,O,X,O
SJOTLIZ,X,O,O,X,O
SJOTLZI,X,O,O,X,O
SJOTZIL,X,O,O,X,O
SJOTZLI,X,O,O,X,O
SJOITLZ,X,O,O,X,O
SJOITZL,X,O,O,X,O
SJOILTZ,O,O,O,X,O
SJOILZT,O,O,O,X,O
SJOIZTL,O,O,O,X,O
SJOIZLT,O,O,O,X,O
SJOLTIZ,O,O,O,X,O
SJOLTZI,O,O,O,X,O
SJOLITZ,O,O,O,X,O
SJOLIZT,O,O,O,X,O
SJOLZTI,O,O,O,X,O
SJOLZIT,O,O,O,X,O
SJOZTIL,O,O,O,X,O
SJOZTLI,O,O,O,X,O
SJOZITL,O,O,O,X,O
SJOZILT,O,O,O,X,O
SJOZLTI,O,O,O,X,O
SJOZLIT,O,O,O,X,O
SZTILJO,O,X,O,O,O
SZTILOJ,O,X,O,O,O
SZTIJLO,O,X,O,O,O
SZTIJOL,O,X,O,O,O
SZTIOLJ,O,X,O,O,O
SZTIOJL,O,X,O,O,O
SZTLIJO,O,X,O,O,O
SZTLIOJ,O,X,O,O,O
SZTLJIO,O,X,O,O,O
SZTLJOI,O,X,O,O,O
SZTLOIJ,O,X,O,O,O
SZTLOJI,O,X,O,O,O
SZTJILO,O,X,O,O,O
SZTJIOL,O,X,O,O,O
SZTJLIO,O,X,O,O,O
SZTJLOI,O,X,O,O,O
SZTJOIL,O,X,O,O,O
SZTJOLI,O,X,O,O,O
SZTOILJ,O,X,O,O,O
SZTOIJL,O,X,O,O,O
SZTOLIJ,O,X,O,O,O
SZTOLJI,O,X,O,O,O
SZTOJIL,O,X,O,O,O
SZTOJLI,O,X,O,O,O
SZITLJO,O,X,O,O,O
SZITLOJ,O,X,O,O,O
SZITJLO,O,X,O,O,O
SZITJOL,O,X,O,O,O
SZITOLJ,O,X,O,O,O
SZITOJL,O,X,O,O,O
SZILTJO,O,X,O,O,O
SZILTOJ,O,X,O,O,O
SZILJTO,O,X,O,O,O
SZILJOT,O,X,O,O,O
SZILOTJ,O,X,O,O,O
SZILOJT,O,X,O,O,O
SZIJTLO,O,X,O,O,O
SZIJTOL,O,X,O,O,O
SZIJLTO,O,X,O,O,O
SZIJLOT,O,X,O,O,O
SZIJOTL,O,X,O,O,O
SZIJOLT,O,X,O,O,O
SZIOTLJ,O,X,O,O,O
SZIOTJL,O,X,O,O,O
SZIOLTJ,O,X,O,O,O
SZIOLJT,O,X,O,O,O
SZIOJTL,O,X,O,O,O
SZIOJLT,O,X,O,O,O
SZLTIJO,O,X,O,O,O
SZLTIOJ,O,X,O,O,O
SZLTJIO,O,X,O,O,O
SZLTJOI,O,X,O,O,O
SZLTOIJ,O,X,O,O,O
SZLTOJI,O,X,O,O,O
SZLITJO,O,X,O,O,O
SZLITOJ,O,X,O,O,O
SZLIJTO,O,X,O,O,O
SZLIJOT,O,X,O,O,O
SZLIOTJ,O,X,O,O,O
SZLIOJT,O,X,O,O,O
SZLJTIO,O,X,O,O,O
SZLJTOI,O,X,O,O,O
SZLJITO,O,X,O,O,O
SZLJIOT,O,X,O,O,O
SZLJOTI,O,X,O,O,O
SZLJOIT,O,X,O,O,O
SZLOTIJ,O,X,O,O,O
SZLOTJI,O,X,O,O,O
SZLOITJ,O,X,O,O,O
SZLOIJT,O,X,O,O,O
SZLOJTI,O,X,O,O,O
SZLOJIT,O,X,O,O,O
SZJTILO,O,X,O,O,O
SZJTIOL,O,X,O,O,O
SZJTLIO,O,X,O,O,O
SZJTLOI,O,X,O,O,O
SZJTOIL,O,X,O,O,O
SZJTOLI,O,X,O,O,O
SZJITLO,O,X,O,O,O
SZJITOL,O,X,O,O,O
SZJILTO,O,X,O,O,O
SZJILOT,O,X,O,O,O
SZJIOTL,O,X,O,O,O
SZJIOLT,O,X,O,O,O
SZJLTIO,O,X,O,O,O
SZJLTOI,O,X,O,O,O
SZJLITO,O,X,O,O,O
SZJLIOT,O,X,O,O,O
SZJLOTI,O,X,O,O,O
SZJLOIT,O,X,O,O,O
SZJOTIL,O,X,O,O,O
SZJOTLI,O,X,O,O,O
SZJOITL,O,X,O,O,O
SZJOILT,O,X,O,O,O
SZJOLTI,O,X,O,O,O
SZJOLIT,O,X,O,O,O
SZOTILJ,O,X,O,O,O
SZOTIJL,O,X,O,O,O
SZOTLIJ,O,X,O,O,O
SZOTLJI,O,X,O,O,O
SZOTJIL,O,X,O,O,O
SZOTJLI,O,X,O,O,O
SZOITLJ,O,X,O,O,O
SZOITJL,O,X,O,O,O
SZOILTJ,O,X,O,O,O
SZOILJT,O,X,O,O,O
SZOIJTL,O,X,O,O,O
SZOIJLT,O,X,O,O,O
SZOLTIJ,O,X,O,O,O
SZOLTJI,O,X,O,O,O
SZOLITJ,O,X,O,O,O
SZOLIJT,O,X,O,O,O
SZOLJTI,O,X,O,O,O
SZOLJIT,O,X,O,O,O
SZOJTIL,O,X,O,O,O
SZOJTLI,O,X,O,O,O
SZOJITL,O,X,O,O,O
SZOJILT,O,X,O,O,O
SZOJLTI,O,X,O,O,O
SZOJLIT,O,X,O,O,O
SOTILJZ,O,O,X,X,O
SOTILZJ,O,O,X,X,O
SOTIJLZ,X,O,X,X,O
SOTIJZL,X,O,X,X,O
SOTIZLJ,O,O,X,X,O
SOTIZJL,O,O,X,X,O
SOTLIJZ,O,O,X,X,O
SOTLIZJ,O,O,X,X,O
SOTLJIZ,O,O,O,X,O
SOTLJZI,O,O,O,X,O
SOTLZIJ,O,O,O,X,O
SOTLZJI,O,O,O,X,O
SOTJILZ,X,O,O,X,O
SOTJIZL,X,O,O,X,O
SOTJLIZ,X,O,O,X,O
SOTJLZI,X,O,O,X,O
SOTJZIL,X,O,O,X,O
SOTJZLI,X,O,O,X,O
SOTZILJ,O,O,O,X,O
SOTZIJL,O,O,O,X,O
SOTZLIJ,O,O,O,X,O
SOTZLJI,O,O,O,X,O
SOTZJIL,O,O,O,X,O
SOTZJLI,O,O,O,X,O
SOITLJZ,O,O,X,X,O
SOITLZJ,O,O,X,X,O
SOITJLZ,X,O,X,X,O
SOITJZL,X,O,X,X,O
SOITZLJ,O,O,X,X,O
SOITZJL,O,O,X,X,O
SOILTJZ,O,O,X,X,O
SOILTZJ,O,O,X,X,O
SOILJTZ,O,O,X,X,O
SOILJZT,O,O,X,X,O
SOILZTJ,O,O,X,X,O
SOILZJT,O,O,X,X,O
SOIJTLZ,X,O,X,X,O
SOIJTZL,X,O,X,X,O
SOIJLTZ,O,O,X,X,O
SOIJLZT,O,O,X,X,O
SOIJZTL,O,O,X,X,O
SOIJZLT,O,O,X,X,O
SOIZTLJ,O,O,X,X,O
SOIZTJL,O,O,X,X,O
SOIZLTJ,O,O,X,X,O
SOIZLJT,O,O,X,X,O
SOIZJTL,O,O,X,X,O
SOIZJLT,O,O,X,X,O
SOLTIJZ,O,O,X,X,O
SOLTIZJ,O,O,X,X,O
SOLTJIZ,O,O,O,X,O
SOLTJZI,O,O,O,X,O
SOLTZIJ,O,O,O,X,O
SOLTZJI,O,O,O,X,O
SOLITJZ,O,O,X,X,O
SOLITZJ,O,O,X,X,O
SOLIJTZ,O,O,X,X,O
SOLIJZT,O,O,X,X,O
SOLIZTJ,O,O,X,X,O
SOLIZJT,O,O,X,X,O
SOLJTIZ,O,O,O,X,O
SOLJTZI,O,O,O,X,O
SOLJITZ,O,O,O,X,O
SOLJIZT,O,O,O,X,O
SOLJZTI,O,O,O,X,O
SOLJZIT,O,O,O,X,O
SOLZTIJ,O,O,O,X,O
SOLZTJI,O,O,O,X,O
SOLZITJ,O,O,O,X,O
SOLZIJT,O,O,O,X,O
SOLZJTI,O,O,O,X,O
SOLZJIT,O,O,O,X,O
SOJTILZ,X,O,O,X,O
SOJTIZL,X,O,O,X,O
SOJTLIZ,X,O,O,X,O
SOJTLZI,X,O,O,X,O
SOJTZIL,X,O,O,X,O
SOJTZLI,X,O,O,X,O
SOJITLZ,X,O,O,X,O
SOJITZL,X,O,O,X,O
SOJILTZ,O,O,O,X,O
SOJILZT,O,O,O,X,O
SOJIZTL,O,O,O,X,O
SOJIZLT,O,O,O,X,O
SOJLTIZ,O,O,O,X,O
SOJLTZI,O,O,O,X,O
SOJLITZ,O,O,O,X,O
SOJLIZT,O,O,O,X,O
SOJLZTI,O,O,O,X,O
SOJLZIT,O,O,O,X,O
SOJZTIL,O,O,O,X,O
SOJZTLI,O,O,O,X,O
SOJZITL,O,O,O,X,O
SOJZILT,O,O,O,X,O
SOJZLTI,O,O,O,X,O
SOJZLIT,O,O,O,X,O
SOZTILJ,O,O,O,X,O
SOZTIJL,O,O,O,X,O
SOZTLIJ,O,O,O,X,O
SOZTLJI,O,O,O,X,O
SOZTJIL,O,O,O,X,O
SOZTJLI,O,O,O,X,O
SOZITLJ,O,O,O,X,O
SOZITJL,O,O,O,X,O
SOZILTJ,O,O,O,X,O
SOZILJT,O,O,O,X,O
SOZIJTL,O,O,O,X,O
SOZIJLT,O,O,O,X,O
SOZLTIJ,O,O,O,X,O
SOZLTJI,O,O,O,X,O
SOZLITJ,O,O,O,X,O
SOZLIJT,O,O,O,X,O
SOZLJTI,O,O,O,X,O
SOZLJIT,O,O,O,X,O
SOZJTIL,O,O,O,X,O
SOZJTLI,O,O,O,X,O
SOZJITL,O,O,O,X,O
SOZJILT,O,O,O,X,O
SOZJLTI,O,O,O,X,O
SOZJLIT,O,O,O,X,O
ZTILJSO,O,X,O,O,X
ZTILJOS,O,X,O,O,X
ZTILSJO,O,X,X,O,X
ZTILSOJ,O,X,X,O,X
ZTILOJS,O,O,O,O,X
ZTILOSJ,O,O,X,O,X
ZTIJLSO,O,X,O,O,X
ZTIJLOS,O,X,O,O,X
ZTIJSLO,O,X,O,O,X
ZTIJSOL,O,O,O,O,X
ZTIJOLS,O,O,O,O,X
ZTIJOSL,O,O,O,O,X
ZTISLJO,O,X,O,O,O
ZTISLOJ,O,X,O,O,O
ZTISJLO,O,X,O,O,O
ZTISJOL,O,X,O,O,O
ZTISOLJ,O,X,O,O,O
ZTISOJL,O,X,O,O,O
ZTIOLJS,O,O,O,O,X
ZTIOLSJ,O,O,X,O,O
ZTIOJLS,O,O,O,O,X
ZTIOJSL,O,O,O,O,X
ZTIOSLJ,O,O,O,O,O
ZTIOSJL,O,O,O,O,O
ZTLIJSO,O,X,O,O,X
ZTLIJOS,O,X,O,O,X
ZTLISJO,O,X,X,O,X
ZTLISOJ,O,X,X,O,X
ZTLIOJS,O,O,O,O,X
ZTLIOSJ,O,O,X,O,X
ZTLJISO,O,X,O,O,X
ZTLJIOS,O,X,O,O,X
ZTLJSIO,O,X,O,O,X
ZTLJSOI,O,X,O,O,X
ZTLJOIS,O,X,O,O,X
ZTLJOSI,O,X,O,O,X
ZTLSIJO,O,X,O,O,X
ZTLSIOJ,O,X,O,O,X
ZTLSJIO,O,X,O,O,X
ZTLSJOI,O,X,O,O,X
ZTLSOIJ,O,X,O,O,X
ZTLSOJI,O,X,O,O,X
ZTLOIJS,O,O,O,O,X
ZTLOISJ,O,O,X,O,X
ZTLOJIS,O,O,O,O,X
ZTLOJSI,O,O,O,O,X
ZTLOSIJ,O,O,O,O,X
ZTLOSJI,O,O,O,O,X
ZTJILSO,O,X,O,O,X
ZTJILOS,O,X,O,O,X
ZTJISLO,O,X,O,O,X
ZTJISOL,O,O,O,O,X
ZTJIOLS,O,O,O,O,X
ZTJIOSL,O,O,O,O,X
ZTJLISO,O,X,O,O,X
ZTJLIOS,O,X,O,O,X
ZTJLSIO,O,X,O,O,X
ZTJLSOI,O,X,O,O,X
ZTJLOIS,O,X,O,O,X
ZTJLOSI,O,X,O,O,X
ZTJSILO,O,X,O,O,X
ZTJSIOL,O,O,O,O,X
ZTJSLIO,O,X,O,O,X
ZTJSLOI,O,X,O,O,X
ZTJSOIL,O,O,O,O,X
ZTJSOLI,O,O,O,O,X
ZTJOILS,O,O,O,O,X
ZTJOISL,O,O,O,O,X
ZTJOLIS,O,O,O,O,X
ZTJOLSI,O,O,O,O,X
ZTJOSIL,O,O,O,O,X
ZTJOSLI,O,O,O,O,X
ZTSILJO,O,X,O,O,O
ZTSILOJ,O,X,O,O,O
ZTSIJLO,O,X,O,O,O
ZTSIJOL,O,X,O,O,O
ZTSIOLJ,O,X,O,O,O
ZTSIOJL,O,X,O,O,O
ZTSLIJO,O,X,O,O,O
ZTSLIOJ,O,X,O,O,O
ZTSLJIO,O,X,O,O,O
ZTSLJOI,O,X,O,O,O
ZTSLOIJ,O,X,O,O,O
ZTSLOJI,O,X,O,O,O
ZTSJILO,O,X,O,O,O
ZTSJIOL,O,X,O,O,O
ZTSJLIO,O,X,O,O,O
ZTSJLOI,O,X,O,O,O
ZTSJOIL,O,X,O,O,O
ZTSJOLI,O,X,O,O,O
ZTSOILJ,O,X,O,O,O
ZTSOIJL,O,X,O,O,O
ZTSOLIJ,O,X,O,O,O
ZTSOLJI,O,X,O,O,O
ZTSOJIL,O,X,O,O,O
ZTSOJLI,O,X,O,O,O
ZTOILJS,O,O,O,O,X
ZTOILSJ,O,O,X,O,O
ZTOIJLS,O,O,O,O,X
ZTOIJSL,O,O,O,O,X
ZTOISLJ,O,O,O,O,O
ZTOISJL,O,O,O,O,O
ZTOLIJS,O,O,O,O,X
ZTOLISJ,O,O,X,O,O
ZTOLJIS,O,O,O,O,X
ZTOLJSI,O,O,O,O,X
ZTOLSIJ,O,O,O,O,O
ZTOLSJI,O,O,O,O,O
ZTOJILS,O,O,O,O,X
ZTOJISL,O,O,O,O,X
ZTOJLIS,O,O,O,O,X
ZTOJLSI,O,O,O,O,X
ZTOJSIL,O,O,O,O,X
ZTOJSLI,O,O,O,O,X
ZTOSILJ,O,O,O,O,O
ZTOSIJL,O,O,O,O,O
ZTOSLIJ,O,O,O,O,O
ZTOSLJI,O,O,O,O,O
ZTOSJIL,O,O,O,O,O
ZTOSJLI,O,O,O,O,O
ZITLJSO,O,X,O,O,X
ZITLJOS,O,X,O,O,X
ZITLSJO,O,X,X,O,X
ZITLSOJ,O,X,X,O,X
ZITLOJS,O,O,O,O,X
ZITLOSJ,O,O,X,O,X
ZITJLSO,O,X,O,O,X
ZITJLOS,O,X,O,O,X
ZITJSLO,O,X,O,O,X
ZITJSOL,O,O,O,O,X
ZITJOLS,O,O,O,O,X
ZITJOSL,O,O,O,O,X
ZITSLJO,O,X,O,O,O
ZITSLOJ,O,X,O,O,O
ZITSJLO,O,X,O,O,O
ZITSJOL,O,X,O,O,O
ZITSOLJ,O,X,O,O,O
ZITSOJL,O,X,O,O,O
ZITOLJS,O,O,O,O,X
ZITOLSJ,O,O,X,O,O
ZITOJLS,O,O,O,O,X
ZITOJSL,O,O,O,O,X
ZITOSLJ,O,O,O,O,O
ZITOSJL,O,O,O,O,O
ZILTJSO,O,X,O,O,X
ZILTJOS,O,X,O,O,X
ZILTSJO,O,X,X,O,X
ZILTSOJ,O,X,X,O,X
ZILTOJS,O,O,O,O,X
ZILTOSJ,O,O,X,O,X
ZILJTSO,O,X,O,O,X
ZILJTOS,O,X,O,O,X
ZILJSTO,O,X,O,O,X
ZILJSOT,O,X,O,O,X
ZILJOTS,O,X,O,O,X
ZILJOST,O,X,O,O,X
ZILSTJO,O,X,X,O,X
ZILSTOJ,O,X,X,O,X
ZILSJTO,O,X,X,O,X
ZILSJOT,O,X,X,O,X
ZILSOTJ,O,X,X,O,X
ZILSOJT,O,X,X,O,X
ZILOTJS,O,O,O,O,X
ZILOTSJ,O,O,X,O,X
ZILOJTS,O,O,O,O,X
ZILOJST,O,O,O,O,X
ZILOSTJ,O,O,X,O,X
ZILOSJT,O,O,X,O,X
ZIJTLSO,O,X,O,O,X
ZIJTLOS,O,X,O,O,X
ZIJTSLO,O,X,O,O,X
ZIJTSOL,O,O,O,O,X
ZIJTOLS,O,O,O,O,X
ZIJTOSL,O,O,O,O,X
ZIJLTSO,O,X,O,O,X
ZIJLTOS,O,X,O,O,X
ZIJLSTO,O,X,O,O,X
ZIJLSOT,O,X,O,O,X
ZIJLOTS,O,X,O,O,X
ZIJLOST,O,X,O,O,X
ZIJSTLO,O,X,O,O,X
ZIJSTOL,O,O,O,O,X
ZIJSLTO,O,X,O,O,X
ZIJSLOT,O,X,O,O,X
ZIJSOTL,O,O,O,O,X
ZIJSOLT,O,O,O,O,X
ZIJOTLS,O,O,O,O,X
ZIJOTSL,O,O,O,O,X
ZIJOLTS,O,O,O,O,X
ZIJOLST,O,O,O,O,X
ZIJOSTL,O,O,O,O,X
ZIJOSLT,O,O,O,O,X
ZISTLJO,O,X,O,O,O
ZISTLOJ,O,X,O,O,O
ZISTJLO,O,X,O,O,O
ZISTJOL,O,X,O,O,O
ZISTOLJ,O,X,O,O,O
ZISTOJL,O,X,O,O,O
ZISLTJO,O,X,O,O,O
ZISLTOJ,O,X,O,O,O
ZISLJTO,O,X,O,O,O
ZISLJOT,O,X,O,O,O
ZISLOTJ,O,X,O,O,O
ZISLOJT,O,X,O,O,O
ZISJTLO,O,X,O,O,O
ZISJTOL,O,X,O,O,O
ZISJLTO,O,X,O,O,O
ZISJLOT,O,X,O,O,O
ZISJOTL,O,X,O,O,O
ZISJOLT,O,X,O,O,O
ZISOTLJ,O,X,O,O,O
ZISOTJL,O,X,O,O,O
ZISOLTJ,O,X,O,O,O
ZISOLJT,O,X,O,O,O
ZISOJTL,O,X,O,O,O
ZISOJLT,O,X,O,O,O
ZIOTLJS,O,O,O,O,X
ZIOTLSJ,O,O,X,O,O
ZIOTJLS,O,O,O,O,X
ZIOTJSL,O,O,O,O,X
ZIOTSLJ,O,O,O,O,O
ZIOTSJL,O,O,O,O,O
ZIOLTJS,O,O,O,O,X
ZIOLTSJ,O,O,X,O,O
ZIOLJTS,O,O,O,O,X
ZIOLJST,O,O,O,O,X
ZIOLSTJ,O,O,X,O,O
ZIOLSJT,O,O,X,O,O
ZIOJTLS,O,O,O,O,X
ZIOJTSL,O,O,O,O,X
ZIOJLTS,O,O,O,O,X
ZIOJLST,O,O,O,O,X
ZIOJSTL,O,O,O,O,X
ZIOJSLT,O,O,O,O,X
ZIOSTLJ,O,O,O,O,O
ZIOSTJL,O,O,O,O,O
ZIOSLTJ,O,O,O,O,O
ZIOSLJT,O,O,O,O,O
ZIOSJTL,O,O,O,O,O
ZIOSJLT,O,O,O,O,O
ZLTIJSO,O,X,O,O,X
ZLTIJOS,O,X,O,O,X
ZLTISJO,O,X,X,O,X
ZLTISOJ,O,X,X,O,X
ZLTIOJS,O,O,O,O,X
ZLTIOSJ,O,O,X,O,X
ZLTJISO,O,X,O,O,X
ZLTJIOS,O,X,O,O,X
ZLTJSIO,O,X,O,O,X
ZLTJSOI,O,X,O,O,X
ZLTJOIS,O,X,O,O,X
ZLTJOSI,O,X,O,O,X
ZLTSIJO,O,X,O,O,X
ZLTSIOJ,O,X,O,O,X
ZLTSJIO,O,X,O,O,X
ZLTSJOI,O,X,O,O,X
ZLTSOIJ,O,X,O,O,X
ZLTSOJI,O,X,O,O,X
ZLTOIJS,O,O,O,O,X
ZLTOISJ,O,O,X,O,X
ZLTOJIS,O,O,O,O,X
ZLTOJSI,O,O,O,O,X
ZLTOSIJ,O,O,O,O,X
ZLTOSJI,O,O,O,O,X
ZLITJSO,O,X,O,O,X
ZLITJOS,O,X,O,O,X
ZLITSJO,O,X,X,O,X
ZLITSOJ,O,X,X,O,X
ZLITOJS,O,O,O,O,X
ZLITOSJ,O,O,X,O,X
ZLIJTSO,O,X,O,O,X
ZLIJTOS,O,X,O,O,X
ZLIJSTO,O,X,O,O,X
ZLIJSOT,O,X,O,O,X
ZLIJOTS,O,X,O,O,X
ZLIJOST,O,X,O,O,X
ZLISTJO,O,X,X,O,X
ZLISTOJ,O,X,X,O,X
ZLISJTO,O,X,X,O,X
ZLISJOT,O,X,X,O,X
ZLISOTJ,O,X,X,O,X
ZLISOJT,O,X,X,O,X
ZLIOTJS,O,O,O,O,X
ZLIOTSJ,O,O,X,O,X
ZLIOJTS,O,O,O,O,X
ZLIOJST,O,O,O,O,X
ZLIOSTJ,O,O,X,O,X
ZLIOSJT,O,O,X,O,X
ZLJTISO,O,X,O,O,X
ZLJTIOS,O,X,O,O,X
ZLJTSIO,O,X,O,O,X
ZLJTSOI,O,X,O,O,X
ZLJTOIS,O,X,O,O,X
ZLJTOSI,O,X,O,O,X
ZLJITSO,O,X,O,O,X
ZLJITOS,O,X,O,O,X
ZLJISTO,O,X,O,O,X
ZLJISOT,O,X,O,O,X
ZLJIOTS,O,X,O,O,X
ZLJIOST,O,X,O,O,X
ZLJSTIO,O,X,O,O,X
ZLJSTOI,O,X,O,O,X
ZLJSITO,O,X,O,O,X
ZLJSIOT,O,X,O,O,X
ZLJSOTI,O,X,O,O,X
ZLJSOIT,O,X,O,O,X
ZLJOTIS,O,X,O,O,X
ZLJOTSI,O,X,O,O,X
ZLJOITS,O,X,O,O,X
ZLJOIST,O,X,O,O,X
ZLJOSTI,O,X,O,O,X
ZLJOSIT,O,X,O,O,X
ZLSTIJO,O,X,O,O,X
ZLSTIOJ,O,X,O,O,X
ZLSTJIO,O,X,O,O,X
ZLSTJOI,O,X,O,O,X
ZLSTOIJ,O,X,O,O,X
ZLSTOJI,O,X,O,O,X
ZLSITJO,O,X,O,O,X
ZLSITOJ,O,X,O,O,X
ZLSIJTO,O,X,O,O,X
ZLSIJOT,O,X,O,O,X
ZLSIOTJ,O,X,O,O,X
ZLSIOJT,O,X,O,O,X
ZLSJTIO,O,X,O,O,X
ZLSJTOI,O,X,O,O,X
ZLSJITO,O,X,O,O,X
ZLSJIOT,O,X,O,O,X
ZLSJOTI,O,X,O,O,X
ZLSJOIT,O,X,O,O,X
ZLSOTIJ,O,X,O,O,X
ZLSOTJI,O,X,O,O,X
ZLSOITJ,O,X,O,O,X
ZLSOIJT,O,X,O,O,X
ZLSOJTI,O,X,O,O,X
ZLSOJIT,O,X,O,O,X
ZLOTIJS,O,O,O,O,X
ZLOTISJ,O,O,X,O,X
ZLOTJIS,O,O,O,O,X
ZLOTJSI,O,O,O,O,X
ZLOTSIJ,O,O,O,O,X
ZLOTSJI,O,O,O,O,X
ZLOITJS,O,O,O,O,X
ZLOITSJ,O,O,X,O,X
ZLOIJTS,O,O,O,O,X
ZLOIJST,O,O,O,O,X
ZLOISTJ,O,O,X,O,X
ZLOISJT,O,O,X,O,X
ZLOJTIS,O,O,O,O,X
ZLOJTSI,O,O,O,O,X
ZLOJITS,O,O,O,O,X
ZLOJIST,O,O,O,O,X
ZLOJSTI,O,O,O,O,X
ZLOJSIT,O,O,O,O,X
ZLOSTIJ,O,O,O,O,X
ZLOSTJI,O,O,O,O,X
ZLOSITJ,O,O,O,O,X
ZLOSIJT,O,O,O,O,X
ZLOSJTI,O,O,O,O,X
ZLOSJIT,O,O,O,O,X
ZJTILSO,O,X,O,O,X
ZJTILOS,O,X,O,O,X
ZJTISLO,O,X,O,O,X
ZJTISOL,O,O,O,O,X
ZJTIOLS,O,O,O,O,X
ZJTIOSL,O,O,O,O,X
ZJTLISO,O,X,O,O,X
ZJTLIOS,O,X,O,O,X
ZJTLSIO,O,X,O,O,X
ZJTLSOI,O,X,O,O,X
ZJTLOIS,O,X,O,O,X
ZJTLOSI,O,X,O,O,X
ZJTSILO,O,X,O,O,X
ZJTSIOL,O,O,O,O,X
ZJTSLIO,O,X,O,O,X
ZJTSLOI,O,X,O,O,X
ZJTSOIL,O,O,O,O,X
ZJTSOLI,O,O,O,O,X
ZJTOILS,O,O,O,O,X
ZJTOISL,O,O,O,O,X
ZJTOLIS,O,O,O,O,X
ZJTOLSI,O,O,O,O,X
ZJTOSIL,O,O,O,O,X
ZJTOSLI,O,O,O,O,X
ZJITLSO,O,X,O,O,X
ZJITLOS,O,X,O,O,X
ZJITSLO,O,X,O,O,X
ZJITSOL,O,O,O,O,X
ZJITOLS,O,O,O,O,X
ZJITOSL,O,O,O,O,X
ZJILTSO,O,X,O,O,X
ZJILTOS,O,X,O,O,X
ZJILSTO,O,X,O,O,X
ZJILSOT,O,X,O,O,X
ZJILOTS,O,X,O,O,X
ZJILOST,O,X,O,O,X
ZJISTLO,O,X,O,O,X
ZJISTOL,O,O,O,O,X
ZJISLTO,O,X,O,O,X
ZJISLOT,O,X,O,O,X
ZJISOTL,O,O,O,O,X
ZJISOLT,O,O,O,O,X
ZJIOTLS,O,O,O,O,X
ZJIOTSL,O,O,O,O,X
ZJIOLTS,O,O,O,O,X
ZJIOLST,O,O,O,O,X
ZJIOSTL,O,O,O,O,X
ZJIOSLT,O,O,O,O,X
ZJLTISO,O,X,O,O,X
ZJLTIOS,O,X,O,O,X
ZJLTSIO,O,X,O,O,X
ZJLTSOI,O,X,O,O,X
ZJLTOIS,O,X,O,O,X
ZJLTOSI,O,X,O,O,X
ZJLITSO,O,X,O,O,X
ZJLITOS,O,X,O,O,X
ZJLISTO,O,X,O,O,X
ZJLISOT,O,X,O,O,X
ZJLIOTS,O,X,O,O,X
ZJLIOST,O,X,O,O,X
ZJLSTIO,O,X,O,O,X
ZJLSTOI,O,X,O,O,X
ZJLSITO,O,X,O,O,X
ZJLSIOT,O,X,O,O,X
ZJLSOTI,O,X,O,O,X
ZJLSOIT,O,X,O,O,X
ZJLOTIS,O,X,O,O,X
ZJLOTSI,O,X,O,O,X
ZJLOITS,O,X,O,O,X
ZJLOIST,O,X,O,O,X
ZJLOSTI,O,X,O,O,X
ZJLOSIT,O,X,O,O,X
ZJSTILO,O,X,O,O,X
ZJSTIOL,O,O,O,O,X
ZJSTLIO,O,X,O,O,X
ZJSTLOI,O,X,O,O,X
ZJSTOIL,O,O,O,O,X
ZJSTOLI,O,O,O,O,X
ZJSITLO,O,X,O,O,X
ZJSITOL,O,O,O,O,X
ZJSILTO,O,X,O,O,X
ZJSILOT,O,X,O,O,X
ZJSIOTL,O,O,O,O,X
ZJSIOLT,O,O,O,O,X
ZJSLTIO,O,X,O,O,X
ZJSLTOI,O,X,O,O,X
ZJSLITO,O,X,O,O,X
ZJSLIOT,O,X,O,O,X
ZJSLOTI,O,X,O,O,X
ZJSLOIT,O,X,O,O,X
ZJSOTIL,O,O,O,O,X
ZJSOTLI,O,O,O,O,X
ZJSOITL,O,O,O,O,X
ZJSOILT,O,O,O,O,X
ZJSOLTI,O,O,O,O,X
ZJSOLIT,O,O,O,O,X
ZJOTILS,O,O,O,O,X
ZJOTISL,O,O,O,O,X
ZJOTLIS,O,O,O,O,X
ZJOTLSI,O,O,O,O,X
ZJOTSIL,O,O,O,O,X
ZJOTSLI,O,O,O,O,X
ZJOITLS,O,O,O,O,X
ZJOITSL,O,O,O,O,X
ZJOILTS,O,O,O,O,X
ZJOILST,O,O,O,O,X
ZJOISTL,O,O,O,O,X
ZJOISLT,O,O,O,O,X
ZJOLTIS,O,O,O,O,X
ZJOLTSI,O,O,O,O,X
ZJOLITS,O,O,O,O,X
ZJOLIST,O,O,O,O,X
ZJOLSTI,O,O,O,O,X
ZJOLSIT,O,O,O,O,X
ZJOSTIL,O,O,O,O,X
ZJOSTLI,O,O,O,O,X
ZJOSITL,O,O,O,O,X
ZJOSILT,O,O,O,O,X
ZJOSLTI,O,O,O,O,X
ZJOSLIT,O,O,O,O,X
ZSTILJO,O,X,O,O,O
ZSTILOJ,O,X,O,O,O
ZSTIJLO,O,X,O,O,O
ZSTIJOL,O,X,O,O,O
ZSTIOLJ,O,X,O,O,O
ZSTIOJL,O,X,O,O,O
ZSTLIJO,O,X,O,O,O
ZSTLIOJ,O,X,O,O,O
ZSTLJIO,O,X,O,O,O
ZSTLJOI,O,X,O,O,O
ZSTLOIJ,O,X,O,O,O
ZSTLOJI,O,X,O,O,O
ZSTJILO,O,X,O,O,O
ZSTJIOL,O,X,O,O,O
ZSTJLIO,O,X,O,O,O
ZSTJLOI,O,X,O,O,O
ZSTJOIL,O,X,O,O,O
ZSTJOLI,O,X,O,O,O
ZSTOILJ,O,X,O,O,O
ZSTOIJL,O,X,O,O,O
ZSTOLIJ,O,X,O,O,O
ZSTOLJI,O,X,O,O,O
ZSTOJIL,O,X,O,O,O
ZSTOJLI,O,X,O,O,O
ZSITLJO,O,X,O,O,O
ZSITLOJ,O,X,O,O,O
ZSITJLO,O,X,O,O,O
ZSITJOL,O,X,O,O,O
ZSITOLJ,O,X,O,O,O
ZSITOJL,O,X,O,O,O
ZSILTJO,O,X,O,O,O
ZSILTOJ,O,X,O,O,O
ZSILJTO,O,X,O,O,O
ZSILJOT,O,X,O,O,O
ZSILOTJ,O,X,O,O,O
ZSILOJT,O,X,O,O,O
ZSIJTLO,O,X,O,O,O
ZSIJTOL,O,X,O,O,O
ZSIJLTO,O,X,O,O,O
ZSIJLOT,O,X,O,O,O
ZSIJOTL,O,X,O,O,O
ZSIJOLT,O,X,O,O,O
ZSIOTLJ,O,X,O,O,O
ZSIOTJL,O,X,O,O,O
ZSIOLTJ,O,X,O,O,O
ZSIOLJT,O,X,O,O,O
ZSIOJTL,O,X,O,O,O
ZSIOJLT,O,X,O,O,O
ZSLTIJO,O,X,O,O,O
ZSLTIOJ,O,X,O,O,O
ZSLTJIO,O,X,O,O,O
ZSLTJOI,O,X,O,O,O
ZSLTOIJ,O,X,O,O,O
ZSLTOJI,O,X,O,O,O
ZSLITJO,O,X,O,O,O
ZSLITOJ,O,X,O,O,O
ZSLIJTO,O,X,O,O,O
ZSLIJOT,O,X,O,O,O
ZSLIOTJ,O,X,O,O,O
ZSLIOJT,O,X,O,O,O
ZSLJTIO,O,X,O,O,O
ZSLJTOI,O,X,O,O,O
ZSLJITO,O,X,O,O,O
ZSLJIOT,O,X,O,O,O
ZSLJOTI,O,X,O,O,O
ZSLJOIT,O,X,O,O,O
ZSLOTIJ,O,X,O,O,O
ZSLOTJI,O,X,O,O,O
ZSLOITJ,O,X,O,O,O
ZSLOIJT,O,X,O,O,O
ZSLOJTI,O,X,O,O,O
ZSLOJIT,O,X,O,O,O
ZSJTILO,O,X,O,O,O
ZSJTIOL,O,X,O,O,O
ZSJTLIO,O,X,O,O,O
ZSJTLOI,O,X,O,O,O
ZSJTOIL,O,X,O,O,O
ZSJTOLI,O,X,O,O,O
ZSJITLO,O,X,O,O,O
ZSJITOL,O,X,O,O,O
ZSJILTO,O,X,O,O,O
ZSJILOT,O,X,O,O,O
ZSJIOTL,O,X,O,O,O
ZSJIOLT,O,X,O,O,O
ZSJLTIO,O,X,O,O,O
ZSJLTOI,O,X,O,O,O
ZSJLITO,O,X,O,O,O
ZSJLIOT,O,X,O,O,O
ZSJLOTI,O,X,O,O,O
ZSJLOIT,O,X,O,O,O
ZSJOTIL,O,X,O,O,O
ZSJOTLI,O,X,O,O,O
ZSJOITL,O,X,O,O,O
ZSJOILT,O,X,O,O,O
ZSJOLTI,O,X,O,O,O
ZSJOLIT,O,X,O,O,O
ZSOTILJ,O,X,O,O,O
ZSOTIJL,O,X,O,O,O
ZSOTLIJ,O,X,O,O,O
ZSOTLJI,O,X,O,O,O
ZSOTJIL,O,X,O,O,O
ZSOTJLI,O,X,O,O,O
ZSOITLJ,O,X,O,O,O
ZSOITJL,O,X,O,O,O
ZSOILTJ,O,X,O,O,O
ZSOILJT,O,X,O,O,O
ZSOIJTL,O,X,O,O,O
ZSOIJLT,O,X,O,O,O
ZSOLTIJ,O,X,O,O,O
ZSOLTJI,O,X,O,O,O
ZSOLITJ,O,X,O,O,O
ZSOLIJT,O,X,O,O,O
ZSOLJTI,O,X,O,O,O
ZSOLJIT,O,X,O,O,O
ZSOJTIL,O,X,O,O,O
ZSOJTLI,O,X,O,O,O
ZSOJITL,O,X,O,O,O
ZSOJILT,O,X,O,O,O
ZSOJLTI,O,X,O,O,O
ZSOJLIT,O,X,O,O,O
ZOTILJS,O,O,O,O,X
ZOTILSJ,O,O,X,O,O
ZOTIJLS,O,O,O,O,X
ZOTIJSL,O,O,O,O,X
ZOTISLJ,O,O,O,O,O
ZOTISJL,O,O,O,O,O
ZOTLIJS,O,O,O,O,X
ZOTLISJ,O,O,X,O,O
ZOTLJIS,O,O,O,O,X
ZOTLJSI,O,O,O,O,X
ZOTLSIJ,O,O,O,O,O
ZOTLSJI,O,O,O,O,O
ZOTJILS,O,O,O,O,X
ZOTJISL,O,O,O,O,X
ZOTJLIS,O,O,O,O,X
ZOTJLSI,O,O,O,O,X
ZOTJSIL,O,O,O,O,X
ZOTJSLI,O,O,O,O,X
ZOTSILJ,O,O,O,O,O
ZOTSIJL,O,O,O,O,O
ZOTSLIJ,O,O,O,O,O
ZOTSLJI,O,O,O,O,O
ZOTSJIL,O,O,O,O,O
ZOTSJLI,O,O,O,O,O
ZOITLJS,O,O,O,O,X
ZOITLSJ,O,O,X,O,O
ZOITJLS,O,O,O,O,X
ZOITJSL,O,O,O,O,X
ZOITSLJ,O,O,O,O,O
ZOITSJL,O,O,O,O,O
ZOILTJS,O,O,O,O,X
ZOILTSJ,O,O,X,O,O
ZOILJTS,O,O,O,O,X
ZOILJST,O,O,O,O,X
ZOILSTJ,O,O,X,O,O
ZOILSJT,O,O,X,O,O
ZOIJTLS,O,O,O,O,X
ZOIJTSL,O,O,O,O,X
ZOIJLTS,O,O,O,O,X
ZOIJLST,O,O,O,O,X
ZOIJSTL,O,O,O,O,X
ZOIJSLT,O,O,O,O,X
ZOISTLJ,O,O,O,O,O
ZOISTJL,O,O,O,O,O
ZOISLTJ,O,O,O,O,O
ZOISLJT,O,O,O,O,O
ZOISJTL,O,O,O,O,O
ZOISJLT,O,O,O,O,O
ZOLTIJS,O,O,O,O,X
ZOLTISJ,O,O,X,O,O
ZOLTJIS,O,O,O,O,X
ZOLTJSI,O,O,O,O,X
ZOLTSIJ,O,O,O,O,O
ZOLTSJI,O,O,O,O,O
ZOLITJS,O,O,O,O,X
ZOLITSJ,O,O,X,O,O
ZOLIJTS,O,O,O,O,X
ZOLIJST,O,O,O,O,X
ZOLISTJ,O,O,X,O,O
ZOLISJT,O,O,X,O,O
ZOLJTIS,O,O,O,O,X
ZOLJTSI,O,O,O,O,X
ZOLJITS,O,O,O,O,X
ZOLJIST,O,O,O,O,X
ZOLJSTI,O,O,O,O,X
ZOLJSIT,O,O,O,O,X
ZOLSTIJ,O,O,O,O,O
ZOLSTJI,O,O,O,O,O
ZOLSITJ,O,O,O,O,O
ZOLSIJT,O,O,O,O,O
ZOLSJTI,O,O,O,O,O
ZOLSJIT,O,O,O,O,O
ZOJTILS,O,O,O,O,X
ZOJTISL,O,O,O,O,X
ZOJTLIS,O,O,O,O,X
ZOJTLSI,O,O,O,O,X
ZOJTSIL,O,O,O,O,X
ZOJTSLI,O,O,O,O,X
ZOJITLS,O,O,O,O,X
ZOJITSL,O,O,O,O,X
ZOJILTS,O,O,O,O,X
ZOJILST,O,O,O,O,X
ZOJISTL,O,O,O,O,X
ZOJISLT,O,O,O,O,X
ZOJLTIS,O,O,O,O,X
ZOJLTSI,O,O,O,O,X
ZOJLITS,O,O,O,O,X
ZOJLIST,O,O,O,O,X
ZOJLSTI,O,O,O,O,X
ZOJLSIT,O,O,O,O,X
ZOJSTIL,O,O,O,O,X
ZOJSTLI,O,O,O,O,X
ZOJSITL,O,O,O,O,X
ZOJSILT,O,O,O,O,X
ZOJSLTI,O,O,O,O,X
ZOJSLIT,O,O,O,O,X
ZOSTILJ,O,O,O,O,O
ZOSTIJL,O,O,O,O,O
ZOSTLIJ,O,O,O,O,O
ZOSTLJI,O,O,O,O,O
ZOSTJIL,O,O,O,O,O
ZOSTJLI,O,O,O,O,O
ZOSITLJ,O,O,O,O,O
ZOSITJL,O,O,O,O,O
ZOSILTJ,O,O,O,O,O
ZOSILJT,O,O,O,O,O
ZOSIJTL,O,O,O,O,O
ZOSIJLT,O,O,O,O,O
ZOSLTIJ,O,O,O,O,O
ZOSLTJI,O,O,O,O,O
ZOSLITJ,O,O,O,O,O
ZOSLIJT,O,O,O,O,O
ZOSLJTI,O,O,O,O,O
ZOSLJIT,O,O,O,O,O
ZOSJTIL,O,O,O,O,O
ZOSJTLI,O,O,O,O,O
ZOSJITL,O,O,O,O,O
ZOSJILT,O,O,O,O,O
ZOSJLTI,O,O,O,O,O
ZOSJLIT,O,O,O,O,O
OTILJSZ,X,O,X,X,O
OTILJZS,O,O,X,X,X
OTILSJZ,O,O,X,O,O
OTILSZJ,O,O,X,O,O
OTILZJS,O,O,X,O,X
OTILZSJ,O,O,X,O,O
OTIJLSZ,X,O,X,X,O
OTIJLZS,X,O,X,X,X
OTIJSLZ,X,O,O,X,O
OTIJSZL,X,O,O,X,O
OTIJZLS,X,O,O,X,X
OTIJZSL,X,O,O,X,X
OTISLJZ,O,O,X,X,O
OTISLZJ,O,O,X,X,O
OTISJLZ,X,O,X,X,O
OTISJZL,X,O,X,X,O
OTISZLJ,O,O,X,X,O
OTISZJL,O,O,X,X,O
OTIZLJS,O,O,O,O,X
OTIZLSJ,O,O,X,O,O
OTIZJLS,O,O,O,O,X
OTIZJSL,O,O,O,O,X
OTIZSLJ,O,O,X,O,O
OTIZSJL,O,O,O,O,O
OTLIJSZ,X,O,X,X,O
OTLIJZS,O,O,X,X,X
OTLISJZ,O,O,X,O,O
OTLISZJ,O,O,X,O,O
OTLIZJS,O,O,X,O,X
OTLIZSJ,O,O,X,O,O
OTLJISZ,X,O,X,X,O
OTLJIZS,O,O,X,X,X
OTLJSIZ,X,O,X,X,O
OTLJSZI,X,O,X,X,O
OTLJZIS,O,O,X,X,X
OTLJZSI,O,O,X,X,X
OTLSIJZ,O,O,X,O,O
OTLSIZJ,O,O,X,O,O
OTLSJIZ,O,O,X,O,O
OTLSJZI,O,O,X,O,O
OTLSZIJ,O,O,X,O,O
OTLSZJI,O,O,X,O,O
OTLZIJS,O,O,X,O,X
OTLZISJ,O,O,X,O,O
OTLZJIS,O,O,X,O,X
OTLZJSI,O,O,X,O,X
OTLZSIJ,O,O,X,O,O
OTLZSJI,O,O,X,O,O
OTJILSZ,X,O,X,X,O
OTJILZS,X,O,X,X,X
OTJISLZ,X,O,O,X,O
OTJISZL,X,O,O,X,O
OTJIZLS,X,O,O,X,X
OTJIZSL,X,O,O,X,X
OTJLISZ,X,O,X,X,O
OTJLIZS,X,O,X,X,X
OTJLSIZ,X,O,X,X,O
OTJLSZI,X,O,X,X,O
OTJLZIS,X,O,X,X,X
OTJLZSI,X,O,X,X,X
OTJSILZ,X,O,O,X,O
OTJSIZL,X,O,O,X,O
OTJSLIZ,X,O,O,X,O
OTJSLZI,X,O,O,X,O
OTJSZIL,X,O,O,X,O
OTJSZLI,X,O,O,X,O
OTJZILS,X,O,O,X,X
OTJZISL,X,O,O,X,X
OTJZLIS,X,O,O,X,X
OTJZLSI,X,O,O,X,X
OTJZSIL,X,O,O,X,X
OTJZSLI,X,O,O,X,X
OTSILJZ,O,O,X,X,O
OTSILZJ,O,O,X,X,O
OTSIJLZ,X,O,X,X,O
OTSIJZL,X,O,X,X,O
OTSIZLJ,O,O,X,X,O
OTSIZJL,O,O,X,X,O
OTSLIJZ,O,O,X,X,O
OTSLIZJ,O,O,X,X,O
OTSLJIZ,O,O,O,X,O
OTSLJZI,O,O,O,X,O
OTSLZIJ,O,O,O,X,O
OTSLZJI,O,O,O,X,O
OTSJILZ,X,O,O,X,O
OTSJIZL,X,O,O,X,O
OTSJLIZ,X,O,O,X,O
OTSJLZI,X,O,O,X,O
OTSJZIL,X,O,O,X,O
OTSJZLI,X,O,O,X,O
OTSZILJ,O,O,O,X,O
OTSZIJL,O,O,O,X,O
OTSZLIJ,O,O,O,X,O
OTSZLJI,O,O,O,X,O
OTSZJIL,O,O,O,X,O
OTSZJLI,O,O,O,X,O
OTZILJS,O,O,O,O,X
OTZILSJ,O,O,X,O,O
OTZIJLS,O,O,O,O,X
OTZIJSL,O,O,O,O,X
OTZISLJ,O,O,O,O,O
OTZISJL,O,O,O,O,O
OTZLIJS,O,O,O,O,X
OTZLISJ,O,O,X,O,O
OTZLJIS,O,O,O,O,X
OTZLJSI,O,O,O,O,X
OTZLSIJ,O,O,O,O,O
OTZLSJI,O,O,O,O,O
OTZJILS,O,O,O,O,X
OTZJISL,O,O,O,O,X
OTZJLIS,O,O,O,O,X
OTZJLSI,O,O,O,O,X
OTZJSIL,O,O,O,O,X
OTZJSLI,O,O,O,O,X
OTZSILJ,O,O,O,O,O
OTZSIJL,O,O,O,O,O
OTZSLIJ,O,O,O,O,O
OTZSLJI,O,O,O,O,O
OTZSJIL,O,O,O,O,O
OTZSJLI,O,O,O,O,O
OITLJSZ,X,O,X,X,O
OITLJZS,O,O,X,X,X
OITLSJZ,O,O,X,O,O
OITLSZJ,O,O,X,O,O
OITLZJS,O,O,X,O,X
OITLZSJ,O,O,X,O,O
OITJLSZ,X,O,X,X,O
OITJLZS,X,O,X,X,X
OITJSLZ,X,O,O,X,O
OITJSZL,X,O,O,X,O
OITJZLS,X,O,O,X,X
OITJZSL,X,O,O,X,X
OITSLJZ,O,O,X,X,O
OITSLZJ,O,O,X,X,O
OITSJLZ,X,O,X,X,O
OITSJZL,X,O,X,X,O
OITSZLJ,O,O,X,X,O
OITSZJL,O,O,X,X,O
OITZLJS,O,O,O,O,X
OITZLSJ,O,O,X,O,O
OITZJLS,O,O,O,O,X
OITZJSL,O,O,O,O,X
OITZSLJ,O,O,X,O,O
OITZSJL,O,O,O,O,O
OILTJSZ,X,O,X,X,O
OILTJZS,O,O,X,X,X
OILTSJZ,O,O,X,O,O
OILTSZJ,O,O,X,O,O
OILTZJS,O,O,X,O,X
OILTZSJ,O,O,X,O,O
OILJTSZ,X,O,X,X,O
OILJTZS,O,O,X,X,X
OILJSTZ,X,O,X,X,O
OILJSZT,X,O,X,X,O
OILJZTS,O,O,X,X,X
OILJZST,O,O,X,X,X
OILSTJZ,O,O,X,O,O
OILSTZJ,O,O,X,O,O
OILSJTZ,O,O,X,O,O
OILSJZT,O,O,X,O,O
OILSZTJ,O,O,X,O,O
OILSZJT,O,O,X,O,O
OILZTJS,O,O,X,O,X
OILZTSJ,O,O,X,O,O
OILZJTS,O,O,X,O,X
OILZJST,O,O,X,O,X
OILZSTJ,O,O,X,O,O
OILZSJT,O,O,X,O,O
OIJTLSZ,X,O,X,X,O
OIJTLZS,X,O,X,X,X
OIJTSLZ,X,O,O,X,O
OIJTSZL,X,O,O,X,O
OIJTZLS,X,O,O,X,X
OIJTZSL,X,O,O,X,X
OIJLTSZ,X,O,X,X,O
OIJLTZS,X,O,X,X,X
OIJLSTZ,X,O,X,X,O
OIJLSZT,X,O,X,X,O
OIJLZTS,X,O,X,X,X
OIJLZST,X,O,X,X,X
OIJSTLZ,X,O,O,X,O
OIJSTZL,X,O,O,X,O
OIJSLTZ,X,O,O,X,O
OIJSLZT,X,O,O,X,O
OIJSZTL,X,O,O,X,O
OIJSZLT,X,O,O,X,O
OIJZTLS,X,O,O,X,X
OIJZTSL,X,O,O,X,X
OIJZLTS,X,O,O,X,X
OIJZLST,X,O,O,X,X
OIJZSTL,X,O,O,X,X
OIJZSLT,X,O,O,X,X
OISTLJZ,O,O,X,X,O
OISTLZJ,O,O,X,X,O
OISTJLZ,X,O,X,X,O
OISTJZL,X,O,X,X,O
OISTZLJ,O,O,X,X,O
OISTZJL,O,O,X,X,O
OISLTJZ,O,O,X,X,O
OISLTZJ,O,O,X,X,O
OISLJTZ,O,O,X,X,O
OISLJZT,O,O,X,X,O
OISLZTJ,O,O,X,X,O
OISLZJT,O,O,X,X,O
OISJTLZ,X,O,X,X,O
OISJTZL,X,O,X,X,O
OISJLTZ,O,O,X,X,O
OISJLZT,O,O,X,X,O
OISJZTL,O,O,X,X,O
OISJZLT,O,O,X,X,O
OISZTLJ,O,O,X,X,O
OISZTJL,O,O,X,X,O
OISZLTJ,O,O,X,X,O
OISZLJT,O,O,X,X,O
OISZJTL,O,O,X,X,O
OISZJLT,O,O,X,X,O
OIZTLJS,O,O,O,O,X
OIZTLSJ,O,O,X,O,O
OIZTJLS,O,O,O,O,X
OIZTJSL,O,O,O,O,X
OIZTSLJ,O,O,X,O,O
OIZTSJL,O,O,O,O,O
OIZLTJS,O,O,O,O,X
OIZLTSJ,O,O,X,O,O
OIZLJTS,O,O,O,O,X
OIZLJST,O,O,O,O,X
OIZLSTJ,O,O,X,O,O
OIZLSJT,O,O,X,O,O
OIZJTLS,O,O,O,O,X
OIZJTSL,O,O,O,O,X
OIZJLTS,O,O,O,O,X
OIZJLST,O,O,O,O,X
OIZJSTL,O,O,O,O,X
OIZJSLT,O,O,O,O,X
OIZSTLJ,O,O,X,O,O
OIZSTJL,O,O,O,O,O
OIZSLTJ,O,O,X,O,O
OIZSLJT,O,O,X,O,O
OIZSJTL,O,O,O,O,O
OIZSJLT,O,O,O,O,O
OLTIJSZ,X,O,X,X,O
OLTIJZS,O,O,X,X,X
OLTISJZ,O,O,X,O,O
OLTISZJ,O,O,X,O,O
OLTIZJS,O,O,X,O,X
OLTIZSJ,O,O,X,O,O
OLTJISZ,X,O,X,X,O
OLTJIZS,O,O,X,X,X
OLTJSIZ,X,O,X,X,O
OLTJSZI,X,O,X,X,O
OLTJZIS,O,O,X,X,X
OLTJZSI,O,O,X,X,X
OLTSIJZ,O,O,X,O,O
OLTSIZJ,O,O,X,O,O
OLTSJIZ,O,O,X,O,O
OLTSJZI,O,O,X,O,O
OLTSZIJ,O,O,X,O,O
OLTSZJI,O,O,X,O,O
OLTZIJS,O,O,X,O,X
OLTZISJ,O,O,X,O,O
OLTZJIS,O,O,X,O,X
OLTZJSI,O,O,X,O,X
OLTZSIJ,O,O,X,O,O
OLTZSJI,O,O,X,O,O
OLITJSZ,X,O,X,X,O
OLITJZS,O,O,X,X,X
OLITSJZ,O,O,X,O,O
OLITSZJ,O,O,X,O,O
OLITZJS,O,O,X,O,X
OLITZSJ,O,O,X,O,O
OLIJTSZ,X,O,X,X,O
OLIJTZS,O,O,X,X,X
OLIJSTZ,X,O,X,X,O
OLIJSZT,X,O,X,X,O
OLIJZTS,O,O,X,X,X
OLIJZST,O,O,X,X,X
OLISTJZ,O,O,X,O,O
OLISTZJ,O,O,X,O,O
OLISJTZ,O,O,X,O,O
OLISJZT,O,O,X,O,O
OLISZTJ,O,O,X,O,O
OLISZJT,O,O,X,O,O
OLIZTJS,O,O,X,O,X
OLIZTSJ,O,O,X,O,O
OLIZJTS,O,O,X,O,X
OLIZJST,O,O,X,O,X
OLIZSTJ,O,O,X,O,O
OLIZSJT,O,O,X,O,O
OLJTISZ,X,O,X,X,O
OLJTIZS,O,O,X,X,X
OLJTSIZ,X,O,X,X,O
OLJTSZI,X,O,X,X,O
OLJTZIS,O,O,X,X,X
OLJTZSI,O,O,X,X,X
OLJITSZ,X,O,X,X,O
OLJITZS,O,O,X,X,X
OLJISTZ,X,O,X,X,O
OLJISZT,X,O,X,X,O
OLJIZTS,O,O,X,X,X
OLJIZST,O,O,X,X,X
OLJSTIZ,X,O,X,X,O
OLJSTZI,X,O,X,X,O
OLJSITZ,X,O,X,X,O
OLJSIZT,X,O,X,X,O
OLJSZTI,X,O,X,X,O
OLJSZIT,X,O,X,X,O
OLJZTIS,O,O,X,X,X
OLJZTSI,O,O,X,X,X
OLJZITS,O,O,X,X,X
OLJZIST,O,O,X,X,X
OLJZSTI,O,O,X,X,X
OLJZSIT,O,O,X,X,X
OLSTIJZ,O,O,X,O,O
OLSTIZJ,O,O,X,O,O
OLSTJIZ,O,O,X,O,O
OLSTJZI,O,O,X,O,O
OLSTZIJ,O,O,X,O,O
OLSTZJI,O,O,X,O,O
OLSITJZ,O,O,X,O,O
OLSITZJ,O,O,X,O,O
OLSIJTZ,O,O,X,O,O
OLSIJZT,O,O,X,O,O
OLSIZTJ,O,O,X,O,O
OLSIZJT,O,O,X,O,O
OLSJTIZ,O,O,X,O,O
OLSJTZI,O,O,X,O,O
OLSJITZ,O,O,X,O,O
OLSJIZT,O,O,X,O,O
OLSJZTI,O,O,X,O,O
OLSJZIT,O,O,X,O,O
OLSZTIJ,O,O,X,O,O
OLSZTJI,O,O,X,O,O
OLSZITJ,O,O,X,O,O
OLSZIJT,O,O,X,O,O
OLSZJTI,O,O,X,O,O
OLSZJIT,O,O,X,O,O
OLZTIJS,O,O,X,O,X
OLZTISJ,O,O,X,O,O
OLZTJIS,O,O,X,O,X
OLZTJSI,O,O,X,O,X
OLZTSIJ,O,O,X,O,O
OLZTSJI,O,O,X,O,O
OLZITJS,O,O,X,O,X
OLZITSJ,O,O,X,O,O
OLZIJTS,O,O,X,O,X
OLZIJST,O,O,X,O,X
OLZISTJ,O,O,X,O,O
OLZISJT,O,O,X,O,O
OLZJTIS,O,O,X,O,X
OLZJTSI,O,O,X,O,X
OLZJITS,O,O,X,O,X
OLZJIST,O,O,X,O,X
OLZJSTI,O,O,X,O,X
OLZJSIT,O,O,X,O,X
OLZSTIJ,O,O,X,O,O
OLZSTJI,O,O,X,O,O
OLZSITJ,O,O,X,O,O
OLZSIJT,O,O,X,O,O
OLZSJTI,O,O,X,O,O
OLZSJIT,O,O,X,O,O
OJTILSZ,X,O,X,X,O
OJTILZS,X,O,X,X,X
OJTISLZ,X,O,O,X,O
OJTISZL,X,O,O,X,O
OJTIZLS,X,O,O,X,X
OJTIZSL,X,O,O,X,X
OJTLISZ,X,O,X,X,O
OJTLIZS,X,O,X,X,X
OJTLSIZ,X,O,X,X,O
OJTLSZI,X,O,X,X,O
OJTLZIS,X,O,X,X,X
OJTLZSI,X,O,X,X,X
OJTSILZ,X,O,O,X,O
OJTSIZL,X,O,O,X,O
OJTSLIZ,X,O,O,X,O
OJTSLZI,X,O,O,X,O
OJTSZIL,X,O,O,X,O
OJTSZLI,X,O,O,X,O
OJTZILS,X,O,O,X,X
OJTZISL,X,O,O,X,X
OJTZLIS,X,O,O,X,X
OJTZLSI,X,O,O,X,X
OJTZSIL,X,O,O,X,X
OJTZSLI,X,O,O,X,X
OJITLSZ,X,O,X,X,O
OJITLZS,X,O,X,X,X
OJITSLZ,X,O,O,X,O
OJITSZL,X,O,O,X,O
OJITZLS,X,O,O,X,X
OJITZSL,X,O,O,X,X
OJILTSZ,X,O,X,X,O
OJILTZS,X,O,X,X,X
OJILSTZ,X,O,X,X,O
OJILSZT,X,O,X,X,O
OJILZTS,X,O,X,X,X
OJILZST,X,O,X,X,X
OJISTLZ,X,O,O,X,O
OJISTZL,X,O,O,X,O
OJISLTZ,X,O,O,X,O
OJISLZT,X,O,O,X,O
OJISZTL,X,O,O,X,O
OJISZLT,X,O,O,X,O
OJIZTLS,X,O,O,X,X
OJIZTSL,X,O,O,X,X
OJIZLTS,X,O,O,X,X
OJIZLST,X,O,O,X,X
OJIZSTL,X,O,O,X,X
OJIZSLT,X,O,O,X,X
OJLTISZ,X,O,X,X,O
OJLTIZS,X,O,X,X,X
OJLTSIZ,X,O,X,X,O
OJLTSZI,X,O,X,X,O
OJLTZIS,X,O,X,X,X
OJLTZSI,X,O,X,X,X
OJLITSZ,X,O,X,X,O
OJLITZS,X,O,X,X,X
OJLISTZ,X,O,X,X,O
OJLISZT,X,O,X,X,O
OJLIZTS,X,O,X,X,X
OJLIZST,X,O,X,X,X
OJLSTIZ,X,O,X,X,O
OJLSTZI,X,O,X,X,O
OJLSITZ,X,O,X,X,O
OJLSIZT,X,O,X,X,O
OJLSZTI,X,O,X,X,O
OJLSZIT,X,O,X,X,O
OJLZTIS,X,O,X,X,X
OJLZTSI,X,O,X,X,X
OJLZITS,X,O,X,X,X
OJLZIST,X,O,X,X,X
OJLZSTI,X,O,X,X,X
OJLZSIT,X,O,X,X,X
OJSTILZ,X,O,O,X,O
OJSTIZL,X,O,O,X,O
OJSTLIZ,X,O,O,X,O
OJSTLZI,X,O,O,X,O
OJSTZIL,X,O,O,X,O
OJSTZLI,X,O,O,X,O
OJSITLZ,X,O,O,X,O
OJSITZL,X,O,O,X,O
OJSILTZ,X,O,O,X,O
OJSILZT,X,O,O,X,O
OJSIZTL,X,O,O,X,O
OJSIZLT,X,O,O,X,O
OJSLTIZ,X,O,O,X,O
OJSLTZI,X,O,O,X,O
OJSLITZ,X,O,O,X,O
OJSLIZT,X,O,O,X,O
OJSLZTI,X,O,O,X,O
OJSLZIT,X,O,O,X,O
OJSZTIL,X,O,O,X,O
OJSZTLI,X,O,O,X,O
OJSZITL,X,O,O,X,O
OJSZILT,X,O,O,X,O
OJSZLTI,X,O,O,X,O
OJSZLIT,X,O,O,X,O
OJZTILS,X,O,O,X,X
OJZTISL,X,O,O,X,X
OJZTLIS,X,O,O,X,X
OJZTLSI,X,O,O,X,X
OJZTSIL,X,O,O,X,X
OJZTSLI,X,O,O,X,X
OJZITLS,X,O,O,X,X
OJZITSL,X,O,O,X,X
OJZILTS,X,O,O,X,X
OJZILST,X,O,O,X,X
OJZISTL,X,O,O,X,X
OJZISLT,X,O,O,X,X
OJZLTIS,X,O,O,X,X
OJZLTSI,X,O,O,X,X
OJZLITS,X,O,O,X,X
OJZLIST,X,O,O,X,X
OJZLSTI,X,O,O,X,X
OJZLSIT,X,O,O,X,X
OJZSTIL,X,O,O,X,X
OJZSTLI,X,O,O,X,X
OJZSITL,X,O,O,X,X
OJZSILT,X,O,O,X,X
OJZSLTI,X,O,O,X,X
OJZSLIT,X,O,O,X,X
OSTILJZ,O,O,X,X,O
OSTILZJ,O,O,X,X,O
OSTIJLZ,X,O,X,X,O
OSTIJZL,X,O,X,X,O
OSTIZLJ,O,O,X,X,O
OSTIZJL,O,O,X,X,O
OSTLIJZ,O,O,X,X,O
OSTLIZJ,O,O,X,X,O
OSTLJIZ,O,O,O,X,O
OSTLJZI,O,O,O,X,O
OSTLZIJ,O,O,O,X,O
OSTLZJI,O,O,O,X,O
OSTJILZ,X,O,O,X,O
OSTJIZL,X,O,O,X,O
OSTJLIZ,X,O,O,X,O
OSTJLZI,X,O,O,X,O
OSTJZIL,X,O,O,X,O
OSTJZLI,X,O,O,X,O
OSTZILJ,O,O,O,X,O
OSTZIJL,O,O,O,X,O
OSTZLIJ,O,O,O,X,O
OSTZLJI,O,O,O,X,O
OSTZJIL,O,O,O,X,O
OSTZJLI,O,O,O,X,O
OSITLJZ,O,O,X,X,O
OSITLZJ,O,O,X,X,O
OSITJLZ,X,O,X,X,O
OSITJZL,X,O,X,X,O
OSITZLJ,O,O,X,X,O
OSITZJL,O,O,X,X,O
OSILTJZ,O,O,X,X,O
OSILTZJ,O,O,X,X,O
OSILJTZ,O,O,X,X,O
OSILJZT,O,O,X,X,O
OSILZTJ,O,O,X,X,O
OSILZJT,O,O,X,X,O
OSIJTLZ,X,O,X,X,O
OSIJTZL,X,O,X,X,O
OSIJLTZ,O,O,X,X,O
OSIJLZT,O,O,X,X,O
OSIJZTL,O,O,X,X,O
OSIJZLT,O,O,X,X,O
OSIZTLJ,O,O,X,X,O
OSIZTJL,O,O,X,X,O
OSIZLTJ,O,O,X,X,O
OSIZLJT,O,O,X,X,O
OSIZJTL,O,O,X,X,O
OSIZJLT,O,O,X,X,O
OSLTIJZ,O,O,X,X,O
OSLTIZJ,O,O,X,X,O
OSLTJIZ,O,O,O,X,O
OSLTJZI,O,O,O,X,O
OSLTZIJ,O,O,O,X,O
OSLTZJI,O,O,O,X,O
OSLITJZ,O,O,X,X,O
OSLITZJ,O,O,X,X,O
OSLIJTZ,O,O,X,X,O
OSLIJZT,O,O,X,X,O
OSLIZTJ,O,O,X,X,O
OSLIZJT,O,O,X,X,O
OSLJTIZ,O,O,O,X,O
OSLJTZI,O,O,O,X,O
OSLJITZ,O,O,O,X,O
OSLJIZT,O,O,O,X,O
OSLJZTI,O,O,O,X,O
OSLJZIT,O,O,O,X,O
OSLZTIJ,O,O,O,X,O
OSLZTJI,O,O,O,X,O
OSLZITJ,O,O,O,X,O
OSLZIJT,O,O,O,X,O
OSLZJTI,O,O,O,X,O
OSLZJIT,O,O,O,X,O
OSJTILZ,X,O,O,X,O
OSJTIZL,X,O,O,X,O
OSJTLIZ,X,O,O,X,O
OSJTLZI,X,O,O,X,O
OSJTZIL,X,O,O,X,O
OSJTZLI,X,O,O,X,O
OSJITLZ,X,O,O,X,O
OSJITZL,X,O,O,X,O
OSJILTZ,O,O,O,X,O
OSJILZT,O,O,O,X,O
OSJIZTL,O,O,O,X,O
OSJIZLT,O,O,O,X,O
OSJLTIZ,O,O,O,X,O
OSJLTZI,O,O,O,X,O
OSJLITZ,O,O,O,X,O
OSJLIZT,O,O,O,X,O
OSJLZTI,O,O,O,X,O
OSJLZIT,O,O,O,X,O
OSJZTIL,O,O,O,X,O
OSJZTLI,O,O,O,X,O
OSJZITL,O,O,O,X,O
OSJZILT,O,O,O,X,O
OSJZLTI,O,O,O,X,O
OSJZLIT,O,O,O,X,O
OSZTILJ,O,O,O,X,O
OSZTIJL,O,O,O,X,O
OSZTLIJ,O,O,O,X,O
OSZTLJI,O,O,O,X,O
OSZTJIL,O,O,O,X,O
OSZTJLI,O,O,O,X,O
OSZITLJ,O,O,O,X,O
OSZITJL,O,O,O,X,O
OSZILTJ,O,O,O,X,O
OSZILJT,O,O,O,X,O
OSZIJTL,O,O,O,X,O
OSZIJLT,O,O,O,X,O
OSZLTIJ,O,O,O,X,O
OSZLTJI,O,O,O,X,O
OSZLITJ,O,O,O,X,O
OSZLIJT,O,O,O,X,O
OSZLJTI,O,O,O,X,O
OSZLJIT,O,O,O,X,O
OSZJTIL,O,O,O,X,O
OSZJTLI,O,O,O,X,O
OSZJITL,O,O,O,X,O
OSZJILT,O,O,O,X,O
OSZJLTI,O,O,O,X,O
OSZJLIT,O,O,O,X,O
OZTILJS,O,O,O,O,X
OZTILSJ,O,O,X,O,O
OZTIJLS,O,O,O,O,X
OZTIJSL,O,O,O,O,X
OZTISLJ,O,O,O,O,O
OZTISJL,O,O,O,O,O
OZTLIJS,O,O,O,O,X
OZTLISJ,O,O,X,O,O
OZTLJIS,O,O,O,O,X
OZTLJSI,O,O,O,O,X
OZTLSIJ,O,O,O,O,O
OZTLSJI,O,O,O,O,O
OZTJILS,O,O,O,O,X
OZTJISL,O,O,O,O,X
OZTJLIS,O,O,O,O,X
OZTJLSI,O,O,O,O,X
OZTJSIL,O,O,O,O,X
OZTJSLI,O,O,O,O,X
OZTSILJ,O,O,O,O,O
OZTSIJL,O,O,O,O,O
OZTSLIJ,O,O,O,O,O
OZTSLJI,O,O,O,O,O
OZTSJIL,O,O,O,O,O
OZTSJLI,O,O,O,O,O
OZITLJS,O,O,O,O,X
OZITLSJ,O,O,X,O,O
OZITJLS,O,O,O,O,X
OZITJSL,O,O,O,O,X
OZITSLJ,O,O,O,O,O
OZITSJL,O,O,O,O,O
OZILTJS,O,O,O,O,X
OZILTSJ,O,O,X,O,O
OZILJTS,O,O,O,O,X
OZILJST,O,O,O,O,X
OZILSTJ,O,O,X,O,O
OZILSJT,O,O,X,O,O
OZIJTLS,O,O,O,O,X
OZIJTSL,O,O,O,O,X
OZIJLTS,O,O,O,O,X
OZIJLST,O,O,O,O,X
OZIJSTL,O,O,O,O,X
OZIJSLT,O,O,O,O,X
OZISTLJ,O,O,O,O,O
OZISTJL,O,O,O,O,O
OZISLTJ,O,O,O,O,O
OZISLJT,O,O,O,O,O
OZISJTL,O,O,O,O,O
OZISJLT,O,O,O,O,O
OZLTIJS,O,O,O,O,X
OZLTISJ,O,O,X,O,O
OZLTJIS,O,O,O,O,X
OZLTJSI,O,O,O,O,X
OZLTSIJ,O,O,O,O,O
OZLTSJI,O,O,O,O,O
OZLITJS,O,O,O,O,X
OZLITSJ,O,O,X,O,O
OZLIJTS,O,O,O,O,X
OZLIJST,O,O,O,O,X
OZLISTJ,O,O,X,O,O
OZLISJT,O,O,X,O,O
OZLJTIS,O,O,O,O,X
OZLJTSI,O,O,O,O,X
OZLJITS,O,O,O,O,X
OZLJIST,O,O,O,O,X
OZLJSTI,O,O,O,O,X
OZLJSIT,O,O,O,O,X
OZLSTIJ,O,O,O,O,O
OZLSTJI,O,O,O,O,O
OZLSITJ,O,O,O,O,O
OZLSIJT,O,O,O,O,O
OZLSJTI,O,O,O,O,O
OZLSJIT,O,O,O,O,O
OZJTILS,O,O,O,O,X
OZJTISL,O,O,O,O,X
OZJTLIS,O,O,O,O,X
OZJTLSI,O,O,O,O,X
OZJTSIL,O,O,O,O,X
OZJTSLI,O,O,O,O,X
OZJITLS,O,O,O,O,X
OZJITSL,O,O,O,O,X
OZJILTS,O,O,O,O,X
OZJILST,O,O,O,O,X
OZJISTL,O,O,O,O,X
OZJISLT,O,O,O,O,X
OZJLTIS,O,O,O,O,X
OZJLTSI,O,O,O,O,X
OZJLITS,O,O,O,O,X
OZJLIST,O,O,O,O,X
OZJLSTI,O,O,O,O,X
OZJLSIT,O,O,O,O,X
OZJSTIL,O,O,O,O,X
OZJSTLI,O,O,O,O,X
OZJSITL,O,O,O,O,X
OZJSILT,O,O,O,O,X
OZJSLTI,O,O,O,O,X
OZJSLIT,O,O,O,O,X
OZSTILJ,O,O,O,O,O
OZSTIJL,O,O,O,O,O
OZSTLIJ,O,O,O,O,O
OZSTLJI,O,O,O,O,O
OZSTJIL,O,O,O,O,O
OZSTJLI,O,O,O,O,O
OZSITLJ,O,O,O,O,O
OZSITJL,O,O,O,O,O
OZSILTJ,O,O,O,O,O
OZSILJT,O,O,O,O,O
OZSIJTL,O,O,O,O,O
OZSIJLT,O,O,O,O,O
OZSLTIJ,O,O,O,O,O
OZSLTJI,O,O,O,O,O
OZSLITJ,O,O,O,O,O
OZSLIJT,O,O,O,O,O
OZSLJTI,O,O,O,O,O
OZSLJIT,O,O,O,O,O
OZSJTIL,O,O,O,O,O
OZSJTLI,O,O,O,O,O
OZSJITL,O,O,O,O,O
OZSJILT,O,O,O,O,O
OZSJLTI,O,O,O,O,O
OZSJLIT,O,O,O,O,O
