sequence,v115@MhA8GeC8EeA8AeG8JeZEJvhFUgBFhBOnB6oBfqBzsB,v115@MhA8GeC8EeA8AeG8JeZEJvhFUgBFhBKnBziB+oBfqB
TILJSZO,O,O
TILJSOZ,O,O
TILJZSO,O,O
TILJZOS,X,O
TILJOSZ,O,O
TILJOZS,O,O
TILSJZO,O,O
TILSJOZ,O,O
TILSZJO,O,O
TILSZOJ,O,O
TILSOJZ,O,O
TILSOZJ,O,O
TILZJSO,O,O
TILZJOS,X,O
TILZSJO,O,O
TILZSOJ,O,O
TILZOJS,O,X
TILZOSJ,O,X
TILOJSZ,O,O
TILOJZS,O,O
TILOSJZ,O,O
TILOSZJ,O,O
TILOZJS,O,X
TILOZSJ,O,X
TIJLSZO,O,O
TIJLSOZ,O,O
TIJLZSO,O,O
TIJLZOS,X,O
TIJLOSZ,O,O
TIJLOZS,O,O
TIJSLZO,O,O
TIJSLOZ,O,O
TIJSZLO,O,O
TIJSZOL,O,O
TIJSOLZ,O,O
TIJSOZL,O,O
TIJZLSO,O,O
TIJZLOS,X,O
TIJZSLO,O,O
TIJZSOL,O,O
TIJZOLS,O,X
TIJZOSL,O,X
TIJOLSZ,O,O
TIJOLZS,O,O
TIJOSLZ,O,O
TIJOSZL,O,O
TIJOZLS,O,X
TIJOZSL,O,X
TISLJZO,O,O
TISLJOZ,O,O
TISLZJO,O,O
TISLZOJ,O,O
TISLOJZ,O,O
TISLOZJ,O,O
TISJLZO,O,O
TISJLOZ,O,O
TISJZLO,O,O
TISJZOL,O,O
TISJOLZ,O,O
TISJOZL,O,O
TISZLJO,O,O
TISZLOJ,O,O
TISZJLO,O,O
TISZJOL,O,O
TISZOLJ,O,O
TISZOJL,O,O
TISOLJZ,O,O
TISOLZJ,O,O
TISOJLZ,O,O
TISOJZL,O,O
TISOZLJ,O,O
TISOZJL,O,O
TIZLJSO,O,O
TIZLJOS,X,O
TIZLSJO,O,O
TIZLSOJ,O,O
TIZLOJS,O,X
TIZLOSJ,O,X
TIZJLSO,O,O
TIZJLOS,X,O
TIZJSLO,O,O
TIZJSOL,O,O
TIZJOLS,O,X
TIZJOSL,O,X
TIZSLJO,O,O
TIZSLOJ,O,O
TIZSJLO,O,O
TIZSJOL,O,O
TIZSOLJ,O,O
TIZSOJL,O,O
TIZOLJS,O,X
TIZOLSJ,O,X
TIZOJLS,O,X
TIZOJSL,O,X
TIZOSLJ,O,X
TIZOSJL,O,X
TIOLJSZ,O,O
TIOLJZS,O,O
TIOLSJZ,O,O
TIOLSZJ,O,O
TIOLZJS,O,X
TIOLZSJ,O,X
TIOJLSZ,O,O
TIOJLZS,O,O
TIOJSLZ,O,O
TIOJSZL,O,O
TIOJZLS,O,X
TIOJZSL,O,X
TIOSLJZ,O,O
TIOSLZJ,O,O
TIOSJLZ,O,O
TIOSJZL,O,O
TIOSZLJ,O,O
TIOSZJL,O,O
TIOZLJS,O,X
TIOZLSJ,O,X
TIOZJLS,O,X
TIOZJSL,O,X
TIOZSLJ,O,X
TIOZSJL,O,X
TLIJSZO,O,O
TLIJSOZ,O,O
TLIJZSO,O,O
TLIJZOS,X,O
TLIJOSZ,O,O
TLIJOZS,O,O
TLISJZO,O,O
TLISJOZ,O,O
TLISZJO,O,O
TLISZOJ,O,O
TLISOJZ,O,O
TLISOZJ,O,O
TLIZJSO,O,O
TLIZJOS,X,O
TLIZSJO,O,O
TLIZSOJ,O,O
TLIZOJS,O,X
TLIZOSJ,O,X
TLIOJSZ,O,O
TLIOJZS,O,O
TLIOSJZ,O,O
TLIOSZJ,O,O
TLIOZJS,O,X
TLIOZSJ,O,X
TLJISZO,O,O
TLJISOZ,O,O
TLJIZSO,O,O
TLJIZOS,X,O
TLJIOSZ,O,O
TLJIOZS,O,O
TLJSIZO,O,O
TLJSIOZ,O,O
TLJSZIO,O,O
TLJSZOI,O,O
TLJSOIZ,O,O
TLJSOZI,O,O
TLJZISO,O,O
TLJZIOS,X,O
TLJZSIO,O,O
TLJZSOI,O,O
TLJZOIS,X,O
TLJZOSI,X,O
TLJOISZ,O,O
TLJOIZS,O,O
TLJOSIZ,O,O
TLJOSZI,O,O
TLJOZIS,O,O
TLJOZSI,O,O
TLSIJZO,O,O
TLSIJOZ,O,O
TLSIZJO,O,O
TLSIZOJ,O,O
TLSIOJZ,O,O
TLSIOZJ,O,O
TLSJIZO,O,O
TLSJIOZ,O,O
TLSJZIO,O,O
TLSJZOI,O,O
TLSJOIZ,O,O
TLSJOZI,O,O
TLSZIJO,O,O
TLSZIOJ,O,O
TLSZJIO,O,O
TLSZJOI,O,O
TLSZOIJ,O,O
TLSZOJI,O,O
TLSOIJZ,O,O
TLSOIZJ,O,O
TLSOJIZ,O,O
TLSOJZI,O,O
TLSOZIJ,O,O
TLSOZJI,O,O
TLZIJSO,O,O
TLZIJOS,X,O
TLZISJO,O,O
TLZISOJ,O,O
TLZIOJS,O,X
TLZIOSJ,O,X
TLZJISO,O,O
TLZJIOS,X,O
TLZJSIO,O,O
TLZJSOI,O,O
TLZJOIS,X,O
TLZJOSI,X,O
TLZSIJO,O,O
TLZSIOJ,O,O
TLZSJIO,O,O
TLZSJOI,O,O
TLZSOIJ,O,O
TLZSOJI,O,O
TLZOIJS,O,X
TLZOISJ,O,X
TLZOJIS,O,X
TLZOJSI,O,X
TLZOSIJ,O,X
TLZOSJI,O,X
TLOIJSZ,O,O
TLOIJZS,O,O
TLOISJZ,O,O
TLOISZJ,O,O
TLOIZJS,O,X
TLOIZSJ,O,X
TLOJISZ,O,O
TLOJIZS,O,O
TLOJSIZ,O,O
TLOJSZI,O,O
TLOJZIS,O,O
TLOJZSI,O,O
TLOSIJZ,O,O
TLOSIZJ,O,O
TLOSJIZ,O,O
TLOSJZI,O,O
TLOSZIJ,O,O
TLOSZJI,O,O
TLOZIJS,O,X
TLOZISJ,O,X
TLOZJIS,O,X
TLOZJSI,O,X
TLOZSIJ,O,X
TLOZSJI,O,X
TJILSZO,O,O
TJILSOZ,O,O
TJILZSO,O,O
TJILZOS,X,O
TJILOSZ,O,O
TJILOZS,O,O
TJISLZO,O,O
TJISLOZ,O,O
TJISZLO,O,O
TJISZOL,O,O
TJISOLZ,O,O
TJISOZL,O,O
TJIZLSO,O,O
TJIZLOS,X,O
TJIZSLO,O,O
TJIZSOL,O,O
TJIZOLS,O,X
TJIZOSL,O,X
TJIOLSZ,O,O
TJIOLZS,O,O
TJIOSLZ,O,O
TJIOSZL,O,O
TJIOZLS,O,X
TJIOZSL,O,X
TJLISZO,O,O
TJLISOZ,O,O
TJLIZSO,O,O
TJLIZOS,X,O
TJLIOSZ,O,O
TJLIOZS,O,O
TJLSIZO,O,O
TJLSIOZ,O,O
TJLSZIO,O,O
TJLSZOI,O,O
TJLSOIZ,O,O
TJLSOZI,O,O
TJLZISO,O,O
TJLZIOS,X,O
TJLZSIO,O,O
TJLZSOI,O,O
TJLZOIS,X,O
TJLZOSI,X,O
TJLOISZ,O,O
TJLOIZS,O,O
TJLOSIZ,O,O
TJLOSZI,O,O
TJLOZIS,O,O
TJLOZSI,O,O
TJSILZO,O,O
TJSILOZ,O,O
TJSIZLO,O,O
TJSIZOL,O,O
TJSIOLZ,O,O
TJSIOZL,O,O
TJSLIZO,O,O
TJSLIOZ,O,O
TJSLZIO,O,O
TJSLZOI,O,O
TJSLOIZ,O,O
TJSLOZI,O,O
TJSZILO,O,O
TJSZIOL,O,O
TJSZLIO,O,O
TJSZLOI,O,O
TJSZOIL,O,O
TJSZOLI,O,O
TJSOILZ,O,O
TJSOIZL,O,O
TJSOLIZ,O,O
TJSOLZI,O,O
TJSOZIL,O,O
TJSOZLI,O,O
TJZILSO,O,O
TJZILOS,X,O
TJZISLO,O,O
TJZISOL,O,O
TJZIOLS,O,X
TJZIOSL,O,X
TJZLISO,O,O
TJZLIOS,X,O
TJZLSIO,O,O
TJZLSOI,O,O
TJZLOIS,X,O
TJZLOSI,X,O
TJZSILO,O,O
TJZSIOL,O,O
TJZSLIO,O,O
TJZSLOI,O,O
TJZSOIL,O,O
TJZSOLI,O,O
TJZOILS,O,X
TJZOISL,O,X
TJZOLIS,O,X
TJZOLSI,O,X
TJZOSIL,O,X
TJZOSLI,O,X
TJOILSZ,O,O
TJOILZS,O,O
TJOISLZ,O,O
TJOISZL,O,O
TJOIZLS,O,X
TJOIZSL,O,X
TJOLISZ,O,O
TJOLIZS,O,O
TJOLSIZ,O,O
TJOLSZI,O,O
TJOLZIS,O,O
TJOLZSI,O,O
TJOSILZ,O,O
TJOSIZL,O,O
TJOSLIZ,O,O
TJOSLZI,O,O
TJOSZIL,O,O
TJOSZLI,O,O
TJOZILS,O,X
TJOZISL,O,X
TJOZLIS,O,X
TJOZLSI,O,X
TJOZSIL,O,X
TJOZSLI,O,X
TSILJZO,O,O
TSILJOZ,O,O
TSILZJO,O,O
TSILZOJ,O,O
TSILOJZ,O,O
TSILOZJ,O,O
TSIJLZO,O,O
TSIJLOZ,O,O
TSIJZLO,O,O
TSIJZOL,O,O
TSIJOLZ,O,O
TSIJOZL,O,O
TSIZLJO,O,O
TSIZLOJ,O,O
TSIZJLO,O,O
TSIZJOL,O,O
TSIZOLJ,O,O
TSIZOJL,O,O
TSIOLJZ,O,O
TSIOLZJ,O,O
TSIOJLZ,O,O
TSIOJZL,O,O
TSIOZLJ,O,O
TSIOZJL,O,O
TSLIJZO,O,O
TSLIJOZ,O,O
TSLIZJO,O,O
TSLIZOJ,O,O
TSLIOJZ,O,O
TSLIOZJ,O,O
TSLJIZO,O,O
TSLJIOZ,O,O
TSLJZIO,O,O
TSLJZOI,O,O
TSLJOIZ,O,O
TSLJOZI,O,O
TSLZIJO,O,O
TSLZIOJ,O,O
TSLZJIO,O,O
TSLZJOI,O,O
TSLZOIJ,O,O
TSLZOJI,O,O
TSLOIJZ,O,O
TSLOIZJ,O,O
TSLOJIZ,O,O
TSLOJZI,O,O
TSLOZIJ,O,O
TSLOZJI,O,O
TSJILZO,O,O
TSJILOZ,O,O
TSJIZLO,O,O
TSJIZOL,O,O
TSJIOLZ,O,O
TSJIOZL,O,O
TSJLIZO,O,O
TSJLIOZ,O,O
TSJLZIO,O,O
TSJLZOI,O,O
TSJLOIZ,O,O
TSJLOZI,O,O
TSJZILO,O,O
TSJZIOL,O,O
TSJZLIO,O,O
TSJZLOI,O,O
TSJZOIL,O,O
TSJZOLI,O,O
TSJOILZ,O,O
TSJOIZL,O,O
TSJOLIZ,O,O
TSJOLZI,O,O
TSJOZIL,O,O
TSJOZLI,O,O
TSZILJO,O,O
TSZILOJ,O,O
TSZIJLO,O,O
TSZIJOL,O,O
TSZIOLJ,O,O
TSZIOJL,O,O
TSZLIJO,O,O
TSZLIOJ,O,O
TSZLJIO,O,O
TSZLJOI,O,O
TSZLOIJ,O,O
TSZLOJI,O,O
TSZJILO,O,O
TSZJIOL,O,O
TSZJLIO,O,O
TSZJLOI,O,O
TSZJOIL,O,O
TSZJOLI,O,O
TSZOILJ,O,O
TSZOIJL,O,O
TSZOLIJ,O,O
TSZOLJI,O,O
TSZOJIL,O,O
TSZOJLI,O,O
TSOILJZ,O,O
TSOILZJ,O,O
TSOIJLZ,O,O
TSOIJZL,O,O
TSOIZLJ,O,O
TSOIZJL,O,O
TSOLIJZ,O,O
TSOLIZJ,O,O
TSOLJIZ,O,O
TSOLJZI,O,O
TSOLZIJ,O,O
TSOLZJI,O,O
TSOJILZ,O,O
TSOJIZL,O,O
TSOJLIZ,O,O
TSOJLZI,O,O
TSOJZIL,O,O
TSOJZLI,O,O
TSOZILJ,O,O
TSOZIJL,O,O
TSOZLIJ,O,O
TSOZLJI,O,O
TSOZJIL,O,O
TSOZJLI,O,O
TZILJSO,O,O
TZILJOS,X,O
TZILSJO,O,O
TZILSOJ,O,O
TZILOJS,O,X
TZILOSJ,O,X
TZIJLSO,O,O
TZIJLOS,X,O
TZIJSLO,O,O
TZIJSOL,O,O
TZIJOLS,O,X
TZIJOSL,O,X
TZISLJO,O,O
TZISLOJ,O,O
TZISJLO,O,O
TZISJOL,O,O
TZISOLJ,O,O
TZISOJL,O,O
TZIOLJS,O,X
TZIOLSJ,O,X
TZIOJLS,O,X
TZIOJSL,O,X
TZIOSLJ,O,X
TZIOSJL,O,X
TZLIJSO,O,O
TZLIJOS,X,O
TZLISJO,O,O
TZLISOJ,O,O
TZLIOJS,O,X
TZLIOSJ,O,X
TZLJISO,O,O
TZLJIOS,X,O
TZLJSIO,O,O
TZLJSOI,O,O
TZLJOIS,X,O
TZLJOSI,X,O
TZLSIJO,O,O
TZLSIOJ,O,O
TZLSJIO,O,O
TZLSJOI,O,O
TZLSOIJ,O,O
TZLSOJI,O,O
TZLOIJS,O,X
TZLOISJ,O,X
TZLOJIS,O,X
TZLOJSI,O,X
TZLOSIJ,O,X
TZLOSJI,O,X
TZJILSO,O,O
TZJILOS,X,O
TZJISLO,O,O
TZJISOL,O,O
TZJIOLS,O,X
TZJIOSL,O,X
TZJLISO,O,O
TZJLIOS,X,O
TZJLSIO,O,O
TZJLSOI,O,O
TZJLOIS,X,O
TZJLOSI,X,O
TZJSILO,O,O
TZJSIOL,O,O
TZJSLIO,O,O
TZJSLOI,O,O
TZJSOIL,O,O
TZJSOLI,O,O
TZJOILS,O,X
TZJOISL,O,X
TZJOLIS,O,X
TZJOLSI,O,X
TZJOSIL,O,X
TZJOSLI,O,X
TZSILJO,O,O
TZSILOJ,O,O
TZSIJLO,O,O
TZSIJOL,O,O
TZSIOLJ,O,O
TZSIOJL,O,O
TZSLIJO,O,O
TZSLIOJ,O,O
TZSLJIO,O,O
TZSLJOI,O,O
TZSLOIJ,O,O
TZSLOJI,O,O
TZSJILO,O,O
TZSJIOL,O,O
TZSJLIO,O,O
TZSJLOI,O,O
TZSJOIL,O,O
TZSJOLI,O,O
TZSOILJ,O,O
TZSOIJL,O,O
TZSOLIJ,O,O
TZSOLJI,O,O
TZSOJIL,O,O
TZSOJLI,O,O
TZOILJS,O,X
TZOILSJ,O,X
TZOIJLS,O,X
TZOIJSL,O,X
TZOISLJ,O,X
TZOISJL,O,X
TZOLIJS,O,X
TZOLISJ,O,X
TZOLJIS,O,X
TZOLJSI,O,X
TZOLSIJ,O,X
TZOLSJI,O,X
TZOJILS,O,X
TZOJISL,O,X
TZOJLIS,O,X
TZOJLSI,O,X
TZOJSIL,O,X
TZOJSLI,O,X
TZOSILJ,O,X
TZOSIJL,O,X
TZOSLIJ,O,X
TZOSLJI,O,X
TZOSJIL,O,X
TZOSJLI,O,X
TOILJSZ,O,O
TOILJZS,O,O
TOILSJZ,O,O
TOILSZJ,O,O
TOILZJS,O,X
TOILZSJ,O,X
TOIJLSZ,O,O
TOIJLZS,O,O
TOIJSLZ,O,O
TOIJSZL,O,O
TOIJZLS,O,X
TOIJZSL,O,X
TOISLJZ,O,O
TOISLZJ,O,O
TOISJLZ,O,O
TOISJZL,O,O
TOISZLJ,O,O
TOISZJL,O,O
TOIZLJS,O,X
TOIZLSJ,O,X
TOIZJLS,O,X
TOIZJSL,O,X
TOIZSLJ,O,X
TOIZSJL,O,X
TOLIJSZ,O,O
TOLIJZS,O,O
TOLISJZ,O,O
TOLISZJ,O,O
TOLIZJS,O,X
TOLIZSJ,O,X
TOLJISZ,O,O
TOLJIZS,O,O
TOLJSIZ,O,O
TOLJSZI,O,O
TOLJZIS,O,O
TOLJZSI,O,O
TOLSIJZ,O,O
TOLSIZJ,O,O
TOLSJIZ,O,O
TOLSJZI,O,O
TOLSZIJ,O,O
TOLSZJI,O,O
TOLZIJS,O,X
TOLZISJ,O,X
TOLZJIS,O,X
TOLZJSI,O,X
TOLZSIJ,O,X
TOLZSJI,O,X
TOJILSZ,O,O
TOJILZS,O,O
TOJISLZ,O,O
TOJISZL,O,O
TOJIZLS,O,X
TOJIZSL,O,X
TOJLISZ,O,O
TOJLIZS,O,O
TOJLSIZ,O,O
TOJLSZI,O,O
TOJLZIS,O,O
TOJLZSI,O,O
TOJSILZ,O,O
TOJSIZL,O,O
TOJSLIZ,O,O
TOJSLZI,O,O
TOJSZIL,O,O
TOJSZLI,O,O
TOJZILS,O,X
TOJZISL,O,X
TOJZLIS,O,X
TOJZLSI,O,X
TOJZSIL,O,X
TOJZSLI,O,X
TOSILJZ,O,O
TOSILZJ,O,O
TOSIJLZ,O,O
TOSIJZL,O,O
TOSIZLJ,O,O
TOSIZJL,O,O
TOSLIJZ,O,O
TOSLIZJ,O,O
TOSLJIZ,O,O
TOSLJZI,O,O
TOSLZIJ,O,O
TOSLZJI,O,O
TOSJILZ,O,O
TOSJIZL,O,O
TOSJLIZ,O,O
TOSJLZI,O,O
TOSJZIL,O,O
TOSJZLI,O,O
TOSZILJ,O,O
TOSZIJL,O,O
TOSZLIJ,O,O
TOSZLJI,O,O
TOSZJIL,O,O
TOSZJLI,O,O
TOZILJS,O,X
TOZILSJ,O,X
TOZIJLS,O,X
TOZIJSL,O,X
TOZISLJ,O,X
TOZISJL,O,X
TOZLIJS,O,X
TOZLISJ,O,X
TOZLJIS,O,X
TOZLJSI,O,X
TOZLSIJ,O,X
TOZLSJI,O,X
TOZJILS,O,X
TOZJISL,O,X
TOZJLIS,O,X
TOZJLSI,O,X
TOZJSIL,O,X
TOZJSLI,O,X
TOZSILJ,O,X
TOZSIJL,O,X
TOZSLIJ,O,X
TOZSLJI,O,X
TOZSJIL,O,X
TOZSJLI,O,X
ITLJSZO,O,O
ITLJSOZ,O,O
ITLJZSO,O,O
ITLJZOS,X,O
ITLJOSZ,O,O
ITLJOZS,O,O
ITLSJZO,O,O
ITLSJOZ,O,O
ITLSZJO,O,O
ITLSZOJ,O,O
ITLSOJZ,O,O
ITLSOZJ,O,O
ITLZJSO,O,O
ITLZJOS,X,O
ITLZSJO,O,O
ITLZSOJ,O,O
ITLZOJS,O,X
ITLZOSJ,O,X
ITLOJSZ,O,O
ITLOJZS,O,O
ITLOSJZ,O,O
ITLOSZJ,O,O
ITLOZJS,O,X
ITLOZSJ,O,X
ITJLSZO,O,O
ITJLSOZ,O,O
ITJLZSO,O,O
ITJLZOS,X,O
ITJLOSZ,O,O
ITJLOZS,O,O
ITJSLZO,O,O
ITJSLOZ,O,O
ITJSZLO,O,O
ITJSZOL,O,O
ITJSOLZ,O,O
ITJSOZL,O,O
ITJZLSO,O,O
ITJZLOS,X,O
ITJZSLO,O,O
ITJZSOL,O,O
ITJZOLS,O,X
ITJZOSL,O,X
ITJOLSZ,O,O
ITJOLZS,O,O
ITJOSLZ,O,O
ITJOSZL,O,O
ITJOZLS,O,X
ITJOZSL,O,X
ITSLJZO,O,O
ITSLJOZ,O,O
ITSLZJO,O,O
ITSLZOJ,O,O
ITSLOJZ,O,O
ITSLOZJ,O,O
ITSJLZO,O,O
ITSJLOZ,O,O
ITSJZLO,O,O
ITSJZOL,O,O
ITSJOLZ,O,O
ITSJOZL,O,O
ITSZLJO,O,O
ITSZLOJ,O,O
ITSZJLO,O,O
ITSZJOL,O,O
ITSZOLJ,O,O
ITSZOJL,O,O
ITSOLJZ,O,O
ITSOLZJ,O,O
ITSOJLZ,O,O
ITSOJZL,O,O
ITSOZLJ,O,O
ITSOZJL,O,O
ITZLJSO,O,O
ITZLJOS,X,O
ITZLSJO,O,O
ITZLSOJ,O,O
ITZLOJS,O,X
ITZLOSJ,O,X
ITZJLSO,O,O
ITZJLOS,X,O
ITZJSLO,O,O
ITZJSOL,O,O
ITZJOLS,O,X
ITZJOSL,O,X
ITZSLJO,O,O
ITZSLOJ,O,O
ITZSJLO,O,O
ITZSJOL,O,O
ITZSOLJ,O,O
ITZSOJL,O,O
ITZOLJS,O,X
ITZOLSJ,O,X
ITZOJLS,O,X
ITZOJSL,O,X
ITZOSLJ,O,X
ITZOSJL,O,X
ITOLJSZ,O,O
ITOLJZS,O,O
ITOLSJZ,O,O
ITOLSZJ,O,O
ITOLZJS,O,X
ITOLZSJ,O,X
ITOJLSZ,O,O
ITOJLZS,O,O
ITOJSLZ,O,O
ITOJSZL,O,O
ITOJZLS,O,X
ITOJZSL,O,X
ITOSLJZ,O,O
ITOSLZJ,O,O
ITOSJLZ,O,O
ITOSJZL,O,O
ITOSZLJ,O,O
ITOSZJL,O,O
ITOZLJS,O,X
ITOZLSJ,O,X
ITOZJLS,O,X
ITOZJSL,O,X
ITOZSLJ,O,X
ITOZSJL,O,X
ILTJSZO,O,O
ILTJSOZ,O,O
ILTJZSO,O,O
ILTJZOS,X,O
ILTJOSZ,O,O
ILTJOZS,O,O
ILTSJZO,O,O
ILTSJOZ,O,O
ILTSZJO,O,O
ILTSZOJ,O,O
ILTSOJZ,O,O
ILTSOZJ,O,O
ILTZJSO,O,O
ILTZJOS,X,O
ILTZSJO,O,O
ILTZSOJ,O,O
ILTZOJS,O,X
ILTZOSJ,O,X
ILTOJSZ,O,O
ILTOJZS,O,O
ILTOSJZ,O,O
ILTOSZJ,O,O
ILTOZJS,O,X
ILTOZSJ,O,X
ILJTSZO,O,O
ILJTSOZ,O,O
ILJTZSO,O,O
ILJTZOS,X,O
ILJTOSZ,O,O
ILJTOZS,O,O
ILJSTZO,O,O
ILJSTOZ,O,O
ILJSZTO,O,O
ILJSZOT,O,O
ILJSOTZ,O,O
ILJSOZT,O,O
ILJZTSO,O,O
ILJZTOS,X,O
ILJZSTO,O,O
ILJZSOT,O,O
ILJZOTS,X,O
ILJZOST,X,O
ILJOTSZ,O,O
ILJOTZS,O,O
ILJOSTZ,O,O
ILJOSZT,O,O
ILJOZTS,O,O
ILJOZST,O,O
ILSTJZO,O,O
ILSTJOZ,O,O
ILSTZJO,O,O
ILSTZOJ,O,O
ILSTOJZ,O,O
ILSTOZJ,O,O
ILSJTZO,O,O
ILSJTOZ,O,O
ILSJZTO,O,O
ILSJZOT,O,O
ILSJOTZ,O,O
ILSJOZT,O,O
ILSZTJO,O,O
ILSZTOJ,O,O
ILSZJTO,O,O
ILSZJOT,O,O
ILSZOTJ,O,O
ILSZOJT,O,O
ILSOTJZ,O,O
ILSOTZJ,O,O
ILSOJTZ,O,O
ILSOJZT,O,O
ILSOZTJ,O,O
ILSOZJT,O,O
ILZTJSO,O,O
ILZTJOS,X,O
ILZTSJO,O,O
ILZTSOJ,O,O
ILZTOJS,O,X
ILZTOSJ,O,X
ILZJTSO,O,O
ILZJTOS,X,O
ILZJSTO,O,O
ILZJSOT,O,O
ILZJOTS,X,O
ILZJOST,X,O
ILZSTJO,O,O
ILZSTOJ,O,O
ILZSJTO,O,O
ILZSJOT,O,O
ILZSOTJ,O,O
ILZSOJT,O,O
ILZOTJS,O,X
ILZOTSJ,O,X
ILZOJTS,O,X
ILZOJST,O,X
ILZOSTJ,O,X
ILZOSJT,O,X
ILOTJSZ,O,O
ILOTJZS,O,O
ILOTSJZ,O,O
ILOTSZJ,O,O
ILOTZJS,O,X
ILOTZSJ,O,X
ILOJTSZ,O,O
ILOJTZS,O,O
ILOJSTZ,O,O
ILOJSZT,O,O
ILOJZTS,O,O
ILOJZST,O,O
ILOSTJZ,O,O
ILOSTZJ,O,O
ILOSJTZ,O,O
ILOSJZT,O,O
ILOSZTJ,O,O
ILOSZJT,O,O
ILOZTJS,O,X
ILOZTSJ,O,X
ILOZJTS,O,X
ILOZJST,O,X
ILOZSTJ,O,X
ILOZSJT,O,X
IJTLSZO,O,O
IJTLSOZ,O,O
IJTLZSO,O,O
IJTLZOS,X,O
IJTLOSZ,O,O
IJTLOZS,O,O
IJTSLZO,O,O
IJTSLOZ,O,O
IJTSZLO,O,O
IJTSZOL,O,O
IJTSOLZ,O,O
IJTSOZL,O,O
IJTZLSO,O,O
IJTZLOS,X,O
IJTZSLO,O,O
IJTZSOL,O,O
IJTZOLS,O,X
IJTZOSL,O,X
IJTOLSZ,O,O
IJTOLZS,O,O
IJTOSLZ,O,O
IJTOSZL,O,O
IJTOZLS,O,X
IJTOZSL,O,X
IJLTSZO,O,O
IJLTSOZ,O,O
IJLTZSO,O,O
IJLTZOS,X,O
IJLTOSZ,O,O
IJLTOZS,O,O
IJLSTZO,O,O
IJLSTOZ,O,O
IJLSZTO,O,O
IJLSZOT,O,O
IJLSOTZ,O,O
IJLSOZT,O,O
IJLZTSO,O,O
IJLZTOS,X,O
IJLZSTO,O,O
IJLZSOT,O,O
IJLZOTS,X,O
IJLZOST,X,O
IJLOTSZ,O,O
IJLOTZS,O,O
IJLOSTZ,O,O
IJLOSZT,O,O
IJLOZTS,O,O
IJLOZST,O,O
IJSTLZO,O,O
IJSTLOZ,O,O
IJSTZLO,O,O
IJSTZOL,O,O
IJSTOLZ,O,O
IJSTOZL,O,O
IJSLTZO,O,O
IJSLTOZ,O,O
IJSLZTO,O,O
IJSLZOT,O,O
IJSLOTZ,O,O
IJSLOZT,O,O
IJSZTLO,O,O
IJSZTOL,O,O
IJSZLTO,O,O
IJSZLOT,O,O
IJSZOTL,O,O
IJSZOLT,O,O
IJSOTLZ,O,O
IJSOTZL,O,O
IJSOLTZ,O,O
IJSOLZT,O,O
IJSOZTL,O,O
IJSOZLT,O,O
IJZTLSO,O,O
IJZTLOS,X,O
IJZTSLO,O,O
IJZTSOL,O,O
IJZTOLS,O,X
IJZTOSL,O,X
IJZLTSO,O,O
IJZLTOS,X,O
IJZLSTO,O,O
IJZLSOT,O,O
IJZLOTS,X,O
IJZLOST,X,O
IJZSTLO,O,O
IJZSTOL,O,O
IJZSLTO,O,O
IJZSLOT,O,O
IJZSOTL,O,O
IJZSOLT,O,O
IJZOTLS,O,X
IJZOTSL,O,X
IJZOLTS,O,O
IJZOLST,O,O
IJZOSTL,O,O
IJZOSLT,O,O
IJOTLSZ,O,O
IJOTLZS,O,O
IJOTSLZ,O,O
IJOTSZL,O,O
IJOTZLS,O,X
IJOTZSL,O,X
IJOLTSZ,O,O
IJOLTZS,O,O
IJOLSTZ,O,O
IJOLSZT,O,O
IJOLZTS,O,O
IJOLZST,O,O
IJOSTLZ,O,O
IJOSTZL,O,O
IJOSLTZ,O,O
IJOSLZT,O,O
IJOSZTL,O,O
IJOSZLT,O,O
IJOZTLS,O,X
IJOZTSL,O,X
IJOZLTS,O,O
IJOZLST,O,O
IJOZSTL,O,O
IJOZSLT,O,O
ISTLJZO,O,O
ISTLJOZ,O,O
ISTLZJO,O,O
ISTLZOJ,O,O
ISTLOJZ,O,O
ISTLOZJ,O,O
ISTJLZO,O,O
ISTJLOZ,O,O
ISTJZLO,O,O
ISTJZOL,O,O
ISTJOLZ,O,O
ISTJOZL,O,O
ISTZLJO,O,O
ISTZLOJ,O,O
ISTZJLO,O,O
ISTZJOL,O,O
ISTZOLJ,O,O
ISTZOJL,O,O
ISTOLJZ,O,O
ISTOLZJ,O,O
ISTOJLZ,O,O
ISTOJZL,O,O
ISTOZLJ,O,O
ISTOZJL,O,O
ISLTJZO,O,O
ISLTJOZ,O,O
ISLTZJO,O,O
ISLTZOJ,O,O
ISLTOJZ,O,O
ISLTOZJ,O,O
ISLJTZO,O,O
ISLJTOZ,O,O
ISLJZTO,O,O
ISLJZOT,O,O
ISLJOTZ,O,O
ISLJOZT,O,O
ISLZTJO,O,O
ISLZTOJ,O,O
ISLZJTO,O,O
ISLZJOT,O,O
ISLZOTJ,O,O
ISLZOJT,O,O
ISLOTJZ,O,O
ISLOTZJ,O,O
ISLOJTZ,O,O
ISLOJZT,O,O
ISLOZTJ,O,O
ISLOZJT,O,O
ISJTLZO,O,O
ISJTLOZ,O,O
ISJTZLO,O,O
ISJTZOL,O,O
ISJTOLZ,O,O
ISJTOZL,O,O
ISJLTZO,O,O
ISJLTOZ,O,O
ISJLZTO,O,O
ISJLZOT,O,O
ISJLOTZ,O,O
ISJLOZT,O,O
ISJZTLO,O,O
ISJZTOL,O,O
ISJZLTO,O,O
ISJZLOT,O,O
ISJZOTL,O,O
ISJZOLT,O,O
ISJOTLZ,O,O
ISJOTZL,O,O
ISJOLTZ,O,O
ISJOLZT,O,O
ISJOZTL,O,O
ISJOZLT,O,O
ISZTLJO,O,O
ISZTLOJ,O,O
ISZTJLO,O,O
ISZTJOL,O,O
ISZTOLJ,O,O
ISZTOJL,O,O
ISZLTJO,O,O
ISZLTOJ,O,O
ISZLJTO,O,O
ISZLJOT,O,O
ISZLOTJ,O,O
ISZLOJT,O,O
ISZJTLO,O,O
ISZJTOL,O,O
ISZJLTO,O,O
ISZJLOT,O,O
ISZJOTL,O,O
ISZJOLT,O,O
ISZOTLJ,O,O
ISZOTJL,O,O
ISZOLTJ,O,O
ISZOLJT,O,O
ISZOJTL,O,O
ISZOJLT,O,O
ISOTLJZ,O,O
ISOTLZJ,O,O
ISOTJLZ,O,O
ISOTJZL,O,O
ISOTZLJ,O,O
ISOTZJL,O,O
ISOLTJZ,O,O
ISOLTZJ,O,O
ISOLJTZ,O,O
ISOLJZT,O,O
ISOLZTJ,O,O
ISOLZJT,O,O
ISOJTLZ,O,O
ISOJTZL,O,O
ISOJLTZ,O,O
ISOJLZT,O,O
ISOJZTL,O,O
ISOJZLT,O,O
ISOZTLJ,O,O
ISOZTJL,O,O
ISOZLTJ,O,O
ISOZLJT,O,O
ISOZJTL,O,O
ISOZJLT,O,O
IZTLJSO,O,O
IZTLJOS,X,O
IZTLSJO,O,O
IZTLSOJ,O,O
IZTLOJS,O,X
IZTLOSJ,O,X
IZTJLSO,O,O
IZTJLOS,X,O
IZTJSLO,O,O
IZTJSOL,O,O
IZTJOLS,O,X
IZTJOSL,O,X
IZTSLJO,O,O
IZTSLOJ,O,O
IZTSJLO,O,O
IZTSJOL,O,O
IZTSOLJ,O,O
IZTSOJL,O,O
IZTOLJS,O,X
IZTOLSJ,O,X
IZTOJLS,O,X
IZTOJSL,O,X
IZTOSLJ,O,X
IZTOSJL,O,X
IZLTJSO,O,O
IZLTJOS,X,O
IZLTSJO,O,O
IZLTSOJ,O,O
IZLTOJS,O,X
IZLTOSJ,O,X
IZLJTSO,O,O
IZLJTOS,X,O
IZLJSTO,O,O
IZLJSOT,O,O
IZLJOTS,X,O
IZLJOST,X,O
IZLSTJO,O,O
IZLSTOJ,O,O
IZLSJTO,O,O
IZLSJOT,O,O
IZLSOTJ,O,O
IZLSOJT,O,O
IZLOTJS,O,X
IZLOTSJ,O,X
IZLOJTS,O,X
IZLOJST,O,X
IZLOSTJ,O,X
IZLOSJT,O,X
IZJTLSO,O,O
IZJTLOS,X,O
IZJTSLO,O,O
IZJTSOL,O,O
IZJTOLS,O,X
IZJTOSL,O,X
IZJLTSO,O,O
IZJLTOS,X,O
IZJLSTO,O,O
IZJLSOT,O,O
IZJLOTS,X,O
IZJLOST,X,O
IZJSTLO,O,O
IZJSTOL,O,O
IZJSLTO,O,O
IZJSLOT,O,O
IZJSOTL,O,O
IZJSOLT,O,O
IZJOTLS,O,X
IZJOTSL,O,X
IZJOLTS,O,O
IZJOLST,O,O
IZJOSTL,O,O
IZJOSLT,O,O
IZSTLJO,O,O
IZSTLOJ,O,O
IZSTJLO,O,O
IZSTJOL,O,O
IZSTOLJ,O,O
IZSTOJL,O,O
IZSLTJO,O,O
IZSLTOJ,O,O
IZSLJTO,O,O
IZSLJOT,O,O
IZSLOTJ,O,O
IZSLOJT,O,O
IZSJTLO,O,O
IZSJTOL,O,O
IZSJLTO,O,O
IZSJLOT,O,O
IZSJOTL,O,O
IZSJOLT,O,O
IZSOTLJ,O,O
IZSOTJL,O,O
IZSOLTJ,O,O
IZSOLJT,O,O
IZSOJTL,O,O
IZSOJLT,O,O
IZOTLJS,O,X
IZOTLSJ,O,X
IZOTJLS,O,X
IZOTJSL,O,X
IZOTSLJ,O,X
IZOTSJL,O,X
IZOLTJS,O,X
IZOLTSJ,O,X
IZOLJTS,O,X
IZOLJST,O,X
IZOLSTJ,O,X
IZOLSJT,O,X
IZOJTLS,O,X
IZOJTSL,O,X
IZOJLTS,O,X
IZOJLST,O,X
IZOJSTL,O,X
IZOJSLT,O,X
IZOSTLJ,O,X
IZOSTJL,O,X
IZOSLTJ,O,X
IZOSLJT,O,X
IZOSJTL,O,X
IZOSJLT,O,X
IOTLJSZ,O,O
IOTLJZS,O,O
IOTLSJZ,O,O
IOTLSZJ,O,O
IOTLZJS,O,X
IOTLZSJ,O,X
IOTJLSZ,O,O
IOTJLZS,O,O
IOTJSLZ,O,O
IOTJSZL,O,O
IOTJZLS,O,X
IOTJZSL,O,X
IOTSLJZ,O,O
IOTSLZJ,O,O
IOTSJLZ,O,O
IOTSJZL,O,O
IOTSZLJ,O,O
IOTSZJL,O,O
IOTZLJS,O,X
IOTZLSJ,O,X
IOTZJLS,O,X
IOTZJSL,O,X
IOTZSLJ,O,X
IOTZSJL,O,X
IOLTJSZ,O,O
IOLTJZS,O,O
IOLTSJZ,O,O
IOLTSZJ,O,O
IOLTZJS,O,X
IOLTZSJ,O,X
IOLJTSZ,O,O
IOLJTZS,O,O
IOLJSTZ,O,O
IOLJSZT,O,O
IOLJZTS,O,O
IOLJZST,O,O
IOLSTJZ,O,O
IOLSTZJ,O,O
IOLSJTZ,O,O
IOLSJZT,O,O
IOLSZTJ,O,O
IOLSZJT,O,O
IOLZTJS,O,X
IOLZTSJ,O,X
IOLZJTS,O,X
IOLZJST,O,X
IOLZSTJ,O,X
IOLZSJT,O,X
IOJTLSZ,O,O
IOJTLZS,O,O
IOJTSLZ,O,O
IOJTSZL,O,O
IOJTZLS,O,X
IOJTZSL,O,X
IOJLTSZ,O,O
IOJLTZS,O,O
IOJLSTZ,O,O
IOJLSZT,O,O
IOJLZTS,O,O
IOJLZST,O,O
IOJSTLZ,O,O
IOJSTZL,O,O
IOJSLTZ,O,O
IOJSLZT,O,O
IOJSZTL,O,O
IOJSZLT,O,O
IOJZTLS,O,X
IOJZTSL,O,X
IOJZLTS,O,O
IOJZLST,O,O
IOJZSTL,O,O
IOJZSLT,O,O
IOSTLJZ,O,O
IOSTLZJ,O,O
IOSTJLZ,O,O
IOSTJZL,O,O
IOSTZLJ,O,O
IOSTZJL,O,O
IOSLTJZ,O,O
IOSLTZJ,O,O
IOSLJTZ,O,O
IOSLJZT,O,O
IOSLZTJ,O,O
IOSLZJT,O,O
IOSJTLZ,O,O
IOSJTZL,O,O
IOSJLTZ,O,O
IOSJLZT,O,O
IOSJZTL,O,O
IOSJZLT,O,O
IOSZTLJ,O,O
IOSZTJL,O,O
IOSZLTJ,O,O
IOSZLJT,O,O
IOSZJTL,O,O
IOSZJLT,O,O
IOZTLJS,O,X
IOZTLSJ,O,X
IOZTJLS,O,X
IOZTJSL,O,X
IOZTSLJ,O,X
IOZTSJL,O,X
IOZLTJS,O,X
IOZLTSJ,O,X
IOZLJTS,O,X
IOZLJST,O,X
IOZLSTJ,O,X
IOZLSJT,O,X
IOZJTLS,O,X
IOZJTSL,O,X
IOZJLTS,O,X
IOZJLST,O,X
IOZJSTL,O,X
IOZJSLT,O,X
IOZSTLJ,O,X
IOZSTJL,O,X
IOZSLTJ,O,X
IOZSLJT,O,X
IOZSJTL,O,X
IOZSJLT,O,X
LTIJSZO,O,O
LTIJSOZ,O,O
LTIJZSO,O,O
LTIJZOS,X,O
LTIJOSZ,O,O
LTIJOZS,O,O
LTISJZO,O,O
LTISJOZ,O,O
LTISZJO,O,O
LTISZOJ,O,O
LTISOJZ,O,O
LTISOZJ,O,O
LTIZJSO,O,O
LTIZJOS,X,O
LTIZSJO,O,O
LTIZSOJ,O,O
LTIZOJS,O,X
LTIZOSJ,O,X
LTIOJSZ,O,O
LTIOJZS,O,O
LTIOSJZ,O,O
LTIOSZJ,O,O
LTIOZJS,O,X
LTIOZSJ,O,X
LTJISZO,O,O
LTJISOZ,O,O
LTJIZSO,O,O
LTJIZOS,X,O
LTJIOSZ,O,O
LTJIOZS,O,O
LTJSIZO,O,O
LTJSIOZ,O,O
LTJSZIO,O,O
LTJSZOI,O,O
LTJSOIZ,O,O
LTJSOZI,O,O
LTJZISO,O,O
LTJZIOS,X,O
LTJZSIO,O,O
LTJZSOI,O,O
LTJZOIS,X,O
LTJZOSI,X,O
LTJOISZ,O,O
LTJOIZS,O,O
LTJOSIZ,O,O
LTJOSZI,O,O
LTJOZIS,O,O
LTJOZSI,O,O
LTSIJZO,O,O
LTSIJOZ,O,O
LTSIZJO,O,O
LTSIZOJ,O,O
LTSIOJZ,O,O
LTSIOZJ,O,O
LTSJIZO,O,O
LTSJIOZ,O,O
LTSJZIO,O,O
LTSJZOI,O,O
LTSJOIZ,O,O
LTSJOZI,O,O
LTSZIJO,O,O
LTSZIOJ,O,O
LTSZJIO,O,O
LTSZJOI,O,O
LTSZOIJ,O,O
LTSZOJI,O,O
LTSOIJZ,O,O
LTSOIZJ,O,O
LTSOJIZ,O,O
LTSOJZI,O,O
LTSOZIJ,O,O
LTSOZJI,O,O
LTZIJSO,O,O
LTZIJOS,X,O
LTZISJO,O,O
LTZISOJ,O,O
LTZIOJS,O,X
LTZIOSJ,O,X
LTZJISO,O,O
LTZJIOS,X,O
LTZJSIO,O,O
LTZJSOI,O,O
LTZJOIS,X,O
LTZJOSI,X,O
LTZSIJO,O,O
LTZSIOJ,O,O
LTZSJIO,O,O
LTZSJOI,O,O
LTZSOIJ,O,O
LTZSOJI,O,O
LTZOIJS,O,X
LTZOISJ,O,X
LTZOJIS,O,X
LTZOJSI,O,X
LTZOSIJ,O,X
LTZOSJI,O,X
LTOIJSZ,O,O
LTOIJZS,O,O
LTOISJZ,O,O
LTOISZJ,O,O
LTOIZJS,O,X
LTOIZSJ,O,X
LTOJISZ,O,O
LTOJIZS,O,O
LTOJSIZ,O,O
LTOJSZI,O,O
LTOJZIS,O,O
LTOJZSI,O,O
LTOSIJZ,O,O
LTOSIZJ,O,O
LTOSJIZ,O,O
LTOSJZI,O,O
LTOSZIJ,O,O
LTOSZJI,O,O
LTOZIJS,O,X
LTOZISJ,O,X
LTOZJIS,O,X
LTOZJSI,O,X
LTOZSIJ,O,X
LTOZSJI,O,X
LITJSZO,O,O
LITJSOZ,O,O
LITJZSO,O,O
LITJZOS,X,O
LITJOSZ,O,O
LITJOZS,O,O
LITSJZO,O,O
LITSJOZ,O,O
LITSZJO,O,O
LITSZOJ,O,O
LITSOJZ,O,O
LITSOZJ,O,O
LITZJSO,O,O
LITZJOS,X,O
LITZSJO,O,O
LITZSOJ,O,O
LITZOJS,O,X
LITZOSJ,O,X
LITOJSZ,O,O
LITOJZS,O,O
LITOSJZ,O,O
LITOSZJ,O,O
LITOZJS,O,X
LITOZSJ,O,X
LIJTSZO,O,O
LIJTSOZ,O,O
LIJTZSO,O,O
LIJTZOS,X,O
LIJTOSZ,O,O
LIJTOZS,O,O
LIJSTZO,O,O
LIJSTOZ,O,O
LIJSZTO,O,O
LIJSZOT,O,O
LIJSOTZ,O,O
LIJSOZT,O,O
LIJZTSO,O,O
LIJZTOS,X,O
LIJZSTO,O,O
LIJZSOT,O,O
LIJZOTS,X,O
LIJZOST,X,O
LIJOTSZ,O,O
LIJOTZS,O,O
LIJOSTZ,O,O
LIJOSZT,O,O
LIJOZTS,O,O
LIJOZST,O,O
LISTJZO,O,O
LISTJOZ,O,O
LISTZJO,O,O
LISTZOJ,O,O
LISTOJZ,O,O
LISTOZJ,O,O
LISJTZO,O,O
LISJTOZ,O,O
LISJZTO,O,O
LISJZOT,O,O
LISJOTZ,O,O
LISJOZT,O,O
LISZTJO,O,O
LISZTOJ,O,O
LISZJTO,O,O
LISZJOT,O,O
LISZOTJ,O,O
LISZOJT,O,O
LISOTJZ,O,O
LISOTZJ,O,O
LISOJTZ,O,O
LISOJZT,O,O
LISOZTJ,O,O
LISOZJT,O,O
LIZTJSO,O,O
LIZTJOS,X,O
LIZTSJO,O,O
LIZTSOJ,O,O
LIZTOJS,O,X
LIZTOSJ,O,X
LIZJTSO,O,O
LIZJTOS,X,O
LIZJSTO,O,O
LIZJSOT,O,O
LIZJOTS,X,O
LIZJOST,X,O
LIZSTJO,O,O
LIZSTOJ,O,O
LIZSJTO,O,O
LIZSJOT,O,O
LIZSOTJ,O,O
LIZSOJT,O,O
LIZOTJS,O,X
LIZOTSJ,O,X
LIZOJTS,O,X
LIZOJST,O,X
LIZOSTJ,O,X
LIZOSJT,O,X
LIOTJSZ,O,O
LIOTJZS,O,O
LIOTSJZ,O,O
LIOTSZJ,O,O
LIOTZJS,O,X
LIOTZSJ,O,X
LIOJTSZ,O,O
LIOJTZS,O,O
LIOJSTZ,O,O
LIOJSZT,O,O
LIOJZTS,O,O
LIOJZST,O,O
LIOSTJZ,O,O
LIOSTZJ,O,O
LIOSJTZ,O,O
LIOSJZT,O,O
LIOSZTJ,O,O
LIOSZJT,O,O
LIOZTJS,O,X
LIOZTSJ,O,X
LIOZJTS,O,X
LIOZJST,O,X
LIOZSTJ,O,X
LIOZSJT,O,X
LJTISZO,O,O
LJTISOZ,O,O
LJTIZSO,O,O
LJTIZOS,X,O
LJTIOSZ,O,O
LJTIOZS,O,O
LJTSIZO,O,O
LJTSIOZ,O,O
LJTSZIO,O,O
LJTSZOI,O,O
LJTSOIZ,O,O
LJTSOZI,O,O
LJTZISO,O,O
LJTZIOS,X,O
LJTZSIO,O,O
LJTZSOI,O,O
LJTZOIS,X,O
LJTZOSI,X,O
LJTOISZ,O,O
LJTOIZS,O,O
LJTOSIZ,O,O
LJTOSZI,O,O
LJTOZIS,O,O
LJTOZSI,O,O
LJITSZO,O,O
LJITSOZ,O,O
LJITZSO,O,O
LJITZOS,X,O
LJITOSZ,O,O
LJITOZS,O,O
LJISTZO,O,O
LJISTOZ,O,O
LJISZTO,O,O
LJISZOT,O,O
LJISOTZ,O,O
LJISOZT,O,O
LJIZTSO,O,O
LJIZTOS,X,O
LJIZSTO,O,O
LJIZSOT,O,O
LJIZOTS,X,O
LJIZOST,X,O
LJIOTSZ,O,O
LJIOTZS,O,O
LJIOSTZ,O,O
LJIOSZT,O,O
LJIOZTS,O,O
LJIOZST,O,O
LJSTIZO,O,O
LJSTIOZ,O,O
LJSTZIO,O,O
LJSTZOI,O,O
LJSTOIZ,O,O
LJSTOZI,O,O
LJSITZO,O,O
LJSITOZ,O,O
LJSIZTO,O,O
LJSIZOT,O,O
LJSIOTZ,O,O
LJSIOZT,O,O
LJSZTIO,O,O
LJSZTOI,O,O
LJSZITO,O,O
LJSZIOT,O,O
LJSZOTI,O,O
LJSZOIT,O,O
LJSOTIZ,O,O
LJSOTZI,O,O
LJSOITZ,O,O
LJSOIZT,O,O
LJSOZTI,O,O
LJSOZIT,O,O
LJZTISO,O,O
LJZTIOS,X,O
LJZTSIO,O,O
LJZTSOI,O,O
LJZTOIS,X,O
LJZTOSI,X,O
LJZITSO,O,O
LJZITOS,X,O
LJZISTO,O,O
LJZISOT,O,O
LJZIOTS,X,O
LJZIOST,X,O
LJZSTIO,O,O
LJZSTOI,O,O
LJZSITO,O,O
LJZSIOT,O,O
LJZSOTI,O,O
LJZSOIT,O,O
LJZOTIS,X,O
LJZOTSI,X,O
LJZOITS,X,O
LJZOIST,X,O
LJZOSTI,X,O
LJZOSIT,X,O
LJOTISZ,O,O
LJOTIZS,O,O
LJOTSIZ,O,O
LJOTSZI,O,O
LJOTZIS,O,O
LJOTZSI,O,O
LJOITSZ,O,O
LJOITZS,O,O
LJOISTZ,O,O
LJOISZT,O,O
LJOIZTS,O,O
LJOIZST,O,O
LJOSTIZ,O,O
LJOSTZI,O,O
LJOSITZ,O,O
LJOSIZT,O,O
LJOSZTI,O,O
LJOSZIT,O,O
LJOZTIS,O,O
LJOZTSI,O,O
LJOZITS,O,O
LJOZIST,O,O
LJOZSTI,O,O
LJOZSIT,O,O
LSTIJZO,O,O
LSTIJOZ,O,O
LSTIZJO,O,O
LSTIZOJ,O,O
LSTIOJZ,O,O
LSTIOZJ,O,O
LSTJIZO,O,O
LSTJIOZ,O,O
LSTJZIO,O,O
LSTJZOI,O,O
LSTJOIZ,O,O
LSTJOZI,O,O
LSTZIJO,O,O
LSTZIOJ,O,O
LSTZJIO,O,O
LSTZJOI,O,O
LSTZOIJ,O,O
LSTZOJI,O,O
LSTOIJZ,O,O
LSTOIZJ,O,O
LSTOJIZ,O,O
LSTOJZI,O,O
LSTOZIJ,O,O
LSTOZJI,O,O
LSITJZO,O,O
LSITJOZ,O,O
LSITZJO,O,O
LSITZOJ,O,O
LSITOJZ,O,O
LSITOZJ,O,O
LSIJTZO,O,O
LSIJTOZ,O,O
LSIJZTO,O,O
LSIJZOT,O,O
LSIJOTZ,O,O
LSIJOZT,O,O
LSIZTJO,O,O
LSIZTOJ,O,O
LSIZJTO,O,O
LSIZJOT,O,O
LSIZOTJ,O,O
LSIZOJT,O,O
LSIOTJZ,O,O
LSIOTZJ,O,O
LSIOJTZ,O,O
LSIOJZT,O,O
LSIOZTJ,O,O
LSIOZJT,O,O
LSJTIZO,O,O
LSJTIOZ,O,O
LSJTZIO,O,O
LSJTZOI,O,O
LSJTOIZ,O,O
LSJTOZI,O,O
LSJITZO,O,O
LSJITOZ,O,O
LSJIZTO,O,O
LSJIZOT,O,O
LSJIOTZ,O,O
LSJIOZT,O,O
LSJZTIO,O,O
LSJZTOI,O,O
LSJZITO,O,O
LSJZIOT,O,O
LSJZOTI,O,O
LSJZOIT,O,O
LSJOTIZ,O,O
LSJOTZI,O,O
LSJOITZ,O,O
LSJOIZT,O,O
LSJOZTI,O,O
LSJOZIT,O,O
LSZTIJO,O,O
LSZTIOJ,O,O
LSZTJIO,O,O
LSZTJOI,O,O
LSZTOIJ,O,O
LSZTOJI,O,O
LSZITJO,O,O
LSZITOJ,O,O
LSZIJTO,O,O
LSZIJOT,O,O
LSZIOTJ,O,O
LSZIOJT,O,O
LSZJTIO,O,O
LSZJTOI,O,O
LSZJITO,O,O
LSZJIOT,O,O
LSZJOTI,O,O
LSZJOIT,O,O
LSZOTIJ,O,O
LSZOTJI,O,O
LSZOITJ,O,O
LSZOIJT,O,O
LSZOJTI,O,O
LSZOJIT,O,O
LSOTIJZ,O,O
LSOTIZJ,O,O
LSOTJIZ,O,O
LSOTJZI,O,O
LSOTZIJ,O,O
LSOTZJI,O,O
LSOITJZ,O,O
LSOITZJ,O,O
LSOIJTZ,O,O
LSOIJZT,O,O
LSOIZTJ,O,O
LSOIZJT,O,O
LSOJTIZ,O,O
LSOJTZI,O,O
LSOJITZ,O,O
LSOJIZT,O,O
LSOJZTI,O,O
LSOJZIT,O,O
LSOZTIJ,O,O
LSOZTJI,O,O
LSOZITJ,O,O
LSOZIJT,O,O
LSOZJTI,O,O
LSOZJIT,O,O
LZTIJSO,O,O
LZTIJOS,X,O
LZTISJO,O,O
LZTISOJ,O,O
LZTIOJS,O,X
LZTIOSJ,O,X
LZTJISO,O,O
LZTJIOS,X,O
LZTJSIO,O,O
LZTJSOI,O,O
LZTJOIS,X,O
LZTJOSI,X,O
LZTSIJO,O,O
LZTSIOJ,O,O
LZTSJIO,O,O
LZTSJOI,O,O
LZTSOIJ,O,O
LZTSOJI,O,O
LZTOIJS,O,X
LZTOISJ,O,X
LZTOJIS,O,X
LZTOJSI,O,X
LZTOSIJ,O,X
LZTOSJI,O,X
LZITJSO,O,O
LZITJOS,X,O
LZITSJO,O,O
LZITSOJ,O,O
LZITOJS,O,X
LZITOSJ,O,X
LZIJTSO,O,O
LZIJTOS,X,O
LZIJSTO,O,O
LZIJSOT,O,O
LZIJOTS,X,O
LZIJOST,X,O
LZISTJO,O,O
LZISTOJ,O,O
LZISJTO,O,O
LZISJOT,O,O
LZISOTJ,O,O
LZISOJT,O,O
LZIOTJS,O,X
LZIOTSJ,O,X
LZIOJTS,O,X
LZIOJST,O,X
LZIOSTJ,O,X
LZIOSJT,O,X
LZJTISO,O,O
LZJTIOS,X,O
LZJTSIO,O,O
LZJTSOI,O,O
LZJTOIS,X,O
LZJTOSI,X,O
LZJITSO,O,O
LZJITOS,X,O
LZJISTO,O,O
LZJISOT,O,O
LZJIOTS,X,O
LZJIOST,X,O
LZJSTIO,O,O
LZJSTOI,O,O
LZJSITO,O,O
LZJSIOT,O,O
LZJSOTI,O,O
LZJSOIT,O,O
LZJOTIS,X,O
LZJOTSI,X,O
LZJOITS,X,O
LZJOIST,X,O
LZJOSTI,X,O
LZJOSIT,X,O
LZSTIJO,O,O
LZSTIOJ,O,O
LZSTJIO,O,O
LZSTJOI,O,O
LZSTOIJ,O,O
LZSTOJI,O,O
LZSITJO,O,O
LZSITOJ,O,O
LZSIJTO,O,O
LZSIJOT,O,O
LZSIOTJ,O,O
LZSIOJT,O,O
LZSJTIO,O,O
LZSJTOI,O,O
LZSJITO,O,O
LZSJIOT,O,O
LZSJOTI,O,O
LZSJOIT,O,O
LZSOTIJ,O,O
LZSOTJI,O,O
LZSOITJ,O,O
LZSOIJT,O,O
LZSOJTI,O,O
LZSOJIT,O,O
LZOTIJS,O,X
LZOTISJ,O,X
LZOTJIS,O,X
LZOTJSI,O,X
LZOTSIJ,O,X
LZOTSJI,O,X
LZOITJS,O,X
LZOITSJ,O,X
LZOIJTS,O,X
LZOIJST,O,X
LZOISTJ,O,X
LZOISJT,O,X
LZOJTIS,O,X
LZOJTSI,O,X
LZOJITS,O,X
LZOJIST,O,X
LZOJSTI,O,X
LZOJSIT,O,X
LZOSTIJ,O,X
LZOSTJI,O,X
LZOSITJ,O,X
LZOSIJT,O,X
LZOSJTI,O,X
LZOSJIT,O,X
LOTIJSZ,O,O
LOTIJZS,O,O
LOTISJZ,O,O
LOTISZJ,O,O
LOTIZJS,O,X
LOTIZSJ,O,X
LOTJISZ,O,O
LOTJIZS,O,O
LOTJSIZ,O,O
LOTJSZI,O,O
LOTJZIS,O,O
LOTJZSI,O,O
LOTSIJZ,O,O
LOTSIZJ,O,O
LOTSJIZ,O,O
LOTSJZI,O,O
LOTSZIJ,O,O
LOTSZJI,O,O
LOTZIJS,O,X
LOTZISJ,O,X
LOTZJIS,O,X
LOTZJSI,O,X
LOTZSIJ,O,X
LOTZSJI,O,X
LOITJSZ,O,O
LOITJZS,O,O
LOITSJZ,O,O
LOITSZJ,O,O
LOITZJS,O,X
LOITZSJ,O,X
LOIJTSZ,O,O
LOIJTZS,O,O
LOIJSTZ,O,O
LOIJSZT,O,O
LOIJZTS,O,O
LOIJZST,O,O
LOISTJZ,O,O
LOISTZJ,O,O
LOISJTZ,O,O
LOISJZT,O,O
LOISZTJ,O,O
LOISZJT,O,O
LOIZTJS,O,X
LOIZTSJ,O,X
LOIZJTS,O,X
LOIZJST,O,X
LOIZSTJ,O,X
LOIZSJT,O,X
LOJTISZ,O,O
LOJTIZS,O,O
LOJTSIZ,O,O
LOJTSZI,O,O
LOJTZIS,O,O
LOJTZSI,O,O
LOJITSZ,O,O
LOJITZS,O,O
LOJISTZ,O,O
LOJISZT,O,O
LOJIZTS,O,O
LOJIZST,O,O
LOJSTIZ,O,O
LOJSTZI,O,O
LOJSITZ,O,O
LOJSIZT,O,O
LOJSZTI,O,O
LOJSZIT,O,O
LOJZTIS,O,O
LOJZTSI,O,O
LOJZITS,O,O
LOJZIST,O,O
LOJZSTI,O,O
LOJZSIT,O,O
LOSTIJZ,O,O
LOSTIZJ,O,O
LOSTJIZ,O,O
LOSTJZI,O,O
LOSTZIJ,O,O
LOSTZJI,O,O
LOSITJZ,O,O
LOSITZJ,O,O
LOSIJTZ,O,O
LOSIJZT,O,O
LOSIZTJ,O,O
LOSIZJT,O,O
LOSJTIZ,O,O
LOSJTZI,O,O
LOSJITZ,O,O
LOSJIZT,O,O
LOSJZTI,O,O
LOSJZIT,O,O
LOSZTIJ,O,O
LOSZTJI,O,O
LOSZITJ,O,O
LOSZIJT,O,O
LOSZJTI,O,O
LOSZJIT,O,O
LOZTIJS,O,X
LOZTISJ,O,X
LOZTJIS,O,X
LOZTJSI,O,X
LOZTSIJ,O,X
LOZTSJI,O,X
LOZITJS,O,X
LOZITSJ,O,X
LOZIJTS,O,X
LOZIJST,O,X
LOZISTJ,O,X
LOZISJT,O,X
LOZJTIS,O,X
LOZJTSI,O,X
LOZJITS,O,X
LOZJIST,O,X
LOZJSTI,O,X
LOZJSIT,O,X
LOZSTIJ,O,X
LOZSTJI,O,X
LOZSITJ,O,X
LOZSIJT,O,X
LOZSJTI,O,X
LOZSJIT,O,X
JTILSZO,O,O
JTILSOZ,O,O
JTILZSO,O,O
JTILZOS,X,O
JTILOSZ,O,O
JTILOZS,O,O
JTISLZO,O,O
JTISLOZ,O,O
JTISZLO,O,O
JTISZOL,O,O
JTISOLZ,O,O
JTISOZL,O,O
JTIZLSO,O,O
JTIZLOS,X,O
JTIZSLO,O,O
JTIZSOL,O,O
JTIZOLS,O,X
JTIZOSL,O,X
JTIOLSZ,O,O
JTIOLZS,O,O
JTIOSLZ,O,O
JTIOSZL,O,O
JTIOZLS,O,X
JTIOZSL,O,X
JTLISZO,O,O
JTLISOZ,O,O
JTLIZSO,O,O
JTLIZOS,X,O
JTLIOSZ,O,O
JTLIOZS,O,O
JTLSIZO,O,O
JTLSIOZ,O,O
JTLSZIO,O,O
JTLSZOI,O,O
JTLSOIZ,O,O
JTLSOZI,O,O
JTLZISO,O,O
JTLZIOS,X,O
JTLZSIO,O,O
JTLZSOI,O,O
JTLZOIS,X,O
JTLZOSI,X,O
JTLOISZ,O,O
JTLOIZS,O,O
JTLOSIZ,O,O
JTLOSZI,O,O
JTLOZIS,O,O
JTLOZSI,O,O
JTSILZO,O,O
JTSILOZ,O,O
JTSIZLO,O,O
JTSIZOL,O,O
JTSIOLZ,O,O
JTSIOZL,O,O
JTSLIZO,O,O
JTSLIOZ,O,O
JTSLZIO,O,O
JTSLZOI,O,O
JTSLOIZ,O,O
JTSLOZI,O,O
JTSZILO,O,O
JTSZIOL,O,O
JTSZLIO,O,O
JTSZLOI,O,O
JTSZOIL,O,O
JTSZOLI,O,O
JTSOILZ,O,O
JTSOIZL,O,O
JTSOLIZ,O,O
JTSOLZI,O,O
JTSOZIL,O,O
JTSOZLI,O,O
JTZILSO,O,O
JTZILOS,X,O
JTZISLO,O,O
JTZISOL,O,O
JTZIOLS,O,X
JTZIOSL,O,X
JTZLISO,O,O
JTZLIOS,X,O
JTZLSIO,O,O
JTZLSOI,O,O
JTZLOIS,X,O
JTZLOSI,X,O
JTZSILO,O,O
JTZSIOL,O,O
JTZSLIO,O,O
JTZSLOI,O,O
JTZSOIL,O,O
JTZSOLI,O,O
JTZOILS,O,X
JTZOISL,O,X
JTZOLIS,O,X
JTZOLSI,O,X
JTZOSIL,O,X
JTZOSLI,O,X
JTOILSZ,O,O
JTOILZS,O,O
JTOISLZ,O,O
JTOISZL,O,O
JTOIZLS,O,X
JTOIZSL,O,X
JTOLISZ,O,O
JTOLIZS,O,O
JTOLSIZ,O,O
JTOLSZI,O,O
JTOLZIS,O,O
JTOLZSI,O,O
JTOSILZ,O,O
JTOSIZL,O,O
JTOSLIZ,O,O
JTOSLZI,O,O
JTOSZIL,O,O
JTOSZLI,O,O
JTOZILS,O,X
JTOZISL,O,X
JTOZLIS,O,X
JTOZLSI,O,X
JTOZSIL,O,X
JTOZSLI,O,X
JITLSZO,O,O
JITLSOZ,O,O
JITLZSO,O,O
JITLZOS,X,O
JITLOSZ,O,O
JITLOZS,O,O
JITSLZO,O,O
JITSLOZ,O,O
JITSZLO,O,O
JITSZOL,O,O
JITSOLZ,O,O
JITSOZL,O,O
JITZLSO,O,O
JITZLOS,X,O
JITZSLO,O,O
JITZSOL,O,O
JITZOLS,O,X
JITZOSL,O,X
JITOLSZ,O,O
JITOLZS,O,O
JITOSLZ,O,O
JITOSZL,O,O
JITOZLS,O,X
JITOZSL,O,X
JILTSZO,O,O
JILTSOZ,O,O
JILTZSO,O,O
JILTZOS,X,O
JILTOSZ,O,O
JILTOZS,O,O
JILSTZO,O,O
JILSTOZ,O,O
JILSZTO,O,O
JILSZOT,O,O
JILSOTZ,O,O
JILSOZT,O,O
JILZTSO,O,O
JILZTOS,X,O
JILZSTO,O,O
JILZSOT,O,O
JILZOTS,X,O
JILZOST,X,O
JILOTSZ,O,O
JILOTZS,O,O
JILOSTZ,O,O
JILOSZT,O,O
JILOZTS,O,O
JILOZST,O,O
JISTLZO,O,O
JISTLOZ,O,O
JISTZLO,O,O
JISTZOL,O,O
JISTOLZ,O,O
JISTOZL,O,O
JISLTZO,O,O
JISLTOZ,O,O
JISLZTO,O,O
JISLZOT,O,O
JISLOTZ,O,O
JISLOZT,O,O
JISZTLO,O,O
JISZTOL,O,O
JISZLTO,O,O
JISZLOT,O,O
JISZOTL,O,O
JISZOLT,O,O
JISOTLZ,O,O
JISOTZL,O,O
JISOLTZ,O,O
JISOLZT,O,O
JISOZTL,O,O
JISOZLT,O,O
JIZTLSO,O,O
JIZTLOS,X,O
JIZTSLO,O,O
JIZTSOL,O,O
JIZTOLS,O,X
JIZTOSL,O,X
JIZLTSO,O,O
JIZLTOS,X,O
JIZLSTO,O,O
JIZLSOT,O,O
JIZLOTS,X,O
JIZLOST,X,O
JIZSTLO,O,O
JIZSTOL,O,O
JIZSLTO,O,O
JIZSLOT,O,O
JIZSOTL,O,O
JIZSOLT,O,O
JIZOTLS,O,X
JIZOTSL,O,X
JIZOLTS,O,O
JIZOLST,O,O
JIZOSTL,O,O
JIZOSLT,O,O
JIOTLSZ,O,O
JIOTLZS,O,O
JIOTSLZ,O,O
JIOTSZL,O,O
JIOTZLS,O,X
JIOTZSL,O,X
JIOLTSZ,O,O
JIOLTZS,O,O
JIOLSTZ,O,O
JIOLSZT,O,O
JIOLZTS,O,O
JIOLZST,O,O
JIOSTLZ,O,O
JIOSTZL,O,O
JIOSLTZ,O,O
JIOSLZT,O,O
JIOSZTL,O,O
JIOSZLT,O,O
JIOZTLS,O,X
JIOZTSL,O,X
JIOZLTS,O,O
JIOZLST,O,O
JIOZSTL,O,O
JIOZSLT,O,O
JLTISZO,O,O
JLTISOZ,O,O
JLTIZSO,O,O
JLTIZOS,X,O
JLTIOSZ,O,O
JLTIOZS,O,O
JLTSIZO,O,O
JLTSIOZ,O,O
JLTSZIO,O,O
JLTSZOI,O,O
JLTSOIZ,O,O
JLTSOZI,O,O
JLTZISO,O,O
JLTZIOS,X,O
JLTZSIO,O,O
JLTZSOI,O,O
JLTZOIS,X,O
JLTZOSI,X,O
JLTOISZ,O,O
JLTOIZS,O,O
JLTOSIZ,O,O
JLTOSZI,O,O
JLTOZIS,O,O
JLTOZSI,O,O
JLITSZO,O,O
JLITSOZ,O,O
JLITZSO,O,O
JLITZOS,X,O
JLITOSZ,O,O
JLITOZS,O,O
JLISTZO,O,O
JLISTOZ,O,O
JLISZTO,O,O
JLISZOT,O,O
JLISOTZ,O,O
JLISOZT,O,O
JLIZTSO,O,O
JLIZTOS,X,O
JLIZSTO,O,O
JLIZSOT,O,O
JLIZOTS,X,O
JLIZOST,X,O
JLIOTSZ,O,O
JLIOTZS,O,O
JLIOSTZ,O,O
JLIOSZT,O,O
JLIOZTS,O,O
JLIOZST,O,O
JLSTIZO,O,O
JLSTIOZ,O,O
JLSTZIO,O,O
JLSTZOI,O,O
JLSTOIZ,O,O
JLSTOZI,O,O
JLSITZO,O,O
JLSITOZ,O,O
JLSIZTO,O,O
JLSIZOT,O,O
JLSIOTZ,O,O
JLSIOZT,O,O
JLSZTIO,O,O
JLSZTOI,O,O
JLSZITO,O,O
JLSZIOT,O,O
JLSZOTI,O,O
JLSZOIT,O,O
JLSOTIZ,O,O
JLSOTZI,O,O
JLSOITZ,O,O
JLSOIZT,O,O
JLSOZTI,O,O
JLSOZIT,O,O
JLZTISO,O,O
JLZTIOS,X,O
JLZTSIO,O,O
JLZTSOI,O,O
JLZTOIS,X,O
JLZTOSI,X,O
JLZITSO,O,O
JLZITOS,X,O
JLZISTO,O,O
JLZISOT,O,O
JLZIOTS,X,O
JLZIOST,X,O
JLZSTIO,O,O
JLZSTOI,O,O
JLZSITO,O,O
JLZSIOT,O,O
JLZSOTI,O,O
JLZSOIT,O,O
JLZOTIS,X,O
JLZOTSI,X,O
JLZOITS,X,O
JLZOIST,X,O
JLZOSTI,X,O
JLZOSIT,X,O
JLOTISZ,O,O
JLOTIZS,O,O
JLOTSIZ,O,O
JLOTSZI,O,O
JLOTZIS,O,O
JLOTZSI,O,O
JLOITSZ,O,O
JLOITZS,O,O
JLOISTZ,O,O
JLOISZT,O,O
JLOIZTS,O,O
JLOIZST,O,O
JLOSTIZ,O,O
JLOSTZI,O,O
JLOSITZ,O,O
JLOSIZT,O,O
JLOSZTI,O,O
JLOSZIT,O,O
JLOZTIS,O,O
JLOZTSI,O,O
JLOZITS,O,O
JLOZIST,O,O
JLOZSTI,O,O
JLOZSIT,O,O
JSTILZO,O,O
JSTILOZ,O,O
JSTIZLO,O,O
JSTIZOL,O,O
JSTIOLZ,O,O
JSTIOZL,O,O
JSTLIZO,O,O
JSTLIOZ,O,O
JSTLZIO,O,O
JSTLZOI,O,O
JSTLOIZ,O,O
JSTLOZI,O,O
JSTZILO,O,O
JSTZIOL,O,O
JSTZLIO,O,O
JSTZLOI,O,O
JSTZOIL,O,O
JSTZOLI,O,O
JSTOILZ,O,O
JSTOIZL,O,O
JSTOLIZ,O,O
JSTOLZI,O,O
JSTOZIL,O,O
JSTOZLI,O,O
JSITLZO,O,O
JSITLOZ,O,O
JSITZLO,O,O
JSITZOL,O,O
JSITOLZ,O,O
JSITOZL,O,O
JSILTZO,O,O
JSILTOZ,O,O
JSILZTO,O,O
JSILZOT,O,O
JSILOTZ,O,O
JSILOZT,O,O
JSIZTLO,O,O
JSIZTOL,O,O
JSIZLTO,O,O
JSIZLOT,O,O
JSIZOTL,O,O
JSIZOLT,O,O
JSIOTLZ,O,O
JSIOTZL,O,O
JSIOLTZ,O,O
JSIOLZT,O,O
JSIOZTL,O,O
JSIOZLT,O,O
JSLTIZO,O,O
JSLTIOZ,O,O
JSLTZIO,O,O
JSLTZOI,O,O
JSLTOIZ,O,O
JSLTOZI,O,O
JSLITZO,O,O
JSLITOZ,O,O
JSLIZTO,O,O
JSLIZOT,O,O
JSLIOTZ,O,O
JSLIOZT,O,O
JSLZTIO,O,O
JSLZTOI,O,O
JSLZITO,O,O
JSLZIOT,O,O
JSLZOTI,O,O
JSLZOIT,O,O
JSLOTIZ,O,O
JSLOTZI,O,O
JSLOITZ,O,O
JSLOIZT,O,O
JSLOZTI,O,O
JSLOZIT,O,O
JSZTILO,O,O
JSZTIOL,O,O
JSZTLIO,O,O
JSZTLOI,O,O
JSZTOIL,O,O
JSZTOLI,O,O
JSZITLO,O,O
JSZITOL,O,O
JSZILTO,O,O
JSZILOT,O,O
JSZIOTL,O,O
JSZIOLT,O,O
JSZLTIO,O,O
JSZLTOI,O,O
JSZLITO,O,O
JSZLIOT,O,O
JSZLOTI,O,O
JSZLOIT,O,O
JSZOTIL,O,O
JSZOTLI,O,O
JSZOITL,O,O
JSZOILT,O,O
JSZOLTI,O,O
JSZOLIT,O,O
JSOTILZ,O,O
JSOTIZL,O,O
JSOTLIZ,O,O
JSOTLZI,O,O
JSOTZIL,O,O
JSOTZLI,O,O
JSOITLZ,O,O
JSOITZL,O,O
JSOILTZ,O,O
JSOILZT,O,O
JSOIZTL,O,O
JSOIZLT,O,O
JSOLTIZ,O,O
JSOLTZI,O,O
JSOLITZ,O,O
JSOLIZT,O,O
JSOLZTI,O,O
JSOLZIT,O,O
JSOZTIL,O,O
JSOZTLI,O,O
JSOZITL,O,O
JSOZILT,O,O
JSOZLTI,O,O
JSOZLIT,O,O
JZTILSO,O,O
JZTILOS,X,O
JZTISLO,O,O
JZTISOL,O,O
JZTIOLS,O,X
JZTIOSL,O,X
JZTLISO,O,O
JZTLIOS,X,O
JZTLSIO,O,O
JZTLSOI,O,O
JZTLOIS,X,O
JZTLOSI,X,O
JZTSILO,O,O
JZTSIOL,O,O
JZTSLIO,O,O
JZTSLOI,O,O
JZTSOIL,O,O
JZTSOLI,O,O
JZTOILS,O,X
JZTOISL,O,X
JZTOLIS,O,X
JZTOLSI,O,X
JZTOSIL,O,X
JZTOSLI,O,X
JZITLSO,O,O
JZITLOS,X,O
JZITSLO,O,O
JZITSOL,O,O
JZITOLS,O,X
JZITOSL,O,X
JZILTSO,O,O
JZILTOS,X,O
JZILSTO,O,O
JZILSOT,O,O
JZILOTS,X,O
JZILOST,X,O
JZISTLO,O,O
JZISTOL,O,O
JZISLTO,O,O
JZISLOT,O,O
JZISOTL,O,O
JZISOLT,O,O
JZIOTLS,O,X
JZIOTSL,O,X
JZIOLTS,O,O
JZIOLST,O,O
JZIOSTL,O,O
JZIOSLT,O,O
JZLTISO,O,O
JZLTIOS,X,O
JZLTSIO,O,O
JZLTSOI,O,O
JZLTOIS,X,O
JZLTOSI,X,O
JZLITSO,O,O
JZLITOS,X,O
JZLISTO,O,O
JZLISOT,O,O
JZLIOTS,X,O
JZLIOST,X,O
JZLSTIO,O,O
JZLSTOI,O,O
JZLSITO,O,O
JZLSIOT,O,O
JZLSOTI,O,O
JZLSOIT,O,O
JZLOTIS,X,O
JZLOTSI,X,O
JZLOITS,X,O
JZLOIST,X,O
JZLOSTI,X,O
JZLOSIT,X,O
JZSTILO,O,O
JZSTIOL,O,O
JZSTLIO,O,O
JZSTLOI,O,O
JZSTOIL,O,O
JZSTOLI,O,O
JZSITLO,O,O
JZSITOL,O,O
JZSILTO,O,O
JZSILOT,O,O
JZSIOTL,O,O
JZSIOLT,O,O
JZSLTIO,O,O
JZSLTOI,O,O
JZSLITO,O,O
JZSLIOT,O,O
JZSLOTI,O,O
JZSLOIT,O,O
JZSOTIL,O,O
JZSOTLI,O,O
JZSOITL,O,O
JZSOILT,O,O
JZSOLTI,O,O
JZSOLIT,O,O
JZOTILS,O,X
JZOTISL,O,X
JZOTLIS,O,X
JZOTLSI,O,X
JZOTSIL,O,X
JZOTSLI,O,X
JZOITLS,O,X
JZOITSL,O,X
JZOILTS,O,O
JZOILST,O,O
JZOISTL,O,O
JZOISLT,O,O
JZOLTIS,O,O
JZOLTSI,O,O
JZOLITS,O,O
JZOLIST,O,O
JZOLSTI,O,O
JZOLSIT,O,O
JZOSTIL,O,O
JZOSTLI,O,O
JZOSITL,O,O
JZOSILT,O,O
JZOSLTI,O,O
JZOSLIT,O,O
JOTILSZ,O,O
JOTILZS,O,O
JOTISLZ,O,O
JOTISZL,O,O
JOTIZLS,O,X
JOTIZSL,O,X
JOTLISZ,O,O
JOTLIZS,O,O
JOTLSIZ,O,O
JOTLSZI,O,O
JOTLZIS,O,O
JOTLZSI,O,O
JOTSILZ,O,O
JOTSIZL,O,O
JOTSLIZ,O,O
JOTSLZI,O,O
JOTSZIL,O,O
JOTSZLI,O,O
JOTZILS,O,X
JOTZISL,O,X
JOTZLIS,O,X
JOTZLSI,O,X
JOTZSIL,O,X
JOTZSLI,O,X
JOITLSZ,O,O
JOITLZS,O,O
JOITSLZ,O,O
JOITSZL,O,O
JOITZLS,O,X
JOITZSL,O,X
JOILTSZ,O,O
JOILTZS,O,O
JOILSTZ,O,O
JOILSZT,O,O
JOILZTS,O,O
JOILZST,O,O
JOISTLZ,O,O
JOISTZL,O,O
JOISLTZ,O,O
JOISLZT,O,O
JOISZTL,O,O
JOISZLT,O,O
JOIZTLS,O,X
JOIZTSL,O,X
JOIZLTS,O,O
JOIZLST,O,O
JOIZSTL,O,O
JOIZSLT,O,O
JOLTISZ,O,O
JOLTIZS,O,O
JOLTSIZ,O,O
JOLTSZI,O,O
JOLTZIS,O,O
JOLTZSI,O,O
JOLITSZ,O,O
JOLITZS,O,O
JOLISTZ,O,O
JOLISZT,O,O
JOLIZTS,O,O
JOLIZST,O,O
JOLSTIZ,O,O
JOLSTZI,O,O
JOLSITZ,O,O
JOLSIZT,O,O
JOLSZTI,O,O
JOLSZIT,O,O
JOLZTIS,O,O
JOLZTSI,O,O
JOLZITS,O,O
JOLZIST,O,O
JOLZSTI,O,O
JOLZSIT,O,O
JOSTILZ,O,O
JOSTIZL,O,O
JOSTLIZ,O,O
JOSTLZI,O,O
JOSTZIL,O,O
JOSTZLI,O,O
JOSITLZ,O,O
JOSITZL,O,O
JOSILTZ,O,O
JOSILZT,O,O
JOSIZTL,O,O
JOSIZLT,O,O
JOSLTIZ,O,O
JOSLTZI,O,O
JOSLITZ,O,O
JOSLIZT,O,O
JOSLZTI,O,O
JOSLZIT,O,O
JOSZTIL,O,O
JOSZTLI,O,O
JOSZITL,O,O
JOSZILT,O,O
JOSZLTI,O,O
JOSZLIT,O,O
JOZTILS,O,X
JOZTISL,O,X
JOZTLIS,O,X
JOZTLSI,O,X
JOZTSIL,O,X
JOZTSLI,O,X
JOZITLS,O,X
JOZITSL,O,X
JOZILTS,O,O
JOZILST,O,O
JOZISTL,O,O
JOZISLT,O,O
JOZLTIS,O,O
JOZLTSI,O,O
JOZLITS,O,O
JOZLIST,O,O
JOZLSTI,O,O
JOZLSIT,O,O
JOZSTIL,O,O
JOZSTLI,O,O
JOZSITL,O,O
JOZSILT,O,O
JOZSLTI,O,O
JOZSLIT,O,O
STILJZO,O,O
STILJOZ,O,O
STILZJO,O,O
STILZOJ,O,O
STILOJZ,O,O
STILOZJ,O,O
STIJLZO,O,O
STIJLOZ,O,O
STIJZLO,O,O
STIJZOL,O,O
STIJOLZ,O,O
STIJOZL,O,O
STIZLJO,O,O
STIZLOJ,O,O
STIZJLO,O,O
STIZJOL,O,O
STIZOLJ,O,O
STIZOJL,O,O
STIOLJZ,O,O
STIOLZJ,O,O
STIOJLZ,O,O
STIOJZL,O,O
STIOZLJ,O,O
STIOZJL,O,O
STLIJZO,O,O
STLIJOZ,O,O
STLIZJO,O,O
STLIZOJ,O,O
STLIOJZ,O,O
STLIOZJ,O,O
STLJIZO,O,O
STLJIOZ,O,O
STLJZIO,O,O
STLJZOI,O,O
STLJOIZ,O,O
STLJOZI,O,O
STLZIJO,O,O
STLZIOJ,O,O
STLZJIO,O,O
STLZJOI,O,O
STLZOIJ,O,O
STLZOJI,O,O
STLOIJZ,O,O
STLOIZJ,O,O
STLOJIZ,O,O
STLOJZI,O,O
STLOZIJ,O,O
STLOZJI,O,O
STJILZO,O,O
STJILOZ,O,O
STJIZLO,O,O
STJIZOL,O,O
STJIOLZ,O,O
STJIOZL,O,O
STJLIZO,O,O
STJLIOZ,O,O
STJLZIO,O,O
STJLZOI,O,O
STJLOIZ,O,O
STJLOZI,O,O
STJZILO,O,O
STJZIOL,O,O
STJZLIO,O,O
STJZLOI,O,O
STJZOIL,O,O
STJZOLI,O,O
STJOILZ,O,O
STJOIZL,O,O
STJOLIZ,O,O
STJOLZI,O,O
STJOZIL,O,O
STJOZLI,O,O
STZILJO,O,O
STZILOJ,O,O
STZIJLO,O,O
STZIJOL,O,O
STZIOLJ,O,O
STZIOJL,O,O
STZLIJO,O,O
STZLIOJ,O,O
STZLJIO,O,O
STZLJOI,O,O
STZLOIJ,O,O
STZLOJI,O,O
STZJILO,O,O
STZJIOL,O,O
STZJLIO,O,O
STZJLOI,O,O
STZJOIL,O,O
STZJOLI,O,O
STZOILJ,O,O
STZOIJL,O,O
STZOLIJ,O,O
STZOLJI,O,O
STZOJIL,O,O
STZOJLI,O,O
STOILJZ,O,O
STOILZJ,O,O
STOIJLZ,O,O
STOIJZL,O,O
STOIZLJ,O,O
STOIZJL,O,O
STOLIJZ,O,O
STOLIZJ,O,O
STOLJIZ,O,O
STOLJZI,O,O
STOLZIJ,O,O
STOLZJI,O,O
STOJILZ,O,O
STOJIZL,O,O
STOJLIZ,O,O
STOJLZI,O,O
STOJZIL,O,O
STOJZLI,O,O
STOZILJ,O,O
STOZIJL,O,O
STOZLIJ,O,O
STOZLJI,O,O
STOZJIL,O,O
STOZJLI,O,O
SITLJZO,O,O
SITLJOZ,O,O
SITLZJO,O,O
SITLZOJ,O,O
SITLOJZ,O,O
SITLOZJ,O,O
SITJLZO,O,O
SITJLOZ,O,O
SITJZLO,O,O
SITJZOL,O,O
SITJOLZ,O,O
SITJOZL,O,O
SITZLJO,O,O
SITZLOJ,O,O
SITZJLO,O,O
SITZJOL,O,O
SITZOLJ,O,O
SITZOJL,O,O
SITOLJZ,O,O
SITOLZJ,O,O
SITOJLZ,O,O
SITOJZL,O,O
SITOZLJ,O,O
SITOZJL,O,O
SILTJZO,O,O
SILTJOZ,O,O
SILTZJO,O,O
SILTZOJ,O,O
SILTOJZ,O,O
SILTOZJ,O,O
SILJTZO,O,O
SILJTOZ,O,O
SILJZTO,O,O
SILJZOT,O,O
SILJOTZ,O,O
SILJOZT,O,O
SILZTJO,O,O
SILZTOJ,O,O
SILZJTO,O,O
SILZJOT,O,O
SILZOTJ,O,O
SILZOJT,O,O
SILOTJZ,O,O
SILOTZJ,O,O
SILOJTZ,O,O
SILOJZT,O,O
SILOZTJ,O,O
SILOZJT,O,O
SIJTLZO,O,O
SIJTLOZ,O,O
SIJTZLO,O,O
SIJTZOL,O,O
SIJTOLZ,O,O
SIJTOZL,O,O
SIJLTZO,O,O
SIJLTOZ,O,O
SIJLZTO,O,O
SIJLZOT,O,O
SIJLOTZ,O,O
SIJLOZT,O,O
SIJZTLO,O,O
SIJZTOL,O,O
SIJZLTO,O,O
SIJZLOT,O,O
SIJZOTL,O,O
SIJZOLT,O,O
SIJOTLZ,O,O
SIJOTZL,O,O
SIJOLTZ,O,O
SIJOLZT,O,O
SIJOZTL,O,O
SIJOZLT,O,O
SIZTLJO,O,O
SIZTLOJ,O,O
SIZTJLO,O,O
SIZTJOL,O,O
SIZTOLJ,O,O
SIZTOJL,O,O
SIZLTJO,O,O
SIZLTOJ,O,O
SIZLJTO,O,O
SIZLJOT,O,O
SIZLOTJ,O,O
SIZLOJT,O,O
SIZJTLO,O,O
SIZJTOL,O,O
SIZJLTO,O,O
SIZJLOT,O,O
SIZJOTL,O,O
SIZJOLT,O,O
SIZOTLJ,O,O
SIZOTJL,O,O
SIZOLTJ,O,O
SIZOLJT,O,O
SIZOJTL,O,O
SIZOJLT,O,O
SIOTLJZ,O,O
SIOTLZJ,O,O
SIOTJLZ,O,O
SIOTJZL,O,O
SIOTZLJ,O,O
SIOTZJL,O,O
SIOLTJZ,O,O
SIOLTZJ,O,O
SIOLJTZ,O,O
SIOLJZT,O,O
SIOLZTJ,O,O
SIOLZJT,O,O
SIOJTLZ,O,O
SIOJTZL,O,O
SIOJLTZ,O,O
SIOJLZT,O,O
SIOJZTL,O,O
SIOJZLT,O,O
SIOZTLJ,O,O
SIOZTJL,O,O
SIOZLTJ,O,O
SIOZLJT,O,O
SIOZJTL,O,O
SIOZJLT,O,O
SLTIJZO,O,O
SLTIJOZ,O,O
SLTIZJO,O,O
SLTIZOJ,O,O
SLTIOJZ,O,O
SLTIOZJ,O,O
SLTJIZO,O,O
SLTJIOZ,O,O
SLTJZIO,O,O
SLTJZOI,O,O
SLTJOIZ,O,O
SLTJOZI,O,O
SLTZIJO,O,O
SLTZIOJ,O,O
SLTZJIO,O,O
SLTZJOI,O,O
SLTZOIJ,O,O
SLTZOJI,O,O
SLTOIJZ,O,O
SLTOIZJ,O,O
SLTOJIZ,O,O
SLTOJZI,O,O
SLTOZIJ,O,O
SLTOZJI,O,O
SLITJZO,O,O
SLITJOZ,O,O
SLITZJO,O,O
SLITZOJ,O,O
SLITOJZ,O,O
SLITOZJ,O,O
SLIJTZO,O,O
SLIJTOZ,O,O
SLIJZTO,O,O
SLIJZOT,O,O
SLIJOTZ,O,O
SLIJOZT,O,O
SLIZTJO,O,O
SLIZTOJ,O,O
SLIZJTO,O,O
SLIZJOT,O,O
SLIZOTJ,O,O
SLIZOJT,O,O
SLIOTJZ,O,O
SLIOTZJ,O,O
SLIOJTZ,O,O
SLIOJZT,O,O
SLIOZTJ,O,O
SLIOZJT,O,O
SLJTIZO,O,O
SLJTIOZ,O,O
SLJTZIO,O,O
SLJTZOI,O,O
SLJTOIZ,O,O
SLJTOZI,O,O
SLJITZO,O,O
SLJITOZ,O,O
SLJIZTO,O,O
SLJIZOT,O,O
SLJIOTZ,O,O
SLJIOZT,O,O
SLJZTIO,O,O
SLJZTOI,O,O
SLJZITO,O,O
SLJZIOT,O,O
SLJZOTI,O,O
SLJZOIT,O,O
SLJOTIZ,O,O
SLJOTZI,O,O
SLJOITZ,O,O
SLJOIZT,O,O
SLJOZTI,O,O
SLJOZIT,O,O
SLZTIJO,O,O
SLZTIOJ,O,O
SLZTJIO,O,O
SLZTJOI,O,O
SLZTOIJ,O,O
SLZTOJI,O,O
SLZITJO,O,O
SLZITOJ,O,O
SLZIJTO,O,O
SLZIJOT,O,O
SLZIOTJ,O,O
SLZIOJT,O,O
SLZJTIO,O,O
SLZJTOI,O,O
SLZJITO,O,O
SLZJIOT,O,O
SLZJOTI,O,O
SLZJOIT,O,O
SLZOTIJ,O,O
SLZOTJI,O,O
SLZOITJ,O,O
SLZOIJT,O,O
SLZOJTI,O,O
SLZOJIT,O,O
SLOTIJZ,O,O
SLOTIZJ,O,O
SLOTJIZ,O,O
SLOTJZI,O,O
SLOTZIJ,O,O
SLOTZJI,O,O
SLOITJZ,O,O
SLOITZJ,O,O
SLOIJTZ,O,O
SLOIJZT,O,O
SLOIZTJ,O,O
SLOIZJT,O,O
SLOJTIZ,O,O
SLOJTZI,O,O
SLOJITZ,O,O
SLOJIZT,O,O
SLOJZTI,O,O
SLOJZIT,O,O
SLOZTIJ,O,O
SLOZTJI,O,O
SLOZITJ,O,O
SLOZIJT,O,O
SLOZJTI,O,O
SLOZJIT,O,O
SJTILZO,O,O
SJTILOZ,O,O
SJTIZLO,O,O
SJTIZOL,O,O
SJTIOLZ,O,O
SJTIOZL,O,O
SJTLIZO,O,O
SJTLIOZ,O,O
SJTLZIO,O,O
SJTLZOI,O,O
SJTLOIZ,O,O
SJTLOZI,O,O
SJTZILO,O,O
SJTZIOL,O,O
SJTZLIO,O,O
SJTZLOI,O,O
SJTZOIL,O,O
SJTZOLI,O,O
SJTOILZ,O,O
SJTOIZL,O,O
SJTOLIZ,O,O
SJTOLZI,O,O
SJTOZIL,O,O
SJTOZLI,O,O
SJITLZO,O,O
SJITLOZ,O,O
SJITZLO,O,O
SJITZOL,O,O
SJITOLZ,O,O
SJITOZL,O,O
SJILTZO,O,O
SJILTOZ,O,O
SJILZTO,O,O
SJILZOT,O,O
SJILOTZ,O,O
SJILOZT,O,O
SJIZTLO,O,O
SJIZTOL,O,O
SJIZLTO,O,O
SJIZLOT,O,O
SJIZOTL,O,O
SJIZOLT,O,O
SJIOTLZ,O,O
SJIOTZL,O,O
SJIOLTZ,O,O
SJIOLZT,O,O
SJIOZTL,O,O
SJIOZLT,O,O
SJLTIZO,O,O
SJLTIOZ,O,O
SJLTZIO,O,O
SJLTZOI,O,O
SJLTOIZ,O,O
SJLTOZI,O,O
SJLITZO,O,O
SJLITOZ,O,O
SJLIZTO,O,O
SJLIZOT,O,O
SJLIOTZ,O,O
SJLIOZT,O,O
SJLZTIO,O,O
SJLZTOI,O,O
SJLZITO,O,O
SJLZIOT,O,O
SJLZOTI,O,O
SJLZOIT,O,O
SJLOTIZ,O,O
SJLOTZI,O,O
SJLOITZ,O,O
SJLOIZT,O,O
SJLOZTI,O,O
SJLOZIT,O,O
SJZTILO,O,O
SJZTIOL,O,O
SJZTLIO,O,O
SJZTLOI,O,O
SJZTOIL,O,O
SJZTOLI,O,O
SJZITLO,O,O
SJZITOL,O,O
SJZILTO,O,O
SJZILOT,O,O
SJZIOTL,O,O
SJZIOLT,O,O
SJZLTIO,O,O
SJZLTOI,O,O
SJZLITO,O,O
SJZLIOT,O,O
SJZLOTI,O,O
SJZLOIT,O,O
SJZOTIL,O,O
SJZOTLI,O,O
SJZOITL,O,O
SJZOILT,O,O
SJZOLTI,O,O
SJZOLIT,O,O
SJOTILZ,O,O
SJOTIZL,O,O
SJOTLIZ,O,O
SJOTLZI,O,O
SJOTZIL,O,O
SJOTZLI,O,O
SJOITLZ,O,O
SJOITZL,O,O
SJOILTZ,O,O
SJOILZT,O,O
SJOIZTL,O,O
SJOIZLT,O,O
SJOLTIZ,O,O
SJOLTZI,O,O
SJOLITZ,O,O
SJOLIZT,O,O
SJOLZTI,O,O
SJOLZIT,O,O
SJOZTIL,O,O
SJOZTLI,O,O
SJOZITL,O,O
SJOZILT,O,O
SJOZLTI,O,O
SJOZLIT,O,O
SZTILJO,O,O
SZTILOJ,O,O
SZTIJLO,O,O
SZTIJOL,O,O
SZTIOLJ,O,O
SZTIOJL,O,O
SZTLIJO,O,O
SZTLIOJ,O,O
SZTLJIO,O,O
SZTLJOI,O,O
SZTLOIJ,O,O
SZTLOJI,O,O
SZTJILO,O,O
SZTJIOL,O,O
SZTJLIO,O,O
SZTJLOI,O,O
SZTJOIL,O,O
SZTJOLI,O,O
SZTOILJ,O,O
SZTOIJL,O,O
SZTOLIJ,O,O
SZTOLJI,O,O
SZTOJIL,O,O
SZTOJLI,O,O
SZITLJO,O,O
SZITLOJ,O,O
SZITJLO,O,O
SZITJOL,O,O
SZITOLJ,O,O
SZITOJL,O,O
SZILTJO,O,O
SZILTOJ,O,O
SZILJTO,O,O
SZILJOT,O,O
SZILOTJ,O,O
SZILOJT,O,O
SZIJTLO,O,O
SZIJTOL,O,O
SZIJLTO,O,O
SZIJLOT,O,O
SZIJOTL,O,O
SZIJOLT,O,O
SZIOTLJ,O,O
SZIOTJL,O,O
SZIOLTJ,O,O
SZIOLJT,O,O
SZIOJTL,O,O
SZIOJLT,O,O
SZLTIJO,O,O
SZLTIOJ,O,O
SZLTJIO,O,O
SZLTJOI,O,O
SZLTOIJ,O,O
SZLTOJI,O,O
SZLITJO,O,O
SZLITOJ,O,O
SZLIJTO,O,O
SZLIJOT,O,O
SZLIOTJ,O,O
SZLIOJT,O,O
SZLJTIO,O,O
SZLJTOI,O,O
SZLJITO,O,O
SZLJIOT,O,O
SZLJOTI,O,O
SZLJOIT,O,O
SZLOTIJ,O,O
SZLOTJI,O,O
SZLOITJ,O,O
SZLOIJT,O,O
SZLOJTI,O,O
SZLOJIT,O,O
SZJTILO,O,O
SZJTIOL,O,O
SZJTLIO,O,O
SZJTLOI,O,O
SZJTOIL,O,O
SZJTOLI,O,O
SZJITLO,O,O
SZJITOL,O,O
SZJILTO,O,O
SZJILOT,O,O
SZJIOTL,O,O
SZJIOLT,O,O
SZJLTIO,O,O
SZJLTOI,O,O
SZJLITO,O,O
SZJLIOT,O,O
SZJLOTI,O,O
SZJLOIT,O,O
SZJOTIL,O,O
SZJOTLI,O,O
SZJOITL,O,O
SZJOILT,O,O
SZJOLTI,O,O
SZJOLIT,O,O
SZOTILJ,O,O
SZOTIJL,O,O
SZOTLIJ,O,O
SZOTLJI,O,O
SZOTJIL,O,O
SZOTJLI,O,O
SZOITLJ,O,O
SZOITJL,O,O
SZOILTJ,O,O
SZOILJT,O,O
SZOIJTL,O,O
SZOIJLT,O,O
SZOLTIJ,O,O
SZOLTJI,O,O
SZOLITJ,O,O
SZOLIJT,O,O
SZOLJTI,O,O
SZOLJIT,O,O
SZOJTIL,O,O
SZOJTLI,O,O
SZOJITL,O,O
SZOJILT,O,O
SZOJLTI,O,O
SZOJLIT,O,O
SOTILJZ,O,O
SOTILZJ,O,O
SOTIJLZ,O,O
SOTIJZL,O,O
SOTIZLJ,O,O
SOTIZJL,O,O
SOTLIJZ,O,O
SOTLIZJ,O,O
SOTLJIZ,O,O
SOTLJZI,O,O
SOTLZIJ,O,O
SOTLZJI,O,O
SOTJILZ,O,O
SOTJIZL,O,O
SOTJLIZ,O,O
SOTJLZI,O,O
SOTJZIL,O,O
SOTJZLI,O,O
SOTZILJ,O,O
SOTZIJL,O,O
SOTZLIJ,O,O
SOTZLJI,O,O
SOTZJIL,O,O
SOTZJLI,O,O
SOITLJZ,O,O
SOITLZJ,O,O
SOITJLZ,O,O
SOITJZL,O,O
SOITZLJ,O,O
SOITZJL,O,O
SOILTJZ,O,O
SOILTZJ,O,O
SOILJTZ,O,O
SOILJZT,O,O
SOILZTJ,O,O
SOILZJT,O,O
SOIJTLZ,O,O
SOIJTZL,O,O
SOIJLTZ,O,O
SOIJLZT,O,O
SOIJZTL,O,O
SOIJZLT,O,O
SOIZTLJ,O,O
SOIZTJL,O,O
SOIZLTJ,O,O
SOIZLJT,O,O
SOIZJTL,O,O
SOIZJLT,O,O
SOLTIJZ,O,O
SOLTIZJ,O,O
SOLTJIZ,O,O
SOLTJZI,O,O
SOLTZIJ,O,O
SOLTZJI,O,O
SOLITJZ,O,O
SOLITZJ,O,O
SOLIJTZ,O,O
SOLIJZT,O,O
SOLIZTJ,O,O
SOLIZJT,O,O
SOLJTIZ,O,O
SOLJTZI,O,O
SOLJITZ,O,O
SOLJIZT,O,O
SOLJZTI,O,O
SOLJZIT,O,O
SOLZTIJ,O,O
SOLZTJI,O,O
SOLZITJ,O,O
SOLZIJT,O,O
SOLZJTI,O,O
SOLZJIT,O,O
SOJTILZ,O,O
SOJTIZL,O,O
SOJTLIZ,O,O
SOJTLZI,O,O
SOJTZIL,O,O
SOJTZLI,O,O
SOJITLZ,O,O
SOJITZL,O,O
SOJILTZ,O,O
SOJILZT,O,O
SOJIZTL,O,O
SOJIZLT,O,O
SOJLTIZ,O,O
SOJLTZI,O,O
SOJLITZ,O,O
SOJLIZT,O,O
SOJLZTI,O,O
SOJLZIT,O,O
SOJZTIL,O,O
SOJZTLI,O,O
SOJZITL,O,O
SOJZILT,O,O
SOJZLTI,O,O
SOJZLIT,O,O
SOZTILJ,O,O
SOZTIJL,O,O
SOZTLIJ,O,O
SOZTLJI,O,O
SOZTJIL,O,O
SOZTJLI,O,O
SOZITLJ,O,O
SOZITJL,O,O
SOZILTJ,O,O
SOZILJT,O,O
SOZIJTL,O,O
SOZIJLT,O,O
SOZLTIJ,O,O
SOZLTJI,O,O
SOZLITJ,O,O
SOZLIJT,O,O
SOZLJTI,O,O
SOZLJIT,O,O
SOZJTIL,O,O
SOZJTLI,O,O
SOZJITL,O,O
SOZJILT,O,O
SOZJLTI,O,O
SOZJLIT,O,O
ZTILJSO,O,O
ZTILJOS,X,O
ZTILSJO,O,O
ZTILSOJ,O,O
ZTILOJS,O,X
ZTILOSJ,O,X
ZTIJLSO,O,O
ZTIJLOS,X,O
ZTIJSLO,O,O
ZTIJSOL,O,O
ZTIJOLS,O,X
ZTIJOSL,O,X
ZTISLJO,O,O
ZTISLOJ,O,O
ZTISJLO,O,O
ZTISJOL,O,O
ZTISOLJ,O,O
ZTISOJL,O,O
ZTIOLJS,O,X
ZTIOLSJ,O,X
ZTIOJLS,O,X
ZTIOJSL,O,X
ZTIOSLJ,O,X
ZTIOSJL,O,X
ZTLIJSO,O,O
ZTLIJOS,X,O
ZTLISJO,O,O
ZTLISOJ,O,O
ZTLIOJS,O,X
ZTLIOSJ,O,X
ZTLJISO,O,O
ZTLJIOS,X,O
ZTLJSIO,O,O
ZTLJSOI,O,O
ZTLJOIS,X,O
ZTLJOSI,X,O
ZTLSIJO,O,O
ZTLSIOJ,O,O
ZTLSJIO,O,O
ZTLSJOI,O,O
ZTLSOIJ,O,O
ZTLSOJI,O,O
ZTLOIJS,O,X
ZTLOISJ,O,X
ZTLOJIS,O,X
ZTLOJSI,O,X
ZTLOSIJ,O,X
ZTLOSJI,O,X
ZTJILSO,O,O
ZTJILOS,X,O
ZTJISLO,O,O
ZTJISOL,O,O
ZTJIOLS,O,X
ZTJIOSL,O,X
ZTJLISO,O,O
ZTJLIOS,X,O
ZTJLSIO,O,O
ZTJLSOI,O,O
ZTJLOIS,X,O
ZTJLOSI,X,O
ZTJSILO,O,O
ZTJSIOL,O,O
ZTJSLIO,O,O
ZTJSLOI,O,O
ZTJSOIL,O,O
ZTJSOLI,O,O
ZTJOILS,O,X
ZTJOISL,O,X
ZTJOLIS,O,X
ZTJOLSI,O,X
ZTJOSIL,O,X
ZTJOSLI,O,X
ZTSILJO,O,O
ZTSILOJ,O,O
ZTSIJLO,O,O
ZTSIJOL,O,O
ZTSIOLJ,O,O
ZTSIOJL,O,O
ZTSLIJO,O,O
ZTSLIOJ,O,O
ZTSLJIO,O,O
ZTSLJOI,O,O
ZTSLOIJ,O,O
ZTSLOJI,O,O
ZTSJILO,O,O
ZTSJIOL,O,O
ZTSJLIO,O,O
ZTSJLOI,O,O
ZTSJOIL,O,O
ZTSJOLI,O,O
ZTSOILJ,O,O
ZTSOIJL,O,O
ZTSOLIJ,O,O
ZTSOLJI,O,O
ZTSOJIL,O,O
ZTSOJLI,O,O
ZTOILJS,O,X
ZTOILSJ,O,X
ZTOIJLS,O,X
ZTOIJSL,O,X
ZTOISLJ,O,X
ZTOISJL,O,X
ZTOLIJS,O,X
ZTOLISJ,O,X
ZTOLJIS,O,X
ZTOLJSI,O,X
ZTOLSIJ,O,X
ZTOLSJI,O,X
ZTOJILS,O,X
ZTOJISL,O,X
ZTOJLIS,O,X
ZTOJLSI,O,X
ZTOJSIL,O,X
ZTOJSLI,O,X
ZTOSILJ,O,X
ZTOSIJL,O,X
ZTOSLIJ,O,X
ZTOSLJI,O,X
ZTOSJIL,O,X
ZTOSJLI,O,X
ZITLJSO,O,O
ZITLJOS,X,O
ZITLSJO,O,O
ZITLSOJ,O,O
ZITLOJS,O,X
ZITLOSJ,O,X
ZITJLSO,O,O
ZITJLOS,X,O
ZITJSLO,O,O
ZITJSOL,O,O
ZITJOLS,O,X
ZITJOSL,O,X
ZITSLJO,O,O
ZITSLOJ,O,O
ZITSJLO,O,O
ZITSJOL,O,O
ZITSOLJ,O,O
ZITSOJL,O,O
ZITOLJS,O,X
ZITOLSJ,O,X
ZITOJLS,O,X
ZITOJSL,O,X
ZITOSLJ,O,X
ZITOSJL,O,X
ZILTJSO,O,O
ZILTJOS,X,O
ZILTSJO,O,O
ZILTSOJ,O,O
ZILTOJS,O,X
ZILTOSJ,O,X
ZILJTSO,O,O
ZILJTOS,X,O
ZILJSTO,O,O
ZILJSOT,O,O
ZILJOTS,X,O
ZILJOST,X,O
ZILSTJO,O,O
ZILSTOJ,O,O
ZILSJTO,O,O
ZILSJOT,O,O
ZILSOTJ,O,O
ZILSOJT,O,O
ZILOTJS,O,X
ZILOTSJ,O,X
ZILOJTS,O,X
ZILOJST,O,X
ZILOSTJ,O,X
ZILOSJT,O,X
ZIJTLSO,O,O
ZIJTLOS,X,O
ZIJTSLO,O,O
ZIJTSOL,O,O
ZIJTOLS,O,X
ZIJTOSL,O,X
ZIJLTSO,O,O
ZIJLTOS,X,O
ZIJLSTO,O,O
ZIJLSOT,O,O
ZIJLOTS,X,O
ZIJLOST,X,O
ZIJSTLO,O,O
ZIJSTOL,O,O
ZIJSLTO,O,O
ZIJSLOT,O,O
ZIJSOTL,O,O
ZIJSOLT,O,O
ZIJOTLS,O,X
ZIJOTSL,O,X
ZIJOLTS,O,O
ZIJOLST,O,O
ZIJOSTL,O,O
ZIJOSLT,O,O
ZISTLJO,O,O
ZISTLOJ,O,O
ZISTJLO,O,O
ZISTJOL,O,O
ZISTOLJ,O,O
ZISTOJL,O,O
ZISLTJO,O,O
ZISLTOJ,O,O
ZISLJTO,O,O
ZISLJOT,O,O
ZISLOTJ,O,O
ZISLOJT,O,O
ZISJTLO,O,O
ZISJTOL,O,O
ZISJLTO,O,O
ZISJLOT,O,O
ZISJOTL,O,O
ZISJOLT,O,O
ZISOTLJ,O,O
ZISOTJL,O,O
ZISOLTJ,O,O
ZISOLJT,O,O
ZISOJTL,O,O
ZISOJLT,O,O
ZIOTLJS,O,X
ZIOTLSJ,O,X
ZIOTJLS,O,X
ZIOTJSL,O,X
ZIOTSLJ,O,X
ZIOTSJL,O,X
ZIOLTJS,O,X
ZIOLTSJ,O,X
ZIOLJTS,O,X
ZIOLJST,O,X
ZIOLSTJ,O,X
ZIOLSJT,O,X
ZIOJTLS,O,X
ZIOJTSL,O,X
ZIOJLTS,O,X
ZIOJLST,O,X
ZIOJSTL,O,X
ZIOJSLT,O,X
ZIOSTLJ,O,X
ZIOSTJL,O,X
ZIOSLTJ,O,X
ZIOSLJT,O,X
ZIOSJTL,O,X
ZIOSJLT,O,X
ZLTIJSO,O,O
ZLTIJOS,X,O
ZLTISJO,O,O
ZLTISOJ,O,O
ZLTIOJS,O,X
ZLTIOSJ,O,X
ZLTJISO,O,O
ZLTJIOS,X,O
ZLTJSIO,O,O
ZLTJSOI,O,O
ZLTJOIS,X,O
ZLTJOSI,X,O
ZLTSIJO,O,O
ZLTSIOJ,O,O
ZLTSJIO,O,O
ZLTSJOI,O,O
ZLTSOIJ,O,O
ZLTSOJI,O,O
ZLTOIJS,O,X
ZLTOISJ,O,X
ZLTOJIS,O,X
ZLTOJSI,O,X
ZLTOSIJ,O,X
ZLTOSJI,O,X
ZLITJSO,O,O
ZLITJOS,X,O
ZLITSJO,O,O
ZLITSOJ,O,O
ZLITOJS,O,X
ZLITOSJ,O,X
ZLIJTSO,O,O
ZLIJTOS,X,O
ZLIJSTO,O,O
ZLIJSOT,O,O
ZLIJOTS,X,O
ZLIJOST,X,O
ZLISTJO,O,O
ZLISTOJ,O,O
ZLISJTO,O,O
ZLISJOT,O,O
ZLISOTJ,O,O
ZLISOJT,O,O
ZLIOTJS,O,X
ZLIOTSJ,O,X
ZLIOJTS,O,X
ZLIOJST,O,X
ZLIOSTJ,O,X
ZLIOSJT,O,X
ZLJTISO,O,O
ZLJTIOS,X,O
ZLJTSIO,O,O
ZLJTSOI,O,O
ZLJTOIS,X,O
ZLJTOSI,X,O
ZLJITSO,O,O
ZLJITOS,X,O
ZLJISTO,O,O
ZLJISOT,O,O
ZLJIOTS,X,O
ZLJIOST,X,O
ZLJSTIO,O,O
ZLJSTOI,O,O
ZLJSITO,O,O
ZLJSIOT,O,O
ZLJSOTI,O,O
ZLJSOIT,O,O
ZLJOTIS,X,O
ZLJOTSI,X,O
ZLJOITS,X,O
ZLJOIST,X,O
ZLJOSTI,X,O
ZLJOSIT,X,O
ZLSTIJO,O,O
ZLSTIOJ,O,O
ZLSTJIO,O,O
ZLSTJOI,O,O
ZLSTOIJ,O,O
ZLSTOJI,O,O
ZLSITJO,O,O
ZLSITOJ,O,O
ZLSIJTO,O,O
ZLSIJOT,O,O
ZLSIOTJ,O,O
ZLSIOJT,O,O
ZLSJTIO,O,O
ZLSJTOI,O,O
ZLSJITO,O,O
ZLSJIOT,O,O
ZLSJOTI,O,O
ZLSJOIT,O,O
ZLSOTIJ,O,O
ZLSOTJI,O,O
ZLSOITJ,O,O
ZLSOIJT,O,O
ZLSOJTI,O,O
ZLSOJIT,O,O
ZLOTIJS,O,X
ZLOTISJ,O,X
ZLOTJIS,O,X
ZLOTJSI,O,X
ZLOTSIJ,O,X
ZLOTSJI,O,X
ZLOITJS,O,X
ZLOITSJ,O,X
ZLOIJTS,O,X
ZLOIJST,O,X
ZLOISTJ,O,X
ZLOISJT,O,X
ZLOJTIS,O,X
ZLOJTSI,O,X
ZLOJITS,O,X
ZLOJIST,O,X
ZLOJSTI,O,X
ZLOJSIT,O,X
ZLOSTIJ,O,X
ZLOSTJI,O,X
ZLOSITJ,O,X
ZLOSIJT,O,X
ZLOSJTI,O,X
ZLOSJIT,O,X
ZJTILSO,O,O
ZJTILOS,X,O
ZJTISLO,O,O
ZJTISOL,O,O
ZJTIOLS,O,X
ZJTIOSL,O,X
ZJTLISO,O,O
ZJTLIOS,X,O
ZJTLSIO,O,O
ZJTLSOI,O,O
ZJTLOIS,X,O
ZJTLOSI,X,O
ZJTSILO,O,O
ZJTSIOL,O,O
ZJTSLIO,O,O
ZJTSLOI,O,O
ZJTSOIL,O,O
ZJTSOLI,O,O
ZJTOILS,O,X
ZJTOISL,O,X
ZJTOLIS,O,X
ZJTOLSI,O,X
ZJTOSIL,O,X
ZJTOSLI,O,X
ZJITLSO,O,O
ZJITLOS,X,O
ZJITSLO,O,O
ZJITSOL,O,O
ZJITOLS,O,X
ZJITOSL,O,X
ZJILTSO,O,O
ZJILTOS,X,O
ZJILSTO,O,O
ZJILSOT,O,O
ZJILOTS,X,O
ZJILOST,X,O
ZJISTLO,O,O
ZJISTOL,O,O
ZJISLTO,O,O
ZJISLOT,O,O
ZJISOTL,O,O
ZJISOLT,O,O
ZJIOTLS,O,X
ZJIOTSL,O,X
ZJIOLTS,O,O
ZJIOLST,O,O
ZJIOSTL,O,O
ZJIOSLT,O,O
ZJLTISO,O,O
ZJLTIOS,X,O
ZJLTSIO,O,O
ZJLTSOI,O,O
ZJLTOIS,X,O
ZJLTOSI,X,O
ZJLITSO,O,O
ZJLITOS,X,O
ZJLISTO,O,O
ZJLISOT,O,O
ZJLIOTS,X,O
ZJLIOST,X,O
ZJLSTIO,O,O
ZJLSTOI,O,O
ZJLSITO,O,O
ZJLSIOT,O,O
ZJLSOTI,O,O
ZJLSOIT,O,O
ZJLOTIS,X,O
ZJLOTSI,X,O
ZJLOITS,X,O
ZJLOIST,X,O
ZJLOSTI,X,O
ZJLOSIT,X,O
ZJSTILO,O,O
ZJSTIOL,O,O
ZJSTLIO,O,O
ZJSTLOI,O,O
ZJSTOIL,O,O
ZJSTOLI,O,O
ZJSITLO,O,O
ZJSITOL,O,O
ZJSILTO,O,O
ZJSILOT,O,O
ZJSIOTL,O,O
ZJSIOLT,O,O
ZJSLTIO,O,O
ZJSLTOI,O,O
ZJSLITO,O,O
ZJSLIOT,O,O
ZJSLOTI,O,O
ZJSLOIT,O,O
ZJSOTIL,O,O
ZJSOTLI,O,O
ZJSOITL,O,O
ZJSOILT,O,O
ZJSOLTI,O,O
ZJSOLIT,O,O
ZJOTILS,O,X
ZJOTISL,O,X
ZJOTLIS,O,X
ZJOTLSI,O,X
ZJOTSIL,O,X
ZJOTSLI,O,X
ZJOITLS,O,X
ZJOITSL,O,X
ZJOILTS,O,O
ZJOILST,O,O
ZJOISTL,O,O
ZJOISLT,O,O
ZJOLTIS,O,O
ZJOLTSI,O,O
ZJOLITS,O,O
ZJOLIST,O,O
ZJOLSTI,O,O
ZJOLSIT,O,O
ZJOSTIL,O,O
ZJOSTLI,O,O
ZJOSITL,O,O
ZJOSILT,O,O
ZJOSLTI,O,O
ZJOSLIT,O,O
ZSTILJO,O,O
ZSTILOJ,O,O
ZSTIJLO,O,O
ZSTIJOL,O,O
ZSTIOLJ,O,O
ZSTIOJL,O,O
ZSTLIJO,O,O
ZSTLIOJ,O,O
ZSTLJIO,O,O
ZSTLJOI,O,O
ZSTLOIJ,O,O
ZSTLOJI,O,O
ZSTJILO,O,O
ZSTJIOL,O,O
ZSTJLIO,O,O
ZSTJLOI,O,O
ZSTJOIL,O,O
ZSTJOLI,O,O
ZSTOILJ,O,O
ZSTOIJL,O,O
ZSTOLIJ,O,O
ZSTOLJI,O,O
ZSTOJIL,O,O
ZSTOJLI,O,O
ZSITLJO,O,O
ZSITLOJ,O,O
ZSITJLO,O,O
ZSITJOL,O,O
ZSITOLJ,O,O
ZSITOJL,O,O
ZSILTJO,O,O
ZSILTOJ,O,O
ZSILJTO,O,O
ZSILJOT,O,O
ZSILOTJ,O,O
ZSILOJT,O,O
ZSIJTLO,O,O
ZSIJTOL,O,O
ZSIJLTO,O,O
ZSIJLOT,O,O
ZSIJOTL,O,O
ZSIJOLT,O,O
ZSIOTLJ,O,O
ZSIOTJL,O,O
ZSIOLTJ,O,O
ZSIOLJT,O,O
ZSIOJTL,O,O
ZSIOJLT,O,O
ZSLTIJO,O,O
ZSLTIOJ,O,O
ZSLTJIO,O,O
ZSLTJOI,O,O
ZSLTOIJ,O,O
ZSLTOJI,O,O
ZSLITJO,O,O
ZSLITOJ,O,O
ZSLIJTO,O,O
ZSLIJOT,O,O
ZSLIOTJ,O,O
ZSLIOJT,O,O
ZSLJTIO,O,O
ZSLJTOI,O,O
ZSLJITO,O,O
ZSLJIOT,O,O
ZSLJOTI,O,O
ZSLJOIT,O,O
ZSLOTIJ,O,O
ZSLOTJI,O,O
ZSLOITJ,O,O
ZSLOIJT,O,O
ZSLOJTI,O,O
ZSLOJIT,O,O
ZSJTILO,O,O
ZSJTIOL,O,O
ZSJTLIO,O,O
ZSJTLOI,O,O
ZSJTOIL,O,O
ZSJTOLI,O,O
ZSJITLO,O,O
ZSJITOL,O,O
ZSJILTO,O,O
ZSJILOT,O,O
ZSJIOTL,O,O
ZSJIOLT,O,O
ZSJLTIO,O,O
ZSJLTOI,O,O
ZSJLITO,O,O
ZSJLIOT,O,O
ZSJLOTI,O,O
ZSJLOIT,O,O
ZSJOTIL,O,O
ZSJOTLI,O,O
ZSJOITL,O,O
ZSJOILT,O,O
ZSJOLTI,O,O
ZSJOLIT,O,O
ZSOTILJ,O,O
ZSOTIJL,O,O
ZSOTLIJ,O,O
ZSOTLJI,O,O
ZSOTJIL,O,O
ZSOTJLI,O,O
ZSOITLJ,O,O
ZSOITJL,O,O
ZSOILTJ,O,O
ZSOILJT,O,O
ZSOIJTL,O,O
ZSOIJLT,O,O
ZSOLTIJ,O,O
ZSOLTJI,O,O
ZSOLITJ,O,O
ZSOLIJT,O,O
ZSOLJTI,O,O
ZSOLJIT,O,O
ZSOJTIL,O,O
ZSOJTLI,O,O
ZSOJITL,O,O
ZSOJILT,O,O
ZSOJLTI,O,O
ZSOJLIT,O,O
ZOTILJS,O,X
ZOTILSJ,O,X
ZOTIJLS,O,X
ZOTIJSL,O,X
ZOTISLJ,O,X
ZOTISJL,O,X
ZOTLIJS,O,X
ZOTLISJ,O,X
ZOTLJIS,O,X
ZOTLJSI,O,X
ZOTLSIJ,O,X
ZOTLSJI,O,X
ZOTJILS,O,X
ZOTJISL,O,X
ZOTJLIS,O,X
ZOTJLSI,O,X
ZOTJSIL,O,X
ZOTJSLI,O,X
ZOTSILJ,O,X
ZOTSIJL,O,X
ZOTSLIJ,O,X
ZOTSLJI,O,X
ZOTSJIL,O,X
ZOTSJLI,O,X
ZOITLJS,O,X
ZOITLSJ,O,X
ZOITJLS,O,X
ZOITJSL,O,X
ZOITSLJ,O,X
ZOITSJL,O,X
ZOILTJS,O,X
ZOILTSJ,O,X
ZOILJTS,O,X
ZOILJST,O,X
ZOILSTJ,O,X
ZOILSJT,O,X
ZOIJTLS,O,X
ZOIJTSL,O,X
ZOIJLTS,O,X
ZOIJLST,O,X
ZOIJSTL,O,X
ZOIJSLT,O,X
ZOISTLJ,O,X
ZOISTJL,O,X
ZOISLTJ,O,X
ZOISLJT,O,X
ZOISJTL,O,X
ZOISJLT,O,X
ZOLTIJS,O,X
ZOLTISJ,O,X
ZOLTJIS,O,X
ZOLTJSI,O,X
ZOLTSIJ,O,X
ZOLTSJI,O,X
ZOLITJS,O,X
ZOLITSJ,O,X
ZOLIJTS,O,X
ZOLIJST,O,X
ZOLISTJ,O,X
ZOLISJT,O,X
ZOLJTIS,O,X
ZOLJTSI,O,X
ZOLJITS,O,X
ZOLJIST,O,X
ZOLJSTI,O,X
ZOLJSIT,O,X
ZOLSTIJ,O,X
ZOLSTJI,O,X
ZOLSITJ,O,X
ZOLSIJT,O,X
ZOLSJTI,O,X
ZOLSJIT,O,X
ZOJTILS,O,X
ZOJTISL,O,X
ZOJTLIS,O,X
ZOJTLSI,O,X
ZOJTSIL,O,X
ZOJTSLI,O,X
ZOJITLS,O,X
ZOJITSL,O,X
ZOJILTS,O,X
ZOJILST,O,X
ZOJISTL,O,X
ZOJISLT,O,X
ZOJLTIS,O,X
ZOJLTSI,O,X
ZOJLITS,O,X
ZOJLIST,O,X
ZOJLSTI,O,X
ZOJLSIT,O,X
ZOJSTIL,O,X
ZOJSTLI,O,X
ZOJSITL,O,X
ZOJSILT,O,X
ZOJSLTI,O,X
ZOJSLIT,O,X
ZOSTILJ,O,X
ZOSTIJL,O,X
ZOSTLIJ,O,X
ZOSTLJI,O,X
ZOSTJIL,O,X
ZOSTJLI,O,X
ZOSITLJ,O,X
ZOSITJL,O,X
ZOSILTJ,O,X
ZOSILJT,O,X
ZOSIJTL,O,X
ZOSIJLT,O,X
ZOSLTIJ,O,X
ZOSLTJI,O,X
ZOSLITJ,O,X
ZOSLIJT,O,X
ZOSLJTI,O,X
ZOSLJIT,O,X
ZOSJTIL,O,X
ZOSJTLI,O,X
ZOSJITL,O,X
ZOSJILT,O,X
ZOSJLTI,O,X
ZOSJLIT,O,X
OTILJSZ,O,O
OTILJZS,O,O
OTILSJZ,O,O
OTILSZJ,O,O
OTILZJS,O,X
OTILZSJ,O,X
OTIJLSZ,O,O
OTIJLZS,O,O
OTIJSLZ,O,O
OTIJSZL,O,O
OTIJZLS,O,X
OTIJZSL,O,X
OTISLJZ,O,O
OTISLZJ,O,O
OTISJLZ,O,O
OTISJZL,O,O
OTISZLJ,O,O
OTISZJL,O,O
OTIZLJS,O,X
OTIZLSJ,O,X
OTIZJLS,O,X
OTIZJSL,O,X
OTIZSLJ,O,X
OTIZSJL,O,X
OTLIJSZ,O,O
OTLIJZS,O,O
OTLISJZ,O,O
OTLISZJ,O,O
OTLIZJS,O,X
OTLIZSJ,O,X
OTLJISZ,O,O
OTLJIZS,O,O
OTLJSIZ,O,O
OTLJSZI,O,O
OTLJZIS,O,O
OTLJZSI,O,O
OTLSIJZ,O,O
OTLSIZJ,O,O
OTLSJIZ,O,O
OTLSJZI,O,O
OTLSZIJ,O,O
OTLSZJI,O,O
OTLZIJS,O,X
OTLZISJ,O,X
OTLZJIS,O,X
OTLZJSI,O,X
OTLZSIJ,O,X
OTLZSJI,O,X
OTJILSZ,O,O
OTJILZS,O,O
OTJISLZ,O,O
OTJISZL,O,O
OTJIZLS,O,X
OTJIZSL,O,X
OTJLISZ,O,O
OTJLIZS,O,O
OTJLSIZ,O,O
OTJLSZI,O,O
OTJLZIS,O,O
OTJLZSI,O,O
OTJSILZ,O,O
OTJSIZL,O,O
OTJSLIZ,O,O
OTJSLZI,O,O
OTJSZIL,O,O
OTJSZLI,O,O
OTJZILS,O,X
OTJZISL,O,X
OTJZLIS,O,X
OTJZLSI,O,X
OTJZSIL,O,X
OTJZSLI,O,X
OTSILJZ,O,O
OTSILZJ,O,O
OTSIJLZ,O,O
OTSIJZL,O,O
OTSIZLJ,O,O
OTSIZJL,O,O
OTSLIJZ,O,O
OTSLIZJ,O,O
OTSLJIZ,O,O
OTSLJZI,O,O
OTSLZIJ,O,O
OTSLZJI,O,O
OTSJILZ,O,O
OTSJIZL,O,O
OTSJLIZ,O,O
OTSJLZI,O,O
OTSJZIL,O,O
OTSJZLI,O,O
OTSZILJ,O,O
OTSZIJL,O,O
OTSZLIJ,O,O
OTSZLJI,O,O
OTSZJIL,O,O
OTSZJLI,O,O
OTZILJS,O,X
OTZILSJ,O,X
OTZIJLS,O,X
OTZIJSL,O,X
OTZISLJ,O,X
OTZISJL,O,X
OTZLIJS,O,X
OTZLISJ,O,X
OTZLJIS,O,X
OTZLJSI,O,X
OTZLSIJ,O,X
OTZLSJI,O,X
OTZJILS,O,X
OTZJISL,O,X
OTZJLIS,O,X
OTZJLSI,O,X
OTZJSIL,O,X
OTZJSLI,O,X
OTZSILJ,O,X
OTZSIJL,O,X
OTZSLIJ,O,X
OTZSLJI,O,X
OTZSJIL,O,X
OTZSJLI,O,X
OITLJSZ,O,O
OITLJZS,O,O
OITLSJZ,O,O
OITLSZJ,O,O
OITLZJS,O,X
OITLZSJ,O,X
OITJLSZ,O,O
OITJLZS,O,O
OITJSLZ,O,O
OITJSZL,O,O
OITJZLS,O,X
OITJZSL,O,X
OITSLJZ,O,O
OITSLZJ,O,O
OITSJLZ,O,O
OITSJZL,O,O
OITSZLJ,O,O
OITSZJL,O,O
OITZLJS,O,X
OITZLSJ,O,X
OITZJLS,O,X
OITZJSL,O,X
OITZSLJ,O,X
OITZSJL,O,X
OILTJSZ,O,O
OILTJZS,O,O
OILTSJZ,O,O
OILTSZJ,O,O
OILTZJS,O,X
OILTZSJ,O,X
OILJTSZ,O,O
OILJTZS,O,O
OILJSTZ,O,O
OILJSZT,O,O
OILJZTS,O,O
OILJZST,O,O
OILSTJZ,O,O
OILSTZJ,O,O
OILSJTZ,O,O
OILSJZT,O,O
OILSZTJ,O,O
OILSZJT,O,O
OILZTJS,O,X
OILZTSJ,O,X
OILZJTS,O,X
OILZJST,O,X
OILZSTJ,O,X
OILZSJT,O,X
OIJTLSZ,O,O
OIJTLZS,O,O
OIJTSLZ,O,O
OIJTSZL,O,O
OIJTZLS,O,X
OIJTZSL,O,X
OIJLTSZ,O,O
OIJLTZS,O,O
OIJLSTZ,O,O
OIJLSZT,O,O
OIJLZTS,O,O
OIJLZST,O,O
OIJSTLZ,O,O
OIJSTZL,O,O
OIJSLTZ,O,O
OIJSLZT,O,O
OIJSZTL,O,O
OIJSZLT,O,O
OIJZTLS,O,X
OIJZTSL,O,X
OIJZLTS,O,O
OIJZLST,O,O
OIJZSTL,O,O
OIJZSLT,O,O
OISTLJZ,O,O
OISTLZJ,O,O
OISTJLZ,O,O
OISTJZL,O,O
OISTZLJ,O,O
OISTZJL,O,O
OISLTJZ,O,O
OISLTZJ,O,O
OISLJTZ,O,O
OISLJZT,O,O
OISLZTJ,O,O
OISLZJT,O,O
OISJTLZ,O,O
OISJTZL,O,O
OISJLTZ,O,O
OISJLZT,O,O
OISJZTL,O,O
OISJZLT,O,O
OISZTLJ,O,O
OISZTJL,O,O
OISZLTJ,O,O
OISZLJT,O,O
OISZJTL,O,O
OISZJLT,O,O
OIZTLJS,O,X
OIZTLSJ,O,X
OIZTJLS,O,X
OIZTJSL,O,X
OIZTSLJ,O,X
OIZTSJL,O,X
OIZLTJS,O,X
OIZLTSJ,O,X
OIZLJTS,O,X
OIZLJST,O,X
OIZLSTJ,O,X
OIZLSJT,O,X
OIZJTLS,O,X
OIZJTSL,O,X
OIZJLTS,O,X
OIZJLST,O,X
OIZJSTL,O,X
OIZJSLT,O,X
OIZSTLJ,O,X
OIZSTJL,O,X
OIZSLTJ,O,X
OIZSLJT,O,X
OIZSJTL,O,X
OIZSJLT,O,X
OLTIJSZ,O,O
OLTIJZS,O,O
OLTISJZ,O,O
OLTISZJ,O,O
OLTIZJS,O,X
OLTIZSJ,O,X
OLTJISZ,O,O
OLTJIZS,O,O
OLTJSIZ,O,O
OLTJSZI,O,O
OLTJZIS,O,O
OLTJZSI,O,O
OLTSIJZ,O,O
OLTSIZJ,O,O
OLTSJIZ,O,O
OLTSJZI,O,O
OLTSZIJ,O,O
OLTSZJI,O,O
OLTZIJS,O,X
OLTZISJ,O,X
OLTZJIS,O,X
OLTZJSI,O,X
OLTZSIJ,O,X
OLTZSJI,O,X
OLITJSZ,O,O
OLITJZS,O,O
OLITSJZ,O,O
OLITSZJ,O,O
OLITZJS,O,X
OLITZSJ,O,X
OLIJTSZ,O,O
OLIJTZS,O,O
OLIJSTZ,O,O
OLIJSZT,O,O
OLIJZTS,O,O
OLIJZST,O,O
OLISTJZ,O,O
OLISTZJ,O,O
OLISJTZ,O,O
OLISJZT,O,O
OLISZTJ,O,O
OLISZJT,O,O
OLIZTJS,O,X
OLIZTSJ,O,X
OLIZJTS,O,X
OLIZJST,O,X
OLIZSTJ,O,X
OLIZSJT,O,X
OLJTISZ,O,O
OLJTIZS,O,O
OLJTSIZ,O,O
OLJTSZI,O,O
OLJTZIS,O,O
OLJTZSI,O,O
OLJITSZ,O,O
OLJITZS,O,O
OLJISTZ,O,O
OLJISZT,O,O
OLJIZTS,O,O
OLJIZST,O,O
OLJSTIZ,O,O
OLJSTZI,O,O
OLJSITZ,O,O
OLJSIZT,O,O
OLJSZTI,O,O
OLJSZIT,O,O
OLJZTIS,O,O
OLJZTSI,O,O
OLJZITS,O,O
OLJZIST,O,O
OLJZSTI,O,O
OLJZSIT,O,O
OLSTIJZ,O,O
OLSTIZJ,O,O
OLSTJIZ,O,O
OLSTJZI,O,O
OLSTZIJ,O,O
OLSTZJI,O,O
OLSITJZ,O,O
OLSITZJ,O,O
OLSIJTZ,O,O
OLSIJZT,O,O
OLSIZTJ,O,O
OLSIZJT,O,O
OLSJTIZ,O,O
OLSJTZI,O,O
OLSJITZ,O,O
OLSJIZT,O,O
OLSJZTI,O,O
OLSJZIT,O,O
OLSZTIJ,O,O
OLSZTJI,O,O
OLSZITJ,O,O
OLSZIJT,O,O
OLSZJTI,O,O
OLSZJIT,O,O
OLZTIJS,O,X
OLZTISJ,O,X
OLZTJIS,O,X
OLZTJSI,O,X
OLZTSIJ,O,X
OLZTSJI,O,X
OLZITJS,O,X
OLZITSJ,O,X
OLZIJTS,O,X
OLZIJST,O,X
OLZISTJ,O,X
OLZISJT,O,X
OLZJTIS,O,X
OLZJTSI,O,X
OLZJITS,O,X
OLZJIST,O,X
OLZJSTI,O,X
OLZJSIT,O,X
OLZSTIJ,O,X
OLZSTJI,O,X
OLZSITJ,O,X
OLZSIJT,O,X
OLZSJTI,O,X
OLZSJIT,O,X
OJTILSZ,O,O
OJTILZS,O,O
OJTISLZ,O,O
OJTISZL,O,O
OJTIZLS,O,X
OJTIZSL,O,X
OJTLISZ,O,O
OJTLIZS,O,O
OJTLSIZ,O,O
OJTLSZI,O,O
OJTLZIS,O,O
OJTLZSI,O,O
OJTSILZ,O,O
OJTSIZL,O,O
OJTSLIZ,O,O
OJTSLZI,O,O
OJTSZIL,O,O
OJTSZLI,O,O
OJTZILS,O,X
OJTZISL,O,X
OJTZLIS,O,X
OJTZLSI,O,X
OJTZSIL,O,X
OJTZSLI,O,X
OJITLSZ,O,O
OJITLZS,O,O
OJITSLZ,O,O
OJITSZL,O,O
OJITZLS,O,X
OJITZSL,O,X
OJILTSZ,O,O
OJILTZS,O,O
OJILSTZ,O,O
OJILSZT,O,O
OJILZTS,O,O
OJILZST,O,O
OJISTLZ,O,O
OJISTZL,O,O
OJISLTZ,O,O
OJISLZT,O,O
OJISZTL,O,O
OJISZLT,O,O
OJIZTLS,O,X
OJIZTSL,O,X
OJIZLTS,O,O
OJIZLST,O,O
OJIZSTL,O,O
OJIZSLT,O,O
OJLTISZ,O,O
OJLTIZS,O,O
OJLTSIZ,O,O
OJLTSZI,O,O
OJLTZIS,O,O
OJLTZSI,O,O
OJLITSZ,O,O
OJLITZS,O,O
OJLISTZ,O,O
OJLISZT,O,O
OJLIZTS,O,O
OJLIZST,O,O
OJLSTIZ,O,O
OJLSTZI,O,O
OJLSITZ,O,O
OJLSIZT,O,O
OJLSZTI,O,O
OJLSZIT,O,O
OJLZTIS,O,O
OJLZTSI,O,O
OJLZITS,O,O
OJLZIST,O,O
OJLZSTI,O,O
OJLZSIT,O,O
OJSTILZ,O,O
OJSTIZL,O,O
OJSTLIZ,O,O
OJSTLZI,O,O
OJSTZIL,O,O
OJSTZLI,O,O
OJSITLZ,O,O
OJSITZL,O,O
OJSILTZ,O,O
OJSILZT,O,O
OJSIZTL,O,O
OJSIZLT,O,O
OJSLTIZ,O,O
OJSLTZI,O,O
OJSLITZ,O,O
OJSLIZT,O,O
OJSLZTI,O,O
OJSLZIT,O,O
OJSZTIL,O,O
OJSZTLI,O,O
OJSZITL,O,O
OJSZILT,O,O
OJSZLTI,O,O
OJSZLIT,O,O
OJZTILS,O,X
OJZTISL,O,X
OJZTLIS,O,X
OJZTLSI,O,X
OJZTSIL,O,X
OJZTSLI,O,X
OJZITLS,O,X
OJZITSL,O,X
OJZILTS,O,O
OJZILST,O,O
OJZISTL,O,O
OJZISLT,O,O
OJZLTIS,O,O
OJZLTSI,O,O
OJZLITS,O,O
OJZLIST,O,O
OJZLSTI,O,O
OJZLSIT,O,O
OJZSTIL,O,O
OJZSTLI,O,O
OJZSITL,O,O
OJZSILT,O,O
OJZSLTI,O,O
OJZSLIT,O,O
OSTILJZ,O,O
OSTILZJ,O,O
OSTIJLZ,O,O
OSTIJZL,O,O
OSTIZLJ,O,O
OSTIZJL,O,O
OSTLIJZ,O,O
OSTLIZJ,O,O
OSTLJIZ,O,O
OSTLJZI,O,O
OSTLZIJ,O,O
OSTLZJI,O,O
OSTJILZ,O,O
OSTJIZL,O,O
OSTJLIZ,O,O
OSTJLZI,O,O
OSTJZIL,O,O
OSTJZLI,O,O
OSTZILJ,O,O
OSTZIJL,O,O
OSTZLIJ,O,O
OSTZLJI,O,O
OSTZJIL,O,O
OSTZJLI,O,O
OSITLJZ,O,O
OSITLZJ,O,O
OSITJLZ,O,O
OSITJZL,O,O
OSITZLJ,O,O
OSITZJL,O,O
OSILTJZ,O,O
OSILTZJ,O,O
OSILJTZ,O,O
OSILJZT,O,O
OSILZTJ,O,O
OSILZJT,O,O
OSIJTLZ,O,O
OSIJTZL,O,O
OSIJLTZ,O,O
OSIJLZT,O,O
OSIJZTL,O,O
OSIJZLT,O,O
OSIZTLJ,O,O
OSIZTJL,O,O
OSIZLTJ,O,O
OSIZLJT,O,O
OSIZJTL,O,O
OSIZJLT,O,O
OSLTIJZ,O,O
OSLTIZJ,O,O
OSLTJIZ,O,O
OSLTJZI,O,O
OSLTZIJ,O,O
OSLTZJI,O,O
OSLITJZ,O,O
OSLITZJ,O,O
OSLIJTZ,O,O
OSLIJZT,O,O
OSLIZTJ,O,O
OSLIZJT,O,O
OSLJTIZ,O,O
OSLJTZI,O,O
OSLJITZ,O,O
OSLJIZT,O,O
OSLJZTI,O,O
OSLJZIT,O,O
OSLZTIJ,O,O
OSLZTJI,O,O
OSLZITJ,O,O
OSLZIJT,O,O
OSLZJTI,O,O
OSLZJIT,O,O
OSJTILZ,O,O
OSJTIZL,O,O
OSJTLIZ,O,O
OSJTLZI,O,O
OSJTZIL,O,O
OSJTZLI,O,O
OSJITLZ,O,O
OSJITZL,O,O
OSJILTZ,O,O
OSJILZT,O,O
OSJIZTL,O,O
OSJIZLT,O,O
OSJLTIZ,O,O
OSJLTZI,O,O
OSJLITZ,O,O
OSJLIZT,O,O
OSJLZTI,O,O
OSJLZIT,O,O
OSJZTIL,O,O
OSJZTLI,O,O
OSJZITL,O,O
OSJZILT,O,O
OSJZLTI,O,O
OSJZLIT,O,O
OSZTILJ,O,O
OSZTIJL,O,O
OSZTLIJ,O,O
OSZTLJI,O,O
OSZTJIL,O,O
OSZTJLI,O,O
OSZITLJ,O,O
OSZITJL,O,O
OSZILTJ,O,O
OSZILJT,O,O
OSZIJTL,O,O
OSZIJLT,O,O
OSZLTIJ,O,O
OSZLTJI,O,O
OSZLITJ,O,O
OSZLIJT,O,O
OSZLJTI,O,O
OSZLJIT,O,O
OSZJTIL,O,O
OSZJTLI,O,O
OSZJITL,O,O
OSZJILT,O,O
OSZJLTI,O,O
OSZJLIT,O,O
OZTILJS,O,X
OZTILSJ,O,X
OZTIJLS,O,X
OZTIJSL,O,X
OZTISLJ,O,X
OZTISJL,O,X
OZTLIJS,O,X
OZTLISJ,O,X
OZTLJIS,O,X
OZTLJSI,O,X
OZTLSIJ,O,X
OZTLSJI,O,X
OZTJILS,O,X
OZTJISL,O,X
OZTJLIS,O,X
OZTJLSI,O,X
OZTJSIL,O,X
OZTJSLI,O,X
OZTSILJ,O,X
OZTSIJL,O,X
OZTSLIJ,O,X
OZTSLJI,O,X
OZTSJIL,O,X
OZTSJLI,O,X
OZITLJS,O,X
OZITLSJ,O,X
OZITJLS,O,X
OZITJSL,O,X
OZITSLJ,O,X
OZITSJL,O,X
OZILTJS,O,X
OZILTSJ,O,X
OZILJTS,O,X
OZILJST,O,X
OZILSTJ,O,X
OZILSJT,O,X
OZIJTLS,O,X
OZIJTSL,O,X
OZIJLTS,O,X
OZIJLST,O,X
OZIJSTL,O,X
OZIJSLT,O,X
OZISTLJ,O,X
OZISTJL,O,X
OZISLTJ,O,X
OZISLJT,O,X
OZISJTL,O,X
OZISJLT,O,X
OZLTIJS,O,X
OZLTISJ,O,X
OZLTJIS,O,X
OZLTJSI,O,X
OZLTSIJ,O,X
OZLTSJI,O,X
OZLITJS,O,X
OZLITSJ,O,X
OZLIJTS,O,X
OZLIJST,O,X
OZLISTJ,O,X
OZLISJT,O,X
OZLJTIS,O,X
OZLJTSI,O,X
OZLJITS,O,X
OZLJIST,O,X
OZLJSTI,O,X
OZLJSIT,O,X
OZLSTIJ,O,X
OZLSTJI,O,X
OZLSITJ,O,X
OZLSIJT,O,X
OZLSJTI,O,X
OZLSJIT,O,X
OZJTILS,O,X
OZJTISL,O,X
OZJTLIS,O,X
OZJTLSI,O,X
OZJTSIL,O,X
OZJTSLI,O,X
OZJITLS,O,X
OZJITSL,O,X
OZJILTS,O,X
OZJILST,O,X
OZJISTL,O,X
OZJISLT,O,X
OZJLTIS,O,X
OZJLTSI,O,X
OZJLITS,O,X
OZJLIST,O,X
OZJLSTI,O,X
OZJLSIT,O,X
OZJSTIL,O,X
OZJSTLI,O,X
OZJSITL,O,X
OZJSILT,O,X
OZJSLTI,O,X
OZJSLIT,O,X
OZSTILJ,O,X
OZSTIJL,O,X
OZSTLIJ,O,X
OZSTLJI,O,X
OZSTJIL,O,X
OZSTJLI,O,X
OZSITLJ,O,X
OZSITJL,O,X
OZSILTJ,O,X
OZSILJT,O,X
OZSIJTL,O,X
OZSIJLT,O,X
OZSLTIJ,O,X
OZSLTJI,O,X
OZSLITJ,O,X
OZSLIJT,O,X
OZSLJTI,O,X
OZSLJIT,O,X
OZSJTIL,O,X
OZSJTLI,O,X
OZSJITL,O,X
OZSJILT,O,X
OZSJLTI,O,X
OZSJLIT,O,X
