sequence,v115@NhA8IeE8CeF8JeT/IvhFOlB/mBRiBSoBtqB0pB,v115@NhA8IeE8CeF8JeNEJvhF3gBRiBSoBTmBUlBWvB,v115@NhA8IeE8CeF8JeOEJvhF/mBRiBSoBtpB0lBTqB,v115@NhA8IeE8CeF8JeNEJvhFUgB/mBGiBTjBRqBSvB
TILJSZO,X,X,O,X
TILJSOZ,X,X,X,X
TILJZSO,X,X,X,X
TILJZOS,X,X,X,X
TILJOSZ,X,O,X,X
TILJOZS,X,X,X,X
TILSJZO,X,X,O,X
TILSJOZ,X,X,X,X
TILSZJO,X,X,X,X
TILSZOJ,X,X,X,X
TILSOJZ,X,X,X,X
TILSOZJ,X,X,X,X
TILZJSO,X,X,X,X
TILZJOS,X,X,X,X
TILZSJO,X,X,X,X
TILZSOJ,X,X,X,X
TILZOJS,X,X,X,X
TILZOSJ,X,X,X,X
TILOJSZ,X,O,X,X
TILOJZS,X,X,X,X
TILOSJZ,X,O,X,X
TILOSZJ,X,X,X,X
TILOZJS,X,X,X,X
TILOZSJ,X,X,X,X
TIJLSZO,X,X,O,X
TIJLSOZ,X,X,X,X
TIJLZSO,X,X,X,X
TIJLZOS,X,X,X,X
TIJLOSZ,X,O,X,X
TIJLOZS,X,X,X,X
TIJSLZO,X,X,O,X
TIJSLOZ,X,X,X,X
TIJSZLO,X,X,O,X
TIJSZOL,X,X,X,X
TIJSOLZ,X,X,X,X
TIJSOZL,X,X,X,X
TIJZLSO,X,X,X,X
TIJZLOS,X,X,X,X
TIJZSLO,X,X,X,X
TIJZSOL,X,X,X,X
TIJZOLS,X,X,X,X
TIJZOSL,X,X,X,X
TIJOLSZ,X,O,X,X
TIJOLZS,X,X,X,X
TIJOSLZ,X,O,X,X
TIJOSZL,X,X,X,X
TIJOZLS,X,X,X,X
TIJOZSL,X,X,X,X
TISLJZO,X,X,O,X
TISLJOZ,X,X,X,X
TISLZJO,X,X,X,X
TISLZOJ,X,X,X,X
TISLOJZ,X,X,X,X
TISLOZJ,X,X,X,X
TISJLZO,X,X,O,X
TISJLOZ,X,X,X,X
TISJZLO,X,X,O,X
TISJZOL,X,X,X,O
TISJOLZ,X,X,X,X
TISJOZL,X,X,X,O
TISZLJO,X,X,X,X
TISZLOJ,X,X,X,X
TISZJLO,X,X,X,X
TISZJOL,X,X,X,O
TISZOLJ,X,X,X,X
TISZOJL,X,X,X,O
TISOLJZ,X,X,X,X
TISOLZJ,X,X,X,X
TISOJLZ,X,X,X,X
TISOJZL,X,X,X,O
TISOZLJ,X,X,X,X
TISOZJL,X,X,X,O
TIZLJSO,X,X,X,X
TIZLJOS,X,X,X,X
TIZLSJO,X,X,X,X
TIZLSOJ,X,X,X,X
TIZLOJS,X,X,X,X
TIZLOSJ,X,X,X,X
TIZJLSO,X,X,X,X
TIZJLOS,X,X,X,X
TIZJSLO,X,X,X,X
TIZJSOL,X,X,X,X
TIZJOLS,X,X,X,X
TIZJOSL,X,X,X,X
TIZSLJO,X,X,X,X
TIZSLOJ,X,X,X,X
TIZSJLO,X,X,X,X
TIZSJOL,X,X,X,O
TIZSOLJ,X,X,X,X
TIZSOJL,X,X,X,O
TIZOLJS,X,X,X,X
TIZOLSJ,X,X,X,X
TIZOJLS,X,X,X,X
TIZOJSL,X,X,X,X
TIZOSLJ,X,X,X,X
TIZOSJL,X,X,X,O
TIOLJSZ,X,O,X,X
TIOLJZS,X,X,X,X
TIOLSJZ,X,O,X,X
TIOLSZJ,X,X,X,X
TIOLZJS,X,X,X,X
TIOLZSJ,X,X,X,X
TIOJLSZ,X,O,X,X
TIOJLZS,X,X,X,X
TIOJSLZ,X,O,X,X
TIOJSZL,X,X,X,X
TIOJZLS,X,X,X,X
TIOJZSL,X,X,X,X
TIOSLJZ,X,O,X,X
TIOSLZJ,X,X,X,X
TIOSJLZ,X,X,X,X
TIOSJZL,X,X,X,O
TIOSZLJ,X,X,X,X
TIOSZJL,X,X,X,O
TIOZLJS,X,X,X,X
TIOZLSJ,X,X,X,X
TIOZJLS,X,X,X,X
TIOZJSL,X,X,X,X
TIOZSLJ,X,X,X,X
TIOZSJL,X,X,X,O
TLIJSZO,X,X,O,X
TLIJSOZ,X,X,X,X
TLIJZSO,X,X,X,X
TLIJZOS,X,X,X,X
TLIJOSZ,X,O,X,X
TLIJOZS,X,X,X,X
TLISJZO,X,X,O,X
TLISJOZ,X,X,X,X
TLISZJO,X,X,X,X
TLISZOJ,X,X,X,X
TLISOJZ,X,X,X,X
TLISOZJ,X,X,X,X
TLIZJSO,X,X,X,X
TLIZJOS,X,X,X,X
TLIZSJO,X,X,X,X
TLIZSOJ,X,X,X,X
TLIZOJS,X,X,X,X
TLIZOSJ,X,X,X,X
TLIOJSZ,X,O,X,X
TLIOJZS,X,X,X,X
TLIOSJZ,X,O,X,X
TLIOSZJ,X,X,X,X
TLIOZJS,X,X,X,X
TLIOZSJ,X,X,X,X
TLJISZO,X,X,O,X
TLJISOZ,X,X,X,X
TLJIZSO,X,X,X,X
TLJIZOS,X,X,X,X
TLJIOSZ,X,O,X,X
TLJIOZS,X,X,X,X
TLJSIZO,O,X,O,X
TLJSIOZ,X,X,X,X
TLJSZIO,O,X,O,X
TLJSZOI,O,X,O,X
TLJSOIZ,X,X,X,X
TLJSOZI,X,X,X,X
TLJZISO,X,X,X,X
TLJZIOS,X,X,X,X
TLJZSIO,O,X,O,X
TLJZSOI,O,X,O,X
TLJZOIS,X,X,X,X
TLJZOSI,O,X,X,X
TLJOISZ,X,O,X,X
TLJOIZS,X,X,X,X
TLJOSIZ,X,O,X,X
TLJOSZI,X,O,X,X
TLJOZIS,X,X,X,X
TLJOZSI,X,X,X,X
TLSIJZO,O,X,O,X
TLSIJOZ,X,X,X,X
TLSIZJO,O,X,X,X
TLSIZOJ,O,X,X,X
TLSIOJZ,X,X,X,X
TLSIOZJ,X,X,X,X
TLSJIZO,O,X,O,X
TLSJIOZ,X,X,X,X
TLSJZIO,O,X,O,X
TLSJZOI,O,X,O,X
TLSJOIZ,X,X,X,X
TLSJOZI,X,X,X,X
TLSZIJO,O,X,X,X
TLSZIOJ,O,X,X,X
TLSZJIO,O,X,X,X
TLSZJOI,O,X,X,X
TLSZOIJ,O,X,X,X
TLSZOJI,O,X,X,X
TLSOIJZ,X,X,X,X
TLSOIZJ,X,X,X,X
TLSOJIZ,X,X,X,X
TLSOJZI,X,X,X,X
TLSOZIJ,X,X,X,X
TLSOZJI,X,X,X,X
TLZIJSO,X,X,X,X
TLZIJOS,X,X,X,X
TLZISJO,X,X,X,X
TLZISOJ,X,X,X,X
TLZIOJS,X,X,X,X
TLZIOSJ,X,X,X,X
TLZJISO,X,X,X,X
TLZJIOS,X,X,X,X
TLZJSIO,O,X,O,X
TLZJSOI,O,X,O,X
TLZJOIS,X,X,X,X
TLZJOSI,O,X,X,X
TLZSIJO,O,X,O,X
TLZSIOJ,O,X,X,X
TLZSJIO,O,X,O,X
TLZSJOI,O,X,O,X
TLZSOIJ,O,X,X,X
TLZSOJI,O,X,X,X
TLZOIJS,X,X,X,X
TLZOISJ,X,X,X,X
TLZOJIS,X,X,X,X
TLZOJSI,O,X,X,X
TLZOSIJ,O,X,X,X
TLZOSJI,O,X,X,X
TLOIJSZ,X,O,X,X
TLOIJZS,X,X,X,X
TLOISJZ,X,O,X,X
TLOISZJ,X,X,X,X
TLOIZJS,X,X,X,X
TLOIZSJ,X,X,X,X
TLOJISZ,X,O,X,X
TLOJIZS,X,X,X,X
TLOJSIZ,X,O,X,X
TLOJSZI,X,O,X,X
TLOJZIS,X,X,X,X
TLOJZSI,X,X,X,X
TLOSIJZ,X,O,X,X
TLOSIZJ,X,X,X,X
TLOSJIZ,X,O,X,X
TLOSJZI,X,O,X,X
TLOSZIJ,X,X,X,X
TLOSZJI,X,X,X,X
TLOZIJS,X,X,X,X
TLOZISJ,X,X,X,X
TLOZJIS,X,X,X,X
TLOZJSI,X,X,X,X
TLOZSIJ,X,X,X,X
TLOZSJI,X,X,X,X
TJILSZO,X,X,O,X
TJILSOZ,X,X,X,X
TJILZSO,X,X,X,X
TJILZOS,X,X,X,X
TJILOSZ,X,O,X,X
TJILOZS,X,X,X,X
TJISLZO,X,X,O,X
TJISLOZ,X,X,X,X
TJISZLO,X,X,O,X
TJISZOL,X,X,X,X
TJISOLZ,X,X,X,X
TJISOZL,X,X,X,X
TJIZLSO,X,X,X,X
TJIZLOS,X,X,X,X
TJIZSLO,X,X,X,X
TJIZSOL,X,X,X,X
TJIZOLS,X,X,X,X
TJIZOSL,X,X,X,X
TJIOLSZ,X,O,X,X
TJIOLZS,X,X,X,X
TJIOSLZ,X,O,X,X
TJIOSZL,X,X,X,X
TJIOZLS,X,X,X,X
TJIOZSL,X,X,X,X
TJLISZO,X,X,O,X
TJLISOZ,X,X,X,X
TJLIZSO,X,X,X,X
TJLIZOS,X,X,X,X
TJLIOSZ,X,O,X,X
TJLIOZS,X,X,X,X
TJLSIZO,O,X,O,X
TJLSIOZ,X,X,X,X
TJLSZIO,O,X,O,X
TJLSZOI,O,X,O,X
TJLSOIZ,X,X,X,X
TJLSOZI,X,X,X,X
TJLZISO,X,X,X,X
TJLZIOS,X,X,X,X
TJLZSIO,O,X,O,X
TJLZSOI,O,X,O,X
TJLZOIS,X,X,X,X
TJLZOSI,O,X,X,X
TJLOISZ,X,O,X,X
TJLOIZS,X,X,X,X
TJLOSIZ,X,O,X,X
TJLOSZI,X,O,X,X
TJLOZIS,X,X,X,X
TJLOZSI,X,X,X,X
TJSILZO,O,X,O,X
TJSILOZ,X,X,X,X
TJSIZLO,O,X,O,X
TJSIZOL,O,X,X,O
TJSIOLZ,X,X,X,X
TJSIOZL,X,X,X,O
TJSLIZO,O,X,O,X
TJSLIOZ,X,X,X,X
TJSLZIO,O,X,O,X
TJSLZOI,O,X,O,X
TJSLOIZ,X,X,X,X
TJSLOZI,X,X,X,X
TJSZILO,O,X,O,X
TJSZIOL,O,X,X,X
TJSZLIO,O,X,O,X
TJSZLOI,O,X,O,X
TJSZOIL,O,X,X,O
TJSZOLI,O,X,X,X
TJSOILZ,X,X,X,X
TJSOIZL,X,X,X,O
TJSOLIZ,X,X,X,X
TJSOLZI,X,X,X,X
TJSOZIL,X,X,X,O
TJSOZLI,X,X,X,X
TJZILSO,X,X,X,X
TJZILOS,X,X,X,X
TJZISLO,X,X,X,X
TJZISOL,X,X,X,X
TJZIOLS,X,X,X,X
TJZIOSL,X,X,X,X
TJZLISO,X,X,X,X
TJZLIOS,X,X,X,X
TJZLSIO,O,X,O,X
TJZLSOI,O,X,O,X
TJZLOIS,X,X,X,X
TJZLOSI,O,X,X,X
TJZSILO,O,X,O,X
TJZSIOL,O,X,X,X
TJZSLIO,O,X,O,X
TJZSLOI,O,X,O,X
TJZSOIL,O,X,X,O
TJZSOLI,O,X,X,X
TJZOILS,X,X,X,X
TJZOISL,X,X,X,X
TJZOLIS,X,X,X,X
TJZOLSI,O,X,X,X
TJZOSIL,O,X,X,O
TJZOSLI,O,X,X,X
TJOILSZ,X,O,X,X
TJOILZS,X,X,X,X
TJOISLZ,X,O,X,X
TJOISZL,X,X,X,X
TJOIZLS,X,X,X,X
TJOIZSL,X,X,X,X
TJOLISZ,X,O,X,X
TJOLIZS,X,X,X,X
TJOLSIZ,X,O,X,X
TJOLSZI,X,O,X,X
TJOLZIS,X,X,X,X
TJOLZSI,X,X,X,X
TJOSILZ,X,O,X,X
TJOSIZL,X,X,X,O
TJOSLIZ,X,O,X,X
TJOSLZI,X,O,X,X
TJOSZIL,X,X,X,O
TJOSZLI,X,X,X,X
TJOZILS,X,X,X,X
TJOZISL,X,X,X,X
TJOZLIS,X,X,X,X
TJOZLSI,X,X,X,X
TJOZSIL,X,X,X,O
TJOZSLI,X,X,X,X
TSILJZO,O,X,O,X
TSILJOZ,X,X,X,X
TSILZJO,O,X,X,X
TSILZOJ,O,X,X,X
TSILOJZ,X,X,X,X
TSILOZJ,X,X,X,X
TSIJLZO,O,X,O,X
TSIJLOZ,X,X,X,X
TSIJZLO,O,X,O,X
TSIJZOL,O,X,X,O
TSIJOLZ,X,X,X,X
TSIJOZL,X,X,X,O
TSIZLJO,O,X,X,X
TSIZLOJ,O,X,X,X
TSIZJLO,O,X,X,X
TSIZJOL,O,X,X,O
TSIZOLJ,O,X,X,X
TSIZOJL,O,X,X,O
TSIOLJZ,X,X,X,X
TSIOLZJ,X,X,X,X
TSIOJLZ,X,X,X,X
TSIOJZL,X,X,X,O
TSIOZLJ,X,X,X,X
TSIOZJL,X,X,X,O
TSLIJZO,O,X,O,X
TSLIJOZ,X,X,X,X
TSLIZJO,O,X,X,X
TSLIZOJ,O,X,X,X
TSLIOJZ,X,X,X,X
TSLIOZJ,X,X,X,X
TSLJIZO,O,X,O,X
TSLJIOZ,X,X,X,X
TSLJZIO,O,X,O,X
TSLJZOI,O,X,O,X
TSLJOIZ,X,X,X,X
TSLJOZI,X,X,X,X
TSLZIJO,O,X,X,X
TSLZIOJ,O,X,X,X
TSLZJIO,O,X,X,X
TSLZJOI,O,X,X,X
TSLZOIJ,O,X,X,X
TSLZOJI,O,X,X,X
TSLOIJZ,X,X,X,X
TSLOIZJ,X,X,X,X
TSLOJIZ,X,X,X,X
TSLOJZI,X,X,X,X
TSLOZIJ,X,X,X,X
TSLOZJI,X,X,X,X
TSJILZO,O,X,O,X
TSJILOZ,X,X,X,X
TSJIZLO,O,X,O,X
TSJIZOL,O,X,X,O
TSJIOLZ,X,X,X,X
TSJIOZL,X,X,X,O
TSJLIZO,O,X,O,X
TSJLIOZ,X,X,X,X
TSJLZIO,O,X,O,X
TSJLZOI,O,X,O,X
TSJLOIZ,X,X,X,X
TSJLOZI,X,X,X,X
TSJZILO,O,X,O,X
TSJZIOL,O,X,X,X
TSJZLIO,O,X,O,X
TSJZLOI,O,X,O,X
TSJZOIL,O,X,X,O
TSJZOLI,O,X,X,X
TSJOILZ,X,X,X,X
TSJOIZL,X,X,X,O
TSJOLIZ,X,X,X,X
TSJOLZI,X,X,X,X
TSJOZIL,X,X,X,O
TSJOZLI,X,X,X,X
TSZILJO,O,X,X,X
TSZILOJ,O,X,X,X
TSZIJLO,O,X,X,X
TSZIJOL,O,X,X,X
TSZIOLJ,O,X,X,X
TSZIOJL,O,X,X,X
TSZLIJO,O,X,X,X
TSZLIOJ,O,X,X,X
TSZLJIO,O,X,X,X
TSZLJOI,O,X,X,X
TSZLOIJ,O,X,X,X
TSZLOJI,O,X,X,X
TSZJILO,O,X,X,X
TSZJIOL,O,X,X,X
TSZJLIO,O,X,X,X
TSZJLOI,O,X,X,X
TSZJOIL,O,X,X,O
TSZJOLI,O,X,X,X
TSZOILJ,O,X,X,X
TSZOIJL,O,X,X,X
TSZOLIJ,O,X,X,X
TSZOLJI,O,X,X,X
TSZOJIL,O,X,X,O
TSZOJLI,O,X,X,X
TSOILJZ,X,X,X,X
TSOILZJ,X,X,X,X
TSOIJLZ,X,X,X,X
TSOIJZL,X,X,X,O
TSOIZLJ,X,X,X,X
TSOIZJL,X,X,X,O
TSOLIJZ,X,X,X,X
TSOLIZJ,X,X,X,X
TSOLJIZ,X,X,X,X
TSOLJZI,X,X,X,X
TSOLZIJ,X,X,X,X
TSOLZJI,X,X,X,X
TSOJILZ,X,X,X,X
TSOJIZL,X,X,X,O
TSOJLIZ,X,X,X,X
TSOJLZI,X,X,X,X
TSOJZIL,X,X,X,O
TSOJZLI,X,X,X,X
TSOZILJ,X,X,X,X
TSOZIJL,X,X,X,X
TSOZLIJ,X,X,X,X
TSOZLJI,X,X,X,X
TSOZJIL,X,X,X,O
TSOZJLI,X,X,X,X
TZILJSO,X,X,X,X
TZILJOS,X,X,X,X
TZILSJO,X,X,X,X
TZILSOJ,X,X,X,X
TZILOJS,X,X,X,X
TZILOSJ,X,X,X,X
TZIJLSO,X,X,X,X
TZIJLOS,X,X,X,X
TZIJSLO,X,X,X,X
TZIJSOL,X,X,X,X
TZIJOLS,X,X,X,X
TZIJOSL,X,X,X,X
TZISLJO,X,X,X,X
TZISLOJ,X,X,X,X
TZISJLO,X,X,X,X
TZISJOL,X,X,X,O
TZISOLJ,X,X,X,X
TZISOJL,X,X,X,O
TZIOLJS,X,X,X,X
TZIOLSJ,X,X,X,X
TZIOJLS,X,X,X,X
TZIOJSL,X,X,X,X
TZIOSLJ,X,X,X,X
TZIOSJL,X,X,X,O
TZLIJSO,X,X,X,X
TZLIJOS,X,X,X,X
TZLISJO,X,X,X,X
TZLISOJ,X,X,X,X
TZLIOJS,X,X,X,X
TZLIOSJ,X,X,X,X
TZLJISO,X,X,X,X
TZLJIOS,X,X,X,X
TZLJSIO,O,X,O,X
TZLJSOI,O,X,O,X
TZLJOIS,X,X,X,X
TZLJOSI,O,X,X,X
TZLSIJO,O,X,O,X
TZLSIOJ,O,X,X,X
TZLSJIO,O,X,O,X
TZLSJOI,O,X,O,X
TZLSOIJ,O,X,X,X
TZLSOJI,O,X,X,X
TZLOIJS,X,X,X,X
TZLOISJ,X,X,X,X
TZLOJIS,X,X,X,X
TZLOJSI,O,X,X,X
TZLOSIJ,O,X,X,X
TZLOSJI,O,X,X,X
TZJILSO,X,X,X,X
TZJILOS,X,X,X,X
TZJISLO,X,X,X,X
TZJISOL,X,X,X,X
TZJIOLS,X,X,X,X
TZJIOSL,X,X,X,X
TZJLISO,X,X,X,X
TZJLIOS,X,X,X,X
TZJLSIO,O,X,O,X
TZJLSOI,O,X,O,X
TZJLOIS,X,X,X,X
TZJLOSI,O,X,X,X
TZJSILO,O,X,O,X
TZJSIOL,O,X,X,X
TZJSLIO,O,X,O,X
TZJSLOI,O,X,O,X
TZJSOIL,O,X,X,O
TZJSOLI,O,X,X,X
TZJOILS,X,X,X,X
TZJOISL,X,X,X,X
TZJOLIS,X,X,X,X
TZJOLSI,O,X,X,X
TZJOSIL,O,X,X,O
TZJOSLI,O,X,X,X
TZSILJO,O,X,O,X
TZSILOJ,O,X,X,X
TZSIJLO,O,X,O,X
TZSIJOL,O,X,X,X
TZSIOLJ,O,X,X,X
TZSIOJL,O,X,X,X
TZSLIJO,O,X,O,X
TZSLIOJ,O,X,X,X
TZSLJIO,O,X,O,X
TZSLJOI,O,X,O,X
TZSLOIJ,O,X,X,X
TZSLOJI,O,X,X,X
TZSJILO,O,X,O,X
TZSJIOL,O,X,X,X
TZSJLIO,O,X,O,X
TZSJLOI,O,X,O,X
TZSJOIL,O,X,X,O
TZSJOLI,O,X,X,X
TZSOILJ,O,X,X,X
TZSOIJL,O,X,X,X
TZSOLIJ,O,X,X,X
TZSOLJI,O,X,X,X
TZSOJIL,O,X,X,O
TZSOJLI,O,X,X,X
TZOILJS,X,X,X,X
TZOILSJ,X,X,X,X
TZOIJLS,X,X,X,X
TZOIJSL,X,X,X,X
TZOISLJ,X,X,X,X
TZOISJL,X,X,X,O
TZOLIJS,X,X,X,X
TZOLISJ,X,X,X,X
TZOLJIS,X,X,X,X
TZOLJSI,O,X,X,X
TZOLSIJ,O,X,X,X
TZOLSJI,O,X,X,X
TZOJILS,X,X,X,X
TZOJISL,X,X,X,X
TZOJLIS,X,X,X,X
TZOJLSI,O,X,X,X
TZOJSIL,O,X,X,O
TZOJSLI,O,X,X,X
TZOSILJ,O,X,X,X
TZOSIJL,O,X,X,X
TZOSLIJ,O,X,X,X
TZOSLJI,O,X,X,X
TZOSJIL,O,X,X,O
TZOSJLI,O,X,X,X
TOILJSZ,X,O,X,X
TOILJZS,X,X,X,X
TOILSJZ,X,O,X,X
TOILSZJ,X,X,X,X
TOILZJS,X,X,X,X
TOILZSJ,X,X,X,X
TOIJLSZ,X,O,X,X
TOIJLZS,X,X,X,X
TOIJSLZ,X,O,X,X
TOIJSZL,X,X,X,X
TOIJZLS,X,X,X,X
TOIJZSL,X,X,X,X
TOISLJZ,X,O,X,X
TOISLZJ,X,X,X,X
TOISJLZ,X,X,X,X
TOISJZL,X,X,X,O
TOISZLJ,X,X,X,X
TOISZJL,X,X,X,O
TOIZLJS,X,X,X,X
TOIZLSJ,X,X,X,X
TOIZJLS,X,X,X,X
TOIZJSL,X,X,X,X
TOIZSLJ,X,X,X,X
TOIZSJL,X,X,X,O
TOLIJSZ,X,O,X,X
TOLIJZS,X,X,X,X
TOLISJZ,X,O,X,X
TOLISZJ,X,X,X,X
TOLIZJS,X,X,X,X
TOLIZSJ,X,X,X,X
TOLJISZ,X,O,X,X
TOLJIZS,X,X,X,X
TOLJSIZ,X,O,X,X
TOLJSZI,X,O,X,X
TOLJZIS,X,X,X,X
TOLJZSI,X,X,X,X
TOLSIJZ,X,O,X,X
TOLSIZJ,X,X,X,X
TOLSJIZ,X,O,X,X
TOLSJZI,X,O,X,X
TOLSZIJ,X,X,X,X
TOLSZJI,X,X,X,X
TOLZIJS,X,X,X,X
TOLZISJ,X,X,X,X
TOLZJIS,X,X,X,X
TOLZJSI,X,X,X,X
TOLZSIJ,X,X,X,X
TOLZSJI,X,X,X,X
TOJILSZ,X,O,X,X
TOJILZS,X,X,X,X
TOJISLZ,X,O,X,X
TOJISZL,X,X,X,X
TOJIZLS,X,X,X,X
TOJIZSL,X,X,X,X
TOJLISZ,X,O,X,X
TOJLIZS,X,X,X,X
TOJLSIZ,X,O,X,X
TOJLSZI,X,O,X,X
TOJLZIS,X,X,X,X
TOJLZSI,X,X,X,X
TOJSILZ,X,O,X,X
TOJSIZL,X,X,X,O
TOJSLIZ,X,O,X,X
TOJSLZI,X,O,X,X
TOJSZIL,X,X,X,O
TOJSZLI,X,X,X,X
TOJZILS,X,X,X,X
TOJZISL,X,X,X,X
TOJZLIS,X,X,X,X
TOJZLSI,X,X,X,X
TOJZSIL,X,X,X,O
TOJZSLI,X,X,X,X
TOSILJZ,X,O,X,X
TOSILZJ,X,X,X,X
TOSIJLZ,X,X,X,X
TOSIJZL,X,X,X,O
TOSIZLJ,X,X,X,X
TOSIZJL,X,X,X,O
TOSLIJZ,X,O,X,X
TOSLIZJ,X,X,X,X
TOSLJIZ,X,O,X,X
TOSLJZI,X,O,X,X
TOSLZIJ,X,X,X,X
TOSLZJI,X,X,X,X
TOSJILZ,X,X,X,X
TOSJIZL,X,X,X,O
TOSJLIZ,X,X,X,X
TOSJLZI,X,X,X,X
TOSJZIL,X,X,X,O
TOSJZLI,X,X,X,X
TOSZILJ,X,X,X,X
TOSZIJL,X,X,X,X
TOSZLIJ,X,X,X,X
TOSZLJI,X,X,X,X
TOSZJIL,X,X,X,O
TOSZJLI,X,X,X,X
TOZILJS,X,X,X,X
TOZILSJ,X,X,X,X
TOZIJLS,X,X,X,X
TOZIJSL,X,X,X,X
TOZISLJ,X,X,X,X
TOZISJL,X,X,X,O
TOZLIJS,X,X,X,X
TOZLISJ,X,X,X,X
TOZLJIS,X,X,X,X
TOZLJSI,X,X,X,X
TOZLSIJ,X,X,X,X
TOZLSJI,X,X,X,X
TOZJILS,X,X,X,X
TOZJISL,X,X,X,X
TOZJLIS,X,X,X,X
TOZJLSI,X,X,X,X
TOZJSIL,X,X,X,O
TOZJSLI,X,X,X,X
TOZSILJ,X,X,X,X
TOZSIJL,X,X,X,X
TOZSLIJ,X,X,X,X
TOZSLJI,X,X,X,X
TOZSJIL,X,X,X,O
TOZSJLI,X,X,X,X
ITLJSZO,X,X,O,X
ITLJSOZ,X,X,X,X
ITLJZSO,X,X,X,X
ITLJZOS,X,X,X,X
ITLJOSZ,X,O,X,X
ITLJOZS,X,X,X,X
ITLSJZO,X,X,O,X
ITLSJOZ,X,X,X,X
ITLSZJO,X,X,X,X
ITLSZOJ,X,X,X,X
ITLSOJZ,X,X,X,X
ITLSOZJ,X,X,X,X
ITLZJSO,X,X,X,X
ITLZJOS,X,X,X,X
ITLZSJO,X,X,X,X
ITLZSOJ,X,X,X,X
ITLZOJS,X,X,X,X
ITLZOSJ,X,X,X,X
ITLOJSZ,X,O,X,X
ITLOJZS,X,X,X,X
ITLOSJZ,X,O,X,X
ITLOSZJ,X,X,X,X
ITLOZJS,X,X,X,X
ITLOZSJ,X,X,X,X
ITJLSZO,X,X,O,X
ITJLSOZ,X,X,X,X
ITJLZSO,X,X,X,X
ITJLZOS,X,X,X,X
ITJLOSZ,X,O,X,X
ITJLOZS,X,X,X,X
ITJSLZO,X,X,O,X
ITJSLOZ,X,X,X,X
ITJSZLO,X,X,O,X
ITJSZOL,X,X,X,X
ITJSOLZ,X,X,X,X
ITJSOZL,X,X,X,X
ITJZLSO,X,X,X,X
ITJZLOS,X,X,X,X
ITJZSLO,X,X,X,X
ITJZSOL,X,X,X,X
ITJZOLS,X,X,X,X
ITJZOSL,X,X,X,X
ITJOLSZ,X,O,X,X
ITJOLZS,X,X,X,X
ITJOSLZ,X,O,X,X
ITJOSZL,X,X,X,X
ITJOZLS,X,X,X,X
ITJOZSL,X,X,X,X
ITSLJZO,X,X,O,X
ITSLJOZ,X,X,X,X
ITSLZJO,X,X,X,X
ITSLZOJ,X,X,X,X
ITSLOJZ,X,X,X,X
ITSLOZJ,X,X,X,X
ITSJLZO,X,X,O,X
ITSJLOZ,X,X,X,X
ITSJZLO,X,X,O,X
ITSJZOL,X,X,X,O
ITSJOLZ,X,X,X,X
ITSJOZL,X,X,X,O
ITSZLJO,X,X,X,X
ITSZLOJ,X,X,X,X
ITSZJLO,X,X,X,X
ITSZJOL,X,X,X,O
ITSZOLJ,X,X,X,X
ITSZOJL,X,X,X,O
ITSOLJZ,X,X,X,X
ITSOLZJ,X,X,X,X
ITSOJLZ,X,X,X,X
ITSOJZL,X,X,X,O
ITSOZLJ,X,X,X,X
ITSOZJL,X,X,X,O
ITZLJSO,X,X,X,X
ITZLJOS,X,X,X,X
ITZLSJO,X,X,X,X
ITZLSOJ,X,X,X,X
ITZLOJS,X,X,X,X
ITZLOSJ,X,X,X,X
ITZJLSO,X,X,X,X
ITZJLOS,X,X,X,X
ITZJSLO,X,X,X,X
ITZJSOL,X,X,X,X
ITZJOLS,X,X,X,X
ITZJOSL,X,X,X,X
ITZSLJO,X,X,X,X
ITZSLOJ,X,X,X,X
ITZSJLO,X,X,X,X
ITZSJOL,X,X,X,O
ITZSOLJ,X,X,X,X
ITZSOJL,X,X,X,O
ITZOLJS,X,X,X,X
ITZOLSJ,X,X,X,X
ITZOJLS,X,X,X,X
ITZOJSL,X,X,X,X
ITZOSLJ,X,X,X,X
ITZOSJL,X,X,X,O
ITOLJSZ,X,O,X,X
ITOLJZS,X,X,X,X
ITOLSJZ,X,O,X,X
ITOLSZJ,X,X,X,X
ITOLZJS,X,X,X,X
ITOLZSJ,X,X,X,X
ITOJLSZ,X,O,X,X
ITOJLZS,X,X,X,X
ITOJSLZ,X,O,X,X
ITOJSZL,X,X,X,X
ITOJZLS,X,X,X,X
ITOJZSL,X,X,X,X
ITOSLJZ,X,O,X,X
ITOSLZJ,X,X,X,X
ITOSJLZ,X,X,X,X
ITOSJZL,X,X,X,O
ITOSZLJ,X,X,X,X
ITOSZJL,X,X,X,O
ITOZLJS,X,X,X,X
ITOZLSJ,X,X,X,X
ITOZJLS,X,X,X,X
ITOZJSL,X,X,X,X
ITOZSLJ,X,X,X,X
ITOZSJL,X,X,X,O
ILTJSZO,X,X,O,X
ILTJSOZ,X,X,X,X
ILTJZSO,X,X,X,X
ILTJZOS,X,X,X,X
ILTJOSZ,X,O,X,X
ILTJOZS,X,X,X,X
ILTSJZO,X,X,O,X
ILTSJOZ,X,X,X,X
ILTSZJO,X,X,X,X
ILTSZOJ,X,X,X,X
ILTSOJZ,X,X,X,X
ILTSOZJ,X,X,X,X
ILTZJSO,X,X,X,X
ILTZJOS,X,X,X,X
ILTZSJO,X,X,X,X
ILTZSOJ,X,X,X,X
ILTZOJS,X,X,X,X
ILTZOSJ,X,X,X,X
ILTOJSZ,X,O,X,X
ILTOJZS,X,X,X,X
ILTOSJZ,X,O,X,X
ILTOSZJ,X,X,X,X
ILTOZJS,X,X,X,X
ILTOZSJ,X,X,X,X
ILJTSZO,X,X,O,X
ILJTSOZ,X,X,X,X
ILJTZSO,X,X,X,X
ILJTZOS,X,X,X,X
ILJTOSZ,X,O,X,X
ILJTOZS,X,X,X,X
ILJSTZO,X,X,O,X
ILJSTOZ,X,X,X,X
ILJSZTO,X,X,X,X
ILJSZOT,X,X,X,X
ILJSOTZ,X,X,X,X
ILJSOZT,X,X,X,X
ILJZTSO,X,X,X,X
ILJZTOS,X,X,X,X
ILJZSTO,X,X,X,X
ILJZSOT,X,X,X,X
ILJZOTS,X,X,X,X
ILJZOST,X,X,X,X
ILJOTSZ,X,O,X,X
ILJOTZS,X,X,X,X
ILJOSTZ,X,O,X,X
ILJOSZT,X,X,X,X
ILJOZTS,X,X,X,X
ILJOZST,X,X,X,X
ILSTJZO,O,X,O,X
ILSTJOZ,X,X,X,X
ILSTZJO,O,X,X,X
ILSTZOJ,O,X,X,X
ILSTOJZ,X,X,X,X
ILSTOZJ,X,X,X,X
ILSJTZO,X,X,O,X
ILSJTOZ,X,X,X,X
ILSJZTO,X,X,X,X
ILSJZOT,X,X,X,X
ILSJOTZ,X,X,X,X
ILSJOZT,X,X,X,X
ILSZTJO,O,X,O,X
ILSZTOJ,O,X,X,X
ILSZJTO,X,X,X,X
ILSZJOT,X,X,X,X
ILSZOTJ,O,X,X,X
ILSZOJT,X,X,X,X
ILSOTJZ,X,X,X,X
ILSOTZJ,X,X,X,X
ILSOJTZ,X,X,X,X
ILSOJZT,X,X,X,X
ILSOZTJ,X,X,X,X
ILSOZJT,X,X,X,X
ILZTJSO,X,X,X,X
ILZTJOS,X,X,X,X
ILZTSJO,X,X,X,X
ILZTSOJ,X,X,X,X
ILZTOJS,X,X,X,X
ILZTOSJ,X,X,X,X
ILZJTSO,X,X,X,X
ILZJTOS,X,X,X,X
ILZJSTO,X,X,X,X
ILZJSOT,X,X,X,X
ILZJOTS,X,X,X,X
ILZJOST,X,X,X,X
ILZSTJO,O,X,X,X
ILZSTOJ,O,X,X,X
ILZSJTO,X,X,X,X
ILZSJOT,X,X,X,X
ILZSOTJ,O,X,X,X
ILZSOJT,X,X,X,X
ILZOTJS,X,X,X,X
ILZOTSJ,X,X,X,X
ILZOJTS,X,X,X,X
ILZOJST,X,X,X,X
ILZOSTJ,O,X,X,X
ILZOSJT,X,X,X,X
ILOTJSZ,X,O,X,X
ILOTJZS,X,X,X,X
ILOTSJZ,X,O,X,X
ILOTSZJ,X,X,X,X
ILOTZJS,X,X,X,X
ILOTZSJ,X,X,X,X
ILOJTSZ,X,O,X,X
ILOJTZS,X,X,X,X
ILOJSTZ,X,O,X,X
ILOJSZT,X,X,X,X
ILOJZTS,X,X,X,X
ILOJZST,X,X,X,X
ILOSTJZ,X,O,X,X
ILOSTZJ,X,X,X,X
ILOSJTZ,X,O,X,X
ILOSJZT,X,X,X,X
ILOSZTJ,X,X,X,X
ILOSZJT,X,X,X,X
ILOZTJS,X,X,X,X
ILOZTSJ,X,X,X,X
ILOZJTS,X,X,X,X
ILOZJST,X,X,X,X
ILOZSTJ,X,X,X,X
ILOZSJT,X,X,X,X
IJTLSZO,X,X,O,X
IJTLSOZ,X,X,X,X
IJTLZSO,X,X,X,X
IJTLZOS,X,X,X,X
IJTLOSZ,X,O,X,X
IJTLOZS,X,X,X,X
IJTSLZO,X,X,O,X
IJTSLOZ,X,X,X,X
IJTSZLO,X,X,O,X
IJTSZOL,X,X,X,X
IJTSOLZ,X,X,X,X
IJTSOZL,X,X,X,X
IJTZLSO,X,X,X,X
IJTZLOS,X,X,X,X
IJTZSLO,X,X,X,X
IJTZSOL,X,X,X,X
IJTZOLS,X,X,X,X
IJTZOSL,X,X,X,X
IJTOLSZ,X,O,X,X
IJTOLZS,X,X,X,X
IJTOSLZ,X,O,X,X
IJTOSZL,X,X,X,X
IJTOZLS,X,X,X,X
IJTOZSL,X,X,X,X
IJLTSZO,X,X,O,X
IJLTSOZ,X,X,X,X
IJLTZSO,X,X,X,X
IJLTZOS,X,X,X,X
IJLTOSZ,X,O,X,X
IJLTOZS,X,X,X,X
IJLSTZO,X,X,O,X
IJLSTOZ,X,X,X,X
IJLSZTO,X,X,X,X
IJLSZOT,X,X,X,X
IJLSOTZ,X,X,X,X
IJLSOZT,X,X,X,X
IJLZTSO,X,X,X,X
IJLZTOS,X,X,X,X
IJLZSTO,X,X,X,X
IJLZSOT,X,X,X,X
IJLZOTS,X,X,X,X
IJLZOST,X,X,X,X
IJLOTSZ,X,O,X,X
IJLOTZS,X,X,X,X
IJLOSTZ,X,O,X,X
IJLOSZT,X,X,X,X
IJLOZTS,X,X,X,X
IJLOZST,X,X,X,X
IJSTLZO,X,X,O,X
IJSTLOZ,X,X,X,X
IJSTZLO,X,X,O,X
IJSTZOL,X,X,X,X
IJSTOLZ,X,X,X,X
IJSTOZL,X,X,X,X
IJSLTZO,X,X,O,X
IJSLTOZ,X,X,X,X
IJSLZTO,X,X,X,X
IJSLZOT,X,X,X,X
IJSLOTZ,X,X,X,X
IJSLOZT,X,X,X,X
IJSZTLO,X,X,X,X
IJSZTOL,X,X,X,X
IJSZLTO,X,X,X,X
IJSZLOT,X,X,X,X
IJSZOTL,X,X,X,X
IJSZOLT,X,X,X,X
IJSOTLZ,X,X,X,X
IJSOTZL,X,X,X,X
IJSOLTZ,X,X,X,X
IJSOLZT,X,X,X,X
IJSOZTL,X,X,X,X
IJSOZLT,X,X,X,X
IJZTLSO,X,X,X,X
IJZTLOS,X,X,X,X
IJZTSLO,X,X,X,X
IJZTSOL,X,X,X,X
IJZTOLS,X,X,X,X
IJZTOSL,X,X,X,X
IJZLTSO,X,X,X,X
IJZLTOS,X,X,X,X
IJZLSTO,X,X,X,X
IJZLSOT,X,X,X,X
IJZLOTS,X,X,X,X
IJZLOST,X,X,X,X
IJZSTLO,X,X,X,X
IJZSTOL,X,X,X,X
IJZSLTO,X,X,X,X
IJZSLOT,X,X,X,X
IJZSOTL,X,X,X,X
IJZSOLT,X,X,X,X
IJZOTLS,X,X,X,X
IJZOTSL,X,X,X,X
IJZOLTS,X,X,X,X
IJZOLST,X,X,X,X
IJZOSTL,X,X,X,X
IJZOSLT,X,X,X,X
IJOTLSZ,X,O,X,X
IJOTLZS,X,X,X,X
IJOTSLZ,X,O,X,X
IJOTSZL,X,X,X,X
IJOTZLS,X,X,X,X
IJOTZSL,X,X,X,X
IJOLTSZ,X,O,X,X
IJOLTZS,X,X,X,X
IJOLSTZ,X,O,X,X
IJOLSZT,X,X,X,X
IJOLZTS,X,X,X,X
IJOLZST,X,X,X,X
IJOSTLZ,X,O,X,X
IJOSTZL,X,X,X,X
IJOSLTZ,X,O,X,X
IJOSLZT,X,X,X,X
IJOSZTL,X,X,X,X
IJOSZLT,X,X,X,X
IJOZTLS,X,X,X,X
IJOZTSL,X,X,X,X
IJOZLTS,X,X,X,X
IJOZLST,X,X,X,X
IJOZSTL,X,X,X,X
IJOZSLT,X,X,X,X
ISTLJZO,O,X,O,X
ISTLJOZ,X,X,X,X
ISTLZJO,O,X,X,X
ISTLZOJ,O,X,X,X
ISTLOJZ,X,X,X,X
ISTLOZJ,X,X,X,X
ISTJLZO,O,X,O,X
ISTJLOZ,X,X,X,X
ISTJZLO,O,X,O,X
ISTJZOL,O,X,X,O
ISTJOLZ,X,X,X,X
ISTJOZL,X,X,X,O
ISTZLJO,O,X,X,X
ISTZLOJ,O,X,X,X
ISTZJLO,O,X,X,X
ISTZJOL,O,X,X,O
ISTZOLJ,O,X,X,X
ISTZOJL,O,X,X,O
ISTOLJZ,X,X,X,X
ISTOLZJ,X,X,X,X
ISTOJLZ,X,X,X,X
ISTOJZL,X,X,X,O
ISTOZLJ,X,X,X,X
ISTOZJL,X,X,X,O
ISLTJZO,O,X,O,X
ISLTJOZ,X,X,X,X
ISLTZJO,O,X,X,X
ISLTZOJ,O,X,X,X
ISLTOJZ,X,X,X,X
ISLTOZJ,X,X,X,X
ISLJTZO,X,X,O,X
ISLJTOZ,X,X,X,X
ISLJZTO,X,X,X,X
ISLJZOT,X,X,X,X
ISLJOTZ,X,X,X,X
ISLJOZT,X,X,X,X
ISLZTJO,O,X,O,X
ISLZTOJ,O,X,X,X
ISLZJTO,X,X,X,X
ISLZJOT,X,X,X,X
ISLZOTJ,O,X,X,X
ISLZOJT,X,X,X,X
ISLOTJZ,X,X,X,X
ISLOTZJ,X,X,X,X
ISLOJTZ,X,X,X,X
ISLOJZT,X,X,X,X
ISLOZTJ,X,X,X,X
ISLOZJT,X,X,X,X
ISJTLZO,X,X,O,X
ISJTLOZ,X,X,X,X
ISJTZLO,X,X,O,X
ISJTZOL,X,X,X,O
ISJTOLZ,X,X,X,X
ISJTOZL,X,X,X,O
ISJLTZO,X,X,O,X
ISJLTOZ,X,X,X,X
ISJLZTO,X,X,X,X
ISJLZOT,X,X,X,X
ISJLOTZ,X,X,X,X
ISJLOZT,X,X,X,X
ISJZTLO,X,X,X,X
ISJZTOL,X,X,X,X
ISJZLTO,X,X,X,X
ISJZLOT,X,X,X,X
ISJZOTL,X,X,X,X
ISJZOLT,X,X,X,X
ISJOTLZ,X,X,X,X
ISJOTZL,X,X,X,O
ISJOLTZ,X,X,X,X
ISJOLZT,X,X,X,X
ISJOZTL,X,X,X,X
ISJOZLT,X,X,X,X
ISZTLJO,O,X,O,X
ISZTLOJ,O,X,X,X
ISZTJLO,O,X,O,X
ISZTJOL,O,X,X,X
ISZTOLJ,O,X,X,X
ISZTOJL,O,X,X,X
ISZLTJO,O,X,O,X
ISZLTOJ,O,X,X,X
ISZLJTO,X,X,X,X
ISZLJOT,X,X,X,X
ISZLOTJ,O,X,X,X
ISZLOJT,X,X,X,X
ISZJTLO,X,X,X,X
ISZJTOL,X,X,X,X
ISZJLTO,X,X,X,X
ISZJLOT,X,X,X,X
ISZJOTL,X,X,X,X
ISZJOLT,X,X,X,X
ISZOTLJ,O,X,X,X
ISZOTJL,O,X,X,X
ISZOLTJ,O,X,X,X
ISZOLJT,X,X,X,X
ISZOJTL,X,X,X,X
ISZOJLT,X,X,X,X
ISOTLJZ,X,X,X,X
ISOTLZJ,X,X,X,X
ISOTJLZ,X,X,X,X
ISOTJZL,X,X,X,O
ISOTZLJ,X,X,X,X
ISOTZJL,X,X,X,O
ISOLTJZ,X,X,X,X
ISOLTZJ,X,X,X,X
ISOLJTZ,X,X,X,X
ISOLJZT,X,X,X,X
ISOLZTJ,X,X,X,X
ISOLZJT,X,X,X,X
ISOJTLZ,X,X,X,X
ISOJTZL,X,X,X,O
ISOJLTZ,X,X,X,X
ISOJLZT,X,X,X,X
ISOJZTL,X,X,X,X
ISOJZLT,X,X,X,X
ISOZTLJ,X,X,X,X
ISOZTJL,X,X,X,X
ISOZLTJ,X,X,X,X
ISOZLJT,X,X,X,X
ISOZJTL,X,X,X,X
ISOZJLT,X,X,X,X
IZTLJSO,X,X,X,X
IZTLJOS,X,X,X,X
IZTLSJO,X,X,X,X
IZTLSOJ,X,X,X,X
IZTLOJS,X,X,X,X
IZTLOSJ,X,X,X,X
IZTJLSO,X,X,X,X
IZTJLOS,X,X,X,X
IZTJSLO,X,X,X,X
IZTJSOL,X,X,X,X
IZTJOLS,X,X,X,X
IZTJOSL,X,X,X,X
IZTSLJO,X,X,X,X
IZTSLOJ,X,X,X,X
IZTSJLO,X,X,X,X
IZTSJOL,X,X,X,X
IZTSOLJ,X,X,X,X
IZTSOJL,X,X,X,X
IZTOLJS,X,X,X,X
IZTOLSJ,X,X,X,X
IZTOJLS,X,X,X,X
IZTOJSL,X,X,X,X
IZTOSLJ,X,X,X,X
IZTOSJL,X,X,X,X
IZLTJSO,X,X,X,X
IZLTJOS,X,X,X,X
IZLTSJO,X,X,X,X
IZLTSOJ,X,X,X,X
IZLTOJS,X,X,X,X
IZLTOSJ,X,X,X,X
IZLJTSO,X,X,X,X
IZLJTOS,X,X,X,X
IZLJSTO,X,X,X,X
IZLJSOT,X,X,X,X
IZLJOTS,X,X,X,X
IZLJOST,X,X,X,X
IZLSTJO,O,X,X,X
IZLSTOJ,O,X,X,X
IZLSJTO,X,X,X,X
IZLSJOT,X,X,X,X
IZLSOTJ,O,X,X,X
IZLSOJT,X,X,X,X
IZLOTJS,X,X,X,X
IZLOTSJ,X,X,X,X
IZLOJTS,X,X,X,X
IZLOJST,X,X,X,X
IZLOSTJ,O,X,X,X
IZLOSJT,X,X,X,X
IZJTLSO,X,X,X,X
IZJTLOS,X,X,X,X
IZJTSLO,X,X,X,X
IZJTSOL,X,X,X,X
IZJTOLS,X,X,X,X
IZJTOSL,X,X,X,X
IZJLTSO,X,X,X,X
IZJLTOS,X,X,X,X
IZJLSTO,X,X,X,X
IZJLSOT,X,X,X,X
IZJLOTS,X,X,X,X
IZJLOST,X,X,X,X
IZJSTLO,X,X,X,X
IZJSTOL,X,X,X,X
IZJSLTO,X,X,X,X
IZJSLOT,X,X,X,X
IZJSOTL,X,X,X,X
IZJSOLT,X,X,X,X
IZJOTLS,X,X,X,X
IZJOTSL,X,X,X,X
IZJOLTS,X,X,X,X
IZJOLST,X,X,X,X
IZJOSTL,X,X,X,X
IZJOSLT,X,X,X,X
IZSTLJO,O,X,X,X
IZSTLOJ,O,X,X,X
IZSTJLO,O,X,X,X
IZSTJOL,O,X,X,X
IZSTOLJ,O,X,X,X
IZSTOJL,O,X,X,X
IZSLTJO,O,X,X,X
IZSLTOJ,O,X,X,X
IZSLJTO,X,X,X,X
IZSLJOT,X,X,X,X
IZSLOTJ,O,X,X,X
IZSLOJT,X,X,X,X
IZSJTLO,X,X,X,X
IZSJTOL,X,X,X,X
IZSJLTO,X,X,X,X
IZSJLOT,X,X,X,X
IZSJOTL,X,X,X,X
IZSJOLT,X,X,X,X
IZSOTLJ,O,X,X,X
IZSOTJL,O,X,X,X
IZSOLTJ,O,X,X,X
IZSOLJT,X,X,X,X
IZSOJTL,X,X,X,X
IZSOJLT,X,X,X,X
IZOTLJS,X,X,X,X
IZOTLSJ,X,X,X,X
IZOTJLS,X,X,X,X
IZOTJSL,X,X,X,X
IZOTSLJ,X,X,X,X
IZOTSJL,X,X,X,X
IZOLTJS,X,X,X,X
IZOLTSJ,X,X,X,X
IZOLJTS,X,X,X,X
IZOLJST,X,X,X,X
IZOLSTJ,O,X,X,X
IZOLSJT,X,X,X,X
IZOJTLS,X,X,X,X
IZOJTSL,X,X,X,X
IZOJLTS,X,X,X,X
IZOJLST,X,X,X,X
IZOJSTL,X,X,X,X
IZOJSLT,X,X,X,X
IZOSTLJ,O,X,X,X
IZOSTJL,O,X,X,X
IZOSLTJ,O,X,X,X
IZOSLJT,X,X,X,X
IZOSJTL,X,X,X,X
IZOSJLT,X,X,X,X
IOTLJSZ,X,O,X,X
IOTLJZS,X,X,X,X
IOTLSJZ,X,O,X,X
IOTLSZJ,X,X,X,X
IOTLZJS,X,X,X,X
IOTLZSJ,X,X,X,X
IOTJLSZ,X,O,X,X
IOTJLZS,X,X,X,X
IOTJSLZ,X,O,X,X
IOTJSZL,X,X,X,X
IOTJZLS,X,X,X,X
IOTJZSL,X,X,X,X
IOTSLJZ,X,O,X,X
IOTSLZJ,X,X,X,X
IOTSJLZ,X,X,X,X
IOTSJZL,X,X,X,O
IOTSZLJ,X,X,X,X
IOTSZJL,X,X,X,O
IOTZLJS,X,X,X,X
IOTZLSJ,X,X,X,X
IOTZJLS,X,X,X,X
IOTZJSL,X,X,X,X
IOTZSLJ,X,X,X,X
IOTZSJL,X,X,X,O
IOLTJSZ,X,O,X,X
IOLTJZS,X,X,X,X
IOLTSJZ,X,O,X,X
IOLTSZJ,X,X,X,X
IOLTZJS,X,X,X,X
IOLTZSJ,X,X,X,X
IOLJTSZ,X,O,X,X
IOLJTZS,X,X,X,X
IOLJSTZ,X,O,X,X
IOLJSZT,X,X,X,X
IOLJZTS,X,X,X,X
IOLJZST,X,X,X,X
IOLSTJZ,X,O,X,X
IOLSTZJ,X,X,X,X
IOLSJTZ,X,O,X,X
IOLSJZT,X,X,X,X
IOLSZTJ,X,X,X,X
IOLSZJT,X,X,X,X
IOLZTJS,X,X,X,X
IOLZTSJ,X,X,X,X
IOLZJTS,X,X,X,X
IOLZJST,X,X,X,X
IOLZSTJ,X,X,X,X
IOLZSJT,X,X,X,X
IOJTLSZ,X,O,X,X
IOJTLZS,X,X,X,X
IOJTSLZ,X,O,X,X
IOJTSZL,X,X,X,X
IOJTZLS,X,X,X,X
IOJTZSL,X,X,X,X
IOJLTSZ,X,O,X,X
IOJLTZS,X,X,X,X
IOJLSTZ,X,O,X,X
IOJLSZT,X,X,X,X
IOJLZTS,X,X,X,X
IOJLZST,X,X,X,X
IOJSTLZ,X,O,X,X
IOJSTZL,X,X,X,X
IOJSLTZ,X,O,X,X
IOJSLZT,X,X,X,X
IOJSZTL,X,X,X,X
IOJSZLT,X,X,X,X
IOJZTLS,X,X,X,X
IOJZTSL,X,X,X,X
IOJZLTS,X,X,X,X
IOJZLST,X,X,X,X
IOJZSTL,X,X,X,X
IOJZSLT,X,X,X,X
IOSTLJZ,X,O,X,X
IOSTLZJ,X,X,X,X
IOSTJLZ,X,X,X,X
IOSTJZL,X,X,X,O
IOSTZLJ,X,X,X,X
IOSTZJL,X,X,X,O
IOSLTJZ,X,O,X,X
IOSLTZJ,X,X,X,X
IOSLJTZ,X,O,X,X
IOSLJZT,X,X,X,X
IOSLZTJ,X,X,X,X
IOSLZJT,X,X,X,X
IOSJTLZ,X,O,X,X
IOSJTZL,X,X,X,O
IOSJLTZ,X,O,X,X
IOSJLZT,X,X,X,X
IOSJZTL,X,X,X,X
IOSJZLT,X,X,X,X
IOSZTLJ,X,X,X,X
IOSZTJL,X,X,X,X
IOSZLTJ,X,X,X,X
IOSZLJT,X,X,X,X
IOSZJTL,X,X,X,X
IOSZJLT,X,X,X,X
IOZTLJS,X,X,X,X
IOZTLSJ,X,X,X,X
IOZTJLS,X,X,X,X
IOZTJSL,X,X,X,X
IOZTSLJ,X,X,X,X
IOZTSJL,X,X,X,X
IOZLTJS,X,X,X,X
IOZLTSJ,X,X,X,X
IOZLJTS,X,X,X,X
IOZLJST,X,X,X,X
IOZLSTJ,X,X,X,X
IOZLSJT,X,X,X,X
IOZJTLS,X,X,X,X
IOZJTSL,X,X,X,X
IOZJLTS,X,X,X,X
IOZJLST,X,X,X,X
IOZJSTL,X,X,X,X
IOZJSLT,X,X,X,X
IOZSTLJ,X,X,X,X
IOZSTJL,X,X,X,X
IOZSLTJ,X,X,X,X
IOZSLJT,X,X,X,X
IOZSJTL,X,X,X,X
IOZSJLT,X,X,X,X
LTIJSZO,X,X,O,X
LTIJSOZ,X,X,X,X
LTIJZSO,X,X,X,X
LTIJZOS,X,X,X,X
LTIJOSZ,X,O,X,X
LTIJOZS,X,X,X,X
LTISJZO,X,X,O,X
LTISJOZ,X,X,X,X
LTISZJO,X,X,X,X
LTISZOJ,X,X,X,X
LTISOJZ,X,X,X,X
LTISOZJ,X,X,X,X
LTIZJSO,X,X,X,X
LTIZJOS,X,X,X,X
LTIZSJO,X,X,X,X
LTIZSOJ,X,X,X,X
LTIZOJS,X,X,X,X
LTIZOSJ,X,X,X,X
LTIOJSZ,X,O,X,X
LTIOJZS,X,X,X,X
LTIOSJZ,X,O,X,X
LTIOSZJ,X,X,X,X
LTIOZJS,X,X,X,X
LTIOZSJ,X,X,X,X
LTJISZO,X,X,O,X
LTJISOZ,X,X,X,X
LTJIZSO,X,X,X,X
LTJIZOS,X,X,X,X
LTJIOSZ,X,O,X,X
LTJIOZS,X,X,X,X
LTJSIZO,O,X,O,X
LTJSIOZ,X,X,X,X
LTJSZIO,O,X,O,X
LTJSZOI,O,X,O,X
LTJSOIZ,X,X,X,X
LTJSOZI,X,X,X,X
LTJZISO,X,X,X,X
LTJZIOS,X,X,X,X
LTJZSIO,O,X,O,X
LTJZSOI,O,X,O,X
LTJZOIS,X,X,X,X
LTJZOSI,O,X,X,X
LTJOISZ,X,O,X,X
LTJOIZS,X,X,X,X
LTJOSIZ,X,O,X,X
LTJOSZI,X,O,X,X
LTJOZIS,X,X,X,X
LTJOZSI,X,X,X,X
LTSIJZO,O,X,O,X
LTSIJOZ,X,X,X,X
LTSIZJO,O,X,X,X
LTSIZOJ,O,X,X,X
LTSIOJZ,X,X,X,X
LTSIOZJ,X,X,X,X
LTSJIZO,O,X,O,X
LTSJIOZ,X,X,X,X
LTSJZIO,O,X,O,X
LTSJZOI,O,X,O,X
LTSJOIZ,X,X,X,X
LTSJOZI,X,X,X,X
LTSZIJO,O,X,X,X
LTSZIOJ,O,X,X,X
LTSZJIO,O,X,X,X
LTSZJOI,O,X,X,X
LTSZOIJ,O,X,X,X
LTSZOJI,O,X,X,X
LTSOIJZ,X,X,X,X
LTSOIZJ,X,X,X,X
LTSOJIZ,X,X,X,X
LTSOJZI,X,X,X,X
LTSOZIJ,X,X,X,X
LTSOZJI,X,X,X,X
LTZIJSO,X,X,X,X
LTZIJOS,X,X,X,X
LTZISJO,X,X,X,X
LTZISOJ,X,X,X,X
LTZIOJS,X,X,X,X
LTZIOSJ,X,X,X,X
LTZJISO,X,X,X,X
LTZJIOS,X,X,X,X
LTZJSIO,O,X,O,X
LTZJSOI,O,X,O,X
LTZJOIS,X,X,X,X
LTZJOSI,O,X,X,X
LTZSIJO,O,X,O,X
LTZSIOJ,O,X,X,X
LTZSJIO,O,X,O,X
LTZSJOI,O,X,O,X
LTZSOIJ,O,X,X,X
LTZSOJI,O,X,X,X
LTZOIJS,X,X,X,X
LTZOISJ,X,X,X,X
LTZOJIS,X,X,X,X
LTZOJSI,O,X,X,X
LTZOSIJ,O,X,X,X
LTZOSJI,O,X,X,X
LTOIJSZ,X,O,X,X
LTOIJZS,X,X,X,X
LTOISJZ,X,O,X,X
LTOISZJ,X,X,X,X
LTOIZJS,X,X,X,X
LTOIZSJ,X,X,X,X
LTOJISZ,X,O,X,X
LTOJIZS,X,X,X,X
LTOJSIZ,X,O,X,X
LTOJSZI,X,O,X,X
LTOJZIS,X,X,X,X
LTOJZSI,X,X,X,X
LTOSIJZ,X,O,X,X
LTOSIZJ,X,X,X,X
LTOSJIZ,X,O,X,X
LTOSJZI,X,O,X,X
LTOSZIJ,X,X,X,X
LTOSZJI,X,X,X,X
LTOZIJS,X,X,X,X
LTOZISJ,X,X,X,X
LTOZJIS,X,X,X,X
LTOZJSI,X,X,X,X
LTOZSIJ,X,X,X,X
LTOZSJI,X,X,X,X
LITJSZO,X,X,O,X
LITJSOZ,X,X,X,X
LITJZSO,X,X,X,X
LITJZOS,X,X,X,X
LITJOSZ,X,O,X,X
LITJOZS,X,X,X,X
LITSJZO,X,X,O,X
LITSJOZ,X,X,X,X
LITSZJO,X,X,X,X
LITSZOJ,X,X,X,X
LITSOJZ,X,X,X,X
LITSOZJ,X,X,X,X
LITZJSO,X,X,X,X
LITZJOS,X,X,X,X
LITZSJO,X,X,X,X
LITZSOJ,X,X,X,X
LITZOJS,X,X,X,X
LITZOSJ,X,X,X,X
LITOJSZ,X,O,X,X
LITOJZS,X,X,X,X
LITOSJZ,X,O,X,X
LITOSZJ,X,X,X,X
LITOZJS,X,X,X,X
LITOZSJ,X,X,X,X
LIJTSZO,X,X,O,X
LIJTSOZ,X,X,X,X
LIJTZSO,X,X,X,X
LIJTZOS,X,X,X,X
LIJTOSZ,X,O,X,X
LIJTOZS,X,X,X,X
LIJSTZO,X,X,O,X
LIJSTOZ,X,X,X,X
LIJSZTO,X,X,X,X
LIJSZOT,X,X,X,X
LIJSOTZ,X,X,X,X
LIJSOZT,X,X,X,X
LIJZTSO,X,X,X,X
LIJZTOS,X,X,X,X
LIJZSTO,X,X,X,X
LIJZSOT,X,X,X,X
LIJZOTS,X,X,X,X
LIJZOST,X,X,X,X
LIJOTSZ,X,O,X,X
LIJOTZS,X,X,X,X
LIJOSTZ,X,O,X,X
LIJOSZT,X,X,X,X
LIJOZTS,X,X,X,X
LIJOZST,X,X,X,X
LISTJZO,O,X,O,X
LISTJOZ,X,X,X,X
LISTZJO,O,X,X,X
LISTZOJ,O,X,X,X
LISTOJZ,X,X,X,X
LISTOZJ,X,X,X,X
LISJTZO,X,X,O,X
LISJTOZ,X,X,X,X
LISJZTO,X,X,X,X
LISJZOT,X,X,X,X
LISJOTZ,X,X,X,X
LISJOZT,X,X,X,X
LISZTJO,O,X,O,X
LISZTOJ,O,X,X,X
LISZJTO,X,X,X,X
LISZJOT,X,X,X,X
LISZOTJ,O,X,X,X
LISZOJT,X,X,X,X
LISOTJZ,X,X,X,X
LISOTZJ,X,X,X,X
LISOJTZ,X,X,X,X
LISOJZT,X,X,X,X
LISOZTJ,X,X,X,X
LISOZJT,X,X,X,X
LIZTJSO,X,X,X,X
LIZTJOS,X,X,X,X
LIZTSJO,X,X,X,X
LIZTSOJ,X,X,X,X
LIZTOJS,X,X,X,X
LIZTOSJ,X,X,X,X
LIZJTSO,X,X,X,X
LIZJTOS,X,X,X,X
LIZJSTO,X,X,X,X
LIZJSOT,X,X,X,X
LIZJOTS,X,X,X,X
LIZJOST,X,X,X,X
LIZSTJO,O,X,X,X
LIZSTOJ,O,X,X,X
LIZSJTO,X,X,X,X
LIZSJOT,X,X,X,X
LIZSOTJ,O,X,X,X
LIZSOJT,X,X,X,X
LIZOTJS,X,X,X,X
LIZOTSJ,X,X,X,X
LIZOJTS,X,X,X,X
LIZOJST,X,X,X,X
LIZOSTJ,O,X,X,X
LIZOSJT,X,X,X,X
LIOTJSZ,X,O,X,X
LIOTJZS,X,X,X,X
LIOTSJZ,X,O,X,X
LIOTSZJ,X,X,X,X
LIOTZJS,X,X,X,X
LIOTZSJ,X,X,X,X
LIOJTSZ,X,O,X,X
LIOJTZS,X,X,X,X
LIOJSTZ,X,O,X,X
LIOJSZT,X,X,X,X
LIOJZTS,X,X,X,X
LIOJZST,X,X,X,X
LIOSTJZ,X,O,X,X
LIOSTZJ,X,X,X,X
LIOSJTZ,X,O,X,X
LIOSJZT,X,X,X,X
LIOSZTJ,X,X,X,X
LIOSZJT,X,X,X,X
LIOZTJS,X,X,X,X
LIOZTSJ,X,X,X,X
LIOZJTS,X,X,X,X
LIOZJST,X,X,X,X
LIOZSTJ,X,X,X,X
LIOZSJT,X,X,X,X
LJTISZO,X,X,O,X
LJTISOZ,X,X,X,X
LJTIZSO,X,X,X,X
LJTIZOS,X,X,X,X
LJTIOSZ,X,O,X,X
LJTIOZS,X,X,X,X
LJTSIZO,X,X,O,X
LJTSIOZ,X,X,X,X
LJTSZIO,X,X,O,X
LJTSZOI,X,X,O,X
LJTSOIZ,X,X,X,X
LJTSOZI,X,X,X,X
LJTZISO,X,X,X,X
LJTZIOS,X,X,X,X
LJTZSIO,X,X,O,X
LJTZSOI,X,X,O,X
LJTZOIS,X,X,X,X
LJTZOSI,X,X,X,X
LJTOISZ,X,O,X,X
LJTOIZS,X,X,X,X
LJTOSIZ,X,O,X,X
LJTOSZI,X,O,X,X
LJTOZIS,X,X,X,X
LJTOZSI,X,X,X,X
LJITSZO,X,X,O,X
LJITSOZ,X,X,X,X
LJITZSO,X,X,X,X
LJITZOS,X,X,X,X
LJITOSZ,X,O,X,X
LJITOZS,X,X,X,X
LJISTZO,X,X,O,X
LJISTOZ,X,X,X,X
LJISZTO,X,X,X,X
LJISZOT,X,X,X,X
LJISOTZ,X,X,X,X
LJISOZT,X,X,X,X
LJIZTSO,X,X,X,X
LJIZTOS,X,X,X,X
LJIZSTO,X,X,X,X
LJIZSOT,X,X,X,X
LJIZOTS,X,X,X,X
LJIZOST,X,X,X,X
LJIOTSZ,X,O,X,X
LJIOTZS,X,X,X,X
LJIOSTZ,X,O,X,X
LJIOSZT,X,X,X,X
LJIOZTS,X,X,X,X
LJIOZST,X,X,X,X
LJSTIZO,X,X,O,X
LJSTIOZ,X,X,X,X
LJSTZIO,X,X,O,X
LJSTZOI,X,X,O,X
LJSTOIZ,X,X,X,X
LJSTOZI,X,X,X,X
LJSITZO,X,X,O,X
LJSITOZ,X,X,X,X
LJSIZTO,X,X,X,X
LJSIZOT,X,X,X,X
LJSIOTZ,X,X,X,X
LJSIOZT,X,X,X,X
LJSZTIO,X,X,X,X
LJSZTOI,X,X,X,X
LJSZITO,X,X,X,X
LJSZIOT,X,X,X,X
LJSZOTI,X,X,X,X
LJSZOIT,X,X,X,X
LJSOTIZ,X,X,X,X
LJSOTZI,X,X,X,X
LJSOITZ,X,X,X,X
LJSOIZT,X,X,X,X
LJSOZTI,X,X,X,X
LJSOZIT,X,X,X,X
LJZTISO,X,X,X,X
LJZTIOS,X,X,X,X
LJZTSIO,X,X,X,X
LJZTSOI,X,X,X,X
LJZTOIS,X,X,X,X
LJZTOSI,X,X,X,X
LJZITSO,X,X,X,X
LJZITOS,X,X,X,X
LJZISTO,X,X,X,X
LJZISOT,X,X,X,X
LJZIOTS,X,X,X,X
LJZIOST,X,X,X,X
LJZSTIO,X,X,X,X
LJZSTOI,X,X,X,X
LJZSITO,X,X,X,X
LJZSIOT,X,X,X,X
LJZSOTI,X,X,X,X
LJZSOIT,X,X,X,X
LJZOTIS,X,X,X,X
LJZOTSI,X,X,X,X
LJZOITS,X,X,X,X
LJZOIST,X,X,X,X
LJZOSTI,X,X,X,X
LJZOSIT,X,X,X,X
LJOTISZ,X,O,X,X
LJOTIZS,X,X,X,X
LJOTSIZ,X,O,X,X
LJOTSZI,X,O,X,X
LJOTZIS,X,X,X,X
LJOTZSI,X,X,X,X
LJOITSZ,X,O,X,X
LJOITZS,X,X,X,X
LJOISTZ,X,O,X,X
LJOISZT,X,X,X,X
LJOIZTS,X,X,X,X
LJOIZST,X,X,X,X
LJOSTIZ,X,O,X,X
LJOSTZI,X,O,X,X
LJOSITZ,X,O,X,X
LJOSIZT,X,X,X,X
LJOSZTI,X,X,X,X
LJOSZIT,X,X,X,X
LJOZTIS,X,X,X,X
LJOZTSI,X,X,X,X
LJOZITS,X,X,X,X
LJOZIST,X,X,X,X
LJOZSTI,X,X,X,X
LJOZSIT,X,X,X,X
LSTIJZO,O,X,O,X
LSTIJOZ,X,X,X,X
LSTIZJO,O,X,X,X
LSTIZOJ,O,X,X,X
LSTIOJZ,X,X,X,X
LSTIOZJ,X,X,X,X
LSTJIZO,O,X,O,X
LSTJIOZ,X,X,X,X
LSTJZIO,O,X,O,X
LSTJZOI,O,X,O,X
LSTJOIZ,X,X,X,X
LSTJOZI,X,X,X,X
LSTZIJO,O,X,X,X
LSTZIOJ,O,X,X,X
LSTZJIO,O,X,X,X
LSTZJOI,O,X,X,X
LSTZOIJ,O,X,X,X
LSTZOJI,O,X,X,X
LSTOIJZ,X,X,X,X
LSTOIZJ,X,X,X,X
LSTOJIZ,X,X,X,X
LSTOJZI,X,X,X,X
LSTOZIJ,X,X,X,X
LSTOZJI,X,X,X,X
LSITJZO,O,X,O,X
LSITJOZ,X,X,X,X
LSITZJO,O,X,X,X
LSITZOJ,O,X,X,X
LSITOJZ,X,X,X,X
LSITOZJ,X,X,X,X
LSIJTZO,X,X,O,X
LSIJTOZ,X,X,X,X
LSIJZTO,X,X,X,X
LSIJZOT,X,X,X,X
LSIJOTZ,X,X,X,X
LSIJOZT,X,X,X,X
LSIZTJO,O,X,O,X
LSIZTOJ,O,X,X,X
LSIZJTO,X,X,X,X
LSIZJOT,X,X,X,X
LSIZOTJ,O,X,X,X
LSIZOJT,X,X,X,X
LSIOTJZ,X,X,X,X
LSIOTZJ,X,X,X,X
LSIOJTZ,X,X,X,X
LSIOJZT,X,X,X,X
LSIOZTJ,X,X,X,X
LSIOZJT,X,X,X,X
LSJTIZO,X,X,O,X
LSJTIOZ,X,X,X,X
LSJTZIO,X,X,O,X
LSJTZOI,X,X,O,X
LSJTOIZ,X,X,X,X
LSJTOZI,X,X,X,X
LSJITZO,X,X,O,X
LSJITOZ,X,X,X,X
LSJIZTO,X,X,X,X
LSJIZOT,X,X,X,X
LSJIOTZ,X,X,X,X
LSJIOZT,X,X,X,X
LSJZTIO,X,X,X,X
LSJZTOI,X,X,X,X
LSJZITO,X,X,X,X
LSJZIOT,X,X,X,X
LSJZOTI,X,X,X,X
LSJZOIT,X,X,X,X
LSJOTIZ,X,X,X,X
LSJOTZI,X,X,X,X
LSJOITZ,X,X,X,X
LSJOIZT,X,X,X,X
LSJOZTI,X,X,X,X
LSJOZIT,X,X,X,X
LSZTIJO,O,X,O,X
LSZTIOJ,O,X,X,X
LSZTJIO,O,X,O,X
LSZTJOI,O,X,O,X
LSZTOIJ,O,X,X,X
LSZTOJI,O,X,X,X
LSZITJO,O,X,O,X
LSZITOJ,O,X,X,X
LSZIJTO,X,X,X,X
LSZIJOT,X,X,X,X
LSZIOTJ,O,X,X,X
LSZIOJT,X,X,X,X
LSZJTIO,X,X,X,X
LSZJTOI,X,X,X,X
LSZJITO,X,X,X,X
LSZJIOT,X,X,X,X
LSZJOTI,X,X,X,X
LSZJOIT,X,X,X,X
LSZOTIJ,O,X,X,X
LSZOTJI,O,X,X,X
LSZOITJ,O,X,X,X
LSZOIJT,X,X,X,X
LSZOJTI,X,X,X,X
LSZOJIT,X,X,X,X
LSOTIJZ,X,X,X,X
LSOTIZJ,X,X,X,X
LSOTJIZ,X,X,X,X
LSOTJZI,X,X,X,X
LSOTZIJ,X,X,X,X
LSOTZJI,X,X,X,X
LSOITJZ,X,X,X,X
LSOITZJ,X,X,X,X
LSOIJTZ,X,X,X,X
LSOIJZT,X,X,X,X
LSOIZTJ,X,X,X,X
LSOIZJT,X,X,X,X
LSOJTIZ,X,X,X,X
LSOJTZI,X,X,X,X
LSOJITZ,X,X,X,X
LSOJIZT,X,X,X,X
LSOJZTI,X,X,X,X
LSOJZIT,X,X,X,X
LSOZTIJ,X,X,X,X
LSOZTJI,X,X,X,X
LSOZITJ,X,X,X,X
LSOZIJT,X,X,X,X
LSOZJTI,X,X,X,X
LSOZJIT,X,X,X,X
LZTIJSO,X,X,X,X
LZTIJOS,X,X,X,X
LZTISJO,X,X,X,X
LZTISOJ,X,X,X,X
LZTIOJS,X,X,X,X
LZTIOSJ,X,X,X,X
LZTJISO,X,X,X,X
LZTJIOS,X,X,X,X
LZTJSIO,O,X,O,X
LZTJSOI,O,X,O,X
LZTJOIS,X,X,X,X
LZTJOSI,O,X,X,X
LZTSIJO,O,X,O,X
LZTSIOJ,O,X,X,X
LZTSJIO,O,X,O,X
LZTSJOI,O,X,O,X
LZTSOIJ,O,X,X,X
LZTSOJI,O,X,X,X
LZTOIJS,X,X,X,X
LZTOISJ,X,X,X,X
LZTOJIS,X,X,X,X
LZTOJSI,O,X,X,X
LZTOSIJ,O,X,X,X
LZTOSJI,O,X,X,X
LZITJSO,X,X,X,X
LZITJOS,X,X,X,X
LZITSJO,X,X,X,X
LZITSOJ,X,X,X,X
LZITOJS,X,X,X,X
LZITOSJ,X,X,X,X
LZIJTSO,X,X,X,X
LZIJTOS,X,X,X,X
LZIJSTO,X,X,X,X
LZIJSOT,X,X,X,X
LZIJOTS,X,X,X,X
LZIJOST,X,X,X,X
LZISTJO,O,X,X,X
LZISTOJ,O,X,X,X
LZISJTO,X,X,X,X
LZISJOT,X,X,X,X
LZISOTJ,O,X,X,X
LZISOJT,X,X,X,X
LZIOTJS,X,X,X,X
LZIOTSJ,X,X,X,X
LZIOJTS,X,X,X,X
LZIOJST,X,X,X,X
LZIOSTJ,O,X,X,X
LZIOSJT,X,X,X,X
LZJTISO,X,X,X,X
LZJTIOS,X,X,X,X
LZJTSIO,O,X,X,X
LZJTSOI,O,X,X,X
LZJTOIS,X,X,X,X
LZJTOSI,O,X,X,X
LZJITSO,X,X,X,X
LZJITOS,X,X,X,X
LZJISTO,X,X,X,X
LZJISOT,X,X,X,X
LZJIOTS,X,X,X,X
LZJIOST,X,X,X,X
LZJSTIO,X,X,X,X
LZJSTOI,X,X,X,X
LZJSITO,X,X,X,X
LZJSIOT,X,X,X,X
LZJSOTI,X,X,X,X
LZJSOIT,X,X,X,X
LZJOTIS,X,X,X,X
LZJOTSI,O,X,X,X
LZJOITS,X,X,X,X
LZJOIST,X,X,X,X
LZJOSTI,X,X,X,X
LZJOSIT,X,X,X,X
LZSTIJO,O,X,O,X
LZSTIOJ,O,X,X,X
LZSTJIO,O,X,O,X
LZSTJOI,O,X,O,X
LZSTOIJ,O,X,X,X
LZSTOJI,O,X,X,X
LZSITJO,O,X,O,X
LZSITOJ,O,X,X,X
LZSIJTO,X,X,X,X
LZSIJOT,X,X,X,X
LZSIOTJ,O,X,X,X
LZSIOJT,X,X,X,X
LZSJTIO,X,X,X,X
LZSJTOI,X,X,X,X
LZSJITO,X,X,X,X
LZSJIOT,X,X,X,X
LZSJOTI,X,X,X,X
LZSJOIT,X,X,X,X
LZSOTIJ,O,X,X,X
LZSOTJI,O,X,X,X
LZSOITJ,O,X,X,X
LZSOIJT,X,X,X,X
LZSOJTI,X,X,X,X
LZSOJIT,X,X,X,X
LZOTIJS,X,X,X,X
LZOTISJ,X,X,X,X
LZOTJIS,X,X,X,X
LZOTJSI,O,X,X,X
LZOTSIJ,O,X,X,X
LZOTSJI,O,X,X,X
LZOITJS,X,X,X,X
LZOITSJ,X,X,X,X
LZOIJTS,X,X,X,X
LZOIJST,X,X,X,X
LZOISTJ,O,X,X,X
LZOISJT,X,X,X,X
LZOJTIS,X,X,X,X
LZOJTSI,O,X,X,X
LZOJITS,X,X,X,X
LZOJIST,X,X,X,X
LZOJSTI,X,X,X,X
LZOJSIT,X,X,X,X
LZOSTIJ,O,X,X,X
LZOSTJI,O,X,X,X
LZOSITJ,O,X,X,X
LZOSIJT,X,X,X,X
LZOSJTI,X,X,X,X
LZOSJIT,X,X,X,X
LOTIJSZ,X,O,X,X
LOTIJZS,X,X,X,X
LOTISJZ,X,O,X,X
LOTISZJ,X,X,X,X
LOTIZJS,X,X,X,X
LOTIZSJ,X,X,X,X
LOTJISZ,X,O,X,X
LOTJIZS,X,X,X,X
LOTJSIZ,X,O,X,X
LOTJSZI,X,O,X,X
LOTJZIS,X,X,X,X
LOTJZSI,X,X,X,X
LOTSIJZ,X,O,X,X
LOTSIZJ,X,X,X,X
LOTSJIZ,X,O,X,X
LOTSJZI,X,O,X,X
LOTSZIJ,X,X,X,X
LOTSZJI,X,X,X,X
LOTZIJS,X,X,X,X
LOTZISJ,X,X,X,X
LOTZJIS,X,X,X,X
LOTZJSI,X,X,X,X
LOTZSIJ,X,X,X,X
LOTZSJI,X,X,X,X
LOITJSZ,X,O,X,X
LOITJZS,X,X,X,X
LOITSJZ,X,O,X,X
LOITSZJ,X,X,X,X
LOITZJS,X,X,X,X
LOITZSJ,X,X,X,X
LOIJTSZ,X,O,X,X
LOIJTZS,X,X,X,X
LOIJSTZ,X,O,X,X
LOIJSZT,X,X,X,X
LOIJZTS,X,X,X,X
LOIJZST,X,X,X,X
LOISTJZ,X,O,X,X
LOISTZJ,X,X,X,X
LOISJTZ,X,O,X,X
LOISJZT,X,X,X,X
LOISZTJ,X,X,X,X
LOISZJT,X,X,X,X
LOIZTJS,X,X,X,X
LOIZTSJ,X,X,X,X
LOIZJTS,X,X,X,X
LOIZJST,X,X,X,X
LOIZSTJ,X,X,X,X
LOIZSJT,X,X,X,X
LOJTISZ,X,O,X,X
LOJTIZS,X,X,X,X
LOJTSIZ,X,O,X,X
LOJTSZI,X,O,X,X
LOJTZIS,X,X,X,X
LOJTZSI,X,X,X,X
LOJITSZ,X,O,X,X
LOJITZS,X,X,X,X
LOJISTZ,X,O,X,X
LOJISZT,X,X,X,X
LOJIZTS,X,X,X,X
LOJIZST,X,X,X,X
LOJSTIZ,X,O,X,X
LOJSTZI,X,O,X,X
LOJSITZ,X,O,X,X
LOJSIZT,X,X,X,X
LOJSZTI,X,X,X,X
LOJSZIT,X,X,X,X
LOJZTIS,X,X,X,X
LOJZTSI,X,X,X,X
LOJZITS,X,X,X,X
LOJZIST,X,X,X,X
LOJZSTI,X,X,X,X
LOJZSIT,X,X,X,X
LOSTIJZ,X,O,X,X
LOSTIZJ,X,X,X,X
LOSTJIZ,X,O,X,X
LOSTJZI,X,O,X,X
LOSTZIJ,X,X,X,X
LOSTZJI,X,X,X,X
LOSITJZ,X,O,X,X
LOSITZJ,X,X,X,X
LOSIJTZ,X,O,X,X
LOSIJZT,X,X,X,X
LOSIZTJ,X,X,X,X
LOSIZJT,X,X,X,X
LOSJTIZ,X,O,X,X
LOSJTZI,X,O,X,X
LOSJITZ,X,O,X,X
LOSJIZT,X,X,X,X
LOSJZTI,X,X,X,X
LOSJZIT,X,X,X,X
LOSZTIJ,X,X,X,X
LOSZTJI,X,X,X,X
LOSZITJ,X,X,X,X
LOSZIJT,X,X,X,X
LOSZJTI,X,X,X,X
LOSZJIT,X,X,X,X
LOZTIJS,X,X,X,X
LOZTISJ,X,X,X,X
LOZTJIS,X,X,X,X
LOZTJSI,X,X,X,X
LOZTSIJ,X,X,X,X
LOZTSJI,X,X,X,X
LOZITJS,X,X,X,X
LOZITSJ,X,X,X,X
LOZIJTS,X,X,X,X
LOZIJST,X,X,X,X
LOZISTJ,X,X,X,X
LOZISJT,X,X,X,X
LOZJTIS,X,X,X,X
LOZJTSI,X,X,X,X
LOZJITS,X,X,X,X
LOZJIST,X,X,X,X
LOZJSTI,X,X,X,X
LOZJSIT,X,X,X,X
LOZSTIJ,X,X,X,X
LOZSTJI,X,X,X,X
LOZSITJ,X,X,X,X
LOZSIJT,X,X,X,X
LOZSJTI,X,X,X,X
LOZSJIT,X,X,X,X
JTILSZO,X,X,O,X
JTILSOZ,X,X,X,X
JTILZSO,X,X,X,X
JTILZOS,X,X,X,X
JTILOSZ,X,O,X,X
JTILOZS,X,X,X,X
JTISLZO,X,X,O,X
JTISLOZ,X,X,X,X
JTISZLO,X,X,O,X
JTISZOL,X,X,X,X
JTISOLZ,X,X,X,X
JTISOZL,X,X,X,X
JTIZLSO,X,X,X,X
JTIZLOS,X,X,X,X
JTIZSLO,X,X,X,X
JTIZSOL,X,X,X,X
JTIZOLS,X,X,X,X
JTIZOSL,X,X,X,X
JTIOLSZ,X,O,X,X
JTIOLZS,X,X,X,X
JTIOSLZ,X,O,X,X
JTIOSZL,X,X,X,X
JTIOZLS,X,X,X,X
JTIOZSL,X,X,X,X
JTLISZO,X,X,O,X
JTLISOZ,X,X,X,X
JTLIZSO,X,X,X,X
JTLIZOS,X,X,X,X
JTLIOSZ,X,O,X,X
JTLIOZS,X,X,X,X
JTLSIZO,X,X,O,X
JTLSIOZ,X,X,X,X
JTLSZIO,X,X,O,X
JTLSZOI,X,X,O,X
JTLSOIZ,X,X,X,X
JTLSOZI,X,X,X,X
JTLZISO,X,X,X,X
JTLZIOS,X,X,X,X
JTLZSIO,X,X,O,X
JTLZSOI,X,X,O,X
JTLZOIS,X,X,X,X
JTLZOSI,X,X,X,X
JTLOISZ,X,O,X,X
JTLOIZS,X,X,X,X
JTLOSIZ,X,O,X,X
JTLOSZI,X,O,X,X
JTLOZIS,X,X,X,X
JTLOZSI,X,X,X,X
JTSILZO,X,X,O,X
JTSILOZ,X,X,X,X
JTSIZLO,X,X,O,X
JTSIZOL,X,X,X,O
JTSIOLZ,X,X,X,X
JTSIOZL,X,X,X,O
JTSLIZO,X,X,O,X
JTSLIOZ,X,X,X,X
JTSLZIO,X,X,O,X
JTSLZOI,X,X,O,X
JTSLOIZ,X,X,X,X
JTSLOZI,X,X,X,X
JTSZILO,X,X,O,X
JTSZIOL,X,X,X,X
JTSZLIO,X,X,O,X
JTSZLOI,X,X,O,X
JTSZOIL,X,X,X,O
JTSZOLI,X,X,X,X
JTSOILZ,X,X,X,X
JTSOIZL,X,X,X,O
JTSOLIZ,X,X,X,X
JTSOLZI,X,X,X,X
JTSOZIL,X,X,X,O
JTSOZLI,X,X,X,X
JTZILSO,X,X,X,X
JTZILOS,X,X,X,X
JTZISLO,X,X,X,X
JTZISOL,X,X,X,X
JTZIOLS,X,X,X,X
JTZIOSL,X,X,X,X
JTZLISO,X,X,X,X
JTZLIOS,X,X,X,X
JTZLSIO,X,X,O,X
JTZLSOI,X,X,O,X
JTZLOIS,X,X,X,X
JTZLOSI,X,X,X,X
JTZSILO,X,X,O,X
JTZSIOL,X,X,X,X
JTZSLIO,X,X,O,X
JTZSLOI,X,X,O,X
JTZSOIL,X,X,X,O
JTZSOLI,X,X,X,X
JTZOILS,X,X,X,X
JTZOISL,X,X,X,X
JTZOLIS,X,X,X,X
JTZOLSI,X,X,X,X
JTZOSIL,X,X,X,O
JTZOSLI,X,X,X,X
JTOILSZ,X,O,X,X
JTOILZS,X,X,X,X
JTOISLZ,X,O,X,X
JTOISZL,X,X,X,X
JTOIZLS,X,X,X,X
JTOIZSL,X,X,X,X
JTOLISZ,X,O,X,X
JTOLIZS,X,X,X,X
JTOLSIZ,X,O,X,X
JTOLSZI,X,O,X,X
JTOLZIS,X,X,X,X
JTOLZSI,X,X,X,X
JTOSILZ,X,O,X,X
JTOSIZL,X,X,X,O
JTOSLIZ,X,O,X,X
JTOSLZI,X,O,X,X
JTOSZIL,X,X,X,O
JTOSZLI,X,X,X,X
JTOZILS,X,X,X,X
JTOZISL,X,X,X,X
JTOZLIS,X,X,X,X
JTOZLSI,X,X,X,X
JTOZSIL,X,X,X,O
JTOZSLI,X,X,X,X
JITLSZO,X,X,O,X
JITLSOZ,X,X,X,X
JITLZSO,X,X,X,X
JITLZOS,X,X,X,X
JITLOSZ,X,O,X,X
JITLOZS,X,X,X,X
JITSLZO,X,X,O,X
JITSLOZ,X,X,X,X
JITSZLO,X,X,O,X
JITSZOL,X,X,X,X
JITSOLZ,X,X,X,X
JITSOZL,X,X,X,X
JITZLSO,X,X,X,X
JITZLOS,X,X,X,X
JITZSLO,X,X,X,X
JITZSOL,X,X,X,X
JITZOLS,X,X,X,X
JITZOSL,X,X,X,X
JITOLSZ,X,O,X,X
JITOLZS,X,X,X,X
JITOSLZ,X,O,X,X
JITOSZL,X,X,X,X
JITOZLS,X,X,X,X
JITOZSL,X,X,X,X
JILTSZO,X,X,O,X
JILTSOZ,X,X,X,X
JILTZSO,X,X,X,X
JILTZOS,X,X,X,X
JILTOSZ,X,O,X,X
JILTOZS,X,X,X,X
JILSTZO,X,X,O,X
JILSTOZ,X,X,X,X
JILSZTO,X,X,X,X
JILSZOT,X,X,X,X
JILSOTZ,X,X,X,X
JILSOZT,X,X,X,X
JILZTSO,X,X,X,X
JILZTOS,X,X,X,X
JILZSTO,X,X,X,X
JILZSOT,X,X,X,X
JILZOTS,X,X,X,X
JILZOST,X,X,X,X
JILOTSZ,X,O,X,X
JILOTZS,X,X,X,X
JILOSTZ,X,O,X,X
JILOSZT,X,X,X,X
JILOZTS,X,X,X,X
JILOZST,X,X,X,X
JISTLZO,X,X,O,X
JISTLOZ,X,X,X,X
JISTZLO,X,X,O,X
JISTZOL,X,X,X,X
JISTOLZ,X,X,X,X
JISTOZL,X,X,X,X
JISLTZO,X,X,O,X
JISLTOZ,X,X,X,X
JISLZTO,X,X,X,X
JISLZOT,X,X,X,X
JISLOTZ,X,X,X,X
JISLOZT,X,X,X,X
JISZTLO,X,X,X,X
JISZTOL,X,X,X,X
JISZLTO,X,X,X,X
JISZLOT,X,X,X,X
JISZOTL,X,X,X,X
JISZOLT,X,X,X,X
JISOTLZ,X,X,X,X
JISOTZL,X,X,X,X
JISOLTZ,X,X,X,X
JISOLZT,X,X,X,X
JISOZTL,X,X,X,X
JISOZLT,X,X,X,X
JIZTLSO,X,X,X,X
JIZTLOS,X,X,X,X
JIZTSLO,X,X,X,X
JIZTSOL,X,X,X,X
JIZTOLS,X,X,X,X
JIZTOSL,X,X,X,X
JIZLTSO,X,X,X,X
JIZLTOS,X,X,X,X
JIZLSTO,X,X,X,X
JIZLSOT,X,X,X,X
JIZLOTS,X,X,X,X
JIZLOST,X,X,X,X
JIZSTLO,X,X,X,X
JIZSTOL,X,X,X,X
JIZSLTO,X,X,X,X
JIZSLOT,X,X,X,X
JIZSOTL,X,X,X,X
JIZSOLT,X,X,X,X
JIZOTLS,X,X,X,X
JIZOTSL,X,X,X,X
JIZOLTS,X,X,X,X
JIZOLST,X,X,X,X
JIZOSTL,X,X,X,X
JIZOSLT,X,X,X,X
JIOTLSZ,X,O,X,X
JIOTLZS,X,X,X,X
JIOTSLZ,X,O,X,X
JIOTSZL,X,X,X,X
JIOTZLS,X,X,X,X
JIOTZSL,X,X,X,X
JIOLTSZ,X,O,X,X
JIOLTZS,X,X,X,X
JIOLSTZ,X,O,X,X
JIOLSZT,X,X,X,X
JIOLZTS,X,X,X,X
JIOLZST,X,X,X,X
JIOSTLZ,X,O,X,X
JIOSTZL,X,X,X,X
JIOSLTZ,X,O,X,X
JIOSLZT,X,X,X,X
JIOSZTL,X,X,X,X
JIOSZLT,X,X,X,X
JIOZTLS,X,X,X,X
JIOZTSL,X,X,X,X
JIOZLTS,X,X,X,X
JIOZLST,X,X,X,X
JIOZSTL,X,X,X,X
JIOZSLT,X,X,X,X
JLTISZO,X,X,O,X
JLTISOZ,X,X,X,X
JLTIZSO,X,X,X,X
JLTIZOS,X,X,X,X
JLTIOSZ,X,O,X,X
JLTIOZS,X,X,X,X
JLTSIZO,X,X,O,X
JLTSIOZ,X,X,X,X
JLTSZIO,X,X,O,X
JLTSZOI,X,X,O,X
JLTSOIZ,X,X,X,X
JLTSOZI,X,X,X,X
JLTZISO,X,X,X,X
JLTZIOS,X,X,X,X
JLTZSIO,X,X,O,X
JLTZSOI,X,X,O,X
JLTZOIS,X,X,X,X
JLTZOSI,X,X,X,X
JLTOISZ,X,O,X,X
JLTOIZS,X,X,X,X
JLTOSIZ,X,O,X,X
JLTOSZI,X,O,X,X
JLTOZIS,X,X,X,X
JLTOZSI,X,X,X,X
JLITSZO,X,X,O,X
JLITSOZ,X,X,X,X
JLITZSO,X,X,X,X
JLITZOS,X,X,X,X
JLITOSZ,X,O,X,X
JLITOZS,X,X,X,X
JLISTZO,X,X,O,X
JLISTOZ,X,X,X,X
JLISZTO,X,X,X,X
JLISZOT,X,X,X,X
JLISOTZ,X,X,X,X
JLISOZT,X,X,X,X
JLIZTSO,X,X,X,X
JLIZTOS,X,X,X,X
JLIZSTO,X,X,X,X
JLIZSOT,X,X,X,X
JLIZOTS,X,X,X,X
JLIZOST,X,X,X,X
JLIOTSZ,X,O,X,X
JLIOTZS,X,X,X,X
JLIOSTZ,X,O,X,X
JLIOSZT,X,X,X,X
JLIOZTS,X,X,X,X
JLIOZST,X,X,X,X
JLSTIZO,X,X,O,X
JLSTIOZ,X,X,X,X
JLSTZIO,X,X,O,X
JLSTZOI,X,X,O,X
JLSTOIZ,X,X,X,X
JLSTOZI,X,X,X,X
JLSITZO,X,X,O,X
JLSITOZ,X,X,X,X
JLSIZTO,X,X,X,X
JLSIZOT,X,X,X,X
JLSIOTZ,X,X,X,X
JLSIOZT,X,X,X,X
JLSZTIO,X,X,X,X
JLSZTOI,X,X,X,X
JLSZITO,X,X,X,X
JLSZIOT,X,X,X,X
JLSZOTI,X,X,X,X
JLSZOIT,X,X,X,X
JLSOTIZ,X,X,X,X
JLSOTZI,X,X,X,X
JLSOITZ,X,X,X,X
JLSOIZT,X,X,X,X
JLSOZTI,X,X,X,X
JLSOZIT,X,X,X,X
JLZTISO,X,X,X,X
JLZTIOS,X,X,X,X
JLZTSIO,X,X,X,X
JLZTSOI,X,X,X,X
JLZTOIS,X,X,X,X
JLZTOSI,X,X,X,X
JLZITSO,X,X,X,X
JLZITOS,X,X,X,X
JLZISTO,X,X,X,X
JLZISOT,X,X,X,X
JLZIOTS,X,X,X,X
JLZIOST,X,X,X,X
JLZSTIO,X,X,X,X
JLZSTOI,X,X,X,X
JLZSITO,X,X,X,X
JLZSIOT,X,X,X,X
JLZSOTI,X,X,X,X
JLZSOIT,X,X,X,X
JLZOTIS,X,X,X,X
JLZOTSI,X,X,X,X
JLZOITS,X,X,X,X
JLZOIST,X,X,X,X
JLZOSTI,X,X,X,X
JLZOSIT,X,X,X,X
JLOTISZ,X,O,X,X
JLOTIZS,X,X,X,X
JLOTSIZ,X,O,X,X
JLOTSZI,X,O,X,X
JLOTZIS,X,X,X,X
JLOTZSI,X,X,X,X
JLOITSZ,X,O,X,X
JLOITZS,X,X,X,X
JLOISTZ,X,O,X,X
JLOISZT,X,X,X,X
JLOIZTS,X,X,X,X
JLOIZST,X,X,X,X
JLOSTIZ,X,O,X,X
JLOSTZI,X,O,X,X
JLOSITZ,X,O,X,X
JLOSIZT,X,X,X,X
JLOSZTI,X,X,X,X
JLOSZIT,X,X,X,X
JLOZTIS,X,X,X,X
JLOZTSI,X,X,X,X
JLOZITS,X,X,X,X
JLOZIST,X,X,X,X
JLOZSTI,X,X,X,X
JLOZSIT,X,X,X,X
JSTILZO,X,X,O,X
JSTILOZ,X,X,X,X
JSTIZLO,X,X,O,X
JSTIZOL,X,X,X,O
JSTIOLZ,X,X,X,X
JSTIOZL,X,X,X,O
JSTLIZO,X,X,O,X
JSTLIOZ,X,X,X,X
JSTLZIO,X,X,O,X
JSTLZOI,X,X,O,X
JSTLOIZ,X,X,X,X
JSTLOZI,X,X,X,X
JSTZILO,X,X,O,X
JSTZIOL,X,X,X,X
JSTZLIO,X,X,O,X
JSTZLOI,X,X,O,X
JSTZOIL,X,X,X,O
JSTZOLI,X,X,X,X
JSTOILZ,X,X,X,X
JSTOIZL,X,X,X,O
JSTOLIZ,X,X,X,X
JSTOLZI,X,X,X,X
JSTOZIL,X,X,X,O
JSTOZLI,X,X,X,X
JSITLZO,X,X,O,X
JSITLOZ,X,X,X,X
JSITZLO,X,X,O,X
JSITZOL,X,X,X,O
JSITOLZ,X,X,X,X
JSITOZL,X,X,X,O
JSILTZO,X,X,O,X
JSILTOZ,X,X,X,X
JSILZTO,X,X,X,X
JSILZOT,X,X,X,X
JSILOTZ,X,X,X,X
JSILOZT,X,X,X,X
JSIZTLO,X,X,X,X
JSIZTOL,X,X,X,X
JSIZLTO,X,X,X,X
JSIZLOT,X,X,X,X
JSIZOTL,X,X,X,X
JSIZOLT,X,X,X,X
JSIOTLZ,X,X,X,X
JSIOTZL,X,X,X,O
JSIOLTZ,X,X,X,X
JSIOLZT,X,X,X,X
JSIOZTL,X,X,X,X
JSIOZLT,X,X,X,X
JSLTIZO,X,X,O,X
JSLTIOZ,X,X,X,X
JSLTZIO,X,X,O,X
JSLTZOI,X,X,O,X
JSLTOIZ,X,X,X,X
JSLTOZI,X,X,X,X
JSLITZO,X,X,O,X
JSLITOZ,X,X,X,X
JSLIZTO,X,X,X,X
JSLIZOT,X,X,X,X
JSLIOTZ,X,X,X,X
JSLIOZT,X,X,X,X
JSLZTIO,X,X,X,X
JSLZTOI,X,X,X,X
JSLZITO,X,X,X,X
JSLZIOT,X,X,X,X
JSLZOTI,X,X,X,X
JSLZOIT,X,X,X,X
JSLOTIZ,X,X,X,X
JSLOTZI,X,X,X,X
JSLOITZ,X,X,X,X
JSLOIZT,X,X,X,X
JSLOZTI,X,X,X,X
JSLOZIT,X,X,X,X
JSZTILO,X,X,X,X
JSZTIOL,X,X,X,X
JSZTLIO,X,X,X,X
JSZTLOI,X,X,X,X
JSZTOIL,X,X,X,X
JSZTOLI,X,X,X,X
JSZITLO,X,X,X,X
JSZITOL,X,X,X,X
JSZILTO,X,X,X,X
JSZILOT,X,X,X,X
JSZIOTL,X,X,X,X
JSZIOLT,X,X,X,X
JSZLTIO,X,X,X,X
JSZLTOI,X,X,X,X
JSZLITO,X,X,X,X
JSZLIOT,X,X,X,X
JSZLOTI,X,X,X,X
JSZLOIT,X,X,X,X
JSZOTIL,X,X,X,X
JSZOTLI,X,X,X,X
JSZOITL,X,X,X,X
JSZOILT,X,X,X,X
JSZOLTI,X,X,X,X
JSZOLIT,X,X,X,X
JSOTILZ,X,X,X,X
JSOTIZL,X,X,X,O
JSOTLIZ,X,X,X,X
JSOTLZI,X,X,X,X
JSOTZIL,X,X,X,O
JSOTZLI,X,X,X,X
JSOITLZ,X,X,X,X
JSOITZL,X,X,X,O
JSOILTZ,X,X,X,X
JSOILZT,X,X,X,X
JSOIZTL,X,X,X,X
JSOIZLT,X,X,X,X
JSOLTIZ,X,X,X,X
JSOLTZI,X,X,X,X
JSOLITZ,X,X,X,X
JSOLIZT,X,X,X,X
JSOLZTI,X,X,X,X
JSOLZIT,X,X,X,X
JSOZTIL,X,X,X,X
JSOZTLI,X,X,X,X
JSOZITL,X,X,X,X
JSOZILT,X,X,X,X
JSOZLTI,X,X,X,X
JSOZLIT,X,X,X,X
JZTILSO,X,X,X,X
JZTILOS,X,X,X,X
JZTISLO,X,X,X,X
JZTISOL,X,X,X,X
JZTIOLS,X,X,X,X
JZTIOSL,X,X,X,X
JZTLISO,X,X,X,X
JZTLIOS,X,X,X,X
JZTLSIO,X,X,X,X
JZTLSOI,X,X,X,X
JZTLOIS,X,X,X,X
JZTLOSI,X,X,X,X
JZTSILO,X,X,X,X
JZTSIOL,X,X,X,X
JZTSLIO,X,X,X,X
JZTSLOI,X,X,X,X
JZTSOIL,X,X,X,X
JZTSOLI,X,X,X,X
JZTOILS,X,X,X,X
JZTOISL,X,X,X,X
JZTOLIS,X,X,X,X
JZTOLSI,X,X,X,X
JZTOSIL,X,X,X,X
JZTOSLI,X,X,X,X
JZITLSO,X,X,X,X
JZITLOS,X,X,X,X
JZITSLO,X,X,X,X
JZITSOL,X,X,X,X
JZITOLS,X,X,X,X
JZITOSL,X,X,X,X
JZILTSO,X,X,X,X
JZILTOS,X,X,X,X
JZILSTO,X,X,X,X
JZILSOT,X,X,X,X
JZILOTS,X,X,X,X
JZILOST,X,X,X,X
JZISTLO,X,X,X,X
JZISTOL,X,X,X,X
JZISLTO,X,X,X,X
JZISLOT,X,X,X,X
JZISOTL,X,X,X,X
JZISOLT,X,X,X,X
JZIOTLS,X,X,X,X
JZIOTSL,X,X,X,X
JZIOLTS,X,X,X,X
JZIOLST,X,X,X,X
JZIOSTL,X,X,X,X
JZIOSLT,X,X,X,X
JZLTISO,X,X,X,X
JZLTIOS,X,X,X,X
JZLTSIO,X,X,X,X
JZLTSOI,X,X,X,X
JZLTOIS,X,X,X,X
JZLTOSI,X,X,X,X
JZLITSO,X,X,X,X
JZLITOS,X,X,X,X
JZLISTO,X,X,X,X
JZLISOT,X,X,X,X
JZLIOTS,X,X,X,X
JZLIOST,X,X,X,X
JZLSTIO,X,X,X,X
JZLSTOI,X,X,X,X
JZLSITO,X,X,X,X
JZLSIOT,X,X,X,X
JZLSOTI,X,X,X,X
JZLSOIT,X,X,X,X
JZLOTIS,X,X,X,X
JZLOTSI,X,X,X,X
JZLOITS,X,X,X,X
JZLOIST,X,X,X,X
JZLOSTI,X,X,X,X
JZLOSIT,X,X,X,X
JZSTILO,X,X,X,X
JZSTIOL,X,X,X,X
JZSTLIO,X,X,X,X
JZSTLOI,X,X,X,X
JZSTOIL,X,X,X,X
JZSTOLI,X,X,X,X
JZSITLO,X,X,X,X
JZSITOL,X,X,X,X
JZSILTO,X,X,X,X
JZSILOT,X,X,X,X
JZSIOTL,X,X,X,X
JZSIOLT,X,X,X,X
JZSLTIO,X,X,X,X
JZSLTOI,X,X,X,X
JZSLITO,X,X,X,X
JZSLIOT,X,X,X,X
JZSLOTI,X,X,X,X
JZSLOIT,X,X,X,X
JZSOTIL,X,X,X,X
JZSOTLI,X,X,X,X
JZSOITL,X,X,X,X
JZSOILT,X,X,X,X
JZSOLTI,X,X,X,X
JZSOLIT,X,X,X,X
JZOTILS,X,X,X,X
JZOTISL,X,X,X,X
JZOTLIS,X,X,X,X
JZOTLSI,X,X,X,X
JZOTSIL,X,X,X,X
JZOTSLI,X,X,X,X
JZOITLS,X,X,X,X
JZOITSL,X,X,X,X
JZOILTS,X,X,X,X
JZOILST,X,X,X,X
JZOISTL,X,X,X,X
JZOISLT,X,X,X,X
JZOLTIS,X,X,X,X
JZOLTSI,X,X,X,X
JZOLITS,X,X,X,X
JZOLIST,X,X,X,X
JZOLSTI,X,X,X,X
JZOLSIT,X,X,X,X
JZOSTIL,X,X,X,X
JZOSTLI,X,X,X,X
JZOSITL,X,X,X,X
JZOSILT,X,X,X,X
JZOSLTI,X,X,X,X
JZOSLIT,X,X,X,X
JOTILSZ,X,O,X,X
JOTILZS,X,X,X,X
JOTISLZ,X,O,X,X
JOTISZL,X,X,X,X
JOTIZLS,X,X,X,X
JOTIZSL,X,X,X,X
JOTLISZ,X,O,X,X
JOTLIZS,X,X,X,X
JOTLSIZ,X,O,X,X
JOTLSZI,X,O,X,X
JOTLZIS,X,X,X,X
JOTLZSI,X,X,X,X
JOTSILZ,X,O,X,X
JOTSIZL,X,X,X,O
JOTSLIZ,X,O,X,X
JOTSLZI,X,O,X,X
JOTSZIL,X,X,X,O
JOTSZLI,X,X,X,X
JOTZILS,X,X,X,X
JOTZISL,X,X,X,X
JOTZLIS,X,X,X,X
JOTZLSI,X,X,X,X
JOTZSIL,X,X,X,O
JOTZSLI,X,X,X,X
JOITLSZ,X,O,X,X
JOITLZS,X,X,X,X
JOITSLZ,X,O,X,X
JOITSZL,X,X,X,X
JOITZLS,X,X,X,X
JOITZSL,X,X,X,X
JOILTSZ,X,O,X,X
JOILTZS,X,X,X,X
JOILSTZ,X,O,X,X
JOILSZT,X,X,X,X
JOILZTS,X,X,X,X
JOILZST,X,X,X,X
JOISTLZ,X,O,X,X
JOISTZL,X,X,X,X
JOISLTZ,X,O,X,X
JOISLZT,X,X,X,X
JOISZTL,X,X,X,X
JOISZLT,X,X,X,X
JOIZTLS,X,X,X,X
JOIZTSL,X,X,X,X
JOIZLTS,X,X,X,X
JOIZLST,X,X,X,X
JOIZSTL,X,X,X,X
JOIZSLT,X,X,X,X
JOLTISZ,X,O,X,X
JOLTIZS,X,X,X,X
JOLTSIZ,X,O,X,X
JOLTSZI,X,O,X,X
JOLTZIS,X,X,X,X
JOLTZSI,X,X,X,X
JOLITSZ,X,O,X,X
JOLITZS,X,X,X,X
JOLISTZ,X,O,X,X
JOLISZT,X,X,X,X
JOLIZTS,X,X,X,X
JOLIZST,X,X,X,X
JOLSTIZ,X,O,X,X
JOLSTZI,X,O,X,X
JOLSITZ,X,O,X,X
JOLSIZT,X,X,X,X
JOLSZTI,X,X,X,X
JOLSZIT,X,X,X,X
JOLZTIS,X,X,X,X
JOLZTSI,X,X,X,X
JOLZITS,X,X,X,X
JOLZIST,X,X,X,X
JOLZSTI,X,X,X,X
JOLZSIT,X,X,X,X
JOSTILZ,X,O,X,X
JOSTIZL,X,X,X,O
JOSTLIZ,X,O,X,X
JOSTLZI,X,O,X,X
JOSTZIL,X,X,X,O
JOSTZLI,X,X,X,X
JOSITLZ,X,O,X,X
JOSITZL,X,X,X,O
JOSILTZ,X,O,X,X
JOSILZT,X,X,X,X
JOSIZTL,X,X,X,X
JOSIZLT,X,X,X,X
JOSLTIZ,X,O,X,X
JOSLTZI,X,O,X,X
JOSLITZ,X,O,X,X
JOSLIZT,X,X,X,X
JOSLZTI,X,X,X,X
JOSLZIT,X,X,X,X
JOSZTIL,X,X,X,X
JOSZTLI,X,X,X,X
JOSZITL,X,X,X,X
JOSZILT,X,X,X,X
JOSZLTI,X,X,X,X
JOSZLIT,X,X,X,X
JOZTILS,X,X,X,X
JOZTISL,X,X,X,X
JOZTLIS,X,X,X,X
JOZTLSI,X,X,X,X
JOZTSIL,X,X,X,X
JOZTSLI,X,X,X,X
JOZITLS,X,X,X,X
JOZITSL,X,X,X,X
JOZILTS,X,X,X,X
JOZILST,X,X,X,X
JOZISTL,X,X,X,X
JOZISLT,X,X,X,X
JOZLTIS,X,X,X,X
JOZLTSI,X,X,X,X
JOZLITS,X,X,X,X
JOZLIST,X,X,X,X
JOZLSTI,X,X,X,X
JOZLSIT,X,X,X,X
JOZSTIL,X,X,X,X
JOZSTLI,X,X,X,X
JOZSITL,X,X,X,X
JOZSILT,X,X,X,X
JOZSLTI,X,X,X,X
JOZSLIT,X,X,X,X
STILJZO,O,X,O,X
STILJOZ,X,X,X,X
STILZJO,O,X,X,X
STILZOJ,O,X,X,X
STILOJZ,X,X,X,X
STILOZJ,X,X,X,X
STIJLZO,O,X,O,X
STIJLOZ,X,X,X,X
STIJZLO,O,X,O,X
STIJZOL,O,X,X,O
STIJOLZ,X,X,X,X
STIJOZL,X,X,X,O
STIZLJO,O,X,X,X
STIZLOJ,O,X,X,X
STIZJLO,O,X,X,X
STIZJOL,O,X,X,O
STIZOLJ,O,X,X,X
STIZOJL,O,X,X,O
STIOLJZ,X,X,X,X
STIOLZJ,X,X,X,X
STIOJLZ,X,X,X,X
STIOJZL,X,X,X,O
STIOZLJ,X,X,X,X
STIOZJL,X,X,X,O
STLIJZO,O,X,O,X
STLIJOZ,X,X,X,X
STLIZJO,O,X,X,X
STLIZOJ,O,X,X,X
STLIOJZ,X,X,X,X
STLIOZJ,X,X,X,X
STLJIZO,O,X,O,X
STLJIOZ,X,X,X,X
STLJZIO,O,X,O,X
STLJZOI,O,X,O,X
STLJOIZ,X,X,X,X
STLJOZI,X,X,X,X
STLZIJO,O,X,X,X
STLZIOJ,O,X,X,X
STLZJIO,O,X,X,X
STLZJOI,O,X,X,X
STLZOIJ,O,X,X,X
STLZOJI,O,X,X,X
STLOIJZ,X,X,X,X
STLOIZJ,X,X,X,X
STLOJIZ,X,X,X,X
STLOJZI,X,X,X,X
STLOZIJ,X,X,X,X
STLOZJI,X,X,X,X
STJILZO,O,X,O,X
STJILOZ,X,X,X,X
STJIZLO,O,X,O,X
STJIZOL,O,X,X,O
STJIOLZ,X,X,X,X
STJIOZL,X,X,X,O
STJLIZO,O,X,O,X
STJLIOZ,X,X,X,X
STJLZIO,O,X,O,X
STJLZOI,O,X,O,X
STJLOIZ,X,X,X,X
STJLOZI,X,X,X,X
STJZILO,O,X,O,X
STJZIOL,O,X,X,X
STJZLIO,O,X,O,X
STJZLOI,O,X,O,X
STJZOIL,O,X,X,O
STJZOLI,O,X,X,X
STJOILZ,X,X,X,X
STJOIZL,X,X,X,O
STJOLIZ,X,X,X,X
STJOLZI,X,X,X,X
STJOZIL,X,X,X,O
STJOZLI,X,X,X,X
STZILJO,O,X,X,X
STZILOJ,O,X,X,X
STZIJLO,O,X,X,X
STZIJOL,O,X,X,X
STZIOLJ,O,X,X,X
STZIOJL,O,X,X,X
STZLIJO,O,X,X,X
STZLIOJ,O,X,X,X
STZLJIO,O,X,X,X
STZLJOI,O,X,X,X
STZLOIJ,O,X,X,X
STZLOJI,O,X,X,X
STZJILO,O,X,X,X
STZJIOL,O,X,X,X
STZJLIO,O,X,X,X
STZJLOI,O,X,X,X
STZJOIL,O,X,X,O
STZJOLI,O,X,X,X
STZOILJ,O,X,X,X
STZOIJL,O,X,X,X
STZOLIJ,O,X,X,X
STZOLJI,O,X,X,X
STZOJIL,O,X,X,O
STZOJLI,O,X,X,X
STOILJZ,X,X,X,X
STOILZJ,X,X,X,X
STOIJLZ,X,X,X,X
STOIJZL,X,X,X,O
STOIZLJ,X,X,X,X
STOIZJL,X,X,X,O
STOLIJZ,X,X,X,X
STOLIZJ,X,X,X,X
STOLJIZ,X,X,X,X
STOLJZI,X,X,X,X
STOLZIJ,X,X,X,X
STOLZJI,X,X,X,X
STOJILZ,X,X,X,X
STOJIZL,X,X,X,O
STOJLIZ,X,X,X,X
STOJLZI,X,X,X,X
STOJZIL,X,X,X,O
STOJZLI,X,X,X,X
STOZILJ,X,X,X,X
STOZIJL,X,X,X,X
STOZLIJ,X,X,X,X
STOZLJI,X,X,X,X
STOZJIL,X,X,X,O
STOZJLI,X,X,X,X
SITLJZO,O,X,O,X
SITLJOZ,X,X,X,X
SITLZJO,O,X,X,X
SITLZOJ,O,X,X,X
SITLOJZ,X,X,X,X
SITLOZJ,X,X,X,X
SITJLZO,O,X,O,X
SITJLOZ,X,X,X,X
SITJZLO,O,X,O,X
SITJZOL,O,X,X,O
SITJOLZ,X,X,X,X
SITJOZL,X,X,X,O
SITZLJO,O,X,X,X
SITZLOJ,O,X,X,X
SITZJLO,O,X,X,X
SITZJOL,O,X,X,O
SITZOLJ,O,X,X,X
SITZOJL,O,X,X,O
SITOLJZ,X,X,X,X
SITOLZJ,X,X,X,X
SITOJLZ,X,X,X,X
SITOJZL,X,X,X,O
SITOZLJ,X,X,X,X
SITOZJL,X,X,X,O
SILTJZO,O,X,O,X
SILTJOZ,X,X,X,X
SILTZJO,O,X,X,X
SILTZOJ,O,X,X,X
SILTOJZ,X,X,X,X
SILTOZJ,X,X,X,X
SILJTZO,X,X,O,X
SILJTOZ,X,X,X,X
SILJZTO,X,X,X,X
SILJZOT,X,X,X,X
SILJOTZ,X,X,X,X
SILJOZT,X,X,X,X
SILZTJO,O,X,O,X
SILZTOJ,O,X,X,X
SILZJTO,X,X,X,X
SILZJOT,X,X,X,X
SILZOTJ,O,X,X,X
SILZOJT,X,X,X,X
SILOTJZ,X,X,X,X
SILOTZJ,X,X,X,X
SILOJTZ,X,X,X,X
SILOJZT,X,X,X,X
SILOZTJ,X,X,X,X
SILOZJT,X,X,X,X
SIJTLZO,X,X,O,X
SIJTLOZ,X,X,X,X
SIJTZLO,X,X,O,X
SIJTZOL,X,X,X,O
SIJTOLZ,X,X,X,X
SIJTOZL,X,X,X,O
SIJLTZO,X,X,O,X
SIJLTOZ,X,X,X,X
SIJLZTO,X,X,X,X
SIJLZOT,X,X,X,X
SIJLOTZ,X,X,X,X
SIJLOZT,X,X,X,X
SIJZTLO,X,X,X,X
SIJZTOL,X,X,X,X
SIJZLTO,X,X,X,X
SIJZLOT,X,X,X,X
SIJZOTL,X,X,X,X
SIJZOLT,X,X,X,X
SIJOTLZ,X,X,X,X
SIJOTZL,X,X,X,O
SIJOLTZ,X,X,X,X
SIJOLZT,X,X,X,X
SIJOZTL,X,X,X,X
SIJOZLT,X,X,X,X
SIZTLJO,O,X,O,X
SIZTLOJ,O,X,X,X
SIZTJLO,O,X,O,X
SIZTJOL,O,X,X,X
SIZTOLJ,O,X,X,X
SIZTOJL,O,X,X,X
SIZLTJO,O,X,O,X
SIZLTOJ,O,X,X,X
SIZLJTO,X,X,X,X
SIZLJOT,X,X,X,X
SIZLOTJ,O,X,X,X
SIZLOJT,X,X,X,X
SIZJTLO,X,X,X,X
SIZJTOL,X,X,X,X
SIZJLTO,X,X,X,X
SIZJLOT,X,X,X,X
SIZJOTL,X,X,X,X
SIZJOLT,X,X,X,X
SIZOTLJ,O,X,X,X
SIZOTJL,O,X,X,X
SIZOLTJ,O,X,X,X
SIZOLJT,X,X,X,X
SIZOJTL,X,X,X,X
SIZOJLT,X,X,X,X
SIOTLJZ,X,X,X,X
SIOTLZJ,X,X,X,X
SIOTJLZ,X,X,X,X
SIOTJZL,X,X,X,O
SIOTZLJ,X,X,X,X
SIOTZJL,X,X,X,O
SIOLTJZ,X,X,X,X
SIOLTZJ,X,X,X,X
SIOLJTZ,X,X,X,X
SIOLJZT,X,X,X,X
SIOLZTJ,X,X,X,X
SIOLZJT,X,X,X,X
SIOJTLZ,X,X,X,X
SIOJTZL,X,X,X,O
SIOJLTZ,X,X,X,X
SIOJLZT,X,X,X,X
SIOJZTL,X,X,X,X
SIOJZLT,X,X,X,X
SIOZTLJ,X,X,X,X
SIOZTJL,X,X,X,X
SIOZLTJ,X,X,X,X
SIOZLJT,X,X,X,X
SIOZJTL,X,X,X,X
SIOZJLT,X,X,X,X
SLTIJZO,O,X,O,X
SLTIJOZ,X,X,X,X
SLTIZJO,O,X,X,X
SLTIZOJ,O,X,X,X
SLTIOJZ,X,X,X,X
SLTIOZJ,X,X,X,X
SLTJIZO,O,X,O,X
SLTJIOZ,X,X,X,X
SLTJZIO,O,X,O,X
SLTJZOI,O,X,O,X
SLTJOIZ,X,X,X,X
SLTJOZI,X,X,X,X
SLTZIJO,O,X,X,X
SLTZIOJ,O,X,X,X
SLTZJIO,O,X,X,X
SLTZJOI,O,X,X,X
SLTZOIJ,O,X,X,X
SLTZOJI,O,X,X,X
SLTOIJZ,X,X,X,X
SLTOIZJ,X,X,X,X
SLTOJIZ,X,X,X,X
SLTOJZI,X,X,X,X
SLTOZIJ,X,X,X,X
SLTOZJI,X,X,X,X
SLITJZO,O,X,O,X
SLITJOZ,X,X,X,X
SLITZJO,O,X,X,X
SLITZOJ,O,X,X,X
SLITOJZ,X,X,X,X
SLITOZJ,X,X,X,X
SLIJTZO,X,X,O,X
SLIJTOZ,X,X,X,X
SLIJZTO,X,X,X,X
SLIJZOT,X,X,X,X
SLIJOTZ,X,X,X,X
SLIJOZT,X,X,X,X
SLIZTJO,O,X,O,X
SLIZTOJ,O,X,X,X
SLIZJTO,X,X,X,X
SLIZJOT,X,X,X,X
SLIZOTJ,O,X,X,X
SLIZOJT,X,X,X,X
SLIOTJZ,X,X,X,X
SLIOTZJ,X,X,X,X
SLIOJTZ,X,X,X,X
SLIOJZT,X,X,X,X
SLIOZTJ,X,X,X,X
SLIOZJT,X,X,X,X
SLJTIZO,X,X,O,X
SLJTIOZ,X,X,X,X
SLJTZIO,X,X,O,X
SLJTZOI,X,X,O,X
SLJTOIZ,X,X,X,X
SLJTOZI,X,X,X,X
SLJITZO,X,X,O,X
SLJITOZ,X,X,X,X
SLJIZTO,X,X,X,X
SLJIZOT,X,X,X,X
SLJIOTZ,X,X,X,X
SLJIOZT,X,X,X,X
SLJZTIO,X,X,X,X
SLJZTOI,X,X,X,X
SLJZITO,X,X,X,X
SLJZIOT,X,X,X,X
SLJZOTI,X,X,X,X
SLJZOIT,X,X,X,X
SLJOTIZ,X,X,X,X
SLJOTZI,X,X,X,X
SLJOITZ,X,X,X,X
SLJOIZT,X,X,X,X
SLJOZTI,X,X,X,X
SLJOZIT,X,X,X,X
SLZTIJO,O,X,O,X
SLZTIOJ,O,X,X,X
SLZTJIO,O,X,O,X
SLZTJOI,O,X,O,X
SLZTOIJ,O,X,X,X
SLZTOJI,O,X,X,X
SLZITJO,O,X,O,X
SLZITOJ,O,X,X,X
SLZIJTO,X,X,X,X
SLZIJOT,X,X,X,X
SLZIOTJ,O,X,X,X
SLZIOJT,X,X,X,X
SLZJTIO,X,X,X,X
SLZJTOI,X,X,X,X
SLZJITO,X,X,X,X
SLZJIOT,X,X,X,X
SLZJOTI,X,X,X,X
SLZJOIT,X,X,X,X
SLZOTIJ,O,X,X,X
SLZOTJI,O,X,X,X
SLZOITJ,O,X,X,X
SLZOIJT,X,X,X,X
SLZOJTI,X,X,X,X
SLZOJIT,X,X,X,X
SLOTIJZ,X,X,X,X
SLOTIZJ,X,X,X,X
SLOTJIZ,X,X,X,X
SLOTJZI,X,X,X,X
SLOTZIJ,X,X,X,X
SLOTZJI,X,X,X,X
SLOITJZ,X,X,X,X
SLOITZJ,X,X,X,X
SLOIJTZ,X,X,X,X
SLOIJZT,X,X,X,X
SLOIZTJ,X,X,X,X
SLOIZJT,X,X,X,X
SLOJTIZ,X,X,X,X
SLOJTZI,X,X,X,X
SLOJITZ,X,X,X,X
SLOJIZT,X,X,X,X
SLOJZTI,X,X,X,X
SLOJZIT,X,X,X,X
SLOZTIJ,X,X,X,X
SLOZTJI,X,X,X,X
SLOZITJ,X,X,X,X
SLOZIJT,X,X,X,X
SLOZJTI,X,X,X,X
SLOZJIT,X,X,X,X
SJTILZO,X,X,O,X
SJTILOZ,X,X,X,X
SJTIZLO,X,X,O,X
SJTIZOL,X,X,X,O
SJTIOLZ,X,X,X,X
SJTIOZL,X,X,X,O
SJTLIZO,X,X,O,X
SJTLIOZ,X,X,X,X
SJTLZIO,X,X,O,X
SJTLZOI,X,X,O,X
SJTLOIZ,X,X,X,X
SJTLOZI,X,X,X,X
SJTZILO,X,X,O,X
SJTZIOL,X,X,X,X
SJTZLIO,X,X,O,X
SJTZLOI,X,X,O,X
SJTZOIL,X,X,X,O
SJTZOLI,X,X,X,X
SJTOILZ,X,X,X,X
SJTOIZL,X,X,X,O
SJTOLIZ,X,X,X,X
SJTOLZI,X,X,X,X
SJTOZIL,X,X,X,O
SJTOZLI,X,X,X,X
SJITLZO,X,X,O,X
SJITLOZ,X,X,X,X
SJITZLO,X,X,O,X
SJITZOL,X,X,X,O
SJITOLZ,X,X,X,X
SJITOZL,X,X,X,O
SJILTZO,X,X,O,X
SJILTOZ,X,X,X,X
SJILZTO,X,X,X,X
SJILZOT,X,X,X,X
SJILOTZ,X,X,X,X
SJILOZT,X,X,X,X
SJIZTLO,X,X,X,X
SJIZTOL,X,X,X,X
SJIZLTO,X,X,X,X
SJIZLOT,X,X,X,X
SJIZOTL,X,X,X,X
SJIZOLT,X,X,X,X
SJIOTLZ,X,X,X,X
SJIOTZL,X,X,X,O
SJIOLTZ,X,X,X,X
SJIOLZT,X,X,X,X
SJIOZTL,X,X,X,X
SJIOZLT,X,X,X,X
SJLTIZO,X,X,O,X
SJLTIOZ,X,X,X,X
SJLTZIO,X,X,O,X
SJLTZOI,X,X,O,X
SJLTOIZ,X,X,X,X
SJLTOZI,X,X,X,X
SJLITZO,X,X,O,X
SJLITOZ,X,X,X,X
SJLIZTO,X,X,X,X
SJLIZOT,X,X,X,X
SJLIOTZ,X,X,X,X
SJLIOZT,X,X,X,X
SJLZTIO,X,X,X,X
SJLZTOI,X,X,X,X
SJLZITO,X,X,X,X
SJLZIOT,X,X,X,X
SJLZOTI,X,X,X,X
SJLZOIT,X,X,X,X
SJLOTIZ,X,X,X,X
SJLOTZI,X,X,X,X
SJLOITZ,X,X,X,X
SJLOIZT,X,X,X,X
SJLOZTI,X,X,X,X
SJLOZIT,X,X,X,X
SJZTILO,X,X,X,X
SJZTIOL,X,X,X,X
SJZTLIO,X,X,X,X
SJZTLOI,X,X,X,X
SJZTOIL,X,X,X,X
SJZTOLI,X,X,X,X
SJZITLO,X,X,X,X
SJZITOL,X,X,X,X
SJZILTO,X,X,X,X
SJZILOT,X,X,X,X
SJZIOTL,X,X,X,X
SJZIOLT,X,X,X,X
SJZLTIO,X,X,X,X
SJZLTOI,X,X,X,X
SJZLITO,X,X,X,X
SJZLIOT,X,X,X,X
SJZLOTI,X,X,X,X
SJZLOIT,X,X,X,X
SJZOTIL,X,X,X,X
SJZOTLI,X,X,X,X
SJZOITL,X,X,X,X
SJZOILT,X,X,X,X
SJZOLTI,X,X,X,X
SJZOLIT,X,X,X,X
SJOTILZ,X,X,X,X
SJOTIZL,X,X,X,O
SJOTLIZ,X,X,X,X
SJOTLZI,X,X,X,X
SJOTZIL,X,X,X,O
SJOTZLI,X,X,X,X
SJOITLZ,X,X,X,X
SJOITZL,X,X,X,O
SJOILTZ,X,X,X,X
SJOILZT,X,X,X,X
SJOIZTL,X,X,X,X
SJOIZLT,X,X,X,X
SJOLTIZ,X,X,X,X
SJOLTZI,X,X,X,X
SJOLITZ,X,X,X,X
SJOLIZT,X,X,X,X
SJOLZTI,X,X,X,X
SJOLZIT,X,X,X,X
SJOZTIL,X,X,X,X
SJOZTLI,X,X,X,X
SJOZITL,X,X,X,X
SJOZILT,X,X,X,X
SJOZLTI,X,X,X,X
SJOZLIT,X,X,X,X
SZTILJO,O,X,O,X
SZTILOJ,O,X,X,X
SZTIJLO,O,X,O,X
SZTIJOL,O,X,X,X
SZTIOLJ,O,X,X,X
SZTIOJL,O,X,X,X
SZTLIJO,O,X,O,X
SZTLIOJ,O,X,X,X
SZTLJIO,O,X,O,X
SZTLJOI,O,X,O,X
SZTLOIJ,O,X,X,X
SZTLOJI,O,X,X,X
SZTJILO,O,X,O,X
SZTJIOL,O,X,X,X
SZTJLIO,O,X,O,X
SZTJLOI,O,X,O,X
SZTJOIL,O,X,X,X
SZTJOLI,O,X,X,X
SZTOILJ,O,X,X,X
SZTOIJL,O,X,X,X
SZTOLIJ,O,X,X,X
SZTOLJI,O,X,X,X
SZTOJIL,O,X,X,X
SZTOJLI,O,X,X,X
SZITLJO,O,X,O,X
SZITLOJ,O,X,X,X
SZITJLO,O,X,O,X
SZITJOL,O,X,X,X
SZITOLJ,O,X,X,X
SZITOJL,O,X,X,X
SZILTJO,O,X,O,X
SZILTOJ,O,X,X,X
SZILJTO,X,X,X,X
SZILJOT,X,X,X,X
SZILOTJ,O,X,X,X
SZILOJT,X,X,X,X
SZIJTLO,X,X,X,X
SZIJTOL,X,X,X,X
SZIJLTO,X,X,X,X
SZIJLOT,X,X,X,X
SZIJOTL,X,X,X,X
SZIJOLT,X,X,X,X
SZIOTLJ,O,X,X,X
SZIOTJL,O,X,X,X
SZIOLTJ,O,X,X,X
SZIOLJT,X,X,X,X
SZIOJTL,X,X,X,X
SZIOJLT,X,X,X,X
SZLTIJO,O,X,O,X
SZLTIOJ,O,X,X,X
SZLTJIO,O,X,O,X
SZLTJOI,O,X,O,X
SZLTOIJ,O,X,X,X
SZLTOJI,O,X,X,X
SZLITJO,O,X,O,X
SZLITOJ,O,X,X,X
SZLIJTO,X,X,X,X
SZLIJOT,X,X,X,X
SZLIOTJ,O,X,X,X
SZLIOJT,X,X,X,X
SZLJTIO,X,X,X,X
SZLJTOI,X,X,X,X
SZLJITO,X,X,X,X
SZLJIOT,X,X,X,X
SZLJOTI,X,X,X,X
SZLJOIT,X,X,X,X
SZLOTIJ,O,X,X,X
SZLOTJI,O,X,X,X
SZLOITJ,O,X,X,X
SZLOIJT,X,X,X,X
SZLOJTI,X,X,X,X
SZLOJIT,X,X,X,X
SZJTILO,X,X,X,X
SZJTIOL,X,X,X,X
SZJTLIO,X,X,X,X
SZJTLOI,X,X,X,X
SZJTOIL,X,X,X,X
SZJTOLI,X,X,X,X
SZJITLO,X,X,X,X
SZJITOL,X,X,X,X
SZJILTO,X,X,X,X
SZJILOT,X,X,X,X
SZJIOTL,X,X,X,X
SZJIOLT,X,X,X,X
SZJLTIO,X,X,X,X
SZJLTOI,X,X,X,X
SZJLITO,X,X,X,X
SZJLIOT,X,X,X,X
SZJLOTI,X,X,X,X
SZJLOIT,X,X,X,X
SZJOTIL,X,X,X,X
SZJOTLI,X,X,X,X
SZJOITL,X,X,X,X
SZJOILT,X,X,X,X
SZJOLTI,X,X,X,X
SZJOLIT,X,X,X,X
SZOTILJ,O,X,X,X
SZOTIJL,O,X,X,X
SZOTLIJ,O,X,X,X
SZOTLJI,O,X,X,X
SZOTJIL,O,X,X,X
SZOTJLI,O,X,X,X
SZOITLJ,O,X,X,X
SZOITJL,O,X,X,X
SZOILTJ,O,X,X,X
SZOILJT,X,X,X,X
SZOIJTL,X,X,X,X
SZOIJLT,X,X,X,X
SZOLTIJ,O,X,X,X
SZOLTJI,O,X,X,X
SZOLITJ,O,X,X,X
SZOLIJT,X,X,X,X
SZOLJTI,X,X,X,X
SZOLJIT,X,X,X,X
SZOJTIL,X,X,X,X
SZOJTLI,X,X,X,X
SZOJITL,X,X,X,X
SZOJILT,X,X,X,X
SZOJLTI,X,X,X,X
SZOJLIT,X,X,X,X
SOTILJZ,X,X,X,X
SOTILZJ,X,X,X,X
SOTIJLZ,X,X,X,X
SOTIJZL,X,X,X,O
SOTIZLJ,X,X,X,X
SOTIZJL,X,X,X,O
SOTLIJZ,X,X,X,X
SOTLIZJ,X,X,X,X
SOTLJIZ,X,X,X,X
SOTLJZI,X,X,X,X
SOTLZIJ,X,X,X,X
SOTLZJI,X,X,X,X
SOTJILZ,X,X,X,X
SOTJIZL,X,X,X,O
SOTJLIZ,X,X,X,X
SOTJLZI,X,X,X,X
SOTJZIL,X,X,X,O
SOTJZLI,X,X,X,X
SOTZILJ,X,X,X,X
SOTZIJL,X,X,X,X
SOTZLIJ,X,X,X,X
SOTZLJI,X,X,X,X
SOTZJIL,X,X,X,O
SOTZJLI,X,X,X,X
SOITLJZ,X,X,X,X
SOITLZJ,X,X,X,X
SOITJLZ,X,X,X,X
SOITJZL,X,X,X,O
SOITZLJ,X,X,X,X
SOITZJL,X,X,X,O
SOILTJZ,X,X,X,X
SOILTZJ,X,X,X,X
SOILJTZ,X,X,X,X
SOILJZT,X,X,X,X
SOILZTJ,X,X,X,X
SOILZJT,X,X,X,X
SOIJTLZ,X,X,X,X
SOIJTZL,X,X,X,O
SOIJLTZ,X,X,X,X
SOIJLZT,X,X,X,X
SOIJZTL,X,X,X,X
SOIJZLT,X,X,X,X
SOIZTLJ,X,X,X,X
SOIZTJL,X,X,X,X
SOIZLTJ,X,X,X,X
SOIZLJT,X,X,X,X
SOIZJTL,X,X,X,X
SOIZJLT,X,X,X,X
SOLTIJZ,X,X,X,X
SOLTIZJ,X,X,X,X
SOLTJIZ,X,X,X,X
SOLTJZI,X,X,X,X
SOLTZIJ,X,X,X,X
SOLTZJI,X,X,X,X
SOLITJZ,X,X,X,X
SOLITZJ,X,X,X,X
SOLIJTZ,X,X,X,X
SOLIJZT,X,X,X,X
SOLIZTJ,X,X,X,X
SOLIZJT,X,X,X,X
SOLJTIZ,X,X,X,X
SOLJTZI,X,X,X,X
SOLJITZ,X,X,X,X
SOLJIZT,X,X,X,X
SOLJZTI,X,X,X,X
SOLJZIT,X,X,X,X
SOLZTIJ,X,X,X,X
SOLZTJI,X,X,X,X
SOLZITJ,X,X,X,X
SOLZIJT,X,X,X,X
SOLZJTI,X,X,X,X
SOLZJIT,X,X,X,X
SOJTILZ,X,X,X,X
SOJTIZL,X,X,X,O
SOJTLIZ,X,X,X,X
SOJTLZI,X,X,X,X
SOJTZIL,X,X,X,O
SOJTZLI,X,X,X,X
SOJITLZ,X,X,X,X
SOJITZL,X,X,X,O
SOJILTZ,X,X,X,X
SOJILZT,X,X,X,X
SOJIZTL,X,X,X,X
SOJIZLT,X,X,X,X
SOJLTIZ,X,X,X,X
SOJLTZI,X,X,X,X
SOJLITZ,X,X,X,X
SOJLIZT,X,X,X,X
SOJLZTI,X,X,X,X
SOJLZIT,X,X,X,X
SOJZTIL,X,X,X,X
SOJZTLI,X,X,X,X
SOJZITL,X,X,X,X
SOJZILT,X,X,X,X
SOJZLTI,X,X,X,X
SOJZLIT,X,X,X,X
SOZTILJ,X,X,X,X
SOZTIJL,X,X,X,X
SOZTLIJ,X,X,X,X
SOZTLJI,X,X,X,X
SOZTJIL,X,X,X,X
SOZTJLI,X,X,X,X
SOZITLJ,X,X,X,X
SOZITJL,X,X,X,X
SOZILTJ,X,X,X,X
SOZILJT,X,X,X,X
SOZIJTL,X,X,X,X
SOZIJLT,X,X,X,X
SOZLTIJ,X,X,X,X
SOZLTJI,X,X,X,X
SOZLITJ,X,X,X,X
SOZLIJT,X,X,X,X
SOZLJTI,X,X,X,X
SOZLJIT,X,X,X,X
SOZJTIL,X,X,X,X
SOZJTLI,X,X,X,X
SOZJITL,X,X,X,X
SOZJILT,X,X,X,X
SOZJLTI,X,X,X,X
SOZJLIT,X,X,X,X
ZTILJSO,X,X,X,X
ZTILJOS,X,X,X,X
ZTILSJO,X,X,X,X
ZTILSOJ,X,X,X,X
ZTILOJS,X,X,X,X
ZTILOSJ,X,X,X,X
ZTIJLSO,X,X,X,X
ZTIJLOS,X,X,X,X
ZTIJSLO,X,X,X,X
ZTIJSOL,X,X,X,X
ZTIJOLS,X,X,X,X
ZTIJOSL,X,X,X,X
ZTISLJO,X,X,X,X
ZTISLOJ,X,X,X,X
ZTISJLO,X,X,X,X
ZTISJOL,X,X,X,X
ZTISOLJ,X,X,X,X
ZTISOJL,X,X,X,X
ZTIOLJS,X,X,X,X
ZTIOLSJ,X,X,X,X
ZTIOJLS,X,X,X,X
ZTIOJSL,X,X,X,X
ZTIOSLJ,X,X,X,X
ZTIOSJL,X,X,X,X
ZTLIJSO,X,X,X,X
ZTLIJOS,X,X,X,X
ZTLISJO,X,X,X,X
ZTLISOJ,X,X,X,X
ZTLIOJS,X,X,X,X
ZTLIOSJ,X,X,X,X
ZTLJISO,X,X,X,X
ZTLJIOS,X,X,X,X
ZTLJSIO,O,X,O,X
ZTLJSOI,O,X,O,X
ZTLJOIS,X,X,X,X
ZTLJOSI,O,X,X,X
ZTLSIJO,O,X,O,X
ZTLSIOJ,O,X,X,X
ZTLSJIO,O,X,O,X
ZTLSJOI,O,X,O,X
ZTLSOIJ,O,X,X,X
ZTLSOJI,O,X,X,X
ZTLOIJS,X,X,X,X
ZTLOISJ,X,X,X,X
ZTLOJIS,X,X,X,X
ZTLOJSI,O,X,X,X
ZTLOSIJ,O,X,X,X
ZTLOSJI,O,X,X,X
ZTJILSO,X,X,X,X
ZTJILOS,X,X,X,X
ZTJISLO,X,X,X,X
ZTJISOL,X,X,X,X
ZTJIOLS,X,X,X,X
ZTJIOSL,X,X,X,X
ZTJLISO,X,X,X,X
ZTJLIOS,X,X,X,X
ZTJLSIO,O,X,O,X
ZTJLSOI,O,X,O,X
ZTJLOIS,X,X,X,X
ZTJLOSI,O,X,X,X
ZTJSILO,O,X,O,X
ZTJSIOL,O,X,X,X
ZTJSLIO,O,X,O,X
ZTJSLOI,O,X,O,X
ZTJSOIL,O,X,X,X
ZTJSOLI,O,X,X,X
ZTJOILS,X,X,X,X
ZTJOISL,X,X,X,X
ZTJOLIS,X,X,X,X
ZTJOLSI,O,X,X,X
ZTJOSIL,O,X,X,X
ZTJOSLI,O,X,X,X
ZTSILJO,O,X,O,X
ZTSILOJ,O,X,X,X
ZTSIJLO,O,X,O,X
ZTSIJOL,O,X,X,X
ZTSIOLJ,O,X,X,X
ZTSIOJL,O,X,X,X
ZTSLIJO,O,X,O,X
ZTSLIOJ,O,X,X,X
ZTSLJIO,O,X,O,X
ZTSLJOI,O,X,O,X
ZTSLOIJ,O,X,X,X
ZTSLOJI,O,X,X,X
ZTSJILO,O,X,O,X
ZTSJIOL,O,X,X,X
ZTSJLIO,O,X,O,X
ZTSJLOI,O,X,O,X
ZTSJOIL,O,X,X,X
ZTSJOLI,O,X,X,X
ZTSOILJ,O,X,X,X
ZTSOIJL,O,X,X,X
ZTSOLIJ,O,X,X,X
ZTSOLJI,O,X,X,X
ZTSOJIL,O,X,X,X
ZTSOJLI,O,X,X,X
ZTOILJS,X,X,X,X
ZTOILSJ,X,X,X,X
ZTOIJLS,X,X,X,X
ZTOIJSL,X,X,X,X
ZTOISLJ,X,X,X,X
ZTOISJL,X,X,X,X
ZTOLIJS,X,X,X,X
ZTOLISJ,X,X,X,X
ZTOLJIS,X,X,X,X
ZTOLJSI,O,X,X,X
ZTOLSIJ,O,X,X,X
ZTOLSJI,O,X,X,X
ZTOJILS,X,X,X,X
ZTOJISL,X,X,X,X
ZTOJLIS,X,X,X,X
ZTOJLSI,O,X,X,X
ZTOJSIL,O,X,X,X
ZTOJSLI,O,X,X,X
ZTOSILJ,O,X,X,X
ZTOSIJL,O,X,X,X
ZTOSLIJ,O,X,X,X
ZTOSLJI,O,X,X,X
ZTOSJIL,O,X,X,X
ZTOSJLI,O,X,X,X
ZITLJSO,X,X,X,X
ZITLJOS,X,X,X,X
ZITLSJO,X,X,X,X
ZITLSOJ,X,X,X,X
ZITLOJS,X,X,X,X
ZITLOSJ,X,X,X,X
ZITJLSO,X,X,X,X
ZITJLOS,X,X,X,X
ZITJSLO,X,X,X,X
ZITJSOL,X,X,X,X
ZITJOLS,X,X,X,X
ZITJOSL,X,X,X,X
ZITSLJO,X,X,X,X
ZITSLOJ,X,X,X,X
ZITSJLO,X,X,X,X
ZITSJOL,X,X,X,X
ZITSOLJ,X,X,X,X
ZITSOJL,X,X,X,X
ZITOLJS,X,X,X,X
ZITOLSJ,X,X,X,X
ZITOJLS,X,X,X,X
ZITOJSL,X,X,X,X
ZITOSLJ,X,X,X,X
ZITOSJL,X,X,X,X
ZILTJSO,X,X,X,X
ZILTJOS,X,X,X,X
ZILTSJO,X,X,X,X
ZILTSOJ,X,X,X,X
ZILTOJS,X,X,X,X
ZILTOSJ,X,X,X,X
ZILJTSO,X,X,X,X
ZILJTOS,X,X,X,X
ZILJSTO,X,X,X,X
ZILJSOT,X,X,X,X
ZILJOTS,X,X,X,X
ZILJOST,X,X,X,X
ZILSTJO,O,X,X,X
ZILSTOJ,O,X,X,X
ZILSJTO,X,X,X,X
ZILSJOT,X,X,X,X
ZILSOTJ,O,X,X,X
ZILSOJT,X,X,X,X
ZILOTJS,X,X,X,X
ZILOTSJ,X,X,X,X
ZILOJTS,X,X,X,X
ZILOJST,X,X,X,X
ZILOSTJ,O,X,X,X
ZILOSJT,X,X,X,X
ZIJTLSO,X,X,X,X
ZIJTLOS,X,X,X,X
ZIJTSLO,X,X,X,X
ZIJTSOL,X,X,X,X
ZIJTOLS,X,X,X,X
ZIJTOSL,X,X,X,X
ZIJLTSO,X,X,X,X
ZIJLTOS,X,X,X,X
ZIJLSTO,X,X,X,X
ZIJLSOT,X,X,X,X
ZIJLOTS,X,X,X,X
ZIJLOST,X,X,X,X
ZIJSTLO,X,X,X,X
ZIJSTOL,X,X,X,X
ZIJSLTO,X,X,X,X
ZIJSLOT,X,X,X,X
ZIJSOTL,X,X,X,X
ZIJSOLT,X,X,X,X
ZIJOTLS,X,X,X,X
ZIJOTSL,X,X,X,X
ZIJOLTS,X,X,X,X
ZIJOLST,X,X,X,X
ZIJOSTL,X,X,X,X
ZIJOSLT,X,X,X,X
ZISTLJO,O,X,X,X
ZISTLOJ,O,X,X,X
ZISTJLO,O,X,X,X
ZISTJOL,O,X,X,X
ZISTOLJ,O,X,X,X
ZISTOJL,O,X,X,X
ZISLTJO,O,X,X,X
ZISLTOJ,O,X,X,X
ZISLJTO,X,X,X,X
ZISLJOT,X,X,X,X
ZISLOTJ,O,X,X,X
ZISLOJT,X,X,X,X
ZISJTLO,X,X,X,X
ZISJTOL,X,X,X,X
ZISJLTO,X,X,X,X
ZISJLOT,X,X,X,X
ZISJOTL,X,X,X,X
ZISJOLT,X,X,X,X
ZISOTLJ,O,X,X,X
ZISOTJL,O,X,X,X
ZISOLTJ,O,X,X,X
ZISOLJT,X,X,X,X
ZISOJTL,X,X,X,X
ZISOJLT,X,X,X,X
ZIOTLJS,X,X,X,X
ZIOTLSJ,X,X,X,X
ZIOTJLS,X,X,X,X
ZIOTJSL,X,X,X,X
ZIOTSLJ,X,X,X,X
ZIOTSJL,X,X,X,X
ZIOLTJS,X,X,X,X
ZIOLTSJ,X,X,X,X
ZIOLJTS,X,X,X,X
ZIOLJST,X,X,X,X
ZIOLSTJ,O,X,X,X
ZIOLSJT,X,X,X,X
ZIOJTLS,X,X,X,X
ZIOJTSL,X,X,X,X
ZIOJLTS,X,X,X,X
ZIOJLST,X,X,X,X
ZIOJSTL,X,X,X,X
ZIOJSLT,X,X,X,X
ZIOSTLJ,O,X,X,X
ZIOSTJL,O,X,X,X
ZIOSLTJ,O,X,X,X
ZIOSLJT,X,X,X,X
ZIOSJTL,X,X,X,X
ZIOSJLT,X,X,X,X
ZLTIJSO,X,X,X,X
ZLTIJOS,X,X,X,X
ZLTISJO,X,X,X,X
ZLTISOJ,X,X,X,X
ZLTIOJS,X,X,X,X
ZLTIOSJ,X,X,X,X
ZLTJISO,X,X,X,X
ZLTJIOS,X,X,X,X
ZLTJSIO,O,X,O,X
ZLTJSOI,O,X,O,X
ZLTJOIS,X,X,X,X
ZLTJOSI,O,X,X,X
ZLTSIJO,O,X,O,X
ZLTSIOJ,O,X,X,X
ZLTSJIO,O,X,O,X
ZLTSJOI,O,X,O,X
ZLTSOIJ,O,X,X,X
ZLTSOJI,O,X,X,X
ZLTOIJS,X,X,X,X
ZLTOISJ,X,X,X,X
ZLTOJIS,X,X,X,X
ZLTOJSI,O,X,X,X
ZLTOSIJ,O,X,X,X
ZLTOSJI,O,X,X,X
ZLITJSO,X,X,X,X
ZLITJOS,X,X,X,X
ZLITSJO,X,X,X,X
ZLITSOJ,X,X,X,X
ZLITOJS,X,X,X,X
ZLITOSJ,X,X,X,X
ZLIJTSO,X,X,X,X
ZLIJTOS,X,X,X,X
ZLIJSTO,X,X,X,X
ZLIJSOT,X,X,X,X
ZLIJOTS,X,X,X,X
ZLIJOST,X,X,X,X
ZLISTJO,O,X,X,X
ZLISTOJ,O,X,X,X
ZLISJTO,X,X,X,X
ZLISJOT,X,X,X,X
ZLISOTJ,O,X,X,X
ZLISOJT,X,X,X,X
ZLIOTJS,X,X,X,X
ZLIOTSJ,X,X,X,X
ZLIOJTS,X,X,X,X
ZLIOJST,X,X,X,X
ZLIOSTJ,O,X,X,X
ZLIOSJT,X,X,X,X
ZLJTISO,X,X,X,X
ZLJTIOS,X,X,X,X
ZLJTSIO,O,X,X,X
ZLJTSOI,O,X,X,X
ZLJTOIS,X,X,X,X
ZLJTOSI,O,X,X,X
ZLJITSO,X,X,X,X
ZLJITOS,X,X,X,X
ZLJISTO,X,X,X,X
ZLJISOT,X,X,X,X
ZLJIOTS,X,X,X,X
ZLJIOST,X,X,X,X
ZLJSTIO,X,X,X,X
ZLJSTOI,X,X,X,X
ZLJSITO,X,X,X,X
ZLJSIOT,X,X,X,X
ZLJSOTI,X,X,X,X
ZLJSOIT,X,X,X,X
ZLJOTIS,X,X,X,X
ZLJOTSI,O,X,X,X
ZLJOITS,X,X,X,X
ZLJOIST,X,X,X,X
ZLJOSTI,X,X,X,X
ZLJOSIT,X,X,X,X
ZLSTIJO,O,X,O,X
ZLSTIOJ,O,X,X,X
ZLSTJIO,O,X,O,X
ZLSTJOI,O,X,O,X
ZLSTOIJ,O,X,X,X
ZLSTOJI,O,X,X,X
ZLSITJO,O,X,O,X
ZLSITOJ,O,X,X,X
ZLSIJTO,X,X,X,X
ZLSIJOT,X,X,X,X
ZLSIOTJ,O,X,X,X
ZLSIOJT,X,X,X,X
ZLSJTIO,X,X,X,X
ZLSJTOI,X,X,X,X
ZLSJITO,X,X,X,X
ZLSJIOT,X,X,X,X
ZLSJOTI,X,X,X,X
ZLSJOIT,X,X,X,X
ZLSOTIJ,O,X,X,X
ZLSOTJI,O,X,X,X
ZLSOITJ,O,X,X,X
ZLSOIJT,X,X,X,X
ZLSOJTI,X,X,X,X
ZLSOJIT,X,X,X,X
ZLOTIJS,X,X,X,X
ZLOTISJ,X,X,X,X
ZLOTJIS,X,X,X,X
ZLOTJSI,O,X,X,X
ZLOTSIJ,O,X,X,X
ZLOTSJI,O,X,X,X
ZLOITJS,X,X,X,X
ZLOITSJ,X,X,X,X
ZLOIJTS,X,X,X,X
ZLOIJST,X,X,X,X
ZLOISTJ,O,X,X,X
ZLOISJT,X,X,X,X
ZLOJTIS,X,X,X,X
ZLOJTSI,O,X,X,X
ZLOJITS,X,X,X,X
ZLOJIST,X,X,X,X
ZLOJSTI,X,X,X,X
ZLOJSIT,X,X,X,X
ZLOSTIJ,O,X,X,X
ZLOSTJI,O,X,X,X
ZLOSITJ,O,X,X,X
ZLOSIJT,X,X,X,X
ZLOSJTI,X,X,X,X
ZLOSJIT,X,X,X,X
ZJTILSO,X,X,X,X
ZJTILOS,X,X,X,X
ZJTISLO,X,X,X,X
ZJTISOL,X,X,X,X
ZJTIOLS,X,X,X,X
ZJTIOSL,X,X,X,X
ZJTLISO,X,X,X,X
ZJTLIOS,X,X,X,X
ZJTLSIO,O,X,X,X
ZJTLSOI,O,X,X,X
ZJTLOIS,X,X,X,X
ZJTLOSI,O,X,X,X
ZJTSILO,O,X,X,X
ZJTSIOL,O,X,X,X
ZJTSLIO,O,X,X,X
ZJTSLOI,O,X,X,X
ZJTSOIL,O,X,X,X
ZJTSOLI,O,X,X,X
ZJTOILS,X,X,X,X
ZJTOISL,X,X,X,X
ZJTOLIS,X,X,X,X
ZJTOLSI,O,X,X,X
ZJTOSIL,O,X,X,X
ZJTOSLI,O,X,X,X
ZJITLSO,X,X,X,X
ZJITLOS,X,X,X,X
ZJITSLO,X,X,X,X
ZJITSOL,X,X,X,X
ZJITOLS,X,X,X,X
ZJITOSL,X,X,X,X
ZJILTSO,X,X,X,X
ZJILTOS,X,X,X,X
ZJILSTO,X,X,X,X
ZJILSOT,X,X,X,X
ZJILOTS,X,X,X,X
ZJILOST,X,X,X,X
ZJISTLO,X,X,X,X
ZJISTOL,X,X,X,X
ZJISLTO,X,X,X,X
ZJISLOT,X,X,X,X
ZJISOTL,X,X,X,X
ZJISOLT,X,X,X,X
ZJIOTLS,X,X,X,X
ZJIOTSL,X,X,X,X
ZJIOLTS,X,X,X,X
ZJIOLST,X,X,X,X
ZJIOSTL,X,X,X,X
ZJIOSLT,X,X,X,X
ZJLTISO,X,X,X,X
ZJLTIOS,X,X,X,X
ZJLTSIO,O,X,X,X
ZJLTSOI,O,X,X,X
ZJLTOIS,X,X,X,X
ZJLTOSI,O,X,X,X
ZJLITSO,X,X,X,X
ZJLITOS,X,X,X,X
ZJLISTO,X,X,X,X
ZJLISOT,X,X,X,X
ZJLIOTS,X,X,X,X
ZJLIOST,X,X,X,X
ZJLSTIO,X,X,X,X
ZJLSTOI,X,X,X,X
ZJLSITO,X,X,X,X
ZJLSIOT,X,X,X,X
ZJLSOTI,X,X,X,X
ZJLSOIT,X,X,X,X
ZJLOTIS,X,X,X,X
ZJLOTSI,O,X,X,X
ZJLOITS,X,X,X,X
ZJLOIST,X,X,X,X
ZJLOSTI,X,X,X,X
ZJLOSIT,X,X,X,X
ZJSTILO,X,X,X,X
ZJSTIOL,X,X,X,X
ZJSTLIO,X,X,X,X
ZJSTLOI,X,X,X,X
ZJSTOIL,X,X,X,X
ZJSTOLI,X,X,X,X
ZJSITLO,X,X,X,X
ZJSITOL,X,X,X,X
ZJSILTO,X,X,X,X
ZJSILOT,X,X,X,X
ZJSIOTL,X,X,X,X
ZJSIOLT,X,X,X,X
ZJSLTIO,X,X,X,X
ZJSLTOI,X,X,X,X
ZJSLITO,X,X,X,X
ZJSLIOT,X,X,X,X
ZJSLOTI,X,X,X,X
ZJSLOIT,X,X,X,X
ZJSOTIL,X,X,X,X
ZJSOTLI,X,X,X,X
ZJSOITL,X,X,X,X
ZJSOILT,X,X,X,X
ZJSOLTI,X,X,X,X
ZJSOLIT,X,X,X,X
ZJOTILS,X,X,X,X
ZJOTISL,X,X,X,X
ZJOTLIS,X,X,X,X
ZJOTLSI,O,X,X,X
ZJOTSIL,O,X,X,X
ZJOTSLI,O,X,X,X
ZJOITLS,X,X,X,X
ZJOITSL,X,X,X,X
ZJOILTS,X,X,X,X
ZJOILST,X,X,X,X
ZJOISTL,X,X,X,X
ZJOISLT,X,X,X,X
ZJOLTIS,X,X,X,X
ZJOLTSI,O,X,X,X
ZJOLITS,X,X,X,X
ZJOLIST,X,X,X,X
ZJOLSTI,X,X,X,X
ZJOLSIT,X,X,X,X
ZJOSTIL,X,X,X,X
ZJOSTLI,X,X,X,X
ZJOSITL,X,X,X,X
ZJOSILT,X,X,X,X
ZJOSLTI,X,X,X,X
ZJOSLIT,X,X,X,X
ZSTILJO,O,X,O,X
ZSTILOJ,O,X,X,X
ZSTIJLO,O,X,O,X
ZSTIJOL,O,X,X,X
ZSTIOLJ,O,X,X,X
ZSTIOJL,O,X,X,X
ZSTLIJO,O,X,O,X
ZSTLIOJ,O,X,X,X
ZSTLJIO,O,X,O,X
ZSTLJOI,O,X,O,X
ZSTLOIJ,O,X,X,X
ZSTLOJI,O,X,X,X
ZSTJILO,O,X,O,X
ZSTJIOL,O,X,X,X
ZSTJLIO,O,X,O,X
ZSTJLOI,O,X,O,X
ZSTJOIL,O,X,X,X
ZSTJOLI,O,X,X,X
ZSTOILJ,O,X,X,X
ZSTOIJL,O,X,X,X
ZSTOLIJ,O,X,X,X
ZSTOLJI,O,X,X,X
ZSTOJIL,O,X,X,X
ZSTOJLI,O,X,X,X
ZSITLJO,O,X,O,X
ZSITLOJ,O,X,X,X
ZSITJLO,O,X,O,X
ZSITJOL,O,X,X,X
ZSITOLJ,O,X,X,X
ZSITOJL,O,X,X,X
ZSILTJO,O,X,O,X
ZSILTOJ,O,X,X,X
ZSILJTO,X,X,X,X
ZSILJOT,X,X,X,X
ZSILOTJ,O,X,X,X
ZSILOJT,X,X,X,X
ZSIJTLO,X,X,X,X
ZSIJTOL,X,X,X,X
ZSIJLTO,X,X,X,X
ZSIJLOT,X,X,X,X
ZSIJOTL,X,X,X,X
ZSIJOLT,X,X,X,X
ZSIOTLJ,O,X,X,X
ZSIOTJL,O,X,X,X
ZSIOLTJ,O,X,X,X
ZSIOLJT,X,X,X,X
ZSIOJTL,X,X,X,X
ZSIOJLT,X,X,X,X
ZSLTIJO,O,X,O,X
ZSLTIOJ,O,X,X,X
ZSLTJIO,O,X,O,X
ZSLTJOI,O,X,O,X
ZSLTOIJ,O,X,X,X
ZSLTOJI,O,X,X,X
ZSLITJO,O,X,O,X
ZSLITOJ,O,X,X,X
ZSLIJTO,X,X,X,X
ZSLIJOT,X,X,X,X
ZSLIOTJ,O,X,X,X
ZSLIOJT,X,X,X,X
ZSLJTIO,X,X,X,X
ZSLJTOI,X,X,X,X
ZSLJITO,X,X,X,X
ZSLJIOT,X,X,X,X
ZSLJOTI,X,X,X,X
ZSLJOIT,X,X,X,X
ZSLOTIJ,O,X,X,X
ZSLOTJI,O,X,X,X
ZSLOITJ,O,X,X,X
ZSLOIJT,X,X,X,X
ZSLOJTI,X,X,X,X
ZSLOJIT,X,X,X,X
ZSJTILO,X,X,X,X
ZSJTIOL,X,X,X,X
ZSJTLIO,X,X,X,X
ZSJTLOI,X,X,X,X
ZSJTOIL,X,X,X,X
ZSJTOLI,X,X,X,X
ZSJITLO,X,X,X,X
ZSJITOL,X,X,X,X
ZSJILTO,X,X,X,X
ZSJILOT,X,X,X,X
ZSJIOTL,X,X,X,X
ZSJIOLT,X,X,X,X
ZSJLTIO,X,X,X,X
ZSJLTOI,X,X,X,X
ZSJLITO,X,X,X,X
ZSJLIOT,X,X,X,X
ZSJLOTI,X,X,X,X
ZSJLOIT,X,X,X,X
ZSJOTIL,X,X,X,X
ZSJOTLI,X,X,X,X
ZSJOITL,X,X,X,X
ZSJOILT,X,X,X,X
ZSJOLTI,X,X,X,X
ZSJOLIT,X,X,X,X
ZSOTILJ,O,X,X,X
ZSOTIJL,O,X,X,X
ZSOTLIJ,O,X,X,X
ZSOTLJI,O,X,X,X
ZSOTJIL,O,X,X,X
ZSOTJLI,O,X,X,X
ZSOITLJ,O,X,X,X
ZSOITJL,O,X,X,X
ZSOILTJ,O,X,X,X
ZSOILJT,X,X,X,X
ZSOIJTL,X,X,X,X
ZSOIJLT,X,X,X,X
ZSOLTIJ,O,X,X,X
ZSOLTJI,O,X,X,X
ZSOLITJ,O,X,X,X
ZSOLIJT,X,X,X,X
ZSOLJTI,X,X,X,X
ZSOLJIT,X,X,X,X
ZSOJTIL,X,X,X,X
ZSOJTLI,X,X,X,X
ZSOJITL,X,X,X,X
ZSOJILT,X,X,X,X
ZSOJLTI,X,X,X,X
ZSOJLIT,X,X,X,X
ZOTILJS,X,X,X,X
ZOTILSJ,X,X,X,X
ZOTIJLS,X,X,X,X
ZOTIJSL,X,X,X,X
ZOTISLJ,X,X,X,X
ZOTISJL,X,X,X,X
ZOTLIJS,X,X,X,X
ZOTLISJ,X,X,X,X
ZOTLJIS,X,X,X,X
ZOTLJSI,O,X,X,X
ZOTLSIJ,O,X,X,X
ZOTLSJI,O,X,X,X
ZOTJILS,X,X,X,X
ZOTJISL,X,X,X,X
ZOTJLIS,X,X,X,X
ZOTJLSI,O,X,X,X
ZOTJSIL,O,X,X,X
ZOTJSLI,O,X,X,X
ZOTSILJ,O,X,X,X
ZOTSIJL,O,X,X,X
ZOTSLIJ,O,X,X,X
ZOTSLJI,O,X,X,X
ZOTSJIL,O,X,X,X
ZOTSJLI,O,X,X,X
ZOITLJS,X,X,X,X
ZOITLSJ,X,X,X,X
ZOITJLS,X,X,X,X
ZOITJSL,X,X,X,X
ZOITSLJ,X,X,X,X
ZOITSJL,X,X,X,X
ZOILTJS,X,X,X,X
ZOILTSJ,X,X,X,X
ZOILJTS,X,X,X,X
ZOILJST,X,X,X,X
ZOILSTJ,O,X,X,X
ZOILSJT,X,X,X,X
ZOIJTLS,X,X,X,X
ZOIJTSL,X,X,X,X
ZOIJLTS,X,X,X,X
ZOIJLST,X,X,X,X
ZOIJSTL,X,X,X,X
ZOIJSLT,X,X,X,X
ZOISTLJ,O,X,X,X
ZOISTJL,O,X,X,X
ZOISLTJ,O,X,X,X
ZOISLJT,X,X,X,X
ZOISJTL,X,X,X,X
ZOISJLT,X,X,X,X
ZOLTIJS,X,X,X,X
ZOLTISJ,X,X,X,X
ZOLTJIS,X,X,X,X
ZOLTJSI,O,X,X,X
ZOLTSIJ,O,X,X,X
ZOLTSJI,O,X,X,X
ZOLITJS,X,X,X,X
ZOLITSJ,X,X,X,X
ZOLIJTS,X,X,X,X
ZOLIJST,X,X,X,X
ZOLISTJ,O,X,X,X
ZOLISJT,X,X,X,X
ZOLJTIS,X,X,X,X
ZOLJTSI,O,X,X,X
ZOLJITS,X,X,X,X
ZOLJIST,X,X,X,X
ZOLJSTI,X,X,X,X
ZOLJSIT,X,X,X,X
ZOLSTIJ,O,X,X,X
ZOLSTJI,O,X,X,X
ZOLSITJ,O,X,X,X
ZOLSIJT,X,X,X,X
ZOLSJTI,X,X,X,X
ZOLSJIT,X,X,X,X
ZOJTILS,X,X,X,X
ZOJTISL,X,X,X,X
ZOJTLIS,X,X,X,X
ZOJTLSI,O,X,X,X
ZOJTSIL,O,X,X,X
ZOJTSLI,O,X,X,X
ZOJITLS,X,X,X,X
ZOJITSL,X,X,X,X
ZOJILTS,X,X,X,X
ZOJILST,X,X,X,X
ZOJISTL,X,X,X,X
ZOJISLT,X,X,X,X
ZOJLTIS,X,X,X,X
ZOJLTSI,O,X,X,X
ZOJLITS,X,X,X,X
ZOJLIST,X,X,X,X
ZOJLSTI,X,X,X,X
ZOJLSIT,X,X,X,X
ZOJSTIL,X,X,X,X
ZOJSTLI,X,X,X,X
ZOJSITL,X,X,X,X
ZOJSILT,X,X,X,X
ZOJSLTI,X,X,X,X
ZOJSLIT,X,X,X,X
ZOSTILJ,O,X,X,X
ZOSTIJL,O,X,X,X
ZOSTLIJ,O,X,X,X
ZOSTLJI,O,X,X,X
ZOSTJIL,O,X,X,X
ZOSTJLI,O,X,X,X
ZOSITLJ,O,X,X,X
ZOSITJL,O,X,X,X
ZOSILTJ,O,X,X,X
ZOSILJT,X,X,X,X
ZOSIJTL,X,X,X,X
ZOSIJLT,X,X,X,X
ZOSLTIJ,O,X,X,X
ZOSLTJI,O,X,X,X
ZOSLITJ,O,X,X,X
ZOSLIJT,X,X,X,X
ZOSLJTI,X,X,X,X
ZOSLJIT,X,X,X,X
ZOSJTIL,X,X,X,X
ZOSJTLI,X,X,X,X
ZOSJITL,X,X,X,X
ZOSJILT,X,X,X,X
ZOSJLTI,X,X,X,X
ZOSJLIT,X,X,X,X
OTILJSZ,X,O,X,X
OTILJZS,X,X,X,X
OTILSJZ,X,O,X,X
OTILSZJ,X,X,X,X
OTILZJS,X,X,X,X
OTILZSJ,X,X,X,X
OTIJLSZ,X,O,X,X
OTIJLZS,X,X,X,X
OTIJSLZ,X,O,X,X
OTIJSZL,X,X,X,X
OTIJZLS,X,X,X,X
OTIJZSL,X,X,X,X
OTISLJZ,X,O,X,X
OTISLZJ,X,X,X,X
OTISJLZ,X,X,X,X
OTISJZL,X,X,X,O
OTISZLJ,X,X,X,X
OTISZJL,X,X,X,O
OTIZLJS,X,X,X,X
OTIZLSJ,X,X,X,X
OTIZJLS,X,X,X,X
OTIZJSL,X,X,X,X
OTIZSLJ,X,X,X,X
OTIZSJL,X,X,X,O
OTLIJSZ,X,O,X,X
OTLIJZS,X,X,X,X
OTLISJZ,X,O,X,X
OTLISZJ,X,X,X,X
OTLIZJS,X,X,X,X
OTLIZSJ,X,X,X,X
OTLJISZ,X,O,X,X
OTLJIZS,X,X,X,X
OTLJSIZ,X,O,X,X
OTLJSZI,X,O,X,X
OTLJZIS,X,X,X,X
OTLJZSI,X,X,X,X
OTLSIJZ,X,O,X,X
OTLSIZJ,X,X,X,X
OTLSJIZ,X,O,X,X
OTLSJZI,X,O,X,X
OTLSZIJ,X,X,X,X
OTLSZJI,X,X,X,X
OTLZIJS,X,X,X,X
OTLZISJ,X,X,X,X
OTLZJIS,X,X,X,X
OTLZJSI,X,X,X,X
OTLZSIJ,X,X,X,X
OTLZSJI,X,X,X,X
OTJILSZ,X,O,X,X
OTJILZS,X,X,X,X
OTJISLZ,X,O,X,X
OTJISZL,X,X,X,X
OTJIZLS,X,X,X,X
OTJIZSL,X,X,X,X
OTJLISZ,X,O,X,X
OTJLIZS,X,X,X,X
OTJLSIZ,X,O,X,X
OTJLSZI,X,O,X,X
OTJLZIS,X,X,X,X
OTJLZSI,X,X,X,X
OTJSILZ,X,O,X,X
OTJSIZL,X,X,X,O
OTJSLIZ,X,O,X,X
OTJSLZI,X,O,X,X
OTJSZIL,X,X,X,O
OTJSZLI,X,X,X,X
OTJZILS,X,X,X,X
OTJZISL,X,X,X,X
OTJZLIS,X,X,X,X
OTJZLSI,X,X,X,X
OTJZSIL,X,X,X,O
OTJZSLI,X,X,X,X
OTSILJZ,X,O,X,X
OTSILZJ,X,X,X,X
OTSIJLZ,X,X,X,X
OTSIJZL,X,X,X,O
OTSIZLJ,X,X,X,X
OTSIZJL,X,X,X,O
OTSLIJZ,X,O,X,X
OTSLIZJ,X,X,X,X
OTSLJIZ,X,O,X,X
OTSLJZI,X,O,X,X
OTSLZIJ,X,X,X,X
OTSLZJI,X,X,X,X
OTSJILZ,X,X,X,X
OTSJIZL,X,X,X,O
OTSJLIZ,X,X,X,X
OTSJLZI,X,X,X,X
OTSJZIL,X,X,X,O
OTSJZLI,X,X,X,X
OTSZILJ,X,X,X,X
OTSZIJL,X,X,X,X
OTSZLIJ,X,X,X,X
OTSZLJI,X,X,X,X
OTSZJIL,X,X,X,O
OTSZJLI,X,X,X,X
OTZILJS,X,X,X,X
OTZILSJ,X,X,X,X
OTZIJLS,X,X,X,X
OTZIJSL,X,X,X,X
OTZISLJ,X,X,X,X
OTZISJL,X,X,X,O
OTZLIJS,X,X,X,X
OTZLISJ,X,X,X,X
OTZLJIS,X,X,X,X
OTZLJSI,X,X,X,X
OTZLSIJ,X,X,X,X
OTZLSJI,X,X,X,X
OTZJILS,X,X,X,X
OTZJISL,X,X,X,X
OTZJLIS,X,X,X,X
OTZJLSI,X,X,X,X
OTZJSIL,X,X,X,O
OTZJSLI,X,X,X,X
OTZSILJ,X,X,X,X
OTZSIJL,X,X,X,X
OTZSLIJ,X,X,X,X
OTZSLJI,X,X,X,X
OTZSJIL,X,X,X,O
OTZSJLI,X,X,X,X
OITLJSZ,X,O,X,X
OITLJZS,X,X,X,X
OITLSJZ,X,O,X,X
OITLSZJ,X,X,X,X
OITLZJS,X,X,X,X
OITLZSJ,X,X,X,X
OITJLSZ,X,O,X,X
OITJLZS,X,X,X,X
OITJSLZ,X,O,X,X
OITJSZL,X,X,X,X
OITJZLS,X,X,X,X
OITJZSL,X,X,X,X
OITSLJZ,X,O,X,X
OITSLZJ,X,X,X,X
OITSJLZ,X,X,X,X
OITSJZL,X,X,X,O
OITSZLJ,X,X,X,X
OITSZJL,X,X,X,O
OITZLJS,X,X,X,X
OITZLSJ,X,X,X,X
OITZJLS,X,X,X,X
OITZJSL,X,X,X,X
OITZSLJ,X,X,X,X
OITZSJL,X,X,X,O
OILTJSZ,X,O,X,X
OILTJZS,X,X,X,X
OILTSJZ,X,O,X,X
OILTSZJ,X,X,X,X
OILTZJS,X,X,X,X
OILTZSJ,X,X,X,X
OILJTSZ,X,O,X,X
OILJTZS,X,X,X,X
OILJSTZ,X,O,X,X
OILJSZT,X,X,X,X
OILJZTS,X,X,X,X
OILJZST,X,X,X,X
OILSTJZ,X,O,X,X
OILSTZJ,X,X,X,X
OILSJTZ,X,O,X,X
OILSJZT,X,X,X,X
OILSZTJ,X,X,X,X
OILSZJT,X,X,X,X
OILZTJS,X,X,X,X
OILZTSJ,X,X,X,X
OILZJTS,X,X,X,X
OILZJST,X,X,X,X
OILZSTJ,X,X,X,X
OILZSJT,X,X,X,X
OIJTLSZ,X,O,X,X
OIJTLZS,X,X,X,X
OIJTSLZ,X,O,X,X
OIJTSZL,X,X,X,X
OIJTZLS,X,X,X,X
OIJTZSL,X,X,X,X
OIJLTSZ,X,O,X,X
OIJLTZS,X,X,X,X
OIJLSTZ,X,O,X,X
OIJLSZT,X,X,X,X
OIJLZTS,X,X,X,X
OIJLZST,X,X,X,X
OIJSTLZ,X,O,X,X
OIJSTZL,X,X,X,X
OIJSLTZ,X,O,X,X
OIJSLZT,X,X,X,X
OIJSZTL,X,X,X,X
OIJSZLT,X,X,X,X
OIJZTLS,X,X,X,X
OIJZTSL,X,X,X,X
OIJZLTS,X,X,X,X
OIJZLST,X,X,X,X
OIJZSTL,X,X,X,X
OIJZSLT,X,X,X,X
OISTLJZ,X,O,X,X
OISTLZJ,X,X,X,X
OISTJLZ,X,X,X,X
OISTJZL,X,X,X,O
OISTZLJ,X,X,X,X
OISTZJL,X,X,X,O
OISLTJZ,X,O,X,X
OISLTZJ,X,X,X,X
OISLJTZ,X,O,X,X
OISLJZT,X,X,X,X
OISLZTJ,X,X,X,X
OISLZJT,X,X,X,X
OISJTLZ,X,O,X,X
OISJTZL,X,X,X,O
OISJLTZ,X,O,X,X
OISJLZT,X,X,X,X
OISJZTL,X,X,X,X
OISJZLT,X,X,X,X
OISZTLJ,X,X,X,X
OISZTJL,X,X,X,X
OISZLTJ,X,X,X,X
OISZLJT,X,X,X,X
OISZJTL,X,X,X,X
OISZJLT,X,X,X,X
OIZTLJS,X,X,X,X
OIZTLSJ,X,X,X,X
OIZTJLS,X,X,X,X
OIZTJSL,X,X,X,X
OIZTSLJ,X,X,X,X
OIZTSJL,X,X,X,X
OIZLTJS,X,X,X,X
OIZLTSJ,X,X,X,X
OIZLJTS,X,X,X,X
OIZLJST,X,X,X,X
OIZLSTJ,X,X,X,X
OIZLSJT,X,X,X,X
OIZJTLS,X,X,X,X
OIZJTSL,X,X,X,X
OIZJLTS,X,X,X,X
OIZJLST,X,X,X,X
OIZJSTL,X,X,X,X
OIZJSLT,X,X,X,X
OIZSTLJ,X,X,X,X
OIZSTJL,X,X,X,X
OIZSLTJ,X,X,X,X
OIZSLJT,X,X,X,X
OIZSJTL,X,X,X,X
OIZSJLT,X,X,X,X
OLTIJSZ,X,O,X,X
OLTIJZS,X,X,X,X
OLTISJZ,X,O,X,X
OLTISZJ,X,X,X,X
OLTIZJS,X,X,X,X
OLTIZSJ,X,X,X,X
OLTJISZ,X,O,X,X
OLTJIZS,X,X,X,X
OLTJSIZ,X,O,X,X
OLTJSZI,X,O,X,X
OLTJZIS,X,X,X,X
OLTJZSI,X,X,X,X
OLTSIJZ,X,O,X,X
OLTSIZJ,X,X,X,X
OLTSJIZ,X,O,X,X
OLTSJZI,X,O,X,X
OLTSZIJ,X,X,X,X
OLTSZJI,X,X,X,X
OLTZIJS,X,X,X,X
OLTZISJ,X,X,X,X
OLTZJIS,X,X,X,X
OLTZJSI,X,X,X,X
OLTZSIJ,X,X,X,X
OLTZSJI,X,X,X,X
OLITJSZ,X,O,X,X
OLITJZS,X,X,X,X
OLITSJZ,X,O,X,X
OLITSZJ,X,X,X,X
OLITZJS,X,X,X,X
OLITZSJ,X,X,X,X
OLIJTSZ,X,O,X,X
OLIJTZS,X,X,X,X
OLIJSTZ,X,O,X,X
OLIJSZT,X,X,X,X
OLIJZTS,X,X,X,X
OLIJZST,X,X,X,X
OLISTJZ,X,O,X,X
OLISTZJ,X,X,X,X
OLISJTZ,X,O,X,X
OLISJZT,X,X,X,X
OLISZTJ,X,X,X,X
OLISZJT,X,X,X,X
OLIZTJS,X,X,X,X
OLIZTSJ,X,X,X,X
OLIZJTS,X,X,X,X
OLIZJST,X,X,X,X
OLIZSTJ,X,X,X,X
OLIZSJT,X,X,X,X
OLJTISZ,X,O,X,X
OLJTIZS,X,X,X,X
OLJTSIZ,X,O,X,X
OLJTSZI,X,O,X,X
OLJTZIS,X,X,X,X
OLJTZSI,X,X,X,X
OLJITSZ,X,O,X,X
OLJITZS,X,X,X,X
OLJISTZ,X,O,X,X
OLJISZT,X,X,X,X
OLJIZTS,X,X,X,X
OLJIZST,X,X,X,X
OLJSTIZ,X,O,X,X
OLJSTZI,X,O,X,X
OLJSITZ,X,O,X,X
OLJSIZT,X,X,X,X
OLJSZTI,X,X,X,X
OLJSZIT,X,X,X,X
OLJZTIS,X,X,X,X
OLJZTSI,X,X,X,X
OLJZITS,X,X,X,X
OLJZIST,X,X,X,X
OLJZSTI,X,X,X,X
OLJZSIT,X,X,X,X
OLSTIJZ,X,O,X,X
OLSTIZJ,X,X,X,X
OLSTJIZ,X,O,X,X
OLSTJZI,X,O,X,X
OLSTZIJ,X,X,X,X
OLSTZJI,X,X,X,X
OLSITJZ,X,O,X,X
OLSITZJ,X,X,X,X
OLSIJTZ,X,O,X,X
OLSIJZT,X,X,X,X
OLSIZTJ,X,X,X,X
OLSIZJT,X,X,X,X
OLSJTIZ,X,O,X,X
OLSJTZI,X,O,X,X
OLSJITZ,X,O,X,X
OLSJIZT,X,X,X,X
OLSJZTI,X,X,X,X
OLSJZIT,X,X,X,X
OLSZTIJ,X,X,X,X
OLSZTJI,X,X,X,X
OLSZITJ,X,X,X,X
OLSZIJT,X,X,X,X
OLSZJTI,X,X,X,X
OLSZJIT,X,X,X,X
OLZTIJS,X,X,X,X
OLZTISJ,X,X,X,X
OLZTJIS,X,X,X,X
OLZTJSI,X,X,X,X
OLZTSIJ,X,X,X,X
OLZTSJI,X,X,X,X
OLZITJS,X,X,X,X
OLZITSJ,X,X,X,X
OLZIJTS,X,X,X,X
OLZIJST,X,X,X,X
OLZISTJ,X,X,X,X
OLZISJT,X,X,X,X
OLZJTIS,X,X,X,X
OLZJTSI,X,X,X,X
OLZJITS,X,X,X,X
OLZJIST,X,X,X,X
OLZJSTI,X,X,X,X
OLZJSIT,X,X,X,X
OLZSTIJ,X,X,X,X
OLZSTJI,X,X,X,X
OLZSITJ,X,X,X,X
OLZSIJT,X,X,X,X
OLZSJTI,X,X,X,X
OLZSJIT,X,X,X,X
OJTILSZ,X,O,X,X
OJTILZS,X,X,X,X
OJTISLZ,X,O,X,X
OJTISZL,X,X,X,X
OJTIZLS,X,X,X,X
OJTIZSL,X,X,X,X
OJTLISZ,X,O,X,X
OJTLIZS,X,X,X,X
OJTLSIZ,X,O,X,X
OJTLSZI,X,O,X,X
OJTLZIS,X,X,X,X
OJTLZSI,X,X,X,X
OJTSILZ,X,O,X,X
OJTSIZL,X,X,X,O
OJTSLIZ,X,O,X,X
OJTSLZI,X,O,X,X
OJTSZIL,X,X,X,O
OJTSZLI,X,X,X,X
OJTZILS,X,X,X,X
OJTZISL,X,X,X,X
OJTZLIS,X,X,X,X
OJTZLSI,X,X,X,X
OJTZSIL,X,X,X,O
OJTZSLI,X,X,X,X
OJITLSZ,X,O,X,X
OJITLZS,X,X,X,X
OJITSLZ,X,O,X,X
OJITSZL,X,X,X,X
OJITZLS,X,X,X,X
OJITZSL,X,X,X,X
OJILTSZ,X,O,X,X
OJILTZS,X,X,X,X
OJILSTZ,X,O,X,X
OJILSZT,X,X,X,X
OJILZTS,X,X,X,X
OJILZST,X,X,X,X
OJISTLZ,X,O,X,X
OJISTZL,X,X,X,X
OJISLTZ,X,O,X,X
OJISLZT,X,X,X,X
OJISZTL,X,X,X,X
OJISZLT,X,X,X,X
OJIZTLS,X,X,X,X
OJIZTSL,X,X,X,X
OJIZLTS,X,X,X,X
OJIZLST,X,X,X,X
OJIZSTL,X,X,X,X
OJIZSLT,X,X,X,X
OJLTISZ,X,O,X,X
OJLTIZS,X,X,X,X
OJLTSIZ,X,O,X,X
OJLTSZI,X,O,X,X
OJLTZIS,X,X,X,X
OJLTZSI,X,X,X,X
OJLITSZ,X,O,X,X
OJLITZS,X,X,X,X
OJLISTZ,X,O,X,X
OJLISZT,X,X,X,X
OJLIZTS,X,X,X,X
OJLIZST,X,X,X,X
OJLSTIZ,X,O,X,X
OJLSTZI,X,O,X,X
OJLSITZ,X,O,X,X
OJLSIZT,X,X,X,X
OJLSZTI,X,X,X,X
OJLSZIT,X,X,X,X
OJLZTIS,X,X,X,X
OJLZTSI,X,X,X,X
OJLZITS,X,X,X,X
OJLZIST,X,X,X,X
OJLZSTI,X,X,X,X
OJLZSIT,X,X,X,X
OJSTILZ,X,O,X,X
OJSTIZL,X,X,X,O
OJSTLIZ,X,O,X,X
OJSTLZI,X,O,X,X
OJSTZIL,X,X,X,O
OJSTZLI,X,X,X,X
OJSITLZ,X,O,X,X
OJSITZL,X,X,X,O
OJSILTZ,X,O,X,X
OJSILZT,X,X,X,X
OJSIZTL,X,X,X,X
OJSIZLT,X,X,X,X
OJSLTIZ,X,O,X,X
OJSLTZI,X,O,X,X
OJSLITZ,X,O,X,X
OJSLIZT,X,X,X,X
OJSLZTI,X,X,X,X
OJSLZIT,X,X,X,X
OJSZTIL,X,X,X,X
OJSZTLI,X,X,X,X
OJSZITL,X,X,X,X
OJSZILT,X,X,X,X
OJSZLTI,X,X,X,X
OJSZLIT,X,X,X,X
OJZTILS,X,X,X,X
OJZTISL,X,X,X,X
OJZTLIS,X,X,X,X
OJZTLSI,X,X,X,X
OJZTSIL,X,X,X,X
OJZTSLI,X,X,X,X
OJZITLS,X,X,X,X
OJZITSL,X,X,X,X
OJZILTS,X,X,X,X
OJZILST,X,X,X,X
OJZISTL,X,X,X,X
OJZISLT,X,X,X,X
OJZLTIS,X,X,X,X
OJZLTSI,X,X,X,X
OJZLITS,X,X,X,X
OJZLIST,X,X,X,X
OJZLSTI,X,X,X,X
OJZLSIT,X,X,X,X
OJZSTIL,X,X,X,X
OJZSTLI,X,X,X,X
OJZSITL,X,X,X,X
OJZSILT,X,X,X,X
OJZSLTI,X,X,X,X
OJZSLIT,X,X,X,X
OSTILJZ,X,O,X,X
OSTILZJ,X,X,X,X
OSTIJLZ,X,X,X,X
OSTIJZL,X,X,X,O
OSTIZLJ,X,X,X,X
OSTIZJL,X,X,X,O
OSTLIJZ,X,O,X,X
OSTLIZJ,X,X,X,X
OSTLJIZ,X,O,X,X
OSTLJZI,X,O,X,X
OSTLZIJ,X,X,X,X
OSTLZJI,X,X,X,X
OSTJILZ,X,X,X,X
OSTJIZL,X,X,X,O
OSTJLIZ,X,X,X,X
OSTJLZI,X,X,X,X
OSTJZIL,X,X,X,O
OSTJZLI,X,X,X,X
OSTZILJ,X,X,X,X
OSTZIJL,X,X,X,X
OSTZLIJ,X,X,X,X
OSTZLJI,X,X,X,X
OSTZJIL,X,X,X,O
OSTZJLI,X,X,X,X
OSITLJZ,X,O,X,X
OSITLZJ,X,X,X,X
OSITJLZ,X,X,X,X
OSITJZL,X,X,X,O
OSITZLJ,X,X,X,X
OSITZJL,X,X,X,O
OSILTJZ,X,O,X,X
OSILTZJ,X,X,X,X
OSILJTZ,X,O,X,X
OSILJZT,X,X,X,X
OSILZTJ,X,X,X,X
OSILZJT,X,X,X,X
OSIJTLZ,X,O,X,X
OSIJTZL,X,X,X,O
OSIJLTZ,X,O,X,X
OSIJLZT,X,X,X,X
OSIJZTL,X,X,X,X
OSIJZLT,X,X,X,X
OSIZTLJ,X,X,X,X
OSIZTJL,X,X,X,X
OSIZLTJ,X,X,X,X
OSIZLJT,X,X,X,X
OSIZJTL,X,X,X,X
OSIZJLT,X,X,X,X
OSLTIJZ,X,O,X,X
OSLTIZJ,X,X,X,X
OSLTJIZ,X,O,X,X
OSLTJZI,X,O,X,X
OSLTZIJ,X,X,X,X
OSLTZJI,X,X,X,X
OSLITJZ,X,O,X,X
OSLITZJ,X,X,X,X
OSLIJTZ,X,O,X,X
OSLIJZT,X,X,X,X
OSLIZTJ,X,X,X,X
OSLIZJT,X,X,X,X
OSLJTIZ,X,O,X,X
OSLJTZI,X,O,X,X
OSLJITZ,X,O,X,X
OSLJIZT,X,X,X,X
OSLJZTI,X,X,X,X
OSLJZIT,X,X,X,X
OSLZTIJ,X,X,X,X
OSLZTJI,X,X,X,X
OSLZITJ,X,X,X,X
OSLZIJT,X,X,X,X
OSLZJTI,X,X,X,X
OSLZJIT,X,X,X,X
OSJTILZ,X,O,X,X
OSJTIZL,X,X,X,O
OSJTLIZ,X,O,X,X
OSJTLZI,X,O,X,X
OSJTZIL,X,X,X,O
OSJTZLI,X,X,X,X
OSJITLZ,X,O,X,X
OSJITZL,X,X,X,O
OSJILTZ,X,O,X,X
OSJILZT,X,X,X,X
OSJIZTL,X,X,X,X
OSJIZLT,X,X,X,X
OSJLTIZ,X,O,X,X
OSJLTZI,X,O,X,X
OSJLITZ,X,O,X,X
OSJLIZT,X,X,X,X
OSJLZTI,X,X,X,X
OSJLZIT,X,X,X,X
OSJZTIL,X,X,X,X
OSJZTLI,X,X,X,X
OSJZITL,X,X,X,X
OSJZILT,X,X,X,X
OSJZLTI,X,X,X,X
OSJZLIT,X,X,X,X
OSZTILJ,X,X,X,X
OSZTIJL,X,X,X,X
OSZTLIJ,X,X,X,X
OSZTLJI,X,X,X,X
OSZTJIL,X,X,X,X
OSZTJLI,X,X,X,X
OSZITLJ,X,X,X,X
OSZITJL,X,X,X,X
OSZILTJ,X,X,X,X
OSZILJT,X,X,X,X
OSZIJTL,X,X,X,X
OSZIJLT,X,X,X,X
OSZLTIJ,X,X,X,X
OSZLTJI,X,X,X,X
OSZLITJ,X,X,X,X
OSZLIJT,X,X,X,X
OSZLJTI,X,X,X,X
OSZLJIT,X,X,X,X
OSZJTIL,X,X,X,X
OSZJTLI,X,X,X,X
OSZJITL,X,X,X,X
OSZJILT,X,X,X,X
OSZJLTI,X,X,X,X
OSZJLIT,X,X,X,X
OZTILJS,X,X,X,X
OZTILSJ,X,X,X,X
OZTIJLS,X,X,X,X
OZTIJSL,X,X,X,X
OZTISLJ,X,X,X,X
OZTISJL,X,X,X,X
OZTLIJS,X,X,X,X
OZTLISJ,X,X,X,X
OZTLJIS,X,X,X,X
OZTLJSI,X,X,X,X
OZTLSIJ,X,X,X,X
OZTLSJI,X,X,X,X
OZTJILS,X,X,X,X
OZTJISL,X,X,X,X
OZTJLIS,X,X,X,X
OZTJLSI,X,X,X,X
OZTJSIL,X,X,X,X
OZTJSLI,X,X,X,X
OZTSILJ,X,X,X,X
OZTSIJL,X,X,X,X
OZTSLIJ,X,X,X,X
OZTSLJI,X,X,X,X
OZTSJIL,X,X,X,X
OZTSJLI,X,X,X,X
OZITLJS,X,X,X,X
OZITLSJ,X,X,X,X
OZITJLS,X,X,X,X
OZITJSL,X,X,X,X
OZITSLJ,X,X,X,X
OZITSJL,X,X,X,X
OZILTJS,X,X,X,X
OZILTSJ,X,X,X,X
OZILJTS,X,X,X,X
OZILJST,X,X,X,X
OZILSTJ,X,X,X,X
OZILSJT,X,X,X,X
OZIJTLS,X,X,X,X
OZIJTSL,X,X,X,X
OZIJLTS,X,X,X,X
OZIJLST,X,X,X,X
OZIJSTL,X,X,X,X
OZIJSLT,X,X,X,X
OZISTLJ,X,X,X,X
OZISTJL,X,X,X,X
OZISLTJ,X,X,X,X
OZISLJT,X,X,X,X
OZISJTL,X,X,X,X
OZISJLT,X,X,X,X
OZLTIJS,X,X,X,X
OZLTISJ,X,X,X,X
OZLTJIS,X,X,X,X
OZLTJSI,X,X,X,X
OZLTSIJ,X,X,X,X
OZLTSJI,X,X,X,X
OZLITJS,X,X,X,X
OZLITSJ,X,X,X,X
OZLIJTS,X,X,X,X
OZLIJST,X,X,X,X
OZLISTJ,X,X,X,X
OZLISJT,X,X,X,X
OZLJTIS,X,X,X,X
OZLJTSI,X,X,X,X
OZLJITS,X,X,X,X
OZLJIST,X,X,X,X
OZLJSTI,X,X,X,X
OZLJSIT,X,X,X,X
OZLSTIJ,X,X,X,X
OZLSTJI,X,X,X,X
OZLSITJ,X,X,X,X
OZLSIJT,X,X,X,X
OZLSJTI,X,X,X,X
OZLSJIT,X,X,X,X
OZJTILS,X,X,X,X
OZJTISL,X,X,X,X
OZJTLIS,X,X,X,X
OZJTLSI,X,X,X,X
OZJTSIL,X,X,X,X
OZJTSLI,X,X,X,X
OZJITLS,X,X,X,X
OZJITSL,X,X,X,X
OZJILTS,X,X,X,X
OZJILST,X,X,X,X
OZJISTL,X,X,X,X
OZJISLT,X,X,X,X
OZJLTIS,X,X,X,X
OZJLTSI,X,X,X,X
OZJLITS,X,X,X,X
OZJLIST,X,X,X,X
OZJLSTI,X,X,X,X
OZJLSIT,X,X,X,X
OZJSTIL,X,X,X,X
OZJSTLI,X,X,X,X
OZJSITL,X,X,X,X
OZJSILT,X,X,X,X
OZJSLTI,X,X,X,X
OZJSLIT,X,X,X,X
OZSTILJ,X,X,X,X
OZSTIJL,X,X,X,X
OZSTLIJ,X,X,X,X
OZSTLJI,X,X,X,X
OZSTJIL,X,X,X,X
OZSTJLI,X,X,X,X
OZSITLJ,X,X,X,X
OZSITJL,X,X,X,X
OZSILTJ,X,X,X,X
OZSILJT,X,X,X,X
OZSIJTL,X,X,X,X
OZSIJLT,X,X,X,X
OZSLTIJ,X,X,X,X
OZSLTJI,X,X,X,X
OZSLITJ,X,X,X,X
OZSLIJT,X,X,X,X
OZSLJTI,X,X,X,X
OZSLJIT,X,X,X,X
OZSJTIL,X,X,X,X
OZSJTLI,X,X,X,X
OZSJITL,X,X,X,X
OZSJILT,X,X,X,X
OZSJLTI,X,X,X,X
OZSJLIT,X,X,X,X
