sequence,v115@HhA8IeC8GeC8AeA8AeD8Jel/IvhF3gB5mBOnB6oB8q?BzsB,v115@HhA8IeC8GeC8AeA8AeD8Jel/IvhF3gB5mBKnBziB+o?B8qB,v115@HhA8IeC8GeC8AeA8AeD8Je0/IvhFxgBXiB6oBuqBzn?BlrB,v115@HhA8IeC8GeC8AeA8AeD8Je0/IvhFxgBXiBuqBCoBTo?BlrB
TILJSZO,O,O,O,O
TILJSOZ,X,O,O,O
TILJZSO,O,O,O,O
TILJZOS,O,O,O,O
TILJOSZ,O,O,O,O
TILJOZS,O,O,O,O
TILSJZO,O,O,O,O
TILSJOZ,X,O,O,O
TILSZJO,O,O,O,O
TILSZOJ,O,O,O,X
TILSOJZ,O,X,X,X
TILSOZJ,O,X,O,X
TILZJSO,O,O,O,O
TILZJOS,O,O,O,O
TILZSJO,O,O,O,O
TILZSOJ,O,O,O,X
TILZOJS,O,O,X,X
TILZOSJ,O,O,O,X
TILOJSZ,O,O,X,X
TILOJZS,O,O,X,X
TILOSJZ,O,X,X,X
TILOSZJ,O,X,X,X
TILOZJS,O,O,X,X
TILOZSJ,O,O,X,X
TIJLSZO,O,O,O,O
TIJLSOZ,X,O,O,O
TIJLZSO,O,O,O,O
TIJLZOS,O,O,O,O
TIJLOSZ,O,O,O,O
TIJLOZS,O,O,O,O
TIJSLZO,O,O,O,O
TIJSLOZ,X,O,O,O
TIJSZLO,O,O,O,O
TIJSZOL,O,O,O,O
TIJSOLZ,O,X,O,O
TIJSOZL,O,X,O,O
TIJZLSO,O,O,O,O
TIJZLOS,O,O,O,O
TIJZSLO,O,O,O,O
TIJZSOL,O,O,O,O
TIJZOLS,O,O,O,O
TIJZOSL,O,O,O,O
TIJOLSZ,O,O,O,O
TIJOLZS,O,O,O,O
TIJOSLZ,O,X,O,O
TIJOSZL,O,X,O,O
TIJOZLS,O,O,O,O
TIJOZSL,O,O,O,O
TISLJZO,O,O,O,O
TISLJOZ,X,O,O,O
TISLZJO,O,O,O,O
TISLZOJ,O,O,O,X
TISLOJZ,O,X,O,X
TISLOZJ,O,X,O,X
TISJLZO,O,O,O,O
TISJLOZ,X,O,O,O
TISJZLO,O,O,O,O
TISJZOL,O,O,O,O
TISJOLZ,O,X,O,O
TISJOZL,O,X,O,O
TISZLJO,O,O,O,O
TISZLOJ,O,O,O,X
TISZJLO,O,O,O,O
TISZJOL,O,O,O,O
TISZOLJ,O,O,O,X
TISZOJL,O,O,O,X
TISOLJZ,O,X,O,X
TISOLZJ,O,X,O,X
TISOJLZ,O,X,O,X
TISOJZL,O,X,O,X
TISOZLJ,O,X,O,X
TISOZJL,O,X,O,X
TIZLJSO,O,O,O,O
TIZLJOS,O,O,O,O
TIZLSJO,O,O,O,O
TIZLSOJ,O,O,O,X
TIZLOJS,O,O,O,X
TIZLOSJ,O,O,O,X
TIZJLSO,O,O,O,O
TIZJLOS,O,O,O,O
TIZJSLO,O,O,O,O
TIZJSOL,O,O,O,O
TIZJOLS,O,O,O,O
TIZJOSL,O,O,O,O
TIZSLJO,O,O,O,O
TIZSLOJ,O,O,O,X
TIZSJLO,O,O,O,O
TIZSJOL,O,O,O,O
TIZSOLJ,O,O,O,X
TIZSOJL,O,O,O,X
TIZOLJS,O,O,O,X
TIZOLSJ,O,O,O,X
TIZOJLS,O,O,O,X
TIZOJSL,O,O,O,X
TIZOSLJ,O,O,O,X
TIZOSJL,O,O,O,X
TIOLJSZ,O,O,O,X
TIOLJZS,O,O,O,X
TIOLSJZ,O,X,O,X
TIOLSZJ,O,X,O,X
TIOLZJS,O,O,O,X
TIOLZSJ,O,O,O,X
TIOJLSZ,O,O,O,X
TIOJLZS,O,O,O,X
TIOJSLZ,O,X,O,X
TIOJSZL,O,X,O,X
TIOJZLS,O,O,O,X
TIOJZSL,O,O,O,X
TIOSLJZ,O,X,O,X
TIOSLZJ,O,X,O,X
TIOSJLZ,O,X,O,X
TIOSJZL,O,X,O,X
TIOSZLJ,O,X,O,X
TIOSZJL,O,X,O,X
TIOZLJS,O,O,O,X
TIOZLSJ,O,O,O,X
TIOZJLS,O,O,O,X
TIOZJSL,O,O,O,X
TIOZSLJ,O,O,O,X
TIOZSJL,O,O,O,X
TLIJSZO,O,O,O,O
TLIJSOZ,X,O,O,O
TLIJZSO,O,O,O,O
TLIJZOS,O,O,O,O
TLIJOSZ,O,O,O,O
TLIJOZS,O,O,O,O
TLISJZO,O,O,O,O
TLISJOZ,X,O,O,O
TLISZJO,O,O,O,O
TLISZOJ,O,O,O,X
TLISOJZ,O,X,X,X
TLISOZJ,O,X,O,X
TLIZJSO,O,O,O,O
TLIZJOS,O,O,O,O
TLIZSJO,O,O,O,O
TLIZSOJ,O,O,O,X
TLIZOJS,O,O,X,X
TLIZOSJ,O,O,O,X
TLIOJSZ,O,O,X,X
TLIOJZS,O,O,X,X
TLIOSJZ,O,X,X,X
TLIOSZJ,O,X,X,X
TLIOZJS,O,O,X,X
TLIOZSJ,O,O,X,X
TLJISZO,O,O,O,O
TLJISOZ,X,O,O,O
TLJIZSO,O,O,O,O
TLJIZOS,O,O,O,O
TLJIOSZ,O,O,O,O
TLJIOZS,O,O,O,O
TLJSIZO,O,O,O,O
TLJSIOZ,X,O,O,O
TLJSZIO,O,O,O,O
TLJSZOI,O,O,O,O
TLJSOIZ,X,O,O,O
TLJSOZI,X,O,O,O
TLJZISO,O,O,O,O
TLJZIOS,O,O,O,O
TLJZSIO,O,O,O,O
TLJZSOI,O,O,O,O
TLJZOIS,O,O,O,O
TLJZOSI,O,O,O,O
TLJOISZ,O,O,O,O
TLJOIZS,O,O,O,O
TLJOSIZ,O,O,O,O
TLJOSZI,O,O,O,O
TLJOZIS,O,O,O,O
TLJOZSI,O,O,O,O
TLSIJZO,O,O,O,O
TLSIJOZ,X,O,O,O
TLSIZJO,O,O,O,O
TLSIZOJ,O,O,O,X
TLSIOJZ,O,X,O,X
TLSIOZJ,O,X,O,X
TLSJIZO,O,O,O,O
TLSJIOZ,X,O,O,O
TLSJZIO,O,O,O,O
TLSJZOI,O,O,O,O
TLSJOIZ,X,O,O,O
TLSJOZI,X,O,O,O
TLSZIJO,O,O,O,O
TLSZIOJ,O,O,O,X
TLSZJIO,O,O,O,O
TLSZJOI,O,O,O,O
TLSZOIJ,O,O,O,X
TLSZOJI,O,O,O,O
TLSOIJZ,O,X,O,X
TLSOIZJ,O,X,O,X
TLSOJIZ,O,X,O,O
TLSOJZI,O,X,O,O
TLSOZIJ,O,X,O,X
TLSOZJI,O,X,O,O
TLZIJSO,O,O,O,O
TLZIJOS,O,O,O,O
TLZISJO,O,O,O,O
TLZISOJ,O,O,O,X
TLZIOJS,O,O,O,X
TLZIOSJ,O,O,O,X
TLZJISO,O,O,O,O
TLZJIOS,O,O,O,O
TLZJSIO,O,O,O,O
TLZJSOI,O,O,O,O
TLZJOIS,O,O,O,O
TLZJOSI,O,O,O,O
TLZSIJO,O,O,O,O
TLZSIOJ,O,O,O,X
TLZSJIO,O,O,O,O
TLZSJOI,O,O,O,O
TLZSOIJ,O,O,O,X
TLZSOJI,O,O,O,O
TLZOIJS,O,O,O,X
TLZOISJ,O,O,O,X
TLZOJIS,O,O,O,O
TLZOJSI,O,O,O,O
TLZOSIJ,O,O,O,X
TLZOSJI,O,O,O,O
TLOIJSZ,O,O,O,X
TLOIJZS,O,O,O,X
TLOISJZ,O,X,O,X
TLOISZJ,O,X,O,X
TLOIZJS,O,O,O,X
TLOIZSJ,O,O,O,X
TLOJISZ,O,O,O,O
TLOJIZS,O,O,O,O
TLOJSIZ,O,O,O,O
TLOJSZI,O,O,O,O
TLOJZIS,O,O,O,O
TLOJZSI,O,O,O,O
TLOSIJZ,O,X,O,X
TLOSIZJ,O,X,O,X
TLOSJIZ,O,X,O,O
TLOSJZI,O,X,O,O
TLOSZIJ,O,X,O,X
TLOSZJI,O,X,O,O
TLOZIJS,O,O,O,X
TLOZISJ,O,O,O,X
TLOZJIS,O,O,O,O
TLOZJSI,O,O,O,O
TLOZSIJ,O,O,O,X
TLOZSJI,O,O,O,O
TJILSZO,O,O,O,O
TJILSOZ,X,O,O,O
TJILZSO,O,O,O,O
TJILZOS,O,O,O,O
TJILOSZ,O,O,O,O
TJILOZS,O,O,O,O
TJISLZO,O,O,O,O
TJISLOZ,X,O,O,O
TJISZLO,O,O,O,O
TJISZOL,O,O,O,O
TJISOLZ,O,X,O,O
TJISOZL,O,X,O,O
TJIZLSO,O,O,O,O
TJIZLOS,O,O,O,O
TJIZSLO,O,O,O,O
TJIZSOL,O,O,O,O
TJIZOLS,O,O,O,O
TJIZOSL,O,O,O,O
TJIOLSZ,O,O,O,O
TJIOLZS,O,O,O,O
TJIOSLZ,O,X,O,O
TJIOSZL,O,X,O,O
TJIOZLS,O,O,O,O
TJIOZSL,O,O,O,O
TJLISZO,O,O,O,O
TJLISOZ,X,O,O,O
TJLIZSO,O,O,O,O
TJLIZOS,O,O,O,O
TJLIOSZ,O,O,O,O
TJLIOZS,O,O,O,O
TJLSIZO,O,O,O,O
TJLSIOZ,X,O,O,O
TJLSZIO,O,O,O,O
TJLSZOI,O,O,O,O
TJLSOIZ,X,O,O,O
TJLSOZI,X,O,O,O
TJLZISO,O,O,O,O
TJLZIOS,O,O,O,O
TJLZSIO,O,O,O,O
TJLZSOI,O,O,O,O
TJLZOIS,O,O,O,O
TJLZOSI,O,O,O,O
TJLOISZ,O,O,O,O
TJLOIZS,O,O,O,O
TJLOSIZ,O,O,O,O
TJLOSZI,O,O,O,O
TJLOZIS,O,O,O,O
TJLOZSI,O,O,O,O
TJSILZO,O,O,O,O
TJSILOZ,X,O,O,O
TJSIZLO,O,O,O,O
TJSIZOL,O,O,O,O
TJSIOLZ,O,X,O,O
TJSIOZL,O,X,O,O
TJSLIZO,O,O,O,O
TJSLIOZ,X,O,O,O
TJSLZIO,O,O,O,O
TJSLZOI,O,O,O,O
TJSLOIZ,X,O,O,O
TJSLOZI,X,O,O,O
TJSZILO,O,O,O,O
TJSZIOL,O,O,O,O
TJSZLIO,O,O,O,O
TJSZLOI,O,O,O,O
TJSZOIL,O,O,O,O
TJSZOLI,O,O,O,O
TJSOILZ,O,X,O,O
TJSOIZL,O,X,O,O
TJSOLIZ,O,O,O,O
TJSOLZI,O,O,O,O
TJSOZIL,O,O,O,O
TJSOZLI,O,O,O,O
TJZILSO,O,O,O,O
TJZILOS,O,O,O,O
TJZISLO,O,O,O,O
TJZISOL,O,O,O,O
TJZIOLS,O,O,O,O
TJZIOSL,O,O,O,O
TJZLISO,O,O,O,O
TJZLIOS,O,O,O,O
TJZLSIO,O,O,O,O
TJZLSOI,O,O,O,O
TJZLOIS,O,O,O,O
TJZLOSI,O,O,O,O
TJZSILO,O,O,O,O
TJZSIOL,O,O,O,O
TJZSLIO,O,O,O,O
TJZSLOI,O,O,O,O
TJZSOIL,O,O,O,O
TJZSOLI,O,O,O,O
TJZOILS,O,O,O,O
TJZOISL,O,O,O,O
TJZOLIS,O,O,O,O
TJZOLSI,O,O,O,O
TJZOSIL,O,O,O,O
TJZOSLI,O,O,O,O
TJOILSZ,O,O,O,O
TJOILZS,O,O,O,O
TJOISLZ,O,X,O,O
TJOISZL,O,X,O,O
TJOIZLS,O,O,O,O
TJOIZSL,O,O,O,O
TJOLISZ,O,O,O,O
TJOLIZS,O,O,O,O
TJOLSIZ,O,O,O,O
TJOLSZI,O,O,O,O
TJOLZIS,O,O,O,O
TJOLZSI,O,O,O,O
TJOSILZ,O,X,O,O
TJOSIZL,O,X,O,O
TJOSLIZ,O,O,O,O
TJOSLZI,O,O,O,O
TJOSZIL,O,O,O,O
TJOSZLI,O,O,O,O
TJOZILS,O,O,O,O
TJOZISL,O,O,O,O
TJOZLIS,O,O,O,O
TJOZLSI,O,O,O,O
TJOZSIL,O,O,O,O
TJOZSLI,O,O,O,O
TSILJZO,O,O,O,O
TSILJOZ,X,O,O,O
TSILZJO,O,O,O,O
TSILZOJ,O,O,O,X
TSILOJZ,O,X,O,X
TSILOZJ,O,X,O,X
TSIJLZO,O,O,O,O
TSIJLOZ,X,O,O,O
TSIJZLO,O,O,O,O
TSIJZOL,O,O,O,O
TSIJOLZ,O,X,O,O
TSIJOZL,O,X,O,O
TSIZLJO,O,O,O,O
TSIZLOJ,O,O,O,X
TSIZJLO,O,O,O,O
TSIZJOL,O,O,O,O
TSIZOLJ,O,O,O,X
TSIZOJL,O,O,O,X
TSIOLJZ,O,X,O,X
TSIOLZJ,O,X,O,X
TSIOJLZ,O,X,O,X
TSIOJZL,O,X,O,X
TSIOZLJ,O,X,O,X
TSIOZJL,O,X,O,X
TSLIJZO,O,O,O,O
TSLIJOZ,X,O,O,O
TSLIZJO,O,O,O,O
TSLIZOJ,O,O,O,X
TSLIOJZ,O,X,O,X
TSLIOZJ,O,X,O,X
TSLJIZO,O,O,O,O
TSLJIOZ,X,O,O,O
TSLJZIO,O,O,O,O
TSLJZOI,O,O,O,O
TSLJOIZ,X,O,O,O
TSLJOZI,X,O,O,O
TSLZIJO,O,O,O,O
TSLZIOJ,O,O,O,X
TSLZJIO,O,O,O,O
TSLZJOI,O,O,O,O
TSLZOIJ,O,O,O,X
TSLZOJI,O,O,O,O
TSLOIJZ,O,X,O,X
TSLOIZJ,O,X,O,X
TSLOJIZ,O,X,O,O
TSLOJZI,O,X,O,O
TSLOZIJ,O,X,O,X
TSLOZJI,O,X,O,O
TSJILZO,O,O,O,O
TSJILOZ,X,O,O,O
TSJIZLO,O,O,O,O
TSJIZOL,O,O,O,O
TSJIOLZ,O,X,O,O
TSJIOZL,O,X,O,O
TSJLIZO,O,O,O,O
TSJLIOZ,X,O,O,O
TSJLZIO,O,O,O,O
TSJLZOI,O,O,O,O
TSJLOIZ,X,O,O,O
TSJLOZI,X,O,O,O
TSJZILO,O,O,O,O
TSJZIOL,O,O,O,O
TSJZLIO,O,O,O,O
TSJZLOI,O,O,O,O
TSJZOIL,O,O,O,O
TSJZOLI,O,O,O,O
TSJOILZ,O,X,O,O
TSJOIZL,O,X,O,O
TSJOLIZ,O,O,O,O
TSJOLZI,O,O,O,O
TSJOZIL,O,O,O,O
TSJOZLI,O,O,O,O
TSZILJO,O,O,O,O
TSZILOJ,O,O,O,X
TSZIJLO,O,O,O,O
TSZIJOL,O,O,O,O
TSZIOLJ,O,O,O,X
TSZIOJL,O,O,O,X
TSZLIJO,O,O,O,O
TSZLIOJ,O,O,O,X
TSZLJIO,O,O,O,O
TSZLJOI,O,O,O,O
TSZLOIJ,O,O,O,X
TSZLOJI,O,O,O,O
TSZJILO,O,O,O,O
TSZJIOL,O,O,O,O
TSZJLIO,O,O,O,O
TSZJLOI,O,O,O,O
TSZJOIL,O,O,O,O
TSZJOLI,O,O,O,O
TSZOILJ,O,O,O,X
TSZOIJL,O,O,O,X
TSZOLIJ,O,O,O,X
TSZOLJI,O,O,O,O
TSZOJIL,O,O,O,O
TSZOJLI,O,O,O,O
TSOILJZ,O,X,O,X
TSOILZJ,O,X,O,X
TSOIJLZ,O,X,O,X
TSOIJZL,O,X,O,X
TSOIZLJ,O,X,O,X
TSOIZJL,O,X,O,X
TSOLIJZ,O,X,O,X
TSOLIZJ,O,X,O,X
TSOLJIZ,O,X,O,O
TSOLJZI,O,X,O,O
TSOLZIJ,O,X,O,X
TSOLZJI,O,X,O,O
TSOJILZ,O,X,O,O
TSOJIZL,O,X,O,O
TSOJLIZ,O,X,O,O
TSOJLZI,O,X,O,O
TSOJZIL,O,X,O,O
TSOJZLI,O,X,O,O
TSOZILJ,O,X,O,X
TSOZIJL,O,X,O,X
TSOZLIJ,O,X,O,X
TSOZLJI,O,X,O,O
TSOZJIL,O,X,O,O
TSOZJLI,O,X,O,O
TZILJSO,O,O,O,O
TZILJOS,O,O,O,O
TZILSJO,O,O,O,O
TZILSOJ,O,O,O,X
TZILOJS,O,O,O,X
TZILOSJ,O,O,O,X
TZIJLSO,O,O,O,O
TZIJLOS,O,O,O,O
TZIJSLO,O,O,O,O
TZIJSOL,O,O,O,O
TZIJOLS,O,O,O,O
TZIJOSL,O,O,O,O
TZISLJO,O,O,O,O
TZISLOJ,O,O,O,X
TZISJLO,O,O,O,O
TZISJOL,O,O,O,O
TZISOLJ,O,O,O,X
TZISOJL,O,O,O,X
TZIOLJS,O,O,O,X
TZIOLSJ,O,O,O,X
TZIOJLS,O,O,O,X
TZIOJSL,O,O,O,X
TZIOSLJ,O,O,O,X
TZIOSJL,O,O,O,X
TZLIJSO,O,O,O,O
TZLIJOS,O,O,O,O
TZLISJO,O,O,O,O
TZLISOJ,O,O,O,X
TZLIOJS,O,O,O,X
TZLIOSJ,O,O,O,X
TZLJISO,O,O,O,O
TZLJIOS,O,O,O,O
TZLJSIO,O,O,O,O
TZLJSOI,O,O,O,O
TZLJOIS,O,O,O,O
TZLJOSI,O,O,O,O
TZLSIJO,O,O,O,O
TZLSIOJ,O,O,O,X
TZLSJIO,O,O,O,O
TZLSJOI,O,O,O,O
TZLSOIJ,O,O,O,X
TZLSOJI,O,O,O,O
TZLOIJS,O,O,O,X
TZLOISJ,O,O,O,X
TZLOJIS,O,O,O,O
TZLOJSI,O,O,O,O
TZLOSIJ,O,O,O,X
TZLOSJI,O,O,O,O
TZJILSO,O,O,O,O
TZJILOS,O,O,O,O
TZJISLO,O,O,O,O
TZJISOL,O,O,O,O
TZJIOLS,O,O,O,O
TZJIOSL,O,O,O,O
TZJLISO,O,O,O,O
TZJLIOS,O,O,O,O
TZJLSIO,O,O,O,O
TZJLSOI,O,O,O,O
TZJLOIS,O,O,O,O
TZJLOSI,O,O,O,O
TZJSILO,O,O,O,O
TZJSIOL,O,O,O,O
TZJSLIO,O,O,O,O
TZJSLOI,O,O,O,O
TZJSOIL,O,O,O,O
TZJSOLI,O,O,O,O
TZJOILS,O,O,O,O
TZJOISL,O,O,O,O
TZJOLIS,O,O,O,O
TZJOLSI,O,O,O,O
TZJOSIL,O,O,O,O
TZJOSLI,O,O,O,O
TZSILJO,O,O,O,O
TZSILOJ,O,O,O,X
TZSIJLO,O,O,O,O
TZSIJOL,O,O,O,O
TZSIOLJ,O,O,O,X
TZSIOJL,O,O,O,X
TZSLIJO,O,O,O,O
TZSLIOJ,O,O,O,X
TZSLJIO,O,O,O,O
TZSLJOI,O,O,O,O
TZSLOIJ,O,O,O,X
TZSLOJI,O,O,O,O
TZSJILO,O,O,O,O
TZSJIOL,O,O,O,O
TZSJLIO,O,O,O,O
TZSJLOI,O,O,O,O
TZSJOIL,O,O,O,O
TZSJOLI,O,O,O,O
TZSOILJ,O,O,O,X
TZSOIJL,O,O,O,X
TZSOLIJ,O,O,O,X
TZSOLJI,O,O,O,O
TZSOJIL,O,O,O,O
TZSOJLI,O,O,O,O
TZOILJS,O,O,O,X
TZOILSJ,O,O,O,X
TZOIJLS,O,O,O,X
TZOIJSL,O,O,O,X
TZOISLJ,O,O,O,X
TZOISJL,O,O,O,X
TZOLIJS,O,O,O,X
TZOLISJ,O,O,O,X
TZOLJIS,O,O,O,O
TZOLJSI,O,O,O,O
TZOLSIJ,O,O,O,X
TZOLSJI,O,O,O,O
TZOJILS,O,O,O,O
TZOJISL,O,O,O,O
TZOJLIS,O,O,O,O
TZOJLSI,O,O,O,O
TZOJSIL,O,O,O,O
TZOJSLI,O,O,O,O
TZOSILJ,O,O,O,X
TZOSIJL,O,O,O,X
TZOSLIJ,O,O,O,X
TZOSLJI,O,O,O,O
TZOSJIL,O,O,O,O
TZOSJLI,O,O,O,O
TOILJSZ,O,O,O,X
TOILJZS,O,O,O,X
TOILSJZ,O,X,O,X
TOILSZJ,O,X,O,X
TOILZJS,O,O,O,X
TOILZSJ,O,O,O,X
TOIJLSZ,O,O,O,X
TOIJLZS,O,O,O,X
TOIJSLZ,O,X,O,X
TOIJSZL,O,X,O,X
TOIJZLS,O,O,O,X
TOIJZSL,O,O,O,X
TOISLJZ,O,X,O,X
TOISLZJ,O,X,O,X
TOISJLZ,O,X,O,X
TOISJZL,O,X,O,X
TOISZLJ,O,X,O,X
TOISZJL,O,X,O,X
TOIZLJS,O,O,O,X
TOIZLSJ,O,O,O,X
TOIZJLS,O,O,O,X
TOIZJSL,O,O,O,X
TOIZSLJ,O,O,O,X
TOIZSJL,O,O,O,X
TOLIJSZ,O,O,O,X
TOLIJZS,O,O,O,X
TOLISJZ,O,X,O,X
TOLISZJ,O,X,O,X
TOLIZJS,O,O,O,X
TOLIZSJ,O,O,O,X
TOLJISZ,O,O,O,O
TOLJIZS,O,O,O,O
TOLJSIZ,O,O,O,O
TOLJSZI,O,O,O,O
TOLJZIS,O,O,O,O
TOLJZSI,O,O,O,O
TOLSIJZ,O,X,O,X
TOLSIZJ,O,X,O,X
TOLSJIZ,O,X,O,O
TOLSJZI,O,X,O,O
TOLSZIJ,O,X,O,X
TOLSZJI,O,X,O,O
TOLZIJS,O,O,O,X
TOLZISJ,O,O,O,X
TOLZJIS,O,O,O,O
TOLZJSI,O,O,O,O
TOLZSIJ,O,O,O,X
TOLZSJI,O,O,O,O
TOJILSZ,O,O,O,O
TOJILZS,O,O,O,O
TOJISLZ,O,X,O,O
TOJISZL,O,X,O,O
TOJIZLS,O,O,O,O
TOJIZSL,O,O,O,O
TOJLISZ,O,O,O,O
TOJLIZS,O,O,O,O
TOJLSIZ,O,O,O,O
TOJLSZI,O,O,O,O
TOJLZIS,O,O,O,O
TOJLZSI,O,O,O,O
TOJSILZ,O,X,O,O
TOJSIZL,O,X,O,O
TOJSLIZ,O,O,O,O
TOJSLZI,O,O,O,O
TOJSZIL,O,O,O,O
TOJSZLI,O,O,O,O
TOJZILS,O,O,O,O
TOJZISL,O,O,O,O
TOJZLIS,O,O,O,O
TOJZLSI,O,O,O,O
TOJZSIL,O,O,O,O
TOJZSLI,O,O,O,O
TOSILJZ,O,X,O,X
TOSILZJ,O,X,O,X
TOSIJLZ,O,X,O,X
TOSIJZL,O,X,O,X
TOSIZLJ,O,X,O,X
TOSIZJL,O,X,O,X
TOSLIJZ,O,X,O,X
TOSLIZJ,O,X,O,X
TOSLJIZ,O,X,O,O
TOSLJZI,O,X,O,O
TOSLZIJ,O,X,O,X
TOSLZJI,O,X,O,O
TOSJILZ,O,X,O,O
TOSJIZL,O,X,O,O
TOSJLIZ,O,X,O,O
TOSJLZI,O,X,O,O
TOSJZIL,O,X,O,O
TOSJZLI,O,X,O,O
TOSZILJ,O,X,O,X
TOSZIJL,O,X,O,X
TOSZLIJ,O,X,O,X
TOSZLJI,O,X,O,O
TOSZJIL,O,X,O,O
TOSZJLI,O,X,O,O
TOZILJS,O,O,O,X
TOZILSJ,O,O,O,X
TOZIJLS,O,O,O,X
TOZIJSL,O,O,O,X
TOZISLJ,O,O,O,X
TOZISJL,O,O,O,X
TOZLIJS,O,O,O,X
TOZLISJ,O,O,O,X
TOZLJIS,O,O,O,O
TOZLJSI,O,O,O,O
TOZLSIJ,O,O,O,X
TOZLSJI,O,O,O,O
TOZJILS,O,O,O,O
TOZJISL,O,O,O,O
TOZJLIS,O,O,O,O
TOZJLSI,O,O,O,O
TOZJSIL,O,O,O,O
TOZJSLI,O,O,O,O
TOZSILJ,O,O,O,X
TOZSIJL,O,O,O,X
TOZSLIJ,O,O,O,X
TOZSLJI,O,O,O,O
TOZSJIL,O,O,O,O
TOZSJLI,O,O,O,O
ITLJSZO,O,O,O,O
ITLJSOZ,X,O,O,O
ITLJZSO,O,O,O,O
ITLJZOS,O,O,O,O
ITLJOSZ,O,O,O,O
ITLJOZS,O,O,O,O
ITLSJZO,O,O,O,O
ITLSJOZ,X,O,O,O
ITLSZJO,O,O,O,O
ITLSZOJ,O,O,O,X
ITLSOJZ,O,X,X,X
ITLSOZJ,O,X,O,X
ITLZJSO,O,O,O,O
ITLZJOS,O,O,O,O
ITLZSJO,O,O,O,O
ITLZSOJ,O,O,O,X
ITLZOJS,O,O,X,X
ITLZOSJ,O,O,O,X
ITLOJSZ,O,O,X,X
ITLOJZS,O,O,X,X
ITLOSJZ,O,X,X,X
ITLOSZJ,O,X,X,X
ITLOZJS,O,O,X,X
ITLOZSJ,O,O,X,X
ITJLSZO,O,O,O,O
ITJLSOZ,X,O,O,O
ITJLZSO,O,O,O,O
ITJLZOS,O,O,O,O
ITJLOSZ,O,O,O,O
ITJLOZS,O,O,O,O
ITJSLZO,O,O,O,O
ITJSLOZ,X,O,O,O
ITJSZLO,O,O,O,O
ITJSZOL,O,O,O,O
ITJSOLZ,O,X,O,O
ITJSOZL,O,X,O,O
ITJZLSO,O,O,O,O
ITJZLOS,O,O,O,O
ITJZSLO,O,O,O,O
ITJZSOL,O,O,O,O
ITJZOLS,O,O,O,O
ITJZOSL,O,O,O,O
ITJOLSZ,O,O,O,O
ITJOLZS,O,O,O,O
ITJOSLZ,O,X,O,O
ITJOSZL,O,X,O,O
ITJOZLS,O,O,O,O
ITJOZSL,O,O,O,O
ITSLJZO,O,O,O,O
ITSLJOZ,X,O,O,O
ITSLZJO,O,O,O,O
ITSLZOJ,O,O,O,X
ITSLOJZ,O,X,O,X
ITSLOZJ,O,X,O,X
ITSJLZO,O,O,O,O
ITSJLOZ,X,O,O,O
ITSJZLO,O,O,O,O
ITSJZOL,O,O,O,O
ITSJOLZ,O,X,O,O
ITSJOZL,O,X,O,O
ITSZLJO,O,O,O,O
ITSZLOJ,O,O,O,X
ITSZJLO,O,O,O,O
ITSZJOL,O,O,O,O
ITSZOLJ,O,O,O,X
ITSZOJL,O,O,O,X
ITSOLJZ,O,X,O,X
ITSOLZJ,O,X,O,X
ITSOJLZ,O,X,O,X
ITSOJZL,O,X,O,X
ITSOZLJ,O,X,O,X
ITSOZJL,O,X,O,X
ITZLJSO,O,O,O,O
ITZLJOS,O,O,O,O
ITZLSJO,O,O,O,O
ITZLSOJ,O,O,O,X
ITZLOJS,O,O,O,X
ITZLOSJ,O,O,O,X
ITZJLSO,O,O,O,O
ITZJLOS,O,O,O,O
ITZJSLO,O,O,O,O
ITZJSOL,O,O,O,O
ITZJOLS,O,O,O,O
ITZJOSL,O,O,O,O
ITZSLJO,O,O,O,O
ITZSLOJ,O,O,O,X
ITZSJLO,O,O,O,O
ITZSJOL,O,O,O,O
ITZSOLJ,O,O,O,X
ITZSOJL,O,O,O,X
ITZOLJS,O,O,O,X
ITZOLSJ,O,O,O,X
ITZOJLS,O,O,O,X
ITZOJSL,O,O,O,X
ITZOSLJ,O,O,O,X
ITZOSJL,O,O,O,X
ITOLJSZ,O,O,O,X
ITOLJZS,O,O,O,X
ITOLSJZ,O,X,O,X
ITOLSZJ,O,X,O,X
ITOLZJS,O,O,O,X
ITOLZSJ,O,O,O,X
ITOJLSZ,O,O,O,X
ITOJLZS,O,O,O,X
ITOJSLZ,O,X,O,X
ITOJSZL,O,X,O,X
ITOJZLS,O,O,O,X
ITOJZSL,O,O,O,X
ITOSLJZ,O,X,O,X
ITOSLZJ,O,X,O,X
ITOSJLZ,O,X,O,X
ITOSJZL,O,X,O,X
ITOSZLJ,O,X,O,X
ITOSZJL,O,X,O,X
ITOZLJS,O,O,O,X
ITOZLSJ,O,O,O,X
ITOZJLS,O,O,O,X
ITOZJSL,O,O,O,X
ITOZSLJ,O,O,O,X
ITOZSJL,O,O,O,X
ILTJSZO,O,O,O,O
ILTJSOZ,X,O,O,O
ILTJZSO,O,O,O,O
ILTJZOS,O,O,O,O
ILTJOSZ,O,O,O,O
ILTJOZS,O,O,O,O
ILTSJZO,O,O,O,O
ILTSJOZ,X,O,O,O
ILTSZJO,O,O,O,O
ILTSZOJ,O,O,O,X
ILTSOJZ,O,X,X,X
ILTSOZJ,O,X,O,X
ILTZJSO,O,O,O,O
ILTZJOS,O,O,O,O
ILTZSJO,O,O,O,O
ILTZSOJ,O,O,O,X
ILTZOJS,O,O,X,X
ILTZOSJ,O,O,O,X
ILTOJSZ,O,O,X,X
ILTOJZS,O,O,X,X
ILTOSJZ,O,X,X,X
ILTOSZJ,O,X,X,X
ILTOZJS,O,O,X,X
ILTOZSJ,O,O,X,X
ILJTSZO,O,O,O,O
ILJTSOZ,X,O,O,O
ILJTZSO,O,O,O,O
ILJTZOS,O,O,O,O
ILJTOSZ,O,O,O,O
ILJTOZS,O,O,O,O
ILJSTZO,O,O,O,O
ILJSTOZ,X,O,O,X
ILJSZTO,O,O,O,O
ILJSZOT,O,O,O,O
ILJSOTZ,X,O,O,X
ILJSOZT,X,O,O,O
ILJZTSO,O,O,O,O
ILJZTOS,O,O,O,O
ILJZSTO,O,O,O,O
ILJZSOT,O,O,O,O
ILJZOTS,O,O,O,X
ILJZOST,O,O,O,O
ILJOTSZ,O,O,O,X
ILJOTZS,O,O,O,X
ILJOSTZ,O,O,O,X
ILJOSZT,O,O,O,O
ILJOZTS,O,O,O,X
ILJOZST,O,O,O,O
ILSTJZO,O,O,X,O
ILSTJOZ,X,O,X,X
ILSTZJO,O,O,X,X
ILSTZOJ,O,O,X,X
ILSTOJZ,O,X,X,X
ILSTOZJ,O,X,X,X
ILSJTZO,O,O,X,O
ILSJTOZ,X,O,X,X
ILSJZTO,O,O,X,O
ILSJZOT,O,O,X,O
ILSJOTZ,X,O,X,X
ILSJOZT,X,O,X,O
ILSZTJO,O,O,X,O
ILSZTOJ,O,O,X,X
ILSZJTO,O,O,X,O
ILSZJOT,O,O,X,O
ILSZOTJ,O,O,X,X
ILSZOJT,O,O,X,X
ILSOTJZ,O,X,X,X
ILSOTZJ,O,X,X,X
ILSOJTZ,O,X,X,X
ILSOJZT,O,X,X,O
ILSOZTJ,O,X,X,X
ILSOZJT,O,X,X,X
ILZTJSO,O,O,O,O
ILZTJOS,O,O,O,O
ILZTSJO,O,O,O,O
ILZTSOJ,O,O,O,X
ILZTOJS,O,O,O,X
ILZTOSJ,O,O,O,X
ILZJTSO,O,O,O,O
ILZJTOS,O,O,O,O
ILZJSTO,O,O,O,O
ILZJSOT,O,O,O,O
ILZJOTS,O,O,O,X
ILZJOST,O,O,O,O
ILZSTJO,O,O,O,O
ILZSTOJ,O,O,O,X
ILZSJTO,O,O,O,O
ILZSJOT,O,O,O,O
ILZSOTJ,O,O,O,X
ILZSOJT,O,O,O,X
ILZOTJS,O,O,O,X
ILZOTSJ,O,O,O,X
ILZOJTS,O,O,O,X
ILZOJST,O,O,O,O
ILZOSTJ,O,O,O,X
ILZOSJT,O,O,O,X
ILOTJSZ,O,O,O,X
ILOTJZS,O,O,O,X
ILOTSJZ,O,X,O,X
ILOTSZJ,O,X,O,X
ILOTZJS,O,O,O,X
ILOTZSJ,O,O,O,X
ILOJTSZ,O,O,O,X
ILOJTZS,O,O,O,X
ILOJSTZ,O,O,O,X
ILOJSZT,O,O,O,X
ILOJZTS,O,O,O,X
ILOJZST,O,O,O,X
ILOSTJZ,O,X,O,X
ILOSTZJ,O,X,O,X
ILOSJTZ,O,X,O,X
ILOSJZT,O,X,O,X
ILOSZTJ,O,X,O,X
ILOSZJT,O,X,O,X
ILOZTJS,O,O,O,X
ILOZTSJ,O,O,O,X
ILOZJTS,O,O,O,X
ILOZJST,O,O,O,X
ILOZSTJ,O,O,O,X
ILOZSJT,O,O,O,X
IJTLSZO,O,O,O,O
IJTLSOZ,X,O,O,O
IJTLZSO,O,O,O,O
IJTLZOS,O,O,O,O
IJTLOSZ,O,O,O,O
IJTLOZS,O,O,O,O
IJTSLZO,O,O,O,O
IJTSLOZ,X,O,O,O
IJTSZLO,O,O,O,O
IJTSZOL,O,O,O,O
IJTSOLZ,O,X,O,O
IJTSOZL,O,X,O,O
IJTZLSO,O,O,O,O
IJTZLOS,O,O,O,O
IJTZSLO,O,O,O,O
IJTZSOL,O,O,O,O
IJTZOLS,O,O,O,O
IJTZOSL,O,O,O,O
IJTOLSZ,O,O,O,O
IJTOLZS,O,O,O,O
IJTOSLZ,O,X,O,O
IJTOSZL,O,X,O,O
IJTOZLS,O,O,O,O
IJTOZSL,O,O,O,O
IJLTSZO,O,O,O,O
IJLTSOZ,X,O,O,O
IJLTZSO,O,O,O,O
IJLTZOS,O,O,O,O
IJLTOSZ,O,O,O,O
IJLTOZS,O,O,O,O
IJLSTZO,O,O,O,O
IJLSTOZ,X,O,O,X
IJLSZTO,O,O,O,O
IJLSZOT,O,O,O,O
IJLSOTZ,X,O,O,X
IJLSOZT,X,O,O,O
IJLZTSO,O,O,O,O
IJLZTOS,O,O,O,O
IJLZSTO,O,O,O,O
IJLZSOT,O,O,O,O
IJLZOTS,O,O,O,X
IJLZOST,O,O,O,O
IJLOTSZ,O,O,O,X
IJLOTZS,O,O,O,X
IJLOSTZ,O,O,O,X
IJLOSZT,O,O,O,O
IJLOZTS,O,O,O,X
IJLOZST,O,O,O,O
IJSTLZO,O,O,O,O
IJSTLOZ,X,O,O,O
IJSTZLO,O,O,O,O
IJSTZOL,O,O,O,O
IJSTOLZ,O,X,O,O
IJSTOZL,O,X,O,O
IJSLTZO,O,O,O,O
IJSLTOZ,X,O,O,X
IJSLZTO,O,O,O,O
IJSLZOT,O,O,O,O
IJSLOTZ,X,O,O,X
IJSLOZT,X,O,O,O
IJSZTLO,O,O,O,O
IJSZTOL,O,O,O,O
IJSZLTO,O,O,O,O
IJSZLOT,O,O,O,O
IJSZOTL,O,O,O,X
IJSZOLT,O,O,O,X
IJSOTLZ,O,X,O,X
IJSOTZL,O,X,O,X
IJSOLTZ,O,X,O,X
IJSOLZT,O,X,O,X
IJSOZTL,O,X,O,X
IJSOZLT,O,X,O,X
IJZTLSO,O,O,O,O
IJZTLOS,O,O,O,O
IJZTSLO,O,O,O,O
IJZTSOL,O,O,O,O
IJZTOLS,O,O,O,O
IJZTOSL,O,O,O,O
IJZLTSO,O,O,O,O
IJZLTOS,O,O,O,O
IJZLSTO,O,O,O,O
IJZLSOT,O,O,O,O
IJZLOTS,O,O,O,X
IJZLOST,O,O,O,O
IJZSTLO,O,O,O,O
IJZSTOL,O,O,O,O
IJZSLTO,O,O,O,O
IJZSLOT,O,O,O,O
IJZSOTL,O,O,O,X
IJZSOLT,O,O,O,X
IJZOTLS,O,O,O,O
IJZOTSL,O,O,O,O
IJZOLTS,O,O,O,X
IJZOLST,O,O,O,O
IJZOSTL,O,O,O,X
IJZOSLT,O,O,O,X
IJOTLSZ,O,O,O,O
IJOTLZS,O,O,O,O
IJOTSLZ,O,X,O,O
IJOTSZL,O,X,O,O
IJOTZLS,O,O,O,O
IJOTZSL,O,O,O,O
IJOLTSZ,O,O,O,X
IJOLTZS,O,O,O,X
IJOLSTZ,O,O,O,X
IJOLSZT,O,O,O,O
IJOLZTS,O,O,O,X
IJOLZST,O,O,O,O
IJOSTLZ,O,X,O,X
IJOSTZL,O,X,O,X
IJOSLTZ,O,X,O,X
IJOSLZT,O,X,O,X
IJOSZTL,O,X,O,X
IJOSZLT,O,X,O,X
IJOZTLS,O,O,O,O
IJOZTSL,O,O,O,O
IJOZLTS,O,O,O,X
IJOZLST,O,O,O,O
IJOZSTL,O,O,O,X
IJOZSLT,O,O,O,X
ISTLJZO,O,O,X,X
ISTLJOZ,X,O,X,X
ISTLZJO,O,O,X,X
ISTLZOJ,O,O,X,X
ISTLOJZ,O,X,X,X
ISTLOZJ,O,X,X,X
ISTJLZO,O,O,X,X
ISTJLOZ,X,O,X,X
ISTJZLO,O,O,X,X
ISTJZOL,O,O,X,X
ISTJOLZ,O,X,X,X
ISTJOZL,O,X,X,X
ISTZLJO,O,O,X,X
ISTZLOJ,O,O,X,X
ISTZJLO,O,O,X,X
ISTZJOL,O,O,X,X
ISTZOLJ,O,O,X,X
ISTZOJL,O,O,X,X
ISTOLJZ,O,X,X,X
ISTOLZJ,O,X,X,X
ISTOJLZ,O,X,X,X
ISTOJZL,O,X,X,X
ISTOZLJ,O,X,X,X
ISTOZJL,O,X,X,X
ISLTJZO,O,O,X,X
ISLTJOZ,X,O,X,X
ISLTZJO,O,O,X,X
ISLTZOJ,O,O,X,X
ISLTOJZ,O,X,X,X
ISLTOZJ,O,X,X,X
ISLJTZO,O,O,X,X
ISLJTOZ,X,O,X,X
ISLJZTO,O,O,X,X
ISLJZOT,O,O,X,X
ISLJOTZ,X,O,X,X
ISLJOZT,X,O,X,X
ISLZTJO,O,O,X,X
ISLZTOJ,O,O,X,X
ISLZJTO,O,O,X,X
ISLZJOT,O,O,X,X
ISLZOTJ,O,O,X,X
ISLZOJT,O,O,X,X
ISLOTJZ,O,X,X,X
ISLOTZJ,O,X,X,X
ISLOJTZ,O,X,X,X
ISLOJZT,O,X,X,X
ISLOZTJ,O,X,X,X
ISLOZJT,O,X,X,X
ISJTLZO,O,O,X,X
ISJTLOZ,X,O,X,X
ISJTZLO,O,O,X,X
ISJTZOL,O,O,X,X
ISJTOLZ,O,X,X,X
ISJTOZL,O,X,X,X
ISJLTZO,O,O,X,X
ISJLTOZ,X,O,X,X
ISJLZTO,O,O,X,X
ISJLZOT,O,O,X,X
ISJLOTZ,X,O,X,X
ISJLOZT,X,O,X,X
ISJZTLO,O,O,X,X
ISJZTOL,O,O,X,X
ISJZLTO,O,O,X,X
ISJZLOT,O,O,X,X
ISJZOTL,O,O,X,X
ISJZOLT,O,O,X,X
ISJOTLZ,O,X,X,X
ISJOTZL,O,X,X,X
ISJOLTZ,O,X,X,X
ISJOLZT,O,X,X,X
ISJOZTL,O,X,X,X
ISJOZLT,O,X,X,X
ISZTLJO,O,O,X,X
ISZTLOJ,O,O,X,X
ISZTJLO,O,O,X,X
ISZTJOL,O,O,X,X
ISZTOLJ,O,O,X,X
ISZTOJL,O,O,X,X
ISZLTJO,O,O,X,X
ISZLTOJ,O,O,X,X
ISZLJTO,O,O,X,X
ISZLJOT,O,O,X,X
ISZLOTJ,O,O,X,X
ISZLOJT,O,O,X,X
ISZJTLO,O,O,X,X
ISZJTOL,O,O,X,X
ISZJLTO,O,O,X,X
ISZJLOT,O,O,X,X
ISZJOTL,O,O,X,X
ISZJOLT,O,O,X,X
ISZOTLJ,O,O,X,X
ISZOTJL,O,O,X,X
ISZOLTJ,O,O,X,X
ISZOLJT,O,O,X,X
ISZOJTL,O,O,X,X
ISZOJLT,O,O,X,X
ISOTLJZ,O,X,X,X
ISOTLZJ,O,X,X,X
ISOTJLZ,O,X,X,X
ISOTJZL,O,X,X,X
ISOTZLJ,O,X,X,X
ISOTZJL,O,X,X,X
ISOLTJZ,O,X,X,X
ISOLTZJ,O,X,X,X
ISOLJTZ,O,X,X,X
ISOLJZT,O,X,X,X
ISOLZTJ,O,X,X,X
ISOLZJT,O,X,X,X
ISOJTLZ,O,X,X,X
ISOJTZL,O,X,X,X
ISOJLTZ,O,X,X,X
ISOJLZT,O,X,X,X
ISOJZTL,O,X,X,X
ISOJZLT,O,X,X,X
ISOZTLJ,O,X,X,X
ISOZTJL,O,X,X,X
ISOZLTJ,O,X,X,X
ISOZLJT,O,X,X,X
ISOZJTL,O,X,X,X
ISOZJLT,O,X,X,X
IZTLJSO,O,O,O,O
IZTLJOS,O,O,O,O
IZTLSJO,O,O,O,O
IZTLSOJ,O,O,O,X
IZTLOJS,O,O,O,X
IZTLOSJ,O,O,O,X
IZTJLSO,O,O,O,O
IZTJLOS,O,O,O,O
IZTJSLO,O,O,O,O
IZTJSOL,O,O,O,O
IZTJOLS,O,O,O,O
IZTJOSL,O,O,O,O
IZTSLJO,O,O,O,O
IZTSLOJ,O,O,O,X
IZTSJLO,O,O,O,O
IZTSJOL,O,O,O,O
IZTSOLJ,O,O,O,X
IZTSOJL,O,O,O,X
IZTOLJS,O,O,O,X
IZTOLSJ,O,O,O,X
IZTOJLS,O,O,O,X
IZTOJSL,O,O,O,X
IZTOSLJ,O,O,O,X
IZTOSJL,O,O,O,X
IZLTJSO,O,O,O,O
IZLTJOS,O,O,O,O
IZLTSJO,O,O,O,O
IZLTSOJ,O,O,O,X
IZLTOJS,O,O,O,X
IZLTOSJ,O,O,O,X
IZLJTSO,O,O,O,O
IZLJTOS,O,O,O,O
IZLJSTO,O,O,O,O
IZLJSOT,O,O,O,O
IZLJOTS,O,O,O,X
IZLJOST,O,O,O,O
IZLSTJO,O,O,O,O
IZLSTOJ,O,O,O,X
IZLSJTO,O,O,O,O
IZLSJOT,O,O,O,O
IZLSOTJ,O,O,O,X
IZLSOJT,O,O,O,X
IZLOTJS,O,O,O,X
IZLOTSJ,O,O,O,X
IZLOJTS,O,O,O,X
IZLOJST,O,O,O,O
IZLOSTJ,O,O,O,X
IZLOSJT,O,O,O,X
IZJTLSO,O,O,O,O
IZJTLOS,O,O,O,O
IZJTSLO,O,O,O,O
IZJTSOL,O,O,O,O
IZJTOLS,O,O,O,O
IZJTOSL,O,O,O,O
IZJLTSO,O,O,O,O
IZJLTOS,O,O,O,O
IZJLSTO,O,O,O,O
IZJLSOT,O,O,O,O
IZJLOTS,O,O,O,X
IZJLOST,O,O,O,O
IZJSTLO,O,O,O,O
IZJSTOL,O,O,O,O
IZJSLTO,O,O,O,O
IZJSLOT,O,O,O,O
IZJSOTL,O,O,O,X
IZJSOLT,O,O,O,X
IZJOTLS,O,O,O,O
IZJOTSL,O,O,O,O
IZJOLTS,O,O,O,X
IZJOLST,O,O,O,O
IZJOSTL,O,O,O,X
IZJOSLT,O,O,O,X
IZSTLJO,O,O,O,X
IZSTLOJ,O,O,O,X
IZSTJLO,O,O,O,X
IZSTJOL,O,O,O,X
IZSTOLJ,O,O,O,X
IZSTOJL,O,O,O,X
IZSLTJO,O,O,O,X
IZSLTOJ,O,O,O,X
IZSLJTO,O,O,O,O
IZSLJOT,O,O,O,O
IZSLOTJ,O,O,O,X
IZSLOJT,O,O,O,X
IZSJTLO,O,O,O,O
IZSJTOL,O,O,O,O
IZSJLTO,O,O,O,O
IZSJLOT,O,O,O,O
IZSJOTL,O,O,O,X
IZSJOLT,O,O,O,X
IZSOTLJ,O,O,O,X
IZSOTJL,O,O,X,X
IZSOLTJ,O,O,O,X
IZSOLJT,O,O,O,X
IZSOJTL,O,O,O,X
IZSOJLT,O,O,O,X
IZOTLJS,O,O,O,X
IZOTLSJ,O,O,O,X
IZOTJLS,O,O,O,X
IZOTJSL,O,O,O,X
IZOTSLJ,O,O,O,X
IZOTSJL,O,O,O,X
IZOLTJS,O,O,O,X
IZOLTSJ,O,O,O,X
IZOLJTS,O,O,O,X
IZOLJST,O,O,O,O
IZOLSTJ,O,O,O,X
IZOLSJT,O,O,O,X
IZOJTLS,O,O,O,O
IZOJTSL,O,O,O,O
IZOJLTS,O,O,O,X
IZOJLST,O,O,O,O
IZOJSTL,O,O,O,X
IZOJSLT,O,O,O,X
IZOSTLJ,O,O,O,X
IZOSTJL,O,O,O,X
IZOSLTJ,O,O,O,X
IZOSLJT,O,O,O,X
IZOSJTL,O,O,O,X
IZOSJLT,O,O,O,X
IOTLJSZ,O,O,O,X
IOTLJZS,O,O,O,X
IOTLSJZ,O,X,O,X
IOTLSZJ,O,X,O,X
IOTLZJS,O,O,O,X
IOTLZSJ,O,O,O,X
IOTJLSZ,O,O,O,X
IOTJLZS,O,O,O,X
IOTJSLZ,O,X,O,X
IOTJSZL,O,X,O,X
IOTJZLS,O,O,O,X
IOTJZSL,O,O,O,X
IOTSLJZ,O,X,O,X
IOTSLZJ,O,X,O,X
IOTSJLZ,O,X,O,X
IOTSJZL,O,X,O,X
IOTSZLJ,O,X,O,X
IOTSZJL,O,X,O,X
IOTZLJS,O,O,O,X
IOTZLSJ,O,O,O,X
IOTZJLS,O,O,O,X
IOTZJSL,O,O,O,X
IOTZSLJ,O,O,O,X
IOTZSJL,O,O,O,X
IOLTJSZ,O,O,O,X
IOLTJZS,O,O,O,X
IOLTSJZ,O,X,O,X
IOLTSZJ,O,X,O,X
IOLTZJS,O,O,O,X
IOLTZSJ,O,O,O,X
IOLJTSZ,O,O,O,X
IOLJTZS,O,O,O,X
IOLJSTZ,O,O,O,X
IOLJSZT,O,O,O,X
IOLJZTS,O,O,O,X
IOLJZST,O,O,O,X
IOLSTJZ,O,X,O,X
IOLSTZJ,O,X,O,X
IOLSJTZ,O,X,O,X
IOLSJZT,O,X,O,X
IOLSZTJ,O,X,O,X
IOLSZJT,O,X,O,X
IOLZTJS,O,O,O,X
IOLZTSJ,O,O,O,X
IOLZJTS,O,O,O,X
IOLZJST,O,O,O,X
IOLZSTJ,O,O,O,X
IOLZSJT,O,O,O,X
IOJTLSZ,O,O,O,X
IOJTLZS,O,O,O,X
IOJTSLZ,O,X,O,X
IOJTSZL,O,X,O,X
IOJTZLS,O,O,O,X
IOJTZSL,O,O,O,X
IOJLTSZ,O,O,O,X
IOJLTZS,O,O,O,X
IOJLSTZ,O,O,O,X
IOJLSZT,O,O,O,X
IOJLZTS,O,O,O,X
IOJLZST,O,O,O,X
IOJSTLZ,O,X,O,X
IOJSTZL,O,X,O,X
IOJSLTZ,O,X,O,X
IOJSLZT,O,X,O,X
IOJSZTL,O,X,O,X
IOJSZLT,O,X,O,X
IOJZTLS,O,O,O,X
IOJZTSL,O,O,O,X
IOJZLTS,O,O,O,X
IOJZLST,O,O,O,X
IOJZSTL,O,O,O,X
IOJZSLT,O,O,O,X
IOSTLJZ,O,X,O,X
IOSTLZJ,O,X,O,X
IOSTJLZ,O,X,O,X
IOSTJZL,O,X,O,X
IOSTZLJ,O,X,O,X
IOSTZJL,O,X,X,X
IOSLTJZ,O,X,O,X
IOSLTZJ,O,X,O,X
IOSLJTZ,O,X,O,X
IOSLJZT,O,X,O,X
IOSLZTJ,O,X,O,X
IOSLZJT,O,X,O,X
IOSJTLZ,O,X,O,X
IOSJTZL,O,X,O,X
IOSJLTZ,O,X,O,X
IOSJLZT,O,X,O,X
IOSJZTL,O,X,O,X
IOSJZLT,O,X,O,X
IOSZTLJ,O,X,O,X
IOSZTJL,O,X,O,X
IOSZLTJ,O,X,O,X
IOSZLJT,O,X,O,X
IOSZJTL,O,X,O,X
IOSZJLT,O,X,O,X
IOZTLJS,O,O,O,X
IOZTLSJ,O,O,O,X
IOZTJLS,O,O,O,X
IOZTJSL,O,O,O,X
IOZTSLJ,O,O,O,X
IOZTSJL,O,O,O,X
IOZLTJS,O,O,O,X
IOZLTSJ,O,O,O,X
IOZLJTS,O,O,O,X
IOZLJST,O,O,O,X
IOZLSTJ,O,O,O,X
IOZLSJT,O,O,O,X
IOZJTLS,O,O,O,X
IOZJTSL,O,O,O,X
IOZJLTS,O,O,O,X
IOZJLST,O,O,O,X
IOZJSTL,O,O,O,X
IOZJSLT,O,O,O,X
IOZSTLJ,O,O,O,X
IOZSTJL,O,O,O,X
IOZSLTJ,O,O,O,X
IOZSLJT,O,O,O,X
IOZSJTL,O,O,O,X
IOZSJLT,O,O,O,X
LTIJSZO,O,O,O,O
LTIJSOZ,X,O,O,O
LTIJZSO,O,O,O,O
LTIJZOS,O,O,O,O
LTIJOSZ,O,O,O,O
LTIJOZS,O,O,O,O
LTISJZO,O,O,O,O
LTISJOZ,X,O,O,O
LTISZJO,O,O,O,O
LTISZOJ,O,O,O,X
LTISOJZ,O,X,X,X
LTISOZJ,O,X,O,X
LTIZJSO,O,O,O,O
LTIZJOS,O,O,O,O
LTIZSJO,O,O,O,O
LTIZSOJ,O,O,O,X
LTIZOJS,O,O,X,X
LTIZOSJ,O,O,O,X
LTIOJSZ,O,O,X,X
LTIOJZS,O,O,X,X
LTIOSJZ,O,X,X,X
LTIOSZJ,O,X,X,X
LTIOZJS,O,O,X,X
LTIOZSJ,O,O,X,X
LTJISZO,O,O,O,O
LTJISOZ,X,O,O,O
LTJIZSO,O,O,O,O
LTJIZOS,O,O,O,O
LTJIOSZ,O,O,O,O
LTJIOZS,O,O,O,O
LTJSIZO,O,O,O,O
LTJSIOZ,X,O,O,O
LTJSZIO,O,O,O,O
LTJSZOI,O,O,O,O
LTJSOIZ,X,O,O,O
LTJSOZI,X,O,O,O
LTJZISO,O,O,O,O
LTJZIOS,O,O,O,O
LTJZSIO,O,O,O,O
LTJZSOI,O,O,O,O
LTJZOIS,O,O,O,O
LTJZOSI,O,O,O,O
LTJOISZ,O,O,O,O
LTJOIZS,O,O,O,O
LTJOSIZ,O,O,O,O
LTJOSZI,O,O,O,O
LTJOZIS,O,O,O,O
LTJOZSI,O,O,O,O
LTSIJZO,O,O,O,O
LTSIJOZ,X,O,O,O
LTSIZJO,O,O,O,O
LTSIZOJ,O,O,O,X
LTSIOJZ,O,X,O,X
LTSIOZJ,O,X,O,X
LTSJIZO,O,O,O,O
LTSJIOZ,X,O,O,O
LTSJZIO,O,O,O,O
LTSJZOI,O,O,O,O
LTSJOIZ,X,O,O,O
LTSJOZI,X,O,O,O
LTSZIJO,O,O,O,O
LTSZIOJ,O,O,O,X
LTSZJIO,O,O,O,O
LTSZJOI,O,O,O,O
LTSZOIJ,O,O,O,X
LTSZOJI,O,O,O,O
LTSOIJZ,O,X,O,X
LTSOIZJ,O,X,O,X
LTSOJIZ,O,X,O,O
LTSOJZI,O,X,O,O
LTSOZIJ,O,X,O,X
LTSOZJI,O,X,O,O
LTZIJSO,O,O,O,O
LTZIJOS,O,O,O,O
LTZISJO,O,O,O,O
LTZISOJ,O,O,O,X
LTZIOJS,O,O,O,X
LTZIOSJ,O,O,O,X
LTZJISO,O,O,O,O
LTZJIOS,O,O,O,O
LTZJSIO,O,O,O,O
LTZJSOI,O,O,O,O
LTZJOIS,O,O,O,O
LTZJOSI,O,O,O,O
LTZSIJO,O,O,O,O
LTZSIOJ,O,O,O,X
LTZSJIO,O,O,O,O
LTZSJOI,O,O,O,O
LTZSOIJ,O,O,O,X
LTZSOJI,O,O,O,O
LTZOIJS,O,O,O,X
LTZOISJ,O,O,O,X
LTZOJIS,O,O,O,O
LTZOJSI,O,O,O,O
LTZOSIJ,O,O,O,X
LTZOSJI,O,O,O,O
LTOIJSZ,O,O,O,X
LTOIJZS,O,O,O,X
LTOISJZ,O,X,O,X
LTOISZJ,O,X,O,X
LTOIZJS,O,O,O,X
LTOIZSJ,O,O,O,X
LTOJISZ,O,O,O,O
LTOJIZS,O,O,O,O
LTOJSIZ,O,O,O,O
LTOJSZI,O,O,O,O
LTOJZIS,O,O,O,O
LTOJZSI,O,O,O,O
LTOSIJZ,O,X,O,X
LTOSIZJ,O,X,O,X
LTOSJIZ,O,X,O,O
LTOSJZI,O,X,O,O
LTOSZIJ,O,X,O,X
LTOSZJI,O,X,O,O
LTOZIJS,O,O,O,X
LTOZISJ,O,O,O,X
LTOZJIS,O,O,O,O
LTOZJSI,O,O,O,O
LTOZSIJ,O,O,O,X
LTOZSJI,O,O,O,O
LITJSZO,O,O,O,O
LITJSOZ,X,O,O,O
LITJZSO,O,O,O,O
LITJZOS,O,O,O,O
LITJOSZ,O,O,O,O
LITJOZS,O,O,O,O
LITSJZO,O,O,O,O
LITSJOZ,X,O,O,O
LITSZJO,O,O,O,O
LITSZOJ,O,O,O,X
LITSOJZ,O,X,X,X
LITSOZJ,O,X,O,X
LITZJSO,O,O,O,O
LITZJOS,O,O,O,O
LITZSJO,O,O,O,O
LITZSOJ,O,O,O,X
LITZOJS,O,O,X,X
LITZOSJ,O,O,O,X
LITOJSZ,O,O,X,X
LITOJZS,O,O,X,X
LITOSJZ,O,X,X,X
LITOSZJ,O,X,X,X
LITOZJS,O,O,X,X
LITOZSJ,O,O,X,X
LIJTSZO,O,O,O,O
LIJTSOZ,X,O,O,O
LIJTZSO,O,O,O,O
LIJTZOS,O,O,O,O
LIJTOSZ,O,O,O,O
LIJTOZS,O,O,O,O
LIJSTZO,O,O,O,O
LIJSTOZ,X,O,O,X
LIJSZTO,O,O,O,O
LIJSZOT,O,O,O,O
LIJSOTZ,X,O,O,X
LIJSOZT,X,O,O,O
LIJZTSO,O,O,O,O
LIJZTOS,O,O,O,O
LIJZSTO,O,O,O,O
LIJZSOT,O,O,O,O
LIJZOTS,O,O,O,X
LIJZOST,O,O,O,O
LIJOTSZ,O,O,O,X
LIJOTZS,O,O,O,X
LIJOSTZ,O,O,O,X
LIJOSZT,O,O,O,O
LIJOZTS,O,O,O,X
LIJOZST,O,O,O,O
LISTJZO,O,O,X,O
LISTJOZ,X,O,X,X
LISTZJO,O,O,X,X
LISTZOJ,O,O,X,X
LISTOJZ,O,X,X,X
LISTOZJ,O,X,X,X
LISJTZO,O,O,X,O
LISJTOZ,X,O,X,X
LISJZTO,O,O,X,O
LISJZOT,O,O,X,O
LISJOTZ,X,O,X,X
LISJOZT,X,O,X,O
LISZTJO,O,O,X,O
LISZTOJ,O,O,X,X
LISZJTO,O,O,X,O
LISZJOT,O,O,X,O
LISZOTJ,O,O,X,X
LISZOJT,O,O,X,X
LISOTJZ,O,X,X,X
LISOTZJ,O,X,X,X
LISOJTZ,O,X,X,X
LISOJZT,O,X,X,O
LISOZTJ,O,X,X,X
LISOZJT,O,X,X,X
LIZTJSO,O,O,O,O
LIZTJOS,O,O,O,O
LIZTSJO,O,O,O,O
LIZTSOJ,O,O,O,X
LIZTOJS,O,O,O,X
LIZTOSJ,O,O,O,X
LIZJTSO,O,O,O,O
LIZJTOS,O,O,O,O
LIZJSTO,O,O,O,O
LIZJSOT,O,O,O,O
LIZJOTS,O,O,O,X
LIZJOST,O,O,O,O
LIZSTJO,O,O,O,O
LIZSTOJ,O,O,O,X
LIZSJTO,O,O,O,O
LIZSJOT,O,O,O,O
LIZSOTJ,O,O,O,X
LIZSOJT,O,O,O,X
LIZOTJS,O,O,O,X
LIZOTSJ,O,O,O,X
LIZOJTS,O,O,O,X
LIZOJST,O,O,O,O
LIZOSTJ,O,O,O,X
LIZOSJT,O,O,O,X
LIOTJSZ,O,O,O,X
LIOTJZS,O,O,O,X
LIOTSJZ,O,X,O,X
LIOTSZJ,O,X,O,X
LIOTZJS,O,O,O,X
LIOTZSJ,O,O,O,X
LIOJTSZ,O,O,O,X
LIOJTZS,O,O,O,X
LIOJSTZ,O,O,O,X
LIOJSZT,O,O,O,X
LIOJZTS,O,O,O,X
LIOJZST,O,O,O,X
LIOSTJZ,O,X,O,X
LIOSTZJ,O,X,O,X
LIOSJTZ,O,X,O,X
LIOSJZT,O,X,O,X
LIOSZTJ,O,X,O,X
LIOSZJT,O,X,O,X
LIOZTJS,O,O,O,X
LIOZTSJ,O,O,O,X
LIOZJTS,O,O,O,X
LIOZJST,O,O,O,X
LIOZSTJ,O,O,O,X
LIOZSJT,O,O,O,X
LJTISZO,O,O,O,O
LJTISOZ,X,O,O,O
LJTIZSO,O,O,O,O
LJTIZOS,O,O,O,O
LJTIOSZ,O,O,O,O
LJTIOZS,O,O,O,O
LJTSIZO,O,O,O,O
LJTSIOZ,X,O,O,O
LJTSZIO,O,O,O,O
LJTSZOI,O,O,O,O
LJTSOIZ,X,O,O,O
LJTSOZI,X,O,O,O
LJTZISO,O,O,O,O
LJTZIOS,O,O,O,O
LJTZSIO,O,O,O,O
LJTZSOI,O,O,O,O
LJTZOIS,O,O,O,O
LJTZOSI,O,O,O,O
LJTOISZ,O,O,O,O
LJTOIZS,O,O,O,O
LJTOSIZ,O,O,O,O
LJTOSZI,O,O,O,O
LJTOZIS,O,O,O,O
LJTOZSI,O,O,O,O
LJITSZO,O,O,O,O
LJITSOZ,X,O,O,O
LJITZSO,O,O,O,O
LJITZOS,O,O,O,O
LJITOSZ,O,O,O,O
LJITOZS,O,O,O,O
LJISTZO,O,O,O,O
LJISTOZ,X,O,O,X
LJISZTO,O,O,O,O
LJISZOT,O,O,O,O
LJISOTZ,X,O,O,X
LJISOZT,X,O,O,O
LJIZTSO,O,O,O,O
LJIZTOS,O,O,O,O
LJIZSTO,O,O,O,O
LJIZSOT,O,O,O,O
LJIZOTS,O,O,O,X
LJIZOST,O,O,O,O
LJIOTSZ,O,O,O,X
LJIOTZS,O,O,O,X
LJIOSTZ,O,O,O,X
LJIOSZT,O,O,O,O
LJIOZTS,O,O,O,X
LJIOZST,O,O,O,O
LJSTIZO,O,O,O,O
LJSTIOZ,X,O,O,O
LJSTZIO,O,O,O,O
LJSTZOI,O,O,O,O
LJSTOIZ,X,O,O,O
LJSTOZI,X,O,O,O
LJSITZO,O,O,O,O
LJSITOZ,X,O,O,X
LJSIZTO,O,O,O,O
LJSIZOT,O,O,O,O
LJSIOTZ,X,O,O,X
LJSIOZT,X,O,O,O
LJSZTIO,O,O,O,O
LJSZTOI,O,O,O,O
LJSZITO,O,O,O,O
LJSZIOT,O,O,O,O
LJSZOTI,O,O,O,O
LJSZOIT,O,O,O,O
LJSOTIZ,X,O,O,X
LJSOTZI,X,O,O,X
LJSOITZ,X,O,O,X
LJSOIZT,X,O,O,O
LJSOZTI,X,O,O,O
LJSOZIT,X,O,O,O
LJZTISO,O,O,O,O
LJZTIOS,O,O,O,O
LJZTSIO,O,O,O,O
LJZTSOI,O,O,O,O
LJZTOIS,O,O,O,O
LJZTOSI,O,O,O,O
LJZITSO,O,O,O,O
LJZITOS,O,O,O,O
LJZISTO,O,O,O,O
LJZISOT,O,O,O,O
LJZIOTS,O,O,O,X
LJZIOST,O,O,O,O
LJZSTIO,O,O,O,O
LJZSTOI,O,O,O,O
LJZSITO,O,O,O,O
LJZSIOT,O,O,O,O
LJZSOTI,O,O,O,O
LJZSOIT,O,O,O,O
LJZOTIS,O,O,O,O
LJZOTSI,O,O,O,O
LJZOITS,O,O,O,X
LJZOIST,O,O,O,O
LJZOSTI,O,O,O,O
LJZOSIT,O,O,O,O
LJOTISZ,O,O,O,O
LJOTIZS,O,O,O,O
LJOTSIZ,O,O,O,O
LJOTSZI,O,O,O,O
LJOTZIS,O,O,O,O
LJOTZSI,O,O,O,O
LJOITSZ,O,O,O,X
LJOITZS,O,O,O,X
LJOISTZ,O,O,O,X
LJOISZT,O,O,O,O
LJOIZTS,O,O,O,X
LJOIZST,O,O,O,O
LJOSTIZ,O,O,O,X
LJOSTZI,O,O,O,X
LJOSITZ,O,O,O,X
LJOSIZT,O,O,O,O
LJOSZTI,O,O,O,O
LJOSZIT,O,O,O,O
LJOZTIS,O,O,O,O
LJOZTSI,O,O,O,O
LJOZITS,O,O,O,X
LJOZIST,O,O,O,O
LJOZSTI,O,O,O,O
LJOZSIT,O,O,O,O
LSTIJZO,O,O,O,O
LSTIJOZ,X,O,O,O
LSTIZJO,O,O,O,O
LSTIZOJ,O,O,O,X
LSTIOJZ,O,X,X,X
LSTIOZJ,O,X,O,X
LSTJIZO,O,O,O,O
LSTJIOZ,X,O,O,O
LSTJZIO,O,O,O,O
LSTJZOI,O,O,O,O
LSTJOIZ,X,O,O,O
LSTJOZI,X,O,O,O
LSTZIJO,O,O,O,O
LSTZIOJ,O,O,O,X
LSTZJIO,O,O,O,O
LSTZJOI,O,O,O,O
LSTZOIJ,O,O,O,X
LSTZOJI,O,O,O,O
LSTOIJZ,O,X,X,X
LSTOIZJ,O,X,O,X
LSTOJIZ,O,X,O,O
LSTOJZI,O,X,O,O
LSTOZIJ,O,X,O,X
LSTOZJI,O,X,O,O
LSITJZO,O,O,X,O
LSITJOZ,X,O,X,X
LSITZJO,O,O,X,X
LSITZOJ,O,O,X,X
LSITOJZ,O,X,X,X
LSITOZJ,O,X,X,X
LSIJTZO,O,O,X,O
LSIJTOZ,X,O,X,X
LSIJZTO,O,O,X,O
LSIJZOT,O,O,X,O
LSIJOTZ,X,O,X,X
LSIJOZT,X,O,X,O
LSIZTJO,O,O,X,O
LSIZTOJ,O,O,X,X
LSIZJTO,O,O,X,O
LSIZJOT,O,O,X,O
LSIZOTJ,O,O,X,X
LSIZOJT,O,O,X,X
LSIOTJZ,O,X,X,X
LSIOTZJ,O,X,X,X
LSIOJTZ,O,X,X,X
LSIOJZT,O,X,X,O
LSIOZTJ,O,X,X,X
LSIOZJT,O,X,X,X
LSJTIZO,O,O,O,O
LSJTIOZ,X,O,O,O
LSJTZIO,O,O,O,O
LSJTZOI,O,O,O,O
LSJTOIZ,X,O,O,O
LSJTOZI,X,O,O,O
LSJITZO,O,O,O,O
LSJITOZ,X,O,O,X
LSJIZTO,O,O,O,O
LSJIZOT,O,O,O,O
LSJIOTZ,X,O,O,X
LSJIOZT,X,O,O,O
LSJZTIO,O,O,O,O
LSJZTOI,O,O,O,O
LSJZITO,O,O,O,O
LSJZIOT,O,O,O,O
LSJZOTI,O,O,O,O
LSJZOIT,O,O,O,O
LSJOTIZ,X,O,O,X
LSJOTZI,X,O,O,X
LSJOITZ,X,O,O,X
LSJOIZT,X,O,O,O
LSJOZTI,X,O,O,O
LSJOZIT,X,O,O,O
LSZTIJO,O,O,O,O
LSZTIOJ,O,O,O,X
LSZTJIO,O,O,O,O
LSZTJOI,O,O,O,O
LSZTOIJ,O,O,O,X
LSZTOJI,O,O,O,O
LSZITJO,O,O,O,O
LSZITOJ,O,O,O,X
LSZIJTO,O,O,O,O
LSZIJOT,O,O,O,O
LSZIOTJ,O,O,O,X
LSZIOJT,O,O,O,X
LSZJTIO,O,O,O,O
LSZJTOI,O,O,O,O
LSZJITO,O,O,O,O
LSZJIOT,O,O,O,O
LSZJOTI,O,O,O,O
LSZJOIT,O,O,O,O
LSZOTIJ,O,O,O,X
LSZOTJI,O,O,O,O
LSZOITJ,O,O,O,X
LSZOIJT,O,O,O,X
LSZOJTI,O,O,O,O
LSZOJIT,O,O,O,O
LSOTIJZ,O,X,O,X
LSOTIZJ,O,X,O,X
LSOTJIZ,O,X,O,X
LSOTJZI,O,X,O,X
LSOTZIJ,O,X,O,X
LSOTZJI,O,X,O,X
LSOITJZ,O,X,O,X
LSOITZJ,O,X,O,X
LSOIJTZ,O,X,O,X
LSOIJZT,O,X,O,O
LSOIZTJ,O,X,O,X
LSOIZJT,O,X,O,X
LSOJTIZ,O,X,O,X
LSOJTZI,O,X,O,X
LSOJITZ,O,X,O,X
LSOJIZT,O,X,O,O
LSOJZTI,O,X,O,O
LSOJZIT,O,X,O,O
LSOZTIJ,O,X,O,X
LSOZTJI,O,X,O,O
LSOZITJ,O,X,O,X
LSOZIJT,O,X,O,X
LSOZJTI,O,X,O,O
LSOZJIT,O,X,O,O
LZTIJSO,O,O,O,O
LZTIJOS,O,O,O,O
LZTISJO,O,O,O,O
LZTISOJ,O,O,O,X
LZTIOJS,O,O,O,X
LZTIOSJ,O,O,O,X
LZTJISO,O,O,O,O
LZTJIOS,O,O,O,O
LZTJSIO,O,O,O,O
LZTJSOI,O,O,O,O
LZTJOIS,O,O,O,O
LZTJOSI,O,O,O,O
LZTSIJO,O,O,O,O
LZTSIOJ,O,O,O,X
LZTSJIO,O,O,O,O
LZTSJOI,O,O,O,O
LZTSOIJ,O,O,O,X
LZTSOJI,O,O,O,O
LZTOIJS,O,O,O,X
LZTOISJ,O,O,O,X
LZTOJIS,O,O,O,O
LZTOJSI,O,O,O,O
LZTOSIJ,O,O,O,X
LZTOSJI,O,O,O,O
LZITJSO,O,O,O,O
LZITJOS,O,O,O,O
LZITSJO,O,O,O,O
LZITSOJ,O,O,O,X
LZITOJS,O,O,O,X
LZITOSJ,O,O,O,X
LZIJTSO,O,O,O,O
LZIJTOS,O,O,O,O
LZIJSTO,O,O,O,O
LZIJSOT,O,O,O,O
LZIJOTS,O,O,O,X
LZIJOST,O,O,O,O
LZISTJO,O,O,O,O
LZISTOJ,O,O,O,X
LZISJTO,O,O,O,O
LZISJOT,O,O,O,O
LZISOTJ,O,O,O,X
LZISOJT,O,O,O,X
LZIOTJS,O,O,O,X
LZIOTSJ,O,O,O,X
LZIOJTS,O,O,O,X
LZIOJST,O,O,O,O
LZIOSTJ,O,O,O,X
LZIOSJT,O,O,O,X
LZJTISO,O,O,O,O
LZJTIOS,O,O,O,O
LZJTSIO,O,O,O,O
LZJTSOI,O,O,O,O
LZJTOIS,O,O,O,O
LZJTOSI,O,O,O,O
LZJITSO,O,O,O,O
LZJITOS,O,O,O,O
LZJISTO,O,O,O,O
LZJISOT,O,O,O,O
LZJIOTS,O,O,O,X
LZJIOST,O,O,O,O
LZJSTIO,O,O,O,O
LZJSTOI,O,O,O,O
LZJSITO,O,O,O,O
LZJSIOT,O,O,O,O
LZJSOTI,O,O,O,O
LZJSOIT,O,O,O,O
LZJOTIS,O,O,O,O
LZJOTSI,O,O,O,O
LZJOITS,O,O,O,X
LZJOIST,O,O,O,O
LZJOSTI,O,O,O,O
LZJOSIT,O,O,O,O
LZSTIJO,O,O,O,O
LZSTIOJ,O,O,O,X
LZSTJIO,O,O,O,O
LZSTJOI,O,O,O,O
LZSTOIJ,O,O,O,X
LZSTOJI,O,O,O,O
LZSITJO,O,O,O,O
LZSITOJ,O,O,O,X
LZSIJTO,O,O,O,O
LZSIJOT,O,O,O,O
LZSIOTJ,O,O,O,X
LZSIOJT,O,O,O,X
LZSJTIO,O,O,O,O
LZSJTOI,O,O,O,O
LZSJITO,O,O,O,O
LZSJIOT,O,O,O,O
LZSJOTI,O,O,O,O
LZSJOIT,O,O,O,O
LZSOTIJ,O,O,O,X
LZSOTJI,O,O,O,O
LZSOITJ,O,O,O,X
LZSOIJT,O,O,O,X
LZSOJTI,O,O,O,O
LZSOJIT,O,O,O,O
LZOTIJS,O,O,O,X
LZOTISJ,O,O,O,X
LZOTJIS,O,O,O,O
LZOTJSI,O,O,O,O
LZOTSIJ,O,O,O,X
LZOTSJI,O,O,O,O
LZOITJS,O,O,O,X
LZOITSJ,O,O,O,X
LZOIJTS,O,O,O,X
LZOIJST,O,O,O,O
LZOISTJ,O,O,O,X
LZOISJT,O,O,O,X
LZOJTIS,O,O,O,O
LZOJTSI,O,O,O,O
LZOJITS,O,O,O,X
LZOJIST,O,O,O,O
LZOJSTI,O,O,O,O
LZOJSIT,O,O,O,O
LZOSTIJ,O,O,O,X
LZOSTJI,O,O,O,O
LZOSITJ,O,O,O,X
LZOSIJT,O,O,O,X
LZOSJTI,O,O,O,O
LZOSJIT,O,O,O,O
LOTIJSZ,O,O,O,X
LOTIJZS,O,O,O,X
LOTISJZ,O,X,O,X
LOTISZJ,O,X,O,X
LOTIZJS,O,O,O,X
LOTIZSJ,O,O,O,X
LOTJISZ,O,O,O,O
LOTJIZS,O,O,O,O
LOTJSIZ,O,O,O,O
LOTJSZI,O,O,O,O
LOTJZIS,O,O,O,O
LOTJZSI,O,O,O,O
LOTSIJZ,O,X,O,X
LOTSIZJ,O,X,O,X
LOTSJIZ,O,X,O,O
LOTSJZI,O,X,O,O
LOTSZIJ,O,X,O,X
LOTSZJI,O,X,O,O
LOTZIJS,O,O,O,X
LOTZISJ,O,O,O,X
LOTZJIS,O,O,O,O
LOTZJSI,O,O,O,O
LOTZSIJ,O,O,O,X
LOTZSJI,O,O,O,O
LOITJSZ,O,O,O,X
LOITJZS,O,O,O,X
LOITSJZ,O,X,O,X
LOITSZJ,O,X,O,X
LOITZJS,O,O,O,X
LOITZSJ,O,O,O,X
LOIJTSZ,O,O,O,X
LOIJTZS,O,O,O,X
LOIJSTZ,O,O,O,X
LOIJSZT,O,O,O,X
LOIJZTS,O,O,O,X
LOIJZST,O,O,O,X
LOISTJZ,O,X,O,X
LOISTZJ,O,X,O,X
LOISJTZ,O,X,O,X
LOISJZT,O,X,O,X
LOISZTJ,O,X,O,X
LOISZJT,O,X,O,X
LOIZTJS,O,O,O,X
LOIZTSJ,O,O,O,X
LOIZJTS,O,O,O,X
LOIZJST,O,O,O,X
LOIZSTJ,O,O,O,X
LOIZSJT,O,O,O,X
LOJTISZ,O,O,O,O
LOJTIZS,O,O,O,O
LOJTSIZ,O,O,O,O
LOJTSZI,O,O,O,O
LOJTZIS,O,O,O,O
LOJTZSI,O,O,O,O
LOJITSZ,O,O,O,X
LOJITZS,O,O,O,X
LOJISTZ,O,O,O,X
LOJISZT,O,O,O,O
LOJIZTS,O,O,O,X
LOJIZST,O,O,O,O
LOJSTIZ,O,O,O,X
LOJSTZI,O,O,O,X
LOJSITZ,O,O,O,X
LOJSIZT,O,O,O,O
LOJSZTI,O,O,O,O
LOJSZIT,O,O,O,O
LOJZTIS,O,O,O,O
LOJZTSI,O,O,O,O
LOJZITS,O,O,O,X
LOJZIST,O,O,O,O
LOJZSTI,O,O,O,O
LOJZSIT,O,O,O,O
LOSTIJZ,O,X,O,X
LOSTIZJ,O,X,O,X
LOSTJIZ,O,X,O,X
LOSTJZI,O,X,O,X
LOSTZIJ,O,X,O,X
LOSTZJI,O,X,O,X
LOSITJZ,O,X,O,X
LOSITZJ,O,X,O,X
LOSIJTZ,O,X,O,X
LOSIJZT,O,X,O,O
LOSIZTJ,O,X,O,X
LOSIZJT,O,X,O,X
LOSJTIZ,O,X,O,X
LOSJTZI,O,X,O,X
LOSJITZ,O,X,O,X
LOSJIZT,O,X,O,O
LOSJZTI,O,X,O,O
LOSJZIT,O,X,O,O
LOSZTIJ,O,X,O,X
LOSZTJI,O,X,O,O
LOSZITJ,O,X,O,X
LOSZIJT,O,X,O,X
LOSZJTI,O,X,O,O
LOSZJIT,O,X,O,O
LOZTIJS,O,O,O,X
LOZTISJ,O,O,O,X
LOZTJIS,O,O,O,O
LOZTJSI,O,O,O,O
LOZTSIJ,O,O,O,X
LOZTSJI,O,O,O,O
LOZITJS,O,O,O,X
LOZITSJ,O,O,O,X
LOZIJTS,O,O,O,X
LOZIJST,O,O,O,O
LOZISTJ,O,O,O,X
LOZISJT,O,O,O,X
LOZJTIS,O,O,O,O
LOZJTSI,O,O,O,O
LOZJITS,O,O,O,X
LOZJIST,O,O,O,O
LOZJSTI,O,O,O,O
LOZJSIT,O,O,O,O
LOZSTIJ,O,O,O,X
LOZSTJI,O,O,O,O
LOZSITJ,O,O,O,X
LOZSIJT,O,O,O,X
LOZSJTI,O,O,O,O
LOZSJIT,O,O,O,O
JTILSZO,O,O,O,O
JTILSOZ,X,O,O,O
JTILZSO,O,O,O,O
JTILZOS,O,O,O,O
JTILOSZ,O,O,O,O
JTILOZS,O,O,O,O
JTISLZO,O,O,O,O
JTISLOZ,X,O,O,O
JTISZLO,O,O,O,O
JTISZOL,O,O,O,O
JTISOLZ,O,X,O,O
JTISOZL,O,X,O,O
JTIZLSO,O,O,O,O
JTIZLOS,O,O,O,O
JTIZSLO,O,O,O,O
JTIZSOL,O,O,O,O
JTIZOLS,O,O,O,O
JTIZOSL,O,O,O,O
JTIOLSZ,O,O,O,O
JTIOLZS,O,O,O,O
JTIOSLZ,O,X,O,O
JTIOSZL,O,X,O,O
JTIOZLS,O,O,O,O
JTIOZSL,O,O,O,O
JTLISZO,O,O,O,O
JTLISOZ,X,O,O,O
JTLIZSO,O,O,O,O
JTLIZOS,O,O,O,O
JTLIOSZ,O,O,O,O
JTLIOZS,O,O,O,O
JTLSIZO,O,O,O,O
JTLSIOZ,X,O,O,O
JTLSZIO,O,O,O,O
JTLSZOI,O,O,O,O
JTLSOIZ,X,O,O,O
JTLSOZI,X,O,O,O
JTLZISO,O,O,O,O
JTLZIOS,O,O,O,O
JTLZSIO,O,O,O,O
JTLZSOI,O,O,O,O
JTLZOIS,O,O,O,O
JTLZOSI,O,O,O,O
JTLOISZ,O,O,O,O
JTLOIZS,O,O,O,O
JTLOSIZ,O,O,O,O
JTLOSZI,O,O,O,O
JTLOZIS,O,O,O,O
JTLOZSI,O,O,O,O
JTSILZO,O,O,O,O
JTSILOZ,X,O,O,O
JTSIZLO,O,O,O,O
JTSIZOL,O,O,O,O
JTSIOLZ,O,X,O,O
JTSIOZL,O,X,O,O
JTSLIZO,O,O,O,O
JTSLIOZ,X,O,O,O
JTSLZIO,O,O,O,O
JTSLZOI,O,O,O,O
JTSLOIZ,X,O,O,O
JTSLOZI,X,O,O,O
JTSZILO,O,O,O,O
JTSZIOL,O,O,O,O
JTSZLIO,O,O,O,O
JTSZLOI,O,O,O,O
JTSZOIL,O,O,O,O
JTSZOLI,O,O,O,O
JTSOILZ,O,X,O,O
JTSOIZL,O,X,O,O
JTSOLIZ,O,O,O,O
JTSOLZI,O,O,O,O
JTSOZIL,O,O,O,O
JTSOZLI,O,O,O,O
JTZILSO,O,O,O,O
JTZILOS,O,O,O,O
JTZISLO,O,O,O,O
JTZISOL,O,O,O,O
JTZIOLS,O,O,O,O
JTZIOSL,O,O,O,O
JTZLISO,O,O,O,O
JTZLIOS,O,O,O,O
JTZLSIO,O,O,O,O
JTZLSOI,O,O,O,O
JTZLOIS,O,O,O,O
JTZLOSI,O,O,O,O
JTZSILO,O,O,O,O
JTZSIOL,O,O,O,O
JTZSLIO,O,O,O,O
JTZSLOI,O,O,O,O
JTZSOIL,O,O,O,O
JTZSOLI,O,O,O,O
JTZOILS,O,O,O,O
JTZOISL,O,O,O,O
JTZOLIS,O,O,O,O
JTZOLSI,O,O,O,O
JTZOSIL,O,O,O,O
JTZOSLI,O,O,O,O
JTOILSZ,O,O,O,O
JTOILZS,O,O,O,O
JTOISLZ,O,X,O,O
JTOISZL,O,X,O,O
JTOIZLS,O,O,O,O
JTOIZSL,O,O,O,O
JTOLISZ,O,O,O,O
JTOLIZS,O,O,O,O
JTOLSIZ,O,O,O,O
JTOLSZI,O,O,O,O
JTOLZIS,O,O,O,O
JTOLZSI,O,O,O,O
JTOSILZ,O,X,O,O
JTOSIZL,O,X,O,O
JTOSLIZ,O,O,O,O
JTOSLZI,O,O,O,O
JTOSZIL,O,O,O,O
JTOSZLI,O,O,O,O
JTOZILS,O,O,O,O
JTOZISL,O,O,O,O
JTOZLIS,O,O,O,O
JTOZLSI,O,O,O,O
JTOZSIL,O,O,O,O
JTOZSLI,O,O,O,O
JITLSZO,O,O,O,O
JITLSOZ,X,O,O,O
JITLZSO,O,O,O,O
JITLZOS,O,O,O,O
JITLOSZ,O,O,O,O
JITLOZS,O,O,O,O
JITSLZO,O,O,O,O
JITSLOZ,X,O,O,O
JITSZLO,O,O,O,O
JITSZOL,O,O,O,O
JITSOLZ,O,X,O,O
JITSOZL,O,X,O,O
JITZLSO,O,O,O,O
JITZLOS,O,O,O,O
JITZSLO,O,O,O,O
JITZSOL,O,O,O,O
JITZOLS,O,O,O,O
JITZOSL,O,O,O,O
JITOLSZ,O,O,O,O
JITOLZS,O,O,O,O
JITOSLZ,O,X,O,O
JITOSZL,O,X,O,O
JITOZLS,O,O,O,O
JITOZSL,O,O,O,O
JILTSZO,O,O,O,O
JILTSOZ,X,O,O,O
JILTZSO,O,O,O,O
JILTZOS,O,O,O,O
JILTOSZ,O,O,O,O
JILTOZS,O,O,O,O
JILSTZO,O,O,O,O
JILSTOZ,X,O,O,X
JILSZTO,O,O,O,O
JILSZOT,O,O,O,O
JILSOTZ,X,O,O,X
JILSOZT,X,O,O,O
JILZTSO,O,O,O,O
JILZTOS,O,O,O,O
JILZSTO,O,O,O,O
JILZSOT,O,O,O,O
JILZOTS,O,O,O,X
JILZOST,O,O,O,O
JILOTSZ,O,O,O,X
JILOTZS,O,O,O,X
JILOSTZ,O,O,O,X
JILOSZT,O,O,O,O
JILOZTS,O,O,O,X
JILOZST,O,O,O,O
JISTLZO,O,O,O,O
JISTLOZ,X,O,O,O
JISTZLO,O,O,O,O
JISTZOL,O,O,O,O
JISTOLZ,O,X,O,O
JISTOZL,O,X,O,O
JISLTZO,O,O,O,O
JISLTOZ,X,O,O,X
JISLZTO,O,O,O,O
JISLZOT,O,O,O,O
JISLOTZ,X,O,O,X
JISLOZT,X,O,O,O
JISZTLO,O,O,O,O
JISZTOL,O,O,O,O
JISZLTO,O,O,O,O
JISZLOT,O,O,O,O
JISZOTL,O,O,O,X
JISZOLT,O,O,O,X
JISOTLZ,O,X,O,X
JISOTZL,O,X,O,X
JISOLTZ,O,X,O,X
JISOLZT,O,X,O,X
JISOZTL,O,X,O,X
JISOZLT,O,X,O,X
JIZTLSO,O,O,O,O
JIZTLOS,O,O,O,O
JIZTSLO,O,O,O,O
JIZTSOL,O,O,O,O
JIZTOLS,O,O,O,O
JIZTOSL,O,O,O,O
JIZLTSO,O,O,O,O
JIZLTOS,O,O,O,O
JIZLSTO,O,O,O,O
JIZLSOT,O,O,O,O
JIZLOTS,O,O,O,X
JIZLOST,O,O,O,O
JIZSTLO,O,O,O,O
JIZSTOL,O,O,O,O
JIZSLTO,O,O,O,O
JIZSLOT,O,O,O,O
JIZSOTL,O,O,O,X
JIZSOLT,O,O,O,X
JIZOTLS,O,O,O,O
JIZOTSL,O,O,O,O
JIZOLTS,O,O,O,X
JIZOLST,O,O,O,O
JIZOSTL,O,O,O,X
JIZOSLT,O,O,O,X
JIOTLSZ,O,O,O,O
JIOTLZS,O,O,O,O
JIOTSLZ,O,X,O,O
JIOTSZL,O,X,O,O
JIOTZLS,O,O,O,O
JIOTZSL,O,O,O,O
JIOLTSZ,O,O,O,X
JIOLTZS,O,O,O,X
JIOLSTZ,O,O,O,X
JIOLSZT,O,O,O,O
JIOLZTS,O,O,O,X
JIOLZST,O,O,O,O
JIOSTLZ,O,X,O,X
JIOSTZL,O,X,O,X
JIOSLTZ,O,X,O,X
JIOSLZT,O,X,O,X
JIOSZTL,O,X,O,X
JIOSZLT,O,X,O,X
JIOZTLS,O,O,O,O
JIOZTSL,O,O,O,O
JIOZLTS,O,O,O,X
JIOZLST,O,O,O,O
JIOZSTL,O,O,O,X
JIOZSLT,O,O,O,X
JLTISZO,O,O,O,O
JLTISOZ,X,O,O,O
JLTIZSO,O,O,O,O
JLTIZOS,O,O,O,O
JLTIOSZ,O,O,O,O
JLTIOZS,O,O,O,O
JLTSIZO,O,O,O,O
JLTSIOZ,X,O,O,O
JLTSZIO,O,O,O,O
JLTSZOI,O,O,O,O
JLTSOIZ,X,O,O,O
JLTSOZI,X,O,O,O
JLTZISO,O,O,O,O
JLTZIOS,O,O,O,O
JLTZSIO,O,O,O,O
JLTZSOI,O,O,O,O
JLTZOIS,O,O,O,O
JLTZOSI,O,O,O,O
JLTOISZ,O,O,O,O
JLTOIZS,O,O,O,O
JLTOSIZ,O,O,O,O
JLTOSZI,O,O,O,O
JLTOZIS,O,O,O,O
JLTOZSI,O,O,O,O
JLITSZO,O,O,O,O
JLITSOZ,X,O,O,O
JLITZSO,O,O,O,O
JLITZOS,O,O,O,O
JLITOSZ,O,O,O,O
JLITOZS,O,O,O,O
JLISTZO,O,O,O,O
JLISTOZ,X,O,O,X
JLISZTO,O,O,O,O
JLISZOT,O,O,O,O
JLISOTZ,X,O,O,X
JLISOZT,X,O,O,O
JLIZTSO,O,O,O,O
JLIZTOS,O,O,O,O
JLIZSTO,O,O,O,O
JLIZSOT,O,O,O,O
JLIZOTS,O,O,O,X
JLIZOST,O,O,O,O
JLIOTSZ,O,O,O,X
JLIOTZS,O,O,O,X
JLIOSTZ,O,O,O,X
JLIOSZT,O,O,O,O
JLIOZTS,O,O,O,X
JLIOZST,O,O,O,O
JLSTIZO,O,O,O,O
JLSTIOZ,X,O,O,O
JLSTZIO,O,O,O,O
JLSTZOI,O,O,O,O
JLSTOIZ,X,O,O,O
JLSTOZI,X,O,O,O
JLSITZO,O,O,O,O
JLSITOZ,X,O,O,X
JLSIZTO,O,O,O,O
JLSIZOT,O,O,O,O
JLSIOTZ,X,O,O,X
JLSIOZT,X,O,O,O
JLSZTIO,O,O,O,O
JLSZTOI,O,O,O,O
JLSZITO,O,O,O,O
JLSZIOT,O,O,O,O
JLSZOTI,O,O,O,O
JLSZOIT,O,O,O,O
JLSOTIZ,X,O,O,X
JLSOTZI,X,O,O,X
JLSOITZ,X,O,O,X
JLSOIZT,X,O,O,O
JLSOZTI,X,O,O,O
JLSOZIT,X,O,O,O
JLZTISO,O,O,O,O
JLZTIOS,O,O,O,O
JLZTSIO,O,O,O,O
JLZTSOI,O,O,O,O
JLZTOIS,O,O,O,O
JLZTOSI,O,O,O,O
JLZITSO,O,O,O,O
JLZITOS,O,O,O,O
JLZISTO,O,O,O,O
JLZISOT,O,O,O,O
JLZIOTS,O,O,O,X
JLZIOST,O,O,O,O
JLZSTIO,O,O,O,O
JLZSTOI,O,O,O,O
JLZSITO,O,O,O,O
JLZSIOT,O,O,O,O
JLZSOTI,O,O,O,O
JLZSOIT,O,O,O,O
JLZOTIS,O,O,O,O
JLZOTSI,O,O,O,O
JLZOITS,O,O,O,X
JLZOIST,O,O,O,O
JLZOSTI,O,O,O,O
JLZOSIT,O,O,O,O
JLOTISZ,O,O,O,O
JLOTIZS,O,O,O,O
JLOTSIZ,O,O,O,O
JLOTSZI,O,O,O,O
JLOTZIS,O,O,O,O
JLOTZSI,O,O,O,O
JLOITSZ,O,O,O,X
JLOITZS,O,O,O,X
JLOISTZ,O,O,O,X
JLOISZT,O,O,O,O
JLOIZTS,O,O,O,X
JLOIZST,O,O,O,O
JLOSTIZ,O,O,O,X
JLOSTZI,O,O,O,X
JLOSITZ,O,O,O,X
JLOSIZT,O,O,O,O
JLOSZTI,O,O,O,O
JLOSZIT,O,O,O,O
JLOZTIS,O,O,O,O
JLOZTSI,O,O,O,O
JLOZITS,O,O,O,X
JLOZIST,O,O,O,O
JLOZSTI,O,O,O,O
JLOZSIT,O,O,O,O
JSTILZO,O,O,O,O
JSTILOZ,X,O,O,O
JSTIZLO,O,O,O,O
JSTIZOL,O,O,O,O
JSTIOLZ,O,X,O,O
JSTIOZL,O,X,O,O
JSTLIZO,O,O,O,O
JSTLIOZ,X,O,O,O
JSTLZIO,O,O,O,O
JSTLZOI,O,O,O,O
JSTLOIZ,X,O,O,O
JSTLOZI,X,O,O,O
JSTZILO,O,O,O,O
JSTZIOL,O,O,O,O
JSTZLIO,O,O,O,O
JSTZLOI,O,O,O,O
JSTZOIL,O,O,O,O
JSTZOLI,O,O,O,O
JSTOILZ,O,X,O,O
JSTOIZL,O,X,O,O
JSTOLIZ,O,O,O,O
JSTOLZI,O,O,O,O
JSTOZIL,O,O,O,O
JSTOZLI,O,O,O,O
JSITLZO,O,O,O,O
JSITLOZ,X,O,O,O
JSITZLO,O,O,O,O
JSITZOL,O,O,O,O
JSITOLZ,O,X,O,O
JSITOZL,O,X,O,O
JSILTZO,O,O,O,O
JSILTOZ,X,O,O,X
JSILZTO,O,O,O,O
JSILZOT,O,O,O,O
JSILOTZ,X,O,O,X
JSILOZT,X,O,O,O
JSIZTLO,O,O,O,O
JSIZTOL,O,O,O,O
JSIZLTO,O,O,O,O
JSIZLOT,O,O,O,O
JSIZOTL,O,O,O,X
JSIZOLT,O,O,O,X
JSIOTLZ,O,X,O,X
JSIOTZL,O,X,O,X
JSIOLTZ,O,X,O,X
JSIOLZT,O,X,O,X
JSIOZTL,O,X,O,X
JSIOZLT,O,X,O,X
JSLTIZO,O,O,O,O
JSLTIOZ,X,O,O,O
JSLTZIO,O,O,O,O
JSLTZOI,O,O,O,O
JSLTOIZ,X,O,O,O
JSLTOZI,X,O,O,O
JSLITZO,O,O,O,O
JSLITOZ,X,O,O,X
JSLIZTO,O,O,O,O
JSLIZOT,O,O,O,O
JSLIOTZ,X,O,O,X
JSLIOZT,X,O,O,O
JSLZTIO,O,O,O,O
JSLZTOI,O,O,O,O
JSLZITO,O,O,O,O
JSLZIOT,O,O,O,O
JSLZOTI,O,O,O,O
JSLZOIT,O,O,O,O
JSLOTIZ,X,O,O,X
JSLOTZI,X,O,O,X
JSLOITZ,X,O,O,X
JSLOIZT,X,O,O,O
JSLOZTI,X,O,O,O
JSLOZIT,X,O,O,O
JSZTILO,O,O,O,O
JSZTIOL,O,O,O,O
JSZTLIO,O,O,O,O
JSZTLOI,O,O,O,O
JSZTOIL,O,O,O,O
JSZTOLI,O,O,O,O
JSZITLO,O,O,O,O
JSZITOL,O,O,O,O
JSZILTO,O,O,O,O
JSZILOT,O,O,O,O
JSZIOTL,O,O,O,X
JSZIOLT,O,O,O,X
JSZLTIO,O,O,O,O
JSZLTOI,O,O,O,O
JSZLITO,O,O,O,O
JSZLIOT,O,O,O,O
JSZLOTI,O,O,O,O
JSZLOIT,O,O,O,O
JSZOTIL,O,O,O,X
JSZOTLI,O,O,O,X
JSZOITL,O,O,O,X
JSZOILT,O,O,O,X
JSZOLTI,O,O,O,X
JSZOLIT,O,O,O,X
JSOTILZ,O,X,O,X
JSOTIZL,O,X,O,X
JSOTLIZ,O,O,O,X
JSOTLZI,O,O,O,X
JSOTZIL,O,O,O,X
JSOTZLI,O,O,O,X
JSOITLZ,O,X,O,X
JSOITZL,O,X,O,X
JSOILTZ,O,X,O,X
JSOILZT,O,X,O,X
JSOIZTL,O,X,O,X
JSOIZLT,O,X,O,X
JSOLTIZ,O,O,O,X
JSOLTZI,O,O,O,X
JSOLITZ,O,O,O,X
JSOLIZT,O,O,O,X
JSOLZTI,O,O,O,X
JSOLZIT,O,O,O,X
JSOZTIL,O,O,O,X
JSOZTLI,O,O,O,X
JSOZITL,O,O,O,X
JSOZILT,O,O,O,X
JSOZLTI,O,O,O,X
JSOZLIT,O,O,O,X
JZTILSO,O,O,O,O
JZTILOS,O,O,O,O
JZTISLO,O,O,O,O
JZTISOL,O,O,O,O
JZTIOLS,O,O,O,O
JZTIOSL,O,O,O,O
JZTLISO,O,O,O,O
JZTLIOS,O,O,O,O
JZTLSIO,O,O,O,O
JZTLSOI,O,O,O,O
JZTLOIS,O,O,O,O
JZTLOSI,O,O,O,O
JZTSILO,O,O,O,O
JZTSIOL,O,O,O,O
JZTSLIO,O,O,O,O
JZTSLOI,O,O,O,O
JZTSOIL,O,O,O,O
JZTSOLI,O,O,O,O
JZTOILS,O,O,O,O
JZTOISL,O,O,O,O
JZTOLIS,O,O,O,O
JZTOLSI,O,O,O,O
JZTOSIL,O,O,O,O
JZTOSLI,O,O,O,O
JZITLSO,O,O,O,O
JZITLOS,O,O,O,O
JZITSLO,O,O,O,O
JZITSOL,O,O,O,O
JZITOLS,O,O,O,O
JZITOSL,O,O,O,O
JZILTSO,O,O,O,O
JZILTOS,O,O,O,O
JZILSTO,O,O,O,O
JZILSOT,O,O,O,O
JZILOTS,O,O,O,X
JZILOST,O,O,O,O
JZISTLO,O,O,O,O
JZISTOL,O,O,O,O
JZISLTO,O,O,O,O
JZISLOT,O,O,O,O
JZISOTL,O,O,O,X
JZISOLT,O,O,O,X
JZIOTLS,O,O,O,O
JZIOTSL,O,O,O,O
JZIOLTS,O,O,O,X
JZIOLST,O,O,O,O
JZIOSTL,O,O,O,X
JZIOSLT,O,O,O,X
JZLTISO,O,O,O,O
JZLTIOS,O,O,O,O
JZLTSIO,O,O,O,O
JZLTSOI,O,O,O,O
JZLTOIS,O,O,O,O
JZLTOSI,O,O,O,O
JZLITSO,O,O,O,O
JZLITOS,O,O,O,O
JZLISTO,O,O,O,O
JZLISOT,O,O,O,O
JZLIOTS,O,O,O,X
JZLIOST,O,O,O,O
JZLSTIO,O,O,O,O
JZLSTOI,O,O,O,O
JZLSITO,O,O,O,O
JZLSIOT,O,O,O,O
JZLSOTI,O,O,O,O
JZLSOIT,O,O,O,O
JZLOTIS,O,O,O,O
JZLOTSI,O,O,O,O
JZLOITS,O,O,O,X
JZLOIST,O,O,O,O
JZLOSTI,O,O,O,O
JZLOSIT,O,O,O,O
JZSTILO,O,O,O,O
JZSTIOL,O,O,O,O
JZSTLIO,O,O,O,O
JZSTLOI,O,O,O,O
JZSTOIL,O,O,O,O
JZSTOLI,O,O,O,O
JZSITLO,O,O,O,O
JZSITOL,O,O,O,O
JZSILTO,O,O,O,O
JZSILOT,O,O,O,O
JZSIOTL,O,O,O,X
JZSIOLT,O,O,O,X
JZSLTIO,O,O,O,O
JZSLTOI,O,O,O,O
JZSLITO,O,O,O,O
JZSLIOT,O,O,O,O
JZSLOTI,O,O,O,O
JZSLOIT,O,O,O,O
JZSOTIL,O,O,O,X
JZSOTLI,O,O,O,X
JZSOITL,O,O,O,X
JZSOILT,O,O,O,X
JZSOLTI,O,O,O,X
JZSOLIT,O,O,O,X
JZOTILS,O,O,O,O
JZOTISL,O,O,O,O
JZOTLIS,O,O,O,O
JZOTLSI,O,O,O,O
JZOTSIL,O,O,O,O
JZOTSLI,O,O,O,O
JZOITLS,O,O,O,O
JZOITSL,O,O,O,O
JZOILTS,O,O,O,X
JZOILST,O,O,O,O
JZOISTL,O,O,O,X
JZOISLT,O,O,O,X
JZOLTIS,O,O,O,O
JZOLTSI,O,O,O,O
JZOLITS,O,O,O,X
JZOLIST,O,O,O,O
JZOLSTI,O,O,O,O
JZOLSIT,O,O,O,O
JZOSTIL,O,O,O,X
JZOSTLI,O,O,O,X
JZOSITL,O,O,O,X
JZOSILT,O,O,O,X
JZOSLTI,O,O,O,X
JZOSLIT,O,O,O,X
JOTILSZ,O,O,O,O
JOTILZS,O,O,O,O
JOTISLZ,O,X,O,O
JOTISZL,O,X,O,O
JOTIZLS,O,O,O,O
JOTIZSL,O,O,O,O
JOTLISZ,O,O,O,O
JOTLIZS,O,O,O,O
JOTLSIZ,O,O,O,O
JOTLSZI,O,O,O,O
JOTLZIS,O,O,O,O
JOTLZSI,O,O,O,O
JOTSILZ,O,X,O,O
JOTSIZL,O,X,O,O
JOTSLIZ,O,O,O,O
JOTSLZI,O,O,O,O
JOTSZIL,O,O,O,O
JOTSZLI,O,O,O,O
JOTZILS,O,O,O,O
JOTZISL,O,O,O,O
JOTZLIS,O,O,O,O
JOTZLSI,O,O,O,O
JOTZSIL,O,O,O,O
JOTZSLI,O,O,O,O
JOITLSZ,O,O,O,O
JOITLZS,O,O,O,O
JOITSLZ,O,X,O,O
JOITSZL,O,X,O,O
JOITZLS,O,O,O,O
JOITZSL,O,O,O,O
JOILTSZ,O,O,O,X
JOILTZS,O,O,O,X
JOILSTZ,O,O,O,X
JOILSZT,O,O,O,O
JOILZTS,O,O,O,X
JOILZST,O,O,O,O
JOISTLZ,O,X,O,X
JOISTZL,O,X,O,X
JOISLTZ,O,X,O,X
JOISLZT,O,X,O,X
JOISZTL,O,X,O,X
JOISZLT,O,X,O,X
JOIZTLS,O,O,O,O
JOIZTSL,O,O,O,O
JOIZLTS,O,O,O,X
JOIZLST,O,O,O,O
JOIZSTL,O,O,O,X
JOIZSLT,O,O,O,X
JOLTISZ,O,O,O,O
JOLTIZS,O,O,O,O
JOLTSIZ,O,O,O,O
JOLTSZI,O,O,O,O
JOLTZIS,O,O,O,O
JOLTZSI,O,O,O,O
JOLITSZ,O,O,O,X
JOLITZS,O,O,O,X
JOLISTZ,O,O,O,X
JOLISZT,O,O,O,O
JOLIZTS,O,O,O,X
JOLIZST,O,O,O,O
JOLSTIZ,O,O,O,X
JOLSTZI,O,O,O,X
JOLSITZ,O,O,O,X
JOLSIZT,O,O,O,O
JOLSZTI,O,O,O,O
JOLSZIT,O,O,O,O
JOLZTIS,O,O,O,O
JOLZTSI,O,O,O,O
JOLZITS,O,O,O,X
JOLZIST,O,O,O,O
JOLZSTI,O,O,O,O
JOLZSIT,O,O,O,O
JOSTILZ,O,X,O,X
JOSTIZL,O,X,O,X
JOSTLIZ,O,O,O,X
JOSTLZI,O,O,O,X
JOSTZIL,O,O,O,X
JOSTZLI,O,O,O,X
JOSITLZ,O,X,O,X
JOSITZL,O,X,O,X
JOSILTZ,O,X,O,X
JOSILZT,O,X,O,X
JOSIZTL,O,X,O,X
JOSIZLT,O,X,O,X
JOSLTIZ,O,O,O,X
JOSLTZI,O,O,O,X
JOSLITZ,O,O,O,X
JOSLIZT,O,O,O,X
JOSLZTI,O,O,O,X
JOSLZIT,O,O,O,X
JOSZTIL,O,O,O,X
JOSZTLI,O,O,O,X
JOSZITL,O,O,O,X
JOSZILT,O,O,O,X
JOSZLTI,O,O,O,X
JOSZLIT,O,O,O,X
JOZTILS,O,O,O,O
JOZTISL,O,O,O,O
JOZTLIS,O,O,O,O
JOZTLSI,O,O,O,O
JOZTSIL,O,O,O,O
JOZTSLI,O,O,O,O
JOZITLS,O,O,O,O
JOZITSL,O,O,O,O
JOZILTS,O,O,O,X
JOZILST,O,O,O,O
JOZISTL,O,O,O,X
JOZISLT,O,O,O,X
JOZLTIS,O,O,O,O
JOZLTSI,O,O,O,O
JOZLITS,O,O,O,X
JOZLIST,O,O,O,O
JOZLSTI,O,O,O,O
JOZLSIT,O,O,O,O
JOZSTIL,O,O,O,X
JOZSTLI,O,O,O,X
JOZSITL,O,O,O,X
JOZSILT,O,O,O,X
JOZSLTI,O,O,O,X
JOZSLIT,O,O,O,X
STILJZO,O,O,O,O
STILJOZ,X,O,O,O
STILZJO,O,O,O,O
STILZOJ,O,O,O,X
STILOJZ,O,X,O,X
STILOZJ,O,X,O,X
STIJLZO,O,O,O,O
STIJLOZ,X,O,O,O
STIJZLO,O,O,O,O
STIJZOL,O,O,O,O
STIJOLZ,O,X,O,O
STIJOZL,O,X,O,O
STIZLJO,O,O,O,O
STIZLOJ,O,O,O,X
STIZJLO,O,O,O,O
STIZJOL,O,O,O,O
STIZOLJ,O,O,O,X
STIZOJL,O,O,O,X
STIOLJZ,O,X,O,X
STIOLZJ,O,X,O,X
STIOJLZ,O,X,O,X
STIOJZL,O,X,O,X
STIOZLJ,O,X,O,X
STIOZJL,O,X,O,X
STLIJZO,O,O,O,O
STLIJOZ,X,O,O,O
STLIZJO,O,O,O,O
STLIZOJ,O,O,O,X
STLIOJZ,O,X,O,X
STLIOZJ,O,X,O,X
STLJIZO,O,O,O,O
STLJIOZ,X,O,O,O
STLJZIO,O,O,O,O
STLJZOI,O,O,O,O
STLJOIZ,X,O,O,O
STLJOZI,X,O,O,O
STLZIJO,O,O,O,O
STLZIOJ,O,O,O,X
STLZJIO,O,O,O,O
STLZJOI,O,O,O,O
STLZOIJ,O,O,O,X
STLZOJI,O,O,O,O
STLOIJZ,O,X,O,X
STLOIZJ,O,X,O,X
STLOJIZ,O,X,O,O
STLOJZI,O,X,O,O
STLOZIJ,O,X,O,X
STLOZJI,O,X,O,O
STJILZO,O,O,O,O
STJILOZ,X,O,O,O
STJIZLO,O,O,O,O
STJIZOL,O,O,O,O
STJIOLZ,O,X,O,O
STJIOZL,O,X,O,O
STJLIZO,O,O,O,O
STJLIOZ,X,O,O,O
STJLZIO,O,O,O,O
STJLZOI,O,O,O,O
STJLOIZ,X,O,O,O
STJLOZI,X,O,O,O
STJZILO,O,O,O,O
STJZIOL,O,O,O,O
STJZLIO,O,O,O,O
STJZLOI,O,O,O,O
STJZOIL,O,O,O,O
STJZOLI,O,O,O,O
STJOILZ,O,X,O,O
STJOIZL,O,X,O,O
STJOLIZ,O,O,O,O
STJOLZI,O,O,O,O
STJOZIL,O,O,O,O
STJOZLI,O,O,O,O
STZILJO,O,O,O,O
STZILOJ,O,O,O,X
STZIJLO,O,O,O,O
STZIJOL,O,O,O,O
STZIOLJ,O,O,O,X
STZIOJL,O,O,O,X
STZLIJO,O,O,O,O
STZLIOJ,O,O,O,X
STZLJIO,O,O,O,O
STZLJOI,O,O,O,O
STZLOIJ,O,O,O,X
STZLOJI,O,O,O,O
STZJILO,O,O,O,O
STZJIOL,O,O,O,O
STZJLIO,O,O,O,O
STZJLOI,O,O,O,O
STZJOIL,O,O,O,O
STZJOLI,O,O,O,O
STZOILJ,O,O,O,X
STZOIJL,O,O,O,X
STZOLIJ,O,O,O,X
STZOLJI,O,O,O,O
STZOJIL,O,O,O,O
STZOJLI,O,O,O,O
STOILJZ,O,X,O,X
STOILZJ,O,X,O,X
STOIJLZ,O,X,O,X
STOIJZL,O,X,O,X
STOIZLJ,O,X,O,X
STOIZJL,O,X,O,X
STOLIJZ,O,X,O,X
STOLIZJ,O,X,O,X
STOLJIZ,O,X,O,O
STOLJZI,O,X,O,O
STOLZIJ,O,X,O,X
STOLZJI,O,X,O,O
STOJILZ,O,X,O,O
STOJIZL,O,X,O,O
STOJLIZ,O,X,O,O
STOJLZI,O,X,O,O
STOJZIL,O,X,O,O
STOJZLI,O,X,O,O
STOZILJ,O,X,O,X
STOZIJL,O,X,O,X
STOZLIJ,O,X,O,X
STOZLJI,O,X,O,O
STOZJIL,O,X,O,O
STOZJLI,O,X,O,O
SITLJZO,O,O,X,X
SITLJOZ,X,O,X,X
SITLZJO,O,O,X,X
SITLZOJ,O,O,X,X
SITLOJZ,O,X,X,X
SITLOZJ,O,X,X,X
SITJLZO,O,O,X,X
SITJLOZ,X,O,X,X
SITJZLO,O,O,X,X
SITJZOL,O,O,X,X
SITJOLZ,O,X,X,X
SITJOZL,O,X,X,X
SITZLJO,O,O,X,X
SITZLOJ,O,O,X,X
SITZJLO,O,O,X,X
SITZJOL,O,O,X,X
SITZOLJ,O,O,X,X
SITZOJL,O,O,X,X
SITOLJZ,O,X,X,X
SITOLZJ,O,X,X,X
SITOJLZ,O,X,X,X
SITOJZL,O,X,X,X
SITOZLJ,O,X,X,X
SITOZJL,O,X,X,X
SILTJZO,O,O,X,X
SILTJOZ,X,O,X,X
SILTZJO,O,O,X,X
SILTZOJ,O,O,X,X
SILTOJZ,O,X,X,X
SILTOZJ,O,X,X,X
SILJTZO,O,O,X,X
SILJTOZ,X,O,X,X
SILJZTO,O,O,X,X
SILJZOT,O,O,X,X
SILJOTZ,X,O,X,X
SILJOZT,X,O,X,X
SILZTJO,O,O,X,X
SILZTOJ,O,O,X,X
SILZJTO,O,O,X,X
SILZJOT,O,O,X,X
SILZOTJ,O,O,X,X
SILZOJT,O,O,X,X
SILOTJZ,O,X,X,X
SILOTZJ,O,X,X,X
SILOJTZ,O,X,X,X
SILOJZT,O,X,X,X
SILOZTJ,O,X,X,X
SILOZJT,O,X,X,X
SIJTLZO,O,O,X,X
SIJTLOZ,X,O,X,X
SIJTZLO,O,O,X,X
SIJTZOL,O,O,X,X
SIJTOLZ,O,X,X,X
SIJTOZL,O,X,X,X
SIJLTZO,O,O,X,X
SIJLTOZ,X,O,X,X
SIJLZTO,O,O,X,X
SIJLZOT,O,O,X,X
SIJLOTZ,X,O,X,X
SIJLOZT,X,O,X,X
SIJZTLO,O,O,X,X
SIJZTOL,O,O,X,X
SIJZLTO,O,O,X,X
SIJZLOT,O,O,X,X
SIJZOTL,O,O,X,X
SIJZOLT,O,O,X,X
SIJOTLZ,O,X,X,X
SIJOTZL,O,X,X,X
SIJOLTZ,O,X,X,X
SIJOLZT,O,X,X,X
SIJOZTL,O,X,X,X
SIJOZLT,O,X,X,X
SIZTLJO,O,O,X,X
SIZTLOJ,O,O,X,X
SIZTJLO,O,O,X,X
SIZTJOL,O,O,X,X
SIZTOLJ,O,O,X,X
SIZTOJL,O,O,X,X
SIZLTJO,O,O,X,X
SIZLTOJ,O,O,X,X
SIZLJTO,O,O,X,X
SIZLJOT,O,O,X,X
SIZLOTJ,O,O,X,X
SIZLOJT,O,O,X,X
SIZJTLO,O,O,X,X
SIZJTOL,O,O,X,X
SIZJLTO,O,O,X,X
SIZJLOT,O,O,X,X
SIZJOTL,O,O,X,X
SIZJOLT,O,O,X,X
SIZOTLJ,O,O,X,X
SIZOTJL,O,O,X,X
SIZOLTJ,O,O,X,X
SIZOLJT,O,O,X,X
SIZOJTL,O,O,X,X
SIZOJLT,O,O,X,X
SIOTLJZ,O,X,X,X
SIOTLZJ,O,X,X,X
SIOTJLZ,O,X,X,X
SIOTJZL,O,X,X,X
SIOTZLJ,O,X,X,X
SIOTZJL,O,X,X,X
SIOLTJZ,O,X,X,X
SIOLTZJ,O,X,X,X
SIOLJTZ,O,X,X,X
SIOLJZT,O,X,X,X
SIOLZTJ,O,X,X,X
SIOLZJT,O,X,X,X
SIOJTLZ,O,X,X,X
SIOJTZL,O,X,X,X
SIOJLTZ,O,X,X,X
SIOJLZT,O,X,X,X
SIOJZTL,O,X,X,X
SIOJZLT,O,X,X,X
SIOZTLJ,O,X,X,X
SIOZTJL,O,X,X,X
SIOZLTJ,O,X,X,X
SIOZLJT,O,X,X,X
SIOZJTL,O,X,X,X
SIOZJLT,O,X,X,X
SLTIJZO,O,O,O,O
SLTIJOZ,X,O,O,O
SLTIZJO,O,O,O,O
SLTIZOJ,O,O,O,X
SLTIOJZ,O,X,X,X
SLTIOZJ,O,X,O,X
SLTJIZO,O,O,O,O
SLTJIOZ,X,O,O,O
SLTJZIO,O,O,O,O
SLTJZOI,O,O,O,O
SLTJOIZ,X,O,O,O
SLTJOZI,X,O,O,O
SLTZIJO,O,O,O,O
SLTZIOJ,O,O,O,X
SLTZJIO,O,O,O,O
SLTZJOI,O,O,O,O
SLTZOIJ,O,O,O,X
SLTZOJI,O,O,O,O
SLTOIJZ,O,X,X,X
SLTOIZJ,O,X,O,X
SLTOJIZ,O,X,O,O
SLTOJZI,O,X,O,O
SLTOZIJ,O,X,O,X
SLTOZJI,O,X,O,O
SLITJZO,O,O,X,O
SLITJOZ,X,O,X,X
SLITZJO,O,O,X,X
SLITZOJ,O,O,X,X
SLITOJZ,O,X,X,X
SLITOZJ,O,X,X,X
SLIJTZO,O,O,X,O
SLIJTOZ,X,O,X,X
SLIJZTO,O,O,X,O
SLIJZOT,O,O,X,O
SLIJOTZ,X,O,X,X
SLIJOZT,X,O,X,O
SLIZTJO,O,O,X,O
SLIZTOJ,O,O,X,X
SLIZJTO,O,O,X,O
SLIZJOT,O,O,X,O
SLIZOTJ,O,O,X,X
SLIZOJT,O,O,X,X
SLIOTJZ,O,X,X,X
SLIOTZJ,O,X,X,X
SLIOJTZ,O,X,X,X
SLIOJZT,O,X,X,O
SLIOZTJ,O,X,X,X
SLIOZJT,O,X,X,X
SLJTIZO,O,O,O,O
SLJTIOZ,X,O,O,O
SLJTZIO,O,O,O,O
SLJTZOI,O,O,O,O
SLJTOIZ,X,O,O,O
SLJTOZI,X,O,O,O
SLJITZO,O,O,O,O
SLJITOZ,X,O,O,X
SLJIZTO,O,O,O,O
SLJIZOT,O,O,O,O
SLJIOTZ,X,O,O,X
SLJIOZT,X,O,O,O
SLJZTIO,O,O,O,O
SLJZTOI,O,O,O,O
SLJZITO,O,O,O,O
SLJZIOT,O,O,O,O
SLJZOTI,O,O,O,O
SLJZOIT,O,O,O,O
SLJOTIZ,X,O,O,X
SLJOTZI,X,O,O,X
SLJOITZ,X,O,O,X
SLJOIZT,X,O,O,O
SLJOZTI,X,O,O,O
SLJOZIT,X,O,O,O
SLZTIJO,O,O,O,O
SLZTIOJ,O,O,O,X
SLZTJIO,O,O,O,O
SLZTJOI,O,O,O,O
SLZTOIJ,O,O,O,X
SLZTOJI,O,O,O,O
SLZITJO,O,O,O,O
SLZITOJ,O,O,O,X
SLZIJTO,O,O,O,O
SLZIJOT,O,O,O,O
SLZIOTJ,O,O,O,X
SLZIOJT,O,O,O,X
SLZJTIO,O,O,O,O
SLZJTOI,O,O,O,O
SLZJITO,O,O,O,O
SLZJIOT,O,O,O,O
SLZJOTI,O,O,O,O
SLZJOIT,O,O,O,O
SLZOTIJ,O,O,O,X
SLZOTJI,O,O,O,O
SLZOITJ,O,O,O,X
SLZOIJT,O,O,O,X
SLZOJTI,O,O,O,O
SLZOJIT,O,O,O,O
SLOTIJZ,O,X,O,X
SLOTIZJ,O,X,O,X
SLOTJIZ,O,X,O,X
SLOTJZI,O,X,O,X
SLOTZIJ,O,X,O,X
SLOTZJI,O,X,O,X
SLOITJZ,O,X,O,X
SLOITZJ,O,X,O,X
SLOIJTZ,O,X,O,X
SLOIJZT,O,X,O,O
SLOIZTJ,O,X,O,X
SLOIZJT,O,X,O,X
SLOJTIZ,O,X,O,X
SLOJTZI,O,X,O,X
SLOJITZ,O,X,O,X
SLOJIZT,O,X,O,O
SLOJZTI,O,X,O,O
SLOJZIT,O,X,O,O
SLOZTIJ,O,X,O,X
SLOZTJI,O,X,O,O
SLOZITJ,O,X,O,X
SLOZIJT,O,X,O,X
SLOZJTI,O,X,O,O
SLOZJIT,O,X,O,O
SJTILZO,O,O,O,O
SJTILOZ,X,O,O,O
SJTIZLO,O,O,O,O
SJTIZOL,O,O,O,O
SJTIOLZ,O,X,O,O
SJTIOZL,O,X,O,O
SJTLIZO,O,O,O,O
SJTLIOZ,X,O,O,O
SJTLZIO,O,O,O,O
SJTLZOI,O,O,O,O
SJTLOIZ,X,O,O,O
SJTLOZI,X,O,O,O
SJTZILO,O,O,O,O
SJTZIOL,O,O,O,O
SJTZLIO,O,O,O,O
SJTZLOI,O,O,O,O
SJTZOIL,O,O,O,O
SJTZOLI,O,O,O,O
SJTOILZ,O,X,O,O
SJTOIZL,O,X,O,O
SJTOLIZ,O,O,O,O
SJTOLZI,O,O,O,O
SJTOZIL,O,O,O,O
SJTOZLI,O,O,O,O
SJITLZO,O,O,O,O
SJITLOZ,X,O,O,O
SJITZLO,O,O,O,O
SJITZOL,O,O,O,O
SJITOLZ,O,X,O,O
SJITOZL,O,X,O,O
SJILTZO,O,O,O,O
SJILTOZ,X,O,O,X
SJILZTO,O,O,O,O
SJILZOT,O,O,O,O
SJILOTZ,X,O,O,X
SJILOZT,X,O,O,O
SJIZTLO,O,O,O,O
SJIZTOL,O,O,O,O
SJIZLTO,O,O,O,O
SJIZLOT,O,O,O,O
SJIZOTL,O,O,O,X
SJIZOLT,O,O,O,X
SJIOTLZ,O,X,O,X
SJIOTZL,O,X,O,X
SJIOLTZ,O,X,O,X
SJIOLZT,O,X,O,X
SJIOZTL,O,X,O,X
SJIOZLT,O,X,O,X
SJLTIZO,O,O,O,O
SJLTIOZ,X,O,O,O
SJLTZIO,O,O,O,O
SJLTZOI,O,O,O,O
SJLTOIZ,X,O,O,O
SJLTOZI,X,O,O,O
SJLITZO,O,O,O,O
SJLITOZ,X,O,O,X
SJLIZTO,O,O,O,O
SJLIZOT,O,O,O,O
SJLIOTZ,X,O,O,X
SJLIOZT,X,O,O,O
SJLZTIO,O,O,O,O
SJLZTOI,O,O,O,O
SJLZITO,O,O,O,O
SJLZIOT,O,O,O,O
SJLZOTI,O,O,O,O
SJLZOIT,O,O,O,O
SJLOTIZ,X,O,O,X
SJLOTZI,X,O,O,X
SJLOITZ,X,O,O,X
SJLOIZT,X,O,O,O
SJLOZTI,X,O,O,O
SJLOZIT,X,O,O,O
SJZTILO,O,O,O,O
SJZTIOL,O,O,O,O
SJZTLIO,O,O,O,O
SJZTLOI,O,O,O,O
SJZTOIL,O,O,O,O
SJZTOLI,O,O,O,O
SJZITLO,O,O,O,O
SJZITOL,O,O,O,O
SJZILTO,O,O,O,O
SJZILOT,O,O,O,O
SJZIOTL,O,O,O,X
SJZIOLT,O,O,O,X
SJZLTIO,O,O,O,O
SJZLTOI,O,O,O,O
SJZLITO,O,O,O,O
SJZLIOT,O,O,O,O
SJZLOTI,O,O,O,O
SJZLOIT,O,O,O,O
SJZOTIL,O,O,O,X
SJZOTLI,O,O,O,X
SJZOITL,O,O,O,X
SJZOILT,O,O,O,X
SJZOLTI,O,O,O,X
SJZOLIT,O,O,O,X
SJOTILZ,O,X,O,X
SJOTIZL,O,X,O,X
SJOTLIZ,O,O,O,X
SJOTLZI,O,O,O,X
SJOTZIL,O,O,O,X
SJOTZLI,O,O,O,X
SJOITLZ,O,X,O,X
SJOITZL,O,X,O,X
SJOILTZ,O,X,O,X
SJOILZT,O,X,O,X
SJOIZTL,O,X,O,X
SJOIZLT,O,X,O,X
SJOLTIZ,O,O,O,X
SJOLTZI,O,O,O,X
SJOLITZ,O,O,O,X
SJOLIZT,O,O,O,X
SJOLZTI,O,O,O,X
SJOLZIT,O,O,O,X
SJOZTIL,O,O,O,X
SJOZTLI,O,O,O,X
SJOZITL,O,O,O,X
SJOZILT,O,O,O,X
SJOZLTI,O,O,O,X
SJOZLIT,O,O,O,X
SZTILJO,O,O,O,O
SZTILOJ,O,O,O,X
SZTIJLO,O,O,O,O
SZTIJOL,O,O,O,O
SZTIOLJ,O,O,O,X
SZTIOJL,O,O,O,X
SZTLIJO,O,O,O,O
SZTLIOJ,O,O,O,X
SZTLJIO,O,O,O,O
SZTLJOI,O,O,O,O
SZTLOIJ,O,O,O,X
SZTLOJI,O,O,O,O
SZTJILO,O,O,O,O
SZTJIOL,O,O,O,O
SZTJLIO,O,O,O,O
SZTJLOI,O,O,O,O
SZTJOIL,O,O,O,O
SZTJOLI,O,O,O,O
SZTOILJ,O,O,O,X
SZTOIJL,O,O,O,X
SZTOLIJ,O,O,O,X
SZTOLJI,O,O,O,O
SZTOJIL,O,O,O,O
SZTOJLI,O,O,O,O
SZITLJO,O,O,O,X
SZITLOJ,O,O,O,X
SZITJLO,O,O,O,X
SZITJOL,O,O,O,X
SZITOLJ,O,O,O,X
SZITOJL,O,O,O,X
SZILTJO,O,O,O,X
SZILTOJ,O,O,O,X
SZILJTO,O,O,O,O
SZILJOT,O,O,O,O
SZILOTJ,O,O,O,X
SZILOJT,O,O,O,X
SZIJTLO,O,O,O,O
SZIJTOL,O,O,O,O
SZIJLTO,O,O,O,O
SZIJLOT,O,O,O,O
SZIJOTL,O,O,O,X
SZIJOLT,O,O,O,X
SZIOTLJ,O,O,O,X
SZIOTJL,O,O,X,X
SZIOLTJ,O,O,O,X
SZIOLJT,O,O,O,X
SZIOJTL,O,O,O,X
SZIOJLT,O,O,O,X
SZLTIJO,O,O,O,O
SZLTIOJ,O,O,O,X
SZLTJIO,O,O,O,O
SZLTJOI,O,O,O,O
SZLTOIJ,O,O,O,X
SZLTOJI,O,O,O,O
SZLITJO,O,O,O,O
SZLITOJ,O,O,O,X
SZLIJTO,O,O,O,O
SZLIJOT,O,O,O,O
SZLIOTJ,O,O,O,X
SZLIOJT,O,O,O,X
SZLJTIO,O,O,O,O
SZLJTOI,O,O,O,O
SZLJITO,O,O,O,O
SZLJIOT,O,O,O,O
SZLJOTI,O,O,O,O
SZLJOIT,O,O,O,O
SZLOTIJ,O,O,O,X
SZLOTJI,O,O,O,O
SZLOITJ,O,O,O,X
SZLOIJT,O,O,O,X
SZLOJTI,O,O,O,O
SZLOJIT,O,O,O,O
SZJTILO,O,O,O,O
SZJTIOL,O,O,O,O
SZJTLIO,O,O,O,O
SZJTLOI,O,O,O,O
SZJTOIL,O,O,O,O
SZJTOLI,O,O,O,O
SZJITLO,O,O,O,O
SZJITOL,O,O,O,O
SZJILTO,O,O,O,O
SZJILOT,O,O,O,O
SZJIOTL,O,O,O,X
SZJIOLT,O,O,O,X
SZJLTIO,O,O,O,O
SZJLTOI,O,O,O,O
SZJLITO,O,O,O,O
SZJLIOT,O,O,O,O
SZJLOTI,O,O,O,O
SZJLOIT,O,O,O,O
SZJOTIL,O,O,O,X
SZJOTLI,O,O,O,X
SZJOITL,O,O,O,X
SZJOILT,O,O,O,X
SZJOLTI,O,O,O,X
SZJOLIT,O,O,O,X
SZOTILJ,O,O,O,X
SZOTIJL,O,O,O,X
SZOTLIJ,O,O,O,X
SZOTLJI,O,O,O,X
SZOTJIL,O,O,O,X
SZOTJLI,O,O,O,X
SZOITLJ,O,O,O,X
SZOITJL,O,O,O,X
SZOILTJ,O,O,O,X
SZOILJT,O,O,O,X
SZOIJTL,O,O,O,X
SZOIJLT,O,O,O,X
SZOLTIJ,O,O,O,X
SZOLTJI,O,O,O,X
SZOLITJ,O,O,O,X
SZOLIJT,O,O,O,X
SZOLJTI,O,O,O,X
SZOLJIT,O,O,O,X
SZOJTIL,O,O,O,X
SZOJTLI,O,O,O,X
SZOJITL,O,O,O,X
SZOJILT,O,O,O,X
SZOJLTI,O,O,O,X
SZOJLIT,O,O,O,X
SOTILJZ,O,X,O,X
SOTILZJ,O,X,O,X
SOTIJLZ,O,X,O,X
SOTIJZL,O,X,O,X
SOTIZLJ,O,X,O,X
SOTIZJL,O,X,O,X
SOTLIJZ,O,X,O,X
SOTLIZJ,O,X,O,X
SOTLJIZ,O,X,O,X
SOTLJZI,O,X,O,X
SOTLZIJ,O,X,O,X
SOTLZJI,O,X,O,X
SOTJILZ,O,X,O,X
SOTJIZL,O,X,O,X
SOTJLIZ,O,X,O,X
SOTJLZI,O,X,O,X
SOTJZIL,O,X,O,X
SOTJZLI,O,X,O,X
SOTZILJ,O,X,O,X
SOTZIJL,O,X,O,X
SOTZLIJ,O,X,O,X
SOTZLJI,O,X,O,X
SOTZJIL,O,X,O,X
SOTZJLI,O,X,O,X
SOITLJZ,O,X,O,X
SOITLZJ,O,X,O,X
SOITJLZ,O,X,O,X
SOITJZL,O,X,O,X
SOITZLJ,O,X,O,X
SOITZJL,O,X,X,X
SOILTJZ,O,X,O,X
SOILTZJ,O,X,O,X
SOILJTZ,O,X,O,X
SOILJZT,O,X,O,X
SOILZTJ,O,X,O,X
SOILZJT,O,X,O,X
SOIJTLZ,O,X,O,X
SOIJTZL,O,X,O,X
SOIJLTZ,O,X,O,X
SOIJLZT,O,X,O,X
SOIJZTL,O,X,O,X
SOIJZLT,O,X,O,X
SOIZTLJ,O,X,O,X
SOIZTJL,O,X,O,X
SOIZLTJ,O,X,O,X
SOIZLJT,O,X,O,X
SOIZJTL,O,X,O,X
SOIZJLT,O,X,O,X
SOLTIJZ,O,X,O,X
SOLTIZJ,O,X,O,X
SOLTJIZ,O,X,O,X
SOLTJZI,O,X,O,X
SOLTZIJ,O,X,O,X
SOLTZJI,O,X,O,X
SOLITJZ,O,X,O,X
SOLITZJ,O,X,O,X
SOLIJTZ,O,X,O,X
SOLIJZT,O,X,O,X
SOLIZTJ,O,X,O,X
SOLIZJT,O,X,O,X
SOLJTIZ,O,X,O,X
SOLJTZI,O,X,O,X
SOLJITZ,O,X,O,X
SOLJIZT,O,X,O,X
SOLJZTI,O,X,O,X
SOLJZIT,O,X,O,X
SOLZTIJ,O,X,O,X
SOLZTJI,O,X,O,X
SOLZITJ,O,X,O,X
SOLZIJT,O,X,O,X
SOLZJTI,O,X,O,X
SOLZJIT,O,X,O,X
SOJTILZ,O,X,O,X
SOJTIZL,O,X,O,X
SOJTLIZ,O,X,O,X
SOJTLZI,O,X,O,X
SOJTZIL,O,X,O,X
SOJTZLI,O,X,O,X
SOJITLZ,O,X,O,X
SOJITZL,O,X,O,X
SOJILTZ,O,X,O,X
SOJILZT,O,X,O,X
SOJIZTL,O,X,O,X
SOJIZLT,O,X,O,X
SOJLTIZ,O,X,O,X
SOJLTZI,O,X,O,X
SOJLITZ,O,X,O,X
SOJLIZT,O,X,O,X
SOJLZTI,O,X,O,X
SOJLZIT,O,X,O,X
SOJZTIL,O,X,O,X
SOJZTLI,O,X,O,X
SOJZITL,O,X,O,X
SOJZILT,O,X,O,X
SOJZLTI,O,X,O,X
SOJZLIT,O,X,O,X
SOZTILJ,O,X,O,X
SOZTIJL,O,X,O,X
SOZTLIJ,O,X,O,X
SOZTLJI,O,X,O,X
SOZTJIL,O,X,O,X
SOZTJLI,O,X,O,X
SOZITLJ,O,X,O,X
SOZITJL,O,X,O,X
SOZILTJ,O,X,O,X
SOZILJT,O,X,O,X
SOZIJTL,O,X,O,X
SOZIJLT,O,X,O,X
SOZLTIJ,O,X,O,X
SOZLTJI,O,X,O,X
SOZLITJ,O,X,O,X
SOZLIJT,O,X,O,X
SOZLJTI,O,X,O,X
SOZLJIT,O,X,O,X
SOZJTIL,O,X,O,X
SOZJTLI,O,X,O,X
SOZJITL,O,X,O,X
SOZJILT,O,X,O,X
SOZJLTI,O,X,O,X
SOZJLIT,O,X,O,X
ZTILJSO,O,O,O,O
ZTILJOS,O,O,O,O
ZTILSJO,O,O,O,O
ZTILSOJ,O,O,O,X
ZTILOJS,O,O,O,X
ZTILOSJ,O,O,O,X
ZTIJLSO,O,O,O,O
ZTIJLOS,O,O,O,O
ZTIJSLO,O,O,O,O
ZTIJSOL,O,O,O,O
ZTIJOLS,O,O,O,O
ZTIJOSL,O,O,O,O
ZTISLJO,O,O,O,O
ZTISLOJ,O,O,O,X
ZTISJLO,O,O,O,O
ZTISJOL,O,O,O,O
ZTISOLJ,O,O,O,X
ZTISOJL,O,O,O,X
ZTIOLJS,O,O,O,X
ZTIOLSJ,O,O,O,X
ZTIOJLS,O,O,O,X
ZTIOJSL,O,O,O,X
ZTIOSLJ,O,O,O,X
ZTIOSJL,O,O,O,X
ZTLIJSO,O,O,O,O
ZTLIJOS,O,O,O,O
ZTLISJO,O,O,O,O
ZTLISOJ,O,O,O,X
ZTLIOJS,O,O,O,X
ZTLIOSJ,O,O,O,X
ZTLJISO,O,O,O,O
ZTLJIOS,O,O,O,O
ZTLJSIO,O,O,O,O
ZTLJSOI,O,O,O,O
ZTLJOIS,O,O,O,O
ZTLJOSI,O,O,O,O
ZTLSIJO,O,O,O,O
ZTLSIOJ,O,O,O,X
ZTLSJIO,O,O,O,O
ZTLSJOI,O,O,O,O
ZTLSOIJ,O,O,O,X
ZTLSOJI,O,O,O,O
ZTLOIJS,O,O,O,X
ZTLOISJ,O,O,O,X
ZTLOJIS,O,O,O,O
ZTLOJSI,O,O,O,O
ZTLOSIJ,O,O,O,X
ZTLOSJI,O,O,O,O
ZTJILSO,O,O,O,O
ZTJILOS,O,O,O,O
ZTJISLO,O,O,O,O
ZTJISOL,O,O,O,O
ZTJIOLS,O,O,O,O
ZTJIOSL,O,O,O,O
ZTJLISO,O,O,O,O
ZTJLIOS,O,O,O,O
ZTJLSIO,O,O,O,O
ZTJLSOI,O,O,O,O
ZTJLOIS,O,O,O,O
ZTJLOSI,O,O,O,O
ZTJSILO,O,O,O,O
ZTJSIOL,O,O,O,O
ZTJSLIO,O,O,O,O
ZTJSLOI,O,O,O,O
ZTJSOIL,O,O,O,O
ZTJSOLI,O,O,O,O
ZTJOILS,O,O,O,O
ZTJOISL,O,O,O,O
ZTJOLIS,O,O,O,O
ZTJOLSI,O,O,O,O
ZTJOSIL,O,O,O,O
ZTJOSLI,O,O,O,O
ZTSILJO,O,O,O,O
ZTSILOJ,O,O,O,X
ZTSIJLO,O,O,O,O
ZTSIJOL,O,O,O,O
ZTSIOLJ,O,O,O,X
ZTSIOJL,O,O,O,X
ZTSLIJO,O,O,O,O
ZTSLIOJ,O,O,O,X
ZTSLJIO,O,O,O,O
ZTSLJOI,O,O,O,O
ZTSLOIJ,O,O,O,X
ZTSLOJI,O,O,O,O
ZTSJILO,O,O,O,O
ZTSJIOL,O,O,O,O
ZTSJLIO,O,O,O,O
ZTSJLOI,O,O,O,O
ZTSJOIL,O,O,O,O
ZTSJOLI,O,O,O,O
ZTSOILJ,O,O,O,X
ZTSOIJL,O,O,O,X
ZTSOLIJ,O,O,O,X
ZTSOLJI,O,O,O,O
ZTSOJIL,O,O,O,O
ZTSOJLI,O,O,O,O
ZTOILJS,O,O,O,X
ZTOILSJ,O,O,O,X
ZTOIJLS,O,O,O,X
ZTOIJSL,O,O,O,X
ZTOISLJ,O,O,O,X
ZTOISJL,O,O,O,X
ZTOLIJS,O,O,O,X
ZTOLISJ,O,O,O,X
ZTOLJIS,O,O,O,O
ZTOLJSI,O,O,O,O
ZTOLSIJ,O,O,O,X
ZTOLSJI,O,O,O,O
ZTOJILS,O,O,O,O
ZTOJISL,O,O,O,O
ZTOJLIS,O,O,O,O
ZTOJLSI,O,O,O,O
ZTOJSIL,O,O,O,O
ZTOJSLI,O,O,O,O
ZTOSILJ,O,O,O,X
ZTOSIJL,O,O,O,X
ZTOSLIJ,O,O,O,X
ZTOSLJI,O,O,O,O
ZTOSJIL,O,O,O,O
ZTOSJLI,O,O,O,O
ZITLJSO,O,O,O,O
ZITLJOS,O,O,O,O
ZITLSJO,O,O,O,O
ZITLSOJ,O,O,O,X
ZITLOJS,O,O,O,X
ZITLOSJ,O,O,O,X
ZITJLSO,O,O,O,O
ZITJLOS,O,O,O,O
ZITJSLO,O,O,O,O
ZITJSOL,O,O,O,O
ZITJOLS,O,O,O,O
ZITJOSL,O,O,O,O
ZITSLJO,O,O,O,O
ZITSLOJ,O,O,O,X
ZITSJLO,O,O,O,O
ZITSJOL,O,O,O,O
ZITSOLJ,O,O,O,X
ZITSOJL,O,O,O,X
ZITOLJS,O,O,O,X
ZITOLSJ,O,O,O,X
ZITOJLS,O,O,O,X
ZITOJSL,O,O,O,X
ZITOSLJ,O,O,O,X
ZITOSJL,O,O,O,X
ZILTJSO,O,O,O,O
ZILTJOS,O,O,O,O
ZILTSJO,O,O,O,O
ZILTSOJ,O,O,O,X
ZILTOJS,O,O,O,X
ZILTOSJ,O,O,O,X
ZILJTSO,O,O,O,O
ZILJTOS,O,O,O,O
ZILJSTO,O,O,O,O
ZILJSOT,O,O,O,O
ZILJOTS,O,O,O,X
ZILJOST,O,O,O,O
ZILSTJO,O,O,O,O
ZILSTOJ,O,O,O,X
ZILSJTO,O,O,O,O
ZILSJOT,O,O,O,O
ZILSOTJ,O,O,O,X
ZILSOJT,O,O,O,X
ZILOTJS,O,O,O,X
ZILOTSJ,O,O,O,X
ZILOJTS,O,O,O,X
ZILOJST,O,O,O,O
ZILOSTJ,O,O,O,X
ZILOSJT,O,O,O,X
ZIJTLSO,O,O,O,O
ZIJTLOS,O,O,O,O
ZIJTSLO,O,O,O,O
ZIJTSOL,O,O,O,O
ZIJTOLS,O,O,O,O
ZIJTOSL,O,O,O,O
ZIJLTSO,O,O,O,O
ZIJLTOS,O,O,O,O
ZIJLSTO,O,O,O,O
ZIJLSOT,O,O,O,O
ZIJLOTS,O,O,O,X
ZIJLOST,O,O,O,O
ZIJSTLO,O,O,O,O
ZIJSTOL,O,O,O,O
ZIJSLTO,O,O,O,O
ZIJSLOT,O,O,O,O
ZIJSOTL,O,O,O,X
ZIJSOLT,O,O,O,X
ZIJOTLS,O,O,O,O
ZIJOTSL,O,O,O,O
ZIJOLTS,O,O,O,X
ZIJOLST,O,O,O,O
ZIJOSTL,O,O,O,X
ZIJOSLT,O,O,O,X
ZISTLJO,O,O,O,X
ZISTLOJ,O,O,O,X
ZISTJLO,O,O,O,X
ZISTJOL,O,O,O,X
ZISTOLJ,O,O,O,X
ZISTOJL,O,O,O,X
ZISLTJO,O,O,O,X
ZISLTOJ,O,O,O,X
ZISLJTO,O,O,O,O
ZISLJOT,O,O,O,O
ZISLOTJ,O,O,O,X
ZISLOJT,O,O,O,X
ZISJTLO,O,O,O,O
ZISJTOL,O,O,O,O
ZISJLTO,O,O,O,O
ZISJLOT,O,O,O,O
ZISJOTL,O,O,O,X
ZISJOLT,O,O,O,X
ZISOTLJ,O,O,O,X
ZISOTJL,O,O,X,X
ZISOLTJ,O,O,O,X
ZISOLJT,O,O,O,X
ZISOJTL,O,O,O,X
ZISOJLT,O,O,O,X
ZIOTLJS,O,O,O,X
ZIOTLSJ,O,O,O,X
ZIOTJLS,O,O,O,X
ZIOTJSL,O,O,O,X
ZIOTSLJ,O,O,O,X
ZIOTSJL,O,O,O,X
ZIOLTJS,O,O,O,X
ZIOLTSJ,O,O,O,X
ZIOLJTS,O,O,O,X
ZIOLJST,O,O,O,O
ZIOLSTJ,O,O,O,X
ZIOLSJT,O,O,O,X
ZIOJTLS,O,O,O,O
ZIOJTSL,O,O,O,O
ZIOJLTS,O,O,O,X
ZIOJLST,O,O,O,O
ZIOJSTL,O,O,O,X
ZIOJSLT,O,O,O,X
ZIOSTLJ,O,O,O,X
ZIOSTJL,O,O,O,X
ZIOSLTJ,O,O,O,X
ZIOSLJT,O,O,O,X
ZIOSJTL,O,O,O,X
ZIOSJLT,O,O,O,X
ZLTIJSO,O,O,O,O
ZLTIJOS,O,O,O,O
ZLTISJO,O,O,O,O
ZLTISOJ,O,O,O,X
ZLTIOJS,O,O,O,X
ZLTIOSJ,O,O,O,X
ZLTJISO,O,O,O,O
ZLTJIOS,O,O,O,O
ZLTJSIO,O,O,O,O
ZLTJSOI,O,O,O,O
ZLTJOIS,O,O,O,O
ZLTJOSI,O,O,O,O
ZLTSIJO,O,O,O,O
ZLTSIOJ,O,O,O,X
ZLTSJIO,O,O,O,O
ZLTSJOI,O,O,O,O
ZLTSOIJ,O,O,O,X
ZLTSOJI,O,O,O,O
ZLTOIJS,O,O,O,X
ZLTOISJ,O,O,O,X
ZLTOJIS,O,O,O,O
ZLTOJSI,O,O,O,O
ZLTOSIJ,O,O,O,X
ZLTOSJI,O,O,O,O
ZLITJSO,O,O,O,O
ZLITJOS,O,O,O,O
ZLITSJO,O,O,O,O
ZLITSOJ,O,O,O,X
ZLITOJS,O,O,O,X
ZLITOSJ,O,O,O,X
ZLIJTSO,O,O,O,O
ZLIJTOS,O,O,O,O
ZLIJSTO,O,O,O,O
ZLIJSOT,O,O,O,O
ZLIJOTS,O,O,O,X
ZLIJOST,O,O,O,O
ZLISTJO,O,O,O,O
ZLISTOJ,O,O,O,X
ZLISJTO,O,O,O,O
ZLISJOT,O,O,O,O
ZLISOTJ,O,O,O,X
ZLISOJT,O,O,O,X
ZLIOTJS,O,O,O,X
ZLIOTSJ,O,O,O,X
ZLIOJTS,O,O,O,X
ZLIOJST,O,O,O,O
ZLIOSTJ,O,O,O,X
ZLIOSJT,O,O,O,X
ZLJTISO,O,O,O,O
ZLJTIOS,O,O,O,O
ZLJTSIO,O,O,O,O
ZLJTSOI,O,O,O,O
ZLJTOIS,O,O,O,O
ZLJTOSI,O,O,O,O
ZLJITSO,O,O,O,O
ZLJITOS,O,O,O,O
ZLJISTO,O,O,O,O
ZLJISOT,O,O,O,O
ZLJIOTS,O,O,O,X
ZLJIOST,O,O,O,O
ZLJSTIO,O,O,O,O
ZLJSTOI,O,O,O,O
ZLJSITO,O,O,O,O
ZLJSIOT,O,O,O,O
ZLJSOTI,O,O,O,O
ZLJSOIT,O,O,O,O
ZLJOTIS,O,O,O,O
ZLJOTSI,O,O,O,O
ZLJOITS,O,O,O,X
ZLJOIST,O,O,O,O
ZLJOSTI,O,O,O,O
ZLJOSIT,O,O,O,O
ZLSTIJO,O,O,O,O
ZLSTIOJ,O,O,O,X
ZLSTJIO,O,O,O,O
ZLSTJOI,O,O,O,O
ZLSTOIJ,O,O,O,X
ZLSTOJI,O,O,O,O
ZLSITJO,O,O,O,O
ZLSITOJ,O,O,O,X
ZLSIJTO,O,O,O,O
ZLSIJOT,O,O,O,O
ZLSIOTJ,O,O,O,X
ZLSIOJT,O,O,O,X
ZLSJTIO,O,O,O,O
ZLSJTOI,O,O,O,O
ZLSJITO,O,O,O,O
ZLSJIOT,O,O,O,O
ZLSJOTI,O,O,O,O
ZLSJOIT,O,O,O,O
ZLSOTIJ,O,O,O,X
ZLSOTJI,O,O,O,O
ZLSOITJ,O,O,O,X
ZLSOIJT,O,O,O,X
ZLSOJTI,O,O,O,O
ZLSOJIT,O,O,O,O
ZLOTIJS,O,O,O,X
ZLOTISJ,O,O,O,X
ZLOTJIS,O,O,O,O
ZLOTJSI,O,O,O,O
ZLOTSIJ,O,O,O,X
ZLOTSJI,O,O,O,O
ZLOITJS,O,O,O,X
ZLOITSJ,O,O,O,X
ZLOIJTS,O,O,O,X
ZLOIJST,O,O,O,O
ZLOISTJ,O,O,O,X
ZLOISJT,O,O,O,X
ZLOJTIS,O,O,O,O
ZLOJTSI,O,O,O,O
ZLOJITS,O,O,O,X
ZLOJIST,O,O,O,O
ZLOJSTI,O,O,O,O
ZLOJSIT,O,O,O,O
ZLOSTIJ,O,O,O,X
ZLOSTJI,O,O,O,O
ZLOSITJ,O,O,O,X
ZLOSIJT,O,O,O,X
ZLOSJTI,O,O,O,O
ZLOSJIT,O,O,O,O
ZJTILSO,O,O,O,O
ZJTILOS,O,O,O,O
ZJTISLO,O,O,O,O
ZJTISOL,O,O,O,O
ZJTIOLS,O,O,O,O
ZJTIOSL,O,O,O,O
ZJTLISO,O,O,O,O
ZJTLIOS,O,O,O,O
ZJTLSIO,O,O,O,O
ZJTLSOI,O,O,O,O
ZJTLOIS,O,O,O,O
ZJTLOSI,O,O,O,O
ZJTSILO,O,O,O,O
ZJTSIOL,O,O,O,O
ZJTSLIO,O,O,O,O
ZJTSLOI,O,O,O,O
ZJTSOIL,O,O,O,O
ZJTSOLI,O,O,O,O
ZJTOILS,O,O,O,O
ZJTOISL,O,O,O,O
ZJTOLIS,O,O,O,O
ZJTOLSI,O,O,O,O
ZJTOSIL,O,O,O,O
ZJTOSLI,O,O,O,O
ZJITLSO,O,O,O,O
ZJITLOS,O,O,O,O
ZJITSLO,O,O,O,O
ZJITSOL,O,O,O,O
ZJITOLS,O,O,O,O
ZJITOSL,O,O,O,O
ZJILTSO,O,O,O,O
ZJILTOS,O,O,O,O
ZJILSTO,O,O,O,O
ZJILSOT,O,O,O,O
ZJILOTS,O,O,O,X
ZJILOST,O,O,O,O
ZJISTLO,O,O,O,O
ZJISTOL,O,O,O,O
ZJISLTO,O,O,O,O
ZJISLOT,O,O,O,O
ZJISOTL,O,O,O,X
ZJISOLT,O,O,O,X
ZJIOTLS,O,O,O,O
ZJIOTSL,O,O,O,O
ZJIOLTS,O,O,O,X
ZJIOLST,O,O,O,O
ZJIOSTL,O,O,O,X
ZJIOSLT,O,O,O,X
ZJLTISO,O,O,O,O
ZJLTIOS,O,O,O,O
ZJLTSIO,O,O,O,O
ZJLTSOI,O,O,O,O
ZJLTOIS,O,O,O,O
ZJLTOSI,O,O,O,O
ZJLITSO,O,O,O,O
ZJLITOS,O,O,O,O
ZJLISTO,O,O,O,O
ZJLISOT,O,O,O,O
ZJLIOTS,O,O,O,X
ZJLIOST,O,O,O,O
ZJLSTIO,O,O,O,O
ZJLSTOI,O,O,O,O
ZJLSITO,O,O,O,O
ZJLSIOT,O,O,O,O
ZJLSOTI,O,O,O,O
ZJLSOIT,O,O,O,O
ZJLOTIS,O,O,O,O
ZJLOTSI,O,O,O,O
ZJLOITS,O,O,O,X
ZJLOIST,O,O,O,O
ZJLOSTI,O,O,O,O
ZJLOSIT,O,O,O,O
ZJSTILO,O,O,O,O
ZJSTIOL,O,O,O,O
ZJSTLIO,O,O,O,O
ZJSTLOI,O,O,O,O
ZJSTOIL,O,O,O,O
ZJSTOLI,O,O,O,O
ZJSITLO,O,O,O,O
ZJSITOL,O,O,O,O
ZJSILTO,O,O,O,O
ZJSILOT,O,O,O,O
ZJSIOTL,O,O,O,X
ZJSIOLT,O,O,O,X
ZJSLTIO,O,O,O,O
ZJSLTOI,O,O,O,O
ZJSLITO,O,O,O,O
ZJSLIOT,O,O,O,O
ZJSLOTI,O,O,O,O
ZJSLOIT,O,O,O,O
ZJSOTIL,O,O,O,X
ZJSOTLI,O,O,O,X
ZJSOITL,O,O,O,X
ZJSOILT,O,O,O,X
ZJSOLTI,O,O,O,X
ZJSOLIT,O,O,O,X
ZJOTILS,O,O,O,O
ZJOTISL,O,O,O,O
ZJOTLIS,O,O,O,O
ZJOTLSI,O,O,O,O
ZJOTSIL,O,O,O,O
ZJOTSLI,O,O,O,O
ZJOITLS,O,O,O,O
ZJOITSL,O,O,O,O
ZJOILTS,O,O,O,X
ZJOILST,O,O,O,O
ZJOISTL,O,O,O,X
ZJOISLT,O,O,O,X
ZJOLTIS,O,O,O,O
ZJOLTSI,O,O,O,O
ZJOLITS,O,O,O,X
ZJOLIST,O,O,O,O
ZJOLSTI,O,O,O,O
ZJOLSIT,O,O,O,O
ZJOSTIL,O,O,O,X
ZJOSTLI,O,O,O,X
ZJOSITL,O,O,O,X
ZJOSILT,O,O,O,X
ZJOSLTI,O,O,O,X
ZJOSLIT,O,O,O,X
ZSTILJO,O,O,O,O
ZSTILOJ,O,O,O,X
ZSTIJLO,O,O,O,O
ZSTIJOL,O,O,O,O
ZSTIOLJ,O,O,O,X
ZSTIOJL,O,O,O,X
ZSTLIJO,O,O,O,O
ZSTLIOJ,O,O,O,X
ZSTLJIO,O,O,O,O
ZSTLJOI,O,O,O,O
ZSTLOIJ,O,O,O,X
ZSTLOJI,O,O,O,O
ZSTJILO,O,O,O,O
ZSTJIOL,O,O,O,O
ZSTJLIO,O,O,O,O
ZSTJLOI,O,O,O,O
ZSTJOIL,O,O,O,O
ZSTJOLI,O,O,O,O
ZSTOILJ,O,O,O,X
ZSTOIJL,O,O,O,X
ZSTOLIJ,O,O,O,X
ZSTOLJI,O,O,O,O
ZSTOJIL,O,O,O,O
ZSTOJLI,O,O,O,O
ZSITLJO,O,O,O,X
ZSITLOJ,O,O,O,X
ZSITJLO,O,O,O,X
ZSITJOL,O,O,O,X
ZSITOLJ,O,O,O,X
ZSITOJL,O,O,O,X
ZSILTJO,O,O,O,X
ZSILTOJ,O,O,O,X
ZSILJTO,O,O,O,O
ZSILJOT,O,O,O,O
ZSILOTJ,O,O,O,X
ZSILOJT,O,O,O,X
ZSIJTLO,O,O,O,O
ZSIJTOL,O,O,O,O
ZSIJLTO,O,O,O,O
ZSIJLOT,O,O,O,O
ZSIJOTL,O,O,O,X
ZSIJOLT,O,O,O,X
ZSIOTLJ,O,O,O,X
ZSIOTJL,O,O,X,X
ZSIOLTJ,O,O,O,X
ZSIOLJT,O,O,O,X
ZSIOJTL,O,O,O,X
ZSIOJLT,O,O,O,X
ZSLTIJO,O,O,O,O
ZSLTIOJ,O,O,O,X
ZSLTJIO,O,O,O,O
ZSLTJOI,O,O,O,O
ZSLTOIJ,O,O,O,X
ZSLTOJI,O,O,O,O
ZSLITJO,O,O,O,O
ZSLITOJ,O,O,O,X
ZSLIJTO,O,O,O,O
ZSLIJOT,O,O,O,O
ZSLIOTJ,O,O,O,X
ZSLIOJT,O,O,O,X
ZSLJTIO,O,O,O,O
ZSLJTOI,O,O,O,O
ZSLJITO,O,O,O,O
ZSLJIOT,O,O,O,O
ZSLJOTI,O,O,O,O
ZSLJOIT,O,O,O,O
ZSLOTIJ,O,O,O,X
ZSLOTJI,O,O,O,O
ZSLOITJ,O,O,O,X
ZSLOIJT,O,O,O,X
ZSLOJTI,O,O,O,O
ZSLOJIT,O,O,O,O
ZSJTILO,O,O,O,O
ZSJTIOL,O,O,O,O
ZSJTLIO,O,O,O,O
ZSJTLOI,O,O,O,O
ZSJTOIL,O,O,O,O
ZSJTOLI,O,O,O,O
ZSJITLO,O,O,O,O
ZSJITOL,O,O,O,O
ZSJILTO,O,O,O,O
ZSJILOT,O,O,O,O
ZSJIOTL,O,O,O,X
ZSJIOLT,O,O,O,X
ZSJLTIO,O,O,O,O
ZSJLTOI,O,O,O,O
ZSJLITO,O,O,O,O
ZSJLIOT,O,O,O,O
ZSJLOTI,O,O,O,O
ZSJLOIT,O,O,O,O
ZSJOTIL,O,O,O,X
ZSJOTLI,O,O,O,X
ZSJOITL,O,O,O,X
ZSJOILT,O,O,O,X
ZSJOLTI,O,O,O,X
ZSJOLIT,O,O,O,X
ZSOTILJ,O,O,O,X
ZSOTIJL,O,O,O,X
ZSOTLIJ,O,O,O,X
ZSOTLJI,O,O,O,X
ZSOTJIL,O,O,O,X
ZSOTJLI,O,O,O,X
ZSOITLJ,O,O,O,X
ZSOITJL,O,O,O,X
ZSOILTJ,O,O,O,X
ZSOILJT,O,O,O,X
ZSOIJTL,O,O,O,X
ZSOIJLT,O,O,O,X
ZSOLTIJ,O,O,O,X
ZSOLTJI,O,O,O,X
ZSOLITJ,O,O,O,X
ZSOLIJT,O,O,O,X
ZSOLJTI,O,O,O,X
ZSOLJIT,O,O,O,X
ZSOJTIL,O,O,O,X
ZSOJTLI,O,O,O,X
ZSOJITL,O,O,O,X
ZSOJILT,O,O,O,X
ZSOJLTI,O,O,O,X
ZSOJLIT,O,O,O,X
ZOTILJS,O,O,O,X
ZOTILSJ,O,O,O,X
ZOTIJLS,O,O,O,X
ZOTIJSL,O,O,O,X
ZOTISLJ,O,O,O,X
ZOTISJL,O,O,O,X
ZOTLIJS,O,O,O,X
ZOTLISJ,O,O,O,X
ZOTLJIS,O,O,O,O
ZOTLJSI,O,O,O,O
ZOTLSIJ,O,O,O,X
ZOTLSJI,O,O,O,O
ZOTJILS,O,O,O,O
ZOTJISL,O,O,O,O
ZOTJLIS,O,O,O,O
ZOTJLSI,O,O,O,O
ZOTJSIL,O,O,O,O
ZOTJSLI,O,O,O,O
ZOTSILJ,O,O,O,X
ZOTSIJL,O,O,O,X
ZOTSLIJ,O,O,O,X
ZOTSLJI,O,O,O,O
ZOTSJIL,O,O,O,O
ZOTSJLI,O,O,O,O
ZOITLJS,O,O,O,X
ZOITLSJ,O,O,O,X
ZOITJLS,O,O,O,X
ZOITJSL,O,O,O,X
ZOITSLJ,O,O,O,X
ZOITSJL,O,O,O,X
ZOILTJS,O,O,O,X
ZOILTSJ,O,O,O,X
ZOILJTS,O,O,O,X
ZOILJST,O,O,O,O
ZOILSTJ,O,O,O,X
ZOILSJT,O,O,O,X
ZOIJTLS,O,O,O,O
ZOIJTSL,O,O,O,O
ZOIJLTS,O,O,O,X
ZOIJLST,O,O,O,O
ZOIJSTL,O,O,O,X
ZOIJSLT,O,O,O,X
ZOISTLJ,O,O,O,X
ZOISTJL,O,O,O,X
ZOISLTJ,O,O,O,X
ZOISLJT,O,O,O,X
ZOISJTL,O,O,O,X
ZOISJLT,O,O,O,X
ZOLTIJS,O,O,O,X
ZOLTISJ,O,O,O,X
ZOLTJIS,O,O,O,O
ZOLTJSI,O,O,O,O
ZOLTSIJ,O,O,O,X
ZOLTSJI,O,O,O,O
ZOLITJS,O,O,O,X
ZOLITSJ,O,O,O,X
ZOLIJTS,O,O,O,X
ZOLIJST,O,O,O,O
ZOLISTJ,O,O,O,X
ZOLISJT,O,O,O,X
ZOLJTIS,O,O,O,O
ZOLJTSI,O,O,O,O
ZOLJITS,O,O,O,X
ZOLJIST,O,O,O,O
ZOLJSTI,O,O,O,O
ZOLJSIT,O,O,O,O
ZOLSTIJ,O,O,O,X
ZOLSTJI,O,O,O,O
ZOLSITJ,O,O,O,X
ZOLSIJT,O,O,O,X
ZOLSJTI,O,O,O,O
ZOLSJIT,O,O,O,O
ZOJTILS,O,O,O,O
ZOJTISL,O,O,O,O
ZOJTLIS,O,O,O,O
ZOJTLSI,O,O,O,O
ZOJTSIL,O,O,O,O
ZOJTSLI,O,O,O,O
ZOJITLS,O,O,O,O
ZOJITSL,O,O,O,O
ZOJILTS,O,O,O,X
ZOJILST,O,O,O,O
ZOJISTL,O,O,O,X
ZOJISLT,O,O,O,X
ZOJLTIS,O,O,O,O
ZOJLTSI,O,O,O,O
ZOJLITS,O,O,O,X
ZOJLIST,O,O,O,O
ZOJLSTI,O,O,O,O
ZOJLSIT,O,O,O,O
ZOJSTIL,O,O,O,X
ZOJSTLI,O,O,O,X
ZOJSITL,O,O,O,X
ZOJSILT,O,O,O,X
ZOJSLTI,O,O,O,X
ZOJSLIT,O,O,O,X
ZOSTILJ,O,O,O,X
ZOSTIJL,O,O,O,X
ZOSTLIJ,O,O,O,X
ZOSTLJI,O,O,O,X
ZOSTJIL,O,O,O,X
ZOSTJLI,O,O,O,X
ZOSITLJ,O,O,O,X
ZOSITJL,O,O,O,X
ZOSILTJ,O,O,O,X
ZOSILJT,O,O,O,X
ZOSIJTL,O,O,O,X
ZOSIJLT,O,O,O,X
ZOSLTIJ,O,O,O,X
ZOSLTJI,O,O,O,X
ZOSLITJ,O,O,O,X
ZOSLIJT,O,O,O,X
ZOSLJTI,O,O,O,X
ZOSLJIT,O,O,O,X
ZOSJTIL,O,O,O,X
ZOSJTLI,O,O,O,X
ZOSJITL,O,O,O,X
ZOSJILT,O,O,O,X
ZOSJLTI,O,O,O,X
ZOSJLIT,O,O,O,X
OTILJSZ,O,O,O,X
OTILJZS,O,O,O,X
OTILSJZ,O,X,O,X
OTILSZJ,O,X,O,X
OTILZJS,O,O,O,X
OTILZSJ,O,O,O,X
OTIJLSZ,O,O,O,X
OTIJLZS,O,O,O,X
OTIJSLZ,O,X,O,X
OTIJSZL,O,X,O,X
OTIJZLS,O,O,O,X
OTIJZSL,O,O,O,X
OTISLJZ,O,X,O,X
OTISLZJ,O,X,O,X
OTISJLZ,O,X,O,X
OTISJZL,O,X,O,X
OTISZLJ,O,X,O,X
OTISZJL,O,X,O,X
OTIZLJS,O,O,O,X
OTIZLSJ,O,O,O,X
OTIZJLS,O,O,O,X
OTIZJSL,O,O,O,X
OTIZSLJ,O,O,O,X
OTIZSJL,O,O,O,X
OTLIJSZ,O,O,O,X
OTLIJZS,O,O,O,X
OTLISJZ,O,X,O,X
OTLISZJ,O,X,O,X
OTLIZJS,O,O,O,X
OTLIZSJ,O,O,O,X
OTLJISZ,O,O,O,O
OTLJIZS,O,O,O,O
OTLJSIZ,O,O,O,O
OTLJSZI,O,O,O,O
OTLJZIS,O,O,O,O
OTLJZSI,O,O,O,O
OTLSIJZ,O,X,O,X
OTLSIZJ,O,X,O,X
OTLSJIZ,O,X,O,O
OTLSJZI,O,X,O,O
OTLSZIJ,O,X,O,X
OTLSZJI,O,X,O,O
OTLZIJS,O,O,O,X
OTLZISJ,O,O,O,X
OTLZJIS,O,O,O,O
OTLZJSI,O,O,O,O
OTLZSIJ,O,O,O,X
OTLZSJI,O,O,O,O
OTJILSZ,O,O,O,O
OTJILZS,O,O,O,O
OTJISLZ,O,X,O,O
OTJISZL,O,X,O,O
OTJIZLS,O,O,O,O
OTJIZSL,O,O,O,O
OTJLISZ,O,O,O,O
OTJLIZS,O,O,O,O
OTJLSIZ,O,O,O,O
OTJLSZI,O,O,O,O
OTJLZIS,O,O,O,O
OTJLZSI,O,O,O,O
OTJSILZ,O,X,O,O
OTJSIZL,O,X,O,O
OTJSLIZ,O,O,O,O
OTJSLZI,O,O,O,O
OTJSZIL,O,O,O,O
OTJSZLI,O,O,O,O
OTJZILS,O,O,O,O
OTJZISL,O,O,O,O
OTJZLIS,O,O,O,O
OTJZLSI,O,O,O,O
OTJZSIL,O,O,O,O
OTJZSLI,O,O,O,O
OTSILJZ,O,X,O,X
OTSILZJ,O,X,O,X
OTSIJLZ,O,X,O,X
OTSIJZL,O,X,O,X
OTSIZLJ,O,X,O,X
OTSIZJL,O,X,O,X
OTSLIJZ,O,X,O,X
OTSLIZJ,O,X,O,X
OTSLJIZ,O,X,O,O
OTSLJZI,O,X,O,O
OTSLZIJ,O,X,O,X
OTSLZJI,O,X,O,O
OTSJILZ,O,X,O,O
OTSJIZL,O,X,O,O
OTSJLIZ,O,X,O,O
OTSJLZI,O,X,O,O
OTSJZIL,O,X,O,O
OTSJZLI,O,X,O,O
OTSZILJ,O,X,O,X
OTSZIJL,O,X,O,X
OTSZLIJ,O,X,O,X
OTSZLJI,O,X,O,O
OTSZJIL,O,X,O,O
OTSZJLI,O,X,O,O
OTZILJS,O,O,O,X
OTZILSJ,O,O,O,X
OTZIJLS,O,O,O,X
OTZIJSL,O,O,O,X
OTZISLJ,O,O,O,X
OTZISJL,O,O,O,X
OTZLIJS,O,O,O,X
OTZLISJ,O,O,O,X
OTZLJIS,O,O,O,O
OTZLJSI,O,O,O,O
OTZLSIJ,O,O,O,X
OTZLSJI,O,O,O,O
OTZJILS,O,O,O,O
OTZJISL,O,O,O,O
OTZJLIS,O,O,O,O
OTZJLSI,O,O,O,O
OTZJSIL,O,O,O,O
OTZJSLI,O,O,O,O
OTZSILJ,O,O,O,X
OTZSIJL,O,O,O,X
OTZSLIJ,O,O,O,X
OTZSLJI,O,O,O,O
OTZSJIL,O,O,O,O
OTZSJLI,O,O,O,O
OITLJSZ,O,O,O,X
OITLJZS,O,O,O,X
OITLSJZ,O,X,O,X
OITLSZJ,O,X,O,X
OITLZJS,O,O,O,X
OITLZSJ,O,O,O,X
OITJLSZ,O,O,O,X
OITJLZS,O,O,O,X
OITJSLZ,O,X,O,X
OITJSZL,O,X,O,X
OITJZLS,O,O,O,X
OITJZSL,O,O,O,X
OITSLJZ,O,X,O,X
OITSLZJ,O,X,O,X
OITSJLZ,O,X,O,X
OITSJZL,O,X,O,X
OITSZLJ,O,X,O,X
OITSZJL,O,X,O,X
OITZLJS,O,O,O,X
OITZLSJ,O,O,O,X
OITZJLS,O,O,O,X
OITZJSL,O,O,O,X
OITZSLJ,O,O,O,X
OITZSJL,O,O,O,X
OILTJSZ,O,O,O,X
OILTJZS,O,O,O,X
OILTSJZ,O,X,O,X
OILTSZJ,O,X,O,X
OILTZJS,O,O,O,X
OILTZSJ,O,O,O,X
OILJTSZ,O,O,O,X
OILJTZS,O,O,O,X
OILJSTZ,O,O,O,X
OILJSZT,O,O,O,X
OILJZTS,O,O,O,X
OILJZST,O,O,O,X
OILSTJZ,O,X,O,X
OILSTZJ,O,X,O,X
OILSJTZ,O,X,O,X
OILSJZT,O,X,O,X
OILSZTJ,O,X,O,X
OILSZJT,O,X,O,X
OILZTJS,O,O,O,X
OILZTSJ,O,O,O,X
OILZJTS,O,O,O,X
OILZJST,O,O,O,X
OILZSTJ,O,O,O,X
OILZSJT,O,O,O,X
OIJTLSZ,O,O,O,X
OIJTLZS,O,O,O,X
OIJTSLZ,O,X,O,X
OIJTSZL,O,X,O,X
OIJTZLS,O,O,O,X
OIJTZSL,O,O,O,X
OIJLTSZ,O,O,O,X
OIJLTZS,O,O,O,X
OIJLSTZ,O,O,O,X
OIJLSZT,O,O,O,X
OIJLZTS,O,O,O,X
OIJLZST,O,O,O,X
OIJSTLZ,O,X,O,X
OIJSTZL,O,X,O,X
OIJSLTZ,O,X,O,X
OIJSLZT,O,X,O,X
OIJSZTL,O,X,O,X
OIJSZLT,O,X,O,X
OIJZTLS,O,O,O,X
OIJZTSL,O,O,O,X
OIJZLTS,O,O,O,X
OIJZLST,O,O,O,X
OIJZSTL,O,O,O,X
OIJZSLT,O,O,O,X
OISTLJZ,O,X,O,X
OISTLZJ,O,X,O,X
OISTJLZ,O,X,O,X
OISTJZL,O,X,O,X
OISTZLJ,O,X,O,X
OISTZJL,O,X,X,X
OISLTJZ,O,X,O,X
OISLTZJ,O,X,O,X
OISLJTZ,O,X,O,X
OISLJZT,O,X,O,X
OISLZTJ,O,X,O,X
OISLZJT,O,X,O,X
OISJTLZ,O,X,O,X
OISJTZL,O,X,O,X
OISJLTZ,O,X,O,X
OISJLZT,O,X,O,X
OISJZTL,O,X,O,X
OISJZLT,O,X,O,X
OISZTLJ,O,X,O,X
OISZTJL,O,X,O,X
OISZLTJ,O,X,O,X
OISZLJT,O,X,O,X
OISZJTL,O,X,O,X
OISZJLT,O,X,O,X
OIZTLJS,O,O,O,X
OIZTLSJ,O,O,O,X
OIZTJLS,O,O,O,X
OIZTJSL,O,O,O,X
OIZTSLJ,O,O,O,X
OIZTSJL,O,O,O,X
OIZLTJS,O,O,O,X
OIZLTSJ,O,O,O,X
OIZLJTS,O,O,O,X
OIZLJST,O,O,O,X
OIZLSTJ,O,O,O,X
OIZLSJT,O,O,O,X
OIZJTLS,O,O,O,X
OIZJTSL,O,O,O,X
OIZJLTS,O,O,O,X
OIZJLST,O,O,O,X
OIZJSTL,O,O,O,X
OIZJSLT,O,O,O,X
OIZSTLJ,O,O,O,X
OIZSTJL,O,O,O,X
OIZSLTJ,O,O,O,X
OIZSLJT,O,O,O,X
OIZSJTL,O,O,O,X
OIZSJLT,O,O,O,X
OLTIJSZ,O,O,O,X
OLTIJZS,O,O,O,X
OLTISJZ,O,X,O,X
OLTISZJ,O,X,O,X
OLTIZJS,O,O,O,X
OLTIZSJ,O,O,O,X
OLTJISZ,O,O,O,O
OLTJIZS,O,O,O,O
OLTJSIZ,O,O,O,O
OLTJSZI,O,O,O,O
OLTJZIS,O,O,O,O
OLTJZSI,O,O,O,O
OLTSIJZ,O,X,O,X
OLTSIZJ,O,X,O,X
OLTSJIZ,O,X,O,O
OLTSJZI,O,X,O,O
OLTSZIJ,O,X,O,X
OLTSZJI,O,X,O,O
OLTZIJS,O,O,O,X
OLTZISJ,O,O,O,X
OLTZJIS,O,O,O,O
OLTZJSI,O,O,O,O
OLTZSIJ,O,O,O,X
OLTZSJI,O,O,O,O
OLITJSZ,O,O,O,X
OLITJZS,O,O,O,X
OLITSJZ,O,X,O,X
OLITSZJ,O,X,O,X
OLITZJS,O,O,O,X
OLITZSJ,O,O,O,X
OLIJTSZ,O,O,O,X
OLIJTZS,O,O,O,X
OLIJSTZ,O,O,O,X
OLIJSZT,O,O,O,X
OLIJZTS,O,O,O,X
OLIJZST,O,O,O,X
OLISTJZ,O,X,O,X
OLISTZJ,O,X,O,X
OLISJTZ,O,X,O,X
OLISJZT,O,X,O,X
OLISZTJ,O,X,O,X
OLISZJT,O,X,O,X
OLIZTJS,O,O,O,X
OLIZTSJ,O,O,O,X
OLIZJTS,O,O,O,X
OLIZJST,O,O,O,X
OLIZSTJ,O,O,O,X
OLIZSJT,O,O,O,X
OLJTISZ,O,O,O,O
OLJTIZS,O,O,O,O
OLJTSIZ,O,O,O,O
OLJTSZI,O,O,O,O
OLJTZIS,O,O,O,O
OLJTZSI,O,O,O,O
OLJITSZ,O,O,O,X
OLJITZS,O,O,O,X
OLJISTZ,O,O,O,X
OLJISZT,O,O,O,O
OLJIZTS,O,O,O,X
OLJIZST,O,O,O,O
OLJSTIZ,O,O,O,X
OLJSTZI,O,O,O,X
OLJSITZ,O,O,O,X
OLJSIZT,O,O,O,O
OLJSZTI,O,O,O,O
OLJSZIT,O,O,O,O
OLJZTIS,O,O,O,O
OLJZTSI,O,O,O,O
OLJZITS,O,O,O,X
OLJZIST,O,O,O,O
OLJZSTI,O,O,O,O
OLJZSIT,O,O,O,O
OLSTIJZ,O,X,O,X
OLSTIZJ,O,X,O,X
OLSTJIZ,O,X,O,X
OLSTJZI,O,X,O,X
OLSTZIJ,O,X,O,X
OLSTZJI,O,X,O,X
OLSITJZ,O,X,O,X
OLSITZJ,O,X,O,X
OLSIJTZ,O,X,O,X
OLSIJZT,O,X,O,O
OLSIZTJ,O,X,O,X
OLSIZJT,O,X,O,X
OLSJTIZ,O,X,O,X
OLSJTZI,O,X,O,X
OLSJITZ,O,X,O,X
OLSJIZT,O,X,O,O
OLSJZTI,O,X,O,O
OLSJZIT,O,X,O,O
OLSZTIJ,O,X,O,X
OLSZTJI,O,X,O,O
OLSZITJ,O,X,O,X
OLSZIJT,O,X,O,X
OLSZJTI,O,X,O,O
OLSZJIT,O,X,O,O
OLZTIJS,O,O,O,X
OLZTISJ,O,O,O,X
OLZTJIS,O,O,O,O
OLZTJSI,O,O,O,O
OLZTSIJ,O,O,O,X
OLZTSJI,O,O,O,O
OLZITJS,O,O,O,X
OLZITSJ,O,O,O,X
OLZIJTS,O,O,O,X
OLZIJST,O,O,O,O
OLZISTJ,O,O,O,X
OLZISJT,O,O,O,X
OLZJTIS,O,O,O,O
OLZJTSI,O,O,O,O
OLZJITS,O,O,O,X
OLZJIST,O,O,O,O
OLZJSTI,O,O,O,O
OLZJSIT,O,O,O,O
OLZSTIJ,O,O,O,X
OLZSTJI,O,O,O,O
OLZSITJ,O,O,O,X
OLZSIJT,O,O,O,X
OLZSJTI,O,O,O,O
OLZSJIT,O,O,O,O
OJTILSZ,O,O,O,O
OJTILZS,O,O,O,O
OJTISLZ,O,X,O,O
OJTISZL,O,X,O,O
OJTIZLS,O,O,O,O
OJTIZSL,O,O,O,O
OJTLISZ,O,O,O,O
OJTLIZS,O,O,O,O
OJTLSIZ,O,O,O,O
OJTLSZI,O,O,O,O
OJTLZIS,O,O,O,O
OJTLZSI,O,O,O,O
OJTSILZ,O,X,O,O
OJTSIZL,O,X,O,O
OJTSLIZ,O,O,O,O
OJTSLZI,O,O,O,O
OJTSZIL,O,O,O,O
OJTSZLI,O,O,O,O
OJTZILS,O,O,O,O
OJTZISL,O,O,O,O
OJTZLIS,O,O,O,O
OJTZLSI,O,O,O,O
OJTZSIL,O,O,O,O
OJTZSLI,O,O,O,O
OJITLSZ,O,O,O,O
OJITLZS,O,O,O,O
OJITSLZ,O,X,O,O
OJITSZL,O,X,O,O
OJITZLS,O,O,O,O
OJITZSL,O,O,O,O
OJILTSZ,O,O,O,X
OJILTZS,O,O,O,X
OJILSTZ,O,O,O,X
OJILSZT,O,O,O,O
OJILZTS,O,O,O,X
OJILZST,O,O,O,O
OJISTLZ,O,X,O,X
OJISTZL,O,X,O,X
OJISLTZ,O,X,O,X
OJISLZT,O,X,O,X
OJISZTL,O,X,O,X
OJISZLT,O,X,O,X
OJIZTLS,O,O,O,O
OJIZTSL,O,O,O,O
OJIZLTS,O,O,O,X
OJIZLST,O,O,O,O
OJIZSTL,O,O,O,X
OJIZSLT,O,O,O,X
OJLTISZ,O,O,O,O
OJLTIZS,O,O,O,O
OJLTSIZ,O,O,O,O
OJLTSZI,O,O,O,O
OJLTZIS,O,O,O,O
OJLTZSI,O,O,O,O
OJLITSZ,O,O,O,X
OJLITZS,O,O,O,X
OJLISTZ,O,O,O,X
OJLISZT,O,O,O,O
OJLIZTS,O,O,O,X
OJLIZST,O,O,O,O
OJLSTIZ,O,O,O,X
OJLSTZI,O,O,O,X
OJLSITZ,O,O,O,X
OJLSIZT,O,O,O,O
OJLSZTI,O,O,O,O
OJLSZIT,O,O,O,O
OJLZTIS,O,O,O,O
OJLZTSI,O,O,O,O
OJLZITS,O,O,O,X
OJLZIST,O,O,O,O
OJLZSTI,O,O,O,O
OJLZSIT,O,O,O,O
OJSTILZ,O,X,O,X
OJSTIZL,O,X,O,X
OJSTLIZ,O,O,O,X
OJSTLZI,O,O,O,X
OJSTZIL,O,O,O,X
OJSTZLI,O,O,O,X
OJSITLZ,O,X,O,X
OJSITZL,O,X,O,X
OJSILTZ,O,X,O,X
OJSILZT,O,X,O,X
OJSIZTL,O,X,O,X
OJSIZLT,O,X,O,X
OJSLTIZ,O,O,O,X
OJSLTZI,O,O,O,X
OJSLITZ,O,O,O,X
OJSLIZT,O,O,O,X
OJSLZTI,O,O,O,X
OJSLZIT,O,O,O,X
OJSZTIL,O,O,O,X
OJSZTLI,O,O,O,X
OJSZITL,O,O,O,X
OJSZILT,O,O,O,X
OJSZLTI,O,O,O,X
OJSZLIT,O,O,O,X
OJZTILS,O,O,O,O
OJZTISL,O,O,O,O
OJZTLIS,O,O,O,O
OJZTLSI,O,O,O,O
OJZTSIL,O,O,O,O
OJZTSLI,O,O,O,O
OJZITLS,O,O,O,O
OJZITSL,O,O,O,O
OJZILTS,O,O,O,X
OJZILST,O,O,O,O
OJZISTL,O,O,O,X
OJZISLT,O,O,O,X
OJZLTIS,O,O,O,O
OJZLTSI,O,O,O,O
OJZLITS,O,O,O,X
OJZLIST,O,O,O,O
OJZLSTI,O,O,O,O
OJZLSIT,O,O,O,O
OJZSTIL,O,O,O,X
OJZSTLI,O,O,O,X
OJZSITL,O,O,O,X
OJZSILT,O,O,O,X
OJZSLTI,O,O,O,X
OJZSLIT,O,O,O,X
OSTILJZ,O,X,O,X
OSTILZJ,O,X,O,X
OSTIJLZ,O,X,O,X
OSTIJZL,O,X,O,X
OSTIZLJ,O,X,O,X
OSTIZJL,O,X,O,X
OSTLIJZ,O,X,O,X
OSTLIZJ,O,X,O,X
OSTLJIZ,O,X,O,X
OSTLJZI,O,X,O,X
OSTLZIJ,O,X,O,X
OSTLZJI,O,X,O,X
OSTJILZ,O,X,O,X
OSTJIZL,O,X,O,X
OSTJLIZ,O,X,O,X
OSTJLZI,O,X,O,X
OSTJZIL,O,X,O,X
OSTJZLI,O,X,O,X
OSTZILJ,O,X,O,X
OSTZIJL,O,X,O,X
OSTZLIJ,O,X,O,X
OSTZLJI,O,X,O,X
OSTZJIL,O,X,O,X
OSTZJLI,O,X,O,X
OSITLJZ,O,X,O,X
OSITLZJ,O,X,O,X
OSITJLZ,O,X,O,X
OSITJZL,O,X,O,X
OSITZLJ,O,X,O,X
OSITZJL,O,X,X,X
OSILTJZ,O,X,O,X
OSILTZJ,O,X,O,X
OSILJTZ,O,X,O,X
OSILJZT,O,X,O,X
OSILZTJ,O,X,O,X
OSILZJT,O,X,O,X
OSIJTLZ,O,X,O,X
OSIJTZL,O,X,O,X
OSIJLTZ,O,X,O,X
OSIJLZT,O,X,O,X
OSIJZTL,O,X,O,X
OSIJZLT,O,X,O,X
OSIZTLJ,O,X,O,X
OSIZTJL,O,X,O,X
OSIZLTJ,O,X,O,X
OSIZLJT,O,X,O,X
OSIZJTL,O,X,O,X
OSIZJLT,O,X,O,X
OSLTIJZ,O,X,O,X
OSLTIZJ,O,X,O,X
OSLTJIZ,O,X,O,X
OSLTJZI,O,X,O,X
OSLTZIJ,O,X,O,X
OSLTZJI,O,X,O,X
OSLITJZ,O,X,O,X
OSLITZJ,O,X,O,X
OSLIJTZ,O,X,O,X
OSLIJZT,O,X,O,X
OSLIZTJ,O,X,O,X
OSLIZJT,O,X,O,X
OSLJTIZ,O,X,O,X
OSLJTZI,O,X,O,X
OSLJITZ,O,X,O,X
OSLJIZT,O,X,O,X
OSLJZTI,O,X,O,X
OSLJZIT,O,X,O,X
OSLZTIJ,O,X,O,X
OSLZTJI,O,X,O,X
OSLZITJ,O,X,O,X
OSLZIJT,O,X,O,X
OSLZJTI,O,X,O,X
OSLZJIT,O,X,O,X
OSJTILZ,O,X,O,X
OSJTIZL,O,X,O,X
OSJTLIZ,O,X,O,X
OSJTLZI,O,X,O,X
OSJTZIL,O,X,O,X
OSJTZLI,O,X,O,X
OSJITLZ,O,X,O,X
OSJITZL,O,X,O,X
OSJILTZ,O,X,O,X
OSJILZT,O,X,O,X
OSJIZTL,O,X,O,X
OSJIZLT,O,X,O,X
OSJLTIZ,O,X,O,X
OSJLTZI,O,X,O,X
OSJLITZ,O,X,O,X
OSJLIZT,O,X,O,X
OSJLZTI,O,X,O,X
OSJLZIT,O,X,O,X
OSJZTIL,O,X,O,X
OSJZTLI,O,X,O,X
OSJZITL,O,X,O,X
OSJZILT,O,X,O,X
OSJZLTI,O,X,O,X
OSJZLIT,O,X,O,X
OSZTILJ,O,X,O,X
OSZTIJL,O,X,O,X
OSZTLIJ,O,X,O,X
OSZTLJI,O,X,O,X
OSZTJIL,O,X,O,X
OSZTJLI,O,X,O,X
OSZITLJ,O,X,O,X
OSZITJL,O,X,O,X
OSZILTJ,O,X,O,X
OSZILJT,O,X,O,X
OSZIJTL,O,X,O,X
OSZIJLT,O,X,O,X
OSZLTIJ,O,X,O,X
OSZLTJI,O,X,O,X
OSZLITJ,O,X,O,X
OSZLIJT,O,X,O,X
OSZLJTI,O,X,O,X
OSZLJIT,O,X,O,X
OSZJTIL,O,X,O,X
OSZJTLI,O,X,O,X
OSZJITL,O,X,O,X
OSZJILT,O,X,O,X
OSZJLTI,O,X,O,X
OSZJLIT,O,X,O,X
OZTILJS,O,O,O,X
OZTILSJ,O,O,O,X
OZTIJLS,O,O,O,X
OZTIJSL,O,O,O,X
OZTISLJ,O,O,O,X
OZTISJL,O,O,O,X
OZTLIJS,O,O,O,X
OZTLISJ,O,O,O,X
OZTLJIS,O,O,O,O
OZTLJSI,O,O,O,O
OZTLSIJ,O,O,O,X
OZTLSJI,O,O,O,O
OZTJILS,O,O,O,O
OZTJISL,O,O,O,O
OZTJLIS,O,O,O,O
OZTJLSI,O,O,O,O
OZTJSIL,O,O,O,O
OZTJSLI,O,O,O,O
OZTSILJ,O,O,O,X
OZTSIJL,O,O,O,X
OZTSLIJ,O,O,O,X
OZTSLJI,O,O,O,O
OZTSJIL,O,O,O,O
OZTSJLI,O,O,O,O
OZITLJS,O,O,O,X
OZITLSJ,O,O,O,X
OZITJLS,O,O,O,X
OZITJSL,O,O,O,X
OZITSLJ,O,O,O,X
OZITSJL,O,O,O,X
OZILTJS,O,O,O,X
OZILTSJ,O,O,O,X
OZILJTS,O,O,O,X
OZILJST,O,O,O,O
OZILSTJ,O,O,O,X
OZILSJT,O,O,O,X
OZIJTLS,O,O,O,O
OZIJTSL,O,O,O,O
OZIJLTS,O,O,O,X
OZIJLST,O,O,O,O
OZIJSTL,O,O,O,X
OZIJSLT,O,O,O,X
OZISTLJ,O,O,O,X
OZISTJL,O,O,O,X
OZISLTJ,O,O,O,X
OZISLJT,O,O,O,X
OZISJTL,O,O,O,X
OZISJLT,O,O,O,X
OZLTIJS,O,O,O,X
OZLTISJ,O,O,O,X
OZLTJIS,O,O,O,O
OZLTJSI,O,O,O,O
OZLTSIJ,O,O,O,X
OZLTSJI,O,O,O,O
OZLITJS,O,O,O,X
OZLITSJ,O,O,O,X
OZLIJTS,O,O,O,X
OZLIJST,O,O,O,O
OZLISTJ,O,O,O,X
OZLISJT,O,O,O,X
OZLJTIS,O,O,O,O
OZLJTSI,O,O,O,O
OZLJITS,O,O,O,X
OZLJIST,O,O,O,O
OZLJSTI,O,O,O,O
OZLJSIT,O,O,O,O
OZLSTIJ,O,O,O,X
OZLSTJI,O,O,O,O
OZLSITJ,O,O,O,X
OZLSIJT,O,O,O,X
OZLSJTI,O,O,O,O
OZLSJIT,O,O,O,O
OZJTILS,O,O,O,O
OZJTISL,O,O,O,O
OZJTLIS,O,O,O,O
OZJTLSI,O,O,O,O
OZJTSIL,O,O,O,O
OZJTSLI,O,O,O,O
OZJITLS,O,O,O,O
OZJITSL,O,O,O,O
OZJILTS,O,O,O,X
OZJILST,O,O,O,O
OZJISTL,O,O,O,X
OZJISLT,O,O,O,X
OZJLTIS,O,O,O,O
OZJLTSI,O,O,O,O
OZJLITS,O,O,O,X
OZJLIST,O,O,O,O
OZJLSTI,O,O,O,O
OZJLSIT,O,O,O,O
OZJSTIL,O,O,O,X
OZJSTLI,O,O,O,X
OZJSITL,O,O,O,X
OZJSILT,O,O,O,X
OZJSLTI,O,O,O,X
OZJSLIT,O,O,O,X
OZSTILJ,O,O,O,X
OZSTIJL,O,O,O,X
OZSTLIJ,O,O,O,X
OZSTLJI,O,O,O,X
OZSTJIL,O,O,O,X
OZSTJLI,O,O,O,X
OZSITLJ,O,O,O,X
OZSITJL,O,O,O,X
OZSILTJ,O,O,O,X
OZSILJT,O,O,O,X
OZSIJTL,O,O,O,X
OZSIJLT,O,O,O,X
OZSLTIJ,O,O,O,X
OZSLTJI,O,O,O,X
OZSLITJ,O,O,O,X
OZSLIJT,O,O,O,X
OZSLJTI,O,O,O,X
OZSLJIT,O,O,O,X
OZSJTIL,O,O,O,X
OZSJTLI,O,O,O,X
OZSJITL,O,O,O,X
OZSJILT,O,O,O,X
OZSJLTI,O,O,O,X
OZSJLIT,O,O,O,X
