sequence,v115@KhB8HeC8DeA8BeF8KeT/IvhFOlBlhB3iB5oBysB0pB,v115@KhB8HeC8DeA8BeF8KeXAJvhFlhBaoB5oB2pBTnB0pB,v115@KhB8HeC8DeA8BeF8KeOEJvhFXgB0hBliB5oBysBzpB
TILJSZO,O,X,X
TILJSOZ,X,X,X
TILJZSO,O,X,X
TILJZOS,O,X,X
TILJOSZ,X,X,X
TILJOZS,X,X,X
TILSJZO,O,X,X
TILSJOZ,X,X,X
TILSZJO,O,X,X
TILSZOJ,O,X,X
TILSOJZ,X,X,X
TILSOZJ,X,X,X
TILZJSO,O,X,X
TILZJOS,O,X,X
TILZSJO,O,X,X
TILZSOJ,O,X,X
TILZOJS,O,X,X
TILZOSJ,O,X,X
TILOJSZ,X,X,X
TILOJZS,X,X,X
TILOSJZ,X,X,X
TILOSZJ,X,X,X
TILOZJS,X,X,X
TILOZSJ,X,X,X
TIJLSZO,O,X,X
TIJLSOZ,X,X,X
TIJLZSO,O,X,X
TIJLZOS,O,X,X
TIJLOSZ,X,X,X
TIJLOZS,X,X,X
TIJSLZO,X,X,X
TIJSLOZ,X,X,X
TIJSZLO,X,X,X
TIJSZOL,X,X,X
TIJSOLZ,X,O,X
TIJSOZL,X,X,X
TIJZLSO,O,X,X
TIJZLOS,O,X,X
TIJZSLO,X,X,X
TIJZSOL,X,X,X
TIJZOLS,O,X,X
TIJZOSL,X,X,X
TIJOLSZ,X,O,X
TIJOLZS,X,X,X
TIJOSLZ,X,O,X
TIJOSZL,X,X,X
TIJOZLS,X,X,X
TIJOZSL,X,X,X
TISLJZO,X,X,X
TISLJOZ,X,X,X
TISLZJO,X,X,X
TISLZOJ,X,X,X
TISLOJZ,X,X,X
TISLOZJ,X,X,X
TISJLZO,X,X,X
TISJLOZ,X,X,X
TISJZLO,X,X,X
TISJZOL,X,X,X
TISJOLZ,X,O,X
TISJOZL,X,X,X
TISZLJO,X,X,X
TISZLOJ,X,X,X
TISZJLO,X,X,X
TISZJOL,X,X,X
TISZOLJ,X,X,X
TISZOJL,X,X,X
TISOLJZ,X,O,X
TISOLZJ,X,X,X
TISOJLZ,X,O,X
TISOJZL,X,X,X
TISOZLJ,X,X,X
TISOZJL,X,X,X
TIZLJSO,O,X,X
TIZLJOS,O,X,X
TIZLSJO,O,X,X
TIZLSOJ,O,X,X
TIZLOJS,O,X,X
TIZLOSJ,O,X,X
TIZJLSO,O,X,X
TIZJLOS,O,X,X
TIZJSLO,X,X,X
TIZJSOL,X,X,X
TIZJOLS,O,X,X
TIZJOSL,X,X,X
TIZSLJO,X,X,X
TIZSLOJ,X,X,X
TIZSJLO,X,X,X
TIZSJOL,X,X,X
TIZSOLJ,X,X,X
TIZSOJL,X,X,X
TIZOLJS,O,X,X
TIZOLSJ,O,X,X
TIZOJLS,O,X,X
TIZOJSL,X,X,X
TIZOSLJ,X,X,X
TIZOSJL,X,X,X
TIOLJSZ,X,O,X
TIOLJZS,X,X,X
TIOLSJZ,X,O,X
TIOLSZJ,X,X,X
TIOLZJS,X,X,X
TIOLZSJ,X,X,X
TIOJLSZ,X,O,X
TIOJLZS,X,X,X
TIOJSLZ,X,O,X
TIOJSZL,X,X,X
TIOJZLS,X,X,X
TIOJZSL,X,X,X
TIOSLJZ,X,O,X
TIOSLZJ,X,X,X
TIOSJLZ,X,O,X
TIOSJZL,X,X,X
TIOSZLJ,X,X,X
TIOSZJL,X,X,X
TIOZLJS,X,X,X
TIOZLSJ,X,X,X
TIOZJLS,X,X,X
TIOZJSL,X,X,X
TIOZSLJ,X,X,X
TIOZSJL,X,X,X
TLIJSZO,O,X,X
TLIJSOZ,X,X,X
TLIJZSO,O,X,X
TLIJZOS,O,X,X
TLIJOSZ,X,X,X
TLIJOZS,X,X,X
TLISJZO,O,X,X
TLISJOZ,X,X,X
TLISZJO,O,X,X
TLISZOJ,O,X,X
TLISOJZ,X,X,X
TLISOZJ,X,X,X
TLIZJSO,O,X,X
TLIZJOS,O,X,X
TLIZSJO,O,X,X
TLIZSOJ,O,X,X
TLIZOJS,O,X,X
TLIZOSJ,O,X,X
TLIOJSZ,X,X,X
TLIOJZS,X,X,X
TLIOSJZ,X,X,X
TLIOSZJ,X,X,X
TLIOZJS,X,X,X
TLIOZSJ,X,X,X
TLJISZO,O,X,X
TLJISOZ,X,X,X
TLJIZSO,O,X,X
TLJIZOS,O,X,X
TLJIOSZ,X,X,X
TLJIOZS,X,X,X
TLJSIZO,O,X,X
TLJSIOZ,X,X,X
TLJSZIO,O,X,X
TLJSZOI,O,X,X
TLJSOIZ,X,X,X
TLJSOZI,X,X,X
TLJZISO,O,X,X
TLJZIOS,O,X,X
TLJZSIO,O,X,X
TLJZSOI,O,X,X
TLJZOIS,O,X,X
TLJZOSI,O,X,X
TLJOISZ,X,X,X
TLJOIZS,X,X,X
TLJOSIZ,X,X,X
TLJOSZI,X,X,X
TLJOZIS,X,X,X
TLJOZSI,X,X,X
TLSIJZO,O,X,X
TLSIJOZ,X,X,X
TLSIZJO,O,X,X
TLSIZOJ,O,X,X
TLSIOJZ,X,X,X
TLSIOZJ,X,X,X
TLSJIZO,O,X,X
TLSJIOZ,X,X,X
TLSJZIO,O,X,X
TLSJZOI,O,X,X
TLSJOIZ,X,X,X
TLSJOZI,X,X,X
TLSZIJO,O,X,X
TLSZIOJ,O,X,X
TLSZJIO,O,X,X
TLSZJOI,O,X,X
TLSZOIJ,O,X,X
TLSZOJI,O,X,X
TLSOIJZ,X,X,X
TLSOIZJ,X,X,X
TLSOJIZ,X,X,X
TLSOJZI,X,X,X
TLSOZIJ,X,X,X
TLSOZJI,X,X,X
TLZIJSO,O,X,X
TLZIJOS,O,X,X
TLZISJO,O,X,X
TLZISOJ,O,X,X
TLZIOJS,O,X,X
TLZIOSJ,O,X,X
TLZJISO,O,X,X
TLZJIOS,O,X,X
TLZJSIO,O,X,X
TLZJSOI,O,X,X
TLZJOIS,O,X,X
TLZJOSI,O,X,X
TLZSIJO,O,X,X
TLZSIOJ,O,X,X
TLZSJIO,O,X,X
TLZSJOI,O,X,X
TLZSOIJ,O,X,X
TLZSOJI,O,X,X
TLZOIJS,O,X,X
TLZOISJ,O,X,X
TLZOJIS,O,X,X
TLZOJSI,O,X,X
TLZOSIJ,O,X,X
TLZOSJI,O,X,X
TLOIJSZ,X,X,X
TLOIJZS,X,X,X
TLOISJZ,X,X,X
TLOISZJ,X,X,X
TLOIZJS,X,X,X
TLOIZSJ,X,X,X
TLOJISZ,X,X,X
TLOJIZS,X,X,X
TLOJSIZ,X,X,X
TLOJSZI,X,X,X
TLOJZIS,X,X,X
TLOJZSI,X,X,X
TLOSIJZ,X,X,X
TLOSIZJ,X,X,X
TLOSJIZ,X,X,X
TLOSJZI,X,X,X
TLOSZIJ,X,X,X
TLOSZJI,X,X,X
TLOZIJS,X,X,X
TLOZISJ,X,X,X
TLOZJIS,X,X,X
TLOZJSI,X,X,X
TLOZSIJ,X,X,X
TLOZSJI,X,X,X
TJILSZO,O,X,X
TJILSOZ,X,X,X
TJILZSO,O,X,X
TJILZOS,O,X,X
TJILOSZ,X,X,X
TJILOZS,X,X,X
TJISLZO,X,X,X
TJISLOZ,X,X,X
TJISZLO,X,X,X
TJISZOL,X,X,X
TJISOLZ,X,O,X
TJISOZL,X,X,X
TJIZLSO,O,X,X
TJIZLOS,O,X,X
TJIZSLO,X,X,X
TJIZSOL,X,X,X
TJIZOLS,O,X,X
TJIZOSL,X,X,X
TJIOLSZ,X,O,X
TJIOLZS,X,X,X
TJIOSLZ,X,O,X
TJIOSZL,X,X,X
TJIOZLS,X,X,X
TJIOZSL,X,X,X
TJLISZO,O,X,X
TJLISOZ,X,X,X
TJLIZSO,O,X,X
TJLIZOS,O,X,X
TJLIOSZ,X,X,X
TJLIOZS,X,X,X
TJLSIZO,O,X,X
TJLSIOZ,X,X,X
TJLSZIO,O,X,X
TJLSZOI,O,X,X
TJLSOIZ,X,X,X
TJLSOZI,X,X,X
TJLZISO,O,X,X
TJLZIOS,O,X,X
TJLZSIO,O,X,X
TJLZSOI,O,X,X
TJLZOIS,O,X,X
TJLZOSI,O,X,X
TJLOISZ,X,X,X
TJLOIZS,X,X,X
TJLOSIZ,X,X,X
TJLOSZI,X,X,X
TJLOZIS,X,X,X
TJLOZSI,X,X,X
TJSILZO,X,X,X
TJSILOZ,X,X,X
TJSIZLO,X,X,X
TJSIZOL,X,X,X
TJSIOLZ,X,O,X
TJSIOZL,X,X,X
TJSLIZO,X,X,X
TJSLIOZ,X,X,X
TJSLZIO,X,X,X
TJSLZOI,X,X,X
TJSLOIZ,X,X,X
TJSLOZI,X,X,X
TJSZILO,X,X,X
TJSZIOL,X,X,X
TJSZLIO,X,X,X
TJSZLOI,X,X,X
TJSZOIL,X,X,X
TJSZOLI,X,X,X
TJSOILZ,X,O,X
TJSOIZL,X,X,X
TJSOLIZ,X,O,X
TJSOLZI,X,X,X
TJSOZIL,X,X,X
TJSOZLI,X,X,X
TJZILSO,O,X,X
TJZILOS,O,X,X
TJZISLO,X,X,X
TJZISOL,X,X,X
TJZIOLS,O,X,X
TJZIOSL,X,X,X
TJZLISO,O,X,X
TJZLIOS,O,X,X
TJZLSIO,O,X,X
TJZLSOI,O,X,X
TJZLOIS,O,X,X
TJZLOSI,O,X,X
TJZSILO,X,X,X
TJZSIOL,X,X,X
TJZSLIO,X,X,X
TJZSLOI,X,X,X
TJZSOIL,X,X,X
TJZSOLI,X,X,X
TJZOILS,O,X,X
TJZOISL,X,X,X
TJZOLIS,O,X,X
TJZOLSI,O,X,X
TJZOSIL,X,X,X
TJZOSLI,X,X,X
TJOILSZ,X,O,X
TJOILZS,X,X,X
TJOISLZ,X,O,X
TJOISZL,X,X,X
TJOIZLS,X,X,X
TJOIZSL,X,X,X
TJOLISZ,X,O,X
TJOLIZS,X,X,X
TJOLSIZ,X,O,X
TJOLSZI,X,X,X
TJOLZIS,X,X,X
TJOLZSI,X,X,X
TJOSILZ,X,O,X
TJOSIZL,X,X,X
TJOSLIZ,X,O,X
TJOSLZI,X,X,X
TJOSZIL,X,X,X
TJOSZLI,X,X,X
TJOZILS,X,X,X
TJOZISL,X,X,X
TJOZLIS,X,X,X
TJOZLSI,X,X,X
TJOZSIL,X,X,X
TJOZSLI,X,X,X
TSILJZO,X,X,X
TSILJOZ,X,X,X
TSILZJO,X,X,X
TSILZOJ,X,X,X
TSILOJZ,X,X,X
TSILOZJ,X,X,X
TSIJLZO,X,X,X
TSIJLOZ,X,X,X
TSIJZLO,X,X,X
TSIJZOL,X,X,X
TSIJOLZ,X,O,X
TSIJOZL,X,X,X
TSIZLJO,X,X,X
TSIZLOJ,X,X,X
TSIZJLO,X,X,X
TSIZJOL,X,X,X
TSIZOLJ,X,X,X
TSIZOJL,X,X,X
TSIOLJZ,X,O,X
TSIOLZJ,X,X,X
TSIOJLZ,X,O,X
TSIOJZL,X,X,X
TSIOZLJ,X,X,X
TSIOZJL,X,X,X
TSLIJZO,X,X,X
TSLIJOZ,X,X,X
TSLIZJO,X,X,X
TSLIZOJ,X,X,X
TSLIOJZ,X,X,X
TSLIOZJ,X,X,X
TSLJIZO,X,X,X
TSLJIOZ,X,X,X
TSLJZIO,X,X,X
TSLJZOI,X,X,X
TSLJOIZ,X,X,X
TSLJOZI,X,X,X
TSLZIJO,X,X,X
TSLZIOJ,X,X,X
TSLZJIO,X,X,X
TSLZJOI,X,X,X
TSLZOIJ,X,X,X
TSLZOJI,X,X,X
TSLOIJZ,X,X,X
TSLOIZJ,X,X,X
TSLOJIZ,X,X,X
TSLOJZI,X,X,X
TSLOZIJ,X,X,X
TSLOZJI,X,X,X
TSJILZO,X,X,X
TSJILOZ,X,X,X
TSJIZLO,X,X,X
TSJIZOL,X,X,X
TSJIOLZ,X,O,X
TSJIOZL,X,X,X
TSJLIZO,X,X,X
TSJLIOZ,X,X,X
TSJLZIO,X,X,X
TSJLZOI,X,X,X
TSJLOIZ,X,X,X
TSJLOZI,X,X,X
TSJZILO,X,X,X
TSJZIOL,X,X,X
TSJZLIO,X,X,X
TSJZLOI,X,X,X
TSJZOIL,X,X,X
TSJZOLI,X,X,X
TSJOILZ,X,O,X
TSJOIZL,X,X,X
TSJOLIZ,X,O,X
TSJOLZI,X,X,X
TSJOZIL,X,X,X
TSJOZLI,X,X,X
TSZILJO,X,X,X
TSZILOJ,X,X,X
TSZIJLO,X,X,X
TSZIJOL,X,X,X
TSZIOLJ,X,X,X
TSZIOJL,X,X,X
TSZLIJO,X,X,X
TSZLIOJ,X,X,X
TSZLJIO,X,X,X
TSZLJOI,X,X,X
TSZLOIJ,X,X,X
TSZLOJI,X,X,X
TSZJILO,X,X,X
TSZJIOL,X,X,X
TSZJLIO,X,X,X
TSZJLOI,X,X,X
TSZJOIL,X,X,X
TSZJOLI,X,X,X
TSZOILJ,X,X,X
TSZOIJL,X,X,X
TSZOLIJ,X,X,X
TSZOLJI,X,X,X
TSZOJIL,X,X,X
TSZOJLI,X,X,X
TSOILJZ,X,O,X
TSOILZJ,X,X,X
TSOIJLZ,X,O,X
TSOIJZL,X,X,X
TSOIZLJ,X,X,X
TSOIZJL,X,X,X
TSOLIJZ,X,O,X
TSOLIZJ,X,X,X
TSOLJIZ,X,O,X
TSOLJZI,X,X,X
TSOLZIJ,X,X,X
TSOLZJI,X,X,X
TSOJILZ,X,O,X
TSOJIZL,X,X,X
TSOJLIZ,X,O,X
TSOJLZI,X,X,X
TSOJZIL,X,X,X
TSOJZLI,X,X,X
TSOZILJ,X,X,X
TSOZIJL,X,X,X
TSOZLIJ,X,X,X
TSOZLJI,X,X,X
TSOZJIL,X,X,X
TSOZJLI,X,X,X
TZILJSO,O,X,X
TZILJOS,O,X,X
TZILSJO,O,X,X
TZILSOJ,O,X,X
TZILOJS,O,X,X
TZILOSJ,O,X,X
TZIJLSO,O,X,X
TZIJLOS,O,X,X
TZIJSLO,X,X,X
TZIJSOL,X,X,X
TZIJOLS,O,X,X
TZIJOSL,X,X,X
TZISLJO,X,X,X
TZISLOJ,X,X,X
TZISJLO,X,X,X
TZISJOL,X,X,X
TZISOLJ,X,X,X
TZISOJL,X,X,X
TZIOLJS,O,X,X
TZIOLSJ,O,X,X
TZIOJLS,O,X,X
TZIOJSL,X,X,X
TZIOSLJ,X,X,X
TZIOSJL,X,X,X
TZLIJSO,O,X,X
TZLIJOS,O,X,X
TZLISJO,O,X,X
TZLISOJ,O,X,X
TZLIOJS,O,X,X
TZLIOSJ,O,X,X
TZLJISO,O,X,X
TZLJIOS,O,X,X
TZLJSIO,O,X,X
TZLJSOI,O,X,X
TZLJOIS,O,X,X
TZLJOSI,O,X,X
TZLSIJO,O,X,X
TZLSIOJ,O,X,X
TZLSJIO,O,X,X
TZLSJOI,O,X,X
TZLSOIJ,O,X,X
TZLSOJI,O,X,X
TZLOIJS,O,X,X
TZLOISJ,O,X,X
TZLOJIS,O,X,X
TZLOJSI,O,X,X
TZLOSIJ,O,X,X
TZLOSJI,O,X,X
TZJILSO,O,X,X
TZJILOS,O,X,X
TZJISLO,X,X,X
TZJISOL,X,X,X
TZJIOLS,O,X,X
TZJIOSL,X,X,X
TZJLISO,O,X,X
TZJLIOS,O,X,X
TZJLSIO,O,X,X
TZJLSOI,O,X,X
TZJLOIS,O,X,X
TZJLOSI,O,X,X
TZJSILO,X,X,X
TZJSIOL,X,X,X
TZJSLIO,X,X,X
TZJSLOI,X,X,X
TZJSOIL,X,X,X
TZJSOLI,X,X,X
TZJOILS,O,X,X
TZJOISL,X,X,X
TZJOLIS,O,X,X
TZJOLSI,O,X,X
TZJOSIL,X,X,X
TZJOSLI,X,X,X
TZSILJO,X,X,X
TZSILOJ,X,X,X
TZSIJLO,X,X,X
TZSIJOL,X,X,X
TZSIOLJ,X,X,X
TZSIOJL,X,X,X
TZSLIJO,X,X,X
TZSLIOJ,X,X,X
TZSLJIO,X,X,X
TZSLJOI,X,X,X
TZSLOIJ,X,X,X
TZSLOJI,X,X,X
TZSJILO,X,X,X
TZSJIOL,X,X,X
TZSJLIO,X,X,X
TZSJLOI,X,X,X
TZSJOIL,X,X,X
TZSJOLI,X,X,X
TZSOILJ,X,X,X
TZSOIJL,X,X,X
TZSOLIJ,X,X,X
TZSOLJI,X,X,X
TZSOJIL,X,X,X
TZSOJLI,X,X,X
TZOILJS,O,X,X
TZOILSJ,O,X,X
TZOIJLS,O,X,X
TZOIJSL,X,X,X
TZOISLJ,X,X,X
TZOISJL,X,X,X
TZOLIJS,O,X,X
TZOLISJ,O,X,X
TZOLJIS,O,X,X
TZOLJSI,O,X,X
TZOLSIJ,O,X,X
TZOLSJI,O,X,X
TZOJILS,O,X,X
TZOJISL,X,X,X
TZOJLIS,O,X,X
TZOJLSI,O,X,X
TZOJSIL,X,X,X
TZOJSLI,X,X,X
TZOSILJ,X,X,X
TZOSIJL,X,X,X
TZOSLIJ,X,X,X
TZOSLJI,X,X,X
TZOSJIL,X,X,X
TZOSJLI,X,X,X
TOILJSZ,X,O,X
TOILJZS,X,X,X
TOILSJZ,X,O,X
TOILSZJ,X,X,X
TOILZJS,X,X,X
TOILZSJ,X,X,X
TOIJLSZ,X,O,X
TOIJLZS,X,X,X
TOIJSLZ,X,O,X
TOIJSZL,X,X,X
TOIJZLS,X,X,X
TOIJZSL,X,X,X
TOISLJZ,X,O,X
TOISLZJ,X,X,X
TOISJLZ,X,O,X
TOISJZL,X,X,X
TOISZLJ,X,X,X
TOISZJL,X,X,X
TOIZLJS,X,X,X
TOIZLSJ,X,X,X
TOIZJLS,X,X,X
TOIZJSL,X,X,X
TOIZSLJ,X,X,X
TOIZSJL,X,X,X
TOLIJSZ,X,O,X
TOLIJZS,X,X,X
TOLISJZ,X,O,X
TOLISZJ,X,X,X
TOLIZJS,X,X,X
TOLIZSJ,X,X,X
TOLJISZ,X,O,X
TOLJIZS,X,X,X
TOLJSIZ,X,O,X
TOLJSZI,X,X,X
TOLJZIS,X,X,X
TOLJZSI,X,X,X
TOLSIJZ,X,O,X
TOLSIZJ,X,X,X
TOLSJIZ,X,O,X
TOLSJZI,X,X,X
TOLSZIJ,X,X,X
TOLSZJI,X,X,X
TOLZIJS,X,X,X
TOLZISJ,X,X,X
TOLZJIS,X,X,X
TOLZJSI,X,X,X
TOLZSIJ,X,X,X
TOLZSJI,X,X,X
TOJILSZ,X,O,X
TOJILZS,X,X,X
TOJISLZ,X,O,X
TOJISZL,X,X,X
TOJIZLS,X,X,X
TOJIZSL,X,X,X
TOJLISZ,X,O,X
TOJLIZS,X,X,X
TOJLSIZ,X,O,X
TOJLSZI,X,X,X
TOJLZIS,X,X,X
TOJLZSI,X,X,X
TOJSILZ,X,O,X
TOJSIZL,X,X,X
TOJSLIZ,X,O,X
TOJSLZI,X,X,X
TOJSZIL,X,X,X
TOJSZLI,X,X,X
TOJZILS,X,X,X
TOJZISL,X,X,X
TOJZLIS,X,X,X
TOJZLSI,X,X,X
TOJZSIL,X,X,X
TOJZSLI,X,X,X
TOSILJZ,X,O,X
TOSILZJ,X,X,X
TOSIJLZ,X,O,X
TOSIJZL,X,X,X
TOSIZLJ,X,X,X
TOSIZJL,X,X,X
TOSLIJZ,X,O,X
TOSLIZJ,X,X,X
TOSLJIZ,X,O,X
TOSLJZI,X,X,X
TOSLZIJ,X,X,X
TOSLZJI,X,X,X
TOSJILZ,X,O,X
TOSJIZL,X,X,X
TOSJLIZ,X,O,X
TOSJLZI,X,X,X
TOSJZIL,X,X,X
TOSJZLI,X,X,X
TOSZILJ,X,X,X
TOSZIJL,X,X,X
TOSZLIJ,X,X,X
TOSZLJI,X,X,X
TOSZJIL,X,X,X
TOSZJLI,X,X,X
TOZILJS,X,X,X
TOZILSJ,X,X,X
TOZIJLS,X,X,X
TOZIJSL,X,X,X
TOZISLJ,X,X,X
TOZISJL,X,X,X
TOZLIJS,X,X,X
TOZLISJ,X,X,X
TOZLJIS,X,X,X
TOZLJSI,X,X,X
TOZLSIJ,X,X,X
TOZLSJI,X,X,X
TOZJILS,X,X,X
TOZJISL,X,X,X
TOZJLIS,X,X,X
TOZJLSI,X,X,X
TOZJSIL,X,X,X
TOZJSLI,X,X,X
TOZSILJ,X,X,X
TOZSIJL,X,X,X
TOZSLIJ,X,X,X
TOZSLJI,X,X,X
TOZSJIL,X,X,X
TOZSJLI,X,X,X
ITLJSZO,O,X,X
ITLJSOZ,X,X,X
ITLJZSO,O,X,X
ITLJZOS,O,X,X
ITLJOSZ,X,X,X
ITLJOZS,X,X,X
ITLSJZO,O,X,X
ITLSJOZ,X,X,X
ITLSZJO,O,X,X
ITLSZOJ,O,X,X
ITLSOJZ,X,X,X
ITLSOZJ,X,X,X
ITLZJSO,O,X,X
ITLZJOS,O,X,X
ITLZSJO,O,X,X
ITLZSOJ,O,X,X
ITLZOJS,O,X,X
ITLZOSJ,O,X,X
ITLOJSZ,X,X,X
ITLOJZS,X,X,X
ITLOSJZ,X,X,X
ITLOSZJ,X,X,X
ITLOZJS,X,X,X
ITLOZSJ,X,X,X
ITJLSZO,O,X,X
ITJLSOZ,X,X,X
ITJLZSO,O,X,X
ITJLZOS,O,X,X
ITJLOSZ,X,X,X
ITJLOZS,X,X,X
ITJSLZO,X,X,X
ITJSLOZ,X,X,X
ITJSZLO,X,X,X
ITJSZOL,X,X,X
ITJSOLZ,X,O,X
ITJSOZL,X,X,X
ITJZLSO,O,X,X
ITJZLOS,O,X,X
ITJZSLO,X,X,X
ITJZSOL,X,X,X
ITJZOLS,O,X,X
ITJZOSL,X,X,X
ITJOLSZ,X,O,X
ITJOLZS,X,X,X
ITJOSLZ,X,O,X
ITJOSZL,X,X,X
ITJOZLS,X,X,X
ITJOZSL,X,X,X
ITSLJZO,X,X,X
ITSLJOZ,X,X,X
ITSLZJO,X,X,X
ITSLZOJ,X,X,X
ITSLOJZ,X,X,X
ITSLOZJ,X,X,X
ITSJLZO,X,X,X
ITSJLOZ,X,X,X
ITSJZLO,X,X,X
ITSJZOL,X,X,X
ITSJOLZ,X,O,X
ITSJOZL,X,X,X
ITSZLJO,X,X,X
ITSZLOJ,X,X,X
ITSZJLO,X,X,X
ITSZJOL,X,X,X
ITSZOLJ,X,X,X
ITSZOJL,X,X,X
ITSOLJZ,X,O,X
ITSOLZJ,X,X,X
ITSOJLZ,X,O,X
ITSOJZL,X,X,X
ITSOZLJ,X,X,X
ITSOZJL,X,X,X
ITZLJSO,O,X,X
ITZLJOS,O,X,X
ITZLSJO,O,X,X
ITZLSOJ,O,X,X
ITZLOJS,O,X,X
ITZLOSJ,O,X,X
ITZJLSO,O,X,X
ITZJLOS,O,X,X
ITZJSLO,X,X,X
ITZJSOL,X,X,X
ITZJOLS,O,X,X
ITZJOSL,X,X,X
ITZSLJO,X,X,X
ITZSLOJ,X,X,X
ITZSJLO,X,X,X
ITZSJOL,X,X,X
ITZSOLJ,X,X,X
ITZSOJL,X,X,X
ITZOLJS,O,X,X
ITZOLSJ,O,X,X
ITZOJLS,O,X,X
ITZOJSL,X,X,X
ITZOSLJ,X,X,X
ITZOSJL,X,X,X
ITOLJSZ,X,O,X
ITOLJZS,X,X,X
ITOLSJZ,X,O,X
ITOLSZJ,X,X,X
ITOLZJS,X,X,X
ITOLZSJ,X,X,X
ITOJLSZ,X,O,X
ITOJLZS,X,X,X
ITOJSLZ,X,O,X
ITOJSZL,X,X,X
ITOJZLS,X,X,X
ITOJZSL,X,X,X
ITOSLJZ,X,O,X
ITOSLZJ,X,X,X
ITOSJLZ,X,O,X
ITOSJZL,X,X,X
ITOSZLJ,X,X,X
ITOSZJL,X,X,X
ITOZLJS,X,X,X
ITOZLSJ,X,X,X
ITOZJLS,X,X,X
ITOZJSL,X,X,X
ITOZSLJ,X,X,X
ITOZSJL,X,X,X
ILTJSZO,O,X,O
ILTJSOZ,X,X,X
ILTJZSO,O,X,O
ILTJZOS,O,X,X
ILTJOSZ,X,X,X
ILTJOZS,X,X,X
ILTSJZO,O,X,O
ILTSJOZ,X,X,X
ILTSZJO,O,X,O
ILTSZOJ,O,X,X
ILTSOJZ,X,X,X
ILTSOZJ,X,X,X
ILTZJSO,O,X,O
ILTZJOS,O,X,X
ILTZSJO,O,X,O
ILTZSOJ,O,X,X
ILTZOJS,O,X,O
ILTZOSJ,O,X,O
ILTOJSZ,X,X,O
ILTOJZS,X,X,O
ILTOSJZ,X,X,O
ILTOSZJ,X,X,O
ILTOZJS,X,X,O
ILTOZSJ,X,X,O
ILJTSZO,O,X,O
ILJTSOZ,X,X,X
ILJTZSO,O,X,O
ILJTZOS,O,X,X
ILJTOSZ,X,X,X
ILJTOZS,X,X,X
ILJSTZO,O,X,O
ILJSTOZ,X,X,X
ILJSZTO,O,X,O
ILJSZOT,O,X,X
ILJSOTZ,X,X,X
ILJSOZT,X,X,X
ILJZTSO,O,X,O
ILJZTOS,O,X,X
ILJZSTO,O,X,O
ILJZSOT,O,X,X
ILJZOTS,O,X,X
ILJZOST,O,X,X
ILJOTSZ,X,X,X
ILJOTZS,X,X,X
ILJOSTZ,X,X,X
ILJOSZT,X,X,X
ILJOZTS,X,X,X
ILJOZST,X,X,X
ILSTJZO,O,X,O
ILSTJOZ,X,X,X
ILSTZJO,O,X,O
ILSTZOJ,O,X,X
ILSTOJZ,X,X,X
ILSTOZJ,X,X,X
ILSJTZO,O,X,O
ILSJTOZ,X,X,X
ILSJZTO,O,X,O
ILSJZOT,O,X,X
ILSJOTZ,X,X,X
ILSJOZT,X,X,X
ILSZTJO,O,X,O
ILSZTOJ,O,X,X
ILSZJTO,O,X,O
ILSZJOT,O,X,X
ILSZOTJ,O,X,X
ILSZOJT,O,X,X
ILSOTJZ,X,X,X
ILSOTZJ,X,X,X
ILSOJTZ,X,X,X
ILSOJZT,X,X,X
ILSOZTJ,X,X,X
ILSOZJT,X,X,X
ILZTJSO,O,X,O
ILZTJOS,O,X,X
ILZTSJO,O,X,O
ILZTSOJ,O,X,X
ILZTOJS,O,X,O
ILZTOSJ,O,X,O
ILZJTSO,O,X,O
ILZJTOS,O,X,X
ILZJSTO,O,X,O
ILZJSOT,O,X,X
ILZJOTS,O,X,X
ILZJOST,O,X,X
ILZSTJO,O,X,O
ILZSTOJ,O,X,X
ILZSJTO,O,X,O
ILZSJOT,O,X,X
ILZSOTJ,O,X,X
ILZSOJT,O,X,X
ILZOTJS,O,X,O
ILZOTSJ,O,X,O
ILZOJTS,O,X,O
ILZOJST,O,X,O
ILZOSTJ,O,X,O
ILZOSJT,O,X,O
ILOTJSZ,X,X,O
ILOTJZS,X,X,O
ILOTSJZ,X,X,O
ILOTSZJ,X,X,O
ILOTZJS,X,X,O
ILOTZSJ,X,X,O
ILOJTSZ,X,X,O
ILOJTZS,X,X,O
ILOJSTZ,X,X,O
ILOJSZT,X,X,O
ILOJZTS,X,X,O
ILOJZST,X,X,O
ILOSTJZ,X,X,O
ILOSTZJ,X,X,O
ILOSJTZ,X,X,O
ILOSJZT,X,X,O
ILOSZTJ,X,X,O
ILOSZJT,X,X,O
ILOZTJS,X,X,O
ILOZTSJ,X,X,O
ILOZJTS,X,X,O
ILOZJST,X,X,O
ILOZSTJ,X,X,O
ILOZSJT,X,X,O
IJTLSZO,O,X,X
IJTLSOZ,X,X,X
IJTLZSO,O,X,X
IJTLZOS,O,X,X
IJTLOSZ,X,X,X
IJTLOZS,X,X,X
IJTSLZO,X,X,X
IJTSLOZ,X,X,X
IJTSZLO,X,X,X
IJTSZOL,X,X,X
IJTSOLZ,X,O,X
IJTSOZL,X,X,X
IJTZLSO,O,X,X
IJTZLOS,O,X,X
IJTZSLO,X,X,X
IJTZSOL,X,X,X
IJTZOLS,O,X,X
IJTZOSL,X,X,X
IJTOLSZ,X,O,X
IJTOLZS,X,X,X
IJTOSLZ,X,O,X
IJTOSZL,X,X,X
IJTOZLS,X,X,X
IJTOZSL,X,X,X
IJLTSZO,O,X,O
IJLTSOZ,X,X,X
IJLTZSO,O,X,O
IJLTZOS,O,X,X
IJLTOSZ,X,X,X
IJLTOZS,X,X,X
IJLSTZO,O,X,O
IJLSTOZ,X,X,X
IJLSZTO,O,X,O
IJLSZOT,O,X,X
IJLSOTZ,X,X,X
IJLSOZT,X,X,X
IJLZTSO,O,X,O
IJLZTOS,O,X,X
IJLZSTO,O,X,O
IJLZSOT,O,X,X
IJLZOTS,O,X,X
IJLZOST,O,X,X
IJLOTSZ,X,X,X
IJLOTZS,X,X,X
IJLOSTZ,X,X,X
IJLOSZT,X,X,X
IJLOZTS,X,X,X
IJLOZST,X,X,X
IJSTLZO,X,X,X
IJSTLOZ,X,X,X
IJSTZLO,X,X,X
IJSTZOL,X,X,X
IJSTOLZ,X,O,X
IJSTOZL,X,X,X
IJSLTZO,X,X,O
IJSLTOZ,X,X,X
IJSLZTO,X,X,O
IJSLZOT,X,X,X
IJSLOTZ,X,X,X
IJSLOZT,X,X,X
IJSZTLO,X,X,O
IJSZTOL,X,X,X
IJSZLTO,X,X,O
IJSZLOT,X,X,X
IJSZOTL,X,X,X
IJSZOLT,X,X,X
IJSOTLZ,X,O,X
IJSOTZL,X,X,X
IJSOLTZ,X,O,X
IJSOLZT,X,X,X
IJSOZTL,X,X,X
IJSOZLT,X,X,X
IJZTLSO,O,X,X
IJZTLOS,O,X,X
IJZTSLO,X,X,O
IJZTSOL,X,X,X
IJZTOLS,O,X,X
IJZTOSL,X,X,X
IJZLTSO,O,X,O
IJZLTOS,O,X,X
IJZLSTO,O,X,O
IJZLSOT,O,X,X
IJZLOTS,O,X,X
IJZLOST,O,X,X
IJZSTLO,X,X,O
IJZSTOL,X,X,X
IJZSLTO,X,X,O
IJZSLOT,X,X,X
IJZSOTL,X,X,X
IJZSOLT,X,X,X
IJZOTLS,O,X,X
IJZOTSL,X,X,X
IJZOLTS,O,X,X
IJZOLST,O,X,X
IJZOSTL,X,X,X
IJZOSLT,X,X,X
IJOTLSZ,X,O,X
IJOTLZS,X,X,X
IJOTSLZ,X,O,X
IJOTSZL,X,X,X
IJOTZLS,X,X,X
IJOTZSL,X,X,X
IJOLTSZ,X,O,X
IJOLTZS,X,X,X
IJOLSTZ,X,O,X
IJOLSZT,X,X,X
IJOLZTS,X,X,X
IJOLZST,X,X,X
IJOSTLZ,X,O,X
IJOSTZL,X,X,X
IJOSLTZ,X,O,X
IJOSLZT,X,X,X
IJOSZTL,X,X,X
IJOSZLT,X,X,X
IJOZTLS,X,X,X
IJOZTSL,X,X,X
IJOZLTS,X,X,X
IJOZLST,X,X,X
IJOZSTL,X,X,X
IJOZSLT,X,X,X
ISTLJZO,X,X,X
ISTLJOZ,X,X,X
ISTLZJO,X,X,X
ISTLZOJ,X,X,X
ISTLOJZ,X,X,X
ISTLOZJ,X,X,X
ISTJLZO,X,X,X
ISTJLOZ,X,X,X
ISTJZLO,X,X,X
ISTJZOL,X,X,X
ISTJOLZ,X,O,X
ISTJOZL,X,X,X
ISTZLJO,X,X,X
ISTZLOJ,X,X,X
ISTZJLO,X,X,X
ISTZJOL,X,X,X
ISTZOLJ,X,X,X
ISTZOJL,X,X,X
ISTOLJZ,X,O,X
ISTOLZJ,X,X,X
ISTOJLZ,X,O,X
ISTOJZL,X,X,X
ISTOZLJ,X,X,X
ISTOZJL,X,X,X
ISLTJZO,X,X,O
ISLTJOZ,X,X,X
ISLTZJO,X,X,O
ISLTZOJ,X,X,X
ISLTOJZ,X,X,X
ISLTOZJ,X,X,X
ISLJTZO,X,X,O
ISLJTOZ,X,X,X
ISLJZTO,X,X,O
ISLJZOT,X,X,X
ISLJOTZ,X,X,X
ISLJOZT,X,X,X
ISLZTJO,X,X,O
ISLZTOJ,X,X,X
ISLZJTO,X,X,O
ISLZJOT,X,X,X
ISLZOTJ,X,X,X
ISLZOJT,X,X,X
ISLOTJZ,X,X,X
ISLOTZJ,X,X,X
ISLOJTZ,X,X,X
ISLOJZT,X,X,X
ISLOZTJ,X,X,X
ISLOZJT,X,X,X
ISJTLZO,X,X,X
ISJTLOZ,X,X,X
ISJTZLO,X,X,X
ISJTZOL,X,X,X
ISJTOLZ,X,O,X
ISJTOZL,X,X,X
ISJLTZO,X,X,O
ISJLTOZ,X,X,X
ISJLZTO,X,X,O
ISJLZOT,X,X,X
ISJLOTZ,X,X,X
ISJLOZT,X,X,X
ISJZTLO,X,X,O
ISJZTOL,X,X,X
ISJZLTO,X,X,O
ISJZLOT,X,X,X
ISJZOTL,X,X,X
ISJZOLT,X,X,X
ISJOTLZ,X,O,X
ISJOTZL,X,X,X
ISJOLTZ,X,O,X
ISJOLZT,X,X,X
ISJOZTL,X,X,X
ISJOZLT,X,X,X
ISZTLJO,X,X,X
ISZTLOJ,X,X,X
ISZTJLO,X,X,O
ISZTJOL,X,X,X
ISZTOLJ,X,X,X
ISZTOJL,X,X,X
ISZLTJO,X,X,O
ISZLTOJ,X,X,X
ISZLJTO,X,X,O
ISZLJOT,X,X,X
ISZLOTJ,X,X,X
ISZLOJT,X,X,X
ISZJTLO,X,X,O
ISZJTOL,X,X,X
ISZJLTO,X,X,O
ISZJLOT,X,X,X
ISZJOTL,X,X,X
ISZJOLT,X,X,X
ISZOTLJ,X,X,X
ISZOTJL,X,X,X
ISZOLTJ,X,X,X
ISZOLJT,X,X,X
ISZOJTL,X,X,X
ISZOJLT,X,X,X
ISOTLJZ,X,O,X
ISOTLZJ,X,X,X
ISOTJLZ,X,O,X
ISOTJZL,X,X,X
ISOTZLJ,X,X,X
ISOTZJL,X,X,X
ISOLTJZ,X,O,X
ISOLTZJ,X,X,X
ISOLJTZ,X,O,X
ISOLJZT,X,X,X
ISOLZTJ,X,X,X
ISOLZJT,X,X,X
ISOJTLZ,X,O,X
ISOJTZL,X,X,X
ISOJLTZ,X,O,X
ISOJLZT,X,X,X
ISOJZTL,X,X,X
ISOJZLT,X,X,X
ISOZTLJ,X,X,X
ISOZTJL,X,X,X
ISOZLTJ,X,X,X
ISOZLJT,X,X,X
ISOZJTL,X,X,X
ISOZJLT,X,X,X
IZTLJSO,O,X,X
IZTLJOS,O,X,X
IZTLSJO,O,X,X
IZTLSOJ,O,X,X
IZTLOJS,O,X,X
IZTLOSJ,O,X,X
IZTJLSO,O,X,X
IZTJLOS,O,X,X
IZTJSLO,X,X,O
IZTJSOL,X,X,X
IZTJOLS,O,X,X
IZTJOSL,X,X,X
IZTSLJO,X,X,X
IZTSLOJ,X,X,X
IZTSJLO,X,X,O
IZTSJOL,X,X,X
IZTSOLJ,X,X,X
IZTSOJL,X,X,X
IZTOLJS,O,X,X
IZTOLSJ,O,X,X
IZTOJLS,O,X,X
IZTOJSL,X,X,O
IZTOSLJ,X,X,X
IZTOSJL,X,X,O
IZLTJSO,O,X,O
IZLTJOS,O,X,X
IZLTSJO,O,X,O
IZLTSOJ,O,X,X
IZLTOJS,O,X,O
IZLTOSJ,O,X,O
IZLJTSO,O,X,O
IZLJTOS,O,X,X
IZLJSTO,O,X,O
IZLJSOT,O,X,X
IZLJOTS,O,X,X
IZLJOST,O,X,X
IZLSTJO,O,X,O
IZLSTOJ,O,X,X
IZLSJTO,O,X,O
IZLSJOT,O,X,X
IZLSOTJ,O,X,X
IZLSOJT,O,X,X
IZLOTJS,O,X,O
IZLOTSJ,O,X,O
IZLOJTS,O,X,O
IZLOJST,O,X,O
IZLOSTJ,O,X,O
IZLOSJT,O,X,O
IZJTLSO,O,X,X
IZJTLOS,O,X,X
IZJTSLO,X,X,O
IZJTSOL,X,X,X
IZJTOLS,O,X,X
IZJTOSL,X,X,X
IZJLTSO,O,X,O
IZJLTOS,O,X,X
IZJLSTO,O,X,O
IZJLSOT,O,X,X
IZJLOTS,O,X,X
IZJLOST,O,X,X
IZJSTLO,X,X,O
IZJSTOL,X,X,X
IZJSLTO,X,X,O
IZJSLOT,X,X,X
IZJSOTL,X,X,X
IZJSOLT,X,X,X
IZJOTLS,O,X,X
IZJOTSL,X,X,X
IZJOLTS,O,X,X
IZJOLST,O,X,X
IZJOSTL,X,X,X
IZJOSLT,X,X,X
IZSTLJO,X,X,X
IZSTLOJ,X,X,X
IZSTJLO,X,X,O
IZSTJOL,X,X,X
IZSTOLJ,X,X,X
IZSTOJL,X,X,X
IZSLTJO,X,X,O
IZSLTOJ,X,X,X
IZSLJTO,X,X,O
IZSLJOT,X,X,X
IZSLOTJ,X,X,X
IZSLOJT,X,X,X
IZSJTLO,X,X,O
IZSJTOL,X,X,X
IZSJLTO,X,X,O
IZSJLOT,X,X,X
IZSJOTL,X,X,X
IZSJOLT,X,X,X
IZSOTLJ,X,X,X
IZSOTJL,X,X,X
IZSOLTJ,X,X,X
IZSOLJT,X,X,X
IZSOJTL,X,X,X
IZSOJLT,X,X,X
IZOTLJS,O,X,X
IZOTLSJ,O,X,X
IZOTJLS,O,X,X
IZOTJSL,X,X,O
IZOTSLJ,X,X,X
IZOTSJL,X,X,O
IZOLTJS,O,X,O
IZOLTSJ,O,X,O
IZOLJTS,O,X,O
IZOLJST,O,X,O
IZOLSTJ,O,X,O
IZOLSJT,O,X,O
IZOJTLS,O,X,X
IZOJTSL,X,X,O
IZOJLTS,O,X,O
IZOJLST,O,X,O
IZOJSTL,X,X,O
IZOJSLT,X,X,O
IZOSTLJ,X,X,X
IZOSTJL,X,X,O
IZOSLTJ,X,X,O
IZOSLJT,X,X,O
IZOSJTL,X,X,O
IZOSJLT,X,X,O
IOTLJSZ,X,O,X
IOTLJZS,X,X,X
IOTLSJZ,X,O,X
IOTLSZJ,X,X,X
IOTLZJS,X,X,X
IOTLZSJ,X,X,X
IOTJLSZ,X,O,X
IOTJLZS,X,X,X
IOTJSLZ,X,O,X
IOTJSZL,X,X,X
IOTJZLS,X,X,X
IOTJZSL,X,X,X
IOTSLJZ,X,O,X
IOTSLZJ,X,X,X
IOTSJLZ,X,O,X
IOTSJZL,X,X,X
IOTSZLJ,X,X,X
IOTSZJL,X,X,X
IOTZLJS,X,X,X
IOTZLSJ,X,X,X
IOTZJLS,X,X,X
IOTZJSL,X,X,X
IOTZSLJ,X,X,X
IOTZSJL,X,X,X
IOLTJSZ,X,O,O
IOLTJZS,X,X,O
IOLTSJZ,X,O,O
IOLTSZJ,X,X,O
IOLTZJS,X,X,O
IOLTZSJ,X,X,O
IOLJTSZ,X,O,O
IOLJTZS,X,X,O
IOLJSTZ,X,O,O
IOLJSZT,X,X,O
IOLJZTS,X,X,O
IOLJZST,X,X,O
IOLSTJZ,X,O,O
IOLSTZJ,X,X,O
IOLSJTZ,X,O,O
IOLSJZT,X,X,O
IOLSZTJ,X,X,O
IOLSZJT,X,X,O
IOLZTJS,X,X,O
IOLZTSJ,X,X,O
IOLZJTS,X,X,O
IOLZJST,X,X,O
IOLZSTJ,X,X,O
IOLZSJT,X,X,O
IOJTLSZ,X,O,X
IOJTLZS,X,X,X
IOJTSLZ,X,O,X
IOJTSZL,X,X,X
IOJTZLS,X,X,X
IOJTZSL,X,X,X
IOJLTSZ,X,O,O
IOJLTZS,X,X,O
IOJLSTZ,X,O,O
IOJLSZT,X,X,O
IOJLZTS,X,X,O
IOJLZST,X,X,O
IOJSTLZ,X,O,X
IOJSTZL,X,X,X
IOJSLTZ,X,O,O
IOJSLZT,X,X,O
IOJSZTL,X,X,O
IOJSZLT,X,X,O
IOJZTLS,X,X,X
IOJZTSL,X,X,O
IOJZLTS,X,X,O
IOJZLST,X,X,O
IOJZSTL,X,X,O
IOJZSLT,X,X,O
IOSTLJZ,X,O,X
IOSTLZJ,X,X,X
IOSTJLZ,X,O,X
IOSTJZL,X,X,X
IOSTZLJ,X,X,X
IOSTZJL,X,X,X
IOSLTJZ,X,O,O
IOSLTZJ,X,X,O
IOSLJTZ,X,O,O
IOSLJZT,X,X,O
IOSLZTJ,X,X,O
IOSLZJT,X,X,O
IOSJTLZ,X,O,X
IOSJTZL,X,X,X
IOSJLTZ,X,O,O
IOSJLZT,X,X,O
IOSJZTL,X,X,O
IOSJZLT,X,X,O
IOSZTLJ,X,X,X
IOSZTJL,X,X,O
IOSZLTJ,X,X,O
IOSZLJT,X,X,O
IOSZJTL,X,X,O
IOSZJLT,X,X,O
IOZTLJS,X,X,X
IOZTLSJ,X,X,X
IOZTJLS,X,X,X
IOZTJSL,X,X,O
IOZTSLJ,X,X,X
IOZTSJL,X,X,O
IOZLTJS,X,X,O
IOZLTSJ,X,X,O
IOZLJTS,X,X,O
IOZLJST,X,X,O
IOZLSTJ,X,X,O
IOZLSJT,X,X,O
IOZJTLS,X,X,X
IOZJTSL,X,X,O
IOZJLTS,X,X,O
IOZJLST,X,X,O
IOZJSTL,X,X,O
IOZJSLT,X,X,O
IOZSTLJ,X,X,X
IOZSTJL,X,X,O
IOZSLTJ,X,X,O
IOZSLJT,X,X,O
IOZSJTL,X,X,O
IOZSJLT,X,X,O
LTIJSZO,O,X,O
LTIJSOZ,X,X,X
LTIJZSO,O,X,O
LTIJZOS,O,X,X
LTIJOSZ,X,X,X
LTIJOZS,X,X,X
LTISJZO,O,X,O
LTISJOZ,X,X,X
LTISZJO,O,X,O
LTISZOJ,O,X,X
LTISOJZ,X,X,X
LTISOZJ,X,X,X
LTIZJSO,O,X,O
LTIZJOS,O,X,X
LTIZSJO,O,X,O
LTIZSOJ,O,X,X
LTIZOJS,O,X,O
LTIZOSJ,O,X,O
LTIOJSZ,X,X,O
LTIOJZS,X,X,O
LTIOSJZ,X,X,O
LTIOSZJ,X,X,O
LTIOZJS,X,X,O
LTIOZSJ,X,X,O
LTJISZO,O,X,O
LTJISOZ,X,X,X
LTJIZSO,O,X,O
LTJIZOS,O,X,X
LTJIOSZ,X,X,X
LTJIOZS,X,X,X
LTJSIZO,O,X,O
LTJSIOZ,X,X,X
LTJSZIO,O,X,O
LTJSZOI,O,X,X
LTJSOIZ,X,X,X
LTJSOZI,X,X,X
LTJZISO,O,X,O
LTJZIOS,O,X,X
LTJZSIO,O,X,O
LTJZSOI,O,X,X
LTJZOIS,O,X,X
LTJZOSI,O,X,X
LTJOISZ,X,X,X
LTJOIZS,X,X,X
LTJOSIZ,X,X,X
LTJOSZI,X,X,X
LTJOZIS,X,X,X
LTJOZSI,X,X,X
LTSIJZO,O,X,O
LTSIJOZ,X,X,X
LTSIZJO,O,X,O
LTSIZOJ,O,X,X
LTSIOJZ,X,X,X
LTSIOZJ,X,X,X
LTSJIZO,O,X,O
LTSJIOZ,X,X,X
LTSJZIO,O,X,O
LTSJZOI,O,X,X
LTSJOIZ,X,X,X
LTSJOZI,X,X,X
LTSZIJO,O,X,O
LTSZIOJ,O,X,X
LTSZJIO,O,X,O
LTSZJOI,O,X,X
LTSZOIJ,O,X,X
LTSZOJI,O,X,X
LTSOIJZ,X,X,X
LTSOIZJ,X,X,X
LTSOJIZ,X,X,X
LTSOJZI,X,X,X
LTSOZIJ,X,X,X
LTSOZJI,X,X,X
LTZIJSO,O,X,O
LTZIJOS,O,X,X
LTZISJO,O,X,O
LTZISOJ,O,X,X
LTZIOJS,O,X,O
LTZIOSJ,O,X,O
LTZJISO,O,X,O
LTZJIOS,O,X,X
LTZJSIO,O,X,O
LTZJSOI,O,X,X
LTZJOIS,O,X,X
LTZJOSI,O,X,X
LTZSIJO,O,X,O
LTZSIOJ,O,X,X
LTZSJIO,O,X,O
LTZSJOI,O,X,X
LTZSOIJ,O,X,X
LTZSOJI,O,X,X
LTZOIJS,O,X,O
LTZOISJ,O,X,O
LTZOJIS,O,X,O
LTZOJSI,O,X,O
LTZOSIJ,O,X,O
LTZOSJI,O,X,O
LTOIJSZ,X,X,O
LTOIJZS,X,X,O
LTOISJZ,X,X,O
LTOISZJ,X,X,O
LTOIZJS,X,X,O
LTOIZSJ,X,X,O
LTOJISZ,X,X,O
LTOJIZS,X,X,O
LTOJSIZ,X,X,O
LTOJSZI,X,X,O
LTOJZIS,X,X,O
LTOJZSI,X,X,O
LTOSIJZ,X,X,O
LTOSIZJ,X,X,O
LTOSJIZ,X,X,O
LTOSJZI,X,X,O
LTOSZIJ,X,X,O
LTOSZJI,X,X,O
LTOZIJS,X,X,O
LTOZISJ,X,X,O
LTOZJIS,X,X,O
LTOZJSI,X,X,O
LTOZSIJ,X,X,O
LTOZSJI,X,X,O
LITJSZO,O,X,O
LITJSOZ,X,X,X
LITJZSO,O,X,O
LITJZOS,O,X,X
LITJOSZ,X,X,X
LITJOZS,X,X,X
LITSJZO,O,X,O
LITSJOZ,X,X,X
LITSZJO,O,X,O
LITSZOJ,O,X,X
LITSOJZ,X,X,X
LITSOZJ,X,X,X
LITZJSO,O,X,O
LITZJOS,O,X,X
LITZSJO,O,X,O
LITZSOJ,O,X,X
LITZOJS,O,X,O
LITZOSJ,O,X,O
LITOJSZ,X,X,O
LITOJZS,X,X,O
LITOSJZ,X,X,O
LITOSZJ,X,X,O
LITOZJS,X,X,O
LITOZSJ,X,X,O
LIJTSZO,O,X,O
LIJTSOZ,X,X,X
LIJTZSO,O,X,O
LIJTZOS,O,X,X
LIJTOSZ,X,X,X
LIJTOZS,X,X,X
LIJSTZO,O,X,O
LIJSTOZ,X,X,X
LIJSZTO,O,X,O
LIJSZOT,O,X,X
LIJSOTZ,X,X,X
LIJSOZT,X,X,X
LIJZTSO,O,X,O
LIJZTOS,O,X,X
LIJZSTO,O,X,O
LIJZSOT,O,X,X
LIJZOTS,O,X,X
LIJZOST,O,X,X
LIJOTSZ,X,X,X
LIJOTZS,X,X,X
LIJOSTZ,X,X,X
LIJOSZT,X,X,X
LIJOZTS,X,X,X
LIJOZST,X,X,X
LISTJZO,O,X,O
LISTJOZ,X,X,X
LISTZJO,O,X,O
LISTZOJ,O,X,X
LISTOJZ,X,X,X
LISTOZJ,X,X,X
LISJTZO,O,X,O
LISJTOZ,X,X,X
LISJZTO,O,X,O
LISJZOT,O,X,X
LISJOTZ,X,X,X
LISJOZT,X,X,X
LISZTJO,O,X,O
LISZTOJ,O,X,X
LISZJTO,O,X,O
LISZJOT,O,X,X
LISZOTJ,O,X,X
LISZOJT,O,X,X
LISOTJZ,X,X,X
LISOTZJ,X,X,X
LISOJTZ,X,X,X
LISOJZT,X,X,X
LISOZTJ,X,X,X
LISOZJT,X,X,X
LIZTJSO,O,X,O
LIZTJOS,O,X,X
LIZTSJO,O,X,O
LIZTSOJ,O,X,X
LIZTOJS,O,X,O
LIZTOSJ,O,X,O
LIZJTSO,O,X,O
LIZJTOS,O,X,X
LIZJSTO,O,X,O
LIZJSOT,O,X,X
LIZJOTS,O,X,X
LIZJOST,O,X,X
LIZSTJO,O,X,O
LIZSTOJ,O,X,X
LIZSJTO,O,X,O
LIZSJOT,O,X,X
LIZSOTJ,O,X,X
LIZSOJT,O,X,X
LIZOTJS,O,X,O
LIZOTSJ,O,X,O
LIZOJTS,O,X,O
LIZOJST,O,X,O
LIZOSTJ,O,X,O
LIZOSJT,O,X,O
LIOTJSZ,X,X,O
LIOTJZS,X,X,O
LIOTSJZ,X,X,O
LIOTSZJ,X,X,O
LIOTZJS,X,X,O
LIOTZSJ,X,X,O
LIOJTSZ,X,X,O
LIOJTZS,X,X,O
LIOJSTZ,X,X,O
LIOJSZT,X,X,O
LIOJZTS,X,X,O
LIOJZST,X,X,O
LIOSTJZ,X,X,O
LIOSTZJ,X,X,O
LIOSJTZ,X,X,O
LIOSJZT,X,X,O
LIOSZTJ,X,X,O
LIOSZJT,X,X,O
LIOZTJS,X,X,O
LIOZTSJ,X,X,O
LIOZJTS,X,X,O
LIOZJST,X,X,O
LIOZSTJ,X,X,O
LIOZSJT,X,X,O
LJTISZO,O,X,O
LJTISOZ,X,X,X
LJTIZSO,O,X,O
LJTIZOS,O,X,X
LJTIOSZ,X,X,X
LJTIOZS,X,X,X
LJTSIZO,O,X,O
LJTSIOZ,X,X,X
LJTSZIO,O,X,O
LJTSZOI,O,X,X
LJTSOIZ,X,X,X
LJTSOZI,X,X,X
LJTZISO,O,X,O
LJTZIOS,O,X,X
LJTZSIO,O,X,O
LJTZSOI,O,X,X
LJTZOIS,O,X,X
LJTZOSI,O,X,X
LJTOISZ,X,X,X
LJTOIZS,X,X,X
LJTOSIZ,X,X,X
LJTOSZI,X,X,X
LJTOZIS,X,X,X
LJTOZSI,X,X,X
LJITSZO,O,X,O
LJITSOZ,X,X,X
LJITZSO,O,X,O
LJITZOS,O,X,X
LJITOSZ,X,X,X
LJITOZS,X,X,X
LJISTZO,O,X,O
LJISTOZ,X,X,X
LJISZTO,O,X,O
LJISZOT,O,X,X
LJISOTZ,X,X,X
LJISOZT,X,X,X
LJIZTSO,O,X,O
LJIZTOS,O,X,X
LJIZSTO,O,X,O
LJIZSOT,O,X,X
LJIZOTS,O,X,X
LJIZOST,O,X,X
LJIOTSZ,X,X,X
LJIOTZS,X,X,X
LJIOSTZ,X,X,X
LJIOSZT,X,X,X
LJIOZTS,X,X,X
LJIOZST,X,X,X
LJSTIZO,O,X,O
LJSTIOZ,X,X,X
LJSTZIO,O,X,O
LJSTZOI,O,X,X
LJSTOIZ,X,X,X
LJSTOZI,X,X,X
LJSITZO,O,X,O
LJSITOZ,X,X,X
LJSIZTO,O,X,O
LJSIZOT,O,X,X
LJSIOTZ,X,X,X
LJSIOZT,X,X,X
LJSZTIO,O,X,O
LJSZTOI,O,X,X
LJSZITO,O,X,O
LJSZIOT,O,X,X
LJSZOTI,O,X,X
LJSZOIT,O,X,X
LJSOTIZ,X,X,X
LJSOTZI,X,X,X
LJSOITZ,X,X,X
LJSOIZT,X,X,X
LJSOZTI,X,X,X
LJSOZIT,X,X,X
LJZTISO,O,X,O
LJZTIOS,O,X,X
LJZTSIO,O,X,O
LJZTSOI,O,X,X
LJZTOIS,O,X,X
LJZTOSI,O,X,X
LJZITSO,O,X,O
LJZITOS,O,X,X
LJZISTO,O,X,O
LJZISOT,O,X,X
LJZIOTS,O,X,X
LJZIOST,O,X,X
LJZSTIO,O,X,O
LJZSTOI,O,X,X
LJZSITO,O,X,O
LJZSIOT,O,X,X
LJZSOTI,O,X,X
LJZSOIT,O,X,X
LJZOTIS,O,X,X
LJZOTSI,O,X,X
LJZOITS,O,X,X
LJZOIST,O,X,X
LJZOSTI,O,X,X
LJZOSIT,O,X,X
LJOTISZ,X,X,X
LJOTIZS,X,X,X
LJOTSIZ,X,X,X
LJOTSZI,X,X,X
LJOTZIS,X,X,X
LJOTZSI,X,X,X
LJOITSZ,X,X,X
LJOITZS,X,X,X
LJOISTZ,X,X,X
LJOISZT,X,X,X
LJOIZTS,X,X,X
LJOIZST,X,X,X
LJOSTIZ,X,X,X
LJOSTZI,X,X,X
LJOSITZ,X,X,X
LJOSIZT,X,X,X
LJOSZTI,X,X,X
LJOSZIT,X,X,X
LJOZTIS,X,X,X
LJOZTSI,X,X,X
LJOZITS,X,X,X
LJOZIST,X,X,X
LJOZSTI,X,X,X
LJOZSIT,X,X,X
LSTIJZO,O,X,O
LSTIJOZ,X,X,X
LSTIZJO,O,X,O
LSTIZOJ,O,X,X
LSTIOJZ,X,X,X
LSTIOZJ,X,X,X
LSTJIZO,O,X,O
LSTJIOZ,X,X,X
LSTJZIO,O,X,O
LSTJZOI,O,X,X
LSTJOIZ,X,X,X
LSTJOZI,X,X,X
LSTZIJO,O,X,O
LSTZIOJ,O,X,X
LSTZJIO,O,X,O
LSTZJOI,O,X,X
LSTZOIJ,O,X,X
LSTZOJI,O,X,X
LSTOIJZ,X,X,X
LSTOIZJ,X,X,X
LSTOJIZ,X,X,X
LSTOJZI,X,X,X
LSTOZIJ,X,X,X
LSTOZJI,X,X,X
LSITJZO,O,X,O
LSITJOZ,X,X,X
LSITZJO,O,X,O
LSITZOJ,O,X,X
LSITOJZ,X,X,X
LSITOZJ,X,X,X
LSIJTZO,O,X,O
LSIJTOZ,X,X,X
LSIJZTO,O,X,O
LSIJZOT,O,X,X
LSIJOTZ,X,X,X
LSIJOZT,X,X,X
LSIZTJO,O,X,O
LSIZTOJ,O,X,X
LSIZJTO,O,X,O
LSIZJOT,O,X,X
LSIZOTJ,O,X,X
LSIZOJT,O,X,X
LSIOTJZ,X,X,X
LSIOTZJ,X,X,X
LSIOJTZ,X,X,X
LSIOJZT,X,X,X
LSIOZTJ,X,X,X
LSIOZJT,X,X,X
LSJTIZO,O,X,O
LSJTIOZ,X,X,X
LSJTZIO,O,X,O
LSJTZOI,O,X,X
LSJTOIZ,X,X,X
LSJTOZI,X,X,X
LSJITZO,O,X,O
LSJITOZ,X,X,X
LSJIZTO,O,X,O
LSJIZOT,O,X,X
LSJIOTZ,X,X,X
LSJIOZT,X,X,X
LSJZTIO,O,X,O
LSJZTOI,O,X,X
LSJZITO,O,X,O
LSJZIOT,O,X,X
LSJZOTI,O,X,X
LSJZOIT,O,X,X
LSJOTIZ,X,X,X
LSJOTZI,X,X,X
LSJOITZ,X,X,X
LSJOIZT,X,X,X
LSJOZTI,X,X,X
LSJOZIT,X,X,X
LSZTIJO,O,X,O
LSZTIOJ,O,X,X
LSZTJIO,O,X,O
LSZTJOI,O,X,X
LSZTOIJ,O,X,X
LSZTOJI,O,X,X
LSZITJO,O,X,O
LSZITOJ,O,X,X
LSZIJTO,O,X,O
LSZIJOT,O,X,X
LSZIOTJ,O,X,X
LSZIOJT,O,X,X
LSZJTIO,O,X,O
LSZJTOI,O,X,X
LSZJITO,O,X,O
LSZJIOT,O,X,X
LSZJOTI,O,X,X
LSZJOIT,O,X,X
LSZOTIJ,O,X,X
LSZOTJI,O,X,X
LSZOITJ,O,X,X
LSZOIJT,O,X,X
LSZOJTI,O,X,X
LSZOJIT,O,X,X
LSOTIJZ,X,X,X
LSOTIZJ,X,X,X
LSOTJIZ,X,X,X
LSOTJZI,X,X,X
LSOTZIJ,X,X,X
LSOTZJI,X,X,X
LSOITJZ,X,X,X
LSOITZJ,X,X,X
LSOIJTZ,X,X,X
LSOIJZT,X,X,X
LSOIZTJ,X,X,X
LSOIZJT,X,X,X
LSOJTIZ,X,X,X
LSOJTZI,X,X,X
LSOJITZ,X,X,X
LSOJIZT,X,X,X
LSOJZTI,X,X,X
LSOJZIT,X,X,X
LSOZTIJ,X,X,X
LSOZTJI,X,X,X
LSOZITJ,X,X,X
LSOZIJT,X,X,X
LSOZJTI,X,X,X
LSOZJIT,X,X,X
LZTIJSO,O,X,O
LZTIJOS,O,X,X
LZTISJO,O,X,O
LZTISOJ,O,X,X
LZTIOJS,O,X,O
LZTIOSJ,O,X,O
LZTJISO,O,X,O
LZTJIOS,O,X,X
LZTJSIO,O,X,O
LZTJSOI,O,X,X
LZTJOIS,O,X,X
LZTJOSI,O,X,X
LZTSIJO,O,X,O
LZTSIOJ,O,X,X
LZTSJIO,O,X,O
LZTSJOI,O,X,X
LZTSOIJ,O,X,X
LZTSOJI,O,X,X
LZTOIJS,O,X,O
LZTOISJ,O,X,O
LZTOJIS,O,X,O
LZTOJSI,O,X,O
LZTOSIJ,O,X,O
LZTOSJI,O,X,O
LZITJSO,O,X,O
LZITJOS,O,X,X
LZITSJO,O,X,O
LZITSOJ,O,X,X
LZITOJS,O,X,O
LZITOSJ,O,X,O
LZIJTSO,O,X,O
LZIJTOS,O,X,X
LZIJSTO,O,X,O
LZIJSOT,O,X,X
LZIJOTS,O,X,X
LZIJOST,O,X,X
LZISTJO,O,X,O
LZISTOJ,O,X,X
LZISJTO,O,X,O
LZISJOT,O,X,X
LZISOTJ,O,X,X
LZISOJT,O,X,X
LZIOTJS,O,X,O
LZIOTSJ,O,X,O
LZIOJTS,O,X,O
LZIOJST,O,X,O
LZIOSTJ,O,X,O
LZIOSJT,O,X,O
LZJTISO,O,X,O
LZJTIOS,O,X,X
LZJTSIO,O,X,O
LZJTSOI,O,X,X
LZJTOIS,O,X,X
LZJTOSI,O,X,X
LZJITSO,O,X,O
LZJITOS,O,X,X
LZJISTO,O,X,O
LZJISOT,O,X,X
LZJIOTS,O,X,X
LZJIOST,O,X,X
LZJSTIO,O,X,O
LZJSTOI,O,X,X
LZJSITO,O,X,O
LZJSIOT,O,X,X
LZJSOTI,O,X,X
LZJSOIT,O,X,X
LZJOTIS,O,X,X
LZJOTSI,O,X,X
LZJOITS,O,X,X
LZJOIST,O,X,X
LZJOSTI,O,X,X
LZJOSIT,O,X,X
LZSTIJO,O,X,O
LZSTIOJ,O,X,X
LZSTJIO,O,X,O
LZSTJOI,O,X,X
LZSTOIJ,O,X,X
LZSTOJI,O,X,X
LZSITJO,O,X,O
LZSITOJ,O,X,X
LZSIJTO,O,X,O
LZSIJOT,O,X,X
LZSIOTJ,O,X,X
LZSIOJT,O,X,X
LZSJTIO,O,X,O
LZSJTOI,O,X,X
LZSJITO,O,X,O
LZSJIOT,O,X,X
LZSJOTI,O,X,X
LZSJOIT,O,X,X
LZSOTIJ,O,X,X
LZSOTJI,O,X,X
LZSOITJ,O,X,X
LZSOIJT,O,X,X
LZSOJTI,O,X,X
LZSOJIT,O,X,X
LZOTIJS,O,X,O
LZOTISJ,O,X,O
LZOTJIS,O,X,O
LZOTJSI,O,X,O
LZOTSIJ,O,X,O
LZOTSJI,O,X,O
LZOITJS,O,X,O
LZOITSJ,O,X,O
LZOIJTS,O,X,O
LZOIJST,O,X,O
LZOISTJ,O,X,O
LZOISJT,O,X,O
LZOJTIS,O,X,O
LZOJTSI,O,X,O
LZOJITS,O,X,O
LZOJIST,O,X,O
LZOJSTI,O,X,O
LZOJSIT,O,X,O
LZOSTIJ,O,X,O
LZOSTJI,O,X,O
LZOSITJ,O,X,O
LZOSIJT,O,X,O
LZOSJTI,O,X,O
LZOSJIT,O,X,O
LOTIJSZ,X,X,O
LOTIJZS,X,X,O
LOTISJZ,X,X,O
LOTISZJ,X,X,O
LOTIZJS,X,X,O
LOTIZSJ,X,X,O
LOTJISZ,X,X,O
LOTJIZS,X,X,O
LOTJSIZ,X,X,O
LOTJSZI,X,X,O
LOTJZIS,X,X,O
LOTJZSI,X,X,O
LOTSIJZ,X,X,O
LOTSIZJ,X,X,O
LOTSJIZ,X,X,O
LOTSJZI,X,X,O
LOTSZIJ,X,X,O
LOTSZJI,X,X,O
LOTZIJS,X,X,O
LOTZISJ,X,X,O
LOTZJIS,X,X,O
LOTZJSI,X,X,O
LOTZSIJ,X,X,O
LOTZSJI,X,X,O
LOITJSZ,X,X,O
LOITJZS,X,X,O
LOITSJZ,X,X,O
LOITSZJ,X,X,O
LOITZJS,X,X,O
LOITZSJ,X,X,O
LOIJTSZ,X,X,O
LOIJTZS,X,X,O
LOIJSTZ,X,X,O
LOIJSZT,X,X,O
LOIJZTS,X,X,O
LOIJZST,X,X,O
LOISTJZ,X,X,O
LOISTZJ,X,X,O
LOISJTZ,X,X,O
LOISJZT,X,X,O
LOISZTJ,X,X,O
LOISZJT,X,X,O
LOIZTJS,X,X,O
LOIZTSJ,X,X,O
LOIZJTS,X,X,O
LOIZJST,X,X,O
LOIZSTJ,X,X,O
LOIZSJT,X,X,O
LOJTISZ,X,X,O
LOJTIZS,X,X,O
LOJTSIZ,X,X,O
LOJTSZI,X,X,O
LOJTZIS,X,X,O
LOJTZSI,X,X,O
LOJITSZ,X,X,O
LOJITZS,X,X,O
LOJISTZ,X,X,O
LOJISZT,X,X,O
LOJIZTS,X,X,O
LOJIZST,X,X,O
LOJSTIZ,X,X,O
LOJSTZI,X,X,O
LOJSITZ,X,X,O
LOJSIZT,X,X,O
LOJSZTI,X,X,O
LOJSZIT,X,X,O
LOJZTIS,X,X,O
LOJZTSI,X,X,O
LOJZITS,X,X,O
LOJZIST,X,X,O
LOJZSTI,X,X,O
LOJZSIT,X,X,O
LOSTIJZ,X,X,O
LOSTIZJ,X,X,O
LOSTJIZ,X,X,O
LOSTJZI,X,X,O
LOSTZIJ,X,X,O
LOSTZJI,X,X,O
LOSITJZ,X,X,O
LOSITZJ,X,X,O
LOSIJTZ,X,X,O
LOSIJZT,X,X,O
LOSIZTJ,X,X,O
LOSIZJT,X,X,O
LOSJTIZ,X,X,O
LOSJTZI,X,X,O
LOSJITZ,X,X,O
LOSJIZT,X,X,O
LOSJZTI,X,X,O
LOSJZIT,X,X,O
LOSZTIJ,X,X,O
LOSZTJI,X,X,O
LOSZITJ,X,X,O
LOSZIJT,X,X,O
LOSZJTI,X,X,O
LOSZJIT,X,X,O
LOZTIJS,X,X,O
LOZTISJ,X,X,O
LOZTJIS,X,X,O
LOZTJSI,X,X,O
LOZTSIJ,X,X,O
LOZTSJI,X,X,O
LOZITJS,X,X,O
LOZITSJ,X,X,O
LOZIJTS,X,X,O
LOZIJST,X,X,O
LOZISTJ,X,X,O
LOZISJT,X,X,O
LOZJTIS,X,X,O
LOZJTSI,X,X,O
LOZJITS,X,X,O
LOZJIST,X,X,O
LOZJSTI,X,X,O
LOZJSIT,X,X,O
LOZSTIJ,X,X,O
LOZSTJI,X,X,O
LOZSITJ,X,X,O
LOZSIJT,X,X,O
LOZSJTI,X,X,O
LOZSJIT,X,X,O
JTILSZO,O,X,X
JTILSOZ,X,X,X
JTILZSO,O,X,X
JTILZOS,O,X,X
JTILOSZ,X,X,X
JTILOZS,X,X,X
JTISLZO,X,X,X
JTISLOZ,X,X,X
JTISZLO,X,X,X
JTISZOL,X,X,X
JTISOLZ,X,O,X
JTISOZL,X,X,X
JTIZLSO,O,X,X
JTIZLOS,O,X,X
JTIZSLO,X,X,X
JTIZSOL,X,X,X
JTIZOLS,O,X,X
JTIZOSL,X,X,X
JTIOLSZ,X,O,X
JTIOLZS,X,X,X
JTIOSLZ,X,O,X
JTIOSZL,X,X,X
JTIOZLS,X,X,X
JTIOZSL,X,X,X
JTLISZO,O,X,X
JTLISOZ,X,X,X
JTLIZSO,O,X,X
JTLIZOS,O,X,X
JTLIOSZ,X,X,X
JTLIOZS,X,X,X
JTLSIZO,O,X,X
JTLSIOZ,X,X,X
JTLSZIO,O,X,X
JTLSZOI,O,X,X
JTLSOIZ,X,X,X
JTLSOZI,X,X,X
JTLZISO,O,X,X
JTLZIOS,O,X,X
JTLZSIO,O,X,X
JTLZSOI,O,X,X
JTLZOIS,O,X,X
JTLZOSI,O,X,X
JTLOISZ,X,X,X
JTLOIZS,X,X,X
JTLOSIZ,X,X,X
JTLOSZI,X,X,X
JTLOZIS,X,X,X
JTLOZSI,X,X,X
JTSILZO,X,X,X
JTSILOZ,X,X,X
JTSIZLO,X,X,X
JTSIZOL,X,X,X
JTSIOLZ,X,O,X
JTSIOZL,X,X,X
JTSLIZO,X,X,X
JTSLIOZ,X,X,X
JTSLZIO,X,X,X
JTSLZOI,X,X,X
JTSLOIZ,X,X,X
JTSLOZI,X,X,X
JTSZILO,X,X,X
JTSZIOL,X,X,X
JTSZLIO,X,X,X
JTSZLOI,X,X,X
JTSZOIL,X,X,X
JTSZOLI,X,X,X
JTSOILZ,X,O,X
JTSOIZL,X,X,X
JTSOLIZ,X,O,X
JTSOLZI,X,X,X
JTSOZIL,X,X,X
JTSOZLI,X,X,X
JTZILSO,O,X,X
JTZILOS,O,X,X
JTZISLO,X,X,X
JTZISOL,X,X,X
JTZIOLS,O,X,X
JTZIOSL,X,X,X
JTZLISO,O,X,X
JTZLIOS,O,X,X
JTZLSIO,O,X,X
JTZLSOI,O,X,X
JTZLOIS,O,X,X
JTZLOSI,O,X,X
JTZSILO,X,X,X
JTZSIOL,X,X,X
JTZSLIO,X,X,X
JTZSLOI,X,X,X
JTZSOIL,X,X,X
JTZSOLI,X,X,X
JTZOILS,O,X,X
JTZOISL,X,X,X
JTZOLIS,O,X,X
JTZOLSI,O,X,X
JTZOSIL,X,X,X
JTZOSLI,X,X,X
JTOILSZ,X,O,X
JTOILZS,X,X,X
JTOISLZ,X,O,X
JTOISZL,X,X,X
JTOIZLS,X,X,X
JTOIZSL,X,X,X
JTOLISZ,X,O,X
JTOLIZS,X,X,X
JTOLSIZ,X,O,X
JTOLSZI,X,X,X
JTOLZIS,X,X,X
JTOLZSI,X,X,X
JTOSILZ,X,O,X
JTOSIZL,X,X,X
JTOSLIZ,X,O,X
JTOSLZI,X,X,X
JTOSZIL,X,X,X
JTOSZLI,X,X,X
JTOZILS,X,X,X
JTOZISL,X,X,X
JTOZLIS,X,X,X
JTOZLSI,X,X,X
JTOZSIL,X,X,X
JTOZSLI,X,X,X
JITLSZO,O,X,X
JITLSOZ,X,X,X
JITLZSO,O,X,X
JITLZOS,O,X,X
JITLOSZ,X,X,X
JITLOZS,X,X,X
JITSLZO,X,X,X
JITSLOZ,X,X,X
JITSZLO,X,X,X
JITSZOL,X,X,X
JITSOLZ,X,O,X
JITSOZL,X,X,X
JITZLSO,O,X,X
JITZLOS,O,X,X
JITZSLO,X,X,X
JITZSOL,X,X,X
JITZOLS,O,X,X
JITZOSL,X,X,X
JITOLSZ,X,O,X
JITOLZS,X,X,X
JITOSLZ,X,O,X
JITOSZL,X,X,X
JITOZLS,X,X,X
JITOZSL,X,X,X
JILTSZO,O,X,O
JILTSOZ,X,X,X
JILTZSO,O,X,O
JILTZOS,O,X,X
JILTOSZ,X,X,X
JILTOZS,X,X,X
JILSTZO,O,X,O
JILSTOZ,X,X,X
JILSZTO,O,X,O
JILSZOT,O,X,X
JILSOTZ,X,X,X
JILSOZT,X,X,X
JILZTSO,O,X,O
JILZTOS,O,X,X
JILZSTO,O,X,O
JILZSOT,O,X,X
JILZOTS,O,X,X
JILZOST,O,X,X
JILOTSZ,X,X,X
JILOTZS,X,X,X
JILOSTZ,X,X,X
JILOSZT,X,X,X
JILOZTS,X,X,X
JILOZST,X,X,X
JISTLZO,X,X,X
JISTLOZ,X,X,X
JISTZLO,X,X,X
JISTZOL,X,X,X
JISTOLZ,X,O,X
JISTOZL,X,X,X
JISLTZO,X,X,O
JISLTOZ,X,X,X
JISLZTO,X,X,O
JISLZOT,X,X,X
JISLOTZ,X,X,X
JISLOZT,X,X,X
JISZTLO,X,X,O
JISZTOL,X,X,X
JISZLTO,X,X,O
JISZLOT,X,X,X
JISZOTL,X,X,X
JISZOLT,X,X,X
JISOTLZ,X,O,X
JISOTZL,X,X,X
JISOLTZ,X,O,X
JISOLZT,X,X,X
JISOZTL,X,X,X
JISOZLT,X,X,X
JIZTLSO,O,X,X
JIZTLOS,O,X,X
JIZTSLO,X,X,O
JIZTSOL,X,X,X
JIZTOLS,O,X,X
JIZTOSL,X,X,X
JIZLTSO,O,X,O
JIZLTOS,O,X,X
JIZLSTO,O,X,O
JIZLSOT,O,X,X
JIZLOTS,O,X,X
JIZLOST,O,X,X
JIZSTLO,X,X,O
JIZSTOL,X,X,X
JIZSLTO,X,X,O
JIZSLOT,X,X,X
JIZSOTL,X,X,X
JIZSOLT,X,X,X
JIZOTLS,O,X,X
JIZOTSL,X,X,X
JIZOLTS,O,X,X
JIZOLST,O,X,X
JIZOSTL,X,X,X
JIZOSLT,X,X,X
JIOTLSZ,X,O,X
JIOTLZS,X,X,X
JIOTSLZ,X,O,X
JIOTSZL,X,X,X
JIOTZLS,X,X,X
JIOTZSL,X,X,X
JIOLTSZ,X,O,X
JIOLTZS,X,X,X
JIOLSTZ,X,O,X
JIOLSZT,X,X,X
JIOLZTS,X,X,X
JIOLZST,X,X,X
JIOSTLZ,X,O,X
JIOSTZL,X,X,X
JIOSLTZ,X,O,X
JIOSLZT,X,X,X
JIOSZTL,X,X,X
JIOSZLT,X,X,X
JIOZTLS,X,X,X
JIOZTSL,X,X,X
JIOZLTS,X,X,X
JIOZLST,X,X,X
JIOZSTL,X,X,X
JIOZSLT,X,X,X
JLTISZO,O,X,O
JLTISOZ,X,X,X
JLTIZSO,O,X,O
JLTIZOS,O,X,X
JLTIOSZ,X,X,X
JLTIOZS,X,X,X
JLTSIZO,O,X,O
JLTSIOZ,X,X,X
JLTSZIO,O,X,O
JLTSZOI,O,X,X
JLTSOIZ,X,X,X
JLTSOZI,X,X,X
JLTZISO,O,X,O
JLTZIOS,O,X,X
JLTZSIO,O,X,O
JLTZSOI,O,X,X
JLTZOIS,O,X,X
JLTZOSI,O,X,X
JLTOISZ,X,X,X
JLTOIZS,X,X,X
JLTOSIZ,X,X,X
JLTOSZI,X,X,X
JLTOZIS,X,X,X
JLTOZSI,X,X,X
JLITSZO,O,X,O
JLITSOZ,X,X,X
JLITZSO,O,X,O
JLITZOS,O,X,X
JLITOSZ,X,X,X
JLITOZS,X,X,X
JLISTZO,O,X,O
JLISTOZ,X,X,X
JLISZTO,O,X,O
JLISZOT,O,X,X
JLISOTZ,X,X,X
JLISOZT,X,X,X
JLIZTSO,O,X,O
JLIZTOS,O,X,X
JLIZSTO,O,X,O
JLIZSOT,O,X,X
JLIZOTS,O,X,X
JLIZOST,O,X,X
JLIOTSZ,X,X,X
JLIOTZS,X,X,X
JLIOSTZ,X,X,X
JLIOSZT,X,X,X
JLIOZTS,X,X,X
JLIOZST,X,X,X
JLSTIZO,O,X,O
JLSTIOZ,X,X,X
JLSTZIO,O,X,O
JLSTZOI,O,X,X
JLSTOIZ,X,X,X
JLSTOZI,X,X,X
JLSITZO,O,X,O
JLSITOZ,X,X,X
JLSIZTO,O,X,O
JLSIZOT,O,X,X
JLSIOTZ,X,X,X
JLSIOZT,X,X,X
JLSZTIO,O,X,O
JLSZTOI,O,X,X
JLSZITO,O,X,O
JLSZIOT,O,X,X
JLSZOTI,O,X,X
JLSZOIT,O,X,X
JLSOTIZ,X,X,X
JLSOTZI,X,X,X
JLSOITZ,X,X,X
JLSOIZT,X,X,X
JLSOZTI,X,X,X
JLSOZIT,X,X,X
JLZTISO,O,X,O
JLZTIOS,O,X,X
JLZTSIO,O,X,O
JLZTSOI,O,X,X
JLZTOIS,O,X,X
JLZTOSI,O,X,X
JLZITSO,O,X,O
JLZITOS,O,X,X
JLZISTO,O,X,O
JLZISOT,O,X,X
JLZIOTS,O,X,X
JLZIOST,O,X,X
JLZSTIO,O,X,O
JLZSTOI,O,X,X
JLZSITO,O,X,O
JLZSIOT,O,X,X
JLZSOTI,O,X,X
JLZSOIT,O,X,X
JLZOTIS,O,X,X
JLZOTSI,O,X,X
JLZOITS,O,X,X
JLZOIST,O,X,X
JLZOSTI,O,X,X
JLZOSIT,O,X,X
JLOTISZ,X,X,X
JLOTIZS,X,X,X
JLOTSIZ,X,X,X
JLOTSZI,X,X,X
JLOTZIS,X,X,X
JLOTZSI,X,X,X
JLOITSZ,X,X,X
JLOITZS,X,X,X
JLOISTZ,X,X,X
JLOISZT,X,X,X
JLOIZTS,X,X,X
JLOIZST,X,X,X
JLOSTIZ,X,X,X
JLOSTZI,X,X,X
JLOSITZ,X,X,X
JLOSIZT,X,X,X
JLOSZTI,X,X,X
JLOSZIT,X,X,X
JLOZTIS,X,X,X
JLOZTSI,X,X,X
JLOZITS,X,X,X
JLOZIST,X,X,X
JLOZSTI,X,X,X
JLOZSIT,X,X,X
JSTILZO,X,X,X
JSTILOZ,X,X,X
JSTIZLO,X,X,X
JSTIZOL,X,X,X
JSTIOLZ,X,O,X
JSTIOZL,X,X,X
JSTLIZO,X,X,X
JSTLIOZ,X,X,X
JSTLZIO,X,X,X
JSTLZOI,X,X,X
JSTLOIZ,X,X,X
JSTLOZI,X,X,X
JSTZILO,X,X,X
JSTZIOL,X,X,X
JSTZLIO,X,X,X
JSTZLOI,X,X,X
JSTZOIL,X,X,X
JSTZOLI,X,X,X
JSTOILZ,X,O,X
JSTOIZL,X,X,X
JSTOLIZ,X,O,X
JSTOLZI,X,X,X
JSTOZIL,X,X,X
JSTOZLI,X,X,X
JSITLZO,X,X,X
JSITLOZ,X,X,X
JSITZLO,X,X,X
JSITZOL,X,X,X
JSITOLZ,X,O,X
JSITOZL,X,X,X
JSILTZO,X,X,O
JSILTOZ,X,X,X
JSILZTO,X,X,O
JSILZOT,X,X,X
JSILOTZ,X,X,X
JSILOZT,X,X,X
JSIZTLO,X,X,O
JSIZTOL,X,X,X
JSIZLTO,X,X,O
JSIZLOT,X,X,X
JSIZOTL,X,X,X
JSIZOLT,X,X,X
JSIOTLZ,X,O,X
JSIOTZL,X,X,X
JSIOLTZ,X,O,X
JSIOLZT,X,X,X
JSIOZTL,X,X,X
JSIOZLT,X,X,X
JSLTIZO,X,X,O
JSLTIOZ,X,X,X
JSLTZIO,X,X,O
JSLTZOI,X,X,X
JSLTOIZ,X,X,X
JSLTOZI,X,X,X
JSLITZO,X,X,O
JSLITOZ,X,X,X
JSLIZTO,X,X,O
JSLIZOT,X,X,X
JSLIOTZ,X,X,X
JSLIOZT,X,X,X
JSLZTIO,X,X,O
JSLZTOI,X,X,X
JSLZITO,X,X,O
JSLZIOT,X,X,X
JSLZOTI,X,X,X
JSLZOIT,X,X,X
JSLOTIZ,X,X,X
JSLOTZI,X,X,X
JSLOITZ,X,X,X
JSLOIZT,X,X,X
JSLOZTI,X,X,X
JSLOZIT,X,X,X
JSZTILO,X,X,O
JSZTIOL,X,X,X
JSZTLIO,X,X,X
JSZTLOI,X,X,X
JSZTOIL,X,X,X
JSZTOLI,X,X,X
JSZITLO,X,X,O
JSZITOL,X,X,X
JSZILTO,X,X,O
JSZILOT,X,X,X
JSZIOTL,X,X,X
JSZIOLT,X,X,X
JSZLTIO,X,X,O
JSZLTOI,X,X,X
JSZLITO,X,X,O
JSZLIOT,X,X,X
JSZLOTI,X,X,X
JSZLOIT,X,X,X
JSZOTIL,X,X,X
JSZOTLI,X,X,X
JSZOITL,X,X,X
JSZOILT,X,X,X
JSZOLTI,X,X,X
JSZOLIT,X,X,X
JSOTILZ,X,O,X
JSOTIZL,X,X,X
JSOTLIZ,X,O,X
JSOTLZI,X,X,X
JSOTZIL,X,X,X
JSOTZLI,X,X,X
JSOITLZ,X,O,X
JSOITZL,X,X,X
JSOILTZ,X,O,X
JSOILZT,X,X,X
JSOIZTL,X,X,X
JSOIZLT,X,X,X
JSOLTIZ,X,O,X
JSOLTZI,X,X,X
JSOLITZ,X,O,X
JSOLIZT,X,X,X
JSOLZTI,X,X,X
JSOLZIT,X,X,X
JSOZTIL,X,X,X
JSOZTLI,X,X,X
JSOZITL,X,X,X
JSOZILT,X,X,X
JSOZLTI,X,X,X
JSOZLIT,X,X,X
JZTILSO,O,X,X
JZTILOS,O,X,X
JZTISLO,X,X,O
JZTISOL,X,X,X
JZTIOLS,O,X,X
JZTIOSL,X,X,X
JZTLISO,O,X,X
JZTLIOS,O,X,X
JZTLSIO,O,X,X
JZTLSOI,O,X,X
JZTLOIS,O,X,X
JZTLOSI,O,X,X
JZTSILO,X,X,O
JZTSIOL,X,X,X
JZTSLIO,X,X,X
JZTSLOI,X,X,X
JZTSOIL,X,X,X
JZTSOLI,X,X,X
JZTOILS,O,X,X
JZTOISL,X,X,X
JZTOLIS,O,X,X
JZTOLSI,O,X,X
JZTOSIL,X,X,X
JZTOSLI,X,X,X
JZITLSO,O,X,X
JZITLOS,O,X,X
JZITSLO,X,X,O
JZITSOL,X,X,X
JZITOLS,O,X,X
JZITOSL,X,X,X
JZILTSO,O,X,O
JZILTOS,O,X,X
JZILSTO,O,X,O
JZILSOT,O,X,X
JZILOTS,O,X,X
JZILOST,O,X,X
JZISTLO,X,X,O
JZISTOL,X,X,X
JZISLTO,X,X,O
JZISLOT,X,X,X
JZISOTL,X,X,X
JZISOLT,X,X,X
JZIOTLS,O,X,X
JZIOTSL,X,X,X
JZIOLTS,O,X,X
JZIOLST,O,X,X
JZIOSTL,X,X,X
JZIOSLT,X,X,X
JZLTISO,O,X,O
JZLTIOS,O,X,X
JZLTSIO,O,X,O
JZLTSOI,O,X,X
JZLTOIS,O,X,X
JZLTOSI,O,X,X
JZLITSO,O,X,O
JZLITOS,O,X,X
JZLISTO,O,X,O
JZLISOT,O,X,X
JZLIOTS,O,X,X
JZLIOST,O,X,X
JZLSTIO,O,X,O
JZLSTOI,O,X,X
JZLSITO,O,X,O
JZLSIOT,O,X,X
JZLSOTI,O,X,X
JZLSOIT,O,X,X
JZLOTIS,O,X,X
JZLOTSI,O,X,X
JZLOITS,O,X,X
JZLOIST,O,X,X
JZLOSTI,O,X,X
JZLOSIT,O,X,X
JZSTILO,X,X,O
JZSTIOL,X,X,X
JZSTLIO,X,X,X
JZSTLOI,X,X,X
JZSTOIL,X,X,X
JZSTOLI,X,X,X
JZSITLO,X,X,O
JZSITOL,X,X,X
JZSILTO,X,X,O
JZSILOT,X,X,X
JZSIOTL,X,X,X
JZSIOLT,X,X,X
JZSLTIO,X,X,O
JZSLTOI,X,X,X
JZSLITO,X,X,O
JZSLIOT,X,X,X
JZSLOTI,X,X,X
JZSLOIT,X,X,X
JZSOTIL,X,X,X
JZSOTLI,X,X,X
JZSOITL,X,X,X
JZSOILT,X,X,X
JZSOLTI,X,X,X
JZSOLIT,X,X,X
JZOTILS,O,X,X
JZOTISL,X,X,X
JZOTLIS,O,X,X
JZOTLSI,O,X,X
JZOTSIL,X,X,X
JZOTSLI,X,X,X
JZOITLS,O,X,X
JZOITSL,X,X,X
JZOILTS,O,X,X
JZOILST,O,X,X
JZOISTL,X,X,X
JZOISLT,X,X,X
JZOLTIS,O,X,X
JZOLTSI,O,X,X
JZOLITS,O,X,X
JZOLIST,O,X,X
JZOLSTI,O,X,X
JZOLSIT,O,X,X
JZOSTIL,X,X,X
JZOSTLI,X,X,X
JZOSITL,X,X,X
JZOSILT,X,X,X
JZOSLTI,X,X,X
JZOSLIT,X,X,X
JOTILSZ,X,O,X
JOTILZS,X,X,X
JOTISLZ,X,O,X
JOTISZL,X,X,X
JOTIZLS,X,X,X
JOTIZSL,X,X,X
JOTLISZ,X,O,X
JOTLIZS,X,X,X
JOTLSIZ,X,O,X
JOTLSZI,X,X,X
JOTLZIS,X,X,X
JOTLZSI,X,X,X
JOTSILZ,X,O,X
JOTSIZL,X,X,X
JOTSLIZ,X,O,X
JOTSLZI,X,X,X
JOTSZIL,X,X,X
JOTSZLI,X,X,X
JOTZILS,X,X,X
JOTZISL,X,X,X
JOTZLIS,X,X,X
JOTZLSI,X,X,X
JOTZSIL,X,X,X
JOTZSLI,X,X,X
JOITLSZ,X,O,X
JOITLZS,X,X,X
JOITSLZ,X,O,X
JOITSZL,X,X,X
JOITZLS,X,X,X
JOITZSL,X,X,X
JOILTSZ,X,O,X
JOILTZS,X,X,X
JOILSTZ,X,O,X
JOILSZT,X,X,X
JOILZTS,X,X,X
JOILZST,X,X,X
JOISTLZ,X,O,X
JOISTZL,X,X,X
JOISLTZ,X,O,X
JOISLZT,X,X,X
JOISZTL,X,X,X
JOISZLT,X,X,X
JOIZTLS,X,X,X
JOIZTSL,X,X,X
JOIZLTS,X,X,X
JOIZLST,X,X,X
JOIZSTL,X,X,X
JOIZSLT,X,X,X
JOLTISZ,X,O,X
JOLTIZS,X,X,X
JOLTSIZ,X,O,X
JOLTSZI,X,X,X
JOLTZIS,X,X,X
JOLTZSI,X,X,X
JOLITSZ,X,O,X
JOLITZS,X,X,X
JOLISTZ,X,O,X
JOLISZT,X,X,X
JOLIZTS,X,X,X
JOLIZST,X,X,X
JOLSTIZ,X,O,X
JOLSTZI,X,X,X
JOLSITZ,X,O,X
JOLSIZT,X,X,X
JOLSZTI,X,X,X
JOLSZIT,X,X,X
JOLZTIS,X,X,X
JOLZTSI,X,X,X
JOLZITS,X,X,X
JOLZIST,X,X,X
JOLZSTI,X,X,X
JOLZSIT,X,X,X
JOSTILZ,X,O,X
JOSTIZL,X,X,X
JOSTLIZ,X,O,X
JOSTLZI,X,X,X
JOSTZIL,X,X,X
JOSTZLI,X,X,X
JOSITLZ,X,O,X
JOSITZL,X,X,X
JOSILTZ,X,O,X
JOSILZT,X,X,X
JOSIZTL,X,X,X
JOSIZLT,X,X,X
JOSLTIZ,X,O,X
JOSLTZI,X,X,X
JOSLITZ,X,O,X
JOSLIZT,X,X,X
JOSLZTI,X,X,X
JOSLZIT,X,X,X
JOSZTIL,X,X,X
JOSZTLI,X,X,X
JOSZITL,X,X,X
JOSZILT,X,X,X
JOSZLTI,X,X,X
JOSZLIT,X,X,X
JOZTILS,X,X,X
JOZTISL,X,X,X
JOZTLIS,X,X,X
JOZTLSI,X,X,X
JOZTSIL,X,X,X
JOZTSLI,X,X,X
JOZITLS,X,X,X
JOZITSL,X,X,X
JOZILTS,X,X,X
JOZILST,X,X,X
JOZISTL,X,X,X
JOZISLT,X,X,X
JOZLTIS,X,X,X
JOZLTSI,X,X,X
JOZLITS,X,X,X
JOZLIST,X,X,X
JOZLSTI,X,X,X
JOZLSIT,X,X,X
JOZSTIL,X,X,X
JOZSTLI,X,X,X
JOZSITL,X,X,X
JOZSILT,X,X,X
JOZSLTI,X,X,X
JOZSLIT,X,X,X
STILJZO,X,X,X
STILJOZ,X,X,X
STILZJO,X,X,X
STILZOJ,X,X,X
STILOJZ,X,X,X
STILOZJ,X,X,X
STIJLZO,X,X,X
STIJLOZ,X,X,X
STIJZLO,X,X,X
STIJZOL,X,X,X
STIJOLZ,X,O,X
STIJOZL,X,X,X
STIZLJO,X,X,X
STIZLOJ,X,X,X
STIZJLO,X,X,X
STIZJOL,X,X,X
STIZOLJ,X,X,X
STIZOJL,X,X,X
STIOLJZ,X,O,X
STIOLZJ,X,X,X
STIOJLZ,X,O,X
STIOJZL,X,X,X
STIOZLJ,X,X,X
STIOZJL,X,X,X
STLIJZO,X,X,X
STLIJOZ,X,X,X
STLIZJO,X,X,X
STLIZOJ,X,X,X
STLIOJZ,X,X,X
STLIOZJ,X,X,X
STLJIZO,X,X,X
STLJIOZ,X,X,X
STLJZIO,X,X,X
STLJZOI,X,X,X
STLJOIZ,X,X,X
STLJOZI,X,X,X
STLZIJO,X,X,X
STLZIOJ,X,X,X
STLZJIO,X,X,X
STLZJOI,X,X,X
STLZOIJ,X,X,X
STLZOJI,X,X,X
STLOIJZ,X,X,X
STLOIZJ,X,X,X
STLOJIZ,X,X,X
STLOJZI,X,X,X
STLOZIJ,X,X,X
STLOZJI,X,X,X
STJILZO,X,X,X
STJILOZ,X,X,X
STJIZLO,X,X,X
STJIZOL,X,X,X
STJIOLZ,X,O,X
STJIOZL,X,X,X
STJLIZO,X,X,X
STJLIOZ,X,X,X
STJLZIO,X,X,X
STJLZOI,X,X,X
STJLOIZ,X,X,X
STJLOZI,X,X,X
STJZILO,X,X,X
STJZIOL,X,X,X
STJZLIO,X,X,X
STJZLOI,X,X,X
STJZOIL,X,X,X
STJZOLI,X,X,X
STJOILZ,X,O,X
STJOIZL,X,X,X
STJOLIZ,X,O,X
STJOLZI,X,X,X
STJOZIL,X,X,X
STJOZLI,X,X,X
STZILJO,X,X,X
STZILOJ,X,X,X
STZIJLO,X,X,X
STZIJOL,X,X,X
STZIOLJ,X,X,X
STZIOJL,X,X,X
STZLIJO,X,X,X
STZLIOJ,X,X,X
STZLJIO,X,X,X
STZLJOI,X,X,X
STZLOIJ,X,X,X
STZLOJI,X,X,X
STZJILO,X,X,X
STZJIOL,X,X,X
STZJLIO,X,X,X
STZJLOI,X,X,X
STZJOIL,X,X,X
STZJOLI,X,X,X
STZOILJ,X,X,X
STZOIJL,X,X,X
STZOLIJ,X,X,X
STZOLJI,X,X,X
STZOJIL,X,X,X
STZOJLI,X,X,X
STOILJZ,X,O,X
STOILZJ,X,X,X
STOIJLZ,X,O,X
STOIJZL,X,X,X
STOIZLJ,X,X,X
STOIZJL,X,X,X
STOLIJZ,X,O,X
STOLIZJ,X,X,X
STOLJIZ,X,O,X
STOLJZI,X,X,X
STOLZIJ,X,X,X
STOLZJI,X,X,X
STOJILZ,X,O,X
STOJIZL,X,X,X
STOJLIZ,X,O,X
STOJLZI,X,X,X
STOJZIL,X,X,X
STOJZLI,X,X,X
STOZILJ,X,X,X
STOZIJL,X,X,X
STOZLIJ,X,X,X
STOZLJI,X,X,X
STOZJIL,X,X,X
STOZJLI,X,X,X
SITLJZO,X,X,X
SITLJOZ,X,X,X
SITLZJO,X,X,X
SITLZOJ,X,X,X
SITLOJZ,X,X,X
SITLOZJ,X,X,X
SITJLZO,X,X,X
SITJLOZ,X,X,X
SITJZLO,X,X,X
SITJZOL,X,X,X
SITJOLZ,X,O,X
SITJOZL,X,X,X
SITZLJO,X,X,X
SITZLOJ,X,X,X
SITZJLO,X,X,X
SITZJOL,X,X,X
SITZOLJ,X,X,X
SITZOJL,X,X,X
SITOLJZ,X,O,X
SITOLZJ,X,X,X
SITOJLZ,X,O,X
SITOJZL,X,X,X
SITOZLJ,X,X,X
SITOZJL,X,X,X
SILTJZO,X,X,O
SILTJOZ,X,X,X
SILTZJO,X,X,O
SILTZOJ,X,X,X
SILTOJZ,X,X,X
SILTOZJ,X,X,X
SILJTZO,X,X,O
SILJTOZ,X,X,X
SILJZTO,X,X,O
SILJZOT,X,X,X
SILJOTZ,X,X,X
SILJOZT,X,X,X
SILZTJO,X,X,O
SILZTOJ,X,X,X
SILZJTO,X,X,O
SILZJOT,X,X,X
SILZOTJ,X,X,X
SILZOJT,X,X,X
SILOTJZ,X,X,X
SILOTZJ,X,X,X
SILOJTZ,X,X,X
SILOJZT,X,X,X
SILOZTJ,X,X,X
SILOZJT,X,X,X
SIJTLZO,X,X,X
SIJTLOZ,X,X,X
SIJTZLO,X,X,X
SIJTZOL,X,X,X
SIJTOLZ,X,O,X
SIJTOZL,X,X,X
SIJLTZO,X,X,O
SIJLTOZ,X,X,X
SIJLZTO,X,X,O
SIJLZOT,X,X,X
SIJLOTZ,X,X,X
SIJLOZT,X,X,X
SIJZTLO,X,X,O
SIJZTOL,X,X,X
SIJZLTO,X,X,O
SIJZLOT,X,X,X
SIJZOTL,X,X,X
SIJZOLT,X,X,X
SIJOTLZ,X,O,X
SIJOTZL,X,X,X
SIJOLTZ,X,O,X
SIJOLZT,X,X,X
SIJOZTL,X,X,X
SIJOZLT,X,X,X
SIZTLJO,X,X,X
SIZTLOJ,X,X,X
SIZTJLO,X,X,O
SIZTJOL,X,X,X
SIZTOLJ,X,X,X
SIZTOJL,X,X,X
SIZLTJO,X,X,O
SIZLTOJ,X,X,X
SIZLJTO,X,X,O
SIZLJOT,X,X,X
SIZLOTJ,X,X,X
SIZLOJT,X,X,X
SIZJTLO,X,X,O
SIZJTOL,X,X,X
SIZJLTO,X,X,O
SIZJLOT,X,X,X
SIZJOTL,X,X,X
SIZJOLT,X,X,X
SIZOTLJ,X,X,X
SIZOTJL,X,X,X
SIZOLTJ,X,X,X
SIZOLJT,X,X,X
SIZOJTL,X,X,X
SIZOJLT,X,X,X
SIOTLJZ,X,O,X
SIOTLZJ,X,X,X
SIOTJLZ,X,O,X
SIOTJZL,X,X,X
SIOTZLJ,X,X,X
SIOTZJL,X,X,X
SIOLTJZ,X,O,X
SIOLTZJ,X,X,X
SIOLJTZ,X,O,X
SIOLJZT,X,X,X
SIOLZTJ,X,X,X
SIOLZJT,X,X,X
SIOJTLZ,X,O,X
SIOJTZL,X,X,X
SIOJLTZ,X,O,X
SIOJLZT,X,X,X
SIOJZTL,X,X,X
SIOJZLT,X,X,X
SIOZTLJ,X,X,X
SIOZTJL,X,X,X
SIOZLTJ,X,X,X
SIOZLJT,X,X,X
SIOZJTL,X,X,X
SIOZJLT,X,X,X
SLTIJZO,X,X,O
SLTIJOZ,X,X,X
SLTIZJO,X,X,O
SLTIZOJ,X,X,X
SLTIOJZ,X,X,X
SLTIOZJ,X,X,X
SLTJIZO,X,X,O
SLTJIOZ,X,X,X
SLTJZIO,X,X,O
SLTJZOI,X,X,X
SLTJOIZ,X,X,X
SLTJOZI,X,X,X
SLTZIJO,X,X,O
SLTZIOJ,X,X,X
SLTZJIO,X,X,O
SLTZJOI,X,X,X
SLTZOIJ,X,X,X
SLTZOJI,X,X,X
SLTOIJZ,X,X,X
SLTOIZJ,X,X,X
SLTOJIZ,X,X,X
SLTOJZI,X,X,X
SLTOZIJ,X,X,X
SLTOZJI,X,X,X
SLITJZO,X,X,O
SLITJOZ,X,X,X
SLITZJO,X,X,O
SLITZOJ,X,X,X
SLITOJZ,X,X,X
SLITOZJ,X,X,X
SLIJTZO,X,X,O
SLIJTOZ,X,X,X
SLIJZTO,X,X,O
SLIJZOT,X,X,X
SLIJOTZ,X,X,X
SLIJOZT,X,X,X
SLIZTJO,X,X,O
SLIZTOJ,X,X,X
SLIZJTO,X,X,O
SLIZJOT,X,X,X
SLIZOTJ,X,X,X
SLIZOJT,X,X,X
SLIOTJZ,X,X,X
SLIOTZJ,X,X,X
SLIOJTZ,X,X,X
SLIOJZT,X,X,X
SLIOZTJ,X,X,X
SLIOZJT,X,X,X
SLJTIZO,X,X,O
SLJTIOZ,X,X,X
SLJTZIO,X,X,O
SLJTZOI,X,X,X
SLJTOIZ,X,X,X
SLJTOZI,X,X,X
SLJITZO,X,X,O
SLJITOZ,X,X,X
SLJIZTO,X,X,O
SLJIZOT,X,X,X
SLJIOTZ,X,X,X
SLJIOZT,X,X,X
SLJZTIO,X,X,O
SLJZTOI,X,X,X
SLJZITO,X,X,O
SLJZIOT,X,X,X
SLJZOTI,X,X,X
SLJZOIT,X,X,X
SLJOTIZ,X,X,X
SLJOTZI,X,X,X
SLJOITZ,X,X,X
SLJOIZT,X,X,X
SLJOZTI,X,X,X
SLJOZIT,X,X,X
SLZTIJO,X,X,O
SLZTIOJ,X,X,X
SLZTJIO,X,X,O
SLZTJOI,X,X,X
SLZTOIJ,X,X,X
SLZTOJI,X,X,X
SLZITJO,X,X,O
SLZITOJ,X,X,X
SLZIJTO,X,X,O
SLZIJOT,X,X,X
SLZIOTJ,X,X,X
SLZIOJT,X,X,X
SLZJTIO,X,X,O
SLZJTOI,X,X,X
SLZJITO,X,X,O
SLZJIOT,X,X,X
SLZJOTI,X,X,X
SLZJOIT,X,X,X
SLZOTIJ,X,X,X
SLZOTJI,X,X,X
SLZOITJ,X,X,X
SLZOIJT,X,X,X
SLZOJTI,X,X,X
SLZOJIT,X,X,X
SLOTIJZ,X,X,X
SLOTIZJ,X,X,X
SLOTJIZ,X,X,X
SLOTJZI,X,X,X
SLOTZIJ,X,X,X
SLOTZJI,X,X,X
SLOITJZ,X,X,X
SLOITZJ,X,X,X
SLOIJTZ,X,X,X
SLOIJZT,X,X,X
SLOIZTJ,X,X,X
SLOIZJT,X,X,X
SLOJTIZ,X,X,X
SLOJTZI,X,X,X
SLOJITZ,X,X,X
SLOJIZT,X,X,X
SLOJZTI,X,X,X
SLOJZIT,X,X,X
SLOZTIJ,X,X,X
SLOZTJI,X,X,X
SLOZITJ,X,X,X
SLOZIJT,X,X,X
SLOZJTI,X,X,X
SLOZJIT,X,X,X
SJTILZO,X,X,X
SJTILOZ,X,X,X
SJTIZLO,X,X,X
SJTIZOL,X,X,X
SJTIOLZ,X,O,X
SJTIOZL,X,X,X
SJTLIZO,X,X,X
SJTLIOZ,X,X,X
SJTLZIO,X,X,X
SJTLZOI,X,X,X
SJTLOIZ,X,X,X
SJTLOZI,X,X,X
SJTZILO,X,X,X
SJTZIOL,X,X,X
SJTZLIO,X,X,X
SJTZLOI,X,X,X
SJTZOIL,X,X,X
SJTZOLI,X,X,X
SJTOILZ,X,O,X
SJTOIZL,X,X,X
SJTOLIZ,X,O,X
SJTOLZI,X,X,X
SJTOZIL,X,X,X
SJTOZLI,X,X,X
SJITLZO,X,X,X
SJITLOZ,X,X,X
SJITZLO,X,X,X
SJITZOL,X,X,X
SJITOLZ,X,O,X
SJITOZL,X,X,X
SJILTZO,X,X,O
SJILTOZ,X,X,X
SJILZTO,X,X,O
SJILZOT,X,X,X
SJILOTZ,X,X,X
SJILOZT,X,X,X
SJIZTLO,X,X,O
SJIZTOL,X,X,X
SJIZLTO,X,X,O
SJIZLOT,X,X,X
SJIZOTL,X,X,X
SJIZOLT,X,X,X
SJIOTLZ,X,O,X
SJIOTZL,X,X,X
SJIOLTZ,X,O,X
SJIOLZT,X,X,X
SJIOZTL,X,X,X
SJIOZLT,X,X,X
SJLTIZO,X,X,O
SJLTIOZ,X,X,X
SJLTZIO,X,X,O
SJLTZOI,X,X,X
SJLTOIZ,X,X,X
SJLTOZI,X,X,X
SJLITZO,X,X,O
SJLITOZ,X,X,X
SJLIZTO,X,X,O
SJLIZOT,X,X,X
SJLIOTZ,X,X,X
SJLIOZT,X,X,X
SJLZTIO,X,X,O
SJLZTOI,X,X,X
SJLZITO,X,X,O
SJLZIOT,X,X,X
SJLZOTI,X,X,X
SJLZOIT,X,X,X
SJLOTIZ,X,X,X
SJLOTZI,X,X,X
SJLOITZ,X,X,X
SJLOIZT,X,X,X
SJLOZTI,X,X,X
SJLOZIT,X,X,X
SJZTILO,X,X,O
SJZTIOL,X,X,X
SJZTLIO,X,X,X
SJZTLOI,X,X,X
SJZTOIL,X,X,X
SJZTOLI,X,X,X
SJZITLO,X,X,O
SJZITOL,X,X,X
SJZILTO,X,X,O
SJZILOT,X,X,X
SJZIOTL,X,X,X
SJZIOLT,X,X,X
SJZLTIO,X,X,O
SJZLTOI,X,X,X
SJZLITO,X,X,O
SJZLIOT,X,X,X
SJZLOTI,X,X,X
SJZLOIT,X,X,X
SJZOTIL,X,X,X
SJZOTLI,X,X,X
SJZOITL,X,X,X
SJZOILT,X,X,X
SJZOLTI,X,X,X
SJZOLIT,X,X,X
SJOTILZ,X,O,X
SJOTIZL,X,X,X
SJOTLIZ,X,O,X
SJOTLZI,X,X,X
SJOTZIL,X,X,X
SJOTZLI,X,X,X
SJOITLZ,X,O,X
SJOITZL,X,X,X
SJOILTZ,X,O,X
SJOILZT,X,X,X
SJOIZTL,X,X,X
SJOIZLT,X,X,X
SJOLTIZ,X,O,X
SJOLTZI,X,X,X
SJOLITZ,X,O,X
SJOLIZT,X,X,X
SJOLZTI,X,X,X
SJOLZIT,X,X,X
SJOZTIL,X,X,X
SJOZTLI,X,X,X
SJOZITL,X,X,X
SJOZILT,X,X,X
SJOZLTI,X,X,X
SJOZLIT,X,X,X
SZTILJO,X,X,X
SZTILOJ,X,X,X
SZTIJLO,X,X,O
SZTIJOL,X,X,X
SZTIOLJ,X,X,X
SZTIOJL,X,X,X
SZTLIJO,X,X,X
SZTLIOJ,X,X,X
SZTLJIO,X,X,X
SZTLJOI,X,X,X
SZTLOIJ,X,X,X
SZTLOJI,X,X,X
SZTJILO,X,X,O
SZTJIOL,X,X,X
SZTJLIO,X,X,X
SZTJLOI,X,X,X
SZTJOIL,X,X,X
SZTJOLI,X,X,X
SZTOILJ,X,X,X
SZTOIJL,X,X,X
SZTOLIJ,X,X,X
SZTOLJI,X,X,X
SZTOJIL,X,X,X
SZTOJLI,X,X,X
SZITLJO,X,X,X
SZITLOJ,X,X,X
SZITJLO,X,X,O
SZITJOL,X,X,X
SZITOLJ,X,X,X
SZITOJL,X,X,X
SZILTJO,X,X,O
SZILTOJ,X,X,X
SZILJTO,X,X,O
SZILJOT,X,X,X
SZILOTJ,X,X,X
SZILOJT,X,X,X
SZIJTLO,X,X,O
SZIJTOL,X,X,X
SZIJLTO,X,X,O
SZIJLOT,X,X,X
SZIJOTL,X,X,X
SZIJOLT,X,X,X
SZIOTLJ,X,X,X
SZIOTJL,X,X,X
SZIOLTJ,X,X,X
SZIOLJT,X,X,X
SZIOJTL,X,X,X
SZIOJLT,X,X,X
SZLTIJO,X,X,O
SZLTIOJ,X,X,X
SZLTJIO,X,X,O
SZLTJOI,X,X,X
SZLTOIJ,X,X,X
SZLTOJI,X,X,X
SZLITJO,X,X,O
SZLITOJ,X,X,X
SZLIJTO,X,X,O
SZLIJOT,X,X,X
SZLIOTJ,X,X,X
SZLIOJT,X,X,X
SZLJTIO,X,X,O
SZLJTOI,X,X,X
SZLJITO,X,X,O
SZLJIOT,X,X,X
SZLJOTI,X,X,X
SZLJOIT,X,X,X
SZLOTIJ,X,X,X
SZLOTJI,X,X,X
SZLOITJ,X,X,X
SZLOIJT,X,X,X
SZLOJTI,X,X,X
SZLOJIT,X,X,X
SZJTILO,X,X,O
SZJTIOL,X,X,X
SZJTLIO,X,X,X
SZJTLOI,X,X,X
SZJTOIL,X,X,X
SZJTOLI,X,X,X
SZJITLO,X,X,O
SZJITOL,X,X,X
SZJILTO,X,X,O
SZJILOT,X,X,X
SZJIOTL,X,X,X
SZJIOLT,X,X,X
SZJLTIO,X,X,O
SZJLTOI,X,X,X
SZJLITO,X,X,O
SZJLIOT,X,X,X
SZJLOTI,X,X,X
SZJLOIT,X,X,X
SZJOTIL,X,X,X
SZJOTLI,X,X,X
SZJOITL,X,X,X
SZJOILT,X,X,X
SZJOLTI,X,X,X
SZJOLIT,X,X,X
SZOTILJ,X,X,X
SZOTIJL,X,X,X
SZOTLIJ,X,X,X
SZOTLJI,X,X,X
SZOTJIL,X,X,X
SZOTJLI,X,X,X
SZOITLJ,X,X,X
SZOITJL,X,X,X
SZOILTJ,X,X,X
SZOILJT,X,X,X
SZOIJTL,X,X,X
SZOIJLT,X,X,X
SZOLTIJ,X,X,X
SZOLTJI,X,X,X
SZOLITJ,X,X,X
SZOLIJT,X,X,X
SZOLJTI,X,X,X
SZOLJIT,X,X,X
SZOJTIL,X,X,X
SZOJTLI,X,X,X
SZOJITL,X,X,X
SZOJILT,X,X,X
SZOJLTI,X,X,X
SZOJLIT,X,X,X
SOTILJZ,X,O,X
SOTILZJ,X,X,X
SOTIJLZ,X,O,X
SOTIJZL,X,X,X
SOTIZLJ,X,X,X
SOTIZJL,X,X,X
SOTLIJZ,X,O,X
SOTLIZJ,X,X,X
SOTLJIZ,X,O,X
SOTLJZI,X,X,X
SOTLZIJ,X,X,X
SOTLZJI,X,X,X
SOTJILZ,X,O,X
SOTJIZL,X,X,X
SOTJLIZ,X,O,X
SOTJLZI,X,X,X
SOTJZIL,X,X,X
SOTJZLI,X,X,X
SOTZILJ,X,X,X
SOTZIJL,X,X,X
SOTZLIJ,X,X,X
SOTZLJI,X,X,X
SOTZJIL,X,X,X
SOTZJLI,X,X,X
SOITLJZ,X,O,X
SOITLZJ,X,X,X
SOITJLZ,X,O,X
SOITJZL,X,X,X
SOITZLJ,X,X,X
SOITZJL,X,X,X
SOILTJZ,X,O,X
SOILTZJ,X,X,X
SOILJTZ,X,O,X
SOILJZT,X,X,X
SOILZTJ,X,X,X
SOILZJT,X,X,X
SOIJTLZ,X,O,X
SOIJTZL,X,X,X
SOIJLTZ,X,O,X
SOIJLZT,X,X,X
SOIJZTL,X,X,X
SOIJZLT,X,X,X
SOIZTLJ,X,X,X
SOIZTJL,X,X,X
SOIZLTJ,X,X,X
SOIZLJT,X,X,X
SOIZJTL,X,X,X
SOIZJLT,X,X,X
SOLTIJZ,X,O,X
SOLTIZJ,X,X,X
SOLTJIZ,X,O,X
SOLTJZI,X,X,X
SOLTZIJ,X,X,X
SOLTZJI,X,X,X
SOLITJZ,X,O,X
SOLITZJ,X,X,X
SOLIJTZ,X,O,X
SOLIJZT,X,X,X
SOLIZTJ,X,X,X
SOLIZJT,X,X,X
SOLJTIZ,X,O,X
SOLJTZI,X,X,X
SOLJITZ,X,O,X
SOLJIZT,X,X,X
SOLJZTI,X,X,X
SOLJZIT,X,X,X
SOLZTIJ,X,X,X
SOLZTJI,X,X,X
SOLZITJ,X,X,X
SOLZIJT,X,X,X
SOLZJTI,X,X,X
SOLZJIT,X,X,X
SOJTILZ,X,O,X
SOJTIZL,X,X,X
SOJTLIZ,X,O,X
SOJTLZI,X,X,X
SOJTZIL,X,X,X
SOJTZLI,X,X,X
SOJITLZ,X,O,X
SOJITZL,X,X,X
SOJILTZ,X,O,X
SOJILZT,X,X,X
SOJIZTL,X,X,X
SOJIZLT,X,X,X
SOJLTIZ,X,O,X
SOJLTZI,X,X,X
SOJLITZ,X,O,X
SOJLIZT,X,X,X
SOJLZTI,X,X,X
SOJLZIT,X,X,X
SOJZTIL,X,X,X
SOJZTLI,X,X,X
SOJZITL,X,X,X
SOJZILT,X,X,X
SOJZLTI,X,X,X
SOJZLIT,X,X,X
SOZTILJ,X,X,X
SOZTIJL,X,X,X
SOZTLIJ,X,X,X
SOZTLJI,X,X,X
SOZTJIL,X,X,X
SOZTJLI,X,X,X
SOZITLJ,X,X,X
SOZITJL,X,X,X
SOZILTJ,X,X,X
SOZILJT,X,X,X
SOZIJTL,X,X,X
SOZIJLT,X,X,X
SOZLTIJ,X,X,X
SOZLTJI,X,X,X
SOZLITJ,X,X,X
SOZLIJT,X,X,X
SOZLJTI,X,X,X
SOZLJIT,X,X,X
SOZJTIL,X,X,X
SOZJTLI,X,X,X
SOZJITL,X,X,X
SOZJILT,X,X,X
SOZJLTI,X,X,X
SOZJLIT,X,X,X
ZTILJSO,O,X,X
ZTILJOS,O,X,X
ZTILSJO,O,X,X
ZTILSOJ,O,X,X
ZTILOJS,O,X,X
ZTILOSJ,O,X,X
ZTIJLSO,O,X,X
ZTIJLOS,O,X,X
ZTIJSLO,X,X,O
ZTIJSOL,X,X,X
ZTIJOLS,O,X,X
ZTIJOSL,X,X,X
ZTISLJO,X,X,X
ZTISLOJ,X,X,X
ZTISJLO,X,X,O
ZTISJOL,X,X,X
ZTISOLJ,X,X,X
ZTISOJL,X,X,X
ZTIOLJS,O,X,X
ZTIOLSJ,O,X,X
ZTIOJLS,O,X,X
ZTIOJSL,X,X,O
ZTIOSLJ,X,X,X
ZTIOSJL,X,X,O
ZTLIJSO,O,X,X
ZTLIJOS,O,X,X
ZTLISJO,O,X,X
ZTLISOJ,O,X,X
ZTLIOJS,O,X,X
ZTLIOSJ,O,X,X
ZTLJISO,O,X,X
ZTLJIOS,O,X,X
ZTLJSIO,O,X,X
ZTLJSOI,O,X,X
ZTLJOIS,O,X,X
ZTLJOSI,O,X,X
ZTLSIJO,O,X,X
ZTLSIOJ,O,X,X
ZTLSJIO,O,X,X
ZTLSJOI,O,X,X
ZTLSOIJ,O,X,X
ZTLSOJI,O,X,X
ZTLOIJS,O,X,X
ZTLOISJ,O,X,X
ZTLOJIS,O,X,X
ZTLOJSI,O,X,X
ZTLOSIJ,O,X,X
ZTLOSJI,O,X,X
ZTJILSO,O,X,X
ZTJILOS,O,X,X
ZTJISLO,X,X,O
ZTJISOL,X,X,X
ZTJIOLS,O,X,X
ZTJIOSL,X,X,X
ZTJLISO,O,X,X
ZTJLIOS,O,X,X
ZTJLSIO,O,X,X
ZTJLSOI,O,X,X
ZTJLOIS,O,X,X
ZTJLOSI,O,X,X
ZTJSILO,X,X,O
ZTJSIOL,X,X,X
ZTJSLIO,X,X,X
ZTJSLOI,X,X,X
ZTJSOIL,X,X,X
ZTJSOLI,X,X,X
ZTJOILS,O,X,X
ZTJOISL,X,X,X
ZTJOLIS,O,X,X
ZTJOLSI,O,X,X
ZTJOSIL,X,X,X
ZTJOSLI,X,X,X
ZTSILJO,X,X,X
ZTSILOJ,X,X,X
ZTSIJLO,X,X,O
ZTSIJOL,X,X,X
ZTSIOLJ,X,X,X
ZTSIOJL,X,X,X
ZTSLIJO,X,X,X
ZTSLIOJ,X,X,X
ZTSLJIO,X,X,X
ZTSLJOI,X,X,X
ZTSLOIJ,X,X,X
ZTSLOJI,X,X,X
ZTSJILO,X,X,O
ZTSJIOL,X,X,X
ZTSJLIO,X,X,X
ZTSJLOI,X,X,X
ZTSJOIL,X,X,X
ZTSJOLI,X,X,X
ZTSOILJ,X,X,X
ZTSOIJL,X,X,X
ZTSOLIJ,X,X,X
ZTSOLJI,X,X,X
ZTSOJIL,X,X,X
ZTSOJLI,X,X,X
ZTOILJS,O,X,X
ZTOILSJ,O,X,X
ZTOIJLS,O,X,X
ZTOIJSL,X,X,O
ZTOISLJ,X,X,X
ZTOISJL,X,X,O
ZTOLIJS,O,X,X
ZTOLISJ,O,X,X
ZTOLJIS,O,X,X
ZTOLJSI,O,X,X
ZTOLSIJ,O,X,X
ZTOLSJI,O,X,X
ZTOJILS,O,X,X
ZTOJISL,X,X,O
ZTOJLIS,O,X,X
ZTOJLSI,O,X,X
ZTOJSIL,X,X,O
ZTOJSLI,X,X,X
ZTOSILJ,X,X,X
ZTOSIJL,X,X,O
ZTOSLIJ,X,X,X
ZTOSLJI,X,X,X
ZTOSJIL,X,X,O
ZTOSJLI,X,X,X
ZITLJSO,O,X,X
ZITLJOS,O,X,X
ZITLSJO,O,X,X
ZITLSOJ,O,X,X
ZITLOJS,O,X,X
ZITLOSJ,O,X,X
ZITJLSO,O,X,X
ZITJLOS,O,X,X
ZITJSLO,X,X,O
ZITJSOL,X,X,X
ZITJOLS,O,X,X
ZITJOSL,X,X,X
ZITSLJO,X,X,X
ZITSLOJ,X,X,X
ZITSJLO,X,X,O
ZITSJOL,X,X,X
ZITSOLJ,X,X,X
ZITSOJL,X,X,X
ZITOLJS,O,X,X
ZITOLSJ,O,X,X
ZITOJLS,O,X,X
ZITOJSL,X,X,O
ZITOSLJ,X,X,X
ZITOSJL,X,X,O
ZILTJSO,O,X,O
ZILTJOS,O,X,X
ZILTSJO,O,X,O
ZILTSOJ,O,X,X
ZILTOJS,O,X,O
ZILTOSJ,O,X,O
ZILJTSO,O,X,O
ZILJTOS,O,X,X
ZILJSTO,O,X,O
ZILJSOT,O,X,X
ZILJOTS,O,X,X
ZILJOST,O,X,X
ZILSTJO,O,X,O
ZILSTOJ,O,X,X
ZILSJTO,O,X,O
ZILSJOT,O,X,X
ZILSOTJ,O,X,X
ZILSOJT,O,X,X
ZILOTJS,O,X,O
ZILOTSJ,O,X,O
ZILOJTS,O,X,O
ZILOJST,O,X,O
ZILOSTJ,O,X,O
ZILOSJT,O,X,O
ZIJTLSO,O,X,X
ZIJTLOS,O,X,X
ZIJTSLO,X,X,O
ZIJTSOL,X,X,X
ZIJTOLS,O,X,X
ZIJTOSL,X,X,X
ZIJLTSO,O,X,O
ZIJLTOS,O,X,X
ZIJLSTO,O,X,O
ZIJLSOT,O,X,X
ZIJLOTS,O,X,X
ZIJLOST,O,X,X
ZIJSTLO,X,X,O
ZIJSTOL,X,X,X
ZIJSLTO,X,X,O
ZIJSLOT,X,X,X
ZIJSOTL,X,X,X
ZIJSOLT,X,X,X
ZIJOTLS,O,X,X
ZIJOTSL,X,X,X
ZIJOLTS,O,X,X
ZIJOLST,O,X,X
ZIJOSTL,X,X,X
ZIJOSLT,X,X,X
ZISTLJO,X,X,X
ZISTLOJ,X,X,X
ZISTJLO,X,X,O
ZISTJOL,X,X,X
ZISTOLJ,X,X,X
ZISTOJL,X,X,X
ZISLTJO,X,X,O
ZISLTOJ,X,X,X
ZISLJTO,X,X,O
ZISLJOT,X,X,X
ZISLOTJ,X,X,X
ZISLOJT,X,X,X
ZISJTLO,X,X,O
ZISJTOL,X,X,X
ZISJLTO,X,X,O
ZISJLOT,X,X,X
ZISJOTL,X,X,X
ZISJOLT,X,X,X
ZISOTLJ,X,X,X
ZISOTJL,X,X,X
ZISOLTJ,X,X,X
ZISOLJT,X,X,X
ZISOJTL,X,X,X
ZISOJLT,X,X,X
ZIOTLJS,O,X,X
ZIOTLSJ,O,X,X
ZIOTJLS,O,X,X
ZIOTJSL,X,X,O
ZIOTSLJ,X,X,X
ZIOTSJL,X,X,O
ZIOLTJS,O,X,O
ZIOLTSJ,O,X,O
ZIOLJTS,O,X,O
ZIOLJST,O,X,O
ZIOLSTJ,O,X,O
ZIOLSJT,O,X,O
ZIOJTLS,O,X,X
ZIOJTSL,X,X,O
ZIOJLTS,O,X,O
ZIOJLST,O,X,O
ZIOJSTL,X,X,O
ZIOJSLT,X,X,O
ZIOSTLJ,X,X,X
ZIOSTJL,X,X,O
ZIOSLTJ,X,X,O
ZIOSLJT,X,X,O
ZIOSJTL,X,X,O
ZIOSJLT,X,X,O
ZLTIJSO,O,X,O
ZLTIJOS,O,X,X
ZLTISJO,O,X,O
ZLTISOJ,O,X,X
ZLTIOJS,O,X,O
ZLTIOSJ,O,X,O
ZLTJISO,O,X,O
ZLTJIOS,O,X,X
ZLTJSIO,O,X,O
ZLTJSOI,O,X,X
ZLTJOIS,O,X,X
ZLTJOSI,O,X,X
ZLTSIJO,O,X,O
ZLTSIOJ,O,X,X
ZLTSJIO,O,X,O
ZLTSJOI,O,X,X
ZLTSOIJ,O,X,X
ZLTSOJI,O,X,X
ZLTOIJS,O,X,O
ZLTOISJ,O,X,O
ZLTOJIS,O,X,O
ZLTOJSI,O,X,O
ZLTOSIJ,O,X,O
ZLTOSJI,O,X,O
ZLITJSO,O,X,O
ZLITJOS,O,X,X
ZLITSJO,O,X,O
ZLITSOJ,O,X,X
ZLITOJS,O,X,O
ZLITOSJ,O,X,O
ZLIJTSO,O,X,O
ZLIJTOS,O,X,X
ZLIJSTO,O,X,O
ZLIJSOT,O,X,X
ZLIJOTS,O,X,X
ZLIJOST,O,X,X
ZLISTJO,O,X,O
ZLISTOJ,O,X,X
ZLISJTO,O,X,O
ZLISJOT,O,X,X
ZLISOTJ,O,X,X
ZLISOJT,O,X,X
ZLIOTJS,O,X,O
ZLIOTSJ,O,X,O
ZLIOJTS,O,X,O
ZLIOJST,O,X,O
ZLIOSTJ,O,X,O
ZLIOSJT,O,X,O
ZLJTISO,O,X,O
ZLJTIOS,O,X,X
ZLJTSIO,O,X,O
ZLJTSOI,O,X,X
ZLJTOIS,O,X,X
ZLJTOSI,O,X,X
ZLJITSO,O,X,O
ZLJITOS,O,X,X
ZLJISTO,O,X,O
ZLJISOT,O,X,X
ZLJIOTS,O,X,X
ZLJIOST,O,X,X
ZLJSTIO,O,X,O
ZLJSTOI,O,X,X
ZLJSITO,O,X,O
ZLJSIOT,O,X,X
ZLJSOTI,O,X,X
ZLJSOIT,O,X,X
ZLJOTIS,O,X,X
ZLJOTSI,O,X,X
ZLJOITS,O,X,X
ZLJOIST,O,X,X
ZLJOSTI,O,X,X
ZLJOSIT,O,X,X
ZLSTIJO,O,X,O
ZLSTIOJ,O,X,X
ZLSTJIO,O,X,O
ZLSTJOI,O,X,X
ZLSTOIJ,O,X,X
ZLSTOJI,O,X,X
ZLSITJO,O,X,O
ZLSITOJ,O,X,X
ZLSIJTO,O,X,O
ZLSIJOT,O,X,X
ZLSIOTJ,O,X,X
ZLSIOJT,O,X,X
ZLSJTIO,O,X,O
ZLSJTOI,O,X,X
ZLSJITO,O,X,O
ZLSJIOT,O,X,X
ZLSJOTI,O,X,X
ZLSJOIT,O,X,X
ZLSOTIJ,O,X,X
ZLSOTJI,O,X,X
ZLSOITJ,O,X,X
ZLSOIJT,O,X,X
ZLSOJTI,O,X,X
ZLSOJIT,O,X,X
ZLOTIJS,O,X,O
ZLOTISJ,O,X,O
ZLOTJIS,O,X,O
ZLOTJSI,O,X,O
ZLOTSIJ,O,X,O
ZLOTSJI,O,X,O
ZLOITJS,O,X,O
ZLOITSJ,O,X,O
ZLOIJTS,O,X,O
ZLOIJST,O,X,O
ZLOISTJ,O,X,O
ZLOISJT,O,X,O
ZLOJTIS,O,X,O
ZLOJTSI,O,X,O
ZLOJITS,O,X,O
ZLOJIST,O,X,O
ZLOJSTI,O,X,O
ZLOJSIT,O,X,O
ZLOSTIJ,O,X,O
ZLOSTJI,O,X,O
ZLOSITJ,O,X,O
ZLOSIJT,O,X,O
ZLOSJTI,O,X,O
ZLOSJIT,O,X,O
ZJTILSO,O,X,X
ZJTILOS,O,X,X
ZJTISLO,X,X,O
ZJTISOL,X,X,X
ZJTIOLS,O,X,X
ZJTIOSL,X,X,X
ZJTLISO,O,X,X
ZJTLIOS,O,X,X
ZJTLSIO,O,X,X
ZJTLSOI,O,X,X
ZJTLOIS,O,X,X
ZJTLOSI,O,X,X
ZJTSILO,X,X,O
ZJTSIOL,X,X,X
ZJTSLIO,X,X,X
ZJTSLOI,X,X,X
ZJTSOIL,X,X,X
ZJTSOLI,X,X,X
ZJTOILS,O,X,X
ZJTOISL,X,X,X
ZJTOLIS,O,X,X
ZJTOLSI,O,X,X
ZJTOSIL,X,X,X
ZJTOSLI,X,X,X
ZJITLSO,O,X,X
ZJITLOS,O,X,X
ZJITSLO,X,X,O
ZJITSOL,X,X,X
ZJITOLS,O,X,X
ZJITOSL,X,X,X
ZJILTSO,O,X,O
ZJILTOS,O,X,X
ZJILSTO,O,X,O
ZJILSOT,O,X,X
ZJILOTS,O,X,X
ZJILOST,O,X,X
ZJISTLO,X,X,O
ZJISTOL,X,X,X
ZJISLTO,X,X,O
ZJISLOT,X,X,X
ZJISOTL,X,X,X
ZJISOLT,X,X,X
ZJIOTLS,O,X,X
ZJIOTSL,X,X,X
ZJIOLTS,O,X,X
ZJIOLST,O,X,X
ZJIOSTL,X,X,X
ZJIOSLT,X,X,X
ZJLTISO,O,X,O
ZJLTIOS,O,X,X
ZJLTSIO,O,X,O
ZJLTSOI,O,X,X
ZJLTOIS,O,X,X
ZJLTOSI,O,X,X
ZJLITSO,O,X,O
ZJLITOS,O,X,X
ZJLISTO,O,X,O
ZJLISOT,O,X,X
ZJLIOTS,O,X,X
ZJLIOST,O,X,X
ZJLSTIO,O,X,O
ZJLSTOI,O,X,X
ZJLSITO,O,X,O
ZJLSIOT,O,X,X
ZJLSOTI,O,X,X
ZJLSOIT,O,X,X
ZJLOTIS,O,X,X
ZJLOTSI,O,X,X
ZJLOITS,O,X,X
ZJLOIST,O,X,X
ZJLOSTI,O,X,X
ZJLOSIT,O,X,X
ZJSTILO,X,X,O
ZJSTIOL,X,X,X
ZJSTLIO,X,X,X
ZJSTLOI,X,X,X
ZJSTOIL,X,X,X
ZJSTOLI,X,X,X
ZJSITLO,X,X,O
ZJSITOL,X,X,X
ZJSILTO,X,X,O
ZJSILOT,X,X,X
ZJSIOTL,X,X,X
ZJSIOLT,X,X,X
ZJSLTIO,X,X,O
ZJSLTOI,X,X,X
ZJSLITO,X,X,O
ZJSLIOT,X,X,X
ZJSLOTI,X,X,X
ZJSLOIT,X,X,X
ZJSOTIL,X,X,X
ZJSOTLI,X,X,X
ZJSOITL,X,X,X
ZJSOILT,X,X,X
ZJSOLTI,X,X,X
ZJSOLIT,X,X,X
ZJOTILS,O,X,X
ZJOTISL,X,X,X
ZJOTLIS,O,X,X
ZJOTLSI,O,X,X
ZJOTSIL,X,X,X
ZJOTSLI,X,X,X
ZJOITLS,O,X,X
ZJOITSL,X,X,X
ZJOILTS,O,X,X
ZJOILST,O,X,X
ZJOISTL,X,X,X
ZJOISLT,X,X,X
ZJOLTIS,O,X,X
ZJOLTSI,O,X,X
ZJOLITS,O,X,X
ZJOLIST,O,X,X
ZJOLSTI,O,X,X
ZJOLSIT,O,X,X
ZJOSTIL,X,X,X
ZJOSTLI,X,X,X
ZJOSITL,X,X,X
ZJOSILT,X,X,X
ZJOSLTI,X,X,X
ZJOSLIT,X,X,X
ZSTILJO,X,X,X
ZSTILOJ,X,X,X
ZSTIJLO,X,X,O
ZSTIJOL,X,X,X
ZSTIOLJ,X,X,X
ZSTIOJL,X,X,X
ZSTLIJO,X,X,X
ZSTLIOJ,X,X,X
ZSTLJIO,X,X,X
ZSTLJOI,X,X,X
ZSTLOIJ,X,X,X
ZSTLOJI,X,X,X
ZSTJILO,X,X,O
ZSTJIOL,X,X,X
ZSTJLIO,X,X,X
ZSTJLOI,X,X,X
ZSTJOIL,X,X,X
ZSTJOLI,X,X,X
ZSTOILJ,X,X,X
ZSTOIJL,X,X,X
ZSTOLIJ,X,X,X
ZSTOLJI,X,X,X
ZSTOJIL,X,X,X
ZSTOJLI,X,X,X
ZSITLJO,X,X,X
ZSITLOJ,X,X,X
ZSITJLO,X,X,O
ZSITJOL,X,X,X
ZSITOLJ,X,X,X
ZSITOJL,X,X,X
ZSILTJO,X,X,O
ZSILTOJ,X,X,X
ZSILJTO,X,X,O
ZSILJOT,X,X,X
ZSILOTJ,X,X,X
ZSILOJT,X,X,X
ZSIJTLO,X,X,O
ZSIJTOL,X,X,X
ZSIJLTO,X,X,O
ZSIJLOT,X,X,X
ZSIJOTL,X,X,X
ZSIJOLT,X,X,X
ZSIOTLJ,X,X,X
ZSIOTJL,X,X,X
ZSIOLTJ,X,X,X
ZSIOLJT,X,X,X
ZSIOJTL,X,X,X
ZSIOJLT,X,X,X
ZSLTIJO,X,X,O
ZSLTIOJ,X,X,X
ZSLTJIO,X,X,O
ZSLTJOI,X,X,X
ZSLTOIJ,X,X,X
ZSLTOJI,X,X,X
ZSLITJO,X,X,O
ZSLITOJ,X,X,X
ZSLIJTO,X,X,O
ZSLIJOT,X,X,X
ZSLIOTJ,X,X,X
ZSLIOJT,X,X,X
ZSLJTIO,X,X,O
ZSLJTOI,X,X,X
ZSLJITO,X,X,O
ZSLJIOT,X,X,X
ZSLJOTI,X,X,X
ZSLJOIT,X,X,X
ZSLOTIJ,X,X,X
ZSLOTJI,X,X,X
ZSLOITJ,X,X,X
ZSLOIJT,X,X,X
ZSLOJTI,X,X,X
ZSLOJIT,X,X,X
ZSJTILO,X,X,O
ZSJTIOL,X,X,X
ZSJTLIO,X,X,X
ZSJTLOI,X,X,X
ZSJTOIL,X,X,X
ZSJTOLI,X,X,X
ZSJITLO,X,X,O
ZSJITOL,X,X,X
ZSJILTO,X,X,O
ZSJILOT,X,X,X
ZSJIOTL,X,X,X
ZSJIOLT,X,X,X
ZSJLTIO,X,X,O
ZSJLTOI,X,X,X
ZSJLITO,X,X,O
ZSJLIOT,X,X,X
ZSJLOTI,X,X,X
ZSJLOIT,X,X,X
ZSJOTIL,X,X,X
ZSJOTLI,X,X,X
ZSJOITL,X,X,X
ZSJOILT,X,X,X
ZSJOLTI,X,X,X
ZSJOLIT,X,X,X
ZSOTILJ,X,X,X
ZSOTIJL,X,X,X
ZSOTLIJ,X,X,X
ZSOTLJI,X,X,X
ZSOTJIL,X,X,X
ZSOTJLI,X,X,X
ZSOITLJ,X,X,X
ZSOITJL,X,X,X
ZSOILTJ,X,X,X
ZSOILJT,X,X,X
ZSOIJTL,X,X,X
ZSOIJLT,X,X,X
ZSOLTIJ,X,X,X
ZSOLTJI,X,X,X
ZSOLITJ,X,X,X
ZSOLIJT,X,X,X
ZSOLJTI,X,X,X
ZSOLJIT,X,X,X
ZSOJTIL,X,X,X
ZSOJTLI,X,X,X
ZSOJITL,X,X,X
ZSOJILT,X,X,X
ZSOJLTI,X,X,X
ZSOJLIT,X,X,X
ZOTILJS,O,X,X
ZOTILSJ,O,X,X
ZOTIJLS,O,X,X
ZOTIJSL,X,X,O
ZOTISLJ,X,X,X
ZOTISJL,X,X,O
ZOTLIJS,O,X,X
ZOTLISJ,O,X,X
ZOTLJIS,O,X,X
ZOTLJSI,O,X,X
ZOTLSIJ,O,X,X
ZOTLSJI,O,X,X
ZOTJILS,O,X,X
ZOTJISL,X,X,O
ZOTJLIS,O,X,X
ZOTJLSI,O,X,X
ZOTJSIL,X,X,O
ZOTJSLI,X,X,X
ZOTSILJ,X,X,X
ZOTSIJL,X,X,O
ZOTSLIJ,X,X,X
ZOTSLJI,X,X,X
ZOTSJIL,X,X,O
ZOTSJLI,X,X,X
ZOITLJS,O,X,X
ZOITLSJ,O,X,X
ZOITJLS,O,X,X
ZOITJSL,X,X,O
ZOITSLJ,X,X,X
ZOITSJL,X,X,O
ZOILTJS,O,X,O
ZOILTSJ,O,X,O
ZOILJTS,O,X,O
ZOILJST,O,X,O
ZOILSTJ,O,X,O
ZOILSJT,O,X,O
ZOIJTLS,O,X,X
ZOIJTSL,X,X,O
ZOIJLTS,O,X,O
ZOIJLST,O,X,O
ZOIJSTL,X,X,O
ZOIJSLT,X,X,O
ZOISTLJ,X,X,X
ZOISTJL,X,X,O
ZOISLTJ,X,X,O
ZOISLJT,X,X,O
ZOISJTL,X,X,O
ZOISJLT,X,X,O
ZOLTIJS,O,X,O
ZOLTISJ,O,X,O
ZOLTJIS,O,X,O
ZOLTJSI,O,X,O
ZOLTSIJ,O,X,O
ZOLTSJI,O,X,O
ZOLITJS,O,X,O
ZOLITSJ,O,X,O
ZOLIJTS,O,X,O
ZOLIJST,O,X,O
ZOLISTJ,O,X,O
ZOLISJT,O,X,O
ZOLJTIS,O,X,O
ZOLJTSI,O,X,O
ZOLJITS,O,X,O
ZOLJIST,O,X,O
ZOLJSTI,O,X,O
ZOLJSIT,O,X,O
ZOLSTIJ,O,X,O
ZOLSTJI,O,X,O
ZOLSITJ,O,X,O
ZOLSIJT,O,X,O
ZOLSJTI,O,X,O
ZOLSJIT,O,X,O
ZOJTILS,O,X,X
ZOJTISL,X,X,O
ZOJTLIS,O,X,X
ZOJTLSI,O,X,X
ZOJTSIL,X,X,O
ZOJTSLI,X,X,X
ZOJITLS,O,X,X
ZOJITSL,X,X,O
ZOJILTS,O,X,O
ZOJILST,O,X,O
ZOJISTL,X,X,O
ZOJISLT,X,X,O
ZOJLTIS,O,X,O
ZOJLTSI,O,X,O
ZOJLITS,O,X,O
ZOJLIST,O,X,O
ZOJLSTI,O,X,O
ZOJLSIT,O,X,O
ZOJSTIL,X,X,O
ZOJSTLI,X,X,X
ZOJSITL,X,X,O
ZOJSILT,X,X,O
ZOJSLTI,X,X,O
ZOJSLIT,X,X,O
ZOSTILJ,X,X,X
ZOSTIJL,X,X,O
ZOSTLIJ,X,X,X
ZOSTLJI,X,X,X
ZOSTJIL,X,X,O
ZOSTJLI,X,X,X
ZOSITLJ,X,X,X
ZOSITJL,X,X,O
ZOSILTJ,X,X,O
ZOSILJT,X,X,O
ZOSIJTL,X,X,O
ZOSIJLT,X,X,O
ZOSLTIJ,X,X,O
ZOSLTJI,X,X,O
ZOSLITJ,X,X,O
ZOSLIJT,X,X,O
ZOSLJTI,X,X,O
ZOSLJIT,X,X,O
ZOSJTIL,X,X,O
ZOSJTLI,X,X,X
ZOSJITL,X,X,O
ZOSJILT,X,X,O
ZOSJLTI,X,X,O
ZOSJLIT,X,X,O
OTILJSZ,X,O,X
OTILJZS,X,X,X
OTILSJZ,X,O,X
OTILSZJ,X,X,X
OTILZJS,X,X,X
OTILZSJ,X,X,X
OTIJLSZ,X,O,X
OTIJLZS,X,X,X
OTIJSLZ,X,O,X
OTIJSZL,X,X,X
OTIJZLS,X,X,X
OTIJZSL,X,X,X
OTISLJZ,X,O,X
OTISLZJ,X,X,X
OTISJLZ,X,O,X
OTISJZL,X,X,X
OTISZLJ,X,X,X
OTISZJL,X,X,X
OTIZLJS,X,X,X
OTIZLSJ,X,X,X
OTIZJLS,X,X,X
OTIZJSL,X,X,X
OTIZSLJ,X,X,X
OTIZSJL,X,X,X
OTLIJSZ,X,O,X
OTLIJZS,X,X,X
OTLISJZ,X,O,X
OTLISZJ,X,X,X
OTLIZJS,X,X,X
OTLIZSJ,X,X,X
OTLJISZ,X,O,X
OTLJIZS,X,X,X
OTLJSIZ,X,O,X
OTLJSZI,X,X,X
OTLJZIS,X,X,X
OTLJZSI,X,X,X
OTLSIJZ,X,O,X
OTLSIZJ,X,X,X
OTLSJIZ,X,O,X
OTLSJZI,X,X,X
OTLSZIJ,X,X,X
OTLSZJI,X,X,X
OTLZIJS,X,X,X
OTLZISJ,X,X,X
OTLZJIS,X,X,X
OTLZJSI,X,X,X
OTLZSIJ,X,X,X
OTLZSJI,X,X,X
OTJILSZ,X,O,X
OTJILZS,X,X,X
OTJISLZ,X,O,X
OTJISZL,X,X,X
OTJIZLS,X,X,X
OTJIZSL,X,X,X
OTJLISZ,X,O,X
OTJLIZS,X,X,X
OTJLSIZ,X,O,X
OTJLSZI,X,X,X
OTJLZIS,X,X,X
OTJLZSI,X,X,X
OTJSILZ,X,O,X
OTJSIZL,X,X,X
OTJSLIZ,X,O,X
OTJSLZI,X,X,X
OTJSZIL,X,X,X
OTJSZLI,X,X,X
OTJZILS,X,X,X
OTJZISL,X,X,X
OTJZLIS,X,X,X
OTJZLSI,X,X,X
OTJZSIL,X,X,X
OTJZSLI,X,X,X
OTSILJZ,X,O,X
OTSILZJ,X,X,X
OTSIJLZ,X,O,X
OTSIJZL,X,X,X
OTSIZLJ,X,X,X
OTSIZJL,X,X,X
OTSLIJZ,X,O,X
OTSLIZJ,X,X,X
OTSLJIZ,X,O,X
OTSLJZI,X,X,X
OTSLZIJ,X,X,X
OTSLZJI,X,X,X
OTSJILZ,X,O,X
OTSJIZL,X,X,X
OTSJLIZ,X,O,X
OTSJLZI,X,X,X
OTSJZIL,X,X,X
OTSJZLI,X,X,X
OTSZILJ,X,X,X
OTSZIJL,X,X,X
OTSZLIJ,X,X,X
OTSZLJI,X,X,X
OTSZJIL,X,X,X
OTSZJLI,X,X,X
OTZILJS,X,X,X
OTZILSJ,X,X,X
OTZIJLS,X,X,X
OTZIJSL,X,X,X
OTZISLJ,X,X,X
OTZISJL,X,X,X
OTZLIJS,X,X,X
OTZLISJ,X,X,X
OTZLJIS,X,X,X
OTZLJSI,X,X,X
OTZLSIJ,X,X,X
OTZLSJI,X,X,X
OTZJILS,X,X,X
OTZJISL,X,X,X
OTZJLIS,X,X,X
OTZJLSI,X,X,X
OTZJSIL,X,X,X
OTZJSLI,X,X,X
OTZSILJ,X,X,X
OTZSIJL,X,X,X
OTZSLIJ,X,X,X
OTZSLJI,X,X,X
OTZSJIL,X,X,X
OTZSJLI,X,X,X
OITLJSZ,X,O,X
OITLJZS,X,X,X
OITLSJZ,X,O,X
OITLSZJ,X,X,X
OITLZJS,X,X,X
OITLZSJ,X,X,X
OITJLSZ,X,O,X
OITJLZS,X,X,X
OITJSLZ,X,O,X
OITJSZL,X,X,X
OITJZLS,X,X,X
OITJZSL,X,X,X
OITSLJZ,X,O,X
OITSLZJ,X,X,X
OITSJLZ,X,O,X
OITSJZL,X,X,X
OITSZLJ,X,X,X
OITSZJL,X,X,X
OITZLJS,X,X,X
OITZLSJ,X,X,X
OITZJLS,X,X,X
OITZJSL,X,X,X
OITZSLJ,X,X,X
OITZSJL,X,X,X
OILTJSZ,X,O,O
OILTJZS,X,X,O
OILTSJZ,X,O,O
OILTSZJ,X,X,O
OILTZJS,X,X,O
OILTZSJ,X,X,O
OILJTSZ,X,O,O
OILJTZS,X,X,O
OILJSTZ,X,O,O
OILJSZT,X,X,O
OILJZTS,X,X,O
OILJZST,X,X,O
OILSTJZ,X,O,O
OILSTZJ,X,X,O
OILSJTZ,X,O,O
OILSJZT,X,X,O
OILSZTJ,X,X,O
OILSZJT,X,X,O
OILZTJS,X,X,O
OILZTSJ,X,X,O
OILZJTS,X,X,O
OILZJST,X,X,O
OILZSTJ,X,X,O
OILZSJT,X,X,O
OIJTLSZ,X,O,X
OIJTLZS,X,X,X
OIJTSLZ,X,O,X
OIJTSZL,X,X,X
OIJTZLS,X,X,X
OIJTZSL,X,X,X
OIJLTSZ,X,O,O
OIJLTZS,X,X,O
OIJLSTZ,X,O,O
OIJLSZT,X,X,O
OIJLZTS,X,X,O
OIJLZST,X,X,O
OIJSTLZ,X,O,X
OIJSTZL,X,X,X
OIJSLTZ,X,O,O
OIJSLZT,X,X,O
OIJSZTL,X,X,O
OIJSZLT,X,X,O
OIJZTLS,X,X,X
OIJZTSL,X,X,O
OIJZLTS,X,X,O
OIJZLST,X,X,O
OIJZSTL,X,X,O
OIJZSLT,X,X,O
OISTLJZ,X,O,X
OISTLZJ,X,X,X
OISTJLZ,X,O,X
OISTJZL,X,X,X
OISTZLJ,X,X,X
OISTZJL,X,X,X
OISLTJZ,X,O,O
OISLTZJ,X,X,O
OISLJTZ,X,O,O
OISLJZT,X,X,O
OISLZTJ,X,X,O
OISLZJT,X,X,O
OISJTLZ,X,O,X
OISJTZL,X,X,X
OISJLTZ,X,O,O
OISJLZT,X,X,O
OISJZTL,X,X,O
OISJZLT,X,X,O
OISZTLJ,X,X,X
OISZTJL,X,X,O
OISZLTJ,X,X,O
OISZLJT,X,X,O
OISZJTL,X,X,O
OISZJLT,X,X,O
OIZTLJS,X,X,X
OIZTLSJ,X,X,X
OIZTJLS,X,X,X
OIZTJSL,X,X,O
OIZTSLJ,X,X,X
OIZTSJL,X,X,O
OIZLTJS,X,X,O
OIZLTSJ,X,X,O
OIZLJTS,X,X,O
OIZLJST,X,X,O
OIZLSTJ,X,X,O
OIZLSJT,X,X,O
OIZJTLS,X,X,X
OIZJTSL,X,X,O
OIZJLTS,X,X,O
OIZJLST,X,X,O
OIZJSTL,X,X,O
OIZJSLT,X,X,O
OIZSTLJ,X,X,X
OIZSTJL,X,X,O
OIZSLTJ,X,X,O
OIZSLJT,X,X,O
OIZSJTL,X,X,O
OIZSJLT,X,X,O
OLTIJSZ,X,O,O
OLTIJZS,X,X,O
OLTISJZ,X,O,O
OLTISZJ,X,X,O
OLTIZJS,X,X,O
OLTIZSJ,X,X,O
OLTJISZ,X,O,O
OLTJIZS,X,X,O
OLTJSIZ,X,O,O
OLTJSZI,X,X,O
OLTJZIS,X,X,O
OLTJZSI,X,X,O
OLTSIJZ,X,O,O
OLTSIZJ,X,X,O
OLTSJIZ,X,O,O
OLTSJZI,X,X,O
OLTSZIJ,X,X,O
OLTSZJI,X,X,O
OLTZIJS,X,X,O
OLTZISJ,X,X,O
OLTZJIS,X,X,O
OLTZJSI,X,X,O
OLTZSIJ,X,X,O
OLTZSJI,X,X,O
OLITJSZ,X,O,O
OLITJZS,X,X,O
OLITSJZ,X,O,O
OLITSZJ,X,X,O
OLITZJS,X,X,O
OLITZSJ,X,X,O
OLIJTSZ,X,O,O
OLIJTZS,X,X,O
OLIJSTZ,X,O,O
OLIJSZT,X,X,O
OLIJZTS,X,X,O
OLIJZST,X,X,O
OLISTJZ,X,O,O
OLISTZJ,X,X,O
OLISJTZ,X,O,O
OLISJZT,X,X,O
OLISZTJ,X,X,O
OLISZJT,X,X,O
OLIZTJS,X,X,O
OLIZTSJ,X,X,O
OLIZJTS,X,X,O
OLIZJST,X,X,O
OLIZSTJ,X,X,O
OLIZSJT,X,X,O
OLJTISZ,X,O,O
OLJTIZS,X,X,O
OLJTSIZ,X,O,O
OLJTSZI,X,X,O
OLJTZIS,X,X,O
OLJTZSI,X,X,O
OLJITSZ,X,O,O
OLJITZS,X,X,O
OLJISTZ,X,O,O
OLJISZT,X,X,O
OLJIZTS,X,X,O
OLJIZST,X,X,O
OLJSTIZ,X,O,O
OLJSTZI,X,X,O
OLJSITZ,X,O,O
OLJSIZT,X,X,O
OLJSZTI,X,X,O
OLJSZIT,X,X,O
OLJZTIS,X,X,O
OLJZTSI,X,X,O
OLJZITS,X,X,O
OLJZIST,X,X,O
OLJZSTI,X,X,O
OLJZSIT,X,X,O
OLSTIJZ,X,O,O
OLSTIZJ,X,X,O
OLSTJIZ,X,O,O
OLSTJZI,X,X,O
OLSTZIJ,X,X,O
OLSTZJI,X,X,O
OLSITJZ,X,O,O
OLSITZJ,X,X,O
OLSIJTZ,X,O,O
OLSIJZT,X,X,O
OLSIZTJ,X,X,O
OLSIZJT,X,X,O
OLSJTIZ,X,O,O
OLSJTZI,X,X,O
OLSJITZ,X,O,O
OLSJIZT,X,X,O
OLSJZTI,X,X,O
OLSJZIT,X,X,O
OLSZTIJ,X,X,O
OLSZTJI,X,X,O
OLSZITJ,X,X,O
OLSZIJT,X,X,O
OLSZJTI,X,X,O
OLSZJIT,X,X,O
OLZTIJS,X,X,O
OLZTISJ,X,X,O
OLZTJIS,X,X,O
OLZTJSI,X,X,O
OLZTSIJ,X,X,O
OLZTSJI,X,X,O
OLZITJS,X,X,O
OLZITSJ,X,X,O
OLZIJTS,X,X,O
OLZIJST,X,X,O
OLZISTJ,X,X,O
OLZISJT,X,X,O
OLZJTIS,X,X,O
OLZJTSI,X,X,O
OLZJITS,X,X,O
OLZJIST,X,X,O
OLZJSTI,X,X,O
OLZJSIT,X,X,O
OLZSTIJ,X,X,O
OLZSTJI,X,X,O
OLZSITJ,X,X,O
OLZSIJT,X,X,O
OLZSJTI,X,X,O
OLZSJIT,X,X,O
OJTILSZ,X,O,X
OJTILZS,X,X,X
OJTISLZ,X,O,X
OJTISZL,X,X,X
OJTIZLS,X,X,X
OJTIZSL,X,X,X
OJTLISZ,X,O,X
OJTLIZS,X,X,X
OJTLSIZ,X,O,X
OJTLSZI,X,X,X
OJTLZIS,X,X,X
OJTLZSI,X,X,X
OJTSILZ,X,O,X
OJTSIZL,X,X,X
OJTSLIZ,X,O,X
OJTSLZI,X,X,X
OJTSZIL,X,X,X
OJTSZLI,X,X,X
OJTZILS,X,X,X
OJTZISL,X,X,X
OJTZLIS,X,X,X
OJTZLSI,X,X,X
OJTZSIL,X,X,X
OJTZSLI,X,X,X
OJITLSZ,X,O,X
OJITLZS,X,X,X
OJITSLZ,X,O,X
OJITSZL,X,X,X
OJITZLS,X,X,X
OJITZSL,X,X,X
OJILTSZ,X,O,O
OJILTZS,X,X,O
OJILSTZ,X,O,O
OJILSZT,X,X,O
OJILZTS,X,X,O
OJILZST,X,X,O
OJISTLZ,X,O,X
OJISTZL,X,X,X
OJISLTZ,X,O,O
OJISLZT,X,X,O
OJISZTL,X,X,O
OJISZLT,X,X,O
OJIZTLS,X,X,X
OJIZTSL,X,X,O
OJIZLTS,X,X,O
OJIZLST,X,X,O
OJIZSTL,X,X,O
OJIZSLT,X,X,O
OJLTISZ,X,O,O
OJLTIZS,X,X,O
OJLTSIZ,X,O,O
OJLTSZI,X,X,O
OJLTZIS,X,X,O
OJLTZSI,X,X,O
OJLITSZ,X,O,O
OJLITZS,X,X,O
OJLISTZ,X,O,O
OJLISZT,X,X,O
OJLIZTS,X,X,O
OJLIZST,X,X,O
OJLSTIZ,X,O,O
OJLSTZI,X,X,O
OJLSITZ,X,O,O
OJLSIZT,X,X,O
OJLSZTI,X,X,O
OJLSZIT,X,X,O
OJLZTIS,X,X,O
OJLZTSI,X,X,O
OJLZITS,X,X,O
OJLZIST,X,X,O
OJLZSTI,X,X,O
OJLZSIT,X,X,O
OJSTILZ,X,O,X
OJSTIZL,X,X,X
OJSTLIZ,X,O,X
OJSTLZI,X,X,X
OJSTZIL,X,X,X
OJSTZLI,X,X,X
OJSITLZ,X,O,X
OJSITZL,X,X,X
OJSILTZ,X,O,O
OJSILZT,X,X,O
OJSIZTL,X,X,O
OJSIZLT,X,X,O
OJSLTIZ,X,O,O
OJSLTZI,X,X,O
OJSLITZ,X,O,O
OJSLIZT,X,X,O
OJSLZTI,X,X,O
OJSLZIT,X,X,O
OJSZTIL,X,X,O
OJSZTLI,X,X,X
OJSZITL,X,X,O
OJSZILT,X,X,O
OJSZLTI,X,X,O
OJSZLIT,X,X,O
OJZTILS,X,X,X
OJZTISL,X,X,O
OJZTLIS,X,X,X
OJZTLSI,X,X,X
OJZTSIL,X,X,O
OJZTSLI,X,X,X
OJZITLS,X,X,X
OJZITSL,X,X,O
OJZILTS,X,X,O
OJZILST,X,X,O
OJZISTL,X,X,O
OJZISLT,X,X,O
OJZLTIS,X,X,O
OJZLTSI,X,X,O
OJZLITS,X,X,O
OJZLIST,X,X,O
OJZLSTI,X,X,O
OJZLSIT,X,X,O
OJZSTIL,X,X,O
OJZSTLI,X,X,X
OJZSITL,X,X,O
OJZSILT,X,X,O
OJZSLTI,X,X,O
OJZSLIT,X,X,O
OSTILJZ,X,O,X
OSTILZJ,X,X,X
OSTIJLZ,X,O,X
OSTIJZL,X,X,X
OSTIZLJ,X,X,X
OSTIZJL,X,X,X
OSTLIJZ,X,O,X
OSTLIZJ,X,X,X
OSTLJIZ,X,O,X
OSTLJZI,X,X,X
OSTLZIJ,X,X,X
OSTLZJI,X,X,X
OSTJILZ,X,O,X
OSTJIZL,X,X,X
OSTJLIZ,X,O,X
OSTJLZI,X,X,X
OSTJZIL,X,X,X
OSTJZLI,X,X,X
OSTZILJ,X,X,X
OSTZIJL,X,X,X
OSTZLIJ,X,X,X
OSTZLJI,X,X,X
OSTZJIL,X,X,X
OSTZJLI,X,X,X
OSITLJZ,X,O,X
OSITLZJ,X,X,X
OSITJLZ,X,O,X
OSITJZL,X,X,X
OSITZLJ,X,X,X
OSITZJL,X,X,X
OSILTJZ,X,O,O
OSILTZJ,X,X,O
OSILJTZ,X,O,O
OSILJZT,X,X,O
OSILZTJ,X,X,O
OSILZJT,X,X,O
OSIJTLZ,X,O,X
OSIJTZL,X,X,X
OSIJLTZ,X,O,O
OSIJLZT,X,X,O
OSIJZTL,X,X,O
OSIJZLT,X,X,O
OSIZTLJ,X,X,X
OSIZTJL,X,X,O
OSIZLTJ,X,X,O
OSIZLJT,X,X,O
OSIZJTL,X,X,O
OSIZJLT,X,X,O
OSLTIJZ,X,O,O
OSLTIZJ,X,X,O
OSLTJIZ,X,O,O
OSLTJZI,X,X,O
OSLTZIJ,X,X,O
OSLTZJI,X,X,O
OSLITJZ,X,O,O
OSLITZJ,X,X,O
OSLIJTZ,X,O,O
OSLIJZT,X,X,O
OSLIZTJ,X,X,O
OSLIZJT,X,X,O
OSLJTIZ,X,O,O
OSLJTZI,X,X,O
OSLJITZ,X,O,O
OSLJIZT,X,X,O
OSLJZTI,X,X,O
OSLJZIT,X,X,O
OSLZTIJ,X,X,O
OSLZTJI,X,X,O
OSLZITJ,X,X,O
OSLZIJT,X,X,O
OSLZJTI,X,X,O
OSLZJIT,X,X,O
OSJTILZ,X,O,X
OSJTIZL,X,X,X
OSJTLIZ,X,O,X
OSJTLZI,X,X,X
OSJTZIL,X,X,X
OSJTZLI,X,X,X
OSJITLZ,X,O,X
OSJITZL,X,X,X
OSJILTZ,X,O,O
OSJILZT,X,X,O
OSJIZTL,X,X,O
OSJIZLT,X,X,O
OSJLTIZ,X,O,O
OSJLTZI,X,X,O
OSJLITZ,X,O,O
OSJLIZT,X,X,O
OSJLZTI,X,X,O
OSJLZIT,X,X,O
OSJZTIL,X,X,O
OSJZTLI,X,X,X
OSJZITL,X,X,O
OSJZILT,X,X,O
OSJZLTI,X,X,O
OSJZLIT,X,X,O
OSZTILJ,X,X,X
OSZTIJL,X,X,O
OSZTLIJ,X,X,X
OSZTLJI,X,X,X
OSZTJIL,X,X,O
OSZTJLI,X,X,X
OSZITLJ,X,X,X
OSZITJL,X,X,O
OSZILTJ,X,X,O
OSZILJT,X,X,O
OSZIJTL,X,X,O
OSZIJLT,X,X,O
OSZLTIJ,X,X,O
OSZLTJI,X,X,O
OSZLITJ,X,X,O
OSZLIJT,X,X,O
OSZLJTI,X,X,O
OSZLJIT,X,X,O
OSZJTIL,X,X,O
OSZJTLI,X,X,X
OSZJITL,X,X,O
OSZJILT,X,X,O
OSZJLTI,X,X,O
OSZJLIT,X,X,O
OZTILJS,X,X,X
OZTILSJ,X,X,X
OZTIJLS,X,X,X
OZTIJSL,X,X,O
OZTISLJ,X,X,X
OZTISJL,X,X,O
OZTLIJS,X,X,X
OZTLISJ,X,X,X
OZTLJIS,X,X,X
OZTLJSI,X,X,X
OZTLSIJ,X,X,X
OZTLSJI,X,X,X
OZTJILS,X,X,X
OZTJISL,X,X,O
OZTJLIS,X,X,X
OZTJLSI,X,X,X
OZTJSIL,X,X,O
OZTJSLI,X,X,X
OZTSILJ,X,X,X
OZTSIJL,X,X,O
OZTSLIJ,X,X,X
OZTSLJI,X,X,X
OZTSJIL,X,X,O
OZTSJLI,X,X,X
OZITLJS,X,X,X
OZITLSJ,X,X,X
OZITJLS,X,X,X
OZITJSL,X,X,O
OZITSLJ,X,X,X
OZITSJL,X,X,O
OZILTJS,X,X,O
OZILTSJ,X,X,O
OZILJTS,X,X,O
OZILJST,X,X,O
OZILSTJ,X,X,O
OZILSJT,X,X,O
OZIJTLS,X,X,X
OZIJTSL,X,X,O
OZIJLTS,X,X,O
OZIJLST,X,X,O
OZIJSTL,X,X,O
OZIJSLT,X,X,O
OZISTLJ,X,X,X
OZISTJL,X,X,O
OZISLTJ,X,X,O
OZISLJT,X,X,O
OZISJTL,X,X,O
OZISJLT,X,X,O
OZLTIJS,X,X,O
OZLTISJ,X,X,O
OZLTJIS,X,X,O
OZLTJSI,X,X,O
OZLTSIJ,X,X,O
OZLTSJI,X,X,O
OZLITJS,X,X,O
OZLITSJ,X,X,O
OZLIJTS,X,X,O
OZLIJST,X,X,O
OZLISTJ,X,X,O
OZLISJT,X,X,O
OZLJTIS,X,X,O
OZLJTSI,X,X,O
OZLJITS,X,X,O
OZLJIST,X,X,O
OZLJSTI,X,X,O
OZLJSIT,X,X,O
OZLSTIJ,X,X,O
OZLSTJI,X,X,O
OZLSITJ,X,X,O
OZLSIJT,X,X,O
OZLSJTI,X,X,O
OZLSJIT,X,X,O
OZJTILS,X,X,X
OZJTISL,X,X,O
OZJTLIS,X,X,X
OZJTLSI,X,X,X
OZJTSIL,X,X,O
OZJTSLI,X,X,X
OZJITLS,X,X,X
OZJITSL,X,X,O
OZJILTS,X,X,O
OZJILST,X,X,O
OZJISTL,X,X,O
OZJISLT,X,X,O
OZJLTIS,X,X,O
OZJLTSI,X,X,O
OZJLITS,X,X,O
OZJLIST,X,X,O
OZJLSTI,X,X,O
OZJLSIT,X,X,O
OZJSTIL,X,X,O
OZJSTLI,X,X,X
OZJSITL,X,X,O
OZJSILT,X,X,O
OZJSLTI,X,X,O
OZJSLIT,X,X,O
OZSTILJ,X,X,X
OZSTIJL,X,X,O
OZSTLIJ,X,X,X
OZSTLJI,X,X,X
OZSTJIL,X,X,O
OZSTJLI,X,X,X
OZSITLJ,X,X,X
OZSITJL,X,X,O
OZSILTJ,X,X,O
OZSILJT,X,X,O
OZSIJTL,X,X,O
OZSIJLT,X,X,O
OZSLTIJ,X,X,O
OZSLTJI,X,X,O
OZSLITJ,X,X,O
OZSLIJT,X,X,O
OZSLJTI,X,X,O
OZSLJIT,X,X,O
OZSJTIL,X,X,O
OZSJTLI,X,X,X
OZSJITL,X,X,O
OZSJILT,X,X,O
OZSJLTI,X,X,O
OZSJLIT,X,X,O
