sequence,v115@MhB8BeA8EeB8BeA8AeA8CeE8JeZEJvhFUgBFhB6nBO?oBfqBzqB,v115@MhB8BeA8EeB8BeA8AeA8CeE8JeZEJvhFzfBFhB6nBO?oBfrBUqB,v115@MhB8BeA8EeB8BeA8AeA8CeE8JeZEJvhFzfBChB0iBe?rBXoBFqB,v115@MhB8BeA8EeB8BeA8AeA8CeE8JeZEJvhFzfBChBXjBe?rB0nBFqB,v115@MhB8BeA8EeB8BeA8AeA8CeE8JeZEJvhFqkBTgBOmB0?iBXoB1vB
TILJSZO,O,O,X,X,X
TILJSOZ,X,X,X,X,X
TILJZSO,X,X,X,X,X
TILJZOS,X,X,X,X,O
TILJOSZ,O,X,X,X,X
TILJOZS,X,X,X,X,O
TILSJZO,O,O,X,X,X
TILSJOZ,X,X,X,X,X
TILSZJO,O,O,X,X,X
TILSZOJ,X,O,X,X,X
TILSOJZ,X,X,X,X,X
TILSOZJ,X,X,X,X,X
TILZJSO,X,X,X,X,X
TILZJOS,X,X,X,X,O
TILZSJO,X,X,X,X,X
TILZSOJ,X,X,X,X,X
TILZOJS,X,X,X,X,O
TILZOSJ,X,X,X,X,X
TILOJSZ,O,X,X,X,X
TILOJZS,X,X,X,X,O
TILOSJZ,O,X,X,X,X
TILOSZJ,O,X,X,X,X
TILOZJS,X,X,X,X,O
TILOZSJ,X,X,X,X,X
TIJLSZO,O,O,X,X,X
TIJLSOZ,X,X,X,X,X
TIJLZSO,X,X,X,X,X
TIJLZOS,X,X,X,X,O
TIJLOSZ,O,X,X,X,X
TIJLOZS,X,X,X,X,O
TIJSLZO,O,O,X,X,X
TIJSLOZ,X,X,X,X,X
TIJSZLO,O,O,X,X,X
TIJSZOL,X,O,X,X,X
TIJSOLZ,X,X,X,X,X
TIJSOZL,X,X,X,X,X
TIJZLSO,X,X,X,X,X
TIJZLOS,X,X,X,X,O
TIJZSLO,X,X,X,X,X
TIJZSOL,X,X,X,X,X
TIJZOLS,X,X,X,X,X
TIJZOSL,X,X,X,X,X
TIJOLSZ,O,X,X,X,X
TIJOLZS,X,X,X,X,X
TIJOSLZ,O,X,X,X,X
TIJOSZL,O,X,X,X,X
TIJOZLS,X,X,X,X,X
TIJOZSL,X,X,X,X,X
TISLJZO,O,O,X,X,X
TISLJOZ,X,X,X,X,X
TISLZJO,O,O,X,X,X
TISLZOJ,X,O,X,X,X
TISLOJZ,X,X,X,X,X
TISLOZJ,X,X,X,X,X
TISJLZO,O,O,X,X,X
TISJLOZ,X,X,X,X,X
TISJZLO,O,O,X,X,X
TISJZOL,X,O,X,X,X
TISJOLZ,X,X,X,X,X
TISJOZL,X,X,X,X,X
TISZLJO,O,O,X,X,X
TISZLOJ,X,O,X,X,X
TISZJLO,O,O,X,X,X
TISZJOL,X,O,X,X,X
TISZOLJ,X,O,X,X,X
TISZOJL,X,O,X,X,X
TISOLJZ,X,X,X,X,X
TISOLZJ,X,X,X,X,X
TISOJLZ,X,X,X,X,X
TISOJZL,X,X,X,X,X
TISOZLJ,X,X,X,X,X
TISOZJL,X,X,X,X,X
TIZLJSO,X,X,X,X,X
TIZLJOS,X,X,X,X,O
TIZLSJO,X,X,X,X,X
TIZLSOJ,X,X,X,X,X
TIZLOJS,X,X,X,X,O
TIZLOSJ,X,X,X,X,X
TIZJLSO,X,X,X,X,X
TIZJLOS,X,X,X,X,O
TIZJSLO,X,X,X,X,X
TIZJSOL,X,X,X,X,X
TIZJOLS,X,X,X,X,X
TIZJOSL,X,X,X,X,X
TIZSLJO,X,X,X,X,X
TIZSLOJ,X,X,X,X,X
TIZSJLO,X,X,X,X,X
TIZSJOL,X,X,X,X,X
TIZSOLJ,X,X,X,X,X
TIZSOJL,X,X,X,X,X
TIZOLJS,X,X,X,X,X
TIZOLSJ,X,X,X,X,X
TIZOJLS,X,X,X,X,X
TIZOJSL,X,X,X,X,X
TIZOSLJ,X,X,X,X,X
TIZOSJL,X,X,X,X,X
TIOLJSZ,O,X,X,X,X
TIOLJZS,X,X,X,X,X
TIOLSJZ,O,X,X,X,X
TIOLSZJ,O,X,X,X,X
TIOLZJS,X,X,X,X,X
TIOLZSJ,X,X,X,X,X
TIOJLSZ,O,X,X,X,X
TIOJLZS,X,X,X,X,X
TIOJSLZ,O,X,X,X,X
TIOJSZL,O,X,X,X,X
TIOJZLS,X,X,X,X,X
TIOJZSL,X,X,X,X,X
TIOSLJZ,O,X,X,X,X
TIOSLZJ,O,X,X,X,X
TIOSJLZ,O,X,X,X,X
TIOSJZL,O,X,X,X,X
TIOSZLJ,O,X,X,X,X
TIOSZJL,O,X,X,X,X
TIOZLJS,X,X,X,X,X
TIOZLSJ,X,X,X,X,X
TIOZJLS,X,X,X,X,X
TIOZJSL,X,X,X,X,X
TIOZSLJ,X,X,X,X,X
TIOZSJL,X,X,X,X,X
TLIJSZO,O,O,X,X,X
TLIJSOZ,X,X,X,X,X
TLIJZSO,X,X,X,X,X
TLIJZOS,X,X,X,X,O
TLIJOSZ,O,X,X,X,X
TLIJOZS,X,X,X,X,O
TLISJZO,O,O,X,X,X
TLISJOZ,X,X,X,X,X
TLISZJO,O,O,X,X,X
TLISZOJ,X,O,X,X,X
TLISOJZ,X,X,X,X,X
TLISOZJ,X,X,X,X,X
TLIZJSO,X,X,X,X,X
TLIZJOS,X,X,X,X,O
TLIZSJO,X,X,X,X,X
TLIZSOJ,X,X,X,X,X
TLIZOJS,X,X,X,X,O
TLIZOSJ,X,X,X,X,X
TLIOJSZ,O,X,X,X,X
TLIOJZS,X,X,X,X,O
TLIOSJZ,O,X,X,X,X
TLIOSZJ,O,X,X,X,X
TLIOZJS,X,X,X,X,O
TLIOZSJ,X,X,X,X,X
TLJISZO,O,O,X,X,X
TLJISOZ,X,X,X,X,X
TLJIZSO,X,X,X,X,X
TLJIZOS,X,X,X,X,O
TLJIOSZ,O,X,X,X,X
TLJIOZS,X,X,X,X,O
TLJSIZO,O,O,X,X,X
TLJSIOZ,X,X,X,X,X
TLJSZIO,O,X,X,X,X
TLJSZOI,X,X,X,X,X
TLJSOIZ,X,X,X,X,X
TLJSOZI,X,X,X,X,X
TLJZISO,X,X,X,X,X
TLJZIOS,X,X,X,X,O
TLJZSIO,X,X,X,X,X
TLJZSOI,X,X,X,X,X
TLJZOIS,X,X,X,X,O
TLJZOSI,X,X,X,X,X
TLJOISZ,O,X,X,X,X
TLJOIZS,X,X,X,X,O
TLJOSIZ,O,X,X,X,X
TLJOSZI,O,X,X,X,X
TLJOZIS,X,X,X,X,O
TLJOZSI,X,X,X,X,X
TLSIJZO,O,O,X,X,X
TLSIJOZ,X,X,X,X,X
TLSIZJO,O,O,X,X,X
TLSIZOJ,X,O,X,X,X
TLSIOJZ,X,X,X,X,X
TLSIOZJ,X,X,X,X,X
TLSJIZO,O,O,X,X,X
TLSJIOZ,X,X,X,X,X
TLSJZIO,O,X,X,X,X
TLSJZOI,X,X,X,X,X
TLSJOIZ,X,X,X,X,X
TLSJOZI,X,X,X,X,X
TLSZIJO,O,X,X,X,X
TLSZIOJ,X,X,X,X,X
TLSZJIO,O,X,X,X,X
TLSZJOI,X,X,X,X,X
TLSZOIJ,X,X,X,X,X
TLSZOJI,X,X,X,X,X
TLSOIJZ,X,X,X,X,X
TLSOIZJ,X,X,X,X,X
TLSOJIZ,X,X,X,X,X
TLSOJZI,X,X,X,X,X
TLSOZIJ,X,X,X,X,X
TLSOZJI,X,X,X,X,X
TLZIJSO,X,X,X,X,X
TLZIJOS,X,X,X,X,O
TLZISJO,X,X,X,X,X
TLZISOJ,X,X,X,X,X
TLZIOJS,X,X,X,X,O
TLZIOSJ,X,X,X,X,X
TLZJISO,X,X,X,X,X
TLZJIOS,X,X,X,X,O
TLZJSIO,X,X,X,X,X
TLZJSOI,X,X,X,X,X
TLZJOIS,X,X,X,X,O
TLZJOSI,X,X,X,X,X
TLZSIJO,X,X,X,X,X
TLZSIOJ,X,X,X,X,X
TLZSJIO,X,X,X,X,X
TLZSJOI,X,X,X,X,X
TLZSOIJ,X,X,X,X,X
TLZSOJI,X,X,X,X,X
TLZOIJS,X,X,X,X,O
TLZOISJ,X,X,X,X,X
TLZOJIS,X,X,X,X,O
TLZOJSI,X,X,X,X,X
TLZOSIJ,X,X,X,X,X
TLZOSJI,X,X,X,X,X
TLOIJSZ,O,X,X,X,X
TLOIJZS,X,X,X,X,O
TLOISJZ,O,X,X,X,X
TLOISZJ,O,X,X,X,X
TLOIZJS,X,X,X,X,O
TLOIZSJ,X,X,X,X,X
TLOJISZ,O,X,X,X,X
TLOJIZS,X,X,X,X,O
TLOJSIZ,O,X,X,X,X
TLOJSZI,O,X,X,X,X
TLOJZIS,X,X,X,X,O
TLOJZSI,X,X,X,X,X
TLOSIJZ,O,X,X,X,X
TLOSIZJ,O,X,X,X,X
TLOSJIZ,O,X,X,X,X
TLOSJZI,O,X,X,X,X
TLOSZIJ,O,X,X,X,X
TLOSZJI,O,X,X,X,X
TLOZIJS,X,X,X,X,O
TLOZISJ,X,X,X,X,X
TLOZJIS,X,X,X,X,O
TLOZJSI,X,X,X,X,X
TLOZSIJ,X,X,X,X,X
TLOZSJI,X,X,X,X,X
TJILSZO,O,O,X,X,X
TJILSOZ,X,X,X,X,X
TJILZSO,X,X,X,X,X
TJILZOS,X,X,X,X,O
TJILOSZ,O,X,X,X,X
TJILOZS,X,X,X,X,O
TJISLZO,O,O,X,X,X
TJISLOZ,X,X,X,X,X
TJISZLO,O,O,X,X,X
TJISZOL,X,O,X,X,X
TJISOLZ,X,X,X,X,X
TJISOZL,X,X,X,X,X
TJIZLSO,X,X,X,X,X
TJIZLOS,X,X,X,X,O
TJIZSLO,X,X,X,X,X
TJIZSOL,X,X,X,X,X
TJIZOLS,X,X,X,X,X
TJIZOSL,X,X,X,X,X
TJIOLSZ,O,X,X,X,X
TJIOLZS,X,X,X,X,X
TJIOSLZ,O,X,X,X,X
TJIOSZL,O,X,X,X,X
TJIOZLS,X,X,X,X,X
TJIOZSL,X,X,X,X,X
TJLISZO,O,O,X,X,X
TJLISOZ,X,X,X,X,X
TJLIZSO,X,X,X,X,X
TJLIZOS,X,X,X,X,O
TJLIOSZ,O,X,X,X,X
TJLIOZS,X,X,X,X,O
TJLSIZO,O,O,X,X,X
TJLSIOZ,X,X,X,X,X
TJLSZIO,O,X,X,X,X
TJLSZOI,X,X,X,X,X
TJLSOIZ,X,X,X,X,X
TJLSOZI,X,X,X,X,X
TJLZISO,X,X,X,X,X
TJLZIOS,X,X,X,X,O
TJLZSIO,X,X,X,X,X
TJLZSOI,X,X,X,X,X
TJLZOIS,X,X,X,X,O
TJLZOSI,X,X,X,X,X
TJLOISZ,O,X,X,X,X
TJLOIZS,X,X,X,X,O
TJLOSIZ,O,X,X,X,X
TJLOSZI,O,X,X,X,X
TJLOZIS,X,X,X,X,O
TJLOZSI,X,X,X,X,X
TJSILZO,O,O,X,X,X
TJSILOZ,X,X,X,X,X
TJSIZLO,O,O,X,X,X
TJSIZOL,X,O,X,X,X
TJSIOLZ,X,X,X,X,X
TJSIOZL,X,X,X,X,X
TJSLIZO,O,O,X,X,X
TJSLIOZ,X,X,X,X,X
TJSLZIO,O,X,X,X,X
TJSLZOI,X,X,X,X,X
TJSLOIZ,X,X,X,X,X
TJSLOZI,X,X,X,X,X
TJSZILO,O,X,X,X,X
TJSZIOL,X,X,X,X,X
TJSZLIO,O,X,X,X,X
TJSZLOI,X,X,X,X,X
TJSZOIL,X,X,X,X,X
TJSZOLI,X,X,X,X,X
TJSOILZ,X,X,X,X,X
TJSOIZL,X,X,X,X,X
TJSOLIZ,X,X,X,X,X
TJSOLZI,X,X,X,X,X
TJSOZIL,X,X,X,X,X
TJSOZLI,X,X,X,X,X
TJZILSO,X,X,X,X,X
TJZILOS,X,X,X,X,O
TJZISLO,X,X,X,X,X
TJZISOL,X,X,X,X,X
TJZIOLS,X,X,X,X,X
TJZIOSL,X,X,X,X,X
TJZLISO,X,X,X,X,X
TJZLIOS,X,X,X,X,O
TJZLSIO,X,X,X,X,X
TJZLSOI,X,X,X,X,X
TJZLOIS,X,X,X,X,O
TJZLOSI,X,X,X,X,X
TJZSILO,X,X,X,X,X
TJZSIOL,X,X,X,X,X
TJZSLIO,X,X,X,X,X
TJZSLOI,X,X,X,X,X
TJZSOIL,X,X,X,X,X
TJZSOLI,X,X,X,X,X
TJZOILS,X,X,X,X,X
TJZOISL,X,X,X,X,X
TJZOLIS,X,X,X,X,O
TJZOLSI,X,X,X,X,X
TJZOSIL,X,X,X,X,X
TJZOSLI,X,X,X,X,X
TJOILSZ,O,X,X,X,X
TJOILZS,X,X,X,X,X
TJOISLZ,O,X,X,X,X
TJOISZL,O,X,X,X,X
TJOIZLS,X,X,X,X,X
TJOIZSL,X,X,X,X,X
TJOLISZ,O,X,X,X,X
TJOLIZS,X,X,X,X,O
TJOLSIZ,O,X,X,X,X
TJOLSZI,O,X,X,X,X
TJOLZIS,X,X,X,X,O
TJOLZSI,X,X,X,X,X
TJOSILZ,O,X,X,X,X
TJOSIZL,O,X,X,X,X
TJOSLIZ,O,X,X,X,X
TJOSLZI,O,X,X,X,X
TJOSZIL,O,X,X,X,X
TJOSZLI,O,X,X,X,X
TJOZILS,X,X,X,X,X
TJOZISL,X,X,X,X,X
TJOZLIS,X,X,X,X,O
TJOZLSI,X,X,X,X,X
TJOZSIL,X,X,X,X,X
TJOZSLI,X,X,X,X,X
TSILJZO,O,O,X,X,X
TSILJOZ,X,X,X,X,X
TSILZJO,O,O,X,X,X
TSILZOJ,X,O,X,X,X
TSILOJZ,X,X,X,X,X
TSILOZJ,X,X,X,X,X
TSIJLZO,O,O,X,X,X
TSIJLOZ,X,X,X,X,X
TSIJZLO,O,O,X,X,X
TSIJZOL,X,O,X,X,X
TSIJOLZ,X,X,X,X,X
TSIJOZL,X,X,X,X,X
TSIZLJO,O,O,X,X,X
TSIZLOJ,X,O,X,X,X
TSIZJLO,O,O,X,X,X
TSIZJOL,X,O,X,X,X
TSIZOLJ,X,O,X,X,X
TSIZOJL,X,O,X,X,X
TSIOLJZ,X,X,X,X,X
TSIOLZJ,X,X,X,X,X
TSIOJLZ,X,X,X,X,X
TSIOJZL,X,X,X,X,X
TSIOZLJ,X,X,X,X,X
TSIOZJL,X,X,X,X,X
TSLIJZO,O,O,X,X,X
TSLIJOZ,X,X,X,X,X
TSLIZJO,O,O,X,X,X
TSLIZOJ,X,O,X,X,X
TSLIOJZ,X,X,X,X,X
TSLIOZJ,X,X,X,X,X
TSLJIZO,O,O,X,X,X
TSLJIOZ,X,X,X,X,X
TSLJZIO,O,X,X,X,X
TSLJZOI,X,X,X,X,X
TSLJOIZ,X,X,X,X,X
TSLJOZI,X,X,X,X,X
TSLZIJO,O,X,X,X,X
TSLZIOJ,X,X,X,X,X
TSLZJIO,O,X,X,X,X
TSLZJOI,X,X,X,X,X
TSLZOIJ,X,X,X,X,X
TSLZOJI,X,X,X,X,X
TSLOIJZ,X,X,X,X,X
TSLOIZJ,X,X,X,X,X
TSLOJIZ,X,X,X,X,X
TSLOJZI,X,X,X,X,X
TSLOZIJ,X,X,X,X,X
TSLOZJI,X,X,X,X,X
TSJILZO,O,O,X,X,X
TSJILOZ,X,X,X,X,X
TSJIZLO,O,O,X,X,X
TSJIZOL,X,O,X,X,X
TSJIOLZ,X,X,X,X,X
TSJIOZL,X,X,X,X,X
TSJLIZO,O,O,X,X,X
TSJLIOZ,X,X,X,X,X
TSJLZIO,O,X,X,X,X
TSJLZOI,X,X,X,X,X
TSJLOIZ,X,X,X,X,X
TSJLOZI,X,X,X,X,X
TSJZILO,O,X,X,X,X
TSJZIOL,X,X,X,X,X
TSJZLIO,O,X,X,X,X
TSJZLOI,X,X,X,X,X
TSJZOIL,X,X,X,X,X
TSJZOLI,X,X,X,X,X
TSJOILZ,X,X,X,X,X
TSJOIZL,X,X,X,X,X
TSJOLIZ,X,X,X,X,X
TSJOLZI,X,X,X,X,X
TSJOZIL,X,X,X,X,X
TSJOZLI,X,X,X,X,X
TSZILJO,O,X,X,X,X
TSZILOJ,X,X,X,X,X
TSZIJLO,O,X,X,X,X
TSZIJOL,X,X,X,X,X
TSZIOLJ,X,X,X,X,X
TSZIOJL,X,X,X,X,X
TSZLIJO,O,X,X,X,X
TSZLIOJ,X,X,X,X,X
TSZLJIO,O,X,X,X,X
TSZLJOI,X,X,X,X,X
TSZLOIJ,X,X,X,X,X
TSZLOJI,X,X,X,X,X
TSZJILO,O,X,X,X,X
TSZJIOL,X,X,X,X,X
TSZJLIO,O,X,X,X,X
TSZJLOI,X,X,X,X,X
TSZJOIL,X,X,X,X,X
TSZJOLI,X,X,X,X,X
TSZOILJ,X,X,X,X,X
TSZOIJL,X,X,X,X,X
TSZOLIJ,X,X,X,X,X
TSZOLJI,X,X,X,X,X
TSZOJIL,X,X,X,X,X
TSZOJLI,X,X,X,X,X
TSOILJZ,X,X,X,X,X
TSOILZJ,X,X,X,X,X
TSOIJLZ,X,X,X,X,X
TSOIJZL,X,X,X,X,X
TSOIZLJ,X,X,X,X,X
TSOIZJL,X,X,X,X,X
TSOLIJZ,X,X,X,X,X
TSOLIZJ,X,X,X,X,X
TSOLJIZ,X,X,X,X,X
TSOLJZI,X,X,X,X,X
TSOLZIJ,X,X,X,X,X
TSOLZJI,X,X,X,X,X
TSOJILZ,X,X,X,X,X
TSOJIZL,X,X,X,X,X
TSOJLIZ,X,X,X,X,X
TSOJLZI,X,X,X,X,X
TSOJZIL,X,X,X,X,X
TSOJZLI,X,X,X,X,X
TSOZILJ,X,X,X,X,X
TSOZIJL,X,X,X,X,X
TSOZLIJ,X,X,X,X,X
TSOZLJI,X,X,X,X,X
TSOZJIL,X,X,X,X,X
TSOZJLI,X,X,X,X,X
TZILJSO,X,X,X,X,X
TZILJOS,X,X,X,X,O
TZILSJO,X,X,X,X,X
TZILSOJ,X,X,X,X,X
TZILOJS,X,X,X,X,O
TZILOSJ,X,X,X,X,X
TZIJLSO,X,X,X,X,X
TZIJLOS,X,X,X,X,O
TZIJSLO,X,X,X,X,X
TZIJSOL,X,X,X,X,X
TZIJOLS,X,X,X,X,X
TZIJOSL,X,X,X,X,X
TZISLJO,X,X,X,X,X
TZISLOJ,X,X,X,X,X
TZISJLO,X,X,X,X,X
TZISJOL,X,X,X,X,X
TZISOLJ,X,X,X,X,X
TZISOJL,X,X,X,X,X
TZIOLJS,X,X,X,X,X
TZIOLSJ,X,X,X,X,X
TZIOJLS,X,X,X,X,X
TZIOJSL,X,X,X,X,X
TZIOSLJ,X,X,X,X,X
TZIOSJL,X,X,X,X,X
TZLIJSO,X,X,X,X,X
TZLIJOS,X,X,X,X,O
TZLISJO,X,X,X,X,X
TZLISOJ,X,X,X,X,X
TZLIOJS,X,X,X,X,O
TZLIOSJ,X,X,X,X,X
TZLJISO,X,X,X,X,X
TZLJIOS,X,X,X,X,O
TZLJSIO,X,X,X,X,X
TZLJSOI,X,X,X,X,X
TZLJOIS,X,X,X,X,O
TZLJOSI,X,X,X,X,X
TZLSIJO,X,X,X,X,X
TZLSIOJ,X,X,X,X,X
TZLSJIO,X,X,X,X,X
TZLSJOI,X,X,X,X,X
TZLSOIJ,X,X,X,X,X
TZLSOJI,X,X,X,X,X
TZLOIJS,X,X,X,X,O
TZLOISJ,X,X,X,X,X
TZLOJIS,X,X,X,X,O
TZLOJSI,X,X,X,X,X
TZLOSIJ,X,X,X,X,X
TZLOSJI,X,X,X,X,X
TZJILSO,X,X,X,X,X
TZJILOS,X,X,X,X,O
TZJISLO,X,X,X,X,X
TZJISOL,X,X,X,X,X
TZJIOLS,X,X,X,X,X
TZJIOSL,X,X,X,X,X
TZJLISO,X,X,X,X,X
TZJLIOS,X,X,X,X,O
TZJLSIO,X,X,X,X,X
TZJLSOI,X,X,X,X,X
TZJLOIS,X,X,X,X,O
TZJLOSI,X,X,X,X,X
TZJSILO,X,X,X,X,X
TZJSIOL,X,X,X,X,X
TZJSLIO,X,X,X,X,X
TZJSLOI,X,X,X,X,X
TZJSOIL,X,X,X,X,X
TZJSOLI,X,X,X,X,X
TZJOILS,X,X,X,X,X
TZJOISL,X,X,X,X,X
TZJOLIS,X,X,X,X,O
TZJOLSI,X,X,X,X,X
TZJOSIL,X,X,X,X,X
TZJOSLI,X,X,X,X,X
TZSILJO,X,X,X,X,X
TZSILOJ,X,X,X,X,X
TZSIJLO,X,X,X,X,X
TZSIJOL,X,X,X,X,X
TZSIOLJ,X,X,X,X,X
TZSIOJL,X,X,X,X,X
TZSLIJO,X,X,X,X,X
TZSLIOJ,X,X,X,X,X
TZSLJIO,X,X,X,X,X
TZSLJOI,X,X,X,X,X
TZSLOIJ,X,X,X,X,X
TZSLOJI,X,X,X,X,X
TZSJILO,X,X,X,X,X
TZSJIOL,X,X,X,X,X
TZSJLIO,X,X,X,X,X
TZSJLOI,X,X,X,X,X
TZSJOIL,X,X,X,X,X
TZSJOLI,X,X,X,X,X
TZSOILJ,X,X,X,X,X
TZSOIJL,X,X,X,X,X
TZSOLIJ,X,X,X,X,X
TZSOLJI,X,X,X,X,X
TZSOJIL,X,X,X,X,X
TZSOJLI,X,X,X,X,X
TZOILJS,X,X,X,X,X
TZOILSJ,X,X,X,X,X
TZOIJLS,X,X,X,X,X
TZOIJSL,X,X,X,X,X
TZOISLJ,X,X,X,X,X
TZOISJL,X,X,X,X,X
TZOLIJS,X,X,X,X,O
TZOLISJ,X,X,X,X,X
TZOLJIS,X,X,X,X,O
TZOLJSI,X,X,X,X,X
TZOLSIJ,X,X,X,X,X
TZOLSJI,X,X,X,X,X
TZOJILS,X,X,X,X,X
TZOJISL,X,X,X,X,X
TZOJLIS,X,X,X,X,O
TZOJLSI,X,X,X,X,X
TZOJSIL,X,X,X,X,X
TZOJSLI,X,X,X,X,X
TZOSILJ,X,X,X,X,X
TZOSIJL,X,X,X,X,X
TZOSLIJ,X,X,X,X,X
TZOSLJI,X,X,X,X,X
TZOSJIL,X,X,X,X,X
TZOSJLI,X,X,X,X,X
TOILJSZ,O,X,X,X,X
TOILJZS,X,X,X,X,X
TOILSJZ,O,X,X,X,X
TOILSZJ,O,X,X,X,X
TOILZJS,X,X,X,X,X
TOILZSJ,X,X,X,X,X
TOIJLSZ,O,X,X,X,X
TOIJLZS,X,X,X,X,X
TOIJSLZ,O,X,X,X,X
TOIJSZL,O,X,X,X,X
TOIJZLS,X,X,X,X,X
TOIJZSL,X,X,X,X,X
TOISLJZ,O,X,X,X,X
TOISLZJ,O,X,X,X,X
TOISJLZ,O,X,X,X,X
TOISJZL,O,X,X,X,X
TOISZLJ,O,X,X,X,X
TOISZJL,O,X,X,X,X
TOIZLJS,X,X,X,X,X
TOIZLSJ,X,X,X,X,X
TOIZJLS,X,X,X,X,X
TOIZJSL,X,X,X,X,X
TOIZSLJ,X,X,X,X,X
TOIZSJL,X,X,X,X,X
TOLIJSZ,O,X,X,X,X
TOLIJZS,X,X,X,X,O
TOLISJZ,O,X,X,X,X
TOLISZJ,O,X,X,X,X
TOLIZJS,X,X,X,X,O
TOLIZSJ,X,X,X,X,X
TOLJISZ,O,X,X,X,X
TOLJIZS,X,X,X,X,O
TOLJSIZ,O,X,X,X,X
TOLJSZI,O,X,X,X,X
TOLJZIS,X,X,X,X,O
TOLJZSI,X,X,X,X,X
TOLSIJZ,O,X,X,X,X
TOLSIZJ,O,X,X,X,X
TOLSJIZ,O,X,X,X,X
TOLSJZI,O,X,X,X,X
TOLSZIJ,O,X,X,X,X
TOLSZJI,O,X,X,X,X
TOLZIJS,X,X,X,X,O
TOLZISJ,X,X,X,X,X
TOLZJIS,X,X,X,X,O
TOLZJSI,X,X,X,X,X
TOLZSIJ,X,X,X,X,X
TOLZSJI,X,X,X,X,X
TOJILSZ,O,X,X,X,X
TOJILZS,X,X,X,X,X
TOJISLZ,O,X,X,X,X
TOJISZL,O,X,X,X,X
TOJIZLS,X,X,X,X,X
TOJIZSL,X,X,X,X,X
TOJLISZ,O,X,X,X,X
TOJLIZS,X,X,X,X,O
TOJLSIZ,O,X,X,X,X
TOJLSZI,O,X,X,X,X
TOJLZIS,X,X,X,X,O
TOJLZSI,X,X,X,X,X
TOJSILZ,O,X,X,X,X
TOJSIZL,O,X,X,X,X
TOJSLIZ,O,X,X,X,X
TOJSLZI,O,X,X,X,X
TOJSZIL,O,X,X,X,X
TOJSZLI,O,X,X,X,X
TOJZILS,X,X,X,X,X
TOJZISL,X,X,X,X,X
TOJZLIS,X,X,X,X,O
TOJZLSI,X,X,X,X,X
TOJZSIL,X,X,X,X,X
TOJZSLI,X,X,X,X,X
TOSILJZ,O,X,X,X,X
TOSILZJ,O,X,X,X,X
TOSIJLZ,O,X,X,X,X
TOSIJZL,O,X,X,X,X
TOSIZLJ,O,X,X,X,X
TOSIZJL,O,X,X,X,X
TOSLIJZ,O,X,X,X,X
TOSLIZJ,O,X,X,X,X
TOSLJIZ,O,X,X,X,X
TOSLJZI,O,X,X,X,X
TOSLZIJ,O,X,X,X,X
TOSLZJI,O,X,X,X,X
TOSJILZ,O,X,X,X,X
TOSJIZL,O,X,X,X,X
TOSJLIZ,O,X,X,X,X
TOSJLZI,O,X,X,X,X
TOSJZIL,O,X,X,X,X
TOSJZLI,O,X,X,X,X
TOSZILJ,O,X,X,X,X
TOSZIJL,O,X,X,X,X
TOSZLIJ,O,X,X,X,X
TOSZLJI,O,X,X,X,X
TOSZJIL,O,X,X,X,X
TOSZJLI,O,X,X,X,X
TOZILJS,X,X,X,X,X
TOZILSJ,X,X,X,X,X
TOZIJLS,X,X,X,X,X
TOZIJSL,X,X,X,X,X
TOZISLJ,X,X,X,X,X
TOZISJL,X,X,X,X,X
TOZLIJS,X,X,X,X,O
TOZLISJ,X,X,X,X,X
TOZLJIS,X,X,X,X,O
TOZLJSI,X,X,X,X,X
TOZLSIJ,X,X,X,X,X
TOZLSJI,X,X,X,X,X
TOZJILS,X,X,X,X,X
TOZJISL,X,X,X,X,X
TOZJLIS,X,X,X,X,O
TOZJLSI,X,X,X,X,X
TOZJSIL,X,X,X,X,X
TOZJSLI,X,X,X,X,X
TOZSILJ,X,X,X,X,X
TOZSIJL,X,X,X,X,X
TOZSLIJ,X,X,X,X,X
TOZSLJI,X,X,X,X,X
TOZSJIL,X,X,X,X,X
TOZSJLI,X,X,X,X,X
ITLJSZO,O,O,X,X,X
ITLJSOZ,X,X,X,X,X
ITLJZSO,X,X,X,X,X
ITLJZOS,X,X,X,X,O
ITLJOSZ,O,X,X,X,X
ITLJOZS,X,X,X,X,O
ITLSJZO,O,O,X,X,X
ITLSJOZ,X,X,X,X,X
ITLSZJO,O,O,X,X,X
ITLSZOJ,X,O,X,X,X
ITLSOJZ,X,X,X,X,X
ITLSOZJ,X,X,X,X,X
ITLZJSO,X,X,X,X,X
ITLZJOS,X,X,X,X,O
ITLZSJO,X,X,X,X,X
ITLZSOJ,X,X,X,X,X
ITLZOJS,X,X,X,X,O
ITLZOSJ,X,X,X,X,X
ITLOJSZ,O,X,X,X,X
ITLOJZS,X,X,X,X,O
ITLOSJZ,O,X,X,X,X
ITLOSZJ,O,X,X,X,X
ITLOZJS,X,X,X,X,O
ITLOZSJ,X,X,X,X,X
ITJLSZO,O,O,X,X,X
ITJLSOZ,X,X,X,X,X
ITJLZSO,X,X,X,X,X
ITJLZOS,X,X,X,X,O
ITJLOSZ,O,X,X,X,X
ITJLOZS,X,X,X,X,O
ITJSLZO,O,O,X,X,X
ITJSLOZ,X,X,X,X,X
ITJSZLO,O,O,X,X,X
ITJSZOL,X,O,X,X,X
ITJSOLZ,X,X,X,X,X
ITJSOZL,X,X,X,X,X
ITJZLSO,X,X,X,X,X
ITJZLOS,X,X,X,X,O
ITJZSLO,X,X,X,X,X
ITJZSOL,X,X,X,X,X
ITJZOLS,X,X,X,X,X
ITJZOSL,X,X,X,X,X
ITJOLSZ,O,X,X,X,X
ITJOLZS,X,X,X,X,X
ITJOSLZ,O,X,X,X,X
ITJOSZL,O,X,X,X,X
ITJOZLS,X,X,X,X,X
ITJOZSL,X,X,X,X,X
ITSLJZO,O,O,X,X,X
ITSLJOZ,X,X,X,X,X
ITSLZJO,O,O,X,X,X
ITSLZOJ,X,O,X,X,X
ITSLOJZ,X,X,X,X,X
ITSLOZJ,X,X,X,X,X
ITSJLZO,O,O,X,X,X
ITSJLOZ,X,X,X,X,X
ITSJZLO,O,O,X,X,X
ITSJZOL,X,O,X,X,X
ITSJOLZ,X,X,X,X,X
ITSJOZL,X,X,X,X,X
ITSZLJO,O,O,X,X,X
ITSZLOJ,X,O,X,X,X
ITSZJLO,O,O,X,X,X
ITSZJOL,X,O,X,X,X
ITSZOLJ,X,O,X,X,X
ITSZOJL,X,O,X,X,X
ITSOLJZ,X,X,X,X,X
ITSOLZJ,X,X,X,X,X
ITSOJLZ,X,X,X,X,X
ITSOJZL,X,X,X,X,X
ITSOZLJ,X,X,X,X,X
ITSOZJL,X,X,X,X,X
ITZLJSO,X,X,X,X,X
ITZLJOS,X,X,X,X,O
ITZLSJO,X,X,X,X,X
ITZLSOJ,X,X,X,X,X
ITZLOJS,X,X,X,X,O
ITZLOSJ,X,X,X,X,X
ITZJLSO,X,X,X,X,X
ITZJLOS,X,X,X,X,O
ITZJSLO,X,X,X,X,X
ITZJSOL,X,X,X,X,X
ITZJOLS,X,X,X,X,X
ITZJOSL,X,X,X,X,X
ITZSLJO,X,X,X,X,X
ITZSLOJ,X,X,X,X,X
ITZSJLO,X,X,X,X,X
ITZSJOL,X,X,X,X,X
ITZSOLJ,X,X,X,X,X
ITZSOJL,X,X,X,X,X
ITZOLJS,X,X,X,X,X
ITZOLSJ,X,X,X,X,X
ITZOJLS,X,X,X,X,X
ITZOJSL,X,X,X,X,X
ITZOSLJ,X,X,X,X,X
ITZOSJL,X,X,X,X,X
ITOLJSZ,O,X,X,X,X
ITOLJZS,X,X,X,X,X
ITOLSJZ,O,X,X,X,X
ITOLSZJ,O,X,X,X,X
ITOLZJS,X,X,X,X,X
ITOLZSJ,X,X,X,X,X
ITOJLSZ,O,X,X,X,X
ITOJLZS,X,X,X,X,X
ITOJSLZ,O,X,X,X,X
ITOJSZL,O,X,X,X,X
ITOJZLS,X,X,X,X,X
ITOJZSL,X,X,X,X,X
ITOSLJZ,O,X,X,X,X
ITOSLZJ,O,X,X,X,X
ITOSJLZ,O,X,X,X,X
ITOSJZL,O,X,X,X,X
ITOSZLJ,O,X,X,X,X
ITOSZJL,O,X,X,X,X
ITOZLJS,X,X,X,X,X
ITOZLSJ,X,X,X,X,X
ITOZJLS,X,X,X,X,X
ITOZJSL,X,X,X,X,X
ITOZSLJ,X,X,X,X,X
ITOZSJL,X,X,X,X,X
ILTJSZO,O,O,X,X,X
ILTJSOZ,X,X,X,X,X
ILTJZSO,X,X,X,X,X
ILTJZOS,X,X,X,X,O
ILTJOSZ,O,X,X,X,X
ILTJOZS,X,X,X,X,O
ILTSJZO,O,O,X,X,X
ILTSJOZ,X,X,X,X,X
ILTSZJO,O,O,X,X,X
ILTSZOJ,X,O,X,X,X
ILTSOJZ,X,X,X,X,X
ILTSOZJ,X,X,X,X,X
ILTZJSO,X,X,X,X,X
ILTZJOS,X,X,X,X,O
ILTZSJO,X,X,X,X,X
ILTZSOJ,X,X,X,X,X
ILTZOJS,X,X,X,X,O
ILTZOSJ,X,X,X,X,X
ILTOJSZ,O,X,X,X,X
ILTOJZS,X,X,X,X,O
ILTOSJZ,O,X,X,X,X
ILTOSZJ,O,X,X,X,X
ILTOZJS,X,X,X,X,O
ILTOZSJ,X,X,X,X,X
ILJTSZO,O,O,X,X,X
ILJTSOZ,X,X,X,O,X
ILJTZSO,X,X,X,X,X
ILJTZOS,X,X,O,X,X
ILJTOSZ,O,X,X,O,X
ILJTOZS,X,X,O,X,X
ILJSTZO,O,O,X,X,X
ILJSTOZ,X,X,X,O,X
ILJSZTO,O,O,X,X,X
ILJSZOT,X,O,X,X,X
ILJSOTZ,O,X,X,X,X
ILJSOZT,O,X,X,X,X
ILJZTSO,X,X,X,X,X
ILJZTOS,X,X,O,X,X
ILJZSTO,X,O,X,X,X
ILJZSOT,X,O,X,X,X
ILJZOTS,X,X,X,X,X
ILJZOST,X,O,X,X,X
ILJOTSZ,O,X,X,X,X
ILJOTZS,X,X,X,X,X
ILJOSTZ,O,X,X,X,X
ILJOSZT,O,X,X,X,X
ILJOZTS,X,X,X,X,X
ILJOZST,X,X,X,X,X
ILSTJZO,O,O,X,X,X
ILSTJOZ,X,X,X,X,X
ILSTZJO,O,O,X,X,X
ILSTZOJ,X,O,X,X,X
ILSTOJZ,X,X,X,X,X
ILSTOZJ,X,X,X,X,X
ILSJTZO,O,O,X,X,X
ILSJTOZ,X,X,X,O,X
ILSJZTO,O,O,X,X,X
ILSJZOT,X,O,X,X,X
ILSJOTZ,O,X,X,X,X
ILSJOZT,O,X,X,X,X
ILSZTJO,O,O,X,X,X
ILSZTOJ,X,O,X,X,X
ILSZJTO,O,O,X,X,X
ILSZJOT,X,O,X,X,X
ILSZOTJ,X,O,X,X,X
ILSZOJT,X,O,X,X,X
ILSOTJZ,O,X,X,X,X
ILSOTZJ,O,X,X,X,X
ILSOJTZ,O,X,X,X,X
ILSOJZT,O,X,X,X,X
ILSOZTJ,O,X,X,X,X
ILSOZJT,O,X,X,X,X
ILZTJSO,X,X,X,X,X
ILZTJOS,X,X,X,X,O
ILZTSJO,X,X,X,X,X
ILZTSOJ,X,X,X,X,X
ILZTOJS,X,X,X,X,O
ILZTOSJ,X,X,X,X,X
ILZJTSO,X,X,X,X,X
ILZJTOS,X,X,O,X,X
ILZJSTO,X,O,X,X,X
ILZJSOT,X,O,X,X,X
ILZJOTS,X,X,X,X,X
ILZJOST,X,O,X,X,X
ILZSTJO,X,O,X,X,X
ILZSTOJ,X,O,X,X,X
ILZSJTO,X,O,X,X,X
ILZSJOT,X,O,X,X,X
ILZSOTJ,X,O,X,X,X
ILZSOJT,X,O,X,X,X
ILZOTJS,X,X,X,X,X
ILZOTSJ,X,X,X,X,X
ILZOJTS,X,X,X,X,X
ILZOJST,X,O,X,X,X
ILZOSTJ,X,O,X,X,X
ILZOSJT,X,O,X,X,X
ILOTJSZ,O,X,X,X,X
ILOTJZS,X,X,X,X,X
ILOTSJZ,O,X,X,X,X
ILOTSZJ,O,X,X,X,X
ILOTZJS,X,X,X,X,X
ILOTZSJ,X,X,X,X,X
ILOJTSZ,O,X,X,X,X
ILOJTZS,X,X,X,X,X
ILOJSTZ,O,X,X,X,X
ILOJSZT,O,X,X,X,X
ILOJZTS,X,X,X,X,X
ILOJZST,X,X,X,X,X
ILOSTJZ,O,X,X,X,X
ILOSTZJ,O,X,X,X,X
ILOSJTZ,O,X,X,X,X
ILOSJZT,O,X,X,X,X
ILOSZTJ,O,X,X,X,X
ILOSZJT,O,X,X,X,X
ILOZTJS,X,X,X,X,X
ILOZTSJ,X,X,X,X,X
ILOZJTS,X,X,X,X,X
ILOZJST,X,X,X,X,X
ILOZSTJ,X,X,X,X,X
ILOZSJT,X,X,X,X,X
IJTLSZO,O,O,X,X,X
IJTLSOZ,X,X,X,O,X
IJTLZSO,X,X,X,X,X
IJTLZOS,X,X,O,X,X
IJTLOSZ,O,X,X,O,X
IJTLOZS,X,X,O,X,X
IJTSLZO,O,O,X,X,X
IJTSLOZ,X,X,X,O,X
IJTSZLO,O,O,X,X,X
IJTSZOL,X,O,X,X,X
IJTSOLZ,X,X,X,O,X
IJTSOZL,X,X,X,X,X
IJTZLSO,X,X,X,X,X
IJTZLOS,X,X,O,X,X
IJTZSLO,X,X,X,X,X
IJTZSOL,X,X,X,X,X
IJTZOLS,X,X,O,X,X
IJTZOSL,X,X,X,X,X
IJTOLSZ,O,X,X,O,X
IJTOLZS,X,X,O,X,X
IJTOSLZ,O,X,X,O,X
IJTOSZL,O,X,X,X,X
IJTOZLS,X,X,O,X,X
IJTOZSL,X,X,X,X,X
IJLTSZO,O,O,X,X,X
IJLTSOZ,X,X,X,O,X
IJLTZSO,X,X,X,X,X
IJLTZOS,X,X,O,X,X
IJLTOSZ,O,X,X,O,X
IJLTOZS,X,X,O,X,X
IJLSTZO,O,O,X,X,X
IJLSTOZ,X,X,X,O,X
IJLSZTO,O,O,X,X,X
IJLSZOT,X,O,X,X,X
IJLSOTZ,O,X,X,X,X
IJLSOZT,O,X,X,X,X
IJLZTSO,X,X,X,X,X
IJLZTOS,X,X,O,X,X
IJLZSTO,X,O,X,X,X
IJLZSOT,X,O,X,X,X
IJLZOTS,X,X,X,X,X
IJLZOST,X,O,X,X,X
IJLOTSZ,O,X,X,X,X
IJLOTZS,X,X,X,X,X
IJLOSTZ,O,X,X,X,X
IJLOSZT,O,X,X,X,X
IJLOZTS,X,X,X,X,X
IJLOZST,X,X,X,X,X
IJSTLZO,O,O,X,X,X
IJSTLOZ,X,X,X,O,X
IJSTZLO,O,O,X,X,X
IJSTZOL,X,O,X,X,X
IJSTOLZ,X,X,X,O,X
IJSTOZL,X,X,X,X,X
IJSLTZO,O,O,X,X,X
IJSLTOZ,X,X,X,O,X
IJSLZTO,O,O,X,X,X
IJSLZOT,X,O,X,X,X
IJSLOTZ,O,X,X,X,X
IJSLOZT,O,X,X,X,X
IJSZTLO,O,O,X,X,X
IJSZTOL,X,O,X,X,X
IJSZLTO,O,O,X,X,X
IJSZLOT,X,O,X,X,X
IJSZOTL,X,O,X,X,X
IJSZOLT,X,O,X,X,X
IJSOTLZ,O,X,X,X,X
IJSOTZL,O,X,X,X,X
IJSOLTZ,O,X,X,X,X
IJSOLZT,O,X,X,X,X
IJSOZTL,O,X,X,X,X
IJSOZLT,O,X,X,X,X
IJZTLSO,X,X,X,X,X
IJZTLOS,X,X,O,X,X
IJZTSLO,X,X,X,X,X
IJZTSOL,X,X,X,X,X
IJZTOLS,X,X,O,X,X
IJZTOSL,X,X,X,X,X
IJZLTSO,X,X,X,X,X
IJZLTOS,X,X,O,X,X
IJZLSTO,X,O,X,X,X
IJZLSOT,X,O,X,X,X
IJZLOTS,X,X,X,X,X
IJZLOST,X,O,X,X,X
IJZSTLO,X,O,X,X,X
IJZSTOL,X,O,X,X,X
IJZSLTO,X,O,X,X,X
IJZSLOT,X,O,X,X,X
IJZSOTL,X,O,X,X,X
IJZSOLT,X,O,X,X,X
IJZOTLS,X,X,X,X,X
IJZOTSL,X,X,X,X,X
IJZOLTS,X,X,X,X,X
IJZOLST,X,O,X,X,X
IJZOSTL,X,O,X,X,X
IJZOSLT,X,O,X,X,X
IJOTLSZ,O,X,X,X,X
IJOTLZS,X,X,X,X,X
IJOTSLZ,O,X,X,X,X
IJOTSZL,O,X,X,X,X
IJOTZLS,X,X,X,X,X
IJOTZSL,X,X,X,X,X
IJOLTSZ,O,X,X,X,X
IJOLTZS,X,X,X,X,X
IJOLSTZ,O,X,X,X,X
IJOLSZT,O,X,X,X,X
IJOLZTS,X,X,X,X,X
IJOLZST,X,X,X,X,X
IJOSTLZ,O,X,X,X,X
IJOSTZL,O,X,X,X,X
IJOSLTZ,O,X,X,X,X
IJOSLZT,O,X,X,X,X
IJOSZTL,O,X,X,X,X
IJOSZLT,O,X,X,X,X
IJOZTLS,X,X,X,X,X
IJOZTSL,X,X,X,X,X
IJOZLTS,X,X,X,X,X
IJOZLST,X,X,X,X,X
IJOZSTL,X,X,X,X,X
IJOZSLT,X,X,X,X,X
ISTLJZO,O,O,X,X,X
ISTLJOZ,X,X,X,X,X
ISTLZJO,O,O,X,X,X
ISTLZOJ,X,O,X,X,X
ISTLOJZ,X,X,X,X,X
ISTLOZJ,X,X,X,X,X
ISTJLZO,O,O,X,X,X
ISTJLOZ,X,X,X,X,X
ISTJZLO,O,O,X,X,X
ISTJZOL,X,O,X,X,X
ISTJOLZ,X,X,X,X,X
ISTJOZL,X,X,X,X,X
ISTZLJO,O,O,X,X,X
ISTZLOJ,X,O,X,X,X
ISTZJLO,O,O,X,X,X
ISTZJOL,X,O,X,X,X
ISTZOLJ,X,O,X,X,X
ISTZOJL,X,O,X,X,X
ISTOLJZ,X,X,X,X,X
ISTOLZJ,X,X,X,X,X
ISTOJLZ,X,X,X,X,X
ISTOJZL,X,X,X,X,X
ISTOZLJ,X,X,X,X,X
ISTOZJL,X,X,X,X,X
ISLTJZO,O,O,X,X,X
ISLTJOZ,X,X,X,X,X
ISLTZJO,O,O,X,X,X
ISLTZOJ,X,O,X,X,X
ISLTOJZ,X,X,X,X,X
ISLTOZJ,X,X,X,X,X
ISLJTZO,O,O,X,X,X
ISLJTOZ,X,X,X,O,X
ISLJZTO,O,O,X,X,X
ISLJZOT,X,O,X,X,X
ISLJOTZ,O,X,X,X,X
ISLJOZT,O,X,X,X,X
ISLZTJO,O,O,X,X,X
ISLZTOJ,X,O,X,X,X
ISLZJTO,O,O,X,X,X
ISLZJOT,X,O,X,X,X
ISLZOTJ,X,O,X,X,X
ISLZOJT,X,O,X,X,X
ISLOTJZ,O,X,X,X,X
ISLOTZJ,O,X,X,X,X
ISLOJTZ,O,X,X,X,X
ISLOJZT,O,X,X,X,X
ISLOZTJ,O,X,X,X,X
ISLOZJT,O,X,X,X,X
ISJTLZO,O,O,X,X,X
ISJTLOZ,X,X,X,O,X
ISJTZLO,O,O,X,X,X
ISJTZOL,X,O,X,X,X
ISJTOLZ,X,X,X,O,X
ISJTOZL,X,X,X,X,X
ISJLTZO,O,O,X,X,X
ISJLTOZ,X,X,X,O,X
ISJLZTO,O,O,X,X,X
ISJLZOT,X,O,X,X,X
ISJLOTZ,O,X,X,X,X
ISJLOZT,O,X,X,X,X
ISJZTLO,O,O,X,X,X
ISJZTOL,X,O,X,X,X
ISJZLTO,O,O,X,X,X
ISJZLOT,X,O,X,X,X
ISJZOTL,X,O,X,X,X
ISJZOLT,X,O,X,X,X
ISJOTLZ,O,X,X,X,X
ISJOTZL,O,X,X,X,X
ISJOLTZ,O,X,X,X,X
ISJOLZT,O,X,X,X,X
ISJOZTL,O,X,X,X,X
ISJOZLT,O,X,X,X,X
ISZTLJO,O,O,X,X,X
ISZTLOJ,X,O,X,X,X
ISZTJLO,O,O,X,X,X
ISZTJOL,X,O,X,X,X
ISZTOLJ,X,O,X,X,X
ISZTOJL,X,O,X,X,X
ISZLTJO,O,O,X,X,X
ISZLTOJ,X,O,X,X,X
ISZLJTO,O,O,X,X,X
ISZLJOT,X,O,X,X,X
ISZLOTJ,X,O,X,X,X
ISZLOJT,X,O,X,X,X
ISZJTLO,O,O,X,X,X
ISZJTOL,X,O,X,X,X
ISZJLTO,O,O,X,X,X
ISZJLOT,X,O,X,X,X
ISZJOTL,X,O,X,X,X
ISZJOLT,X,O,X,X,X
ISZOTLJ,X,O,X,X,X
ISZOTJL,X,O,X,X,X
ISZOLTJ,X,O,X,X,X
ISZOLJT,X,O,X,X,X
ISZOJTL,X,O,X,X,X
ISZOJLT,X,O,X,X,X
ISOTLJZ,O,X,X,X,X
ISOTLZJ,O,X,X,X,X
ISOTJLZ,O,X,X,X,X
ISOTJZL,O,X,X,X,X
ISOTZLJ,O,X,X,X,X
ISOTZJL,O,X,X,X,X
ISOLTJZ,O,X,X,X,X
ISOLTZJ,O,X,X,X,X
ISOLJTZ,O,X,X,X,X
ISOLJZT,O,X,X,X,X
ISOLZTJ,O,X,X,X,X
ISOLZJT,O,X,X,X,X
ISOJTLZ,O,X,X,X,X
ISOJTZL,O,X,X,X,X
ISOJLTZ,O,X,X,X,X
ISOJLZT,O,X,X,X,X
ISOJZTL,O,X,X,X,X
ISOJZLT,O,X,X,X,X
ISOZTLJ,O,X,X,X,X
ISOZTJL,O,X,X,X,X
ISOZLTJ,O,X,X,X,X
ISOZLJT,O,X,X,X,X
ISOZJTL,O,X,X,X,X
ISOZJLT,O,X,X,X,X
IZTLJSO,X,X,X,X,X
IZTLJOS,X,X,X,X,O
IZTLSJO,X,X,X,X,X
IZTLSOJ,X,X,X,X,X
IZTLOJS,X,X,X,X,O
IZTLOSJ,X,X,X,X,X
IZTJLSO,X,X,X,X,X
IZTJLOS,X,X,X,X,O
IZTJSLO,X,X,X,X,X
IZTJSOL,X,X,X,X,X
IZTJOLS,X,X,X,X,X
IZTJOSL,X,X,X,X,X
IZTSLJO,X,X,X,X,X
IZTSLOJ,X,X,X,X,X
IZTSJLO,X,X,X,X,X
IZTSJOL,X,X,X,X,X
IZTSOLJ,X,X,X,X,X
IZTSOJL,X,X,X,X,X
IZTOLJS,X,X,X,X,X
IZTOLSJ,X,X,X,X,X
IZTOJLS,X,X,X,X,X
IZTOJSL,X,X,X,X,X
IZTOSLJ,X,X,X,X,X
IZTOSJL,X,X,X,X,X
IZLTJSO,X,X,X,X,X
IZLTJOS,X,X,X,X,O
IZLTSJO,X,X,X,X,X
IZLTSOJ,X,X,X,X,X
IZLTOJS,X,X,X,X,O
IZLTOSJ,X,X,X,X,X
IZLJTSO,X,X,X,X,X
IZLJTOS,X,X,O,X,X
IZLJSTO,X,O,X,X,X
IZLJSOT,X,O,X,X,X
IZLJOTS,X,X,X,X,X
IZLJOST,X,O,X,X,X
IZLSTJO,X,O,X,X,X
IZLSTOJ,X,O,X,X,X
IZLSJTO,X,O,X,X,X
IZLSJOT,X,O,X,X,X
IZLSOTJ,X,O,X,X,X
IZLSOJT,X,O,X,X,X
IZLOTJS,X,X,X,X,X
IZLOTSJ,X,X,X,X,X
IZLOJTS,X,X,X,X,X
IZLOJST,X,O,X,X,X
IZLOSTJ,X,O,X,X,X
IZLOSJT,X,O,X,X,X
IZJTLSO,X,X,X,X,X
IZJTLOS,X,X,O,X,X
IZJTSLO,X,X,X,X,X
IZJTSOL,X,X,X,X,X
IZJTOLS,X,X,O,X,X
IZJTOSL,X,X,X,X,X
IZJLTSO,X,X,X,X,X
IZJLTOS,X,X,O,X,X
IZJLSTO,X,O,X,X,X
IZJLSOT,X,O,X,X,X
IZJLOTS,X,X,X,X,X
IZJLOST,X,O,X,X,X
IZJSTLO,X,O,X,X,X
IZJSTOL,X,O,X,X,X
IZJSLTO,X,O,X,X,X
IZJSLOT,X,O,X,X,X
IZJSOTL,X,O,X,X,X
IZJSOLT,X,O,X,X,X
IZJOTLS,X,X,X,X,X
IZJOTSL,X,X,X,X,X
IZJOLTS,X,X,X,X,X
IZJOLST,X,O,X,X,X
IZJOSTL,X,O,X,X,X
IZJOSLT,X,O,X,X,X
IZSTLJO,X,O,X,X,X
IZSTLOJ,X,O,X,X,X
IZSTJLO,X,O,X,X,X
IZSTJOL,X,O,X,X,X
IZSTOLJ,X,O,X,X,X
IZSTOJL,X,O,X,X,X
IZSLTJO,X,O,X,X,X
IZSLTOJ,X,O,X,X,X
IZSLJTO,X,O,X,X,X
IZSLJOT,X,O,X,X,X
IZSLOTJ,X,O,X,X,X
IZSLOJT,X,O,X,X,X
IZSJTLO,X,O,X,X,X
IZSJTOL,X,O,X,X,X
IZSJLTO,X,O,X,X,X
IZSJLOT,X,O,X,X,X
IZSJOTL,X,O,X,X,X
IZSJOLT,X,O,X,X,X
IZSOTLJ,X,O,X,X,X
IZSOTJL,X,O,X,X,X
IZSOLTJ,X,O,X,X,X
IZSOLJT,X,O,X,X,X
IZSOJTL,X,O,X,X,X
IZSOJLT,X,O,X,X,X
IZOTLJS,X,X,X,X,X
IZOTLSJ,X,X,X,X,X
IZOTJLS,X,X,X,X,X
IZOTJSL,X,X,X,X,X
IZOTSLJ,X,X,X,X,X
IZOTSJL,X,X,X,X,X
IZOLTJS,X,X,X,X,X
IZOLTSJ,X,X,X,X,X
IZOLJTS,X,X,X,X,X
IZOLJST,X,O,X,X,X
IZOLSTJ,X,O,X,X,X
IZOLSJT,X,O,X,X,X
IZOJTLS,X,X,X,X,X
IZOJTSL,X,X,X,X,X
IZOJLTS,X,X,X,X,X
IZOJLST,X,O,X,X,X
IZOJSTL,X,O,X,X,X
IZOJSLT,X,O,X,X,X
IZOSTLJ,X,O,X,X,X
IZOSTJL,X,O,X,X,X
IZOSLTJ,X,O,X,X,X
IZOSLJT,X,O,X,X,X
IZOSJTL,X,O,X,X,X
IZOSJLT,X,O,X,X,X
IOTLJSZ,O,X,X,X,X
IOTLJZS,X,X,X,X,X
IOTLSJZ,O,X,X,X,X
IOTLSZJ,O,X,X,X,X
IOTLZJS,X,X,X,X,X
IOTLZSJ,X,X,X,X,X
IOTJLSZ,O,X,X,X,X
IOTJLZS,X,X,X,X,X
IOTJSLZ,O,X,X,X,X
IOTJSZL,O,X,X,X,X
IOTJZLS,X,X,X,X,X
IOTJZSL,X,X,X,X,X
IOTSLJZ,O,X,X,X,X
IOTSLZJ,O,X,X,X,X
IOTSJLZ,O,X,X,X,X
IOTSJZL,O,X,X,X,X
IOTSZLJ,O,X,X,X,X
IOTSZJL,O,X,X,X,X
IOTZLJS,X,X,X,X,X
IOTZLSJ,X,X,X,X,X
IOTZJLS,X,X,X,X,X
IOTZJSL,X,X,X,X,X
IOTZSLJ,X,X,X,X,X
IOTZSJL,X,X,X,X,X
IOLTJSZ,O,X,X,X,X
IOLTJZS,X,X,X,X,X
IOLTSJZ,O,X,X,X,X
IOLTSZJ,O,X,X,X,X
IOLTZJS,X,X,X,X,X
IOLTZSJ,X,X,X,X,X
IOLJTSZ,O,X,X,X,X
IOLJTZS,X,X,X,X,X
IOLJSTZ,O,X,X,X,X
IOLJSZT,O,X,X,X,X
IOLJZTS,X,X,X,X,X
IOLJZST,X,X,X,X,X
IOLSTJZ,O,X,X,X,X
IOLSTZJ,O,X,X,X,X
IOLSJTZ,O,X,X,X,X
IOLSJZT,O,X,X,X,X
IOLSZTJ,O,X,X,X,X
IOLSZJT,O,X,X,X,X
IOLZTJS,X,X,X,X,X
IOLZTSJ,X,X,X,X,X
IOLZJTS,X,X,X,X,X
IOLZJST,X,X,X,X,X
IOLZSTJ,X,X,X,X,X
IOLZSJT,X,X,X,X,X
IOJTLSZ,O,X,X,X,X
IOJTLZS,X,X,X,X,X
IOJTSLZ,O,X,X,X,X
IOJTSZL,O,X,X,X,X
IOJTZLS,X,X,X,X,X
IOJTZSL,X,X,X,X,X
IOJLTSZ,O,X,X,X,X
IOJLTZS,X,X,X,X,X
IOJLSTZ,O,X,X,X,X
IOJLSZT,O,X,X,X,X
IOJLZTS,X,X,X,X,X
IOJLZST,X,X,X,X,X
IOJSTLZ,O,X,X,X,X
IOJSTZL,O,X,X,X,X
IOJSLTZ,O,X,X,X,X
IOJSLZT,O,X,X,X,X
IOJSZTL,O,X,X,X,X
IOJSZLT,O,X,X,X,X
IOJZTLS,X,X,X,X,X
IOJZTSL,X,X,X,X,X
IOJZLTS,X,X,X,X,X
IOJZLST,X,X,X,X,X
IOJZSTL,X,X,X,X,X
IOJZSLT,X,X,X,X,X
IOSTLJZ,O,X,X,X,X
IOSTLZJ,O,X,X,X,X
IOSTJLZ,O,X,X,X,X
IOSTJZL,O,X,X,X,X
IOSTZLJ,O,X,X,X,X
IOSTZJL,O,X,X,X,X
IOSLTJZ,O,X,X,X,X
IOSLTZJ,O,X,X,X,X
IOSLJTZ,O,X,X,X,X
IOSLJZT,O,X,X,X,X
IOSLZTJ,O,X,X,X,X
IOSLZJT,O,X,X,X,X
IOSJTLZ,O,X,X,X,X
IOSJTZL,O,X,X,X,X
IOSJLTZ,O,X,X,X,X
IOSJLZT,O,X,X,X,X
IOSJZTL,O,X,X,X,X
IOSJZLT,O,X,X,X,X
IOSZTLJ,O,X,X,X,X
IOSZTJL,O,X,X,X,X
IOSZLTJ,O,X,X,X,X
IOSZLJT,O,X,X,X,X
IOSZJTL,O,X,X,X,X
IOSZJLT,O,X,X,X,X
IOZTLJS,X,X,X,X,X
IOZTLSJ,X,X,X,X,X
IOZTJLS,X,X,X,X,X
IOZTJSL,X,X,X,X,X
IOZTSLJ,X,X,X,X,X
IOZTSJL,X,X,X,X,X
IOZLTJS,X,X,X,X,X
IOZLTSJ,X,X,X,X,X
IOZLJTS,X,X,X,X,X
IOZLJST,X,X,X,X,X
IOZLSTJ,X,X,X,X,X
IOZLSJT,X,X,X,X,X
IOZJTLS,X,X,X,X,X
IOZJTSL,X,X,X,X,X
IOZJLTS,X,X,X,X,X
IOZJLST,X,X,X,X,X
IOZJSTL,X,X,X,X,X
IOZJSLT,X,X,X,X,X
IOZSTLJ,X,X,X,X,X
IOZSTJL,X,X,X,X,X
IOZSLTJ,X,X,X,X,X
IOZSLJT,X,X,X,X,X
IOZSJTL,X,X,X,X,X
IOZSJLT,X,X,X,X,X
LTIJSZO,O,O,X,X,X
LTIJSOZ,X,X,X,X,X
LTIJZSO,X,X,X,X,X
LTIJZOS,X,X,X,X,O
LTIJOSZ,O,X,X,X,X
LTIJOZS,X,X,X,X,O
LTISJZO,O,O,X,X,X
LTISJOZ,X,X,X,X,X
LTISZJO,O,O,X,X,X
LTISZOJ,X,O,X,X,X
LTISOJZ,X,X,X,X,X
LTISOZJ,X,X,X,X,X
LTIZJSO,X,X,X,X,X
LTIZJOS,X,X,X,X,O
LTIZSJO,X,X,X,X,X
LTIZSOJ,X,X,X,X,X
LTIZOJS,X,X,X,X,O
LTIZOSJ,X,X,X,X,X
LTIOJSZ,O,X,X,X,X
LTIOJZS,X,X,X,X,O
LTIOSJZ,O,X,X,X,X
LTIOSZJ,O,X,X,X,X
LTIOZJS,X,X,X,X,O
LTIOZSJ,X,X,X,X,X
LTJISZO,O,O,X,X,X
LTJISOZ,X,X,X,X,X
LTJIZSO,X,X,X,X,X
LTJIZOS,X,X,X,X,O
LTJIOSZ,O,X,X,X,X
LTJIOZS,X,X,X,X,O
LTJSIZO,O,O,X,X,X
LTJSIOZ,X,X,X,X,X
LTJSZIO,O,X,X,X,X
LTJSZOI,X,X,X,X,X
LTJSOIZ,X,X,X,X,X
LTJSOZI,X,X,X,X,X
LTJZISO,X,X,X,X,X
LTJZIOS,X,X,X,X,O
LTJZSIO,X,X,X,X,X
LTJZSOI,X,X,X,X,X
LTJZOIS,X,X,X,X,O
LTJZOSI,X,X,X,X,X
LTJOISZ,O,X,X,X,X
LTJOIZS,X,X,X,X,O
LTJOSIZ,O,X,X,X,X
LTJOSZI,O,X,X,X,X
LTJOZIS,X,X,X,X,O
LTJOZSI,X,X,X,X,X
LTSIJZO,O,O,X,X,X
LTSIJOZ,X,X,X,X,X
LTSIZJO,O,O,X,X,X
LTSIZOJ,X,O,X,X,X
LTSIOJZ,X,X,X,X,X
LTSIOZJ,X,X,X,X,X
LTSJIZO,O,O,X,X,X
LTSJIOZ,X,X,X,X,X
LTSJZIO,O,X,X,X,X
LTSJZOI,X,X,X,X,X
LTSJOIZ,X,X,X,X,X
LTSJOZI,X,X,X,X,X
LTSZIJO,O,X,X,X,X
LTSZIOJ,X,X,X,X,X
LTSZJIO,O,X,X,X,X
LTSZJOI,X,X,X,X,X
LTSZOIJ,X,X,X,X,X
LTSZOJI,X,X,X,X,X
LTSOIJZ,X,X,X,X,X
LTSOIZJ,X,X,X,X,X
LTSOJIZ,X,X,X,X,X
LTSOJZI,X,X,X,X,X
LTSOZIJ,X,X,X,X,X
LTSOZJI,X,X,X,X,X
LTZIJSO,X,X,X,X,X
LTZIJOS,X,X,X,X,O
LTZISJO,X,X,X,X,X
LTZISOJ,X,X,X,X,X
LTZIOJS,X,X,X,X,O
LTZIOSJ,X,X,X,X,X
LTZJISO,X,X,X,X,X
LTZJIOS,X,X,X,X,O
LTZJSIO,X,X,X,X,X
LTZJSOI,X,X,X,X,X
LTZJOIS,X,X,X,X,O
LTZJOSI,X,X,X,X,X
LTZSIJO,X,X,X,X,X
LTZSIOJ,X,X,X,X,X
LTZSJIO,X,X,X,X,X
LTZSJOI,X,X,X,X,X
LTZSOIJ,X,X,X,X,X
LTZSOJI,X,X,X,X,X
LTZOIJS,X,X,X,X,O
LTZOISJ,X,X,X,X,X
LTZOJIS,X,X,X,X,O
LTZOJSI,X,X,X,X,X
LTZOSIJ,X,X,X,X,X
LTZOSJI,X,X,X,X,X
LTOIJSZ,O,X,X,X,X
LTOIJZS,X,X,X,X,O
LTOISJZ,O,X,X,X,X
LTOISZJ,O,X,X,X,X
LTOIZJS,X,X,X,X,O
LTOIZSJ,X,X,X,X,X
LTOJISZ,O,X,X,X,X
LTOJIZS,X,X,X,X,O
LTOJSIZ,O,X,X,X,X
LTOJSZI,O,X,X,X,X
LTOJZIS,X,X,X,X,O
LTOJZSI,X,X,X,X,X
LTOSIJZ,O,X,X,X,X
LTOSIZJ,O,X,X,X,X
LTOSJIZ,O,X,X,X,X
LTOSJZI,O,X,X,X,X
LTOSZIJ,O,X,X,X,X
LTOSZJI,O,X,X,X,X
LTOZIJS,X,X,X,X,O
LTOZISJ,X,X,X,X,X
LTOZJIS,X,X,X,X,O
LTOZJSI,X,X,X,X,X
LTOZSIJ,X,X,X,X,X
LTOZSJI,X,X,X,X,X
LITJSZO,O,O,X,X,X
LITJSOZ,X,X,X,X,X
LITJZSO,X,X,X,X,X
LITJZOS,X,X,X,X,O
LITJOSZ,O,X,X,X,X
LITJOZS,X,X,X,X,O
LITSJZO,O,O,X,X,X
LITSJOZ,X,X,X,X,X
LITSZJO,O,O,X,X,X
LITSZOJ,X,O,X,X,X
LITSOJZ,X,X,X,X,X
LITSOZJ,X,X,X,X,X
LITZJSO,X,X,X,X,X
LITZJOS,X,X,X,X,O
LITZSJO,X,X,X,X,X
LITZSOJ,X,X,X,X,X
LITZOJS,X,X,X,X,O
LITZOSJ,X,X,X,X,X
LITOJSZ,O,X,X,X,X
LITOJZS,X,X,X,X,O
LITOSJZ,O,X,X,X,X
LITOSZJ,O,X,X,X,X
LITOZJS,X,X,X,X,O
LITOZSJ,X,X,X,X,X
LIJTSZO,O,O,X,X,X
LIJTSOZ,X,X,X,O,X
LIJTZSO,X,X,X,X,X
LIJTZOS,X,X,O,X,X
LIJTOSZ,O,X,X,O,X
LIJTOZS,X,X,O,X,X
LIJSTZO,O,O,X,X,X
LIJSTOZ,X,X,X,O,X
LIJSZTO,O,O,X,X,X
LIJSZOT,X,O,X,X,X
LIJSOTZ,O,X,X,X,X
LIJSOZT,O,X,X,X,X
LIJZTSO,X,X,X,X,X
LIJZTOS,X,X,O,X,X
LIJZSTO,X,O,X,X,X
LIJZSOT,X,O,X,X,X
LIJZOTS,X,X,X,X,X
LIJZOST,X,O,X,X,X
LIJOTSZ,O,X,X,X,X
LIJOTZS,X,X,X,X,X
LIJOSTZ,O,X,X,X,X
LIJOSZT,O,X,X,X,X
LIJOZTS,X,X,X,X,X
LIJOZST,X,X,X,X,X
LISTJZO,O,O,X,X,X
LISTJOZ,X,X,X,X,X
LISTZJO,O,O,X,X,X
LISTZOJ,X,O,X,X,X
LISTOJZ,X,X,X,X,X
LISTOZJ,X,X,X,X,X
LISJTZO,O,O,X,X,X
LISJTOZ,X,X,X,O,X
LISJZTO,O,O,X,X,X
LISJZOT,X,O,X,X,X
LISJOTZ,O,X,X,X,X
LISJOZT,O,X,X,X,X
LISZTJO,O,O,X,X,X
LISZTOJ,X,O,X,X,X
LISZJTO,O,O,X,X,X
LISZJOT,X,O,X,X,X
LISZOTJ,X,O,X,X,X
LISZOJT,X,O,X,X,X
LISOTJZ,O,X,X,X,X
LISOTZJ,O,X,X,X,X
LISOJTZ,O,X,X,X,X
LISOJZT,O,X,X,X,X
LISOZTJ,O,X,X,X,X
LISOZJT,O,X,X,X,X
LIZTJSO,X,X,X,X,X
LIZTJOS,X,X,X,X,O
LIZTSJO,X,X,X,X,X
LIZTSOJ,X,X,X,X,X
LIZTOJS,X,X,X,X,O
LIZTOSJ,X,X,X,X,X
LIZJTSO,X,X,X,X,X
LIZJTOS,X,X,O,X,X
LIZJSTO,X,O,X,X,X
LIZJSOT,X,O,X,X,X
LIZJOTS,X,X,X,X,X
LIZJOST,X,O,X,X,X
LIZSTJO,X,O,X,X,X
LIZSTOJ,X,O,X,X,X
LIZSJTO,X,O,X,X,X
LIZSJOT,X,O,X,X,X
LIZSOTJ,X,O,X,X,X
LIZSOJT,X,O,X,X,X
LIZOTJS,X,X,X,X,X
LIZOTSJ,X,X,X,X,X
LIZOJTS,X,X,X,X,X
LIZOJST,X,O,X,X,X
LIZOSTJ,X,O,X,X,X
LIZOSJT,X,O,X,X,X
LIOTJSZ,O,X,X,X,X
LIOTJZS,X,X,X,X,X
LIOTSJZ,O,X,X,X,X
LIOTSZJ,O,X,X,X,X
LIOTZJS,X,X,X,X,X
LIOTZSJ,X,X,X,X,X
LIOJTSZ,O,X,X,X,X
LIOJTZS,X,X,X,X,X
LIOJSTZ,O,X,X,X,X
LIOJSZT,O,X,X,X,X
LIOJZTS,X,X,X,X,X
LIOJZST,X,X,X,X,X
LIOSTJZ,O,X,X,X,X
LIOSTZJ,O,X,X,X,X
LIOSJTZ,O,X,X,X,X
LIOSJZT,O,X,X,X,X
LIOSZTJ,O,X,X,X,X
LIOSZJT,O,X,X,X,X
LIOZTJS,X,X,X,X,X
LIOZTSJ,X,X,X,X,X
LIOZJTS,X,X,X,X,X
LIOZJST,X,X,X,X,X
LIOZSTJ,X,X,X,X,X
LIOZSJT,X,X,X,X,X
LJTISZO,O,O,X,X,X
LJTISOZ,X,X,X,O,X
LJTIZSO,X,X,X,X,X
LJTIZOS,X,X,O,X,X
LJTIOSZ,O,X,X,O,X
LJTIOZS,X,X,O,X,X
LJTSIZO,O,O,X,X,X
LJTSIOZ,X,X,X,O,X
LJTSZIO,O,X,X,X,X
LJTSZOI,X,X,X,X,X
LJTSOIZ,X,X,X,O,X
LJTSOZI,X,X,X,X,X
LJTZISO,X,X,X,X,X
LJTZIOS,X,X,O,X,X
LJTZSIO,X,X,X,X,X
LJTZSOI,X,X,X,X,X
LJTZOIS,X,X,O,X,X
LJTZOSI,X,X,X,X,X
LJTOISZ,O,X,X,O,X
LJTOIZS,X,X,O,X,X
LJTOSIZ,O,X,X,O,X
LJTOSZI,O,X,X,X,X
LJTOZIS,X,X,O,X,X
LJTOZSI,X,X,X,X,X
LJITSZO,O,O,X,X,X
LJITSOZ,X,X,X,O,X
LJITZSO,X,X,X,X,X
LJITZOS,X,X,O,X,X
LJITOSZ,O,X,X,O,X
LJITOZS,X,X,O,X,X
LJISTZO,O,O,X,X,X
LJISTOZ,X,X,X,O,X
LJISZTO,O,O,X,X,X
LJISZOT,X,O,X,X,X
LJISOTZ,O,X,X,X,X
LJISOZT,O,X,X,X,X
LJIZTSO,X,X,X,X,X
LJIZTOS,X,X,O,X,X
LJIZSTO,X,O,X,X,X
LJIZSOT,X,O,X,X,X
LJIZOTS,X,X,X,X,X
LJIZOST,X,O,X,X,X
LJIOTSZ,O,X,X,X,X
LJIOTZS,X,X,X,X,X
LJIOSTZ,O,X,X,X,X
LJIOSZT,O,X,X,X,X
LJIOZTS,X,X,X,X,X
LJIOZST,X,X,X,X,X
LJSTIZO,O,O,X,X,X
LJSTIOZ,X,X,X,O,X
LJSTZIO,O,X,X,X,X
LJSTZOI,X,X,X,X,X
LJSTOIZ,X,X,X,O,X
LJSTOZI,X,X,X,X,X
LJSITZO,O,O,X,X,X
LJSITOZ,X,X,X,O,X
LJSIZTO,O,O,X,X,X
LJSIZOT,X,O,X,X,X
LJSIOTZ,O,X,X,X,X
LJSIOZT,O,X,X,X,X
LJSZTIO,O,X,X,X,X
LJSZTOI,X,X,X,X,X
LJSZITO,O,X,X,X,X
LJSZIOT,X,X,X,X,X
LJSZOTI,X,X,X,X,X
LJSZOIT,X,X,X,X,X
LJSOTIZ,O,X,X,X,X
LJSOTZI,O,X,X,X,X
LJSOITZ,O,X,X,X,X
LJSOIZT,O,X,X,X,X
LJSOZTI,O,X,X,X,X
LJSOZIT,O,X,X,X,X
LJZTISO,X,X,X,X,X
LJZTIOS,X,X,O,X,X
LJZTSIO,X,X,X,X,X
LJZTSOI,X,X,X,X,X
LJZTOIS,X,X,O,X,X
LJZTOSI,X,X,X,X,X
LJZITSO,X,X,X,X,X
LJZITOS,X,X,O,X,X
LJZISTO,X,O,X,X,X
LJZISOT,X,O,X,X,X
LJZIOTS,X,X,X,X,X
LJZIOST,X,O,X,X,X
LJZSTIO,X,O,X,X,X
LJZSTOI,X,O,X,X,X
LJZSITO,X,O,X,X,X
LJZSIOT,X,O,X,X,X
LJZSOTI,X,O,X,X,X
LJZSOIT,X,O,X,X,X
LJZOTIS,X,X,X,X,X
LJZOTSI,X,X,X,X,X
LJZOITS,X,X,X,X,X
LJZOIST,X,O,X,X,X
LJZOSTI,X,O,X,X,X
LJZOSIT,X,O,X,X,X
LJOTISZ,O,X,X,X,X
LJOTIZS,X,X,X,X,X
LJOTSIZ,O,X,X,X,X
LJOTSZI,O,X,X,X,X
LJOTZIS,X,X,X,X,X
LJOTZSI,X,X,X,X,X
LJOITSZ,O,X,X,X,X
LJOITZS,X,X,X,X,X
LJOISTZ,O,X,X,X,X
LJOISZT,O,X,X,X,X
LJOIZTS,X,X,X,X,X
LJOIZST,X,X,X,X,X
LJOSTIZ,O,X,X,X,X
LJOSTZI,O,X,X,X,X
LJOSITZ,O,X,X,X,X
LJOSIZT,O,X,X,X,X
LJOSZTI,O,X,X,X,X
LJOSZIT,O,X,X,X,X
LJOZTIS,X,X,X,X,X
LJOZTSI,X,X,X,X,X
LJOZITS,X,X,X,X,X
LJOZIST,X,X,X,X,X
LJOZSTI,X,X,X,X,X
LJOZSIT,X,X,X,X,X
LSTIJZO,O,O,X,X,X
LSTIJOZ,X,X,X,X,X
LSTIZJO,O,O,X,X,X
LSTIZOJ,X,O,X,X,X
LSTIOJZ,X,X,X,X,X
LSTIOZJ,X,X,X,X,X
LSTJIZO,O,O,X,X,X
LSTJIOZ,X,X,X,X,X
LSTJZIO,O,X,X,X,X
LSTJZOI,X,X,X,X,X
LSTJOIZ,X,X,X,X,X
LSTJOZI,X,X,X,X,X
LSTZIJO,O,X,X,X,X
LSTZIOJ,X,X,X,X,X
LSTZJIO,O,X,X,X,X
LSTZJOI,X,X,X,X,X
LSTZOIJ,X,X,X,X,X
LSTZOJI,X,X,X,X,X
LSTOIJZ,X,X,X,X,X
LSTOIZJ,X,X,X,X,X
LSTOJIZ,X,X,X,X,X
LSTOJZI,X,X,X,X,X
LSTOZIJ,X,X,X,X,X
LSTOZJI,X,X,X,X,X
LSITJZO,O,O,X,X,X
LSITJOZ,X,X,X,X,X
LSITZJO,O,O,X,X,X
LSITZOJ,X,O,X,X,X
LSITOJZ,X,X,X,X,X
LSITOZJ,X,X,X,X,X
LSIJTZO,O,O,X,X,X
LSIJTOZ,X,X,X,O,X
LSIJZTO,O,O,X,X,X
LSIJZOT,X,O,X,X,X
LSIJOTZ,O,X,X,X,X
LSIJOZT,O,X,X,X,X
LSIZTJO,O,O,X,X,X
LSIZTOJ,X,O,X,X,X
LSIZJTO,O,O,X,X,X
LSIZJOT,X,O,X,X,X
LSIZOTJ,X,O,X,X,X
LSIZOJT,X,O,X,X,X
LSIOTJZ,O,X,X,X,X
LSIOTZJ,O,X,X,X,X
LSIOJTZ,O,X,X,X,X
LSIOJZT,O,X,X,X,X
LSIOZTJ,O,X,X,X,X
LSIOZJT,O,X,X,X,X
LSJTIZO,O,O,X,X,X
LSJTIOZ,X,X,X,O,X
LSJTZIO,O,X,X,X,X
LSJTZOI,X,X,X,X,X
LSJTOIZ,X,X,X,O,X
LSJTOZI,X,X,X,X,X
LSJITZO,O,O,X,X,X
LSJITOZ,X,X,X,O,X
LSJIZTO,O,O,X,X,X
LSJIZOT,X,O,X,X,X
LSJIOTZ,O,X,X,X,X
LSJIOZT,O,X,X,X,X
LSJZTIO,O,X,X,X,X
LSJZTOI,X,X,X,X,X
LSJZITO,O,X,X,X,X
LSJZIOT,X,X,X,X,X
LSJZOTI,X,X,X,X,X
LSJZOIT,X,X,X,X,X
LSJOTIZ,O,X,X,X,X
LSJOTZI,O,X,X,X,X
LSJOITZ,O,X,X,X,X
LSJOIZT,O,X,X,X,X
LSJOZTI,O,X,X,X,X
LSJOZIT,O,X,X,X,X
LSZTIJO,O,X,X,X,X
LSZTIOJ,X,X,X,X,X
LSZTJIO,O,X,X,X,X
LSZTJOI,X,X,X,X,X
LSZTOIJ,X,X,X,X,X
LSZTOJI,X,X,X,X,X
LSZITJO,O,X,X,X,X
LSZITOJ,X,X,X,X,X
LSZIJTO,O,X,X,X,X
LSZIJOT,X,X,X,X,X
LSZIOTJ,X,X,X,X,X
LSZIOJT,X,X,X,X,X
LSZJTIO,O,X,X,X,X
LSZJTOI,X,X,X,X,X
LSZJITO,O,X,X,X,X
LSZJIOT,X,X,X,X,X
LSZJOTI,X,X,X,X,X
LSZJOIT,X,X,X,X,X
LSZOTIJ,X,X,X,X,X
LSZOTJI,X,X,X,X,X
LSZOITJ,X,X,X,X,X
LSZOIJT,X,X,X,X,X
LSZOJTI,X,X,X,X,X
LSZOJIT,X,X,X,X,X
LSOTIJZ,O,X,X,X,X
LSOTIZJ,O,X,X,X,X
LSOTJIZ,O,X,X,X,X
LSOTJZI,O,X,X,X,X
LSOTZIJ,O,X,X,X,X
LSOTZJI,O,X,X,X,X
LSOITJZ,O,X,X,X,X
LSOITZJ,O,X,X,X,X
LSOIJTZ,O,X,X,X,X
LSOIJZT,O,X,X,X,X
LSOIZTJ,O,X,X,X,X
LSOIZJT,O,X,X,X,X
LSOJTIZ,O,X,X,X,X
LSOJTZI,O,X,X,X,X
LSOJITZ,O,X,X,X,X
LSOJIZT,O,X,X,X,X
LSOJZTI,O,X,X,X,X
LSOJZIT,O,X,X,X,X
LSOZTIJ,O,X,X,X,X
LSOZTJI,O,X,X,X,X
LSOZITJ,O,X,X,X,X
LSOZIJT,O,X,X,X,X
LSOZJTI,O,X,X,X,X
LSOZJIT,O,X,X,X,X
LZTIJSO,X,X,X,X,X
LZTIJOS,X,X,X,X,O
LZTISJO,X,X,X,X,X
LZTISOJ,X,X,X,X,X
LZTIOJS,X,X,X,X,O
LZTIOSJ,X,X,X,X,X
LZTJISO,X,X,X,X,X
LZTJIOS,X,X,X,X,O
LZTJSIO,X,X,X,X,X
LZTJSOI,X,X,X,X,X
LZTJOIS,X,X,X,X,O
LZTJOSI,X,X,X,X,X
LZTSIJO,X,X,X,X,X
LZTSIOJ,X,X,X,X,X
LZTSJIO,X,X,X,X,X
LZTSJOI,X,X,X,X,X
LZTSOIJ,X,X,X,X,X
LZTSOJI,X,X,X,X,X
LZTOIJS,X,X,X,X,O
LZTOISJ,X,X,X,X,X
LZTOJIS,X,X,X,X,O
LZTOJSI,X,X,X,X,X
LZTOSIJ,X,X,X,X,X
LZTOSJI,X,X,X,X,X
LZITJSO,X,X,X,X,X
LZITJOS,X,X,X,X,O
LZITSJO,X,X,X,X,X
LZITSOJ,X,X,X,X,X
LZITOJS,X,X,X,X,O
LZITOSJ,X,X,X,X,X
LZIJTSO,X,X,X,X,X
LZIJTOS,X,X,O,X,X
LZIJSTO,X,O,X,X,X
LZIJSOT,X,O,X,X,X
LZIJOTS,X,X,X,X,X
LZIJOST,X,O,X,X,X
LZISTJO,X,O,X,X,X
LZISTOJ,X,O,X,X,X
LZISJTO,X,O,X,X,X
LZISJOT,X,O,X,X,X
LZISOTJ,X,O,X,X,X
LZISOJT,X,O,X,X,X
LZIOTJS,X,X,X,X,X
LZIOTSJ,X,X,X,X,X
LZIOJTS,X,X,X,X,X
LZIOJST,X,O,X,X,X
LZIOSTJ,X,O,X,X,X
LZIOSJT,X,O,X,X,X
LZJTISO,X,X,X,X,X
LZJTIOS,X,X,O,X,X
LZJTSIO,X,X,X,X,X
LZJTSOI,X,X,X,X,X
LZJTOIS,X,X,O,X,X
LZJTOSI,X,X,X,X,X
LZJITSO,X,X,X,X,X
LZJITOS,X,X,O,X,X
LZJISTO,X,O,X,X,X
LZJISOT,X,O,X,X,X
LZJIOTS,X,X,X,X,X
LZJIOST,X,O,X,X,X
LZJSTIO,X,O,X,X,X
LZJSTOI,X,O,X,X,X
LZJSITO,X,O,X,X,X
LZJSIOT,X,O,X,X,X
LZJSOTI,X,O,X,X,X
LZJSOIT,X,O,X,X,X
LZJOTIS,X,X,X,X,X
LZJOTSI,X,X,X,X,X
LZJOITS,X,X,X,X,X
LZJOIST,X,O,X,X,X
LZJOSTI,X,O,X,X,X
LZJOSIT,X,O,X,X,X
LZSTIJO,X,O,X,X,X
LZSTIOJ,X,O,X,X,X
LZSTJIO,X,O,X,X,X
LZSTJOI,X,O,X,X,X
LZSTOIJ,X,O,X,X,X
LZSTOJI,X,O,X,X,X
LZSITJO,X,O,X,X,X
LZSITOJ,X,O,X,X,X
LZSIJTO,X,O,X,X,X
LZSIJOT,X,O,X,X,X
LZSIOTJ,X,O,X,X,X
LZSIOJT,X,O,X,X,X
LZSJTIO,X,O,X,X,X
LZSJTOI,X,O,X,X,X
LZSJITO,X,O,X,X,X
LZSJIOT,X,O,X,X,X
LZSJOTI,X,O,X,X,X
LZSJOIT,X,O,X,X,X
LZSOTIJ,X,O,X,X,X
LZSOTJI,X,O,X,X,X
LZSOITJ,X,O,X,X,X
LZSOIJT,X,O,X,X,X
LZSOJTI,X,O,X,X,X
LZSOJIT,X,O,X,X,X
LZOTIJS,X,X,X,X,X
LZOTISJ,X,X,X,X,X
LZOTJIS,X,X,X,X,X
LZOTJSI,X,X,X,X,X
LZOTSIJ,X,X,X,X,X
LZOTSJI,X,X,X,X,X
LZOITJS,X,X,X,X,X
LZOITSJ,X,X,X,X,X
LZOIJTS,X,X,X,X,X
LZOIJST,X,O,X,X,X
LZOISTJ,X,O,X,X,X
LZOISJT,X,O,X,X,X
LZOJTIS,X,X,X,X,X
LZOJTSI,X,X,X,X,X
LZOJITS,X,X,X,X,X
LZOJIST,X,O,X,X,X
LZOJSTI,X,O,X,X,X
LZOJSIT,X,O,X,X,X
LZOSTIJ,X,O,X,X,X
LZOSTJI,X,O,X,X,X
LZOSITJ,X,O,X,X,X
LZOSIJT,X,O,X,X,X
LZOSJTI,X,O,X,X,X
LZOSJIT,X,O,X,X,X
LOTIJSZ,O,X,X,X,X
LOTIJZS,X,X,X,X,X
LOTISJZ,O,X,X,X,X
LOTISZJ,O,X,X,X,X
LOTIZJS,X,X,X,X,X
LOTIZSJ,X,X,X,X,X
LOTJISZ,O,X,X,X,X
LOTJIZS,X,X,X,X,X
LOTJSIZ,O,X,X,X,X
LOTJSZI,O,X,X,X,X
LOTJZIS,X,X,X,X,X
LOTJZSI,X,X,X,X,X
LOTSIJZ,O,X,X,X,X
LOTSIZJ,O,X,X,X,X
LOTSJIZ,O,X,X,X,X
LOTSJZI,O,X,X,X,X
LOTSZIJ,O,X,X,X,X
LOTSZJI,O,X,X,X,X
LOTZIJS,X,X,X,X,X
LOTZISJ,X,X,X,X,X
LOTZJIS,X,X,X,X,X
LOTZJSI,X,X,X,X,X
LOTZSIJ,X,X,X,X,X
LOTZSJI,X,X,X,X,X
LOITJSZ,O,X,X,X,X
LOITJZS,X,X,X,X,X
LOITSJZ,O,X,X,X,X
LOITSZJ,O,X,X,X,X
LOITZJS,X,X,X,X,X
LOITZSJ,X,X,X,X,X
LOIJTSZ,O,X,X,X,X
LOIJTZS,X,X,X,X,X
LOIJSTZ,O,X,X,X,X
LOIJSZT,O,X,X,X,X
LOIJZTS,X,X,X,X,X
LOIJZST,X,X,X,X,X
LOISTJZ,O,X,X,X,X
LOISTZJ,O,X,X,X,X
LOISJTZ,O,X,X,X,X
LOISJZT,O,X,X,X,X
LOISZTJ,O,X,X,X,X
LOISZJT,O,X,X,X,X
LOIZTJS,X,X,X,X,X
LOIZTSJ,X,X,X,X,X
LOIZJTS,X,X,X,X,X
LOIZJST,X,X,X,X,X
LOIZSTJ,X,X,X,X,X
LOIZSJT,X,X,X,X,X
LOJTISZ,O,X,X,X,X
LOJTIZS,X,X,X,X,X
LOJTSIZ,O,X,X,X,X
LOJTSZI,O,X,X,X,X
LOJTZIS,X,X,X,X,X
LOJTZSI,X,X,X,X,X
LOJITSZ,O,X,X,X,X
LOJITZS,X,X,X,X,X
LOJISTZ,O,X,X,X,X
LOJISZT,O,X,X,X,X
LOJIZTS,X,X,X,X,X
LOJIZST,X,X,X,X,X
LOJSTIZ,O,X,X,X,X
LOJSTZI,O,X,X,X,X
LOJSITZ,O,X,X,X,X
LOJSIZT,O,X,X,X,X
LOJSZTI,O,X,X,X,X
LOJSZIT,O,X,X,X,X
LOJZTIS,X,X,X,X,X
LOJZTSI,X,X,X,X,X
LOJZITS,X,X,X,X,X
LOJZIST,X,X,X,X,X
LOJZSTI,X,X,X,X,X
LOJZSIT,X,X,X,X,X
LOSTIJZ,O,X,X,X,X
LOSTIZJ,O,X,X,X,X
LOSTJIZ,O,X,X,X,X
LOSTJZI,O,X,X,X,X
LOSTZIJ,O,X,X,X,X
LOSTZJI,O,X,X,X,X
LOSITJZ,O,X,X,X,X
LOSITZJ,O,X,X,X,X
LOSIJTZ,O,X,X,X,X
LOSIJZT,O,X,X,X,X
LOSIZTJ,O,X,X,X,X
LOSIZJT,O,X,X,X,X
LOSJTIZ,O,X,X,X,X
LOSJTZI,O,X,X,X,X
LOSJITZ,O,X,X,X,X
LOSJIZT,O,X,X,X,X
LOSJZTI,O,X,X,X,X
LOSJZIT,O,X,X,X,X
LOSZTIJ,O,X,X,X,X
LOSZTJI,O,X,X,X,X
LOSZITJ,O,X,X,X,X
LOSZIJT,O,X,X,X,X
LOSZJTI,O,X,X,X,X
LOSZJIT,O,X,X,X,X
LOZTIJS,X,X,X,X,X
LOZTISJ,X,X,X,X,X
LOZTJIS,X,X,X,X,X
LOZTJSI,X,X,X,X,X
LOZTSIJ,X,X,X,X,X
LOZTSJI,X,X,X,X,X
LOZITJS,X,X,X,X,X
LOZITSJ,X,X,X,X,X
LOZIJTS,X,X,X,X,X
LOZIJST,X,X,X,X,X
LOZISTJ,X,X,X,X,X
LOZISJT,X,X,X,X,X
LOZJTIS,X,X,X,X,X
LOZJTSI,X,X,X,X,X
LOZJITS,X,X,X,X,X
LOZJIST,X,X,X,X,X
LOZJSTI,X,X,X,X,X
LOZJSIT,X,X,X,X,X
LOZSTIJ,X,X,X,X,X
LOZSTJI,X,X,X,X,X
LOZSITJ,X,X,X,X,X
LOZSIJT,X,X,X,X,X
LOZSJTI,X,X,X,X,X
LOZSJIT,X,X,X,X,X
JTILSZO,O,O,X,X,X
JTILSOZ,X,X,X,O,X
JTILZSO,X,X,X,X,X
JTILZOS,X,X,O,X,X
JTILOSZ,O,X,X,O,X
JTILOZS,X,X,O,X,X
JTISLZO,O,O,X,X,X
JTISLOZ,X,X,X,O,X
JTISZLO,O,O,X,X,X
JTISZOL,X,O,X,X,X
JTISOLZ,X,X,X,O,X
JTISOZL,X,X,X,X,X
JTIZLSO,X,X,X,X,X
JTIZLOS,X,X,O,X,X
JTIZSLO,X,X,X,X,X
JTIZSOL,X,X,X,X,X
JTIZOLS,X,X,O,X,X
JTIZOSL,X,X,X,X,X
JTIOLSZ,O,X,X,O,X
JTIOLZS,X,X,O,X,X
JTIOSLZ,O,X,X,O,X
JTIOSZL,O,X,X,X,X
JTIOZLS,X,X,O,X,X
JTIOZSL,X,X,X,X,X
JTLISZO,O,O,X,X,X
JTLISOZ,X,X,X,O,X
JTLIZSO,X,X,X,X,X
JTLIZOS,X,X,O,X,X
JTLIOSZ,O,X,X,O,X
JTLIOZS,X,X,O,X,X
JTLSIZO,O,O,X,X,X
JTLSIOZ,X,X,X,O,X
JTLSZIO,O,X,X,X,X
JTLSZOI,X,X,X,X,X
JTLSOIZ,X,X,X,O,X
JTLSOZI,X,X,X,X,X
JTLZISO,X,X,X,X,X
JTLZIOS,X,X,O,X,X
JTLZSIO,X,X,X,X,X
JTLZSOI,X,X,X,X,X
JTLZOIS,X,X,O,X,X
JTLZOSI,X,X,X,X,X
JTLOISZ,O,X,X,O,X
JTLOIZS,X,X,O,X,X
JTLOSIZ,O,X,X,O,X
JTLOSZI,O,X,X,X,X
JTLOZIS,X,X,O,X,X
JTLOZSI,X,X,X,X,X
JTSILZO,O,O,X,X,X
JTSILOZ,X,X,X,O,X
JTSIZLO,O,O,X,X,X
JTSIZOL,X,O,X,X,X
JTSIOLZ,X,X,X,O,X
JTSIOZL,X,X,X,X,X
JTSLIZO,O,O,X,X,X
JTSLIOZ,X,X,X,O,X
JTSLZIO,O,X,X,X,X
JTSLZOI,X,X,X,X,X
JTSLOIZ,X,X,X,O,X
JTSLOZI,X,X,X,X,X
JTSZILO,O,X,X,X,X
JTSZIOL,X,X,X,X,X
JTSZLIO,O,X,X,X,X
JTSZLOI,X,X,X,X,X
JTSZOIL,X,X,X,X,X
JTSZOLI,X,X,X,X,X
JTSOILZ,X,X,X,O,X
JTSOIZL,X,X,X,X,X
JTSOLIZ,X,X,X,O,X
JTSOLZI,X,X,X,X,X
JTSOZIL,X,X,X,X,X
JTSOZLI,X,X,X,X,X
JTZILSO,X,X,X,X,X
JTZILOS,X,X,O,X,X
JTZISLO,X,X,X,X,X
JTZISOL,X,X,X,X,X
JTZIOLS,X,X,O,X,X
JTZIOSL,X,X,X,X,X
JTZLISO,X,X,X,X,X
JTZLIOS,X,X,O,X,X
JTZLSIO,X,X,X,X,X
JTZLSOI,X,X,X,X,X
JTZLOIS,X,X,O,X,X
JTZLOSI,X,X,X,X,X
JTZSILO,X,X,X,X,X
JTZSIOL,X,X,X,X,X
JTZSLIO,X,X,X,X,X
JTZSLOI,X,X,X,X,X
JTZSOIL,X,X,X,X,X
JTZSOLI,X,X,X,X,X
JTZOILS,X,X,O,X,X
JTZOISL,X,X,X,X,X
JTZOLIS,X,X,O,X,X
JTZOLSI,X,X,X,X,X
JTZOSIL,X,X,X,X,X
JTZOSLI,X,X,X,X,X
JTOILSZ,O,X,X,O,X
JTOILZS,X,X,O,X,X
JTOISLZ,O,X,X,O,X
JTOISZL,O,X,X,X,X
JTOIZLS,X,X,O,X,X
JTOIZSL,X,X,X,X,X
JTOLISZ,O,X,X,O,X
JTOLIZS,X,X,O,X,X
JTOLSIZ,O,X,X,O,X
JTOLSZI,O,X,X,X,X
JTOLZIS,X,X,O,X,X
JTOLZSI,X,X,X,X,X
JTOSILZ,O,X,X,O,X
JTOSIZL,O,X,X,X,X
JTOSLIZ,O,X,X,O,X
JTOSLZI,O,X,X,X,X
JTOSZIL,O,X,X,X,X
JTOSZLI,O,X,X,X,X
JTOZILS,X,X,O,X,X
JTOZISL,X,X,X,X,X
JTOZLIS,X,X,O,X,X
JTOZLSI,X,X,X,X,X
JTOZSIL,X,X,X,X,X
JTOZSLI,X,X,X,X,X
JITLSZO,O,O,X,X,X
JITLSOZ,X,X,X,O,X
JITLZSO,X,X,X,X,X
JITLZOS,X,X,O,X,X
JITLOSZ,O,X,X,O,X
JITLOZS,X,X,O,X,X
JITSLZO,O,O,X,X,X
JITSLOZ,X,X,X,O,X
JITSZLO,O,O,X,X,X
JITSZOL,X,O,X,X,X
JITSOLZ,X,X,X,O,X
JITSOZL,X,X,X,X,X
JITZLSO,X,X,X,X,X
JITZLOS,X,X,O,X,X
JITZSLO,X,X,X,X,X
JITZSOL,X,X,X,X,X
JITZOLS,X,X,O,X,X
JITZOSL,X,X,X,X,X
JITOLSZ,O,X,X,O,X
JITOLZS,X,X,O,X,X
JITOSLZ,O,X,X,O,X
JITOSZL,O,X,X,X,X
JITOZLS,X,X,O,X,X
JITOZSL,X,X,X,X,X
JILTSZO,O,O,X,X,X
JILTSOZ,X,X,X,O,X
JILTZSO,X,X,X,X,X
JILTZOS,X,X,O,X,X
JILTOSZ,O,X,X,O,X
JILTOZS,X,X,O,X,X
JILSTZO,O,O,X,X,X
JILSTOZ,X,X,X,O,X
JILSZTO,O,O,X,X,X
JILSZOT,X,O,X,X,X
JILSOTZ,O,X,X,X,X
JILSOZT,O,X,X,X,X
JILZTSO,X,X,X,X,X
JILZTOS,X,X,O,X,X
JILZSTO,X,O,X,X,X
JILZSOT,X,O,X,X,X
JILZOTS,X,X,X,X,X
JILZOST,X,O,X,X,X
JILOTSZ,O,X,X,X,X
JILOTZS,X,X,X,X,X
JILOSTZ,O,X,X,X,X
JILOSZT,O,X,X,X,X
JILOZTS,X,X,X,X,X
JILOZST,X,X,X,X,X
JISTLZO,O,O,X,X,X
JISTLOZ,X,X,X,O,X
JISTZLO,O,O,X,X,X
JISTZOL,X,O,X,X,X
JISTOLZ,X,X,X,O,X
JISTOZL,X,X,X,X,X
JISLTZO,O,O,X,X,X
JISLTOZ,X,X,X,O,X
JISLZTO,O,O,X,X,X
JISLZOT,X,O,X,X,X
JISLOTZ,O,X,X,X,X
JISLOZT,O,X,X,X,X
JISZTLO,O,O,X,X,X
JISZTOL,X,O,X,X,X
JISZLTO,O,O,X,X,X
JISZLOT,X,O,X,X,X
JISZOTL,X,O,X,X,X
JISZOLT,X,O,X,X,X
JISOTLZ,O,X,X,X,X
JISOTZL,O,X,X,X,X
JISOLTZ,O,X,X,X,X
JISOLZT,O,X,X,X,X
JISOZTL,O,X,X,X,X
JISOZLT,O,X,X,X,X
JIZTLSO,X,X,X,X,X
JIZTLOS,X,X,O,X,X
JIZTSLO,X,X,X,X,X
JIZTSOL,X,X,X,X,X
JIZTOLS,X,X,O,X,X
JIZTOSL,X,X,X,X,X
JIZLTSO,X,X,X,X,X
JIZLTOS,X,X,O,X,X
JIZLSTO,X,O,X,X,X
JIZLSOT,X,O,X,X,X
JIZLOTS,X,X,X,X,X
JIZLOST,X,O,X,X,X
JIZSTLO,X,O,X,X,X
JIZSTOL,X,O,X,X,X
JIZSLTO,X,O,X,X,X
JIZSLOT,X,O,X,X,X
JIZSOTL,X,O,X,X,X
JIZSOLT,X,O,X,X,X
JIZOTLS,X,X,X,X,X
JIZOTSL,X,X,X,X,X
JIZOLTS,X,X,X,X,X
JIZOLST,X,O,X,X,X
JIZOSTL,X,O,X,X,X
JIZOSLT,X,O,X,X,X
JIOTLSZ,O,X,X,X,X
JIOTLZS,X,X,X,X,X
JIOTSLZ,O,X,X,X,X
JIOTSZL,O,X,X,X,X
JIOTZLS,X,X,X,X,X
JIOTZSL,X,X,X,X,X
JIOLTSZ,O,X,X,X,X
JIOLTZS,X,X,X,X,X
JIOLSTZ,O,X,X,X,X
JIOLSZT,O,X,X,X,X
JIOLZTS,X,X,X,X,X
JIOLZST,X,X,X,X,X
JIOSTLZ,O,X,X,X,X
JIOSTZL,O,X,X,X,X
JIOSLTZ,O,X,X,X,X
JIOSLZT,O,X,X,X,X
JIOSZTL,O,X,X,X,X
JIOSZLT,O,X,X,X,X
JIOZTLS,X,X,X,X,X
JIOZTSL,X,X,X,X,X
JIOZLTS,X,X,X,X,X
JIOZLST,X,X,X,X,X
JIOZSTL,X,X,X,X,X
JIOZSLT,X,X,X,X,X
JLTISZO,O,O,X,X,X
JLTISOZ,X,X,X,O,X
JLTIZSO,X,X,X,X,X
JLTIZOS,X,X,O,X,X
JLTIOSZ,O,X,X,O,X
JLTIOZS,X,X,O,X,X
JLTSIZO,O,O,X,X,X
JLTSIOZ,X,X,X,O,X
JLTSZIO,O,X,X,X,X
JLTSZOI,X,X,X,X,X
JLTSOIZ,X,X,X,O,X
JLTSOZI,X,X,X,X,X
JLTZISO,X,X,X,X,X
JLTZIOS,X,X,O,X,X
JLTZSIO,X,X,X,X,X
JLTZSOI,X,X,X,X,X
JLTZOIS,X,X,O,X,X
JLTZOSI,X,X,X,X,X
JLTOISZ,O,X,X,O,X
JLTOIZS,X,X,O,X,X
JLTOSIZ,O,X,X,O,X
JLTOSZI,O,X,X,X,X
JLTOZIS,X,X,O,X,X
JLTOZSI,X,X,X,X,X
JLITSZO,O,O,X,X,X
JLITSOZ,X,X,X,O,X
JLITZSO,X,X,X,X,X
JLITZOS,X,X,O,X,X
JLITOSZ,O,X,X,O,X
JLITOZS,X,X,O,X,X
JLISTZO,O,O,X,X,X
JLISTOZ,X,X,X,O,X
JLISZTO,O,O,X,X,X
JLISZOT,X,O,X,X,X
JLISOTZ,O,X,X,X,X
JLISOZT,O,X,X,X,X
JLIZTSO,X,X,X,X,X
JLIZTOS,X,X,O,X,X
JLIZSTO,X,O,X,X,X
JLIZSOT,X,O,X,X,X
JLIZOTS,X,X,X,X,X
JLIZOST,X,O,X,X,X
JLIOTSZ,O,X,X,X,X
JLIOTZS,X,X,X,X,X
JLIOSTZ,O,X,X,X,X
JLIOSZT,O,X,X,X,X
JLIOZTS,X,X,X,X,X
JLIOZST,X,X,X,X,X
JLSTIZO,O,O,X,X,X
JLSTIOZ,X,X,X,O,X
JLSTZIO,O,X,X,X,X
JLSTZOI,X,X,X,X,X
JLSTOIZ,X,X,X,O,X
JLSTOZI,X,X,X,X,X
JLSITZO,O,O,X,X,X
JLSITOZ,X,X,X,O,X
JLSIZTO,O,O,X,X,X
JLSIZOT,X,O,X,X,X
JLSIOTZ,O,X,X,X,X
JLSIOZT,O,X,X,X,X
JLSZTIO,O,X,X,X,X
JLSZTOI,X,X,X,X,X
JLSZITO,O,X,X,X,X
JLSZIOT,X,X,X,X,X
JLSZOTI,X,X,X,X,X
JLSZOIT,X,X,X,X,X
JLSOTIZ,O,X,X,X,X
JLSOTZI,O,X,X,X,X
JLSOITZ,O,X,X,X,X
JLSOIZT,O,X,X,X,X
JLSOZTI,O,X,X,X,X
JLSOZIT,O,X,X,X,X
JLZTISO,X,X,X,X,X
JLZTIOS,X,X,O,X,X
JLZTSIO,X,X,X,X,X
JLZTSOI,X,X,X,X,X
JLZTOIS,X,X,O,X,X
JLZTOSI,X,X,X,X,X
JLZITSO,X,X,X,X,X
JLZITOS,X,X,O,X,X
JLZISTO,X,O,X,X,X
JLZISOT,X,O,X,X,X
JLZIOTS,X,X,X,X,X
JLZIOST,X,O,X,X,X
JLZSTIO,X,O,X,X,X
JLZSTOI,X,O,X,X,X
JLZSITO,X,O,X,X,X
JLZSIOT,X,O,X,X,X
JLZSOTI,X,O,X,X,X
JLZSOIT,X,O,X,X,X
JLZOTIS,X,X,X,X,X
JLZOTSI,X,X,X,X,X
JLZOITS,X,X,X,X,X
JLZOIST,X,O,X,X,X
JLZOSTI,X,O,X,X,X
JLZOSIT,X,O,X,X,X
JLOTISZ,O,X,X,X,X
JLOTIZS,X,X,X,X,X
JLOTSIZ,O,X,X,X,X
JLOTSZI,O,X,X,X,X
JLOTZIS,X,X,X,X,X
JLOTZSI,X,X,X,X,X
JLOITSZ,O,X,X,X,X
JLOITZS,X,X,X,X,X
JLOISTZ,O,X,X,X,X
JLOISZT,O,X,X,X,X
JLOIZTS,X,X,X,X,X
JLOIZST,X,X,X,X,X
JLOSTIZ,O,X,X,X,X
JLOSTZI,O,X,X,X,X
JLOSITZ,O,X,X,X,X
JLOSIZT,O,X,X,X,X
JLOSZTI,O,X,X,X,X
JLOSZIT,O,X,X,X,X
JLOZTIS,X,X,X,X,X
JLOZTSI,X,X,X,X,X
JLOZITS,X,X,X,X,X
JLOZIST,X,X,X,X,X
JLOZSTI,X,X,X,X,X
JLOZSIT,X,X,X,X,X
JSTILZO,O,O,X,X,X
JSTILOZ,X,X,X,O,X
JSTIZLO,O,O,X,X,X
JSTIZOL,X,O,X,X,X
JSTIOLZ,X,X,X,O,X
JSTIOZL,X,X,X,X,X
JSTLIZO,O,O,X,X,X
JSTLIOZ,X,X,X,O,X
JSTLZIO,O,X,X,X,X
JSTLZOI,X,X,X,X,X
JSTLOIZ,X,X,X,O,X
JSTLOZI,X,X,X,X,X
JSTZILO,O,X,X,X,X
JSTZIOL,X,X,X,X,X
JSTZLIO,O,X,X,X,X
JSTZLOI,X,X,X,X,X
JSTZOIL,X,X,X,X,X
JSTZOLI,X,X,X,X,X
JSTOILZ,X,X,X,O,X
JSTOIZL,X,X,X,X,X
JSTOLIZ,X,X,X,O,X
JSTOLZI,X,X,X,X,X
JSTOZIL,X,X,X,X,X
JSTOZLI,X,X,X,X,X
JSITLZO,O,O,X,X,X
JSITLOZ,X,X,X,O,X
JSITZLO,O,O,X,X,X
JSITZOL,X,O,X,X,X
JSITOLZ,X,X,X,O,X
JSITOZL,X,X,X,X,X
JSILTZO,O,O,X,X,X
JSILTOZ,X,X,X,O,X
JSILZTO,O,O,X,X,X
JSILZOT,X,O,X,X,X
JSILOTZ,O,X,X,X,X
JSILOZT,O,X,X,X,X
JSIZTLO,O,O,X,X,X
JSIZTOL,X,O,X,X,X
JSIZLTO,O,O,X,X,X
JSIZLOT,X,O,X,X,X
JSIZOTL,X,O,X,X,X
JSIZOLT,X,O,X,X,X
JSIOTLZ,O,X,X,X,X
JSIOTZL,O,X,X,X,X
JSIOLTZ,O,X,X,X,X
JSIOLZT,O,X,X,X,X
JSIOZTL,O,X,X,X,X
JSIOZLT,O,X,X,X,X
JSLTIZO,O,O,X,X,X
JSLTIOZ,X,X,X,O,X
JSLTZIO,O,X,X,X,X
JSLTZOI,X,X,X,X,X
JSLTOIZ,X,X,X,O,X
JSLTOZI,X,X,X,X,X
JSLITZO,O,O,X,X,X
JSLITOZ,X,X,X,O,X
JSLIZTO,O,O,X,X,X
JSLIZOT,X,O,X,X,X
JSLIOTZ,O,X,X,X,X
JSLIOZT,O,X,X,X,X
JSLZTIO,O,X,X,X,X
JSLZTOI,X,X,X,X,X
JSLZITO,O,X,X,X,X
JSLZIOT,X,X,X,X,X
JSLZOTI,X,X,X,X,X
JSLZOIT,X,X,X,X,X
JSLOTIZ,O,X,X,X,X
JSLOTZI,O,X,X,X,X
JSLOITZ,O,X,X,X,X
JSLOIZT,O,X,X,X,X
JSLOZTI,O,X,X,X,X
JSLOZIT,O,X,X,X,X
JSZTILO,O,X,X,X,X
JSZTIOL,X,X,X,X,X
JSZTLIO,O,X,X,X,X
JSZTLOI,X,X,X,X,X
JSZTOIL,X,X,X,X,X
JSZTOLI,X,X,X,X,X
JSZITLO,O,X,X,X,X
JSZITOL,X,X,X,X,X
JSZILTO,O,X,X,X,X
JSZILOT,X,X,X,X,X
JSZIOTL,X,X,X,X,X
JSZIOLT,X,X,X,X,X
JSZLTIO,O,X,X,X,X
JSZLTOI,X,X,X,X,X
JSZLITO,O,X,X,X,X
JSZLIOT,X,X,X,X,X
JSZLOTI,X,X,X,X,X
JSZLOIT,X,X,X,X,X
JSZOTIL,X,X,X,X,X
JSZOTLI,X,X,X,X,X
JSZOITL,X,X,X,X,X
JSZOILT,X,X,X,X,X
JSZOLTI,X,X,X,X,X
JSZOLIT,X,X,X,X,X
JSOTILZ,O,X,X,X,X
JSOTIZL,O,X,X,X,X
JSOTLIZ,O,X,X,X,X
JSOTLZI,O,X,X,X,X
JSOTZIL,O,X,X,X,X
JSOTZLI,O,X,X,X,X
JSOITLZ,O,X,X,X,X
JSOITZL,O,X,X,X,X
JSOILTZ,O,X,X,X,X
JSOILZT,O,X,X,X,X
JSOIZTL,O,X,X,X,X
JSOIZLT,O,X,X,X,X
JSOLTIZ,O,X,X,X,X
JSOLTZI,O,X,X,X,X
JSOLITZ,O,X,X,X,X
JSOLIZT,O,X,X,X,X
JSOLZTI,O,X,X,X,X
JSOLZIT,O,X,X,X,X
JSOZTIL,O,X,X,X,X
JSOZTLI,O,X,X,X,X
JSOZITL,O,X,X,X,X
JSOZILT,O,X,X,X,X
JSOZLTI,O,X,X,X,X
JSOZLIT,O,X,X,X,X
JZTILSO,X,X,X,X,X
JZTILOS,X,X,O,X,X
JZTISLO,X,X,X,X,X
JZTISOL,X,X,X,X,X
JZTIOLS,X,X,O,X,X
JZTIOSL,X,X,X,X,X
JZTLISO,X,X,X,X,X
JZTLIOS,X,X,O,X,X
JZTLSIO,X,X,X,X,X
JZTLSOI,X,X,X,X,X
JZTLOIS,X,X,O,X,X
JZTLOSI,X,X,X,X,X
JZTSILO,X,X,X,X,X
JZTSIOL,X,X,X,X,X
JZTSLIO,X,X,X,X,X
JZTSLOI,X,X,X,X,X
JZTSOIL,X,X,X,X,X
JZTSOLI,X,X,X,X,X
JZTOILS,X,X,O,X,X
JZTOISL,X,X,X,X,X
JZTOLIS,X,X,O,X,X
JZTOLSI,X,X,X,X,X
JZTOSIL,X,X,X,X,X
JZTOSLI,X,X,X,X,X
JZITLSO,X,X,X,X,X
JZITLOS,X,X,O,X,X
JZITSLO,X,X,X,X,X
JZITSOL,X,X,X,X,X
JZITOLS,X,X,O,X,X
JZITOSL,X,X,X,X,X
JZILTSO,X,X,X,X,X
JZILTOS,X,X,O,X,X
JZILSTO,X,O,X,X,X
JZILSOT,X,O,X,X,X
JZILOTS,X,X,X,X,X
JZILOST,X,O,X,X,X
JZISTLO,X,O,X,X,X
JZISTOL,X,O,X,X,X
JZISLTO,X,O,X,X,X
JZISLOT,X,O,X,X,X
JZISOTL,X,O,X,X,X
JZISOLT,X,O,X,X,X
JZIOTLS,X,X,X,X,X
JZIOTSL,X,X,X,X,X
JZIOLTS,X,X,X,X,X
JZIOLST,X,O,X,X,X
JZIOSTL,X,O,X,X,X
JZIOSLT,X,O,X,X,X
JZLTISO,X,X,X,X,X
JZLTIOS,X,X,O,X,X
JZLTSIO,X,X,X,X,X
JZLTSOI,X,X,X,X,X
JZLTOIS,X,X,O,X,X
JZLTOSI,X,X,X,X,X
JZLITSO,X,X,X,X,X
JZLITOS,X,X,O,X,X
JZLISTO,X,O,X,X,X
JZLISOT,X,O,X,X,X
JZLIOTS,X,X,X,X,X
JZLIOST,X,O,X,X,X
JZLSTIO,X,O,X,X,X
JZLSTOI,X,O,X,X,X
JZLSITO,X,O,X,X,X
JZLSIOT,X,O,X,X,X
JZLSOTI,X,O,X,X,X
JZLSOIT,X,O,X,X,X
JZLOTIS,X,X,X,X,X
JZLOTSI,X,X,X,X,X
JZLOITS,X,X,X,X,X
JZLOIST,X,O,X,X,X
JZLOSTI,X,O,X,X,X
JZLOSIT,X,O,X,X,X
JZSTILO,X,O,X,X,X
JZSTIOL,X,O,X,X,X
JZSTLIO,X,O,X,X,X
JZSTLOI,X,O,X,X,X
JZSTOIL,X,O,X,X,X
JZSTOLI,X,O,X,X,X
JZSITLO,X,O,X,X,X
JZSITOL,X,O,X,X,X
JZSILTO,X,O,X,X,X
JZSILOT,X,O,X,X,X
JZSIOTL,X,O,X,X,X
JZSIOLT,X,O,X,X,X
JZSLTIO,X,O,X,X,X
JZSLTOI,X,O,X,X,X
JZSLITO,X,O,X,X,X
JZSLIOT,X,O,X,X,X
JZSLOTI,X,O,X,X,X
JZSLOIT,X,O,X,X,X
JZSOTIL,X,O,X,X,X
JZSOTLI,X,O,X,X,X
JZSOITL,X,O,X,X,X
JZSOILT,X,O,X,X,X
JZSOLTI,X,O,X,X,X
JZSOLIT,X,O,X,X,X
JZOTILS,X,X,X,X,X
JZOTISL,X,X,X,X,X
JZOTLIS,X,X,X,X,X
JZOTLSI,X,X,X,X,X
JZOTSIL,X,X,X,X,X
JZOTSLI,X,X,X,X,X
JZOITLS,X,X,X,X,X
JZOITSL,X,X,X,X,X
JZOILTS,X,X,X,X,X
JZOILST,X,O,X,X,X
JZOISTL,X,O,X,X,X
JZOISLT,X,O,X,X,X
JZOLTIS,X,X,X,X,X
JZOLTSI,X,X,X,X,X
JZOLITS,X,X,X,X,X
JZOLIST,X,O,X,X,X
JZOLSTI,X,O,X,X,X
JZOLSIT,X,O,X,X,X
JZOSTIL,X,O,X,X,X
JZOSTLI,X,O,X,X,X
JZOSITL,X,O,X,X,X
JZOSILT,X,O,X,X,X
JZOSLTI,X,O,X,X,X
JZOSLIT,X,O,X,X,X
JOTILSZ,O,X,X,X,X
JOTILZS,X,X,X,X,X
JOTISLZ,O,X,X,X,X
JOTISZL,O,X,X,X,X
JOTIZLS,X,X,X,X,X
JOTIZSL,X,X,X,X,X
JOTLISZ,O,X,X,X,X
JOTLIZS,X,X,X,X,X
JOTLSIZ,O,X,X,X,X
JOTLSZI,O,X,X,X,X
JOTLZIS,X,X,X,X,X
JOTLZSI,X,X,X,X,X
JOTSILZ,O,X,X,X,X
JOTSIZL,O,X,X,X,X
JOTSLIZ,O,X,X,X,X
JOTSLZI,O,X,X,X,X
JOTSZIL,O,X,X,X,X
JOTSZLI,O,X,X,X,X
JOTZILS,X,X,X,X,X
JOTZISL,X,X,X,X,X
JOTZLIS,X,X,X,X,X
JOTZLSI,X,X,X,X,X
JOTZSIL,X,X,X,X,X
JOTZSLI,X,X,X,X,X
JOITLSZ,O,X,X,X,X
JOITLZS,X,X,X,X,X
JOITSLZ,O,X,X,X,X
JOITSZL,O,X,X,X,X
JOITZLS,X,X,X,X,X
JOITZSL,X,X,X,X,X
JOILTSZ,O,X,X,X,X
JOILTZS,X,X,X,X,X
JOILSTZ,O,X,X,X,X
JOILSZT,O,X,X,X,X
JOILZTS,X,X,X,X,X
JOILZST,X,X,X,X,X
JOISTLZ,O,X,X,X,X
JOISTZL,O,X,X,X,X
JOISLTZ,O,X,X,X,X
JOISLZT,O,X,X,X,X
JOISZTL,O,X,X,X,X
JOISZLT,O,X,X,X,X
JOIZTLS,X,X,X,X,X
JOIZTSL,X,X,X,X,X
JOIZLTS,X,X,X,X,X
JOIZLST,X,X,X,X,X
JOIZSTL,X,X,X,X,X
JOIZSLT,X,X,X,X,X
JOLTISZ,O,X,X,X,X
JOLTIZS,X,X,X,X,X
JOLTSIZ,O,X,X,X,X
JOLTSZI,O,X,X,X,X
JOLTZIS,X,X,X,X,X
JOLTZSI,X,X,X,X,X
JOLITSZ,O,X,X,X,X
JOLITZS,X,X,X,X,X
JOLISTZ,O,X,X,X,X
JOLISZT,O,X,X,X,X
JOLIZTS,X,X,X,X,X
JOLIZST,X,X,X,X,X
JOLSTIZ,O,X,X,X,X
JOLSTZI,O,X,X,X,X
JOLSITZ,O,X,X,X,X
JOLSIZT,O,X,X,X,X
JOLSZTI,O,X,X,X,X
JOLSZIT,O,X,X,X,X
JOLZTIS,X,X,X,X,X
JOLZTSI,X,X,X,X,X
JOLZITS,X,X,X,X,X
JOLZIST,X,X,X,X,X
JOLZSTI,X,X,X,X,X
JOLZSIT,X,X,X,X,X
JOSTILZ,O,X,X,X,X
JOSTIZL,O,X,X,X,X
JOSTLIZ,O,X,X,X,X
JOSTLZI,O,X,X,X,X
JOSTZIL,O,X,X,X,X
JOSTZLI,O,X,X,X,X
JOSITLZ,O,X,X,X,X
JOSITZL,O,X,X,X,X
JOSILTZ,O,X,X,X,X
JOSILZT,O,X,X,X,X
JOSIZTL,O,X,X,X,X
JOSIZLT,O,X,X,X,X
JOSLTIZ,O,X,X,X,X
JOSLTZI,O,X,X,X,X
JOSLITZ,O,X,X,X,X
JOSLIZT,O,X,X,X,X
JOSLZTI,O,X,X,X,X
JOSLZIT,O,X,X,X,X
JOSZTIL,O,X,X,X,X
JOSZTLI,O,X,X,X,X
JOSZITL,O,X,X,X,X
JOSZILT,O,X,X,X,X
JOSZLTI,O,X,X,X,X
JOSZLIT,O,X,X,X,X
JOZTILS,X,X,X,X,X
JOZTISL,X,X,X,X,X
JOZTLIS,X,X,X,X,X
JOZTLSI,X,X,X,X,X
JOZTSIL,X,X,X,X,X
JOZTSLI,X,X,X,X,X
JOZITLS,X,X,X,X,X
JOZITSL,X,X,X,X,X
JOZILTS,X,X,X,X,X
JOZILST,X,X,X,X,X
JOZISTL,X,X,X,X,X
JOZISLT,X,X,X,X,X
JOZLTIS,X,X,X,X,X
JOZLTSI,X,X,X,X,X
JOZLITS,X,X,X,X,X
JOZLIST,X,X,X,X,X
JOZLSTI,X,X,X,X,X
JOZLSIT,X,X,X,X,X
JOZSTIL,X,X,X,X,X
JOZSTLI,X,X,X,X,X
JOZSITL,X,X,X,X,X
JOZSILT,X,X,X,X,X
JOZSLTI,X,X,X,X,X
JOZSLIT,X,X,X,X,X
STILJZO,O,O,X,X,X
STILJOZ,X,X,X,X,X
STILZJO,O,O,X,X,X
STILZOJ,X,O,X,X,X
STILOJZ,X,X,X,X,X
STILOZJ,X,X,X,X,X
STIJLZO,O,O,X,X,X
STIJLOZ,X,X,X,X,X
STIJZLO,O,O,X,X,X
STIJZOL,X,O,X,X,X
STIJOLZ,X,X,X,X,X
STIJOZL,X,X,X,X,X
STIZLJO,O,O,X,X,X
STIZLOJ,X,O,X,X,X
STIZJLO,O,O,X,X,X
STIZJOL,X,O,X,X,X
STIZOLJ,X,O,X,X,X
STIZOJL,X,O,X,X,X
STIOLJZ,X,X,X,X,X
STIOLZJ,X,X,X,X,X
STIOJLZ,X,X,X,X,X
STIOJZL,X,X,X,X,X
STIOZLJ,X,X,X,X,X
STIOZJL,X,X,X,X,X
STLIJZO,O,O,X,X,X
STLIJOZ,X,X,X,X,X
STLIZJO,O,O,X,X,X
STLIZOJ,X,O,X,X,X
STLIOJZ,X,X,X,X,X
STLIOZJ,X,X,X,X,X
STLJIZO,O,O,X,X,X
STLJIOZ,X,X,X,X,X
STLJZIO,O,X,X,X,X
STLJZOI,X,X,X,X,X
STLJOIZ,X,X,X,X,X
STLJOZI,X,X,X,X,X
STLZIJO,O,X,X,X,X
STLZIOJ,X,X,X,X,X
STLZJIO,O,X,X,X,X
STLZJOI,X,X,X,X,X
STLZOIJ,X,X,X,X,X
STLZOJI,X,X,X,X,X
STLOIJZ,X,X,X,X,X
STLOIZJ,X,X,X,X,X
STLOJIZ,X,X,X,X,X
STLOJZI,X,X,X,X,X
STLOZIJ,X,X,X,X,X
STLOZJI,X,X,X,X,X
STJILZO,O,O,X,X,X
STJILOZ,X,X,X,X,X
STJIZLO,O,O,X,X,X
STJIZOL,X,O,X,X,X
STJIOLZ,X,X,X,X,X
STJIOZL,X,X,X,X,X
STJLIZO,O,O,X,X,X
STJLIOZ,X,X,X,X,X
STJLZIO,O,X,X,X,X
STJLZOI,X,X,X,X,X
STJLOIZ,X,X,X,X,X
STJLOZI,X,X,X,X,X
STJZILO,O,X,X,X,X
STJZIOL,X,X,X,X,X
STJZLIO,O,X,X,X,X
STJZLOI,X,X,X,X,X
STJZOIL,X,X,X,X,X
STJZOLI,X,X,X,X,X
STJOILZ,X,X,X,X,X
STJOIZL,X,X,X,X,X
STJOLIZ,X,X,X,X,X
STJOLZI,X,X,X,X,X
STJOZIL,X,X,X,X,X
STJOZLI,X,X,X,X,X
STZILJO,O,X,X,X,X
STZILOJ,X,X,X,X,X
STZIJLO,O,X,X,X,X
STZIJOL,X,X,X,X,X
STZIOLJ,X,X,X,X,X
STZIOJL,X,X,X,X,X
STZLIJO,O,X,X,X,X
STZLIOJ,X,X,X,X,X
STZLJIO,O,X,X,X,X
STZLJOI,X,X,X,X,X
STZLOIJ,X,X,X,X,X
STZLOJI,X,X,X,X,X
STZJILO,O,X,X,X,X
STZJIOL,X,X,X,X,X
STZJLIO,O,X,X,X,X
STZJLOI,X,X,X,X,X
STZJOIL,X,X,X,X,X
STZJOLI,X,X,X,X,X
STZOILJ,X,X,X,X,X
STZOIJL,X,X,X,X,X
STZOLIJ,X,X,X,X,X
STZOLJI,X,X,X,X,X
STZOJIL,X,X,X,X,X
STZOJLI,X,X,X,X,X
STOILJZ,X,X,X,X,X
STOILZJ,X,X,X,X,X
STOIJLZ,X,X,X,X,X
STOIJZL,X,X,X,X,X
STOIZLJ,X,X,X,X,X
STOIZJL,X,X,X,X,X
STOLIJZ,X,X,X,X,X
STOLIZJ,X,X,X,X,X
STOLJIZ,X,X,X,X,X
STOLJZI,X,X,X,X,X
STOLZIJ,X,X,X,X,X
STOLZJI,X,X,X,X,X
STOJILZ,X,X,X,X,X
STOJIZL,X,X,X,X,X
STOJLIZ,X,X,X,X,X
STOJLZI,X,X,X,X,X
STOJZIL,X,X,X,X,X
STOJZLI,X,X,X,X,X
STOZILJ,X,X,X,X,X
STOZIJL,X,X,X,X,X
STOZLIJ,X,X,X,X,X
STOZLJI,X,X,X,X,X
STOZJIL,X,X,X,X,X
STOZJLI,X,X,X,X,X
SITLJZO,O,O,X,X,X
SITLJOZ,X,X,X,X,X
SITLZJO,O,O,X,X,X
SITLZOJ,X,O,X,X,X
SITLOJZ,X,X,X,X,X
SITLOZJ,X,X,X,X,X
SITJLZO,O,O,X,X,X
SITJLOZ,X,X,X,X,X
SITJZLO,O,O,X,X,X
SITJZOL,X,O,X,X,X
SITJOLZ,X,X,X,X,X
SITJOZL,X,X,X,X,X
SITZLJO,O,O,X,X,X
SITZLOJ,X,O,X,X,X
SITZJLO,O,O,X,X,X
SITZJOL,X,O,X,X,X
SITZOLJ,X,O,X,X,X
SITZOJL,X,O,X,X,X
SITOLJZ,X,X,X,X,X
SITOLZJ,X,X,X,X,X
SITOJLZ,X,X,X,X,X
SITOJZL,X,X,X,X,X
SITOZLJ,X,X,X,X,X
SITOZJL,X,X,X,X,X
SILTJZO,O,O,X,X,X
SILTJOZ,X,X,X,X,X
SILTZJO,O,O,X,X,X
SILTZOJ,X,O,X,X,X
SILTOJZ,X,X,X,X,X
SILTOZJ,X,X,X,X,X
SILJTZO,O,O,X,X,X
SILJTOZ,X,X,X,O,X
SILJZTO,O,O,X,X,X
SILJZOT,X,O,X,X,X
SILJOTZ,O,X,X,X,X
SILJOZT,O,X,X,X,X
SILZTJO,O,O,X,X,X
SILZTOJ,X,O,X,X,X
SILZJTO,O,O,X,X,X
SILZJOT,X,O,X,X,X
SILZOTJ,X,O,X,X,X
SILZOJT,X,O,X,X,X
SILOTJZ,O,X,X,X,X
SILOTZJ,O,X,X,X,X
SILOJTZ,O,X,X,X,X
SILOJZT,O,X,X,X,X
SILOZTJ,O,X,X,X,X
SILOZJT,O,X,X,X,X
SIJTLZO,O,O,X,X,X
SIJTLOZ,X,X,X,O,X
SIJTZLO,O,O,X,X,X
SIJTZOL,X,O,X,X,X
SIJTOLZ,X,X,X,O,X
SIJTOZL,X,X,X,X,X
SIJLTZO,O,O,X,X,X
SIJLTOZ,X,X,X,O,X
SIJLZTO,O,O,X,X,X
SIJLZOT,X,O,X,X,X
SIJLOTZ,O,X,X,X,X
SIJLOZT,O,X,X,X,X
SIJZTLO,O,O,X,X,X
SIJZTOL,X,O,X,X,X
SIJZLTO,O,O,X,X,X
SIJZLOT,X,O,X,X,X
SIJZOTL,X,O,X,X,X
SIJZOLT,X,O,X,X,X
SIJOTLZ,O,X,X,X,X
SIJOTZL,O,X,X,X,X
SIJOLTZ,O,X,X,X,X
SIJOLZT,O,X,X,X,X
SIJOZTL,O,X,X,X,X
SIJOZLT,O,X,X,X,X
SIZTLJO,O,O,X,X,X
SIZTLOJ,X,O,X,X,X
SIZTJLO,O,O,X,X,X
SIZTJOL,X,O,X,X,X
SIZTOLJ,X,O,X,X,X
SIZTOJL,X,O,X,X,X
SIZLTJO,O,O,X,X,X
SIZLTOJ,X,O,X,X,X
SIZLJTO,O,O,X,X,X
SIZLJOT,X,O,X,X,X
SIZLOTJ,X,O,X,X,X
SIZLOJT,X,O,X,X,X
SIZJTLO,O,O,X,X,X
SIZJTOL,X,O,X,X,X
SIZJLTO,O,O,X,X,X
SIZJLOT,X,O,X,X,X
SIZJOTL,X,O,X,X,X
SIZJOLT,X,O,X,X,X
SIZOTLJ,X,O,X,X,X
SIZOTJL,X,O,X,X,X
SIZOLTJ,X,O,X,X,X
SIZOLJT,X,O,X,X,X
SIZOJTL,X,O,X,X,X
SIZOJLT,X,O,X,X,X
SIOTLJZ,O,X,X,X,X
SIOTLZJ,O,X,X,X,X
SIOTJLZ,O,X,X,X,X
SIOTJZL,O,X,X,X,X
SIOTZLJ,O,X,X,X,X
SIOTZJL,O,X,X,X,X
SIOLTJZ,O,X,X,X,X
SIOLTZJ,O,X,X,X,X
SIOLJTZ,O,X,X,X,X
SIOLJZT,O,X,X,X,X
SIOLZTJ,O,X,X,X,X
SIOLZJT,O,X,X,X,X
SIOJTLZ,O,X,X,X,X
SIOJTZL,O,X,X,X,X
SIOJLTZ,O,X,X,X,X
SIOJLZT,O,X,X,X,X
SIOJZTL,O,X,X,X,X
SIOJZLT,O,X,X,X,X
SIOZTLJ,O,X,X,X,X
SIOZTJL,O,X,X,X,X
SIOZLTJ,O,X,X,X,X
SIOZLJT,O,X,X,X,X
SIOZJTL,O,X,X,X,X
SIOZJLT,O,X,X,X,X
SLTIJZO,O,O,X,X,X
SLTIJOZ,X,X,X,X,X
SLTIZJO,O,O,X,X,X
SLTIZOJ,X,O,X,X,X
SLTIOJZ,X,X,X,X,X
SLTIOZJ,X,X,X,X,X
SLTJIZO,O,O,X,X,X
SLTJIOZ,X,X,X,X,X
SLTJZIO,O,X,X,X,X
SLTJZOI,X,X,X,X,X
SLTJOIZ,X,X,X,X,X
SLTJOZI,X,X,X,X,X
SLTZIJO,O,X,X,X,X
SLTZIOJ,X,X,X,X,X
SLTZJIO,O,X,X,X,X
SLTZJOI,X,X,X,X,X
SLTZOIJ,X,X,X,X,X
SLTZOJI,X,X,X,X,X
SLTOIJZ,X,X,X,X,X
SLTOIZJ,X,X,X,X,X
SLTOJIZ,X,X,X,X,X
SLTOJZI,X,X,X,X,X
SLTOZIJ,X,X,X,X,X
SLTOZJI,X,X,X,X,X
SLITJZO,O,O,X,X,X
SLITJOZ,X,X,X,X,X
SLITZJO,O,O,X,X,X
SLITZOJ,X,O,X,X,X
SLITOJZ,X,X,X,X,X
SLITOZJ,X,X,X,X,X
SLIJTZO,O,O,X,X,X
SLIJTOZ,X,X,X,O,X
SLIJZTO,O,O,X,X,X
SLIJZOT,X,O,X,X,X
SLIJOTZ,O,X,X,X,X
SLIJOZT,O,X,X,X,X
SLIZTJO,O,O,X,X,X
SLIZTOJ,X,O,X,X,X
SLIZJTO,O,O,X,X,X
SLIZJOT,X,O,X,X,X
SLIZOTJ,X,O,X,X,X
SLIZOJT,X,O,X,X,X
SLIOTJZ,O,X,X,X,X
SLIOTZJ,O,X,X,X,X
SLIOJTZ,O,X,X,X,X
SLIOJZT,O,X,X,X,X
SLIOZTJ,O,X,X,X,X
SLIOZJT,O,X,X,X,X
SLJTIZO,O,O,X,X,X
SLJTIOZ,X,X,X,O,X
SLJTZIO,O,X,X,X,X
SLJTZOI,X,X,X,X,X
SLJTOIZ,X,X,X,O,X
SLJTOZI,X,X,X,X,X
SLJITZO,O,O,X,X,X
SLJITOZ,X,X,X,O,X
SLJIZTO,O,O,X,X,X
SLJIZOT,X,O,X,X,X
SLJIOTZ,O,X,X,X,X
SLJIOZT,O,X,X,X,X
SLJZTIO,O,X,X,X,X
SLJZTOI,X,X,X,X,X
SLJZITO,O,X,X,X,X
SLJZIOT,X,X,X,X,X
SLJZOTI,X,X,X,X,X
SLJZOIT,X,X,X,X,X
SLJOTIZ,O,X,X,X,X
SLJOTZI,O,X,X,X,X
SLJOITZ,O,X,X,X,X
SLJOIZT,O,X,X,X,X
SLJOZTI,O,X,X,X,X
SLJOZIT,O,X,X,X,X
SLZTIJO,O,X,X,X,X
SLZTIOJ,X,X,X,X,X
SLZTJIO,O,X,X,X,X
SLZTJOI,X,X,X,X,X
SLZTOIJ,X,X,X,X,X
SLZTOJI,X,X,X,X,X
SLZITJO,O,X,X,X,X
SLZITOJ,X,X,X,X,X
SLZIJTO,O,X,X,X,X
SLZIJOT,X,X,X,X,X
SLZIOTJ,X,X,X,X,X
SLZIOJT,X,X,X,X,X
SLZJTIO,O,X,X,X,X
SLZJTOI,X,X,X,X,X
SLZJITO,O,X,X,X,X
SLZJIOT,X,X,X,X,X
SLZJOTI,X,X,X,X,X
SLZJOIT,X,X,X,X,X
SLZOTIJ,X,X,X,X,X
SLZOTJI,X,X,X,X,X
SLZOITJ,X,X,X,X,X
SLZOIJT,X,X,X,X,X
SLZOJTI,X,X,X,X,X
SLZOJIT,X,X,X,X,X
SLOTIJZ,O,X,X,X,X
SLOTIZJ,O,X,X,X,X
SLOTJIZ,O,X,X,X,X
SLOTJZI,O,X,X,X,X
SLOTZIJ,O,X,X,X,X
SLOTZJI,O,X,X,X,X
SLOITJZ,O,X,X,X,X
SLOITZJ,O,X,X,X,X
SLOIJTZ,O,X,X,X,X
SLOIJZT,O,X,X,X,X
SLOIZTJ,O,X,X,X,X
SLOIZJT,O,X,X,X,X
SLOJTIZ,O,X,X,X,X
SLOJTZI,O,X,X,X,X
SLOJITZ,O,X,X,X,X
SLOJIZT,O,X,X,X,X
SLOJZTI,O,X,X,X,X
SLOJZIT,O,X,X,X,X
SLOZTIJ,O,X,X,X,X
SLOZTJI,O,X,X,X,X
SLOZITJ,O,X,X,X,X
SLOZIJT,O,X,X,X,X
SLOZJTI,O,X,X,X,X
SLOZJIT,O,X,X,X,X
SJTILZO,O,O,X,X,X
SJTILOZ,X,X,X,O,X
SJTIZLO,O,O,X,X,X
SJTIZOL,X,O,X,X,X
SJTIOLZ,X,X,X,O,X
SJTIOZL,X,X,X,X,X
SJTLIZO,O,O,X,X,X
SJTLIOZ,X,X,X,O,X
SJTLZIO,O,X,X,X,X
SJTLZOI,X,X,X,X,X
SJTLOIZ,X,X,X,O,X
SJTLOZI,X,X,X,X,X
SJTZILO,O,X,X,X,X
SJTZIOL,X,X,X,X,X
SJTZLIO,O,X,X,X,X
SJTZLOI,X,X,X,X,X
SJTZOIL,X,X,X,X,X
SJTZOLI,X,X,X,X,X
SJTOILZ,X,X,X,O,X
SJTOIZL,X,X,X,X,X
SJTOLIZ,X,X,X,O,X
SJTOLZI,X,X,X,X,X
SJTOZIL,X,X,X,X,X
SJTOZLI,X,X,X,X,X
SJITLZO,O,O,X,X,X
SJITLOZ,X,X,X,O,X
SJITZLO,O,O,X,X,X
SJITZOL,X,O,X,X,X
SJITOLZ,X,X,X,O,X
SJITOZL,X,X,X,X,X
SJILTZO,O,O,X,X,X
SJILTOZ,X,X,X,O,X
SJILZTO,O,O,X,X,X
SJILZOT,X,O,X,X,X
SJILOTZ,O,X,X,X,X
SJILOZT,O,X,X,X,X
SJIZTLO,O,O,X,X,X
SJIZTOL,X,O,X,X,X
SJIZLTO,O,O,X,X,X
SJIZLOT,X,O,X,X,X
SJIZOTL,X,O,X,X,X
SJIZOLT,X,O,X,X,X
SJIOTLZ,O,X,X,X,X
SJIOTZL,O,X,X,X,X
SJIOLTZ,O,X,X,X,X
SJIOLZT,O,X,X,X,X
SJIOZTL,O,X,X,X,X
SJIOZLT,O,X,X,X,X
SJLTIZO,O,O,X,X,X
SJLTIOZ,X,X,X,O,X
SJLTZIO,O,X,X,X,X
SJLTZOI,X,X,X,X,X
SJLTOIZ,X,X,X,O,X
SJLTOZI,X,X,X,X,X
SJLITZO,O,O,X,X,X
SJLITOZ,X,X,X,O,X
SJLIZTO,O,O,X,X,X
SJLIZOT,X,O,X,X,X
SJLIOTZ,O,X,X,X,X
SJLIOZT,O,X,X,X,X
SJLZTIO,O,X,X,X,X
SJLZTOI,X,X,X,X,X
SJLZITO,O,X,X,X,X
SJLZIOT,X,X,X,X,X
SJLZOTI,X,X,X,X,X
SJLZOIT,X,X,X,X,X
SJLOTIZ,O,X,X,X,X
SJLOTZI,O,X,X,X,X
SJLOITZ,O,X,X,X,X
SJLOIZT,O,X,X,X,X
SJLOZTI,O,X,X,X,X
SJLOZIT,O,X,X,X,X
SJZTILO,O,X,X,X,X
SJZTIOL,X,X,X,X,X
SJZTLIO,O,X,X,X,X
SJZTLOI,X,X,X,X,X
SJZTOIL,X,X,X,X,X
SJZTOLI,X,X,X,X,X
SJZITLO,O,X,X,X,X
SJZITOL,X,X,X,X,X
SJZILTO,O,X,X,X,X
SJZILOT,X,X,X,X,X
SJZIOTL,X,X,X,X,X
SJZIOLT,X,X,X,X,X
SJZLTIO,O,X,X,X,X
SJZLTOI,X,X,X,X,X
SJZLITO,O,X,X,X,X
SJZLIOT,X,X,X,X,X
SJZLOTI,X,X,X,X,X
SJZLOIT,X,X,X,X,X
SJZOTIL,X,X,X,X,X
SJZOTLI,X,X,X,X,X
SJZOITL,X,X,X,X,X
SJZOILT,X,X,X,X,X
SJZOLTI,X,X,X,X,X
SJZOLIT,X,X,X,X,X
SJOTILZ,O,X,X,X,X
SJOTIZL,O,X,X,X,X
SJOTLIZ,O,X,X,X,X
SJOTLZI,O,X,X,X,X
SJOTZIL,O,X,X,X,X
SJOTZLI,O,X,X,X,X
SJOITLZ,O,X,X,X,X
SJOITZL,O,X,X,X,X
SJOILTZ,O,X,X,X,X
SJOILZT,O,X,X,X,X
SJOIZTL,O,X,X,X,X
SJOIZLT,O,X,X,X,X
SJOLTIZ,O,X,X,X,X
SJOLTZI,O,X,X,X,X
SJOLITZ,O,X,X,X,X
SJOLIZT,O,X,X,X,X
SJOLZTI,O,X,X,X,X
SJOLZIT,O,X,X,X,X
SJOZTIL,O,X,X,X,X
SJOZTLI,O,X,X,X,X
SJOZITL,O,X,X,X,X
SJOZILT,O,X,X,X,X
SJOZLTI,O,X,X,X,X
SJOZLIT,O,X,X,X,X
SZTILJO,O,X,X,X,X
SZTILOJ,X,X,X,X,X
SZTIJLO,O,X,X,X,X
SZTIJOL,X,X,X,X,X
SZTIOLJ,X,X,X,X,X
SZTIOJL,X,X,X,X,X
SZTLIJO,O,X,X,X,X
SZTLIOJ,X,X,X,X,X
SZTLJIO,O,X,X,X,X
SZTLJOI,X,X,X,X,X
SZTLOIJ,X,X,X,X,X
SZTLOJI,X,X,X,X,X
SZTJILO,O,X,X,X,X
SZTJIOL,X,X,X,X,X
SZTJLIO,O,X,X,X,X
SZTJLOI,X,X,X,X,X
SZTJOIL,X,X,X,X,X
SZTJOLI,X,X,X,X,X
SZTOILJ,X,X,X,X,X
SZTOIJL,X,X,X,X,X
SZTOLIJ,X,X,X,X,X
SZTOLJI,X,X,X,X,X
SZTOJIL,X,X,X,X,X
SZTOJLI,X,X,X,X,X
SZITLJO,O,X,X,X,X
SZITLOJ,X,X,X,X,X
SZITJLO,O,X,X,X,X
SZITJOL,X,X,X,X,X
SZITOLJ,X,X,X,X,X
SZITOJL,X,X,X,X,X
SZILTJO,O,X,X,X,X
SZILTOJ,X,X,X,X,X
SZILJTO,O,X,X,X,X
SZILJOT,X,X,X,X,X
SZILOTJ,X,X,X,X,X
SZILOJT,X,X,X,X,X
SZIJTLO,O,X,X,X,X
SZIJTOL,X,X,X,X,X
SZIJLTO,O,X,X,X,X
SZIJLOT,X,X,X,X,X
SZIJOTL,X,X,X,X,X
SZIJOLT,X,X,X,X,X
SZIOTLJ,X,X,X,X,X
SZIOTJL,X,X,X,X,X
SZIOLTJ,X,X,X,X,X
SZIOLJT,X,X,X,X,X
SZIOJTL,X,X,X,X,X
SZIOJLT,X,X,X,X,X
SZLTIJO,O,X,X,X,X
SZLTIOJ,X,X,X,X,X
SZLTJIO,O,X,X,X,X
SZLTJOI,X,X,X,X,X
SZLTOIJ,X,X,X,X,X
SZLTOJI,X,X,X,X,X
SZLITJO,O,X,X,X,X
SZLITOJ,X,X,X,X,X
SZLIJTO,O,X,X,X,X
SZLIJOT,X,X,X,X,X
SZLIOTJ,X,X,X,X,X
SZLIOJT,X,X,X,X,X
SZLJTIO,O,X,X,X,X
SZLJTOI,X,X,X,X,X
SZLJITO,O,X,X,X,X
SZLJIOT,X,X,X,X,X
SZLJOTI,X,X,X,X,X
SZLJOIT,X,X,X,X,X
SZLOTIJ,X,X,X,X,X
SZLOTJI,X,X,X,X,X
SZLOITJ,X,X,X,X,X
SZLOIJT,X,X,X,X,X
SZLOJTI,X,X,X,X,X
SZLOJIT,X,X,X,X,X
SZJTILO,O,X,X,X,X
SZJTIOL,X,X,X,X,X
SZJTLIO,O,X,X,X,X
SZJTLOI,X,X,X,X,X
SZJTOIL,X,X,X,X,X
SZJTOLI,X,X,X,X,X
SZJITLO,O,X,X,X,X
SZJITOL,X,X,X,X,X
SZJILTO,O,X,X,X,X
SZJILOT,X,X,X,X,X
SZJIOTL,X,X,X,X,X
SZJIOLT,X,X,X,X,X
SZJLTIO,O,X,X,X,X
SZJLTOI,X,X,X,X,X
SZJLITO,O,X,X,X,X
SZJLIOT,X,X,X,X,X
SZJLOTI,X,X,X,X,X
SZJLOIT,X,X,X,X,X
SZJOTIL,X,X,X,X,X
SZJOTLI,X,X,X,X,X
SZJOITL,X,X,X,X,X
SZJOILT,X,X,X,X,X
SZJOLTI,X,X,X,X,X
SZJOLIT,X,X,X,X,X
SZOTILJ,X,X,X,X,X
SZOTIJL,X,X,X,X,X
SZOTLIJ,X,X,X,X,X
SZOTLJI,X,X,X,X,X
SZOTJIL,X,X,X,X,X
SZOTJLI,X,X,X,X,X
SZOITLJ,X,X,X,X,X
SZOITJL,X,X,X,X,X
SZOILTJ,X,X,X,X,X
SZOILJT,X,X,X,X,X
SZOIJTL,X,X,X,X,X
SZOIJLT,X,X,X,X,X
SZOLTIJ,X,X,X,X,X
SZOLTJI,X,X,X,X,X
SZOLITJ,X,X,X,X,X
SZOLIJT,X,X,X,X,X
SZOLJTI,X,X,X,X,X
SZOLJIT,X,X,X,X,X
SZOJTIL,X,X,X,X,X
SZOJTLI,X,X,X,X,X
SZOJITL,X,X,X,X,X
SZOJILT,X,X,X,X,X
SZOJLTI,X,X,X,X,X
SZOJLIT,X,X,X,X,X
SOTILJZ,O,X,X,X,X
SOTILZJ,O,X,X,X,X
SOTIJLZ,O,X,X,X,X
SOTIJZL,O,X,X,X,X
SOTIZLJ,O,X,X,X,X
SOTIZJL,O,X,X,X,X
SOTLIJZ,O,X,X,X,X
SOTLIZJ,O,X,X,X,X
SOTLJIZ,O,X,X,X,X
SOTLJZI,O,X,X,X,X
SOTLZIJ,O,X,X,X,X
SOTLZJI,O,X,X,X,X
SOTJILZ,O,X,X,X,X
SOTJIZL,O,X,X,X,X
SOTJLIZ,O,X,X,X,X
SOTJLZI,O,X,X,X,X
SOTJZIL,O,X,X,X,X
SOTJZLI,O,X,X,X,X
SOTZILJ,O,X,X,X,X
SOTZIJL,O,X,X,X,X
SOTZLIJ,O,X,X,X,X
SOTZLJI,O,X,X,X,X
SOTZJIL,O,X,X,X,X
SOTZJLI,O,X,X,X,X
SOITLJZ,O,X,X,X,X
SOITLZJ,O,X,X,X,X
SOITJLZ,O,X,X,X,X
SOITJZL,O,X,X,X,X
SOITZLJ,O,X,X,X,X
SOITZJL,O,X,X,X,X
SOILTJZ,O,X,X,X,X
SOILTZJ,O,X,X,X,X
SOILJTZ,O,X,X,X,X
SOILJZT,O,X,X,X,X
SOILZTJ,O,X,X,X,X
SOILZJT,O,X,X,X,X
SOIJTLZ,O,X,X,X,X
SOIJTZL,O,X,X,X,X
SOIJLTZ,O,X,X,X,X
SOIJLZT,O,X,X,X,X
SOIJZTL,O,X,X,X,X
SOIJZLT,O,X,X,X,X
SOIZTLJ,O,X,X,X,X
SOIZTJL,O,X,X,X,X
SOIZLTJ,O,X,X,X,X
SOIZLJT,O,X,X,X,X
SOIZJTL,O,X,X,X,X
SOIZJLT,O,X,X,X,X
SOLTIJZ,O,X,X,X,X
SOLTIZJ,O,X,X,X,X
SOLTJIZ,O,X,X,X,X
SOLTJZI,O,X,X,X,X
SOLTZIJ,O,X,X,X,X
SOLTZJI,O,X,X,X,X
SOLITJZ,O,X,X,X,X
SOLITZJ,O,X,X,X,X
SOLIJTZ,O,X,X,X,X
SOLIJZT,O,X,X,X,X
SOLIZTJ,O,X,X,X,X
SOLIZJT,O,X,X,X,X
SOLJTIZ,O,X,X,X,X
SOLJTZI,O,X,X,X,X
SOLJITZ,O,X,X,X,X
SOLJIZT,O,X,X,X,X
SOLJZTI,O,X,X,X,X
SOLJZIT,O,X,X,X,X
SOLZTIJ,O,X,X,X,X
SOLZTJI,O,X,X,X,X
SOLZITJ,O,X,X,X,X
SOLZIJT,O,X,X,X,X
SOLZJTI,O,X,X,X,X
SOLZJIT,O,X,X,X,X
SOJTILZ,O,X,X,X,X
SOJTIZL,O,X,X,X,X
SOJTLIZ,O,X,X,X,X
SOJTLZI,O,X,X,X,X
SOJTZIL,O,X,X,X,X
SOJTZLI,O,X,X,X,X
SOJITLZ,O,X,X,X,X
SOJITZL,O,X,X,X,X
SOJILTZ,O,X,X,X,X
SOJILZT,O,X,X,X,X
SOJIZTL,O,X,X,X,X
SOJIZLT,O,X,X,X,X
SOJLTIZ,O,X,X,X,X
SOJLTZI,O,X,X,X,X
SOJLITZ,O,X,X,X,X
SOJLIZT,O,X,X,X,X
SOJLZTI,O,X,X,X,X
SOJLZIT,O,X,X,X,X
SOJZTIL,O,X,X,X,X
SOJZTLI,O,X,X,X,X
SOJZITL,O,X,X,X,X
SOJZILT,O,X,X,X,X
SOJZLTI,O,X,X,X,X
SOJZLIT,O,X,X,X,X
SOZTILJ,O,X,X,X,X
SOZTIJL,O,X,X,X,X
SOZTLIJ,O,X,X,X,X
SOZTLJI,O,X,X,X,X
SOZTJIL,O,X,X,X,X
SOZTJLI,O,X,X,X,X
SOZITLJ,O,X,X,X,X
SOZITJL,O,X,X,X,X
SOZILTJ,O,X,X,X,X
SOZILJT,O,X,X,X,X
SOZIJTL,O,X,X,X,X
SOZIJLT,O,X,X,X,X
SOZLTIJ,O,X,X,X,X
SOZLTJI,O,X,X,X,X
SOZLITJ,O,X,X,X,X
SOZLIJT,O,X,X,X,X
SOZLJTI,O,X,X,X,X
SOZLJIT,O,X,X,X,X
SOZJTIL,O,X,X,X,X
SOZJTLI,O,X,X,X,X
SOZJITL,O,X,X,X,X
SOZJILT,O,X,X,X,X
SOZJLTI,O,X,X,X,X
SOZJLIT,O,X,X,X,X
ZTILJSO,X,X,X,X,X
ZTILJOS,X,X,X,X,O
ZTILSJO,X,X,X,X,X
ZTILSOJ,X,X,X,X,X
ZTILOJS,X,X,X,X,O
ZTILOSJ,X,X,X,X,X
ZTIJLSO,X,X,X,X,X
ZTIJLOS,X,X,X,X,O
ZTIJSLO,X,X,X,X,X
ZTIJSOL,X,X,X,X,X
ZTIJOLS,X,X,X,X,X
ZTIJOSL,X,X,X,X,X
ZTISLJO,X,X,X,X,X
ZTISLOJ,X,X,X,X,X
ZTISJLO,X,X,X,X,X
ZTISJOL,X,X,X,X,X
ZTISOLJ,X,X,X,X,X
ZTISOJL,X,X,X,X,X
ZTIOLJS,X,X,X,X,X
ZTIOLSJ,X,X,X,X,X
ZTIOJLS,X,X,X,X,X
ZTIOJSL,X,X,X,X,X
ZTIOSLJ,X,X,X,X,X
ZTIOSJL,X,X,X,X,X
ZTLIJSO,X,X,X,X,X
ZTLIJOS,X,X,X,X,O
ZTLISJO,X,X,X,X,X
ZTLISOJ,X,X,X,X,X
ZTLIOJS,X,X,X,X,O
ZTLIOSJ,X,X,X,X,X
ZTLJISO,X,X,X,X,X
ZTLJIOS,X,X,X,X,O
ZTLJSIO,X,X,X,X,X
ZTLJSOI,X,X,X,X,X
ZTLJOIS,X,X,X,X,O
ZTLJOSI,X,X,X,X,X
ZTLSIJO,X,X,X,X,X
ZTLSIOJ,X,X,X,X,X
ZTLSJIO,X,X,X,X,X
ZTLSJOI,X,X,X,X,X
ZTLSOIJ,X,X,X,X,X
ZTLSOJI,X,X,X,X,X
ZTLOIJS,X,X,X,X,O
ZTLOISJ,X,X,X,X,X
ZTLOJIS,X,X,X,X,O
ZTLOJSI,X,X,X,X,X
ZTLOSIJ,X,X,X,X,X
ZTLOSJI,X,X,X,X,X
ZTJILSO,X,X,X,X,X
ZTJILOS,X,X,X,X,O
ZTJISLO,X,X,X,X,X
ZTJISOL,X,X,X,X,X
ZTJIOLS,X,X,X,X,X
ZTJIOSL,X,X,X,X,X
ZTJLISO,X,X,X,X,X
ZTJLIOS,X,X,X,X,O
ZTJLSIO,X,X,X,X,X
ZTJLSOI,X,X,X,X,X
ZTJLOIS,X,X,X,X,O
ZTJLOSI,X,X,X,X,X
ZTJSILO,X,X,X,X,X
ZTJSIOL,X,X,X,X,X
ZTJSLIO,X,X,X,X,X
ZTJSLOI,X,X,X,X,X
ZTJSOIL,X,X,X,X,X
ZTJSOLI,X,X,X,X,X
ZTJOILS,X,X,X,X,X
ZTJOISL,X,X,X,X,X
ZTJOLIS,X,X,X,X,O
ZTJOLSI,X,X,X,X,X
ZTJOSIL,X,X,X,X,X
ZTJOSLI,X,X,X,X,X
ZTSILJO,X,X,X,X,X
ZTSILOJ,X,X,X,X,X
ZTSIJLO,X,X,X,X,X
ZTSIJOL,X,X,X,X,X
ZTSIOLJ,X,X,X,X,X
ZTSIOJL,X,X,X,X,X
ZTSLIJO,X,X,X,X,X
ZTSLIOJ,X,X,X,X,X
ZTSLJIO,X,X,X,X,X
ZTSLJOI,X,X,X,X,X
ZTSLOIJ,X,X,X,X,X
ZTSLOJI,X,X,X,X,X
ZTSJILO,X,X,X,X,X
ZTSJIOL,X,X,X,X,X
ZTSJLIO,X,X,X,X,X
ZTSJLOI,X,X,X,X,X
ZTSJOIL,X,X,X,X,X
ZTSJOLI,X,X,X,X,X
ZTSOILJ,X,X,X,X,X
ZTSOIJL,X,X,X,X,X
ZTSOLIJ,X,X,X,X,X
ZTSOLJI,X,X,X,X,X
ZTSOJIL,X,X,X,X,X
ZTSOJLI,X,X,X,X,X
ZTOILJS,X,X,X,X,X
ZTOILSJ,X,X,X,X,X
ZTOIJLS,X,X,X,X,X
ZTOIJSL,X,X,X,X,X
ZTOISLJ,X,X,X,X,X
ZTOISJL,X,X,X,X,X
ZTOLIJS,X,X,X,X,O
ZTOLISJ,X,X,X,X,X
ZTOLJIS,X,X,X,X,O
ZTOLJSI,X,X,X,X,X
ZTOLSIJ,X,X,X,X,X
ZTOLSJI,X,X,X,X,X
ZTOJILS,X,X,X,X,X
ZTOJISL,X,X,X,X,X
ZTOJLIS,X,X,X,X,O
ZTOJLSI,X,X,X,X,X
ZTOJSIL,X,X,X,X,X
ZTOJSLI,X,X,X,X,X
ZTOSILJ,X,X,X,X,X
ZTOSIJL,X,X,X,X,X
ZTOSLIJ,X,X,X,X,X
ZTOSLJI,X,X,X,X,X
ZTOSJIL,X,X,X,X,X
ZTOSJLI,X,X,X,X,X
ZITLJSO,X,X,X,X,X
ZITLJOS,X,X,X,X,O
ZITLSJO,X,X,X,X,X
ZITLSOJ,X,X,X,X,X
ZITLOJS,X,X,X,X,O
ZITLOSJ,X,X,X,X,X
ZITJLSO,X,X,X,X,X
ZITJLOS,X,X,X,X,O
ZITJSLO,X,X,X,X,X
ZITJSOL,X,X,X,X,X
ZITJOLS,X,X,X,X,X
ZITJOSL,X,X,X,X,X
ZITSLJO,X,X,X,X,X
ZITSLOJ,X,X,X,X,X
ZITSJLO,X,X,X,X,X
ZITSJOL,X,X,X,X,X
ZITSOLJ,X,X,X,X,X
ZITSOJL,X,X,X,X,X
ZITOLJS,X,X,X,X,X
ZITOLSJ,X,X,X,X,X
ZITOJLS,X,X,X,X,X
ZITOJSL,X,X,X,X,X
ZITOSLJ,X,X,X,X,X
ZITOSJL,X,X,X,X,X
ZILTJSO,X,X,X,X,X
ZILTJOS,X,X,X,X,O
ZILTSJO,X,X,X,X,X
ZILTSOJ,X,X,X,X,X
ZILTOJS,X,X,X,X,O
ZILTOSJ,X,X,X,X,X
ZILJTSO,X,X,X,X,X
ZILJTOS,X,X,O,X,X
ZILJSTO,X,O,X,X,X
ZILJSOT,X,O,X,X,X
ZILJOTS,X,X,X,X,X
ZILJOST,X,O,X,X,X
ZILSTJO,X,O,X,X,X
ZILSTOJ,X,O,X,X,X
ZILSJTO,X,O,X,X,X
ZILSJOT,X,O,X,X,X
ZILSOTJ,X,O,X,X,X
ZILSOJT,X,O,X,X,X
ZILOTJS,X,X,X,X,X
ZILOTSJ,X,X,X,X,X
ZILOJTS,X,X,X,X,X
ZILOJST,X,O,X,X,X
ZILOSTJ,X,O,X,X,X
ZILOSJT,X,O,X,X,X
ZIJTLSO,X,X,X,X,X
ZIJTLOS,X,X,O,X,X
ZIJTSLO,X,X,X,X,X
ZIJTSOL,X,X,X,X,X
ZIJTOLS,X,X,O,X,X
ZIJTOSL,X,X,X,X,X
ZIJLTSO,X,X,X,X,X
ZIJLTOS,X,X,O,X,X
ZIJLSTO,X,O,X,X,X
ZIJLSOT,X,O,X,X,X
ZIJLOTS,X,X,X,X,X
ZIJLOST,X,O,X,X,X
ZIJSTLO,X,O,X,X,X
ZIJSTOL,X,O,X,X,X
ZIJSLTO,X,O,X,X,X
ZIJSLOT,X,O,X,X,X
ZIJSOTL,X,O,X,X,X
ZIJSOLT,X,O,X,X,X
ZIJOTLS,X,X,X,X,X
ZIJOTSL,X,X,X,X,X
ZIJOLTS,X,X,X,X,X
ZIJOLST,X,O,X,X,X
ZIJOSTL,X,O,X,X,X
ZIJOSLT,X,O,X,X,X
ZISTLJO,X,O,X,X,X
ZISTLOJ,X,O,X,X,X
ZISTJLO,X,O,X,X,X
ZISTJOL,X,O,X,X,X
ZISTOLJ,X,O,X,X,X
ZISTOJL,X,O,X,X,X
ZISLTJO,X,O,X,X,X
ZISLTOJ,X,O,X,X,X
ZISLJTO,X,O,X,X,X
ZISLJOT,X,O,X,X,X
ZISLOTJ,X,O,X,X,X
ZISLOJT,X,O,X,X,X
ZISJTLO,X,O,X,X,X
ZISJTOL,X,O,X,X,X
ZISJLTO,X,O,X,X,X
ZISJLOT,X,O,X,X,X
ZISJOTL,X,O,X,X,X
ZISJOLT,X,O,X,X,X
ZISOTLJ,X,O,X,X,X
ZISOTJL,X,O,X,X,X
ZISOLTJ,X,O,X,X,X
ZISOLJT,X,O,X,X,X
ZISOJTL,X,O,X,X,X
ZISOJLT,X,O,X,X,X
ZIOTLJS,X,X,X,X,X
ZIOTLSJ,X,X,X,X,X
ZIOTJLS,X,X,X,X,X
ZIOTJSL,X,X,X,X,X
ZIOTSLJ,X,X,X,X,X
ZIOTSJL,X,X,X,X,X
ZIOLTJS,X,X,X,X,X
ZIOLTSJ,X,X,X,X,X
ZIOLJTS,X,X,X,X,X
ZIOLJST,X,O,X,X,X
ZIOLSTJ,X,O,X,X,X
ZIOLSJT,X,O,X,X,X
ZIOJTLS,X,X,X,X,X
ZIOJTSL,X,X,X,X,X
ZIOJLTS,X,X,X,X,X
ZIOJLST,X,O,X,X,X
ZIOJSTL,X,O,X,X,X
ZIOJSLT,X,O,X,X,X
ZIOSTLJ,X,O,X,X,X
ZIOSTJL,X,O,X,X,X
ZIOSLTJ,X,O,X,X,X
ZIOSLJT,X,O,X,X,X
ZIOSJTL,X,O,X,X,X
ZIOSJLT,X,O,X,X,X
ZLTIJSO,X,X,X,X,X
ZLTIJOS,X,X,X,X,O
ZLTISJO,X,X,X,X,X
ZLTISOJ,X,X,X,X,X
ZLTIOJS,X,X,X,X,O
ZLTIOSJ,X,X,X,X,X
ZLTJISO,X,X,X,X,X
ZLTJIOS,X,X,X,X,O
ZLTJSIO,X,X,X,X,X
ZLTJSOI,X,X,X,X,X
ZLTJOIS,X,X,X,X,O
ZLTJOSI,X,X,X,X,X
ZLTSIJO,X,X,X,X,X
ZLTSIOJ,X,X,X,X,X
ZLTSJIO,X,X,X,X,X
ZLTSJOI,X,X,X,X,X
ZLTSOIJ,X,X,X,X,X
ZLTSOJI,X,X,X,X,X
ZLTOIJS,X,X,X,X,O
ZLTOISJ,X,X,X,X,X
ZLTOJIS,X,X,X,X,O
ZLTOJSI,X,X,X,X,X
ZLTOSIJ,X,X,X,X,X
ZLTOSJI,X,X,X,X,X
ZLITJSO,X,X,X,X,X
ZLITJOS,X,X,X,X,O
ZLITSJO,X,X,X,X,X
ZLITSOJ,X,X,X,X,X
ZLITOJS,X,X,X,X,O
ZLITOSJ,X,X,X,X,X
ZLIJTSO,X,X,X,X,X
ZLIJTOS,X,X,O,X,X
ZLIJSTO,X,O,X,X,X
ZLIJSOT,X,O,X,X,X
ZLIJOTS,X,X,X,X,X
ZLIJOST,X,O,X,X,X
ZLISTJO,X,O,X,X,X
ZLISTOJ,X,O,X,X,X
ZLISJTO,X,O,X,X,X
ZLISJOT,X,O,X,X,X
ZLISOTJ,X,O,X,X,X
ZLISOJT,X,O,X,X,X
ZLIOTJS,X,X,X,X,X
ZLIOTSJ,X,X,X,X,X
ZLIOJTS,X,X,X,X,X
ZLIOJST,X,O,X,X,X
ZLIOSTJ,X,O,X,X,X
ZLIOSJT,X,O,X,X,X
ZLJTISO,X,X,X,X,X
ZLJTIOS,X,X,O,X,X
ZLJTSIO,X,X,X,X,X
ZLJTSOI,X,X,X,X,X
ZLJTOIS,X,X,O,X,X
ZLJTOSI,X,X,X,X,X
ZLJITSO,X,X,X,X,X
ZLJITOS,X,X,O,X,X
ZLJISTO,X,O,X,X,X
ZLJISOT,X,O,X,X,X
ZLJIOTS,X,X,X,X,X
ZLJIOST,X,O,X,X,X
ZLJSTIO,X,O,X,X,X
ZLJSTOI,X,O,X,X,X
ZLJSITO,X,O,X,X,X
ZLJSIOT,X,O,X,X,X
ZLJSOTI,X,O,X,X,X
ZLJSOIT,X,O,X,X,X
ZLJOTIS,X,X,X,X,X
ZLJOTSI,X,X,X,X,X
ZLJOITS,X,X,X,X,X
ZLJOIST,X,O,X,X,X
ZLJOSTI,X,O,X,X,X
ZLJOSIT,X,O,X,X,X
ZLSTIJO,X,O,X,X,X
ZLSTIOJ,X,O,X,X,X
ZLSTJIO,X,O,X,X,X
ZLSTJOI,X,O,X,X,X
ZLSTOIJ,X,O,X,X,X
ZLSTOJI,X,O,X,X,X
ZLSITJO,X,O,X,X,X
ZLSITOJ,X,O,X,X,X
ZLSIJTO,X,O,X,X,X
ZLSIJOT,X,O,X,X,X
ZLSIOTJ,X,O,X,X,X
ZLSIOJT,X,O,X,X,X
ZLSJTIO,X,O,X,X,X
ZLSJTOI,X,O,X,X,X
ZLSJITO,X,O,X,X,X
ZLSJIOT,X,O,X,X,X
ZLSJOTI,X,O,X,X,X
ZLSJOIT,X,O,X,X,X
ZLSOTIJ,X,O,X,X,X
ZLSOTJI,X,O,X,X,X
ZLSOITJ,X,O,X,X,X
ZLSOIJT,X,O,X,X,X
ZLSOJTI,X,O,X,X,X
ZLSOJIT,X,O,X,X,X
ZLOTIJS,X,X,X,X,X
ZLOTISJ,X,X,X,X,X
ZLOTJIS,X,X,X,X,X
ZLOTJSI,X,X,X,X,X
ZLOTSIJ,X,X,X,X,X
ZLOTSJI,X,X,X,X,X
ZLOITJS,X,X,X,X,X
ZLOITSJ,X,X,X,X,X
ZLOIJTS,X,X,X,X,X
ZLOIJST,X,O,X,X,X
ZLOISTJ,X,O,X,X,X
ZLOISJT,X,O,X,X,X
ZLOJTIS,X,X,X,X,X
ZLOJTSI,X,X,X,X,X
ZLOJITS,X,X,X,X,X
ZLOJIST,X,O,X,X,X
ZLOJSTI,X,O,X,X,X
ZLOJSIT,X,O,X,X,X
ZLOSTIJ,X,O,X,X,X
ZLOSTJI,X,O,X,X,X
ZLOSITJ,X,O,X,X,X
ZLOSIJT,X,O,X,X,X
ZLOSJTI,X,O,X,X,X
ZLOSJIT,X,O,X,X,X
ZJTILSO,X,X,X,X,X
ZJTILOS,X,X,O,X,X
ZJTISLO,X,X,X,X,X
ZJTISOL,X,X,X,X,X
ZJTIOLS,X,X,O,X,X
ZJTIOSL,X,X,X,X,X
ZJTLISO,X,X,X,X,X
ZJTLIOS,X,X,O,X,X
ZJTLSIO,X,X,X,X,X
ZJTLSOI,X,X,X,X,X
ZJTLOIS,X,X,O,X,X
ZJTLOSI,X,X,X,X,X
ZJTSILO,X,X,X,X,X
ZJTSIOL,X,X,X,X,X
ZJTSLIO,X,X,X,X,X
ZJTSLOI,X,X,X,X,X
ZJTSOIL,X,X,X,X,X
ZJTSOLI,X,X,X,X,X
ZJTOILS,X,X,O,X,X
ZJTOISL,X,X,X,X,X
ZJTOLIS,X,X,O,X,X
ZJTOLSI,X,X,X,X,X
ZJTOSIL,X,X,X,X,X
ZJTOSLI,X,X,X,X,X
ZJITLSO,X,X,X,X,X
ZJITLOS,X,X,O,X,X
ZJITSLO,X,X,X,X,X
ZJITSOL,X,X,X,X,X
ZJITOLS,X,X,O,X,X
ZJITOSL,X,X,X,X,X
ZJILTSO,X,X,X,X,X
ZJILTOS,X,X,O,X,X
ZJILSTO,X,O,X,X,X
ZJILSOT,X,O,X,X,X
ZJILOTS,X,X,X,X,X
ZJILOST,X,O,X,X,X
ZJISTLO,X,O,X,X,X
ZJISTOL,X,O,X,X,X
ZJISLTO,X,O,X,X,X
ZJISLOT,X,O,X,X,X
ZJISOTL,X,O,X,X,X
ZJISOLT,X,O,X,X,X
ZJIOTLS,X,X,X,X,X
ZJIOTSL,X,X,X,X,X
ZJIOLTS,X,X,X,X,X
ZJIOLST,X,O,X,X,X
ZJIOSTL,X,O,X,X,X
ZJIOSLT,X,O,X,X,X
ZJLTISO,X,X,X,X,X
ZJLTIOS,X,X,O,X,X
ZJLTSIO,X,X,X,X,X
ZJLTSOI,X,X,X,X,X
ZJLTOIS,X,X,O,X,X
ZJLTOSI,X,X,X,X,X
ZJLITSO,X,X,X,X,X
ZJLITOS,X,X,O,X,X
ZJLISTO,X,O,X,X,X
ZJLISOT,X,O,X,X,X
ZJLIOTS,X,X,X,X,X
ZJLIOST,X,O,X,X,X
ZJLSTIO,X,O,X,X,X
ZJLSTOI,X,O,X,X,X
ZJLSITO,X,O,X,X,X
ZJLSIOT,X,O,X,X,X
ZJLSOTI,X,O,X,X,X
ZJLSOIT,X,O,X,X,X
ZJLOTIS,X,X,X,X,X
ZJLOTSI,X,X,X,X,X
ZJLOITS,X,X,X,X,X
ZJLOIST,X,O,X,X,X
ZJLOSTI,X,O,X,X,X
ZJLOSIT,X,O,X,X,X
ZJSTILO,X,O,X,X,X
ZJSTIOL,X,O,X,X,X
ZJSTLIO,X,O,X,X,X
ZJSTLOI,X,O,X,X,X
ZJSTOIL,X,O,X,X,X
ZJSTOLI,X,O,X,X,X
ZJSITLO,X,O,X,X,X
ZJSITOL,X,O,X,X,X
ZJSILTO,X,O,X,X,X
ZJSILOT,X,O,X,X,X
ZJSIOTL,X,O,X,X,X
ZJSIOLT,X,O,X,X,X
ZJSLTIO,X,O,X,X,X
ZJSLTOI,X,O,X,X,X
ZJSLITO,X,O,X,X,X
ZJSLIOT,X,O,X,X,X
ZJSLOTI,X,O,X,X,X
ZJSLOIT,X,O,X,X,X
ZJSOTIL,X,O,X,X,X
ZJSOTLI,X,O,X,X,X
ZJSOITL,X,O,X,X,X
ZJSOILT,X,O,X,X,X
ZJSOLTI,X,O,X,X,X
ZJSOLIT,X,O,X,X,X
ZJOTILS,X,X,X,X,X
ZJOTISL,X,X,X,X,X
ZJOTLIS,X,X,X,X,X
ZJOTLSI,X,X,X,X,X
ZJOTSIL,X,X,X,X,X
ZJOTSLI,X,X,X,X,X
ZJOITLS,X,X,X,X,X
ZJOITSL,X,X,X,X,X
ZJOILTS,X,X,X,X,X
ZJOILST,X,O,X,X,X
ZJOISTL,X,O,X,X,X
ZJOISLT,X,O,X,X,X
ZJOLTIS,X,X,X,X,X
ZJOLTSI,X,X,X,X,X
ZJOLITS,X,X,X,X,X
ZJOLIST,X,O,X,X,X
ZJOLSTI,X,O,X,X,X
ZJOLSIT,X,O,X,X,X
ZJOSTIL,X,O,X,X,X
ZJOSTLI,X,O,X,X,X
ZJOSITL,X,O,X,X,X
ZJOSILT,X,O,X,X,X
ZJOSLTI,X,O,X,X,X
ZJOSLIT,X,O,X,X,X
ZSTILJO,X,O,X,X,X
ZSTILOJ,X,O,X,X,X
ZSTIJLO,X,O,X,X,X
ZSTIJOL,X,O,X,X,X
ZSTIOLJ,X,O,X,X,X
ZSTIOJL,X,O,X,X,X
ZSTLIJO,X,O,X,X,X
ZSTLIOJ,X,O,X,X,X
ZSTLJIO,X,O,X,X,X
ZSTLJOI,X,O,X,X,X
ZSTLOIJ,X,O,X,X,X
ZSTLOJI,X,O,X,X,X
ZSTJILO,X,O,X,X,X
ZSTJIOL,X,O,X,X,X
ZSTJLIO,X,O,X,X,X
ZSTJLOI,X,O,X,X,X
ZSTJOIL,X,O,X,X,X
ZSTJOLI,X,O,X,X,X
ZSTOILJ,X,O,X,X,X
ZSTOIJL,X,O,X,X,X
ZSTOLIJ,X,O,X,X,X
ZSTOLJI,X,O,X,X,X
ZSTOJIL,X,O,X,X,X
ZSTOJLI,X,O,X,X,X
ZSITLJO,X,O,X,X,X
ZSITLOJ,X,O,X,X,X
ZSITJLO,X,O,X,X,X
ZSITJOL,X,O,X,X,X
ZSITOLJ,X,O,X,X,X
ZSITOJL,X,O,X,X,X
ZSILTJO,X,O,X,X,X
ZSILTOJ,X,O,X,X,X
ZSILJTO,X,O,X,X,X
ZSILJOT,X,O,X,X,X
ZSILOTJ,X,O,X,X,X
ZSILOJT,X,O,X,X,X
ZSIJTLO,X,O,X,X,X
ZSIJTOL,X,O,X,X,X
ZSIJLTO,X,O,X,X,X
ZSIJLOT,X,O,X,X,X
ZSIJOTL,X,O,X,X,X
ZSIJOLT,X,O,X,X,X
ZSIOTLJ,X,O,X,X,X
ZSIOTJL,X,O,X,X,X
ZSIOLTJ,X,O,X,X,X
ZSIOLJT,X,O,X,X,X
ZSIOJTL,X,O,X,X,X
ZSIOJLT,X,O,X,X,X
ZSLTIJO,X,O,X,X,X
ZSLTIOJ,X,O,X,X,X
ZSLTJIO,X,O,X,X,X
ZSLTJOI,X,O,X,X,X
ZSLTOIJ,X,O,X,X,X
ZSLTOJI,X,O,X,X,X
ZSLITJO,X,O,X,X,X
ZSLITOJ,X,O,X,X,X
ZSLIJTO,X,O,X,X,X
ZSLIJOT,X,O,X,X,X
ZSLIOTJ,X,O,X,X,X
ZSLIOJT,X,O,X,X,X
ZSLJTIO,X,O,X,X,X
ZSLJTOI,X,O,X,X,X
ZSLJITO,X,O,X,X,X
ZSLJIOT,X,O,X,X,X
ZSLJOTI,X,O,X,X,X
ZSLJOIT,X,O,X,X,X
ZSLOTIJ,X,O,X,X,X
ZSLOTJI,X,O,X,X,X
ZSLOITJ,X,O,X,X,X
ZSLOIJT,X,O,X,X,X
ZSLOJTI,X,O,X,X,X
ZSLOJIT,X,O,X,X,X
ZSJTILO,X,O,X,X,X
ZSJTIOL,X,O,X,X,X
ZSJTLIO,X,O,X,X,X
ZSJTLOI,X,O,X,X,X
ZSJTOIL,X,O,X,X,X
ZSJTOLI,X,O,X,X,X
ZSJITLO,X,O,X,X,X
ZSJITOL,X,O,X,X,X
ZSJILTO,X,O,X,X,X
ZSJILOT,X,O,X,X,X
ZSJIOTL,X,O,X,X,X
ZSJIOLT,X,O,X,X,X
ZSJLTIO,X,O,X,X,X
ZSJLTOI,X,O,X,X,X
ZSJLITO,X,O,X,X,X
ZSJLIOT,X,O,X,X,X
ZSJLOTI,X,O,X,X,X
ZSJLOIT,X,O,X,X,X
ZSJOTIL,X,O,X,X,X
ZSJOTLI,X,O,X,X,X
ZSJOITL,X,O,X,X,X
ZSJOILT,X,O,X,X,X
ZSJOLTI,X,O,X,X,X
ZSJOLIT,X,O,X,X,X
ZSOTILJ,X,O,X,X,X
ZSOTIJL,X,O,X,X,X
ZSOTLIJ,X,O,X,X,X
ZSOTLJI,X,O,X,X,X
ZSOTJIL,X,O,X,X,X
ZSOTJLI,X,O,X,X,X
ZSOITLJ,X,O,X,X,X
ZSOITJL,X,O,X,X,X
ZSOILTJ,X,O,X,X,X
ZSOILJT,X,O,X,X,X
ZSOIJTL,X,O,X,X,X
ZSOIJLT,X,O,X,X,X
ZSOLTIJ,X,O,X,X,X
ZSOLTJI,X,O,X,X,X
ZSOLITJ,X,O,X,X,X
ZSOLIJT,X,O,X,X,X
ZSOLJTI,X,O,X,X,X
ZSOLJIT,X,O,X,X,X
ZSOJTIL,X,O,X,X,X
ZSOJTLI,X,O,X,X,X
ZSOJITL,X,O,X,X,X
ZSOJILT,X,O,X,X,X
ZSOJLTI,X,O,X,X,X
ZSOJLIT,X,O,X,X,X
ZOTILJS,X,X,X,X,X
ZOTILSJ,X,X,X,X,X
ZOTIJLS,X,X,X,X,X
ZOTIJSL,X,X,X,X,X
ZOTISLJ,X,X,X,X,X
ZOTISJL,X,X,X,X,X
ZOTLIJS,X,X,X,X,X
ZOTLISJ,X,X,X,X,X
ZOTLJIS,X,X,X,X,X
ZOTLJSI,X,X,X,X,X
ZOTLSIJ,X,X,X,X,X
ZOTLSJI,X,X,X,X,X
ZOTJILS,X,X,X,X,X
ZOTJISL,X,X,X,X,X
ZOTJLIS,X,X,X,X,X
ZOTJLSI,X,X,X,X,X
ZOTJSIL,X,X,X,X,X
ZOTJSLI,X,X,X,X,X
ZOTSILJ,X,X,X,X,X
ZOTSIJL,X,X,X,X,X
ZOTSLIJ,X,X,X,X,X
ZOTSLJI,X,X,X,X,X
ZOTSJIL,X,X,X,X,X
ZOTSJLI,X,X,X,X,X
ZOITLJS,X,X,X,X,X
ZOITLSJ,X,X,X,X,X
ZOITJLS,X,X,X,X,X
ZOITJSL,X,X,X,X,X
ZOITSLJ,X,X,X,X,X
ZOITSJL,X,X,X,X,X
ZOILTJS,X,X,X,X,X
ZOILTSJ,X,X,X,X,X
ZOILJTS,X,X,X,X,X
ZOILJST,X,O,X,X,X
ZOILSTJ,X,O,X,X,X
ZOILSJT,X,O,X,X,X
ZOIJTLS,X,X,X,X,X
ZOIJTSL,X,X,X,X,X
ZOIJLTS,X,X,X,X,X
ZOIJLST,X,O,X,X,X
ZOIJSTL,X,O,X,X,X
ZOIJSLT,X,O,X,X,X
ZOISTLJ,X,O,X,X,X
ZOISTJL,X,O,X,X,X
ZOISLTJ,X,O,X,X,X
ZOISLJT,X,O,X,X,X
ZOISJTL,X,O,X,X,X
ZOISJLT,X,O,X,X,X
ZOLTIJS,X,X,X,X,X
ZOLTISJ,X,X,X,X,X
ZOLTJIS,X,X,X,X,X
ZOLTJSI,X,X,X,X,X
ZOLTSIJ,X,X,X,X,X
ZOLTSJI,X,X,X,X,X
ZOLITJS,X,X,X,X,X
ZOLITSJ,X,X,X,X,X
ZOLIJTS,X,X,X,X,X
ZOLIJST,X,O,X,X,X
ZOLISTJ,X,O,X,X,X
ZOLISJT,X,O,X,X,X
ZOLJTIS,X,X,X,X,X
ZOLJTSI,X,X,X,X,X
ZOLJITS,X,X,X,X,X
ZOLJIST,X,O,X,X,X
ZOLJSTI,X,O,X,X,X
ZOLJSIT,X,O,X,X,X
ZOLSTIJ,X,O,X,X,X
ZOLSTJI,X,O,X,X,X
ZOLSITJ,X,O,X,X,X
ZOLSIJT,X,O,X,X,X
ZOLSJTI,X,O,X,X,X
ZOLSJIT,X,O,X,X,X
ZOJTILS,X,X,X,X,X
ZOJTISL,X,X,X,X,X
ZOJTLIS,X,X,X,X,X
ZOJTLSI,X,X,X,X,X
ZOJTSIL,X,X,X,X,X
ZOJTSLI,X,X,X,X,X
ZOJITLS,X,X,X,X,X
ZOJITSL,X,X,X,X,X
ZOJILTS,X,X,X,X,X
ZOJILST,X,O,X,X,X
ZOJISTL,X,O,X,X,X
ZOJISLT,X,O,X,X,X
ZOJLTIS,X,X,X,X,X
ZOJLTSI,X,X,X,X,X
ZOJLITS,X,X,X,X,X
ZOJLIST,X,O,X,X,X
ZOJLSTI,X,O,X,X,X
ZOJLSIT,X,O,X,X,X
ZOJSTIL,X,O,X,X,X
ZOJSTLI,X,O,X,X,X
ZOJSITL,X,O,X,X,X
ZOJSILT,X,O,X,X,X
ZOJSLTI,X,O,X,X,X
ZOJSLIT,X,O,X,X,X
ZOSTILJ,X,O,X,X,X
ZOSTIJL,X,O,X,X,X
ZOSTLIJ,X,O,X,X,X
ZOSTLJI,X,O,X,X,X
ZOSTJIL,X,O,X,X,X
ZOSTJLI,X,O,X,X,X
ZOSITLJ,X,O,X,X,X
ZOSITJL,X,O,X,X,X
ZOSILTJ,X,O,X,X,X
ZOSILJT,X,O,X,X,X
ZOSIJTL,X,O,X,X,X
ZOSIJLT,X,O,X,X,X
ZOSLTIJ,X,O,X,X,X
ZOSLTJI,X,O,X,X,X
ZOSLITJ,X,O,X,X,X
ZOSLIJT,X,O,X,X,X
ZOSLJTI,X,O,X,X,X
ZOSLJIT,X,O,X,X,X
ZOSJTIL,X,O,X,X,X
ZOSJTLI,X,O,X,X,X
ZOSJITL,X,O,X,X,X
ZOSJILT,X,O,X,X,X
ZOSJLTI,X,O,X,X,X
ZOSJLIT,X,O,X,X,X
OTILJSZ,O,X,X,X,X
OTILJZS,X,X,X,X,X
OTILSJZ,O,X,X,X,X
OTILSZJ,O,X,X,X,X
OTILZJS,X,X,X,X,X
OTILZSJ,X,X,X,X,X
OTIJLSZ,O,X,X,X,X
OTIJLZS,X,X,X,X,X
OTIJSLZ,O,X,X,X,X
OTIJSZL,O,X,X,X,X
OTIJZLS,X,X,X,X,X
OTIJZSL,X,X,X,X,X
OTISLJZ,O,X,X,X,X
OTISLZJ,O,X,X,X,X
OTISJLZ,O,X,X,X,X
OTISJZL,O,X,X,X,X
OTISZLJ,O,X,X,X,X
OTISZJL,O,X,X,X,X
OTIZLJS,X,X,X,X,X
OTIZLSJ,X,X,X,X,X
OTIZJLS,X,X,X,X,X
OTIZJSL,X,X,X,X,X
OTIZSLJ,X,X,X,X,X
OTIZSJL,X,X,X,X,X
OTLIJSZ,O,X,X,X,X
OTLIJZS,X,X,X,X,X
OTLISJZ,O,X,X,X,X
OTLISZJ,O,X,X,X,X
OTLIZJS,X,X,X,X,X
OTLIZSJ,X,X,X,X,X
OTLJISZ,O,X,X,X,X
OTLJIZS,X,X,X,X,X
OTLJSIZ,O,X,X,X,X
OTLJSZI,O,X,X,X,X
OTLJZIS,X,X,X,X,X
OTLJZSI,X,X,X,X,X
OTLSIJZ,O,X,X,X,X
OTLSIZJ,O,X,X,X,X
OTLSJIZ,O,X,X,X,X
OTLSJZI,O,X,X,X,X
OTLSZIJ,O,X,X,X,X
OTLSZJI,O,X,X,X,X
OTLZIJS,X,X,X,X,X
OTLZISJ,X,X,X,X,X
OTLZJIS,X,X,X,X,X
OTLZJSI,X,X,X,X,X
OTLZSIJ,X,X,X,X,X
OTLZSJI,X,X,X,X,X
OTJILSZ,O,X,X,X,X
OTJILZS,X,X,X,X,X
OTJISLZ,O,X,X,X,X
OTJISZL,O,X,X,X,X
OTJIZLS,X,X,X,X,X
OTJIZSL,X,X,X,X,X
OTJLISZ,O,X,X,X,X
OTJLIZS,X,X,X,X,X
OTJLSIZ,O,X,X,X,X
OTJLSZI,O,X,X,X,X
OTJLZIS,X,X,X,X,X
OTJLZSI,X,X,X,X,X
OTJSILZ,O,X,X,X,X
OTJSIZL,O,X,X,X,X
OTJSLIZ,O,X,X,X,X
OTJSLZI,O,X,X,X,X
OTJSZIL,O,X,X,X,X
OTJSZLI,O,X,X,X,X
OTJZILS,X,X,X,X,X
OTJZISL,X,X,X,X,X
OTJZLIS,X,X,X,X,X
OTJZLSI,X,X,X,X,X
OTJZSIL,X,X,X,X,X
OTJZSLI,X,X,X,X,X
OTSILJZ,O,X,X,X,X
OTSILZJ,O,X,X,X,X
OTSIJLZ,O,X,X,X,X
OTSIJZL,O,X,X,X,X
OTSIZLJ,O,X,X,X,X
OTSIZJL,O,X,X,X,X
OTSLIJZ,O,X,X,X,X
OTSLIZJ,O,X,X,X,X
OTSLJIZ,O,X,X,X,X
OTSLJZI,O,X,X,X,X
OTSLZIJ,O,X,X,X,X
OTSLZJI,O,X,X,X,X
OTSJILZ,O,X,X,X,X
OTSJIZL,O,X,X,X,X
OTSJLIZ,O,X,X,X,X
OTSJLZI,O,X,X,X,X
OTSJZIL,O,X,X,X,X
OTSJZLI,O,X,X,X,X
OTSZILJ,O,X,X,X,X
OTSZIJL,O,X,X,X,X
OTSZLIJ,O,X,X,X,X
OTSZLJI,O,X,X,X,X
OTSZJIL,O,X,X,X,X
OTSZJLI,O,X,X,X,X
OTZILJS,X,X,X,X,X
OTZILSJ,X,X,X,X,X
OTZIJLS,X,X,X,X,X
OTZIJSL,X,X,X,X,X
OTZISLJ,X,X,X,X,X
OTZISJL,X,X,X,X,X
OTZLIJS,X,X,X,X,X
OTZLISJ,X,X,X,X,X
OTZLJIS,X,X,X,X,X
OTZLJSI,X,X,X,X,X
OTZLSIJ,X,X,X,X,X
OTZLSJI,X,X,X,X,X
OTZJILS,X,X,X,X,X
OTZJISL,X,X,X,X,X
OTZJLIS,X,X,X,X,X
OTZJLSI,X,X,X,X,X
OTZJSIL,X,X,X,X,X
OTZJSLI,X,X,X,X,X
OTZSILJ,X,X,X,X,X
OTZSIJL,X,X,X,X,X
OTZSLIJ,X,X,X,X,X
OTZSLJI,X,X,X,X,X
OTZSJIL,X,X,X,X,X
OTZSJLI,X,X,X,X,X
OITLJSZ,O,X,X,X,X
OITLJZS,X,X,X,X,X
OITLSJZ,O,X,X,X,X
OITLSZJ,O,X,X,X,X
OITLZJS,X,X,X,X,X
OITLZSJ,X,X,X,X,X
OITJLSZ,O,X,X,X,X
OITJLZS,X,X,X,X,X
OITJSLZ,O,X,X,X,X
OITJSZL,O,X,X,X,X
OITJZLS,X,X,X,X,X
OITJZSL,X,X,X,X,X
OITSLJZ,O,X,X,X,X
OITSLZJ,O,X,X,X,X
OITSJLZ,O,X,X,X,X
OITSJZL,O,X,X,X,X
OITSZLJ,O,X,X,X,X
OITSZJL,O,X,X,X,X
OITZLJS,X,X,X,X,X
OITZLSJ,X,X,X,X,X
OITZJLS,X,X,X,X,X
OITZJSL,X,X,X,X,X
OITZSLJ,X,X,X,X,X
OITZSJL,X,X,X,X,X
OILTJSZ,O,X,X,X,X
OILTJZS,X,X,X,X,X
OILTSJZ,O,X,X,X,X
OILTSZJ,O,X,X,X,X
OILTZJS,X,X,X,X,X
OILTZSJ,X,X,X,X,X
OILJTSZ,O,X,X,X,X
OILJTZS,X,X,X,X,X
OILJSTZ,O,X,X,X,X
OILJSZT,O,X,X,X,X
OILJZTS,X,X,X,X,X
OILJZST,X,X,X,X,X
OILSTJZ,O,X,X,X,X
OILSTZJ,O,X,X,X,X
OILSJTZ,O,X,X,X,X
OILSJZT,O,X,X,X,X
OILSZTJ,O,X,X,X,X
OILSZJT,O,X,X,X,X
OILZTJS,X,X,X,X,X
OILZTSJ,X,X,X,X,X
OILZJTS,X,X,X,X,X
OILZJST,X,X,X,X,X
OILZSTJ,X,X,X,X,X
OILZSJT,X,X,X,X,X
OIJTLSZ,O,X,X,X,X
OIJTLZS,X,X,X,X,X
OIJTSLZ,O,X,X,X,X
OIJTSZL,O,X,X,X,X
OIJTZLS,X,X,X,X,X
OIJTZSL,X,X,X,X,X
OIJLTSZ,O,X,X,X,X
OIJLTZS,X,X,X,X,X
OIJLSTZ,O,X,X,X,X
OIJLSZT,O,X,X,X,X
OIJLZTS,X,X,X,X,X
OIJLZST,X,X,X,X,X
OIJSTLZ,O,X,X,X,X
OIJSTZL,O,X,X,X,X
OIJSLTZ,O,X,X,X,X
OIJSLZT,O,X,X,X,X
OIJSZTL,O,X,X,X,X
OIJSZLT,O,X,X,X,X
OIJZTLS,X,X,X,X,X
OIJZTSL,X,X,X,X,X
OIJZLTS,X,X,X,X,X
OIJZLST,X,X,X,X,X
OIJZSTL,X,X,X,X,X
OIJZSLT,X,X,X,X,X
OISTLJZ,O,X,X,X,X
OISTLZJ,O,X,X,X,X
OISTJLZ,O,X,X,X,X
OISTJZL,O,X,X,X,X
OISTZLJ,O,X,X,X,X
OISTZJL,O,X,X,X,X
OISLTJZ,O,X,X,X,X
OISLTZJ,O,X,X,X,X
OISLJTZ,O,X,X,X,X
OISLJZT,O,X,X,X,X
OISLZTJ,O,X,X,X,X
OISLZJT,O,X,X,X,X
OISJTLZ,O,X,X,X,X
OISJTZL,O,X,X,X,X
OISJLTZ,O,X,X,X,X
OISJLZT,O,X,X,X,X
OISJZTL,O,X,X,X,X
OISJZLT,O,X,X,X,X
OISZTLJ,O,X,X,X,X
OISZTJL,O,X,X,X,X
OISZLTJ,O,X,X,X,X
OISZLJT,O,X,X,X,X
OISZJTL,O,X,X,X,X
OISZJLT,O,X,X,X,X
OIZTLJS,X,X,X,X,X
OIZTLSJ,X,X,X,X,X
OIZTJLS,X,X,X,X,X
OIZTJSL,X,X,X,X,X
OIZTSLJ,X,X,X,X,X
OIZTSJL,X,X,X,X,X
OIZLTJS,X,X,X,X,X
OIZLTSJ,X,X,X,X,X
OIZLJTS,X,X,X,X,X
OIZLJST,X,X,X,X,X
OIZLSTJ,X,X,X,X,X
OIZLSJT,X,X,X,X,X
OIZJTLS,X,X,X,X,X
OIZJTSL,X,X,X,X,X
OIZJLTS,X,X,X,X,X
OIZJLST,X,X,X,X,X
OIZJSTL,X,X,X,X,X
OIZJSLT,X,X,X,X,X
OIZSTLJ,X,X,X,X,X
OIZSTJL,X,X,X,X,X
OIZSLTJ,X,X,X,X,X
OIZSLJT,X,X,X,X,X
OIZSJTL,X,X,X,X,X
OIZSJLT,X,X,X,X,X
OLTIJSZ,O,X,X,X,X
OLTIJZS,X,X,X,X,X
OLTISJZ,O,X,X,X,X
OLTISZJ,O,X,X,X,X
OLTIZJS,X,X,X,X,X
OLTIZSJ,X,X,X,X,X
OLTJISZ,O,X,X,X,X
OLTJIZS,X,X,X,X,X
OLTJSIZ,O,X,X,X,X
OLTJSZI,O,X,X,X,X
OLTJZIS,X,X,X,X,X
OLTJZSI,X,X,X,X,X
OLTSIJZ,O,X,X,X,X
OLTSIZJ,O,X,X,X,X
OLTSJIZ,O,X,X,X,X
OLTSJZI,O,X,X,X,X
OLTSZIJ,O,X,X,X,X
OLTSZJI,O,X,X,X,X
OLTZIJS,X,X,X,X,X
OLTZISJ,X,X,X,X,X
OLTZJIS,X,X,X,X,X
OLTZJSI,X,X,X,X,X
OLTZSIJ,X,X,X,X,X
OLTZSJI,X,X,X,X,X
OLITJSZ,O,X,X,X,X
OLITJZS,X,X,X,X,X
OLITSJZ,O,X,X,X,X
OLITSZJ,O,X,X,X,X
OLITZJS,X,X,X,X,X
OLITZSJ,X,X,X,X,X
OLIJTSZ,O,X,X,X,X
OLIJTZS,X,X,X,X,X
OLIJSTZ,O,X,X,X,X
OLIJSZT,O,X,X,X,X
OLIJZTS,X,X,X,X,X
OLIJZST,X,X,X,X,X
OLISTJZ,O,X,X,X,X
OLISTZJ,O,X,X,X,X
OLISJTZ,O,X,X,X,X
OLISJZT,O,X,X,X,X
OLISZTJ,O,X,X,X,X
OLISZJT,O,X,X,X,X
OLIZTJS,X,X,X,X,X
OLIZTSJ,X,X,X,X,X
OLIZJTS,X,X,X,X,X
OLIZJST,X,X,X,X,X
OLIZSTJ,X,X,X,X,X
OLIZSJT,X,X,X,X,X
OLJTISZ,O,X,X,X,X
OLJTIZS,X,X,X,X,X
OLJTSIZ,O,X,X,X,X
OLJTSZI,O,X,X,X,X
OLJTZIS,X,X,X,X,X
OLJTZSI,X,X,X,X,X
OLJITSZ,O,X,X,X,X
OLJITZS,X,X,X,X,X
OLJISTZ,O,X,X,X,X
OLJISZT,O,X,X,X,X
OLJIZTS,X,X,X,X,X
OLJIZST,X,X,X,X,X
OLJSTIZ,O,X,X,X,X
OLJSTZI,O,X,X,X,X
OLJSITZ,O,X,X,X,X
OLJSIZT,O,X,X,X,X
OLJSZTI,O,X,X,X,X
OLJSZIT,O,X,X,X,X
OLJZTIS,X,X,X,X,X
OLJZTSI,X,X,X,X,X
OLJZITS,X,X,X,X,X
OLJZIST,X,X,X,X,X
OLJZSTI,X,X,X,X,X
OLJZSIT,X,X,X,X,X
OLSTIJZ,O,X,X,X,X
OLSTIZJ,O,X,X,X,X
OLSTJIZ,O,X,X,X,X
OLSTJZI,O,X,X,X,X
OLSTZIJ,O,X,X,X,X
OLSTZJI,O,X,X,X,X
OLSITJZ,O,X,X,X,X
OLSITZJ,O,X,X,X,X
OLSIJTZ,O,X,X,X,X
OLSIJZT,O,X,X,X,X
OLSIZTJ,O,X,X,X,X
OLSIZJT,O,X,X,X,X
OLSJTIZ,O,X,X,X,X
OLSJTZI,O,X,X,X,X
OLSJITZ,O,X,X,X,X
OLSJIZT,O,X,X,X,X
OLSJZTI,O,X,X,X,X
OLSJZIT,O,X,X,X,X
OLSZTIJ,O,X,X,X,X
OLSZTJI,O,X,X,X,X
OLSZITJ,O,X,X,X,X
OLSZIJT,O,X,X,X,X
OLSZJTI,O,X,X,X,X
OLSZJIT,O,X,X,X,X
OLZTIJS,X,X,X,X,X
OLZTISJ,X,X,X,X,X
OLZTJIS,X,X,X,X,X
OLZTJSI,X,X,X,X,X
OLZTSIJ,X,X,X,X,X
OLZTSJI,X,X,X,X,X
OLZITJS,X,X,X,X,X
OLZITSJ,X,X,X,X,X
OLZIJTS,X,X,X,X,X
OLZIJST,X,X,X,X,X
OLZISTJ,X,X,X,X,X
OLZISJT,X,X,X,X,X
OLZJTIS,X,X,X,X,X
OLZJTSI,X,X,X,X,X
OLZJITS,X,X,X,X,X
OLZJIST,X,X,X,X,X
OLZJSTI,X,X,X,X,X
OLZJSIT,X,X,X,X,X
OLZSTIJ,X,X,X,X,X
OLZSTJI,X,X,X,X,X
OLZSITJ,X,X,X,X,X
OLZSIJT,X,X,X,X,X
OLZSJTI,X,X,X,X,X
OLZSJIT,X,X,X,X,X
OJTILSZ,O,X,X,X,X
OJTILZS,X,X,X,X,X
OJTISLZ,O,X,X,X,X
OJTISZL,O,X,X,X,X
OJTIZLS,X,X,X,X,X
OJTIZSL,X,X,X,X,X
OJTLISZ,O,X,X,X,X
OJTLIZS,X,X,X,X,X
OJTLSIZ,O,X,X,X,X
OJTLSZI,O,X,X,X,X
OJTLZIS,X,X,X,X,X
OJTLZSI,X,X,X,X,X
OJTSILZ,O,X,X,X,X
OJTSIZL,O,X,X,X,X
OJTSLIZ,O,X,X,X,X
OJTSLZI,O,X,X,X,X
OJTSZIL,O,X,X,X,X
OJTSZLI,O,X,X,X,X
OJTZILS,X,X,X,X,X
OJTZISL,X,X,X,X,X
OJTZLIS,X,X,X,X,X
OJTZLSI,X,X,X,X,X
OJTZSIL,X,X,X,X,X
OJTZSLI,X,X,X,X,X
OJITLSZ,O,X,X,X,X
OJITLZS,X,X,X,X,X
OJITSLZ,O,X,X,X,X
OJITSZL,O,X,X,X,X
OJITZLS,X,X,X,X,X
OJITZSL,X,X,X,X,X
OJILTSZ,O,X,X,X,X
OJILTZS,X,X,X,X,X
OJILSTZ,O,X,X,X,X
OJILSZT,O,X,X,X,X
OJILZTS,X,X,X,X,X
OJILZST,X,X,X,X,X
OJISTLZ,O,X,X,X,X
OJISTZL,O,X,X,X,X
OJISLTZ,O,X,X,X,X
OJISLZT,O,X,X,X,X
OJISZTL,O,X,X,X,X
OJISZLT,O,X,X,X,X
OJIZTLS,X,X,X,X,X
OJIZTSL,X,X,X,X,X
OJIZLTS,X,X,X,X,X
OJIZLST,X,X,X,X,X
OJIZSTL,X,X,X,X,X
OJIZSLT,X,X,X,X,X
OJLTISZ,O,X,X,X,X
OJLTIZS,X,X,X,X,X
OJLTSIZ,O,X,X,X,X
OJLTSZI,O,X,X,X,X
OJLTZIS,X,X,X,X,X
OJLTZSI,X,X,X,X,X
OJLITSZ,O,X,X,X,X
OJLITZS,X,X,X,X,X
OJLISTZ,O,X,X,X,X
OJLISZT,O,X,X,X,X
OJLIZTS,X,X,X,X,X
OJLIZST,X,X,X,X,X
OJLSTIZ,O,X,X,X,X
OJLSTZI,O,X,X,X,X
OJLSITZ,O,X,X,X,X
OJLSIZT,O,X,X,X,X
OJLSZTI,O,X,X,X,X
OJLSZIT,O,X,X,X,X
OJLZTIS,X,X,X,X,X
OJLZTSI,X,X,X,X,X
OJLZITS,X,X,X,X,X
OJLZIST,X,X,X,X,X
OJLZSTI,X,X,X,X,X
OJLZSIT,X,X,X,X,X
OJSTILZ,O,X,X,X,X
OJSTIZL,O,X,X,X,X
OJSTLIZ,O,X,X,X,X
OJSTLZI,O,X,X,X,X
OJSTZIL,O,X,X,X,X
OJSTZLI,O,X,X,X,X
OJSITLZ,O,X,X,X,X
OJSITZL,O,X,X,X,X
OJSILTZ,O,X,X,X,X
OJSILZT,O,X,X,X,X
OJSIZTL,O,X,X,X,X
OJSIZLT,O,X,X,X,X
OJSLTIZ,O,X,X,X,X
OJSLTZI,O,X,X,X,X
OJSLITZ,O,X,X,X,X
OJSLIZT,O,X,X,X,X
OJSLZTI,O,X,X,X,X
OJSLZIT,O,X,X,X,X
OJSZTIL,O,X,X,X,X
OJSZTLI,O,X,X,X,X
OJSZITL,O,X,X,X,X
OJSZILT,O,X,X,X,X
OJSZLTI,O,X,X,X,X
OJSZLIT,O,X,X,X,X
OJZTILS,X,X,X,X,X
OJZTISL,X,X,X,X,X
OJZTLIS,X,X,X,X,X
OJZTLSI,X,X,X,X,X
OJZTSIL,X,X,X,X,X
OJZTSLI,X,X,X,X,X
OJZITLS,X,X,X,X,X
OJZITSL,X,X,X,X,X
OJZILTS,X,X,X,X,X
OJZILST,X,X,X,X,X
OJZISTL,X,X,X,X,X
OJZISLT,X,X,X,X,X
OJZLTIS,X,X,X,X,X
OJZLTSI,X,X,X,X,X
OJZLITS,X,X,X,X,X
OJZLIST,X,X,X,X,X
OJZLSTI,X,X,X,X,X
OJZLSIT,X,X,X,X,X
OJZSTIL,X,X,X,X,X
OJZSTLI,X,X,X,X,X
OJZSITL,X,X,X,X,X
OJZSILT,X,X,X,X,X
OJZSLTI,X,X,X,X,X
OJZSLIT,X,X,X,X,X
OSTILJZ,O,X,X,X,X
OSTILZJ,O,X,X,X,X
OSTIJLZ,O,X,X,X,X
OSTIJZL,O,X,X,X,X
OSTIZLJ,O,X,X,X,X
OSTIZJL,O,X,X,X,X
OSTLIJZ,O,X,X,X,X
OSTLIZJ,O,X,X,X,X
OSTLJIZ,O,X,X,X,X
OSTLJZI,O,X,X,X,X
OSTLZIJ,O,X,X,X,X
OSTLZJI,O,X,X,X,X
OSTJILZ,O,X,X,X,X
OSTJIZL,O,X,X,X,X
OSTJLIZ,O,X,X,X,X
OSTJLZI,O,X,X,X,X
OSTJZIL,O,X,X,X,X
OSTJZLI,O,X,X,X,X
OSTZILJ,O,X,X,X,X
OSTZIJL,O,X,X,X,X
OSTZLIJ,O,X,X,X,X
OSTZLJI,O,X,X,X,X
OSTZJIL,O,X,X,X,X
OSTZJLI,O,X,X,X,X
OSITLJZ,O,X,X,X,X
OSITLZJ,O,X,X,X,X
OSITJLZ,O,X,X,X,X
OSITJZL,O,X,X,X,X
OSITZLJ,O,X,X,X,X
OSITZJL,O,X,X,X,X
OSILTJZ,O,X,X,X,X
OSILTZJ,O,X,X,X,X
OSILJTZ,O,X,X,X,X
OSILJZT,O,X,X,X,X
OSILZTJ,O,X,X,X,X
OSILZJT,O,X,X,X,X
OSIJTLZ,O,X,X,X,X
OSIJTZL,O,X,X,X,X
OSIJLTZ,O,X,X,X,X
OSIJLZT,O,X,X,X,X
OSIJZTL,O,X,X,X,X
OSIJZLT,O,X,X,X,X
OSIZTLJ,O,X,X,X,X
OSIZTJL,O,X,X,X,X
OSIZLTJ,O,X,X,X,X
OSIZLJT,O,X,X,X,X
OSIZJTL,O,X,X,X,X
OSIZJLT,O,X,X,X,X
OSLTIJZ,O,X,X,X,X
OSLTIZJ,O,X,X,X,X
OSLTJIZ,O,X,X,X,X
OSLTJZI,O,X,X,X,X
OSLTZIJ,O,X,X,X,X
OSLTZJI,O,X,X,X,X
OSLITJZ,O,X,X,X,X
OSLITZJ,O,X,X,X,X
OSLIJTZ,O,X,X,X,X
OSLIJZT,O,X,X,X,X
OSLIZTJ,O,X,X,X,X
OSLIZJT,O,X,X,X,X
OSLJTIZ,O,X,X,X,X
OSLJTZI,O,X,X,X,X
OSLJITZ,O,X,X,X,X
OSLJIZT,O,X,X,X,X
OSLJZTI,O,X,X,X,X
OSLJZIT,O,X,X,X,X
OSLZTIJ,O,X,X,X,X
OSLZTJI,O,X,X,X,X
OSLZITJ,O,X,X,X,X
OSLZIJT,O,X,X,X,X
OSLZJTI,O,X,X,X,X
OSLZJIT,O,X,X,X,X
OSJTILZ,O,X,X,X,X
OSJTIZL,O,X,X,X,X
OSJTLIZ,O,X,X,X,X
OSJTLZI,O,X,X,X,X
OSJTZIL,O,X,X,X,X
OSJTZLI,O,X,X,X,X
OSJITLZ,O,X,X,X,X
OSJITZL,O,X,X,X,X
OSJILTZ,O,X,X,X,X
OSJILZT,O,X,X,X,X
OSJIZTL,O,X,X,X,X
OSJIZLT,O,X,X,X,X
OSJLTIZ,O,X,X,X,X
OSJLTZI,O,X,X,X,X
OSJLITZ,O,X,X,X,X
OSJLIZT,O,X,X,X,X
OSJLZTI,O,X,X,X,X
OSJLZIT,O,X,X,X,X
OSJZTIL,O,X,X,X,X
OSJZTLI,O,X,X,X,X
OSJZITL,O,X,X,X,X
OSJZILT,O,X,X,X,X
OSJZLTI,O,X,X,X,X
OSJZLIT,O,X,X,X,X
OSZTILJ,O,X,X,X,X
OSZTIJL,O,X,X,X,X
OSZTLIJ,O,X,X,X,X
OSZTLJI,O,X,X,X,X
OSZTJIL,O,X,X,X,X
OSZTJLI,O,X,X,X,X
OSZITLJ,O,X,X,X,X
OSZITJL,O,X,X,X,X
OSZILTJ,O,X,X,X,X
OSZILJT,O,X,X,X,X
OSZIJTL,O,X,X,X,X
OSZIJLT,O,X,X,X,X
OSZLTIJ,O,X,X,X,X
OSZLTJI,O,X,X,X,X
OSZLITJ,O,X,X,X,X
OSZLIJT,O,X,X,X,X
OSZLJTI,O,X,X,X,X
OSZLJIT,O,X,X,X,X
OSZJTIL,O,X,X,X,X
OSZJTLI,O,X,X,X,X
OSZJITL,O,X,X,X,X
OSZJILT,O,X,X,X,X
OSZJLTI,O,X,X,X,X
OSZJLIT,O,X,X,X,X
OZTILJS,X,X,X,X,X
OZTILSJ,X,X,X,X,X
OZTIJLS,X,X,X,X,X
OZTIJSL,X,X,X,X,X
OZTISLJ,X,X,X,X,X
OZTISJL,X,X,X,X,X
OZTLIJS,X,X,X,X,X
OZTLISJ,X,X,X,X,X
OZTLJIS,X,X,X,X,X
OZTLJSI,X,X,X,X,X
OZTLSIJ,X,X,X,X,X
OZTLSJI,X,X,X,X,X
OZTJILS,X,X,X,X,X
OZTJISL,X,X,X,X,X
OZTJLIS,X,X,X,X,X
OZTJLSI,X,X,X,X,X
OZTJSIL,X,X,X,X,X
OZTJSLI,X,X,X,X,X
OZTSILJ,X,X,X,X,X
OZTSIJL,X,X,X,X,X
OZTSLIJ,X,X,X,X,X
OZTSLJI,X,X,X,X,X
OZTSJIL,X,X,X,X,X
OZTSJLI,X,X,X,X,X
OZITLJS,X,X,X,X,X
OZITLSJ,X,X,X,X,X
OZITJLS,X,X,X,X,X
OZITJSL,X,X,X,X,X
OZITSLJ,X,X,X,X,X
OZITSJL,X,X,X,X,X
OZILTJS,X,X,X,X,X
OZILTSJ,X,X,X,X,X
OZILJTS,X,X,X,X,X
OZILJST,X,X,X,X,X
OZILSTJ,X,X,X,X,X
OZILSJT,X,X,X,X,X
OZIJTLS,X,X,X,X,X
OZIJTSL,X,X,X,X,X
OZIJLTS,X,X,X,X,X
OZIJLST,X,X,X,X,X
OZIJSTL,X,X,X,X,X
OZIJSLT,X,X,X,X,X
OZISTLJ,X,X,X,X,X
OZISTJL,X,X,X,X,X
OZISLTJ,X,X,X,X,X
OZISLJT,X,X,X,X,X
OZISJTL,X,X,X,X,X
OZISJLT,X,X,X,X,X
OZLTIJS,X,X,X,X,X
OZLTISJ,X,X,X,X,X
OZLTJIS,X,X,X,X,X
OZLTJSI,X,X,X,X,X
OZLTSIJ,X,X,X,X,X
OZLTSJI,X,X,X,X,X
OZLITJS,X,X,X,X,X
OZLITSJ,X,X,X,X,X
OZLIJTS,X,X,X,X,X
OZLIJST,X,X,X,X,X
OZLISTJ,X,X,X,X,X
OZLISJT,X,X,X,X,X
OZLJTIS,X,X,X,X,X
OZLJTSI,X,X,X,X,X
OZLJITS,X,X,X,X,X
OZLJIST,X,X,X,X,X
OZLJSTI,X,X,X,X,X
OZLJSIT,X,X,X,X,X
OZLSTIJ,X,X,X,X,X
OZLSTJI,X,X,X,X,X
OZLSITJ,X,X,X,X,X
OZLSIJT,X,X,X,X,X
OZLSJTI,X,X,X,X,X
OZLSJIT,X,X,X,X,X
OZJTILS,X,X,X,X,X
OZJTISL,X,X,X,X,X
OZJTLIS,X,X,X,X,X
OZJTLSI,X,X,X,X,X
OZJTSIL,X,X,X,X,X
OZJTSLI,X,X,X,X,X
OZJITLS,X,X,X,X,X
OZJITSL,X,X,X,X,X
OZJILTS,X,X,X,X,X
OZJILST,X,X,X,X,X
OZJISTL,X,X,X,X,X
OZJISLT,X,X,X,X,X
OZJLTIS,X,X,X,X,X
OZJLTSI,X,X,X,X,X
OZJLITS,X,X,X,X,X
OZJLIST,X,X,X,X,X
OZJLSTI,X,X,X,X,X
OZJLSIT,X,X,X,X,X
OZJSTIL,X,X,X,X,X
OZJSTLI,X,X,X,X,X
OZJSITL,X,X,X,X,X
OZJSILT,X,X,X,X,X
OZJSLTI,X,X,X,X,X
OZJSLIT,X,X,X,X,X
OZSTILJ,X,X,X,X,X
OZSTIJL,X,X,X,X,X
OZSTLIJ,X,X,X,X,X
OZSTLJI,X,X,X,X,X
OZSTJIL,X,X,X,X,X
OZSTJLI,X,X,X,X,X
OZSITLJ,X,X,X,X,X
OZSITJL,X,X,X,X,X
OZSILTJ,X,X,X,X,X
OZSILJT,X,X,X,X,X
OZSIJTL,X,X,X,X,X
OZSIJLT,X,X,X,X,X
OZSLTIJ,X,X,X,X,X
OZSLTJI,X,X,X,X,X
OZSLITJ,X,X,X,X,X
OZSLIJT,X,X,X,X,X
OZSLJTI,X,X,X,X,X
OZSLJIT,X,X,X,X,X
OZSJTIL,X,X,X,X,X
OZSJTLI,X,X,X,X,X
OZSJITL,X,X,X,X,X
OZSJILT,X,X,X,X,X
OZSJLTI,X,X,X,X,X
OZSJLIT,X,X,X,X,X
