sequence,v115@JhA8IeC8AeA8DeF8BeA8JeZEJvhFukBzgBtmB0iBSt?BXtB,v115@JhA8IeC8AeA8DeF8BeA8Jei/IvhFRhB9nBTjBcpBGm?BXtB,v115@JhA8IeC8AeA8DeF8BeA8JeZEJvhFukBzgBtmBXjBSt?B0sB,v115@JhA8IeC8AeA8DeF8BeA8JeZEJvhFukBzgBtmBXjBct?B6sB,v115@JhA8IeC8AeA8DeF8BeA8Jei/IvhFzgBtmBxiBcpBWt?BXtB
TILJSZO,O,X,O,X,X
TILJSOZ,O,X,O,X,X
TILJZSO,O,X,O,O,X
TILJZOS,O,X,O,O,X
TILJOSZ,O,X,O,X,X
TILJOZS,O,X,O,O,X
TILSJZO,O,X,O,X,X
TILSJOZ,O,X,O,X,X
TILSZJO,O,O,O,X,X
TILSZOJ,O,O,O,X,X
TILSOJZ,O,X,O,X,X
TILSOZJ,O,O,O,X,X
TILZJSO,O,O,O,O,X
TILZJOS,O,X,O,O,O
TILZSJO,O,O,O,O,X
TILZSOJ,O,O,O,O,O
TILZOJS,O,X,O,O,O
TILZOSJ,O,O,O,O,O
TILOJSZ,O,X,O,X,X
TILOJZS,O,X,O,O,X
TILOSJZ,O,X,O,X,X
TILOSZJ,O,X,O,X,X
TILOZJS,O,X,O,O,O
TILOZSJ,O,X,O,O,O
TIJLSZO,O,O,O,X,X
TIJLSOZ,O,O,O,X,X
TIJLZSO,O,O,O,O,O
TIJLZOS,O,O,O,O,O
TIJLOSZ,O,X,O,X,X
TIJLOZS,O,X,O,O,O
TIJSLZO,O,O,O,X,X
TIJSLOZ,O,O,O,X,X
TIJSZLO,O,O,X,O,O
TIJSZOL,O,O,X,O,O
TIJSOLZ,O,O,O,X,X
TIJSOZL,O,O,X,O,O
TIJZLSO,O,O,O,O,O
TIJZLOS,O,O,O,O,O
TIJZSLO,O,O,X,O,O
TIJZSOL,O,O,X,O,O
TIJZOLS,O,O,O,O,O
TIJZOSL,O,O,X,O,O
TIJOLSZ,O,X,O,X,X
TIJOLZS,O,X,O,O,O
TIJOSLZ,O,O,O,X,X
TIJOSZL,O,O,X,O,O
TIJOZLS,O,O,O,O,O
TIJOZSL,O,O,X,O,O
TISLJZO,O,X,O,X,X
TISLJOZ,O,X,O,X,X
TISLZJO,O,O,O,X,X
TISLZOJ,O,O,O,X,X
TISLOJZ,O,X,O,X,X
TISLOZJ,O,O,O,X,X
TISJLZO,O,O,O,X,X
TISJLOZ,O,O,O,X,X
TISJZLO,O,O,X,O,X
TISJZOL,O,O,X,O,X
TISJOLZ,O,O,O,X,X
TISJOZL,O,O,X,O,X
TISZLJO,O,O,X,O,X
TISZLOJ,O,O,X,O,O
TISZJLO,O,O,X,O,X
TISZJOL,O,O,X,O,X
TISZOLJ,O,O,X,O,O
TISZOJL,O,O,X,O,X
TISOLJZ,O,X,O,X,X
TISOLZJ,O,O,O,X,X
TISOJLZ,O,O,O,X,X
TISOJZL,O,O,X,O,X
TISOZLJ,O,O,X,O,O
TISOZJL,O,O,X,O,X
TIZLJSO,O,O,O,O,O
TIZLJOS,O,O,O,O,O
TIZLSJO,O,O,O,O,X
TIZLSOJ,O,O,O,O,O
TIZLOJS,O,X,O,O,O
TIZLOSJ,O,O,O,O,O
TIZJLSO,O,O,O,O,O
TIZJLOS,O,O,O,O,O
TIZJSLO,O,O,X,O,O
TIZJSOL,O,O,X,O,O
TIZJOLS,O,O,O,O,O
TIZJOSL,O,O,X,O,O
TIZSLJO,O,O,X,O,X
TIZSLOJ,O,O,X,O,O
TIZSJLO,O,O,X,O,X
TIZSJOL,O,O,X,O,X
TIZSOLJ,O,O,X,O,O
TIZSOJL,O,O,X,O,X
TIZOLJS,O,X,O,O,O
TIZOLSJ,O,O,O,O,O
TIZOJLS,O,X,O,O,O
TIZOJSL,O,X,X,O,O
TIZOSLJ,O,O,X,O,O
TIZOSJL,O,O,X,O,X
TIOLJSZ,O,X,O,X,X
TIOLJZS,O,X,O,O,X
TIOLSJZ,O,X,O,X,X
TIOLSZJ,O,X,O,X,X
TIOLZJS,O,X,O,O,O
TIOLZSJ,O,X,O,O,O
TIOJLSZ,O,X,O,X,X
TIOJLZS,O,X,O,O,O
TIOJSLZ,O,X,O,X,X
TIOJSZL,O,X,X,O,O
TIOJZLS,O,X,O,O,O
TIOJZSL,O,X,X,O,O
TIOSLJZ,O,X,O,X,X
TIOSLZJ,O,O,O,X,X
TIOSJLZ,O,X,O,X,X
TIOSJZL,O,O,X,O,X
TIOSZLJ,O,O,X,O,O
TIOSZJL,O,O,X,O,X
TIOZLJS,O,X,O,O,O
TIOZLSJ,O,O,O,O,O
TIOZJLS,O,X,O,O,O
TIOZJSL,O,X,X,O,O
TIOZSLJ,O,O,X,O,O
TIOZSJL,O,O,X,O,X
TLIJSZO,O,X,O,X,X
TLIJSOZ,O,X,O,X,X
TLIJZSO,O,X,O,O,X
TLIJZOS,O,X,O,O,X
TLIJOSZ,O,X,O,X,X
TLIJOZS,O,X,O,O,X
TLISJZO,O,X,O,X,X
TLISJOZ,O,X,O,X,X
TLISZJO,O,O,O,X,X
TLISZOJ,O,O,O,X,X
TLISOJZ,O,X,O,X,X
TLISOZJ,O,O,O,X,X
TLIZJSO,O,O,O,O,X
TLIZJOS,O,X,O,O,O
TLIZSJO,O,O,O,O,X
TLIZSOJ,O,O,O,O,O
TLIZOJS,O,X,O,O,O
TLIZOSJ,O,O,O,O,O
TLIOJSZ,O,X,O,X,X
TLIOJZS,O,X,O,O,X
TLIOSJZ,O,X,O,X,X
TLIOSZJ,O,X,O,X,X
TLIOZJS,O,X,O,O,O
TLIOZSJ,O,X,O,O,O
TLJISZO,O,O,O,X,X
TLJISOZ,O,O,O,X,X
TLJIZSO,O,O,O,O,O
TLJIZOS,O,O,O,O,O
TLJIOSZ,O,X,O,X,X
TLJIOZS,O,X,O,O,O
TLJSIZO,O,O,O,X,X
TLJSIOZ,O,O,O,X,X
TLJSZIO,O,O,O,X,X
TLJSZOI,O,O,O,X,X
TLJSOIZ,O,O,O,X,X
TLJSOZI,O,O,O,X,X
TLJZISO,O,O,O,O,O
TLJZIOS,O,O,O,O,O
TLJZSIO,O,O,O,O,O
TLJZSOI,O,O,O,O,O
TLJZOIS,O,O,O,O,O
TLJZOSI,O,O,O,O,O
TLJOISZ,O,X,O,X,X
TLJOIZS,O,X,O,O,O
TLJOSIZ,O,X,O,X,X
TLJOSZI,O,X,O,X,X
TLJOZIS,O,X,O,O,O
TLJOZSI,O,X,O,O,O
TLSIJZO,O,X,O,X,X
TLSIJOZ,O,X,O,X,X
TLSIZJO,O,O,O,X,X
TLSIZOJ,O,O,O,X,X
TLSIOJZ,O,X,O,X,X
TLSIOZJ,O,O,O,X,X
TLSJIZO,O,O,O,X,X
TLSJIOZ,O,O,O,X,X
TLSJZIO,O,O,O,X,X
TLSJZOI,O,O,O,X,X
TLSJOIZ,O,O,O,X,X
TLSJOZI,O,O,O,X,X
TLSZIJO,O,O,O,X,X
TLSZIOJ,O,O,O,X,X
TLSZJIO,O,O,O,X,X
TLSZJOI,O,O,O,X,X
TLSZOIJ,O,O,O,X,X
TLSZOJI,O,O,O,X,X
TLSOIJZ,O,X,O,X,X
TLSOIZJ,O,O,O,X,X
TLSOJIZ,O,O,O,X,X
TLSOJZI,O,O,O,X,X
TLSOZIJ,O,O,O,X,X
TLSOZJI,O,O,O,X,X
TLZIJSO,O,O,O,O,O
TLZIJOS,O,O,O,O,O
TLZISJO,O,O,O,O,X
TLZISOJ,O,O,O,O,O
TLZIOJS,O,X,O,O,O
TLZIOSJ,O,O,O,O,O
TLZJISO,O,O,O,O,O
TLZJIOS,O,O,O,O,O
TLZJSIO,O,O,O,O,O
TLZJSOI,O,O,O,O,O
TLZJOIS,O,O,O,O,O
TLZJOSI,O,O,O,O,O
TLZSIJO,O,O,O,O,X
TLZSIOJ,O,O,O,O,O
TLZSJIO,O,O,O,O,O
TLZSJOI,O,O,O,O,O
TLZSOIJ,O,O,O,O,O
TLZSOJI,O,O,O,O,O
TLZOIJS,O,X,O,O,O
TLZOISJ,O,O,O,O,O
TLZOJIS,O,O,O,O,O
TLZOJSI,O,O,O,O,O
TLZOSIJ,O,O,O,O,O
TLZOSJI,O,O,O,O,O
TLOIJSZ,O,X,O,X,X
TLOIJZS,O,X,O,O,X
TLOISJZ,O,X,O,X,X
TLOISZJ,O,X,O,X,X
TLOIZJS,O,X,O,O,O
TLOIZSJ,O,X,O,O,O
TLOJISZ,O,X,O,X,X
TLOJIZS,O,X,O,O,O
TLOJSIZ,O,X,O,X,X
TLOJSZI,O,X,O,X,X
TLOJZIS,O,X,O,O,O
TLOJZSI,O,X,O,O,O
TLOSIJZ,O,X,O,X,X
TLOSIZJ,O,X,O,X,X
TLOSJIZ,O,X,O,X,X
TLOSJZI,O,X,O,X,X
TLOSZIJ,O,X,O,X,X
TLOSZJI,O,X,O,X,X
TLOZIJS,O,X,O,O,O
TLOZISJ,O,X,O,O,O
TLOZJIS,O,X,O,O,O
TLOZJSI,O,X,O,O,O
TLOZSIJ,O,X,O,O,O
TLOZSJI,O,X,O,O,O
TJILSZO,O,O,O,X,X
TJILSOZ,O,O,O,X,X
TJILZSO,O,O,O,O,O
TJILZOS,O,O,O,O,O
TJILOSZ,O,X,O,X,X
TJILOZS,O,X,O,O,O
TJISLZO,O,O,O,X,X
TJISLOZ,O,O,O,X,X
TJISZLO,O,O,X,O,O
TJISZOL,O,O,X,O,O
TJISOLZ,O,O,O,X,X
TJISOZL,O,O,X,O,O
TJIZLSO,O,O,O,O,O
TJIZLOS,O,O,O,O,O
TJIZSLO,O,O,X,O,O
TJIZSOL,O,O,X,O,O
TJIZOLS,O,O,O,O,O
TJIZOSL,O,O,X,O,O
TJIOLSZ,O,X,O,X,X
TJIOLZS,O,X,O,O,O
TJIOSLZ,O,O,O,X,X
TJIOSZL,O,O,X,O,O
TJIOZLS,O,O,O,O,O
TJIOZSL,O,O,X,O,O
TJLISZO,O,O,O,X,X
TJLISOZ,O,O,O,X,X
TJLIZSO,O,O,O,O,O
TJLIZOS,O,O,O,O,O
TJLIOSZ,O,X,O,X,X
TJLIOZS,O,X,O,O,O
TJLSIZO,O,O,O,X,X
TJLSIOZ,O,O,O,X,X
TJLSZIO,O,O,O,X,X
TJLSZOI,O,O,O,X,X
TJLSOIZ,O,O,O,X,X
TJLSOZI,O,O,O,X,X
TJLZISO,O,O,O,O,O
TJLZIOS,O,O,O,O,O
TJLZSIO,O,O,O,O,O
TJLZSOI,O,O,O,O,O
TJLZOIS,O,O,O,O,O
TJLZOSI,O,O,O,O,O
TJLOISZ,O,X,O,X,X
TJLOIZS,O,X,O,O,O
TJLOSIZ,O,X,O,X,X
TJLOSZI,O,X,O,X,X
TJLOZIS,O,X,O,O,O
TJLOZSI,O,X,O,O,O
TJSILZO,O,O,O,X,X
TJSILOZ,O,O,O,X,X
TJSIZLO,O,O,X,O,O
TJSIZOL,O,O,X,O,O
TJSIOLZ,O,O,O,X,X
TJSIOZL,O,O,X,O,O
TJSLIZO,O,O,O,X,X
TJSLIOZ,O,O,O,X,X
TJSLZIO,O,O,O,X,X
TJSLZOI,O,O,O,X,X
TJSLOIZ,O,O,O,X,X
TJSLOZI,O,O,O,X,X
TJSZILO,O,O,X,O,O
TJSZIOL,O,O,X,O,O
TJSZLIO,O,O,X,O,O
TJSZLOI,O,O,X,O,O
TJSZOIL,O,O,X,O,O
TJSZOLI,O,O,X,O,O
TJSOILZ,O,O,O,X,X
TJSOIZL,O,O,X,O,O
TJSOLIZ,O,O,O,X,X
TJSOLZI,O,O,O,X,X
TJSOZIL,O,O,X,O,O
TJSOZLI,O,O,X,O,O
TJZILSO,O,O,O,O,O
TJZILOS,O,O,O,O,O
TJZISLO,O,O,X,O,O
TJZISOL,O,O,X,O,O
TJZIOLS,O,O,O,O,O
TJZIOSL,O,O,X,O,O
TJZLISO,O,O,O,O,O
TJZLIOS,O,O,O,O,O
TJZLSIO,O,O,O,O,O
TJZLSOI,O,O,O,O,O
TJZLOIS,O,O,O,O,O
TJZLOSI,O,O,O,O,O
TJZSILO,O,O,X,O,O
TJZSIOL,O,O,X,O,O
TJZSLIO,O,O,X,O,O
TJZSLOI,O,O,X,O,O
TJZSOIL,O,O,X,O,O
TJZSOLI,O,O,X,O,O
TJZOILS,O,O,O,O,O
TJZOISL,O,O,X,O,O
TJZOLIS,O,O,O,O,O
TJZOLSI,O,O,O,O,O
TJZOSIL,O,O,X,O,O
TJZOSLI,O,O,X,O,O
TJOILSZ,O,X,O,X,X
TJOILZS,O,X,O,O,O
TJOISLZ,O,O,O,X,X
TJOISZL,O,O,X,O,O
TJOIZLS,O,O,O,O,O
TJOIZSL,O,O,X,O,O
TJOLISZ,O,X,O,X,X
TJOLIZS,O,X,O,O,O
TJOLSIZ,O,X,O,X,X
TJOLSZI,O,X,O,X,X
TJOLZIS,O,X,O,O,O
TJOLZSI,O,X,O,O,O
TJOSILZ,O,O,O,X,X
TJOSIZL,O,O,X,O,O
TJOSLIZ,O,O,O,X,X
TJOSLZI,O,O,O,X,X
TJOSZIL,O,O,X,O,O
TJOSZLI,O,O,X,O,O
TJOZILS,O,O,O,O,O
TJOZISL,O,O,X,O,O
TJOZLIS,O,O,O,O,O
TJOZLSI,O,O,O,O,O
TJOZSIL,O,O,X,O,O
TJOZSLI,O,O,X,O,O
TSILJZO,O,X,O,X,X
TSILJOZ,O,X,O,X,X
TSILZJO,O,O,O,X,X
TSILZOJ,O,O,O,X,X
TSILOJZ,O,X,O,X,X
TSILOZJ,O,O,O,X,X
TSIJLZO,O,O,O,X,X
TSIJLOZ,O,O,O,X,X
TSIJZLO,O,O,X,O,X
TSIJZOL,O,O,X,O,X
TSIJOLZ,O,O,O,X,X
TSIJOZL,O,O,X,O,X
TSIZLJO,O,O,X,O,X
TSIZLOJ,O,O,X,O,O
TSIZJLO,O,O,X,O,X
TSIZJOL,O,O,X,O,X
TSIZOLJ,O,O,X,O,O
TSIZOJL,O,O,X,O,X
TSIOLJZ,O,X,O,X,X
TSIOLZJ,O,O,O,X,X
TSIOJLZ,O,O,O,X,X
TSIOJZL,O,O,X,O,X
TSIOZLJ,O,O,X,O,O
TSIOZJL,O,O,X,O,X
TSLIJZO,O,X,O,X,X
TSLIJOZ,O,X,O,X,X
TSLIZJO,O,O,O,X,X
TSLIZOJ,O,O,O,X,X
TSLIOJZ,O,X,O,X,X
TSLIOZJ,O,O,O,X,X
TSLJIZO,O,O,O,X,X
TSLJIOZ,O,O,O,X,X
TSLJZIO,O,O,O,X,X
TSLJZOI,O,O,O,X,X
TSLJOIZ,O,O,O,X,X
TSLJOZI,O,O,O,X,X
TSLZIJO,O,O,O,X,X
TSLZIOJ,O,O,O,X,X
TSLZJIO,O,O,O,X,X
TSLZJOI,O,O,O,X,X
TSLZOIJ,O,O,O,X,X
TSLZOJI,O,O,O,X,X
TSLOIJZ,O,X,O,X,X
TSLOIZJ,O,O,O,X,X
TSLOJIZ,O,O,O,X,X
TSLOJZI,O,O,O,X,X
TSLOZIJ,O,O,O,X,X
TSLOZJI,O,O,O,X,X
TSJILZO,O,O,O,X,X
TSJILOZ,O,O,O,X,X
TSJIZLO,O,O,X,O,O
TSJIZOL,O,O,X,O,O
TSJIOLZ,O,O,O,X,X
TSJIOZL,O,O,X,O,O
TSJLIZO,O,O,O,X,X
TSJLIOZ,O,O,O,X,X
TSJLZIO,O,O,O,X,X
TSJLZOI,O,O,O,X,X
TSJLOIZ,O,O,O,X,X
TSJLOZI,O,O,O,X,X
TSJZILO,O,O,X,O,O
TSJZIOL,O,O,X,O,O
TSJZLIO,O,O,X,O,O
TSJZLOI,O,O,X,O,O
TSJZOIL,O,O,X,O,O
TSJZOLI,O,O,X,O,O
TSJOILZ,O,O,O,X,X
TSJOIZL,O,O,X,O,O
TSJOLIZ,O,O,O,X,X
TSJOLZI,O,O,O,X,X
TSJOZIL,O,O,X,O,O
TSJOZLI,O,O,X,O,O
TSZILJO,O,O,X,O,X
TSZILOJ,O,O,X,O,O
TSZIJLO,O,O,X,O,X
TSZIJOL,O,O,X,O,X
TSZIOLJ,O,O,X,O,O
TSZIOJL,O,O,X,O,X
TSZLIJO,O,O,X,O,X
TSZLIOJ,O,O,X,O,O
TSZLJIO,O,O,X,O,O
TSZLJOI,O,O,X,O,O
TSZLOIJ,O,O,X,O,O
TSZLOJI,O,O,X,O,O
TSZJILO,O,O,X,O,O
TSZJIOL,O,O,X,O,O
TSZJLIO,O,O,X,O,O
TSZJLOI,O,O,X,O,O
TSZJOIL,O,O,X,O,O
TSZJOLI,O,O,X,O,O
TSZOILJ,O,O,X,O,O
TSZOIJL,O,O,X,O,X
TSZOLIJ,O,O,X,O,O
TSZOLJI,O,O,X,O,O
TSZOJIL,O,O,X,O,O
TSZOJLI,O,O,X,O,O
TSOILJZ,O,X,O,X,X
TSOILZJ,O,O,O,X,X
TSOIJLZ,O,O,O,X,X
TSOIJZL,O,O,X,O,X
TSOIZLJ,O,O,X,O,O
TSOIZJL,O,O,X,O,X
TSOLIJZ,O,X,O,X,X
TSOLIZJ,O,O,O,X,X
TSOLJIZ,O,O,O,X,X
TSOLJZI,O,O,O,X,X
TSOLZIJ,O,O,O,X,X
TSOLZJI,O,O,O,X,X
TSOJILZ,O,O,O,X,X
TSOJIZL,O,O,X,O,O
TSOJLIZ,O,O,O,X,X
TSOJLZI,O,O,O,X,X
TSOJZIL,O,O,X,O,O
TSOJZLI,O,O,X,O,O
TSOZILJ,O,O,X,O,O
TSOZIJL,O,O,X,O,X
TSOZLIJ,O,O,X,O,O
TSOZLJI,O,O,X,O,O
TSOZJIL,O,O,X,O,O
TSOZJLI,O,O,X,O,O
TZILJSO,O,O,O,O,O
TZILJOS,O,O,O,O,O
TZILSJO,O,O,O,O,X
TZILSOJ,O,O,O,O,O
TZILOJS,O,X,O,O,O
TZILOSJ,O,O,O,O,O
TZIJLSO,O,O,O,O,O
TZIJLOS,O,O,O,O,O
TZIJSLO,O,O,X,O,O
TZIJSOL,O,O,X,O,O
TZIJOLS,O,O,O,O,O
TZIJOSL,O,O,X,O,O
TZISLJO,O,O,X,O,X
TZISLOJ,O,O,X,O,O
TZISJLO,O,O,X,O,X
TZISJOL,O,O,X,O,X
TZISOLJ,O,O,X,O,O
TZISOJL,O,O,X,O,X
TZIOLJS,O,X,O,O,O
TZIOLSJ,O,O,O,O,O
TZIOJLS,O,X,O,O,O
TZIOJSL,O,X,X,O,O
TZIOSLJ,O,O,X,O,O
TZIOSJL,O,O,X,O,X
TZLIJSO,O,O,O,O,O
TZLIJOS,O,O,O,O,O
TZLISJO,O,O,O,O,X
TZLISOJ,O,O,O,O,O
TZLIOJS,O,X,O,O,O
TZLIOSJ,O,O,O,O,O
TZLJISO,O,O,O,O,O
TZLJIOS,O,O,O,O,O
TZLJSIO,O,O,O,O,O
TZLJSOI,O,O,O,O,O
TZLJOIS,O,O,O,O,O
TZLJOSI,O,O,O,O,O
TZLSIJO,O,O,O,O,X
TZLSIOJ,O,O,O,O,O
TZLSJIO,O,O,O,O,O
TZLSJOI,O,O,O,O,O
TZLSOIJ,O,O,O,O,O
TZLSOJI,O,O,O,O,O
TZLOIJS,O,X,O,O,O
TZLOISJ,O,O,O,O,O
TZLOJIS,O,O,O,O,O
TZLOJSI,O,O,O,O,O
TZLOSIJ,O,O,O,O,O
TZLOSJI,O,O,O,O,O
TZJILSO,O,O,O,O,O
TZJILOS,O,O,O,O,O
TZJISLO,O,O,X,O,O
TZJISOL,O,O,X,O,O
TZJIOLS,O,O,O,O,O
TZJIOSL,O,O,X,O,O
TZJLISO,O,O,O,O,O
TZJLIOS,O,O,O,O,O
TZJLSIO,O,O,O,O,O
TZJLSOI,O,O,O,O,O
TZJLOIS,O,O,O,O,O
TZJLOSI,O,O,O,O,O
TZJSILO,O,O,X,O,O
TZJSIOL,O,O,X,O,O
TZJSLIO,O,O,X,O,O
TZJSLOI,O,O,X,O,O
TZJSOIL,O,O,X,O,O
TZJSOLI,O,O,X,O,O
TZJOILS,O,O,O,O,O
TZJOISL,O,O,X,O,O
TZJOLIS,O,O,O,O,O
TZJOLSI,O,O,O,O,O
TZJOSIL,O,O,X,O,O
TZJOSLI,O,O,X,O,O
TZSILJO,O,O,X,O,X
TZSILOJ,O,O,X,O,O
TZSIJLO,O,O,X,O,X
TZSIJOL,O,O,X,O,X
TZSIOLJ,O,O,X,O,O
TZSIOJL,O,O,X,O,X
TZSLIJO,O,O,X,O,X
TZSLIOJ,O,O,X,O,O
TZSLJIO,O,O,X,O,O
TZSLJOI,O,O,X,O,O
TZSLOIJ,O,O,X,O,O
TZSLOJI,O,O,X,O,O
TZSJILO,O,O,X,O,O
TZSJIOL,O,O,X,O,O
TZSJLIO,O,O,X,O,O
TZSJLOI,O,O,X,O,O
TZSJOIL,O,O,X,O,O
TZSJOLI,O,O,X,O,O
TZSOILJ,O,O,X,O,O
TZSOIJL,O,O,X,O,X
TZSOLIJ,O,O,X,O,O
TZSOLJI,O,O,X,O,O
TZSOJIL,O,O,X,O,O
TZSOJLI,O,O,X,O,O
TZOILJS,O,X,O,O,O
TZOILSJ,O,O,O,O,O
TZOIJLS,O,X,O,O,O
TZOIJSL,O,X,X,O,O
TZOISLJ,O,O,X,O,O
TZOISJL,O,O,X,O,X
TZOLIJS,O,X,O,O,O
TZOLISJ,O,O,O,O,O
TZOLJIS,O,O,O,O,O
TZOLJSI,O,O,O,O,O
TZOLSIJ,O,O,O,O,O
TZOLSJI,O,O,O,O,O
TZOJILS,O,O,O,O,O
TZOJISL,O,O,X,O,O
TZOJLIS,O,O,O,O,O
TZOJLSI,O,O,O,O,O
TZOJSIL,O,O,X,O,O
TZOJSLI,O,O,X,O,O
TZOSILJ,O,O,X,O,O
TZOSIJL,O,O,X,O,X
TZOSLIJ,O,O,X,O,O
TZOSLJI,O,O,X,O,O
TZOSJIL,O,O,X,O,O
TZOSJLI,O,O,X,O,O
TOILJSZ,O,X,O,X,X
TOILJZS,O,X,O,O,X
TOILSJZ,O,X,O,X,X
TOILSZJ,O,X,O,X,X
TOILZJS,O,X,O,O,O
TOILZSJ,O,X,O,O,O
TOIJLSZ,O,X,O,X,X
TOIJLZS,O,X,O,O,O
TOIJSLZ,O,X,O,X,X
TOIJSZL,O,X,X,O,O
TOIJZLS,O,X,O,O,O
TOIJZSL,O,X,X,O,O
TOISLJZ,O,X,O,X,X
TOISLZJ,O,O,O,X,X
TOISJLZ,O,X,O,X,X
TOISJZL,O,O,X,O,X
TOISZLJ,O,O,X,O,O
TOISZJL,O,O,X,O,X
TOIZLJS,O,X,O,O,O
TOIZLSJ,O,O,O,O,O
TOIZJLS,O,X,O,O,O
TOIZJSL,O,X,X,O,O
TOIZSLJ,O,O,X,O,O
TOIZSJL,O,O,X,O,X
TOLIJSZ,O,X,O,X,X
TOLIJZS,O,X,O,O,X
TOLISJZ,O,X,O,X,X
TOLISZJ,O,X,O,X,X
TOLIZJS,O,X,O,O,O
TOLIZSJ,O,X,O,O,O
TOLJISZ,O,X,O,X,X
TOLJIZS,O,X,O,O,O
TOLJSIZ,O,X,O,X,X
TOLJSZI,O,X,O,X,X
TOLJZIS,O,X,O,O,O
TOLJZSI,O,X,O,O,O
TOLSIJZ,O,X,O,X,X
TOLSIZJ,O,X,O,X,X
TOLSJIZ,O,X,O,X,X
TOLSJZI,O,X,O,X,X
TOLSZIJ,O,X,O,X,X
TOLSZJI,O,X,O,X,X
TOLZIJS,O,X,O,O,O
TOLZISJ,O,X,O,O,O
TOLZJIS,O,X,O,O,O
TOLZJSI,O,X,O,O,O
TOLZSIJ,O,X,O,O,O
TOLZSJI,O,X,O,O,O
TOJILSZ,O,X,O,X,X
TOJILZS,O,X,O,O,O
TOJISLZ,O,O,O,X,X
TOJISZL,O,O,X,O,O
TOJIZLS,O,O,O,O,O
TOJIZSL,O,O,X,O,O
TOJLISZ,O,X,O,X,X
TOJLIZS,O,X,O,O,O
TOJLSIZ,O,X,O,X,X
TOJLSZI,O,X,O,X,X
TOJLZIS,O,X,O,O,O
TOJLZSI,O,X,O,O,O
TOJSILZ,O,O,O,X,X
TOJSIZL,O,O,X,O,O
TOJSLIZ,O,O,O,X,X
TOJSLZI,O,O,O,X,X
TOJSZIL,O,O,X,O,O
TOJSZLI,O,O,X,O,O
TOJZILS,O,O,O,O,O
TOJZISL,O,O,X,O,O
TOJZLIS,O,O,O,O,O
TOJZLSI,O,O,O,O,O
TOJZSIL,O,O,X,O,O
TOJZSLI,O,O,X,O,O
TOSILJZ,O,X,O,X,X
TOSILZJ,O,O,O,X,X
TOSIJLZ,O,O,O,X,X
TOSIJZL,O,O,X,O,X
TOSIZLJ,O,O,X,O,O
TOSIZJL,O,O,X,O,X
TOSLIJZ,O,X,O,X,X
TOSLIZJ,O,O,O,X,X
TOSLJIZ,O,O,O,X,X
TOSLJZI,O,O,O,X,X
TOSLZIJ,O,O,O,X,X
TOSLZJI,O,O,O,X,X
TOSJILZ,O,O,O,X,X
TOSJIZL,O,O,X,O,O
TOSJLIZ,O,O,O,X,X
TOSJLZI,O,O,O,X,X
TOSJZIL,O,O,X,O,O
TOSJZLI,O,O,X,O,O
TOSZILJ,O,O,X,O,O
TOSZIJL,O,O,X,O,X
TOSZLIJ,O,O,X,O,O
TOSZLJI,O,O,X,O,O
TOSZJIL,O,O,X,O,O
TOSZJLI,O,O,X,O,O
TOZILJS,O,X,O,O,O
TOZILSJ,O,O,O,O,O
TOZIJLS,O,X,O,O,O
TOZIJSL,O,X,X,O,O
TOZISLJ,O,O,X,O,O
TOZISJL,O,O,X,O,X
TOZLIJS,O,X,O,O,O
TOZLISJ,O,O,O,O,O
TOZLJIS,O,O,O,O,O
TOZLJSI,O,O,O,O,O
TOZLSIJ,O,O,O,O,O
TOZLSJI,O,O,O,O,O
TOZJILS,O,O,O,O,O
TOZJISL,O,O,X,O,O
TOZJLIS,O,O,O,O,O
TOZJLSI,O,O,O,O,O
TOZJSIL,O,O,X,O,O
TOZJSLI,O,O,X,O,O
TOZSILJ,O,O,X,O,O
TOZSIJL,O,O,X,O,X
TOZSLIJ,O,O,X,O,O
TOZSLJI,O,O,X,O,O
TOZSJIL,O,O,X,O,O
TOZSJLI,O,O,X,O,O
ITLJSZO,O,X,O,X,X
ITLJSOZ,O,X,O,X,X
ITLJZSO,O,X,O,O,X
ITLJZOS,O,X,O,O,X
ITLJOSZ,O,X,O,X,X
ITLJOZS,O,X,O,O,X
ITLSJZO,O,X,O,X,X
ITLSJOZ,O,X,O,X,X
ITLSZJO,O,O,O,X,X
ITLSZOJ,O,O,O,X,X
ITLSOJZ,O,X,O,X,X
ITLSOZJ,O,O,O,X,X
ITLZJSO,O,O,O,O,X
ITLZJOS,O,X,O,O,O
ITLZSJO,O,O,O,O,X
ITLZSOJ,O,O,O,O,O
ITLZOJS,O,X,O,O,O
ITLZOSJ,O,O,O,O,O
ITLOJSZ,O,X,O,X,X
ITLOJZS,O,X,O,O,X
ITLOSJZ,O,X,O,X,X
ITLOSZJ,O,X,O,X,X
ITLOZJS,O,X,O,O,O
ITLOZSJ,O,X,O,O,O
ITJLSZO,O,O,O,X,X
ITJLSOZ,O,O,O,X,X
ITJLZSO,O,O,O,O,O
ITJLZOS,O,O,O,O,O
ITJLOSZ,O,X,O,X,X
ITJLOZS,O,X,O,O,O
ITJSLZO,O,O,O,X,X
ITJSLOZ,O,O,O,X,X
ITJSZLO,O,O,X,O,O
ITJSZOL,O,O,X,O,O
ITJSOLZ,O,O,O,X,X
ITJSOZL,O,O,X,O,O
ITJZLSO,O,O,O,O,O
ITJZLOS,O,O,O,O,O
ITJZSLO,O,O,X,O,O
ITJZSOL,O,O,X,O,O
ITJZOLS,O,O,O,O,O
ITJZOSL,O,O,X,O,O
ITJOLSZ,O,X,O,X,X
ITJOLZS,O,X,O,O,O
ITJOSLZ,O,O,O,X,X
ITJOSZL,O,O,X,O,O
ITJOZLS,O,O,O,O,O
ITJOZSL,O,O,X,O,O
ITSLJZO,O,X,O,X,X
ITSLJOZ,O,X,O,X,X
ITSLZJO,O,O,O,X,X
ITSLZOJ,O,O,O,X,X
ITSLOJZ,O,X,O,X,X
ITSLOZJ,O,O,O,X,X
ITSJLZO,O,O,O,X,X
ITSJLOZ,O,O,O,X,X
ITSJZLO,O,O,X,O,X
ITSJZOL,O,O,X,O,X
ITSJOLZ,O,O,O,X,X
ITSJOZL,O,O,X,O,X
ITSZLJO,O,O,X,O,X
ITSZLOJ,O,O,X,O,O
ITSZJLO,O,O,X,O,X
ITSZJOL,O,O,X,O,X
ITSZOLJ,O,O,X,O,O
ITSZOJL,O,O,X,O,X
ITSOLJZ,O,X,O,X,X
ITSOLZJ,O,O,O,X,X
ITSOJLZ,O,O,O,X,X
ITSOJZL,O,O,X,O,X
ITSOZLJ,O,O,X,O,O
ITSOZJL,O,O,X,O,X
ITZLJSO,O,O,O,O,O
ITZLJOS,O,O,O,O,O
ITZLSJO,O,O,O,O,X
ITZLSOJ,O,O,O,O,O
ITZLOJS,O,X,O,O,O
ITZLOSJ,O,O,O,O,O
ITZJLSO,O,O,O,O,O
ITZJLOS,O,O,O,O,O
ITZJSLO,O,O,X,O,O
ITZJSOL,O,O,X,O,O
ITZJOLS,O,O,O,O,O
ITZJOSL,O,O,X,O,O
ITZSLJO,O,O,X,O,X
ITZSLOJ,O,O,X,O,O
ITZSJLO,O,O,X,O,X
ITZSJOL,O,O,X,O,X
ITZSOLJ,O,O,X,O,O
ITZSOJL,O,O,X,O,X
ITZOLJS,O,X,O,O,O
ITZOLSJ,O,O,O,O,O
ITZOJLS,O,X,O,O,O
ITZOJSL,O,X,X,O,O
ITZOSLJ,O,O,X,O,O
ITZOSJL,O,O,X,O,X
ITOLJSZ,O,X,O,X,X
ITOLJZS,O,X,O,O,X
ITOLSJZ,O,X,O,X,X
ITOLSZJ,O,X,O,X,X
ITOLZJS,O,X,O,O,O
ITOLZSJ,O,X,O,O,O
ITOJLSZ,O,X,O,X,X
ITOJLZS,O,X,O,O,O
ITOJSLZ,O,X,O,X,X
ITOJSZL,O,X,X,O,O
ITOJZLS,O,X,O,O,O
ITOJZSL,O,X,X,O,O
ITOSLJZ,O,X,O,X,X
ITOSLZJ,O,O,O,X,X
ITOSJLZ,O,X,O,X,X
ITOSJZL,O,O,X,O,X
ITOSZLJ,O,O,X,O,O
ITOSZJL,O,O,X,O,X
ITOZLJS,O,X,O,O,O
ITOZLSJ,O,O,O,O,O
ITOZJLS,O,X,O,O,O
ITOZJSL,O,X,X,O,O
ITOZSLJ,O,O,X,O,O
ITOZSJL,O,O,X,O,X
ILTJSZO,O,X,O,X,X
ILTJSOZ,O,X,O,X,X
ILTJZSO,O,X,O,O,X
ILTJZOS,O,X,O,O,X
ILTJOSZ,O,X,O,X,X
ILTJOZS,O,X,O,O,X
ILTSJZO,O,X,O,X,X
ILTSJOZ,O,X,O,X,X
ILTSZJO,O,X,O,X,X
ILTSZOJ,O,X,O,X,X
ILTSOJZ,O,X,O,X,X
ILTSOZJ,O,X,O,X,X
ILTZJSO,O,X,O,O,X
ILTZJOS,O,X,O,O,X
ILTZSJO,O,X,O,O,X
ILTZSOJ,O,X,O,O,X
ILTZOJS,O,X,O,O,X
ILTZOSJ,O,X,O,O,X
ILTOJSZ,O,X,O,X,X
ILTOJZS,O,X,O,O,X
ILTOSJZ,O,X,O,X,X
ILTOSZJ,O,X,O,X,X
ILTOZJS,O,X,O,O,X
ILTOZSJ,O,X,O,O,X
ILJTSZO,O,X,O,X,X
ILJTSOZ,O,X,O,X,X
ILJTZSO,O,X,O,O,X
ILJTZOS,O,X,O,O,X
ILJTOSZ,O,X,O,X,X
ILJTOZS,O,X,O,O,X
ILJSTZO,O,X,O,X,X
ILJSTOZ,O,X,O,X,X
ILJSZTO,O,X,O,X,X
ILJSZOT,X,X,O,X,X
ILJSOTZ,O,X,O,X,X
ILJSOZT,X,X,O,X,X
ILJZTSO,O,X,O,O,X
ILJZTOS,O,X,O,O,X
ILJZSTO,O,X,O,O,X
ILJZSOT,X,X,O,O,X
ILJZOTS,O,X,O,O,X
ILJZOST,X,X,O,O,X
ILJOTSZ,O,X,O,X,X
ILJOTZS,O,X,O,O,X
ILJOSTZ,O,X,O,X,X
ILJOSZT,X,X,O,X,X
ILJOZTS,O,X,O,O,X
ILJOZST,X,X,O,O,X
ILSTJZO,O,X,O,X,X
ILSTJOZ,O,X,O,X,X
ILSTZJO,O,X,O,X,X
ILSTZOJ,O,X,O,X,X
ILSTOJZ,O,X,O,X,X
ILSTOZJ,O,X,O,X,X
ILSJTZO,O,X,O,X,X
ILSJTOZ,O,X,O,X,X
ILSJZTO,O,X,O,X,X
ILSJZOT,X,X,O,X,X
ILSJOTZ,O,X,O,X,X
ILSJOZT,X,X,O,X,X
ILSZTJO,O,X,O,X,X
ILSZTOJ,O,X,O,X,X
ILSZJTO,O,X,O,X,X
ILSZJOT,X,X,O,X,X
ILSZOTJ,X,X,O,X,X
ILSZOJT,X,X,O,X,X
ILSOTJZ,O,X,O,X,X
ILSOTZJ,O,X,O,X,X
ILSOJTZ,O,X,O,X,X
ILSOJZT,X,X,O,X,X
ILSOZTJ,X,X,O,X,X
ILSOZJT,X,X,O,X,X
ILZTJSO,O,X,O,O,X
ILZTJOS,O,X,O,O,X
ILZTSJO,O,X,O,O,X
ILZTSOJ,O,X,O,O,X
ILZTOJS,O,X,O,O,X
ILZTOSJ,O,X,O,O,X
ILZJTSO,O,X,O,O,X
ILZJTOS,O,X,O,O,X
ILZJSTO,O,X,O,O,X
ILZJSOT,X,X,O,O,X
ILZJOTS,O,X,O,O,X
ILZJOST,X,X,O,O,X
ILZSTJO,O,X,O,O,X
ILZSTOJ,O,X,O,O,X
ILZSJTO,O,X,O,O,X
ILZSJOT,X,X,O,O,X
ILZSOTJ,X,X,O,O,X
ILZSOJT,X,X,O,O,X
ILZOTJS,O,X,O,O,X
ILZOTSJ,O,X,O,O,X
ILZOJTS,O,X,O,O,X
ILZOJST,X,X,O,O,X
ILZOSTJ,X,X,O,O,X
ILZOSJT,X,X,O,O,X
ILOTJSZ,O,X,O,X,X
ILOTJZS,O,X,O,O,X
ILOTSJZ,O,X,O,X,X
ILOTSZJ,O,X,O,X,X
ILOTZJS,O,X,O,O,X
ILOTZSJ,O,X,O,O,X
ILOJTSZ,O,X,O,X,X
ILOJTZS,O,X,O,O,X
ILOJSTZ,O,X,O,X,X
ILOJSZT,X,X,O,X,X
ILOJZTS,O,X,O,O,X
ILOJZST,X,X,O,O,X
ILOSTJZ,O,X,O,X,X
ILOSTZJ,O,X,O,X,X
ILOSJTZ,O,X,O,X,X
ILOSJZT,X,X,O,X,X
ILOSZTJ,X,X,O,X,X
ILOSZJT,X,X,O,X,X
ILOZTJS,O,X,O,O,X
ILOZTSJ,O,X,O,O,X
ILOZJTS,O,X,O,O,X
ILOZJST,X,X,O,O,X
ILOZSTJ,X,X,O,O,X
ILOZSJT,X,X,O,O,X
IJTLSZO,O,O,O,X,X
IJTLSOZ,O,O,O,X,X
IJTLZSO,O,O,O,O,O
IJTLZOS,O,O,O,O,O
IJTLOSZ,O,X,O,X,X
IJTLOZS,O,X,O,O,O
IJTSLZO,O,O,O,X,X
IJTSLOZ,O,O,O,X,X
IJTSZLO,O,O,X,O,O
IJTSZOL,O,O,X,O,O
IJTSOLZ,O,O,O,X,X
IJTSOZL,O,O,X,O,O
IJTZLSO,O,O,O,O,O
IJTZLOS,O,O,O,O,O
IJTZSLO,O,O,X,O,O
IJTZSOL,O,O,X,O,O
IJTZOLS,O,O,O,O,O
IJTZOSL,O,O,X,O,O
IJTOLSZ,O,X,O,X,X
IJTOLZS,O,X,O,O,O
IJTOSLZ,O,O,O,X,X
IJTOSZL,O,O,X,O,O
IJTOZLS,O,O,O,O,O
IJTOZSL,O,O,X,O,O
IJLTSZO,O,O,O,X,X
IJLTSOZ,O,O,O,X,X
IJLTZSO,O,O,O,O,O
IJLTZOS,O,O,O,O,O
IJLTOSZ,O,X,O,X,X
IJLTOZS,O,X,O,O,O
IJLSTZO,O,O,O,X,X
IJLSTOZ,O,O,O,X,X
IJLSZTO,O,O,O,X,X
IJLSZOT,X,O,O,X,X
IJLSOTZ,O,X,O,X,X
IJLSOZT,X,X,O,X,X
IJLZTSO,O,O,O,O,O
IJLZTOS,O,O,O,O,O
IJLZSTO,O,O,O,O,O
IJLZSOT,X,O,O,O,X
IJLZOTS,O,O,O,O,O
IJLZOST,X,O,O,O,X
IJLOTSZ,O,X,O,X,X
IJLOTZS,O,X,O,O,X
IJLOSTZ,O,X,O,X,X
IJLOSZT,X,X,O,X,X
IJLOZTS,O,X,O,O,X
IJLOZST,X,X,O,O,X
IJSTLZO,O,O,O,X,X
IJSTLOZ,O,O,O,X,X
IJSTZLO,O,O,X,O,O
IJSTZOL,O,O,X,O,O
IJSTOLZ,O,O,O,X,X
IJSTOZL,O,O,X,O,O
IJSLTZO,O,O,O,X,X
IJSLTOZ,O,O,O,X,X
IJSLZTO,O,O,O,X,X
IJSLZOT,X,O,O,X,X
IJSLOTZ,O,X,O,X,X
IJSLOZT,X,X,O,X,X
IJSZTLO,X,O,X,O,O
IJSZTOL,X,O,X,O,O
IJSZLTO,X,O,X,O,O
IJSZLOT,X,O,X,O,X
IJSZOTL,X,O,X,O,X
IJSZOLT,X,O,X,O,X
IJSOTLZ,O,O,O,X,X
IJSOTZL,O,O,X,O,X
IJSOLTZ,O,X,O,X,X
IJSOLZT,X,X,O,X,X
IJSOZTL,X,O,X,O,X
IJSOZLT,X,O,X,O,X
IJZTLSO,O,O,O,O,O
IJZTLOS,O,O,O,O,O
IJZTSLO,O,O,X,O,O
IJZTSOL,O,O,X,O,O
IJZTOLS,O,O,O,O,O
IJZTOSL,O,O,X,O,O
IJZLTSO,O,O,O,O,O
IJZLTOS,O,O,O,O,O
IJZLSTO,O,O,O,O,O
IJZLSOT,X,O,O,O,X
IJZLOTS,O,O,O,O,O
IJZLOST,X,O,O,O,X
IJZSTLO,X,O,X,O,O
IJZSTOL,X,O,X,O,O
IJZSLTO,X,O,X,O,O
IJZSLOT,X,O,X,O,X
IJZSOTL,X,O,X,O,X
IJZSOLT,X,O,X,O,X
IJZOTLS,O,O,O,O,O
IJZOTSL,O,O,X,O,O
IJZOLTS,O,O,O,O,O
IJZOLST,X,O,O,O,X
IJZOSTL,X,O,X,O,X
IJZOSLT,X,O,X,O,X
IJOTLSZ,O,X,O,X,X
IJOTLZS,O,X,O,O,O
IJOTSLZ,O,O,O,X,X
IJOTSZL,O,O,X,O,O
IJOTZLS,O,O,O,O,O
IJOTZSL,O,O,X,O,O
IJOLTSZ,O,X,O,X,X
IJOLTZS,O,X,O,O,X
IJOLSTZ,O,X,O,X,X
IJOLSZT,X,X,O,X,X
IJOLZTS,O,X,O,O,X
IJOLZST,X,X,O,O,X
IJOSTLZ,O,O,O,X,X
IJOSTZL,O,O,X,O,X
IJOSLTZ,O,X,O,X,X
IJOSLZT,X,X,O,X,X
IJOSZTL,X,O,X,O,X
IJOSZLT,X,O,X,O,X
IJOZTLS,O,O,O,O,O
IJOZTSL,O,O,X,O,O
IJOZLTS,O,O,O,O,O
IJOZLST,X,O,O,O,X
IJOZSTL,X,O,X,O,X
IJOZSLT,X,O,X,O,X
ISTLJZO,O,X,O,X,X
ISTLJOZ,O,X,O,X,X
ISTLZJO,O,O,O,X,X
ISTLZOJ,O,O,O,X,X
ISTLOJZ,O,X,O,X,X
ISTLOZJ,O,O,O,X,X
ISTJLZO,O,O,O,X,X
ISTJLOZ,O,O,O,X,X
ISTJZLO,O,O,X,O,X
ISTJZOL,O,O,X,O,X
ISTJOLZ,O,O,O,X,X
ISTJOZL,O,O,X,O,X
ISTZLJO,O,O,X,O,X
ISTZLOJ,O,O,X,O,X
ISTZJLO,O,O,X,O,X
ISTZJOL,O,O,X,O,X
ISTZOLJ,O,O,X,O,X
ISTZOJL,O,O,X,O,X
ISTOLJZ,O,X,O,X,X
ISTOLZJ,O,O,O,X,X
ISTOJLZ,O,O,O,X,X
ISTOJZL,O,O,X,O,X
ISTOZLJ,O,O,X,O,X
ISTOZJL,O,O,X,O,X
ISLTJZO,O,X,O,X,X
ISLTJOZ,O,X,O,X,X
ISLTZJO,O,X,O,X,X
ISLTZOJ,O,X,O,X,X
ISLTOJZ,O,X,O,X,X
ISLTOZJ,O,X,O,X,X
ISLJTZO,O,X,O,X,X
ISLJTOZ,O,X,O,X,X
ISLJZTO,O,X,O,X,X
ISLJZOT,X,X,O,X,X
ISLJOTZ,O,X,O,X,X
ISLJOZT,X,X,O,X,X
ISLZTJO,O,X,O,X,X
ISLZTOJ,O,X,O,X,X
ISLZJTO,O,X,O,X,X
ISLZJOT,X,X,O,X,X
ISLZOTJ,X,X,O,X,X
ISLZOJT,X,X,O,X,X
ISLOTJZ,O,X,O,X,X
ISLOTZJ,O,X,O,X,X
ISLOJTZ,O,X,O,X,X
ISLOJZT,X,X,O,X,X
ISLOZTJ,X,X,O,X,X
ISLOZJT,X,X,O,X,X
ISJTLZO,O,O,O,X,X
ISJTLOZ,O,O,O,X,X
ISJTZLO,O,O,X,O,X
ISJTZOL,O,O,X,O,X
ISJTOLZ,O,O,O,X,X
ISJTOZL,O,O,X,O,X
ISJLTZO,O,O,O,X,X
ISJLTOZ,O,O,O,X,X
ISJLZTO,O,O,O,X,X
ISJLZOT,X,O,O,X,X
ISJLOTZ,O,X,O,X,X
ISJLOZT,X,X,O,X,X
ISJZTLO,X,O,X,O,X
ISJZTOL,X,O,X,O,X
ISJZLTO,X,O,X,O,X
ISJZLOT,X,O,X,O,X
ISJZOTL,X,O,X,O,X
ISJZOLT,X,O,X,O,X
ISJOTLZ,O,O,O,X,X
ISJOTZL,O,O,X,O,X
ISJOLTZ,O,X,O,X,X
ISJOLZT,X,X,O,X,X
ISJOZTL,X,O,X,O,X
ISJOZLT,X,O,X,O,X
ISZTLJO,X,O,X,O,X
ISZTLOJ,X,O,X,O,X
ISZTJLO,X,O,X,O,X
ISZTJOL,X,O,X,O,X
ISZTOLJ,X,O,X,O,X
ISZTOJL,X,O,X,O,X
ISZLTJO,X,O,X,O,X
ISZLTOJ,X,O,X,O,X
ISZLJTO,X,O,X,O,X
ISZLJOT,X,O,X,O,X
ISZLOTJ,X,O,X,O,X
ISZLOJT,X,O,X,O,X
ISZJTLO,X,O,X,O,X
ISZJTOL,X,O,X,O,X
ISZJLTO,X,O,X,O,X
ISZJLOT,X,O,X,O,X
ISZJOTL,X,O,X,O,X
ISZJOLT,X,O,X,O,X
ISZOTLJ,X,O,X,O,X
ISZOTJL,X,O,X,O,X
ISZOLTJ,X,O,X,O,X
ISZOLJT,X,O,X,O,X
ISZOJTL,X,O,X,O,X
ISZOJLT,X,O,X,O,X
ISOTLJZ,O,X,O,X,X
ISOTLZJ,O,O,O,X,X
ISOTJLZ,O,O,O,X,X
ISOTJZL,O,O,X,O,X
ISOTZLJ,O,O,X,O,X
ISOTZJL,O,O,X,O,X
ISOLTJZ,O,X,O,X,X
ISOLTZJ,O,X,O,X,X
ISOLJTZ,O,X,O,X,X
ISOLJZT,X,X,O,X,X
ISOLZTJ,X,X,O,X,X
ISOLZJT,X,X,O,X,X
ISOJTLZ,O,O,O,X,X
ISOJTZL,O,O,X,O,X
ISOJLTZ,O,X,O,X,X
ISOJLZT,X,X,O,X,X
ISOJZTL,X,O,X,O,X
ISOJZLT,X,O,X,O,X
ISOZTLJ,X,O,X,O,X
ISOZTJL,X,O,X,O,X
ISOZLTJ,X,O,X,O,X
ISOZLJT,X,O,X,O,X
ISOZJTL,X,O,X,O,X
ISOZJLT,X,O,X,O,X
IZTLJSO,O,O,O,O,O
IZTLJOS,O,O,O,O,O
IZTLSJO,O,O,O,O,X
IZTLSOJ,O,O,O,O,O
IZTLOJS,O,X,O,O,O
IZTLOSJ,O,O,O,O,O
IZTJLSO,O,O,O,O,O
IZTJLOS,O,O,O,O,O
IZTJSLO,O,O,X,O,O
IZTJSOL,O,O,X,O,O
IZTJOLS,O,O,O,O,O
IZTJOSL,O,O,X,O,O
IZTSLJO,O,O,X,O,X
IZTSLOJ,O,O,X,O,O
IZTSJLO,O,O,X,O,X
IZTSJOL,O,O,X,O,X
IZTSOLJ,O,O,X,O,O
IZTSOJL,O,O,X,O,X
IZTOLJS,O,X,O,O,O
IZTOLSJ,O,O,O,O,O
IZTOJLS,O,X,O,O,O
IZTOJSL,O,X,X,O,O
IZTOSLJ,O,O,X,O,O
IZTOSJL,O,O,X,O,X
IZLTJSO,O,O,O,O,O
IZLTJOS,O,O,O,O,O
IZLTSJO,O,O,O,O,X
IZLTSOJ,O,O,O,O,O
IZLTOJS,O,X,O,O,O
IZLTOSJ,O,O,O,O,O
IZLJTSO,O,O,O,O,O
IZLJTOS,O,O,O,O,O
IZLJSTO,O,O,O,O,O
IZLJSOT,X,O,O,O,X
IZLJOTS,O,O,O,O,O
IZLJOST,X,O,O,O,X
IZLSTJO,O,O,O,O,X
IZLSTOJ,O,O,O,O,X
IZLSJTO,O,O,O,O,X
IZLSJOT,X,O,O,O,X
IZLSOTJ,X,O,O,O,X
IZLSOJT,X,O,O,O,X
IZLOTJS,O,X,O,O,O
IZLOTSJ,O,X,O,O,O
IZLOJTS,O,X,O,O,O
IZLOJST,X,X,O,O,X
IZLOSTJ,X,X,O,O,X
IZLOSJT,X,X,O,O,X
IZJTLSO,O,O,O,O,O
IZJTLOS,O,O,O,O,O
IZJTSLO,O,O,X,O,O
IZJTSOL,O,O,X,O,O
IZJTOLS,O,O,O,O,O
IZJTOSL,O,O,X,O,O
IZJLTSO,O,O,O,O,O
IZJLTOS,O,O,O,O,O
IZJLSTO,O,O,O,O,O
IZJLSOT,X,O,O,O,X
IZJLOTS,O,O,O,O,O
IZJLOST,X,O,O,O,X
IZJSTLO,X,O,X,O,O
IZJSTOL,X,O,X,O,O
IZJSLTO,X,O,X,O,O
IZJSLOT,X,O,X,O,X
IZJSOTL,X,O,X,O,X
IZJSOLT,X,O,X,O,X
IZJOTLS,O,O,O,O,O
IZJOTSL,O,O,X,O,O
IZJOLTS,O,O,O,O,O
IZJOLST,X,O,O,O,X
IZJOSTL,X,O,X,O,X
IZJOSLT,X,O,X,O,X
IZSTLJO,X,O,X,O,X
IZSTLOJ,X,O,X,O,X
IZSTJLO,X,O,X,O,X
IZSTJOL,X,O,X,O,X
IZSTOLJ,X,O,X,O,X
IZSTOJL,X,O,X,O,X
IZSLTJO,X,O,X,O,X
IZSLTOJ,X,O,X,O,X
IZSLJTO,X,O,X,O,X
IZSLJOT,X,O,X,O,X
IZSLOTJ,X,O,X,O,X
IZSLOJT,X,O,X,O,X
IZSJTLO,X,O,X,O,X
IZSJTOL,X,O,X,O,X
IZSJLTO,X,O,X,O,X
IZSJLOT,X,O,X,O,X
IZSJOTL,X,O,X,O,X
IZSJOLT,X,O,X,O,X
IZSOTLJ,X,O,X,O,X
IZSOTJL,X,O,X,O,X
IZSOLTJ,X,O,X,O,X
IZSOLJT,X,O,X,O,X
IZSOJTL,X,O,X,O,X
IZSOJLT,X,O,X,O,X
IZOTLJS,O,X,O,O,O
IZOTLSJ,O,X,O,O,O
IZOTJLS,O,X,O,O,O
IZOTJSL,O,X,X,O,O
IZOTSLJ,O,X,X,O,O
IZOTSJL,O,X,X,O,X
IZOLTJS,O,X,O,O,O
IZOLTSJ,O,X,O,O,O
IZOLJTS,O,X,O,O,O
IZOLJST,X,X,O,O,X
IZOLSTJ,X,X,O,O,X
IZOLSJT,X,X,O,O,X
IZOJTLS,O,X,O,O,O
IZOJTSL,O,X,X,O,O
IZOJLTS,O,X,O,O,O
IZOJLST,X,X,O,O,X
IZOJSTL,X,X,X,O,X
IZOJSLT,X,X,X,O,X
IZOSTLJ,X,X,X,O,X
IZOSTJL,X,X,X,O,X
IZOSLTJ,X,X,X,O,X
IZOSLJT,X,X,X,O,X
IZOSJTL,X,X,X,O,X
IZOSJLT,X,X,X,O,X
IOTLJSZ,O,X,O,X,X
IOTLJZS,O,X,O,O,X
IOTLSJZ,O,X,O,X,X
IOTLSZJ,O,X,O,X,X
IOTLZJS,O,X,O,O,O
IOTLZSJ,O,X,O,O,O
IOTJLSZ,O,X,O,X,X
IOTJLZS,O,X,O,O,O
IOTJSLZ,O,X,O,X,X
IOTJSZL,O,X,X,O,O
IOTJZLS,O,X,O,O,O
IOTJZSL,O,X,X,O,O
IOTSLJZ,O,X,O,X,X
IOTSLZJ,O,X,O,X,X
IOTSJLZ,O,X,O,X,X
IOTSJZL,O,X,X,O,X
IOTSZLJ,O,X,X,O,O
IOTSZJL,O,X,X,O,X
IOTZLJS,O,X,O,O,O
IOTZLSJ,O,X,O,O,O
IOTZJLS,O,X,O,O,O
IOTZJSL,O,X,X,O,O
IOTZSLJ,O,X,X,O,O
IOTZSJL,O,X,X,O,X
IOLTJSZ,O,X,O,X,X
IOLTJZS,O,X,O,O,X
IOLTSJZ,O,X,O,X,X
IOLTSZJ,O,X,O,X,X
IOLTZJS,O,X,O,O,X
IOLTZSJ,O,X,O,O,X
IOLJTSZ,O,X,O,X,X
IOLJTZS,O,X,O,O,X
IOLJSTZ,O,X,O,X,X
IOLJSZT,X,X,O,X,X
IOLJZTS,O,X,O,O,X
IOLJZST,X,X,O,O,X
IOLSTJZ,O,X,O,X,X
IOLSTZJ,O,X,O,X,X
IOLSJTZ,O,X,O,X,X
IOLSJZT,X,X,O,X,X
IOLSZTJ,X,X,O,X,X
IOLSZJT,X,X,O,X,X
IOLZTJS,O,X,O,O,X
IOLZTSJ,O,X,O,O,X
IOLZJTS,O,X,O,O,X
IOLZJST,X,X,O,O,X
IOLZSTJ,X,X,O,O,X
IOLZSJT,X,X,O,O,X
IOJTLSZ,O,X,O,X,X
IOJTLZS,O,X,O,O,O
IOJTSLZ,O,X,O,X,X
IOJTSZL,O,X,X,O,O
IOJTZLS,O,X,O,O,O
IOJTZSL,O,X,X,O,O
IOJLTSZ,O,X,O,X,X
IOJLTZS,O,X,O,O,X
IOJLSTZ,O,X,O,X,X
IOJLSZT,X,X,O,X,X
IOJLZTS,O,X,O,O,X
IOJLZST,X,X,O,O,X
IOJSTLZ,O,X,O,X,X
IOJSTZL,O,X,X,O,X
IOJSLTZ,O,X,O,X,X
IOJSLZT,X,X,O,X,X
IOJSZTL,X,X,X,O,X
IOJSZLT,X,X,X,O,X
IOJZTLS,O,X,O,O,O
IOJZTSL,O,X,X,O,O
IOJZLTS,O,X,O,O,O
IOJZLST,X,X,O,O,X
IOJZSTL,X,X,X,O,X
IOJZSLT,X,X,X,O,X
IOSTLJZ,O,X,O,X,X
IOSTLZJ,O,X,O,X,X
IOSTJLZ,O,X,O,X,X
IOSTJZL,O,X,X,O,X
IOSTZLJ,O,X,X,O,X
IOSTZJL,O,X,X,O,X
IOSLTJZ,O,X,O,X,X
IOSLTZJ,O,X,O,X,X
IOSLJTZ,O,X,O,X,X
IOSLJZT,X,X,O,X,X
IOSLZTJ,X,X,O,X,X
IOSLZJT,X,X,O,X,X
IOSJTLZ,O,X,O,X,X
IOSJTZL,O,X,X,O,X
IOSJLTZ,O,X,O,X,X
IOSJLZT,X,X,O,X,X
IOSJZTL,X,X,X,O,X
IOSJZLT,X,X,X,O,X
IOSZTLJ,X,X,X,O,X
IOSZTJL,X,X,X,O,X
IOSZLTJ,X,X,X,O,X
IOSZLJT,X,X,X,O,X
IOSZJTL,X,X,X,O,X
IOSZJLT,X,X,X,O,X
IOZTLJS,O,X,O,O,O
IOZTLSJ,O,X,O,O,O
IOZTJLS,O,X,O,O,O
IOZTJSL,O,X,X,O,O
IOZTSLJ,O,X,X,O,O
IOZTSJL,O,X,X,O,X
IOZLTJS,O,X,O,O,O
IOZLTSJ,O,X,O,O,O
IOZLJTS,O,X,O,O,O
IOZLJST,X,X,O,O,X
IOZLSTJ,X,X,O,O,X
IOZLSJT,X,X,O,O,X
IOZJTLS,O,X,O,O,O
IOZJTSL,O,X,X,O,O
IOZJLTS,O,X,O,O,O
IOZJLST,X,X,O,O,X
IOZJSTL,X,X,X,O,X
IOZJSLT,X,X,X,O,X
IOZSTLJ,X,X,X,O,X
IOZSTJL,X,X,X,O,X
IOZSLTJ,X,X,X,O,X
IOZSLJT,X,X,X,O,X
IOZSJTL,X,X,X,O,X
IOZSJLT,X,X,X,O,X
LTIJSZO,O,X,O,X,X
LTIJSOZ,O,X,O,X,X
LTIJZSO,O,X,O,O,X
LTIJZOS,O,X,O,O,X
LTIJOSZ,O,X,O,X,X
LTIJOZS,O,X,O,O,X
LTISJZO,O,X,O,X,X
LTISJOZ,O,X,O,X,X
LTISZJO,O,O,O,X,X
LTISZOJ,O,O,O,X,X
LTISOJZ,O,X,O,X,X
LTISOZJ,O,O,O,X,X
LTIZJSO,O,O,O,O,X
LTIZJOS,O,X,O,O,O
LTIZSJO,O,O,O,O,X
LTIZSOJ,O,O,O,O,O
LTIZOJS,O,X,O,O,O
LTIZOSJ,O,O,O,O,O
LTIOJSZ,O,X,O,X,X
LTIOJZS,O,X,O,O,X
LTIOSJZ,O,X,O,X,X
LTIOSZJ,O,X,O,X,X
LTIOZJS,O,X,O,O,O
LTIOZSJ,O,X,O,O,O
LTJISZO,O,O,O,X,X
LTJISOZ,O,O,O,X,X
LTJIZSO,O,O,O,O,O
LTJIZOS,O,O,O,O,O
LTJIOSZ,O,X,O,X,X
LTJIOZS,O,X,O,O,O
LTJSIZO,O,O,O,X,X
LTJSIOZ,O,O,O,X,X
LTJSZIO,O,O,O,X,X
LTJSZOI,O,O,O,X,X
LTJSOIZ,O,O,O,X,X
LTJSOZI,O,O,O,X,X
LTJZISO,O,O,O,O,O
LTJZIOS,O,O,O,O,O
LTJZSIO,O,O,O,O,O
LTJZSOI,O,O,O,O,O
LTJZOIS,O,O,O,O,O
LTJZOSI,O,O,O,O,O
LTJOISZ,O,X,O,X,X
LTJOIZS,O,X,O,O,O
LTJOSIZ,O,X,O,X,X
LTJOSZI,O,X,O,X,X
LTJOZIS,O,X,O,O,O
LTJOZSI,O,X,O,O,O
LTSIJZO,O,X,O,X,X
LTSIJOZ,O,X,O,X,X
LTSIZJO,O,O,O,X,X
LTSIZOJ,O,O,O,X,X
LTSIOJZ,O,X,O,X,X
LTSIOZJ,O,O,O,X,X
LTSJIZO,O,O,O,X,X
LTSJIOZ,O,O,O,X,X
LTSJZIO,O,O,O,X,X
LTSJZOI,O,O,O,X,X
LTSJOIZ,O,O,O,X,X
LTSJOZI,O,O,O,X,X
LTSZIJO,O,O,O,X,X
LTSZIOJ,O,O,O,X,X
LTSZJIO,O,O,O,X,X
LTSZJOI,O,O,O,X,X
LTSZOIJ,O,O,O,X,X
LTSZOJI,O,O,O,X,X
LTSOIJZ,O,X,O,X,X
LTSOIZJ,O,O,O,X,X
LTSOJIZ,O,O,O,X,X
LTSOJZI,O,O,O,X,X
LTSOZIJ,O,O,O,X,X
LTSOZJI,O,O,O,X,X
LTZIJSO,O,O,O,O,O
LTZIJOS,O,O,O,O,O
LTZISJO,O,O,O,O,X
LTZISOJ,O,O,O,O,O
LTZIOJS,O,X,O,O,O
LTZIOSJ,O,O,O,O,O
LTZJISO,O,O,O,O,O
LTZJIOS,O,O,O,O,O
LTZJSIO,O,O,O,O,O
LTZJSOI,O,O,O,O,O
LTZJOIS,O,O,O,O,O
LTZJOSI,O,O,O,O,O
LTZSIJO,O,O,O,O,X
LTZSIOJ,O,O,O,O,O
LTZSJIO,O,O,O,O,O
LTZSJOI,O,O,O,O,O
LTZSOIJ,O,O,O,O,O
LTZSOJI,O,O,O,O,O
LTZOIJS,O,X,O,O,O
LTZOISJ,O,O,O,O,O
LTZOJIS,O,O,O,O,O
LTZOJSI,O,O,O,O,O
LTZOSIJ,O,O,O,O,O
LTZOSJI,O,O,O,O,O
LTOIJSZ,O,X,O,X,X
LTOIJZS,O,X,O,O,X
LTOISJZ,O,X,O,X,X
LTOISZJ,O,X,O,X,X
LTOIZJS,O,X,O,O,O
LTOIZSJ,O,X,O,O,O
LTOJISZ,O,X,O,X,X
LTOJIZS,O,X,O,O,O
LTOJSIZ,O,X,O,X,X
LTOJSZI,O,X,O,X,X
LTOJZIS,O,X,O,O,O
LTOJZSI,O,X,O,O,O
LTOSIJZ,O,X,O,X,X
LTOSIZJ,O,X,O,X,X
LTOSJIZ,O,X,O,X,X
LTOSJZI,O,X,O,X,X
LTOSZIJ,O,X,O,X,X
LTOSZJI,O,X,O,X,X
LTOZIJS,O,X,O,O,O
LTOZISJ,O,X,O,O,O
LTOZJIS,O,X,O,O,O
LTOZJSI,O,X,O,O,O
LTOZSIJ,O,X,O,O,O
LTOZSJI,O,X,O,O,O
LITJSZO,O,X,O,X,X
LITJSOZ,O,X,O,X,X
LITJZSO,O,X,O,O,X
LITJZOS,O,X,O,O,X
LITJOSZ,O,X,O,X,X
LITJOZS,O,X,O,O,X
LITSJZO,O,X,O,X,X
LITSJOZ,O,X,O,X,X
LITSZJO,O,X,O,X,X
LITSZOJ,O,X,O,X,X
LITSOJZ,O,X,O,X,X
LITSOZJ,O,X,O,X,X
LITZJSO,O,X,O,O,X
LITZJOS,O,X,O,O,X
LITZSJO,O,X,O,O,X
LITZSOJ,O,X,O,O,X
LITZOJS,O,X,O,O,X
LITZOSJ,O,X,O,O,X
LITOJSZ,O,X,O,X,X
LITOJZS,O,X,O,O,X
LITOSJZ,O,X,O,X,X
LITOSZJ,O,X,O,X,X
LITOZJS,O,X,O,O,X
LITOZSJ,O,X,O,O,X
LIJTSZO,O,X,O,X,X
LIJTSOZ,O,X,O,X,X
LIJTZSO,O,X,O,O,X
LIJTZOS,O,X,O,O,X
LIJTOSZ,O,X,O,X,X
LIJTOZS,O,X,O,O,X
LIJSTZO,O,X,O,X,X
LIJSTOZ,O,X,O,X,X
LIJSZTO,O,X,O,X,X
LIJSZOT,X,X,O,X,X
LIJSOTZ,O,X,O,X,X
LIJSOZT,X,X,O,X,X
LIJZTSO,O,X,O,O,X
LIJZTOS,O,X,O,O,X
LIJZSTO,O,X,O,O,X
LIJZSOT,X,X,O,O,X
LIJZOTS,O,X,O,O,X
LIJZOST,X,X,O,O,X
LIJOTSZ,O,X,O,X,X
LIJOTZS,O,X,O,O,X
LIJOSTZ,O,X,O,X,X
LIJOSZT,X,X,O,X,X
LIJOZTS,O,X,O,O,X
LIJOZST,X,X,O,O,X
LISTJZO,O,X,O,X,X
LISTJOZ,O,X,O,X,X
LISTZJO,O,X,O,X,X
LISTZOJ,O,X,O,X,X
LISTOJZ,O,X,O,X,X
LISTOZJ,O,X,O,X,X
LISJTZO,O,X,O,X,X
LISJTOZ,O,X,O,X,X
LISJZTO,O,X,O,X,X
LISJZOT,X,X,O,X,X
LISJOTZ,O,X,O,X,X
LISJOZT,X,X,O,X,X
LISZTJO,O,X,O,X,X
LISZTOJ,O,X,O,X,X
LISZJTO,O,X,O,X,X
LISZJOT,X,X,O,X,X
LISZOTJ,X,X,O,X,X
LISZOJT,X,X,O,X,X
LISOTJZ,O,X,O,X,X
LISOTZJ,O,X,O,X,X
LISOJTZ,O,X,O,X,X
LISOJZT,X,X,O,X,X
LISOZTJ,X,X,O,X,X
LISOZJT,X,X,O,X,X
LIZTJSO,O,X,O,O,X
LIZTJOS,O,X,O,O,X
LIZTSJO,O,X,O,O,X
LIZTSOJ,O,X,O,O,X
LIZTOJS,O,X,O,O,X
LIZTOSJ,O,X,O,O,X
LIZJTSO,O,X,O,O,X
LIZJTOS,O,X,O,O,X
LIZJSTO,O,X,O,O,X
LIZJSOT,X,X,O,O,X
LIZJOTS,O,X,O,O,X
LIZJOST,X,X,O,O,X
LIZSTJO,O,X,O,O,X
LIZSTOJ,O,X,O,O,X
LIZSJTO,O,X,O,O,X
LIZSJOT,X,X,O,O,X
LIZSOTJ,X,X,O,O,X
LIZSOJT,X,X,O,O,X
LIZOTJS,O,X,O,O,X
LIZOTSJ,O,X,O,O,X
LIZOJTS,O,X,O,O,X
LIZOJST,X,X,O,O,X
LIZOSTJ,X,X,O,O,X
LIZOSJT,X,X,O,O,X
LIOTJSZ,O,X,O,X,X
LIOTJZS,O,X,O,O,X
LIOTSJZ,O,X,O,X,X
LIOTSZJ,O,X,O,X,X
LIOTZJS,O,X,O,O,X
LIOTZSJ,O,X,O,O,X
LIOJTSZ,O,X,O,X,X
LIOJTZS,O,X,O,O,X
LIOJSTZ,O,X,O,X,X
LIOJSZT,X,X,O,X,X
LIOJZTS,O,X,O,O,X
LIOJZST,X,X,O,O,X
LIOSTJZ,O,X,O,X,X
LIOSTZJ,O,X,O,X,X
LIOSJTZ,O,X,O,X,X
LIOSJZT,X,X,O,X,X
LIOSZTJ,X,X,O,X,X
LIOSZJT,X,X,O,X,X
LIOZTJS,O,X,O,O,X
LIOZTSJ,O,X,O,O,X
LIOZJTS,O,X,O,O,X
LIOZJST,X,X,O,O,X
LIOZSTJ,X,X,O,O,X
LIOZSJT,X,X,O,O,X
LJTISZO,O,O,O,X,X
LJTISOZ,O,O,O,X,X
LJTIZSO,O,O,O,O,O
LJTIZOS,O,O,O,O,O
LJTIOSZ,O,X,O,X,X
LJTIOZS,O,X,O,O,O
LJTSIZO,O,O,O,X,X
LJTSIOZ,O,O,O,X,X
LJTSZIO,O,O,O,X,X
LJTSZOI,O,O,O,X,X
LJTSOIZ,O,O,O,X,X
LJTSOZI,O,O,O,X,X
LJTZISO,O,O,O,O,O
LJTZIOS,O,O,O,O,O
LJTZSIO,O,O,O,O,O
LJTZSOI,O,O,O,O,O
LJTZOIS,O,O,O,O,O
LJTZOSI,O,O,O,O,O
LJTOISZ,O,X,O,X,X
LJTOIZS,O,X,O,O,O
LJTOSIZ,O,X,O,X,X
LJTOSZI,O,X,O,X,X
LJTOZIS,O,X,O,O,O
LJTOZSI,O,X,O,O,O
LJITSZO,O,O,O,X,X
LJITSOZ,O,O,O,X,X
LJITZSO,O,O,O,O,O
LJITZOS,O,O,O,O,O
LJITOSZ,O,X,O,X,X
LJITOZS,O,X,O,O,O
LJISTZO,O,O,O,X,X
LJISTOZ,O,O,O,X,X
LJISZTO,O,O,O,X,X
LJISZOT,X,O,O,X,X
LJISOTZ,O,X,O,X,X
LJISOZT,X,X,O,X,X
LJIZTSO,O,O,O,O,O
LJIZTOS,O,O,O,O,O
LJIZSTO,O,O,O,O,O
LJIZSOT,X,O,O,O,X
LJIZOTS,O,O,O,O,O
LJIZOST,X,O,O,O,X
LJIOTSZ,O,X,O,X,X
LJIOTZS,O,X,O,O,X
LJIOSTZ,O,X,O,X,X
LJIOSZT,X,X,O,X,X
LJIOZTS,O,X,O,O,X
LJIOZST,X,X,O,O,X
LJSTIZO,O,O,O,X,X
LJSTIOZ,O,O,O,X,X
LJSTZIO,O,O,O,X,X
LJSTZOI,O,O,O,X,X
LJSTOIZ,O,O,O,X,X
LJSTOZI,O,O,O,X,X
LJSITZO,O,O,O,X,X
LJSITOZ,O,O,O,X,X
LJSIZTO,O,O,O,X,X
LJSIZOT,X,O,O,X,X
LJSIOTZ,O,X,O,X,X
LJSIOZT,X,X,O,X,X
LJSZTIO,O,O,O,X,X
LJSZTOI,O,O,O,X,X
LJSZITO,O,O,O,X,X
LJSZIOT,X,O,O,X,X
LJSZOTI,X,O,O,X,X
LJSZOIT,X,O,O,X,X
LJSOTIZ,O,O,O,X,X
LJSOTZI,O,O,O,X,X
LJSOITZ,O,X,O,X,X
LJSOIZT,X,X,O,X,X
LJSOZTI,X,O,O,X,X
LJSOZIT,X,O,O,X,X
LJZTISO,O,O,O,O,O
LJZTIOS,O,O,O,O,O
LJZTSIO,O,O,O,O,O
LJZTSOI,O,O,O,O,O
LJZTOIS,O,O,O,O,O
LJZTOSI,O,O,O,O,O
LJZITSO,O,O,O,O,O
LJZITOS,O,O,O,O,O
LJZISTO,O,O,O,O,O
LJZISOT,X,O,O,O,X
LJZIOTS,O,O,O,O,O
LJZIOST,X,O,O,O,X
LJZSTIO,O,O,O,O,O
LJZSTOI,O,O,O,O,O
LJZSITO,O,O,O,O,O
LJZSIOT,X,O,O,O,X
LJZSOTI,X,O,O,O,O
LJZSOIT,X,O,O,O,X
LJZOTIS,O,O,O,O,O
LJZOTSI,O,O,O,O,O
LJZOITS,O,O,O,O,O
LJZOIST,X,O,O,O,X
LJZOSTI,X,O,O,O,O
LJZOSIT,X,O,O,O,X
LJOTISZ,O,X,O,X,X
LJOTIZS,O,X,O,O,O
LJOTSIZ,O,X,O,X,X
LJOTSZI,O,X,O,X,X
LJOTZIS,O,X,O,O,O
LJOTZSI,O,X,O,O,O
LJOITSZ,O,X,O,X,X
LJOITZS,O,X,O,O,X
LJOISTZ,O,X,O,X,X
LJOISZT,X,X,O,X,X
LJOIZTS,O,X,O,O,X
LJOIZST,X,X,O,O,X
LJOSTIZ,O,X,O,X,X
LJOSTZI,O,X,O,X,X
LJOSITZ,O,X,O,X,X
LJOSIZT,X,X,O,X,X
LJOSZTI,X,X,O,X,X
LJOSZIT,X,X,O,X,X
LJOZTIS,O,X,O,O,O
LJOZTSI,O,X,O,O,O
LJOZITS,O,X,O,O,O
LJOZIST,X,X,O,O,X
LJOZSTI,X,X,O,O,O
LJOZSIT,X,X,O,O,X
LSTIJZO,O,X,O,X,X
LSTIJOZ,O,X,O,X,X
LSTIZJO,O,O,O,X,X
LSTIZOJ,O,O,O,X,X
LSTIOJZ,O,X,O,X,X
LSTIOZJ,O,O,O,X,X
LSTJIZO,O,O,O,X,X
LSTJIOZ,O,O,O,X,X
LSTJZIO,O,O,O,X,X
LSTJZOI,O,O,O,X,X
LSTJOIZ,O,O,O,X,X
LSTJOZI,O,O,O,X,X
LSTZIJO,O,O,O,X,X
LSTZIOJ,O,O,O,X,X
LSTZJIO,O,O,O,X,X
LSTZJOI,O,O,O,X,X
LSTZOIJ,O,O,O,X,X
LSTZOJI,O,O,O,X,X
LSTOIJZ,O,X,O,X,X
LSTOIZJ,O,O,O,X,X
LSTOJIZ,O,O,O,X,X
LSTOJZI,O,O,O,X,X
LSTOZIJ,O,O,O,X,X
LSTOZJI,O,O,O,X,X
LSITJZO,O,X,O,X,X
LSITJOZ,O,X,O,X,X
LSITZJO,O,X,O,X,X
LSITZOJ,O,X,O,X,X
LSITOJZ,O,X,O,X,X
LSITOZJ,O,X,O,X,X
LSIJTZO,O,X,O,X,X
LSIJTOZ,O,X,O,X,X
LSIJZTO,O,X,O,X,X
LSIJZOT,X,X,O,X,X
LSIJOTZ,O,X,O,X,X
LSIJOZT,X,X,O,X,X
LSIZTJO,O,X,O,X,X
LSIZTOJ,O,X,O,X,X
LSIZJTO,O,X,O,X,X
LSIZJOT,X,X,O,X,X
LSIZOTJ,X,X,O,X,X
LSIZOJT,X,X,O,X,X
LSIOTJZ,O,X,O,X,X
LSIOTZJ,O,X,O,X,X
LSIOJTZ,O,X,O,X,X
LSIOJZT,X,X,O,X,X
LSIOZTJ,X,X,O,X,X
LSIOZJT,X,X,O,X,X
LSJTIZO,O,O,O,X,X
LSJTIOZ,O,O,O,X,X
LSJTZIO,O,O,O,X,X
LSJTZOI,O,O,O,X,X
LSJTOIZ,O,O,O,X,X
LSJTOZI,O,O,O,X,X
LSJITZO,O,O,O,X,X
LSJITOZ,O,O,O,X,X
LSJIZTO,O,O,O,X,X
LSJIZOT,X,O,O,X,X
LSJIOTZ,O,X,O,X,X
LSJIOZT,X,X,O,X,X
LSJZTIO,O,O,O,X,X
LSJZTOI,O,O,O,X,X
LSJZITO,O,O,O,X,X
LSJZIOT,X,O,O,X,X
LSJZOTI,X,O,O,X,X
LSJZOIT,X,O,O,X,X
LSJOTIZ,O,O,O,X,X
LSJOTZI,O,O,O,X,X
LSJOITZ,O,X,O,X,X
LSJOIZT,X,X,O,X,X
LSJOZTI,X,O,O,X,X
LSJOZIT,X,O,O,X,X
LSZTIJO,O,O,O,X,X
LSZTIOJ,O,O,O,X,X
LSZTJIO,O,O,O,X,X
LSZTJOI,O,O,O,X,X
LSZTOIJ,O,O,O,X,X
LSZTOJI,O,O,O,X,X
LSZITJO,O,O,O,X,X
LSZITOJ,O,O,O,X,X
LSZIJTO,O,O,O,X,X
LSZIJOT,X,O,O,X,X
LSZIOTJ,X,O,O,X,X
LSZIOJT,X,O,O,X,X
LSZJTIO,O,O,O,X,X
LSZJTOI,O,O,O,X,X
LSZJITO,O,O,O,X,X
LSZJIOT,X,O,O,X,X
LSZJOTI,X,O,O,X,X
LSZJOIT,X,O,O,X,X
LSZOTIJ,X,O,O,X,X
LSZOTJI,X,O,O,X,X
LSZOITJ,X,O,O,X,X
LSZOIJT,X,O,O,X,X
LSZOJTI,X,O,O,X,X
LSZOJIT,X,O,O,X,X
LSOTIJZ,O,X,O,X,X
LSOTIZJ,O,O,O,X,X
LSOTJIZ,O,O,O,X,X
LSOTJZI,O,O,O,X,X
LSOTZIJ,O,O,O,X,X
LSOTZJI,O,O,O,X,X
LSOITJZ,O,X,O,X,X
LSOITZJ,O,X,O,X,X
LSOIJTZ,O,X,O,X,X
LSOIJZT,X,X,O,X,X
LSOIZTJ,X,X,O,X,X
LSOIZJT,X,X,O,X,X
LSOJTIZ,O,O,O,X,X
LSOJTZI,O,O,O,X,X
LSOJITZ,O,X,O,X,X
LSOJIZT,X,X,O,X,X
LSOJZTI,X,O,O,X,X
LSOJZIT,X,O,O,X,X
LSOZTIJ,X,O,O,X,X
LSOZTJI,X,O,O,X,X
LSOZITJ,X,O,O,X,X
LSOZIJT,X,O,O,X,X
LSOZJTI,X,O,O,X,X
LSOZJIT,X,O,O,X,X
LZTIJSO,O,O,O,O,O
LZTIJOS,O,O,O,O,O
LZTISJO,O,O,O,O,X
LZTISOJ,O,O,O,O,O
LZTIOJS,O,X,O,O,O
LZTIOSJ,O,O,O,O,O
LZTJISO,O,O,O,O,O
LZTJIOS,O,O,O,O,O
LZTJSIO,O,O,O,O,O
LZTJSOI,O,O,O,O,O
LZTJOIS,O,O,O,O,O
LZTJOSI,O,O,O,O,O
LZTSIJO,O,O,O,O,X
LZTSIOJ,O,O,O,O,O
LZTSJIO,O,O,O,O,O
LZTSJOI,O,O,O,O,O
LZTSOIJ,O,O,O,O,O
LZTSOJI,O,O,O,O,O
LZTOIJS,O,X,O,O,O
LZTOISJ,O,O,O,O,O
LZTOJIS,O,O,O,O,O
LZTOJSI,O,O,O,O,O
LZTOSIJ,O,O,O,O,O
LZTOSJI,O,O,O,O,O
LZITJSO,O,O,O,O,O
LZITJOS,O,O,O,O,O
LZITSJO,O,O,O,O,X
LZITSOJ,O,O,O,O,O
LZITOJS,O,X,O,O,O
LZITOSJ,O,O,O,O,O
LZIJTSO,O,O,O,O,O
LZIJTOS,O,O,O,O,O
LZIJSTO,O,O,O,O,O
LZIJSOT,X,O,O,O,X
LZIJOTS,O,O,O,O,O
LZIJOST,X,O,O,O,X
LZISTJO,O,O,O,O,X
LZISTOJ,O,O,O,O,X
LZISJTO,O,O,O,O,X
LZISJOT,X,O,O,O,X
LZISOTJ,X,O,O,O,X
LZISOJT,X,O,O,O,X
LZIOTJS,O,X,O,O,O
LZIOTSJ,O,X,O,O,O
LZIOJTS,O,X,O,O,O
LZIOJST,X,X,O,O,X
LZIOSTJ,X,X,O,O,X
LZIOSJT,X,X,O,O,X
LZJTISO,O,O,O,O,O
LZJTIOS,O,O,O,O,O
LZJTSIO,O,O,O,O,O
LZJTSOI,O,O,O,O,O
LZJTOIS,O,O,O,O,O
LZJTOSI,O,O,O,O,O
LZJITSO,O,O,O,O,O
LZJITOS,O,O,O,O,O
LZJISTO,O,O,O,O,O
LZJISOT,X,O,O,O,X
LZJIOTS,O,O,O,O,O
LZJIOST,X,O,O,O,X
LZJSTIO,O,O,O,O,O
LZJSTOI,O,O,O,O,O
LZJSITO,O,O,O,O,O
LZJSIOT,X,O,O,O,X
LZJSOTI,X,O,O,O,O
LZJSOIT,X,O,O,O,X
LZJOTIS,O,O,O,O,O
LZJOTSI,O,O,O,O,O
LZJOITS,O,O,O,O,O
LZJOIST,X,O,O,O,X
LZJOSTI,X,O,O,O,O
LZJOSIT,X,O,O,O,X
LZSTIJO,O,O,O,O,X
LZSTIOJ,O,O,O,O,O
LZSTJIO,O,O,O,O,O
LZSTJOI,O,O,O,O,O
LZSTOIJ,O,O,O,O,O
LZSTOJI,O,O,O,O,O
LZSITJO,O,O,O,O,X
LZSITOJ,O,O,O,O,X
LZSIJTO,O,O,O,O,X
LZSIJOT,X,O,O,O,X
LZSIOTJ,X,O,O,O,X
LZSIOJT,X,O,O,O,X
LZSJTIO,O,O,O,O,O
LZSJTOI,O,O,O,O,O
LZSJITO,O,O,O,O,O
LZSJIOT,X,O,O,O,X
LZSJOTI,X,O,O,O,O
LZSJOIT,X,O,O,O,X
LZSOTIJ,X,O,O,O,O
LZSOTJI,X,O,O,O,O
LZSOITJ,X,O,O,O,X
LZSOIJT,X,O,O,O,X
LZSOJTI,X,O,O,O,O
LZSOJIT,X,O,O,O,X
LZOTIJS,O,X,O,O,O
LZOTISJ,O,O,O,O,O
LZOTJIS,O,O,O,O,O
LZOTJSI,O,O,O,O,O
LZOTSIJ,O,O,O,O,O
LZOTSJI,O,O,O,O,O
LZOITJS,O,X,O,O,O
LZOITSJ,O,X,O,O,O
LZOIJTS,O,X,O,O,O
LZOIJST,X,X,O,O,X
LZOISTJ,X,X,O,O,X
LZOISJT,X,X,O,O,X
LZOJTIS,O,O,O,O,O
LZOJTSI,O,O,O,O,O
LZOJITS,O,O,O,O,O
LZOJIST,X,O,O,O,X
LZOJSTI,X,O,O,O,O
LZOJSIT,X,O,O,O,X
LZOSTIJ,X,O,O,O,O
LZOSTJI,X,O,O,O,O
LZOSITJ,X,O,O,O,X
LZOSIJT,X,O,O,O,X
LZOSJTI,X,O,O,O,O
LZOSJIT,X,O,O,O,X
LOTIJSZ,O,X,O,X,X
LOTIJZS,O,X,O,O,X
LOTISJZ,O,X,O,X,X
LOTISZJ,O,X,O,X,X
LOTIZJS,O,X,O,O,O
LOTIZSJ,O,X,O,O,O
LOTJISZ,O,X,O,X,X
LOTJIZS,O,X,O,O,O
LOTJSIZ,O,X,O,X,X
LOTJSZI,O,X,O,X,X
LOTJZIS,O,X,O,O,O
LOTJZSI,O,X,O,O,O
LOTSIJZ,O,X,O,X,X
LOTSIZJ,O,X,O,X,X
LOTSJIZ,O,X,O,X,X
LOTSJZI,O,X,O,X,X
LOTSZIJ,O,X,O,X,X
LOTSZJI,O,X,O,X,X
LOTZIJS,O,X,O,O,O
LOTZISJ,O,X,O,O,O
LOTZJIS,O,X,O,O,O
LOTZJSI,O,X,O,O,O
LOTZSIJ,O,X,O,O,O
LOTZSJI,O,X,O,O,O
LOITJSZ,O,X,O,X,X
LOITJZS,O,X,O,O,X
LOITSJZ,O,X,O,X,X
LOITSZJ,O,X,O,X,X
LOITZJS,O,X,O,O,X
LOITZSJ,O,X,O,O,X
LOIJTSZ,O,X,O,X,X
LOIJTZS,O,X,O,O,X
LOIJSTZ,O,X,O,X,X
LOIJSZT,X,X,O,X,X
LOIJZTS,O,X,O,O,X
LOIJZST,X,X,O,O,X
LOISTJZ,O,X,O,X,X
LOISTZJ,O,X,O,X,X
LOISJTZ,O,X,O,X,X
LOISJZT,X,X,O,X,X
LOISZTJ,X,X,O,X,X
LOISZJT,X,X,O,X,X
LOIZTJS,O,X,O,O,X
LOIZTSJ,O,X,O,O,X
LOIZJTS,O,X,O,O,X
LOIZJST,X,X,O,O,X
LOIZSTJ,X,X,O,O,X
LOIZSJT,X,X,O,O,X
LOJTISZ,O,X,O,X,X
LOJTIZS,O,X,O,O,O
LOJTSIZ,O,X,O,X,X
LOJTSZI,O,X,O,X,X
LOJTZIS,O,X,O,O,O
LOJTZSI,O,X,O,O,O
LOJITSZ,O,X,O,X,X
LOJITZS,O,X,O,O,X
LOJISTZ,O,X,O,X,X
LOJISZT,X,X,O,X,X
LOJIZTS,O,X,O,O,X
LOJIZST,X,X,O,O,X
LOJSTIZ,O,X,O,X,X
LOJSTZI,O,X,O,X,X
LOJSITZ,O,X,O,X,X
LOJSIZT,X,X,O,X,X
LOJSZTI,X,X,O,X,X
LOJSZIT,X,X,O,X,X
LOJZTIS,O,X,O,O,O
LOJZTSI,O,X,O,O,O
LOJZITS,O,X,O,O,O
LOJZIST,X,X,O,O,X
LOJZSTI,X,X,O,O,O
LOJZSIT,X,X,O,O,X
LOSTIJZ,O,X,O,X,X
LOSTIZJ,O,X,O,X,X
LOSTJIZ,O,X,O,X,X
LOSTJZI,O,X,O,X,X
LOSTZIJ,O,X,O,X,X
LOSTZJI,O,X,O,X,X
LOSITJZ,O,X,O,X,X
LOSITZJ,O,X,O,X,X
LOSIJTZ,O,X,O,X,X
LOSIJZT,X,X,O,X,X
LOSIZTJ,X,X,O,X,X
LOSIZJT,X,X,O,X,X
LOSJTIZ,O,X,O,X,X
LOSJTZI,O,X,O,X,X
LOSJITZ,O,X,O,X,X
LOSJIZT,X,X,O,X,X
LOSJZTI,X,X,O,X,X
LOSJZIT,X,X,O,X,X
LOSZTIJ,X,X,O,X,X
LOSZTJI,X,X,O,X,X
LOSZITJ,X,X,O,X,X
LOSZIJT,X,X,O,X,X
LOSZJTI,X,X,O,X,X
LOSZJIT,X,X,O,X,X
LOZTIJS,O,X,O,O,O
LOZTISJ,O,X,O,O,O
LOZTJIS,O,X,O,O,O
LOZTJSI,O,X,O,O,O
LOZTSIJ,O,X,O,O,O
LOZTSJI,O,X,O,O,O
LOZITJS,O,X,O,O,O
LOZITSJ,O,X,O,O,O
LOZIJTS,O,X,O,O,O
LOZIJST,X,X,O,O,X
LOZISTJ,X,X,O,O,X
LOZISJT,X,X,O,O,X
LOZJTIS,O,X,O,O,O
LOZJTSI,O,X,O,O,O
LOZJITS,O,X,O,O,O
LOZJIST,X,X,O,O,X
LOZJSTI,X,X,O,O,O
LOZJSIT,X,X,O,O,X
LOZSTIJ,X,X,O,O,O
LOZSTJI,X,X,O,O,O
LOZSITJ,X,X,O,O,X
LOZSIJT,X,X,O,O,X
LOZSJTI,X,X,O,O,O
LOZSJIT,X,X,O,O,X
JTILSZO,O,O,O,X,X
JTILSOZ,O,O,O,X,X
JTILZSO,O,O,O,O,O
JTILZOS,O,O,O,O,O
JTILOSZ,O,X,O,X,X
JTILOZS,O,X,O,O,O
JTISLZO,O,O,O,X,X
JTISLOZ,O,O,O,X,X
JTISZLO,O,O,X,O,O
JTISZOL,O,O,X,O,O
JTISOLZ,O,O,O,X,X
JTISOZL,O,O,X,O,O
JTIZLSO,O,O,O,O,O
JTIZLOS,O,O,O,O,O
JTIZSLO,O,O,X,O,O
JTIZSOL,O,O,X,O,O
JTIZOLS,O,O,O,O,O
JTIZOSL,O,O,X,O,O
JTIOLSZ,O,X,O,X,X
JTIOLZS,O,X,O,O,O
JTIOSLZ,O,O,O,X,X
JTIOSZL,O,O,X,O,O
JTIOZLS,O,O,O,O,O
JTIOZSL,O,O,X,O,O
JTLISZO,O,O,O,X,X
JTLISOZ,O,O,O,X,X
JTLIZSO,O,O,O,O,O
JTLIZOS,O,O,O,O,O
JTLIOSZ,O,X,O,X,X
JTLIOZS,O,X,O,O,O
JTLSIZO,O,O,O,X,X
JTLSIOZ,O,O,O,X,X
JTLSZIO,O,O,O,X,X
JTLSZOI,O,O,O,X,X
JTLSOIZ,O,O,O,X,X
JTLSOZI,O,O,O,X,X
JTLZISO,O,O,O,O,O
JTLZIOS,O,O,O,O,O
JTLZSIO,O,O,O,O,O
JTLZSOI,O,O,O,O,O
JTLZOIS,O,O,O,O,O
JTLZOSI,O,O,O,O,O
JTLOISZ,O,X,O,X,X
JTLOIZS,O,X,O,O,O
JTLOSIZ,O,X,O,X,X
JTLOSZI,O,X,O,X,X
JTLOZIS,O,X,O,O,O
JTLOZSI,O,X,O,O,O
JTSILZO,O,O,O,X,X
JTSILOZ,O,O,O,X,X
JTSIZLO,O,O,X,O,O
JTSIZOL,O,O,X,O,O
JTSIOLZ,O,O,O,X,X
JTSIOZL,O,O,X,O,O
JTSLIZO,O,O,O,X,X
JTSLIOZ,O,O,O,X,X
JTSLZIO,O,O,O,X,X
JTSLZOI,O,O,O,X,X
JTSLOIZ,O,O,O,X,X
JTSLOZI,O,O,O,X,X
JTSZILO,O,O,X,O,O
JTSZIOL,O,O,X,O,O
JTSZLIO,O,O,X,O,O
JTSZLOI,O,O,X,O,O
JTSZOIL,O,O,X,O,O
JTSZOLI,O,O,X,O,O
JTSOILZ,O,O,O,X,X
JTSOIZL,O,O,X,O,O
JTSOLIZ,O,O,O,X,X
JTSOLZI,O,O,O,X,X
JTSOZIL,O,O,X,O,O
JTSOZLI,O,O,X,O,O
JTZILSO,O,O,O,O,O
JTZILOS,O,O,O,O,O
JTZISLO,O,O,X,O,O
JTZISOL,O,O,X,O,O
JTZIOLS,O,O,O,O,O
JTZIOSL,O,O,X,O,O
JTZLISO,O,O,O,O,O
JTZLIOS,O,O,O,O,O
JTZLSIO,O,O,O,O,O
JTZLSOI,O,O,O,O,O
JTZLOIS,O,O,O,O,O
JTZLOSI,O,O,O,O,O
JTZSILO,O,O,X,O,O
JTZSIOL,O,O,X,O,O
JTZSLIO,O,O,X,O,O
JTZSLOI,O,O,X,O,O
JTZSOIL,O,O,X,O,O
JTZSOLI,O,O,X,O,O
JTZOILS,O,O,O,O,O
JTZOISL,O,O,X,O,O
JTZOLIS,O,O,O,O,O
JTZOLSI,O,O,O,O,O
JTZOSIL,O,O,X,O,O
JTZOSLI,O,O,X,O,O
JTOILSZ,O,X,O,X,X
JTOILZS,O,X,O,O,O
JTOISLZ,O,O,O,X,X
JTOISZL,O,O,X,O,O
JTOIZLS,O,O,O,O,O
JTOIZSL,O,O,X,O,O
JTOLISZ,O,X,O,X,X
JTOLIZS,O,X,O,O,O
JTOLSIZ,O,X,O,X,X
JTOLSZI,O,X,O,X,X
JTOLZIS,O,X,O,O,O
JTOLZSI,O,X,O,O,O
JTOSILZ,O,O,O,X,X
JTOSIZL,O,O,X,O,O
JTOSLIZ,O,O,O,X,X
JTOSLZI,O,O,O,X,X
JTOSZIL,O,O,X,O,O
JTOSZLI,O,O,X,O,O
JTOZILS,O,O,O,O,O
JTOZISL,O,O,X,O,O
JTOZLIS,O,O,O,O,O
JTOZLSI,O,O,O,O,O
JTOZSIL,O,O,X,O,O
JTOZSLI,O,O,X,O,O
JITLSZO,O,O,O,X,X
JITLSOZ,O,O,O,X,X
JITLZSO,O,O,O,O,O
JITLZOS,O,O,O,O,O
JITLOSZ,O,X,O,X,X
JITLOZS,O,X,O,O,O
JITSLZO,O,O,O,X,X
JITSLOZ,O,O,O,X,X
JITSZLO,O,O,X,O,O
JITSZOL,O,O,X,O,O
JITSOLZ,O,O,O,X,X
JITSOZL,O,O,X,O,O
JITZLSO,O,O,O,O,O
JITZLOS,O,O,O,O,O
JITZSLO,O,O,X,O,O
JITZSOL,O,O,X,O,O
JITZOLS,O,O,O,O,O
JITZOSL,O,O,X,O,O
JITOLSZ,O,X,O,X,X
JITOLZS,O,X,O,O,O
JITOSLZ,O,O,O,X,X
JITOSZL,O,O,X,O,O
JITOZLS,O,O,O,O,O
JITOZSL,O,O,X,O,O
JILTSZO,O,O,O,X,X
JILTSOZ,O,O,O,X,X
JILTZSO,O,O,O,O,O
JILTZOS,O,O,O,O,O
JILTOSZ,O,X,O,X,X
JILTOZS,O,X,O,O,O
JILSTZO,O,O,O,X,X
JILSTOZ,O,O,O,X,X
JILSZTO,O,O,O,X,X
JILSZOT,X,O,O,X,X
JILSOTZ,O,X,O,X,X
JILSOZT,X,X,O,X,X
JILZTSO,O,O,O,O,O
JILZTOS,O,O,O,O,O
JILZSTO,O,O,O,O,O
JILZSOT,X,O,O,O,X
JILZOTS,O,O,O,O,O
JILZOST,X,O,O,O,X
JILOTSZ,O,X,O,X,X
JILOTZS,O,X,O,O,X
JILOSTZ,O,X,O,X,X
JILOSZT,X,X,O,X,X
JILOZTS,O,X,O,O,X
JILOZST,X,X,O,O,X
JISTLZO,O,O,O,X,X
JISTLOZ,O,O,O,X,X
JISTZLO,O,O,X,O,O
JISTZOL,O,O,X,O,O
JISTOLZ,O,O,O,X,X
JISTOZL,O,O,X,O,O
JISLTZO,O,O,O,X,X
JISLTOZ,O,O,O,X,X
JISLZTO,O,O,O,X,X
JISLZOT,X,O,O,X,X
JISLOTZ,O,X,O,X,X
JISLOZT,X,X,O,X,X
JISZTLO,X,O,X,O,O
JISZTOL,X,O,X,O,O
JISZLTO,X,O,X,O,O
JISZLOT,X,O,X,O,X
JISZOTL,X,O,X,O,X
JISZOLT,X,O,X,O,X
JISOTLZ,O,O,O,X,X
JISOTZL,O,O,X,O,X
JISOLTZ,O,X,O,X,X
JISOLZT,X,X,O,X,X
JISOZTL,X,O,X,O,X
JISOZLT,X,O,X,O,X
JIZTLSO,O,O,O,O,O
JIZTLOS,O,O,O,O,O
JIZTSLO,O,O,X,O,O
JIZTSOL,O,O,X,O,O
JIZTOLS,O,O,O,O,O
JIZTOSL,O,O,X,O,O
JIZLTSO,O,O,O,O,O
JIZLTOS,O,O,O,O,O
JIZLSTO,O,O,O,O,O
JIZLSOT,X,O,O,O,X
JIZLOTS,O,O,O,O,O
JIZLOST,X,O,O,O,X
JIZSTLO,X,O,X,O,O
JIZSTOL,X,O,X,O,O
JIZSLTO,X,O,X,O,O
JIZSLOT,X,O,X,O,X
JIZSOTL,X,O,X,O,X
JIZSOLT,X,O,X,O,X
JIZOTLS,O,O,O,O,O
JIZOTSL,O,O,X,O,O
JIZOLTS,O,O,O,O,O
JIZOLST,X,O,O,O,X
JIZOSTL,X,O,X,O,X
JIZOSLT,X,O,X,O,X
JIOTLSZ,O,X,O,X,X
JIOTLZS,O,X,O,O,O
JIOTSLZ,O,O,O,X,X
JIOTSZL,O,O,X,O,O
JIOTZLS,O,O,O,O,O
JIOTZSL,O,O,X,O,O
JIOLTSZ,O,X,O,X,X
JIOLTZS,O,X,O,O,X
JIOLSTZ,O,X,O,X,X
JIOLSZT,X,X,O,X,X
JIOLZTS,O,X,O,O,X
JIOLZST,X,X,O,O,X
JIOSTLZ,O,O,O,X,X
JIOSTZL,O,O,X,O,X
JIOSLTZ,O,X,O,X,X
JIOSLZT,X,X,O,X,X
JIOSZTL,X,O,X,O,X
JIOSZLT,X,O,X,O,X
JIOZTLS,O,O,O,O,O
JIOZTSL,O,O,X,O,O
JIOZLTS,O,O,O,O,O
JIOZLST,X,O,O,O,X
JIOZSTL,X,O,X,O,X
JIOZSLT,X,O,X,O,X
JLTISZO,O,O,O,X,X
JLTISOZ,O,O,O,X,X
JLTIZSO,O,O,O,O,O
JLTIZOS,O,O,O,O,O
JLTIOSZ,O,X,O,X,X
JLTIOZS,O,X,O,O,O
JLTSIZO,O,O,O,X,X
JLTSIOZ,O,O,O,X,X
JLTSZIO,O,O,O,X,X
JLTSZOI,O,O,O,X,X
JLTSOIZ,O,O,O,X,X
JLTSOZI,O,O,O,X,X
JLTZISO,O,O,O,O,O
JLTZIOS,O,O,O,O,O
JLTZSIO,O,O,O,O,O
JLTZSOI,O,O,O,O,O
JLTZOIS,O,O,O,O,O
JLTZOSI,O,O,O,O,O
JLTOISZ,O,X,O,X,X
JLTOIZS,O,X,O,O,O
JLTOSIZ,O,X,O,X,X
JLTOSZI,O,X,O,X,X
JLTOZIS,O,X,O,O,O
JLTOZSI,O,X,O,O,O
JLITSZO,O,O,O,X,X
JLITSOZ,O,O,O,X,X
JLITZSO,O,O,O,O,O
JLITZOS,O,O,O,O,O
JLITOSZ,O,X,O,X,X
JLITOZS,O,X,O,O,O
JLISTZO,O,O,O,X,X
JLISTOZ,O,O,O,X,X
JLISZTO,O,O,O,X,X
JLISZOT,X,O,O,X,X
JLISOTZ,O,X,O,X,X
JLISOZT,X,X,O,X,X
JLIZTSO,O,O,O,O,O
JLIZTOS,O,O,O,O,O
JLIZSTO,O,O,O,O,O
JLIZSOT,X,O,O,O,X
JLIZOTS,O,O,O,O,O
JLIZOST,X,O,O,O,X
JLIOTSZ,O,X,O,X,X
JLIOTZS,O,X,O,O,X
JLIOSTZ,O,X,O,X,X
JLIOSZT,X,X,O,X,X
JLIOZTS,O,X,O,O,X
JLIOZST,X,X,O,O,X
JLSTIZO,O,O,O,X,X
JLSTIOZ,O,O,O,X,X
JLSTZIO,O,O,O,X,X
JLSTZOI,O,O,O,X,X
JLSTOIZ,O,O,O,X,X
JLSTOZI,O,O,O,X,X
JLSITZO,O,O,O,X,X
JLSITOZ,O,O,O,X,X
JLSIZTO,O,O,O,X,X
JLSIZOT,X,O,O,X,X
JLSIOTZ,O,X,O,X,X
JLSIOZT,X,X,O,X,X
JLSZTIO,O,O,O,X,X
JLSZTOI,O,O,O,X,X
JLSZITO,O,O,O,X,X
JLSZIOT,X,O,O,X,X
JLSZOTI,X,O,O,X,X
JLSZOIT,X,O,O,X,X
JLSOTIZ,O,O,O,X,X
JLSOTZI,O,O,O,X,X
JLSOITZ,O,X,O,X,X
JLSOIZT,X,X,O,X,X
JLSOZTI,X,O,O,X,X
JLSOZIT,X,O,O,X,X
JLZTISO,O,O,O,O,O
JLZTIOS,O,O,O,O,O
JLZTSIO,O,O,O,O,O
JLZTSOI,O,O,O,O,O
JLZTOIS,O,O,O,O,O
JLZTOSI,O,O,O,O,O
JLZITSO,O,O,O,O,O
JLZITOS,O,O,O,O,O
JLZISTO,O,O,O,O,O
JLZISOT,X,O,O,O,X
JLZIOTS,O,O,O,O,O
JLZIOST,X,O,O,O,X
JLZSTIO,O,O,O,O,O
JLZSTOI,O,O,O,O,O
JLZSITO,O,O,O,O,O
JLZSIOT,X,O,O,O,X
JLZSOTI,X,O,O,O,O
JLZSOIT,X,O,O,O,X
JLZOTIS,O,O,O,O,O
JLZOTSI,O,O,O,O,O
JLZOITS,O,O,O,O,O
JLZOIST,X,O,O,O,X
JLZOSTI,X,O,O,O,O
JLZOSIT,X,O,O,O,X
JLOTISZ,O,X,O,X,X
JLOTIZS,O,X,O,O,O
JLOTSIZ,O,X,O,X,X
JLOTSZI,O,X,O,X,X
JLOTZIS,O,X,O,O,O
JLOTZSI,O,X,O,O,O
JLOITSZ,O,X,O,X,X
JLOITZS,O,X,O,O,X
JLOISTZ,O,X,O,X,X
JLOISZT,X,X,O,X,X
JLOIZTS,O,X,O,O,X
JLOIZST,X,X,O,O,X
JLOSTIZ,O,X,O,X,X
JLOSTZI,O,X,O,X,X
JLOSITZ,O,X,O,X,X
JLOSIZT,X,X,O,X,X
JLOSZTI,X,X,O,X,X
JLOSZIT,X,X,O,X,X
JLOZTIS,O,X,O,O,O
JLOZTSI,O,X,O,O,O
JLOZITS,O,X,O,O,O
JLOZIST,X,X,O,O,X
JLOZSTI,X,X,O,O,O
JLOZSIT,X,X,O,O,X
JSTILZO,O,O,O,X,X
JSTILOZ,O,O,O,X,X
JSTIZLO,O,O,X,O,O
JSTIZOL,O,O,X,O,O
JSTIOLZ,O,O,O,X,X
JSTIOZL,O,O,X,O,O
JSTLIZO,O,O,O,X,X
JSTLIOZ,O,O,O,X,X
JSTLZIO,O,O,O,X,X
JSTLZOI,O,O,O,X,X
JSTLOIZ,O,O,O,X,X
JSTLOZI,O,O,O,X,X
JSTZILO,O,O,X,O,O
JSTZIOL,O,O,X,O,O
JSTZLIO,O,O,X,O,O
JSTZLOI,O,O,X,O,O
JSTZOIL,O,O,X,O,O
JSTZOLI,O,O,X,O,O
JSTOILZ,O,O,O,X,X
JSTOIZL,O,O,X,O,O
JSTOLIZ,O,O,O,X,X
JSTOLZI,O,O,O,X,X
JSTOZIL,O,O,X,O,O
JSTOZLI,O,O,X,O,O
JSITLZO,O,O,O,X,X
JSITLOZ,O,O,O,X,X
JSITZLO,O,O,X,O,O
JSITZOL,O,O,X,O,O
JSITOLZ,O,O,O,X,X
JSITOZL,O,O,X,O,O
JSILTZO,O,O,O,X,X
JSILTOZ,O,O,O,X,X
JSILZTO,O,O,O,X,X
JSILZOT,X,O,O,X,X
JSILOTZ,O,X,O,X,X
JSILOZT,X,X,O,X,X
JSIZTLO,X,O,X,O,O
JSIZTOL,X,O,X,O,O
JSIZLTO,X,O,X,O,O
JSIZLOT,X,O,X,O,X
JSIZOTL,X,O,X,O,X
JSIZOLT,X,O,X,O,X
JSIOTLZ,O,O,O,X,X
JSIOTZL,O,O,X,O,X
JSIOLTZ,O,X,O,X,X
JSIOLZT,X,X,O,X,X
JSIOZTL,X,O,X,O,X
JSIOZLT,X,O,X,O,X
JSLTIZO,O,O,O,X,X
JSLTIOZ,O,O,O,X,X
JSLTZIO,O,O,O,X,X
JSLTZOI,O,O,O,X,X
JSLTOIZ,O,O,O,X,X
JSLTOZI,O,O,O,X,X
JSLITZO,O,O,O,X,X
JSLITOZ,O,O,O,X,X
JSLIZTO,O,O,O,X,X
JSLIZOT,X,O,O,X,X
JSLIOTZ,O,X,O,X,X
JSLIOZT,X,X,O,X,X
JSLZTIO,O,O,O,X,X
JSLZTOI,O,O,O,X,X
JSLZITO,O,O,O,X,X
JSLZIOT,X,O,O,X,X
JSLZOTI,X,O,O,X,X
JSLZOIT,X,O,O,X,X
JSLOTIZ,O,O,O,X,X
JSLOTZI,O,O,O,X,X
JSLOITZ,O,X,O,X,X
JSLOIZT,X,X,O,X,X
JSLOZTI,X,O,O,X,X
JSLOZIT,X,O,O,X,X
JSZTILO,X,O,X,O,O
JSZTIOL,X,O,X,O,O
JSZTLIO,X,O,X,O,O
JSZTLOI,X,O,X,O,O
JSZTOIL,X,O,X,O,O
JSZTOLI,X,O,X,O,O
JSZITLO,X,O,X,O,O
JSZITOL,X,O,X,O,O
JSZILTO,X,O,X,O,O
JSZILOT,X,O,X,O,X
JSZIOTL,X,O,X,O,X
JSZIOLT,X,O,X,O,X
JSZLTIO,X,O,X,O,O
JSZLTOI,X,O,X,O,O
JSZLITO,X,O,X,O,O
JSZLIOT,X,O,X,O,X
JSZLOTI,X,O,X,O,O
JSZLOIT,X,O,X,O,X
JSZOTIL,X,O,X,O,O
JSZOTLI,X,O,X,O,O
JSZOITL,X,O,X,O,X
JSZOILT,X,O,X,O,X
JSZOLTI,X,O,X,O,O
JSZOLIT,X,O,X,O,X
JSOTILZ,O,O,O,X,X
JSOTIZL,O,O,X,O,O
JSOTLIZ,O,O,O,X,X
JSOTLZI,O,O,O,X,X
JSOTZIL,O,O,X,O,O
JSOTZLI,O,O,X,O,O
JSOITLZ,O,O,O,X,X
JSOITZL,O,O,X,O,X
JSOILTZ,O,X,O,X,X
JSOILZT,X,X,O,X,X
JSOIZTL,X,O,X,O,X
JSOIZLT,X,O,X,O,X
JSOLTIZ,O,O,O,X,X
JSOLTZI,O,O,O,X,X
JSOLITZ,O,X,O,X,X
JSOLIZT,X,X,O,X,X
JSOLZTI,X,O,O,X,X
JSOLZIT,X,O,O,X,X
JSOZTIL,X,O,X,O,O
JSOZTLI,X,O,X,O,O
JSOZITL,X,O,X,O,X
JSOZILT,X,O,X,O,X
JSOZLTI,X,O,X,O,O
JSOZLIT,X,O,X,O,X
JZTILSO,O,O,O,O,O
JZTILOS,O,O,O,O,O
JZTISLO,O,O,X,O,O
JZTISOL,O,O,X,O,O
JZTIOLS,O,O,O,O,O
JZTIOSL,O,O,X,O,O
JZTLISO,O,O,O,O,O
JZTLIOS,O,O,O,O,O
JZTLSIO,O,O,O,O,O
JZTLSOI,O,O,O,O,O
JZTLOIS,O,O,O,O,O
JZTLOSI,O,O,O,O,O
JZTSILO,O,O,X,O,O
JZTSIOL,O,O,X,O,O
JZTSLIO,O,O,X,O,O
JZTSLOI,O,O,X,O,O
JZTSOIL,O,O,X,O,O
JZTSOLI,O,O,X,O,O
JZTOILS,O,O,O,O,O
JZTOISL,O,O,X,O,O
JZTOLIS,O,O,O,O,O
JZTOLSI,O,O,O,O,O
JZTOSIL,O,O,X,O,O
JZTOSLI,O,O,X,O,O
JZITLSO,O,O,O,O,O
JZITLOS,O,O,O,O,O
JZITSLO,O,O,X,O,O
JZITSOL,O,O,X,O,O
JZITOLS,O,O,O,O,O
JZITOSL,O,O,X,O,O
JZILTSO,O,O,O,O,O
JZILTOS,O,O,O,O,O
JZILSTO,O,O,O,O,O
JZILSOT,X,O,O,O,X
JZILOTS,O,O,O,O,O
JZILOST,X,O,O,O,X
JZISTLO,X,O,X,O,O
JZISTOL,X,O,X,O,O
JZISLTO,X,O,X,O,O
JZISLOT,X,O,X,O,X
JZISOTL,X,O,X,O,X
JZISOLT,X,O,X,O,X
JZIOTLS,O,O,O,O,O
JZIOTSL,O,O,X,O,O
JZIOLTS,O,O,O,O,O
JZIOLST,X,O,O,O,X
JZIOSTL,X,O,X,O,X
JZIOSLT,X,O,X,O,X
JZLTISO,O,O,O,O,O
JZLTIOS,O,O,O,O,O
JZLTSIO,O,O,O,O,O
JZLTSOI,O,O,O,O,O
JZLTOIS,O,O,O,O,O
JZLTOSI,O,O,O,O,O
JZLITSO,O,O,O,O,O
JZLITOS,O,O,O,O,O
JZLISTO,O,O,O,O,O
JZLISOT,X,O,O,O,X
JZLIOTS,O,O,O,O,O
JZLIOST,X,O,O,O,X
JZLSTIO,O,O,O,O,O
JZLSTOI,O,O,O,O,O
JZLSITO,O,O,O,O,O
JZLSIOT,X,O,O,O,X
JZLSOTI,X,O,O,O,O
JZLSOIT,X,O,O,O,X
JZLOTIS,O,O,O,O,O
JZLOTSI,O,O,O,O,O
JZLOITS,O,O,O,O,O
JZLOIST,X,O,O,O,X
JZLOSTI,X,O,O,O,O
JZLOSIT,X,O,O,O,X
JZSTILO,X,O,X,O,O
JZSTIOL,X,O,X,O,O
JZSTLIO,X,O,X,O,O
JZSTLOI,X,O,X,O,O
JZSTOIL,X,O,X,O,O
JZSTOLI,X,O,X,O,O
JZSITLO,X,O,X,O,O
JZSITOL,X,O,X,O,O
JZSILTO,X,O,X,O,O
JZSILOT,X,O,X,O,X
JZSIOTL,X,O,X,O,X
JZSIOLT,X,O,X,O,X
JZSLTIO,X,O,X,O,O
JZSLTOI,X,O,X,O,O
JZSLITO,X,O,X,O,O
JZSLIOT,X,O,X,O,X
JZSLOTI,X,O,X,O,O
JZSLOIT,X,O,X,O,X
JZSOTIL,X,O,X,O,O
JZSOTLI,X,O,X,O,O
JZSOITL,X,O,X,O,X
JZSOILT,X,O,X,O,X
JZSOLTI,X,O,X,O,O
JZSOLIT,X,O,X,O,X
JZOTILS,O,O,O,O,O
JZOTISL,O,O,X,O,O
JZOTLIS,O,O,O,O,O
JZOTLSI,O,O,O,O,O
JZOTSIL,O,O,X,O,O
JZOTSLI,O,O,X,O,O
JZOITLS,O,O,O,O,O
JZOITSL,O,O,X,O,O
JZOILTS,O,O,O,O,O
JZOILST,X,O,O,O,X
JZOISTL,X,O,X,O,X
JZOISLT,X,O,X,O,X
JZOLTIS,O,O,O,O,O
JZOLTSI,O,O,O,O,O
JZOLITS,O,O,O,O,O
JZOLIST,X,O,O,O,X
JZOLSTI,X,O,O,O,O
JZOLSIT,X,O,O,O,X
JZOSTIL,X,O,X,O,O
JZOSTLI,X,O,X,O,O
JZOSITL,X,O,X,O,X
JZOSILT,X,O,X,O,X
JZOSLTI,X,O,X,O,O
JZOSLIT,X,O,X,O,X
JOTILSZ,O,X,O,X,X
JOTILZS,O,X,O,O,O
JOTISLZ,O,O,O,X,X
JOTISZL,O,O,X,O,O
JOTIZLS,O,O,O,O,O
JOTIZSL,O,O,X,O,O
JOTLISZ,O,X,O,X,X
JOTLIZS,O,X,O,O,O
JOTLSIZ,O,X,O,X,X
JOTLSZI,O,X,O,X,X
JOTLZIS,O,X,O,O,O
JOTLZSI,O,X,O,O,O
JOTSILZ,O,O,O,X,X
JOTSIZL,O,O,X,O,O
JOTSLIZ,O,O,O,X,X
JOTSLZI,O,O,O,X,X
JOTSZIL,O,O,X,O,O
JOTSZLI,O,O,X,O,O
JOTZILS,O,O,O,O,O
JOTZISL,O,O,X,O,O
JOTZLIS,O,O,O,O,O
JOTZLSI,O,O,O,O,O
JOTZSIL,O,O,X,O,O
JOTZSLI,O,O,X,O,O
JOITLSZ,O,X,O,X,X
JOITLZS,O,X,O,O,O
JOITSLZ,O,O,O,X,X
JOITSZL,O,O,X,O,O
JOITZLS,O,O,O,O,O
JOITZSL,O,O,X,O,O
JOILTSZ,O,X,O,X,X
JOILTZS,O,X,O,O,X
JOILSTZ,O,X,O,X,X
JOILSZT,X,X,O,X,X
JOILZTS,O,X,O,O,X
JOILZST,X,X,O,O,X
JOISTLZ,O,O,O,X,X
JOISTZL,O,O,X,O,X
JOISLTZ,O,X,O,X,X
JOISLZT,X,X,O,X,X
JOISZTL,X,O,X,O,X
JOISZLT,X,O,X,O,X
JOIZTLS,O,O,O,O,O
JOIZTSL,O,O,X,O,O
JOIZLTS,O,O,O,O,O
JOIZLST,X,O,O,O,X
JOIZSTL,X,O,X,O,X
JOIZSLT,X,O,X,O,X
JOLTISZ,O,X,O,X,X
JOLTIZS,O,X,O,O,O
JOLTSIZ,O,X,O,X,X
JOLTSZI,O,X,O,X,X
JOLTZIS,O,X,O,O,O
JOLTZSI,O,X,O,O,O
JOLITSZ,O,X,O,X,X
JOLITZS,O,X,O,O,X
JOLISTZ,O,X,O,X,X
JOLISZT,X,X,O,X,X
JOLIZTS,O,X,O,O,X
JOLIZST,X,X,O,O,X
JOLSTIZ,O,X,O,X,X
JOLSTZI,O,X,O,X,X
JOLSITZ,O,X,O,X,X
JOLSIZT,X,X,O,X,X
JOLSZTI,X,X,O,X,X
JOLSZIT,X,X,O,X,X
JOLZTIS,O,X,O,O,O
JOLZTSI,O,X,O,O,O
JOLZITS,O,X,O,O,O
JOLZIST,X,X,O,O,X
JOLZSTI,X,X,O,O,O
JOLZSIT,X,X,O,O,X
JOSTILZ,O,O,O,X,X
JOSTIZL,O,O,X,O,O
JOSTLIZ,O,O,O,X,X
JOSTLZI,O,O,O,X,X
JOSTZIL,O,O,X,O,O
JOSTZLI,O,O,X,O,O
JOSITLZ,O,O,O,X,X
JOSITZL,O,O,X,O,X
JOSILTZ,O,X,O,X,X
JOSILZT,X,X,O,X,X
JOSIZTL,X,O,X,O,X
JOSIZLT,X,O,X,O,X
JOSLTIZ,O,O,O,X,X
JOSLTZI,O,O,O,X,X
JOSLITZ,O,X,O,X,X
JOSLIZT,X,X,O,X,X
JOSLZTI,X,O,O,X,X
JOSLZIT,X,O,O,X,X
JOSZTIL,X,O,X,O,O
JOSZTLI,X,O,X,O,O
JOSZITL,X,O,X,O,X
JOSZILT,X,O,X,O,X
JOSZLTI,X,O,X,O,O
JOSZLIT,X,O,X,O,X
JOZTILS,O,O,O,O,O
JOZTISL,O,O,X,O,O
JOZTLIS,O,O,O,O,O
JOZTLSI,O,O,O,O,O
JOZTSIL,O,O,X,O,O
JOZTSLI,O,O,X,O,O
JOZITLS,O,O,O,O,O
JOZITSL,O,O,X,O,O
JOZILTS,O,O,O,O,O
JOZILST,X,O,O,O,X
JOZISTL,X,O,X,O,X
JOZISLT,X,O,X,O,X
JOZLTIS,O,O,O,O,O
JOZLTSI,O,O,O,O,O
JOZLITS,O,O,O,O,O
JOZLIST,X,O,O,O,X
JOZLSTI,X,O,O,O,O
JOZLSIT,X,O,O,O,X
JOZSTIL,X,O,X,O,O
JOZSTLI,X,O,X,O,O
JOZSITL,X,O,X,O,X
JOZSILT,X,O,X,O,X
JOZSLTI,X,O,X,O,O
JOZSLIT,X,O,X,O,X
STILJZO,O,X,O,X,X
STILJOZ,O,X,O,X,X
STILZJO,O,O,O,X,X
STILZOJ,O,O,O,X,X
STILOJZ,O,X,O,X,X
STILOZJ,O,O,O,X,X
STIJLZO,O,O,O,X,X
STIJLOZ,O,O,O,X,X
STIJZLO,O,O,X,O,X
STIJZOL,O,O,X,O,X
STIJOLZ,O,O,O,X,X
STIJOZL,O,O,X,O,X
STIZLJO,O,O,X,O,X
STIZLOJ,O,O,X,O,O
STIZJLO,O,O,X,O,X
STIZJOL,O,O,X,O,X
STIZOLJ,O,O,X,O,O
STIZOJL,O,O,X,O,X
STIOLJZ,O,X,O,X,X
STIOLZJ,O,O,O,X,X
STIOJLZ,O,O,O,X,X
STIOJZL,O,O,X,O,X
STIOZLJ,O,O,X,O,O
STIOZJL,O,O,X,O,X
STLIJZO,O,X,O,X,X
STLIJOZ,O,X,O,X,X
STLIZJO,O,O,O,X,X
STLIZOJ,O,O,O,X,X
STLIOJZ,O,X,O,X,X
STLIOZJ,O,O,O,X,X
STLJIZO,O,O,O,X,X
STLJIOZ,O,O,O,X,X
STLJZIO,O,O,O,X,X
STLJZOI,O,O,O,X,X
STLJOIZ,O,O,O,X,X
STLJOZI,O,O,O,X,X
STLZIJO,O,O,O,X,X
STLZIOJ,O,O,O,X,X
STLZJIO,O,O,O,X,X
STLZJOI,O,O,O,X,X
STLZOIJ,O,O,O,X,X
STLZOJI,O,O,O,X,X
STLOIJZ,O,X,O,X,X
STLOIZJ,O,O,O,X,X
STLOJIZ,O,O,O,X,X
STLOJZI,O,O,O,X,X
STLOZIJ,O,O,O,X,X
STLOZJI,O,O,O,X,X
STJILZO,O,O,O,X,X
STJILOZ,O,O,O,X,X
STJIZLO,O,O,X,O,O
STJIZOL,O,O,X,O,O
STJIOLZ,O,O,O,X,X
STJIOZL,O,O,X,O,O
STJLIZO,O,O,O,X,X
STJLIOZ,O,O,O,X,X
STJLZIO,O,O,O,X,X
STJLZOI,O,O,O,X,X
STJLOIZ,O,O,O,X,X
STJLOZI,O,O,O,X,X
STJZILO,O,O,X,O,O
STJZIOL,O,O,X,O,O
STJZLIO,O,O,X,O,O
STJZLOI,O,O,X,O,O
STJZOIL,O,O,X,O,O
STJZOLI,O,O,X,O,O
STJOILZ,O,O,O,X,X
STJOIZL,O,O,X,O,O
STJOLIZ,O,O,O,X,X
STJOLZI,O,O,O,X,X
STJOZIL,O,O,X,O,O
STJOZLI,O,O,X,O,O
STZILJO,O,O,X,O,X
STZILOJ,O,O,X,O,O
STZIJLO,O,O,X,O,X
STZIJOL,O,O,X,O,X
STZIOLJ,O,O,X,O,O
STZIOJL,O,O,X,O,X
STZLIJO,O,O,X,O,X
STZLIOJ,O,O,X,O,O
STZLJIO,O,O,X,O,O
STZLJOI,O,O,X,O,O
STZLOIJ,O,O,X,O,O
STZLOJI,O,O,X,O,O
STZJILO,O,O,X,O,O
STZJIOL,O,O,X,O,O
STZJLIO,O,O,X,O,O
STZJLOI,O,O,X,O,O
STZJOIL,O,O,X,O,O
STZJOLI,O,O,X,O,O
STZOILJ,O,O,X,O,O
STZOIJL,O,O,X,O,X
STZOLIJ,O,O,X,O,O
STZOLJI,O,O,X,O,O
STZOJIL,O,O,X,O,O
STZOJLI,O,O,X,O,O
STOILJZ,O,X,O,X,X
STOILZJ,O,O,O,X,X
STOIJLZ,O,O,O,X,X
STOIJZL,O,O,X,O,X
STOIZLJ,O,O,X,O,O
STOIZJL,O,O,X,O,X
STOLIJZ,O,X,O,X,X
STOLIZJ,O,O,O,X,X
STOLJIZ,O,O,O,X,X
STOLJZI,O,O,O,X,X
STOLZIJ,O,O,O,X,X
STOLZJI,O,O,O,X,X
STOJILZ,O,O,O,X,X
STOJIZL,O,O,X,O,O
STOJLIZ,O,O,O,X,X
STOJLZI,O,O,O,X,X
STOJZIL,O,O,X,O,O
STOJZLI,O,O,X,O,O
STOZILJ,O,O,X,O,O
STOZIJL,O,O,X,O,X
STOZLIJ,O,O,X,O,O
STOZLJI,O,O,X,O,O
STOZJIL,O,O,X,O,O
STOZJLI,O,O,X,O,O
SITLJZO,O,X,O,X,X
SITLJOZ,O,X,O,X,X
SITLZJO,O,O,O,X,X
SITLZOJ,O,O,O,X,X
SITLOJZ,O,X,O,X,X
SITLOZJ,O,O,O,X,X
SITJLZO,O,O,O,X,X
SITJLOZ,O,O,O,X,X
SITJZLO,O,O,X,O,X
SITJZOL,O,O,X,O,X
SITJOLZ,O,O,O,X,X
SITJOZL,O,O,X,O,X
SITZLJO,O,O,X,O,X
SITZLOJ,O,O,X,O,X
SITZJLO,O,O,X,O,X
SITZJOL,O,O,X,O,X
SITZOLJ,O,O,X,O,X
SITZOJL,O,O,X,O,X
SITOLJZ,O,X,O,X,X
SITOLZJ,O,O,O,X,X
SITOJLZ,O,O,O,X,X
SITOJZL,O,O,X,O,X
SITOZLJ,O,O,X,O,X
SITOZJL,O,O,X,O,X
SILTJZO,O,X,O,X,X
SILTJOZ,O,X,O,X,X
SILTZJO,O,X,O,X,X
SILTZOJ,O,X,O,X,X
SILTOJZ,O,X,O,X,X
SILTOZJ,O,X,O,X,X
SILJTZO,O,X,O,X,X
SILJTOZ,O,X,O,X,X
SILJZTO,O,X,O,X,X
SILJZOT,X,X,O,X,X
SILJOTZ,O,X,O,X,X
SILJOZT,X,X,O,X,X
SILZTJO,O,X,O,X,X
SILZTOJ,O,X,O,X,X
SILZJTO,O,X,O,X,X
SILZJOT,X,X,O,X,X
SILZOTJ,X,X,O,X,X
SILZOJT,X,X,O,X,X
SILOTJZ,O,X,O,X,X
SILOTZJ,O,X,O,X,X
SILOJTZ,O,X,O,X,X
SILOJZT,X,X,O,X,X
SILOZTJ,X,X,O,X,X
SILOZJT,X,X,O,X,X
SIJTLZO,O,O,O,X,X
SIJTLOZ,O,O,O,X,X
SIJTZLO,O,O,X,O,X
SIJTZOL,O,O,X,O,X
SIJTOLZ,O,O,O,X,X
SIJTOZL,O,O,X,O,X
SIJLTZO,O,O,O,X,X
SIJLTOZ,O,O,O,X,X
SIJLZTO,O,O,O,X,X
SIJLZOT,X,O,O,X,X
SIJLOTZ,O,X,O,X,X
SIJLOZT,X,X,O,X,X
SIJZTLO,X,O,X,O,X
SIJZTOL,X,O,X,O,X
SIJZLTO,X,O,X,O,X
SIJZLOT,X,O,X,O,X
SIJZOTL,X,O,X,O,X
SIJZOLT,X,O,X,O,X
SIJOTLZ,O,O,O,X,X
SIJOTZL,O,O,X,O,X
SIJOLTZ,O,X,O,X,X
SIJOLZT,X,X,O,X,X
SIJOZTL,X,O,X,O,X
SIJOZLT,X,O,X,O,X
SIZTLJO,X,O,X,O,X
SIZTLOJ,X,O,X,O,X
SIZTJLO,X,O,X,O,X
SIZTJOL,X,O,X,O,X
SIZTOLJ,X,O,X,O,X
SIZTOJL,X,O,X,O,X
SIZLTJO,X,O,X,O,X
SIZLTOJ,X,O,X,O,X
SIZLJTO,X,O,X,O,X
SIZLJOT,X,O,X,O,X
SIZLOTJ,X,O,X,O,X
SIZLOJT,X,O,X,O,X
SIZJTLO,X,O,X,O,X
SIZJTOL,X,O,X,O,X
SIZJLTO,X,O,X,O,X
SIZJLOT,X,O,X,O,X
SIZJOTL,X,O,X,O,X
SIZJOLT,X,O,X,O,X
SIZOTLJ,X,O,X,O,X
SIZOTJL,X,O,X,O,X
SIZOLTJ,X,O,X,O,X
SIZOLJT,X,O,X,O,X
SIZOJTL,X,O,X,O,X
SIZOJLT,X,O,X,O,X
SIOTLJZ,O,X,O,X,X
SIOTLZJ,O,O,O,X,X
SIOTJLZ,O,O,O,X,X
SIOTJZL,O,O,X,O,X
SIOTZLJ,O,O,X,O,X
SIOTZJL,O,O,X,O,X
SIOLTJZ,O,X,O,X,X
SIOLTZJ,O,X,O,X,X
SIOLJTZ,O,X,O,X,X
SIOLJZT,X,X,O,X,X
SIOLZTJ,X,X,O,X,X
SIOLZJT,X,X,O,X,X
SIOJTLZ,O,O,O,X,X
SIOJTZL,O,O,X,O,X
SIOJLTZ,O,X,O,X,X
SIOJLZT,X,X,O,X,X
SIOJZTL,X,O,X,O,X
SIOJZLT,X,O,X,O,X
SIOZTLJ,X,O,X,O,X
SIOZTJL,X,O,X,O,X
SIOZLTJ,X,O,X,O,X
SIOZLJT,X,O,X,O,X
SIOZJTL,X,O,X,O,X
SIOZJLT,X,O,X,O,X
SLTIJZO,O,X,O,X,X
SLTIJOZ,O,X,O,X,X
SLTIZJO,O,O,O,X,X
SLTIZOJ,O,O,O,X,X
SLTIOJZ,O,X,O,X,X
SLTIOZJ,O,O,O,X,X
SLTJIZO,O,O,O,X,X
SLTJIOZ,O,O,O,X,X
SLTJZIO,O,O,O,X,X
SLTJZOI,O,O,O,X,X
SLTJOIZ,O,O,O,X,X
SLTJOZI,O,O,O,X,X
SLTZIJO,O,O,O,X,X
SLTZIOJ,O,O,O,X,X
SLTZJIO,O,O,O,X,X
SLTZJOI,O,O,O,X,X
SLTZOIJ,O,O,O,X,X
SLTZOJI,O,O,O,X,X
SLTOIJZ,O,X,O,X,X
SLTOIZJ,O,O,O,X,X
SLTOJIZ,O,O,O,X,X
SLTOJZI,O,O,O,X,X
SLTOZIJ,O,O,O,X,X
SLTOZJI,O,O,O,X,X
SLITJZO,O,X,O,X,X
SLITJOZ,O,X,O,X,X
SLITZJO,O,X,O,X,X
SLITZOJ,O,X,O,X,X
SLITOJZ,O,X,O,X,X
SLITOZJ,O,X,O,X,X
SLIJTZO,O,X,O,X,X
SLIJTOZ,O,X,O,X,X
SLIJZTO,O,X,O,X,X
SLIJZOT,X,X,O,X,X
SLIJOTZ,O,X,O,X,X
SLIJOZT,X,X,O,X,X
SLIZTJO,O,X,O,X,X
SLIZTOJ,O,X,O,X,X
SLIZJTO,O,X,O,X,X
SLIZJOT,X,X,O,X,X
SLIZOTJ,X,X,O,X,X
SLIZOJT,X,X,O,X,X
SLIOTJZ,O,X,O,X,X
SLIOTZJ,O,X,O,X,X
SLIOJTZ,O,X,O,X,X
SLIOJZT,X,X,O,X,X
SLIOZTJ,X,X,O,X,X
SLIOZJT,X,X,O,X,X
SLJTIZO,O,O,O,X,X
SLJTIOZ,O,O,O,X,X
SLJTZIO,O,O,O,X,X
SLJTZOI,O,O,O,X,X
SLJTOIZ,O,O,O,X,X
SLJTOZI,O,O,O,X,X
SLJITZO,O,O,O,X,X
SLJITOZ,O,O,O,X,X
SLJIZTO,O,O,O,X,X
SLJIZOT,X,O,O,X,X
SLJIOTZ,O,X,O,X,X
SLJIOZT,X,X,O,X,X
SLJZTIO,O,O,O,X,X
SLJZTOI,O,O,O,X,X
SLJZITO,O,O,O,X,X
SLJZIOT,X,O,O,X,X
SLJZOTI,X,O,O,X,X
SLJZOIT,X,O,O,X,X
SLJOTIZ,O,O,O,X,X
SLJOTZI,O,O,O,X,X
SLJOITZ,O,X,O,X,X
SLJOIZT,X,X,O,X,X
SLJOZTI,X,O,O,X,X
SLJOZIT,X,O,O,X,X
SLZTIJO,O,O,O,X,X
SLZTIOJ,O,O,O,X,X
SLZTJIO,O,O,O,X,X
SLZTJOI,O,O,O,X,X
SLZTOIJ,O,O,O,X,X
SLZTOJI,O,O,O,X,X
SLZITJO,O,O,O,X,X
SLZITOJ,O,O,O,X,X
SLZIJTO,O,O,O,X,X
SLZIJOT,X,O,O,X,X
SLZIOTJ,X,O,O,X,X
SLZIOJT,X,O,O,X,X
SLZJTIO,O,O,O,X,X
SLZJTOI,O,O,O,X,X
SLZJITO,O,O,O,X,X
SLZJIOT,X,O,O,X,X
SLZJOTI,X,O,O,X,X
SLZJOIT,X,O,O,X,X
SLZOTIJ,X,O,O,X,X
SLZOTJI,X,O,O,X,X
SLZOITJ,X,O,O,X,X
SLZOIJT,X,O,O,X,X
SLZOJTI,X,O,O,X,X
SLZOJIT,X,O,O,X,X
SLOTIJZ,O,X,O,X,X
SLOTIZJ,O,O,O,X,X
SLOTJIZ,O,O,O,X,X
SLOTJZI,O,O,O,X,X
SLOTZIJ,O,O,O,X,X
SLOTZJI,O,O,O,X,X
SLOITJZ,O,X,O,X,X
SLOITZJ,O,X,O,X,X
SLOIJTZ,O,X,O,X,X
SLOIJZT,X,X,O,X,X
SLOIZTJ,X,X,O,X,X
SLOIZJT,X,X,O,X,X
SLOJTIZ,O,O,O,X,X
SLOJTZI,O,O,O,X,X
SLOJITZ,O,X,O,X,X
SLOJIZT,X,X,O,X,X
SLOJZTI,X,O,O,X,X
SLOJZIT,X,O,O,X,X
SLOZTIJ,X,O,O,X,X
SLOZTJI,X,O,O,X,X
SLOZITJ,X,O,O,X,X
SLOZIJT,X,O,O,X,X
SLOZJTI,X,O,O,X,X
SLOZJIT,X,O,O,X,X
SJTILZO,O,O,O,X,X
SJTILOZ,O,O,O,X,X
SJTIZLO,O,O,X,O,O
SJTIZOL,O,O,X,O,O
SJTIOLZ,O,O,O,X,X
SJTIOZL,O,O,X,O,O
SJTLIZO,O,O,O,X,X
SJTLIOZ,O,O,O,X,X
SJTLZIO,O,O,O,X,X
SJTLZOI,O,O,O,X,X
SJTLOIZ,O,O,O,X,X
SJTLOZI,O,O,O,X,X
SJTZILO,O,O,X,O,O
SJTZIOL,O,O,X,O,O
SJTZLIO,O,O,X,O,O
SJTZLOI,O,O,X,O,O
SJTZOIL,O,O,X,O,O
SJTZOLI,O,O,X,O,O
SJTOILZ,O,O,O,X,X
SJTOIZL,O,O,X,O,O
SJTOLIZ,O,O,O,X,X
SJTOLZI,O,O,O,X,X
SJTOZIL,O,O,X,O,O
SJTOZLI,O,O,X,O,O
SJITLZO,O,O,O,X,X
SJITLOZ,O,O,O,X,X
SJITZLO,O,O,X,O,O
SJITZOL,O,O,X,O,O
SJITOLZ,O,O,O,X,X
SJITOZL,O,O,X,O,O
SJILTZO,O,O,O,X,X
SJILTOZ,O,O,O,X,X
SJILZTO,O,O,O,X,X
SJILZOT,X,O,O,X,X
SJILOTZ,O,X,O,X,X
SJILOZT,X,X,O,X,X
SJIZTLO,X,O,X,O,O
SJIZTOL,X,O,X,O,O
SJIZLTO,X,O,X,O,O
SJIZLOT,X,O,X,O,X
SJIZOTL,X,O,X,O,X
SJIZOLT,X,O,X,O,X
SJIOTLZ,O,O,O,X,X
SJIOTZL,O,O,X,O,X
SJIOLTZ,O,X,O,X,X
SJIOLZT,X,X,O,X,X
SJIOZTL,X,O,X,O,X
SJIOZLT,X,O,X,O,X
SJLTIZO,O,O,O,X,X
SJLTIOZ,O,O,O,X,X
SJLTZIO,O,O,O,X,X
SJLTZOI,O,O,O,X,X
SJLTOIZ,O,O,O,X,X
SJLTOZI,O,O,O,X,X
SJLITZO,O,O,O,X,X
SJLITOZ,O,O,O,X,X
SJLIZTO,O,O,O,X,X
SJLIZOT,X,O,O,X,X
SJLIOTZ,O,X,O,X,X
SJLIOZT,X,X,O,X,X
SJLZTIO,O,O,O,X,X
SJLZTOI,O,O,O,X,X
SJLZITO,O,O,O,X,X
SJLZIOT,X,O,O,X,X
SJLZOTI,X,O,O,X,X
SJLZOIT,X,O,O,X,X
SJLOTIZ,O,O,O,X,X
SJLOTZI,O,O,O,X,X
SJLOITZ,O,X,O,X,X
SJLOIZT,X,X,O,X,X
SJLOZTI,X,O,O,X,X
SJLOZIT,X,O,O,X,X
SJZTILO,X,O,X,O,O
SJZTIOL,X,O,X,O,O
SJZTLIO,X,O,X,O,O
SJZTLOI,X,O,X,O,O
SJZTOIL,X,O,X,O,O
SJZTOLI,X,O,X,O,O
SJZITLO,X,O,X,O,O
SJZITOL,X,O,X,O,O
SJZILTO,X,O,X,O,O
SJZILOT,X,O,X,O,X
SJZIOTL,X,O,X,O,X
SJZIOLT,X,O,X,O,X
SJZLTIO,X,O,X,O,O
SJZLTOI,X,O,X,O,O
SJZLITO,X,O,X,O,O
SJZLIOT,X,O,X,O,X
SJZLOTI,X,O,X,O,O
SJZLOIT,X,O,X,O,X
SJZOTIL,X,O,X,O,O
SJZOTLI,X,O,X,O,O
SJZOITL,X,O,X,O,X
SJZOILT,X,O,X,O,X
SJZOLTI,X,O,X,O,O
SJZOLIT,X,O,X,O,X
SJOTILZ,O,O,O,X,X
SJOTIZL,O,O,X,O,O
SJOTLIZ,O,O,O,X,X
SJOTLZI,O,O,O,X,X
SJOTZIL,O,O,X,O,O
SJOTZLI,O,O,X,O,O
SJOITLZ,O,O,O,X,X
SJOITZL,O,O,X,O,X
SJOILTZ,O,X,O,X,X
SJOILZT,X,X,O,X,X
SJOIZTL,X,O,X,O,X
SJOIZLT,X,O,X,O,X
SJOLTIZ,O,O,O,X,X
SJOLTZI,O,O,O,X,X
SJOLITZ,O,X,O,X,X
SJOLIZT,X,X,O,X,X
SJOLZTI,X,O,O,X,X
SJOLZIT,X,O,O,X,X
SJOZTIL,X,O,X,O,O
SJOZTLI,X,O,X,O,O
SJOZITL,X,O,X,O,X
SJOZILT,X,O,X,O,X
SJOZLTI,X,O,X,O,O
SJOZLIT,X,O,X,O,X
SZTILJO,X,O,X,O,X
SZTILOJ,X,O,X,O,O
SZTIJLO,X,O,X,O,X
SZTIJOL,X,O,X,O,X
SZTIOLJ,X,O,X,O,O
SZTIOJL,X,O,X,O,X
SZTLIJO,X,O,X,O,X
SZTLIOJ,X,O,X,O,O
SZTLJIO,X,O,X,O,O
SZTLJOI,X,O,X,O,O
SZTLOIJ,X,O,X,O,O
SZTLOJI,X,O,X,O,O
SZTJILO,X,O,X,O,O
SZTJIOL,X,O,X,O,O
SZTJLIO,X,O,X,O,O
SZTJLOI,X,O,X,O,O
SZTJOIL,X,O,X,O,O
SZTJOLI,X,O,X,O,O
SZTOILJ,X,O,X,O,O
SZTOIJL,X,O,X,O,X
SZTOLIJ,X,O,X,O,O
SZTOLJI,X,O,X,O,O
SZTOJIL,X,O,X,O,O
SZTOJLI,X,O,X,O,O
SZITLJO,X,O,X,O,X
SZITLOJ,X,O,X,O,X
SZITJLO,X,O,X,O,X
SZITJOL,X,O,X,O,X
SZITOLJ,X,O,X,O,X
SZITOJL,X,O,X,O,X
SZILTJO,X,O,X,O,X
SZILTOJ,X,O,X,O,X
SZILJTO,X,O,X,O,X
SZILJOT,X,O,X,O,X
SZILOTJ,X,O,X,O,X
SZILOJT,X,O,X,O,X
SZIJTLO,X,O,X,O,X
SZIJTOL,X,O,X,O,X
SZIJLTO,X,O,X,O,X
SZIJLOT,X,O,X,O,X
SZIJOTL,X,O,X,O,X
SZIJOLT,X,O,X,O,X
SZIOTLJ,X,O,X,O,X
SZIOTJL,X,O,X,O,X
SZIOLTJ,X,O,X,O,X
SZIOLJT,X,O,X,O,X
SZIOJTL,X,O,X,O,X
SZIOJLT,X,O,X,O,X
SZLTIJO,X,O,X,O,X
SZLTIOJ,X,O,X,O,O
SZLTJIO,X,O,X,O,O
SZLTJOI,X,O,X,O,O
SZLTOIJ,X,O,X,O,O
SZLTOJI,X,O,X,O,O
SZLITJO,X,O,X,O,X
SZLITOJ,X,O,X,O,X
SZLIJTO,X,O,X,O,X
SZLIJOT,X,O,X,O,X
SZLIOTJ,X,O,X,O,X
SZLIOJT,X,O,X,O,X
SZLJTIO,X,O,X,O,O
SZLJTOI,X,O,X,O,O
SZLJITO,X,O,X,O,O
SZLJIOT,X,O,X,O,X
SZLJOTI,X,O,X,O,O
SZLJOIT,X,O,X,O,X
SZLOTIJ,X,O,X,O,O
SZLOTJI,X,O,X,O,O
SZLOITJ,X,O,X,O,X
SZLOIJT,X,O,X,O,X
SZLOJTI,X,O,X,O,O
SZLOJIT,X,O,X,O,X
SZJTILO,X,O,X,O,O
SZJTIOL,X,O,X,O,O
SZJTLIO,X,O,X,O,O
SZJTLOI,X,O,X,O,O
SZJTOIL,X,O,X,O,O
SZJTOLI,X,O,X,O,O
SZJITLO,X,O,X,O,O
SZJITOL,X,O,X,O,O
SZJILTO,X,O,X,O,O
SZJILOT,X,O,X,O,X
SZJIOTL,X,O,X,O,X
SZJIOLT,X,O,X,O,X
SZJLTIO,X,O,X,O,O
SZJLTOI,X,O,X,O,O
SZJLITO,X,O,X,O,O
SZJLIOT,X,O,X,O,X
SZJLOTI,X,O,X,O,O
SZJLOIT,X,O,X,O,X
SZJOTIL,X,O,X,O,O
SZJOTLI,X,O,X,O,O
SZJOITL,X,O,X,O,X
SZJOILT,X,O,X,O,X
SZJOLTI,X,O,X,O,O
SZJOLIT,X,O,X,O,X
SZOTILJ,X,O,X,O,O
SZOTIJL,X,O,X,O,X
SZOTLIJ,X,O,X,O,O
SZOTLJI,X,O,X,O,O
SZOTJIL,X,O,X,O,O
SZOTJLI,X,O,X,O,O
SZOITLJ,X,O,X,O,X
SZOITJL,X,O,X,O,X
SZOILTJ,X,O,X,O,X
SZOILJT,X,O,X,O,X
SZOIJTL,X,O,X,O,X
SZOIJLT,X,O,X,O,X
SZOLTIJ,X,O,X,O,O
SZOLTJI,X,O,X,O,O
SZOLITJ,X,O,X,O,X
SZOLIJT,X,O,X,O,X
SZOLJTI,X,O,X,O,O
SZOLJIT,X,O,X,O,X
SZOJTIL,X,O,X,O,O
SZOJTLI,X,O,X,O,O
SZOJITL,X,O,X,O,X
SZOJILT,X,O,X,O,X
SZOJLTI,X,O,X,O,O
SZOJLIT,X,O,X,O,X
SOTILJZ,O,X,O,X,X
SOTILZJ,O,O,O,X,X
SOTIJLZ,O,O,O,X,X
SOTIJZL,O,O,X,O,X
SOTIZLJ,O,O,X,O,O
SOTIZJL,O,O,X,O,X
SOTLIJZ,O,X,O,X,X
SOTLIZJ,O,O,O,X,X
SOTLJIZ,O,O,O,X,X
SOTLJZI,O,O,O,X,X
SOTLZIJ,O,O,O,X,X
SOTLZJI,O,O,O,X,X
SOTJILZ,O,O,O,X,X
SOTJIZL,O,O,X,O,O
SOTJLIZ,O,O,O,X,X
SOTJLZI,O,O,O,X,X
SOTJZIL,O,O,X,O,O
SOTJZLI,O,O,X,O,O
SOTZILJ,O,O,X,O,O
SOTZIJL,O,O,X,O,X
SOTZLIJ,O,O,X,O,O
SOTZLJI,O,O,X,O,O
SOTZJIL,O,O,X,O,O
SOTZJLI,O,O,X,O,O
SOITLJZ,O,X,O,X,X
SOITLZJ,O,O,O,X,X
SOITJLZ,O,O,O,X,X
SOITJZL,O,O,X,O,X
SOITZLJ,O,O,X,O,X
SOITZJL,O,O,X,O,X
SOILTJZ,O,X,O,X,X
SOILTZJ,O,X,O,X,X
SOILJTZ,O,X,O,X,X
SOILJZT,X,X,O,X,X
SOILZTJ,X,X,O,X,X
SOILZJT,X,X,O,X,X
SOIJTLZ,O,O,O,X,X
SOIJTZL,O,O,X,O,X
SOIJLTZ,O,X,O,X,X
SOIJLZT,X,X,O,X,X
SOIJZTL,X,O,X,O,X
SOIJZLT,X,O,X,O,X
SOIZTLJ,X,O,X,O,X
SOIZTJL,X,O,X,O,X
SOIZLTJ,X,O,X,O,X
SOIZLJT,X,O,X,O,X
SOIZJTL,X,O,X,O,X
SOIZJLT,X,O,X,O,X
SOLTIJZ,O,X,O,X,X
SOLTIZJ,O,O,O,X,X
SOLTJIZ,O,O,O,X,X
SOLTJZI,O,O,O,X,X
SOLTZIJ,O,O,O,X,X
SOLTZJI,O,O,O,X,X
SOLITJZ,O,X,O,X,X
SOLITZJ,O,X,O,X,X
SOLIJTZ,O,X,O,X,X
SOLIJZT,X,X,O,X,X
SOLIZTJ,X,X,O,X,X
SOLIZJT,X,X,O,X,X
SOLJTIZ,O,O,O,X,X
SOLJTZI,O,O,O,X,X
SOLJITZ,O,X,O,X,X
SOLJIZT,X,X,O,X,X
SOLJZTI,X,O,O,X,X
SOLJZIT,X,O,O,X,X
SOLZTIJ,X,O,O,X,X
SOLZTJI,X,O,O,X,X
SOLZITJ,X,O,O,X,X
SOLZIJT,X,O,O,X,X
SOLZJTI,X,O,O,X,X
SOLZJIT,X,O,O,X,X
SOJTILZ,O,O,O,X,X
SOJTIZL,O,O,X,O,O
SOJTLIZ,O,O,O,X,X
SOJTLZI,O,O,O,X,X
SOJTZIL,O,O,X,O,O
SOJTZLI,O,O,X,O,O
SOJITLZ,O,O,O,X,X
SOJITZL,O,O,X,O,X
SOJILTZ,O,X,O,X,X
SOJILZT,X,X,O,X,X
SOJIZTL,X,O,X,O,X
SOJIZLT,X,O,X,O,X
SOJLTIZ,O,O,O,X,X
SOJLTZI,O,O,O,X,X
SOJLITZ,O,X,O,X,X
SOJLIZT,X,X,O,X,X
SOJLZTI,X,O,O,X,X
SOJLZIT,X,O,O,X,X
SOJZTIL,X,O,X,O,O
SOJZTLI,X,O,X,O,O
SOJZITL,X,O,X,O,X
SOJZILT,X,O,X,O,X
SOJZLTI,X,O,X,O,O
SOJZLIT,X,O,X,O,X
SOZTILJ,X,O,X,O,O
SOZTIJL,X,O,X,O,X
SOZTLIJ,X,O,X,O,O
SOZTLJI,X,O,X,O,O
SOZTJIL,X,O,X,O,O
SOZTJLI,X,O,X,O,O
SOZITLJ,X,O,X,O,X
SOZITJL,X,O,X,O,X
SOZILTJ,X,O,X,O,X
SOZILJT,X,O,X,O,X
SOZIJTL,X,O,X,O,X
SOZIJLT,X,O,X,O,X
SOZLTIJ,X,O,X,O,O
SOZLTJI,X,O,X,O,O
SOZLITJ,X,O,X,O,X
SOZLIJT,X,O,X,O,X
SOZLJTI,X,O,X,O,O
SOZLJIT,X,O,X,O,X
SOZJTIL,X,O,X,O,O
SOZJTLI,X,O,X,O,O
SOZJITL,X,O,X,O,X
SOZJILT,X,O,X,O,X
SOZJLTI,X,O,X,O,O
SOZJLIT,X,O,X,O,X
ZTILJSO,O,O,O,O,O
ZTILJOS,O,O,O,O,O
ZTILSJO,O,O,O,O,X
ZTILSOJ,O,O,O,O,O
ZTILOJS,O,X,O,O,O
ZTILOSJ,O,O,O,O,O
ZTIJLSO,O,O,O,O,O
ZTIJLOS,O,O,O,O,O
ZTIJSLO,O,O,X,O,O
ZTIJSOL,O,O,X,O,O
ZTIJOLS,O,O,O,O,O
ZTIJOSL,O,O,X,O,O
ZTISLJO,O,O,X,O,X
ZTISLOJ,O,O,X,O,O
ZTISJLO,O,O,X,O,X
ZTISJOL,O,O,X,O,X
ZTISOLJ,O,O,X,O,O
ZTISOJL,O,O,X,O,X
ZTIOLJS,O,X,O,O,O
ZTIOLSJ,O,O,O,O,O
ZTIOJLS,O,X,O,O,O
ZTIOJSL,O,X,X,O,O
ZTIOSLJ,O,O,X,O,O
ZTIOSJL,O,O,X,O,X
ZTLIJSO,O,O,O,O,O
ZTLIJOS,O,O,O,O,O
ZTLISJO,O,O,O,O,X
ZTLISOJ,O,O,O,O,O
ZTLIOJS,O,X,O,O,O
ZTLIOSJ,O,O,O,O,O
ZTLJISO,O,O,O,O,O
ZTLJIOS,O,O,O,O,O
ZTLJSIO,O,O,O,O,O
ZTLJSOI,O,O,O,O,O
ZTLJOIS,O,O,O,O,O
ZTLJOSI,O,O,O,O,O
ZTLSIJO,O,O,O,O,X
ZTLSIOJ,O,O,O,O,O
ZTLSJIO,O,O,O,O,O
ZTLSJOI,O,O,O,O,O
ZTLSOIJ,O,O,O,O,O
ZTLSOJI,O,O,O,O,O
ZTLOIJS,O,X,O,O,O
ZTLOISJ,O,O,O,O,O
ZTLOJIS,O,O,O,O,O
ZTLOJSI,O,O,O,O,O
ZTLOSIJ,O,O,O,O,O
ZTLOSJI,O,O,O,O,O
ZTJILSO,O,O,O,O,O
ZTJILOS,O,O,O,O,O
ZTJISLO,O,O,X,O,O
ZTJISOL,O,O,X,O,O
ZTJIOLS,O,O,O,O,O
ZTJIOSL,O,O,X,O,O
ZTJLISO,O,O,O,O,O
ZTJLIOS,O,O,O,O,O
ZTJLSIO,O,O,O,O,O
ZTJLSOI,O,O,O,O,O
ZTJLOIS,O,O,O,O,O
ZTJLOSI,O,O,O,O,O
ZTJSILO,O,O,X,O,O
ZTJSIOL,O,O,X,O,O
ZTJSLIO,O,O,X,O,O
ZTJSLOI,O,O,X,O,O
ZTJSOIL,O,O,X,O,O
ZTJSOLI,O,O,X,O,O
ZTJOILS,O,O,O,O,O
ZTJOISL,O,O,X,O,O
ZTJOLIS,O,O,O,O,O
ZTJOLSI,O,O,O,O,O
ZTJOSIL,O,O,X,O,O
ZTJOSLI,O,O,X,O,O
ZTSILJO,O,O,X,O,X
ZTSILOJ,O,O,X,O,O
ZTSIJLO,O,O,X,O,X
ZTSIJOL,O,O,X,O,X
ZTSIOLJ,O,O,X,O,O
ZTSIOJL,O,O,X,O,X
ZTSLIJO,O,O,X,O,X
ZTSLIOJ,O,O,X,O,O
ZTSLJIO,O,O,X,O,O
ZTSLJOI,O,O,X,O,O
ZTSLOIJ,O,O,X,O,O
ZTSLOJI,O,O,X,O,O
ZTSJILO,O,O,X,O,O
ZTSJIOL,O,O,X,O,O
ZTSJLIO,O,O,X,O,O
ZTSJLOI,O,O,X,O,O
ZTSJOIL,O,O,X,O,O
ZTSJOLI,O,O,X,O,O
ZTSOILJ,O,O,X,O,O
ZTSOIJL,O,O,X,O,X
ZTSOLIJ,O,O,X,O,O
ZTSOLJI,O,O,X,O,O
ZTSOJIL,O,O,X,O,O
ZTSOJLI,O,O,X,O,O
ZTOILJS,O,X,O,O,O
ZTOILSJ,O,O,O,O,O
ZTOIJLS,O,X,O,O,O
ZTOIJSL,O,X,X,O,O
ZTOISLJ,O,O,X,O,O
ZTOISJL,O,O,X,O,X
ZTOLIJS,O,X,O,O,O
ZTOLISJ,O,O,O,O,O
ZTOLJIS,O,O,O,O,O
ZTOLJSI,O,O,O,O,O
ZTOLSIJ,O,O,O,O,O
ZTOLSJI,O,O,O,O,O
ZTOJILS,O,O,O,O,O
ZTOJISL,O,O,X,O,O
ZTOJLIS,O,O,O,O,O
ZTOJLSI,O,O,O,O,O
ZTOJSIL,O,O,X,O,O
ZTOJSLI,O,O,X,O,O
ZTOSILJ,O,O,X,O,O
ZTOSIJL,O,O,X,O,X
ZTOSLIJ,O,O,X,O,O
ZTOSLJI,O,O,X,O,O
ZTOSJIL,O,O,X,O,O
ZTOSJLI,O,O,X,O,O
ZITLJSO,O,O,O,O,O
ZITLJOS,O,O,O,O,O
ZITLSJO,O,O,O,O,X
ZITLSOJ,O,O,O,O,O
ZITLOJS,O,X,O,O,O
ZITLOSJ,O,O,O,O,O
ZITJLSO,O,O,O,O,O
ZITJLOS,O,O,O,O,O
ZITJSLO,O,O,X,O,O
ZITJSOL,O,O,X,O,O
ZITJOLS,O,O,O,O,O
ZITJOSL,O,O,X,O,O
ZITSLJO,O,O,X,O,X
ZITSLOJ,O,O,X,O,O
ZITSJLO,O,O,X,O,X
ZITSJOL,O,O,X,O,X
ZITSOLJ,O,O,X,O,O
ZITSOJL,O,O,X,O,X
ZITOLJS,O,X,O,O,O
ZITOLSJ,O,O,O,O,O
ZITOJLS,O,X,O,O,O
ZITOJSL,O,X,X,O,O
ZITOSLJ,O,O,X,O,O
ZITOSJL,O,O,X,O,X
ZILTJSO,O,O,O,O,O
ZILTJOS,O,O,O,O,O
ZILTSJO,O,O,O,O,X
ZILTSOJ,O,O,O,O,O
ZILTOJS,O,X,O,O,O
ZILTOSJ,O,O,O,O,O
ZILJTSO,O,O,O,O,O
ZILJTOS,O,O,O,O,O
ZILJSTO,O,O,O,O,O
ZILJSOT,X,O,O,O,X
ZILJOTS,O,O,O,O,O
ZILJOST,X,O,O,O,X
ZILSTJO,O,O,O,O,X
ZILSTOJ,O,O,O,O,X
ZILSJTO,O,O,O,O,X
ZILSJOT,X,O,O,O,X
ZILSOTJ,X,O,O,O,X
ZILSOJT,X,O,O,O,X
ZILOTJS,O,X,O,O,O
ZILOTSJ,O,X,O,O,O
ZILOJTS,O,X,O,O,O
ZILOJST,X,X,O,O,X
ZILOSTJ,X,X,O,O,X
ZILOSJT,X,X,O,O,X
ZIJTLSO,O,O,O,O,O
ZIJTLOS,O,O,O,O,O
ZIJTSLO,O,O,X,O,O
ZIJTSOL,O,O,X,O,O
ZIJTOLS,O,O,O,O,O
ZIJTOSL,O,O,X,O,O
ZIJLTSO,O,O,O,O,O
ZIJLTOS,O,O,O,O,O
ZIJLSTO,O,O,O,O,O
ZIJLSOT,X,O,O,O,X
ZIJLOTS,O,O,O,O,O
ZIJLOST,X,O,O,O,X
ZIJSTLO,X,O,X,O,O
ZIJSTOL,X,O,X,O,O
ZIJSLTO,X,O,X,O,O
ZIJSLOT,X,O,X,O,X
ZIJSOTL,X,O,X,O,X
ZIJSOLT,X,O,X,O,X
ZIJOTLS,O,O,O,O,O
ZIJOTSL,O,O,X,O,O
ZIJOLTS,O,O,O,O,O
ZIJOLST,X,O,O,O,X
ZIJOSTL,X,O,X,O,X
ZIJOSLT,X,O,X,O,X
ZISTLJO,X,O,X,O,X
ZISTLOJ,X,O,X,O,X
ZISTJLO,X,O,X,O,X
ZISTJOL,X,O,X,O,X
ZISTOLJ,X,O,X,O,X
ZISTOJL,X,O,X,O,X
ZISLTJO,X,O,X,O,X
ZISLTOJ,X,O,X,O,X
ZISLJTO,X,O,X,O,X
ZISLJOT,X,O,X,O,X
ZISLOTJ,X,O,X,O,X
ZISLOJT,X,O,X,O,X
ZISJTLO,X,O,X,O,X
ZISJTOL,X,O,X,O,X
ZISJLTO,X,O,X,O,X
ZISJLOT,X,O,X,O,X
ZISJOTL,X,O,X,O,X
ZISJOLT,X,O,X,O,X
ZISOTLJ,X,O,X,O,X
ZISOTJL,X,O,X,O,X
ZISOLTJ,X,O,X,O,X
ZISOLJT,X,O,X,O,X
ZISOJTL,X,O,X,O,X
ZISOJLT,X,O,X,O,X
ZIOTLJS,O,X,O,O,O
ZIOTLSJ,O,X,O,O,O
ZIOTJLS,O,X,O,O,O
ZIOTJSL,O,X,X,O,O
ZIOTSLJ,O,X,X,O,O
ZIOTSJL,O,X,X,O,X
ZIOLTJS,O,X,O,O,O
ZIOLTSJ,O,X,O,O,O
ZIOLJTS,O,X,O,O,O
ZIOLJST,X,X,O,O,X
ZIOLSTJ,X,X,O,O,X
ZIOLSJT,X,X,O,O,X
ZIOJTLS,O,X,O,O,O
ZIOJTSL,O,X,X,O,O
ZIOJLTS,O,X,O,O,O
ZIOJLST,X,X,O,O,X
ZIOJSTL,X,X,X,O,X
ZIOJSLT,X,X,X,O,X
ZIOSTLJ,X,X,X,O,X
ZIOSTJL,X,X,X,O,X
ZIOSLTJ,X,X,X,O,X
ZIOSLJT,X,X,X,O,X
ZIOSJTL,X,X,X,O,X
ZIOSJLT,X,X,X,O,X
ZLTIJSO,O,O,O,O,O
ZLTIJOS,O,O,O,O,O
ZLTISJO,O,O,O,O,X
ZLTISOJ,O,O,O,O,O
ZLTIOJS,O,X,O,O,O
ZLTIOSJ,O,O,O,O,O
ZLTJISO,O,O,O,O,O
ZLTJIOS,O,O,O,O,O
ZLTJSIO,O,O,O,O,O
ZLTJSOI,O,O,O,O,O
ZLTJOIS,O,O,O,O,O
ZLTJOSI,O,O,O,O,O
ZLTSIJO,O,O,O,O,X
ZLTSIOJ,O,O,O,O,O
ZLTSJIO,O,O,O,O,O
ZLTSJOI,O,O,O,O,O
ZLTSOIJ,O,O,O,O,O
ZLTSOJI,O,O,O,O,O
ZLTOIJS,O,X,O,O,O
ZLTOISJ,O,O,O,O,O
ZLTOJIS,O,O,O,O,O
ZLTOJSI,O,O,O,O,O
ZLTOSIJ,O,O,O,O,O
ZLTOSJI,O,O,O,O,O
ZLITJSO,O,O,O,O,O
ZLITJOS,O,O,O,O,O
ZLITSJO,O,O,O,O,X
ZLITSOJ,O,O,O,O,O
ZLITOJS,O,X,O,O,O
ZLITOSJ,O,O,O,O,O
ZLIJTSO,O,O,O,O,O
ZLIJTOS,O,O,O,O,O
ZLIJSTO,O,O,O,O,O
ZLIJSOT,X,O,O,O,X
ZLIJOTS,O,O,O,O,O
ZLIJOST,X,O,O,O,X
ZLISTJO,O,O,O,O,X
ZLISTOJ,O,O,O,O,X
ZLISJTO,O,O,O,O,X
ZLISJOT,X,O,O,O,X
ZLISOTJ,X,O,O,O,X
ZLISOJT,X,O,O,O,X
ZLIOTJS,O,X,O,O,O
ZLIOTSJ,O,X,O,O,O
ZLIOJTS,O,X,O,O,O
ZLIOJST,X,X,O,O,X
ZLIOSTJ,X,X,O,O,X
ZLIOSJT,X,X,O,O,X
ZLJTISO,O,O,O,O,O
ZLJTIOS,O,O,O,O,O
ZLJTSIO,O,O,O,O,O
ZLJTSOI,O,O,O,O,O
ZLJTOIS,O,O,O,O,O
ZLJTOSI,O,O,O,O,O
ZLJITSO,O,O,O,O,O
ZLJITOS,O,O,O,O,O
ZLJISTO,O,O,O,O,O
ZLJISOT,X,O,O,O,X
ZLJIOTS,O,O,O,O,O
ZLJIOST,X,O,O,O,X
ZLJSTIO,O,O,O,O,O
ZLJSTOI,O,O,O,O,O
ZLJSITO,O,O,O,O,O
ZLJSIOT,X,O,O,O,X
ZLJSOTI,X,O,O,O,O
ZLJSOIT,X,O,O,O,X
ZLJOTIS,O,O,O,O,O
ZLJOTSI,O,O,O,O,O
ZLJOITS,O,O,O,O,O
ZLJOIST,X,O,O,O,X
ZLJOSTI,X,O,O,O,O
ZLJOSIT,X,O,O,O,X
ZLSTIJO,O,O,O,O,X
ZLSTIOJ,O,O,O,O,O
ZLSTJIO,O,O,O,O,O
ZLSTJOI,O,O,O,O,O
ZLSTOIJ,O,O,O,O,O
ZLSTOJI,O,O,O,O,O
ZLSITJO,O,O,O,O,X
ZLSITOJ,O,O,O,O,X
ZLSIJTO,O,O,O,O,X
ZLSIJOT,X,O,O,O,X
ZLSIOTJ,X,O,O,O,X
ZLSIOJT,X,O,O,O,X
ZLSJTIO,O,O,O,O,O
ZLSJTOI,O,O,O,O,O
ZLSJITO,O,O,O,O,O
ZLSJIOT,X,O,O,O,X
ZLSJOTI,X,O,O,O,O
ZLSJOIT,X,O,O,O,X
ZLSOTIJ,X,O,O,O,O
ZLSOTJI,X,O,O,O,O
ZLSOITJ,X,O,O,O,X
ZLSOIJT,X,O,O,O,X
ZLSOJTI,X,O,O,O,O
ZLSOJIT,X,O,O,O,X
ZLOTIJS,O,X,O,O,O
ZLOTISJ,O,O,O,O,O
ZLOTJIS,O,O,O,O,O
ZLOTJSI,O,O,O,O,O
ZLOTSIJ,O,O,O,O,O
ZLOTSJI,O,O,O,O,O
ZLOITJS,O,X,O,O,O
ZLOITSJ,O,X,O,O,O
ZLOIJTS,O,X,O,O,O
ZLOIJST,X,X,O,O,X
ZLOISTJ,X,X,O,O,X
ZLOISJT,X,X,O,O,X
ZLOJTIS,O,O,O,O,O
ZLOJTSI,O,O,O,O,O
ZLOJITS,O,O,O,O,O
ZLOJIST,X,O,O,O,X
ZLOJSTI,X,O,O,O,O
ZLOJSIT,X,O,O,O,X
ZLOSTIJ,X,O,O,O,O
ZLOSTJI,X,O,O,O,O
ZLOSITJ,X,O,O,O,X
ZLOSIJT,X,O,O,O,X
ZLOSJTI,X,O,O,O,O
ZLOSJIT,X,O,O,O,X
ZJTILSO,O,O,O,O,O
ZJTILOS,O,O,O,O,O
ZJTISLO,O,O,X,O,O
ZJTISOL,O,O,X,O,O
ZJTIOLS,O,O,O,O,O
ZJTIOSL,O,O,X,O,O
ZJTLISO,O,O,O,O,O
ZJTLIOS,O,O,O,O,O
ZJTLSIO,O,O,O,O,O
ZJTLSOI,O,O,O,O,O
ZJTLOIS,O,O,O,O,O
ZJTLOSI,O,O,O,O,O
ZJTSILO,O,O,X,O,O
ZJTSIOL,O,O,X,O,O
ZJTSLIO,O,O,X,O,O
ZJTSLOI,O,O,X,O,O
ZJTSOIL,O,O,X,O,O
ZJTSOLI,O,O,X,O,O
ZJTOILS,O,O,O,O,O
ZJTOISL,O,O,X,O,O
ZJTOLIS,O,O,O,O,O
ZJTOLSI,O,O,O,O,O
ZJTOSIL,O,O,X,O,O
ZJTOSLI,O,O,X,O,O
ZJITLSO,O,O,O,O,O
ZJITLOS,O,O,O,O,O
ZJITSLO,O,O,X,O,O
ZJITSOL,O,O,X,O,O
ZJITOLS,O,O,O,O,O
ZJITOSL,O,O,X,O,O
ZJILTSO,O,O,O,O,O
ZJILTOS,O,O,O,O,O
ZJILSTO,O,O,O,O,O
ZJILSOT,X,O,O,O,X
ZJILOTS,O,O,O,O,O
ZJILOST,X,O,O,O,X
ZJISTLO,X,O,X,O,O
ZJISTOL,X,O,X,O,O
ZJISLTO,X,O,X,O,O
ZJISLOT,X,O,X,O,X
ZJISOTL,X,O,X,O,X
ZJISOLT,X,O,X,O,X
ZJIOTLS,O,O,O,O,O
ZJIOTSL,O,O,X,O,O
ZJIOLTS,O,O,O,O,O
ZJIOLST,X,O,O,O,X
ZJIOSTL,X,O,X,O,X
ZJIOSLT,X,O,X,O,X
ZJLTISO,O,O,O,O,O
ZJLTIOS,O,O,O,O,O
ZJLTSIO,O,O,O,O,O
ZJLTSOI,O,O,O,O,O
ZJLTOIS,O,O,O,O,O
ZJLTOSI,O,O,O,O,O
ZJLITSO,O,O,O,O,O
ZJLITOS,O,O,O,O,O
ZJLISTO,O,O,O,O,O
ZJLISOT,X,O,O,O,X
ZJLIOTS,O,O,O,O,O
ZJLIOST,X,O,O,O,X
ZJLSTIO,O,O,O,O,O
ZJLSTOI,O,O,O,O,O
ZJLSITO,O,O,O,O,O
ZJLSIOT,X,O,O,O,X
ZJLSOTI,X,O,O,O,O
ZJLSOIT,X,O,O,O,X
ZJLOTIS,O,O,O,O,O
ZJLOTSI,O,O,O,O,O
ZJLOITS,O,O,O,O,O
ZJLOIST,X,O,O,O,X
ZJLOSTI,X,O,O,O,O
ZJLOSIT,X,O,O,O,X
ZJSTILO,X,O,X,O,O
ZJSTIOL,X,O,X,O,O
ZJSTLIO,X,O,X,O,O
ZJSTLOI,X,O,X,O,O
ZJSTOIL,X,O,X,O,O
ZJSTOLI,X,O,X,O,O
ZJSITLO,X,O,X,O,O
ZJSITOL,X,O,X,O,O
ZJSILTO,X,O,X,O,O
ZJSILOT,X,O,X,O,X
ZJSIOTL,X,O,X,O,X
ZJSIOLT,X,O,X,O,X
ZJSLTIO,X,O,X,O,O
ZJSLTOI,X,O,X,O,O
ZJSLITO,X,O,X,O,O
ZJSLIOT,X,O,X,O,X
ZJSLOTI,X,O,X,O,O
ZJSLOIT,X,O,X,O,X
ZJSOTIL,X,O,X,O,O
ZJSOTLI,X,O,X,O,O
ZJSOITL,X,O,X,O,X
ZJSOILT,X,O,X,O,X
ZJSOLTI,X,O,X,O,O
ZJSOLIT,X,O,X,O,X
ZJOTILS,O,O,O,O,O
ZJOTISL,O,O,X,O,O
ZJOTLIS,O,O,O,O,O
ZJOTLSI,O,O,O,O,O
ZJOTSIL,O,O,X,O,O
ZJOTSLI,O,O,X,O,O
ZJOITLS,O,O,O,O,O
ZJOITSL,O,O,X,O,O
ZJOILTS,O,O,O,O,O
ZJOILST,X,O,O,O,X
ZJOISTL,X,O,X,O,X
ZJOISLT,X,O,X,O,X
ZJOLTIS,O,O,O,O,O
ZJOLTSI,O,O,O,O,O
ZJOLITS,O,O,O,O,O
ZJOLIST,X,O,O,O,X
ZJOLSTI,X,O,O,O,O
ZJOLSIT,X,O,O,O,X
ZJOSTIL,X,O,X,O,O
ZJOSTLI,X,O,X,O,O
ZJOSITL,X,O,X,O,X
ZJOSILT,X,O,X,O,X
ZJOSLTI,X,O,X,O,O
ZJOSLIT,X,O,X,O,X
ZSTILJO,X,O,X,O,X
ZSTILOJ,X,O,X,O,O
ZSTIJLO,X,O,X,O,X
ZSTIJOL,X,O,X,O,X
ZSTIOLJ,X,O,X,O,O
ZSTIOJL,X,O,X,O,X
ZSTLIJO,X,O,X,O,X
ZSTLIOJ,X,O,X,O,O
ZSTLJIO,X,O,X,O,O
ZSTLJOI,X,O,X,O,O
ZSTLOIJ,X,O,X,O,O
ZSTLOJI,X,O,X,O,O
ZSTJILO,X,O,X,O,O
ZSTJIOL,X,O,X,O,O
ZSTJLIO,X,O,X,O,O
ZSTJLOI,X,O,X,O,O
ZSTJOIL,X,O,X,O,O
ZSTJOLI,X,O,X,O,O
ZSTOILJ,X,O,X,O,O
ZSTOIJL,X,O,X,O,X
ZSTOLIJ,X,O,X,O,O
ZSTOLJI,X,O,X,O,O
ZSTOJIL,X,O,X,O,O
ZSTOJLI,X,O,X,O,O
ZSITLJO,X,O,X,O,X
ZSITLOJ,X,O,X,O,X
ZSITJLO,X,O,X,O,X
ZSITJOL,X,O,X,O,X
ZSITOLJ,X,O,X,O,X
ZSITOJL,X,O,X,O,X
ZSILTJO,X,O,X,O,X
ZSILTOJ,X,O,X,O,X
ZSILJTO,X,O,X,O,X
ZSILJOT,X,O,X,O,X
ZSILOTJ,X,O,X,O,X
ZSILOJT,X,O,X,O,X
ZSIJTLO,X,O,X,O,X
ZSIJTOL,X,O,X,O,X
ZSIJLTO,X,O,X,O,X
ZSIJLOT,X,O,X,O,X
ZSIJOTL,X,O,X,O,X
ZSIJOLT,X,O,X,O,X
ZSIOTLJ,X,O,X,O,X
ZSIOTJL,X,O,X,O,X
ZSIOLTJ,X,O,X,O,X
ZSIOLJT,X,O,X,O,X
ZSIOJTL,X,O,X,O,X
ZSIOJLT,X,O,X,O,X
ZSLTIJO,X,O,X,O,X
ZSLTIOJ,X,O,X,O,O
ZSLTJIO,X,O,X,O,O
ZSLTJOI,X,O,X,O,O
ZSLTOIJ,X,O,X,O,O
ZSLTOJI,X,O,X,O,O
ZSLITJO,X,O,X,O,X
ZSLITOJ,X,O,X,O,X
ZSLIJTO,X,O,X,O,X
ZSLIJOT,X,O,X,O,X
ZSLIOTJ,X,O,X,O,X
ZSLIOJT,X,O,X,O,X
ZSLJTIO,X,O,X,O,O
ZSLJTOI,X,O,X,O,O
ZSLJITO,X,O,X,O,O
ZSLJIOT,X,O,X,O,X
ZSLJOTI,X,O,X,O,O
ZSLJOIT,X,O,X,O,X
ZSLOTIJ,X,O,X,O,O
ZSLOTJI,X,O,X,O,O
ZSLOITJ,X,O,X,O,X
ZSLOIJT,X,O,X,O,X
ZSLOJTI,X,O,X,O,O
ZSLOJIT,X,O,X,O,X
ZSJTILO,X,O,X,O,O
ZSJTIOL,X,O,X,O,O
ZSJTLIO,X,O,X,O,O
ZSJTLOI,X,O,X,O,O
ZSJTOIL,X,O,X,O,O
ZSJTOLI,X,O,X,O,O
ZSJITLO,X,O,X,O,O
ZSJITOL,X,O,X,O,O
ZSJILTO,X,O,X,O,O
ZSJILOT,X,O,X,O,X
ZSJIOTL,X,O,X,O,X
ZSJIOLT,X,O,X,O,X
ZSJLTIO,X,O,X,O,O
ZSJLTOI,X,O,X,O,O
ZSJLITO,X,O,X,O,O
ZSJLIOT,X,O,X,O,X
ZSJLOTI,X,O,X,O,O
ZSJLOIT,X,O,X,O,X
ZSJOTIL,X,O,X,O,O
ZSJOTLI,X,O,X,O,O
ZSJOITL,X,O,X,O,X
ZSJOILT,X,O,X,O,X
ZSJOLTI,X,O,X,O,O
ZSJOLIT,X,O,X,O,X
ZSOTILJ,X,O,X,O,O
ZSOTIJL,X,O,X,O,X
ZSOTLIJ,X,O,X,O,O
ZSOTLJI,X,O,X,O,O
ZSOTJIL,X,O,X,O,O
ZSOTJLI,X,O,X,O,O
ZSOITLJ,X,O,X,O,X
ZSOITJL,X,O,X,O,X
ZSOILTJ,X,O,X,O,X
ZSOILJT,X,O,X,O,X
ZSOIJTL,X,O,X,O,X
ZSOIJLT,X,O,X,O,X
ZSOLTIJ,X,O,X,O,O
ZSOLTJI,X,O,X,O,O
ZSOLITJ,X,O,X,O,X
ZSOLIJT,X,O,X,O,X
ZSOLJTI,X,O,X,O,O
ZSOLJIT,X,O,X,O,X
ZSOJTIL,X,O,X,O,O
ZSOJTLI,X,O,X,O,O
ZSOJITL,X,O,X,O,X
ZSOJILT,X,O,X,O,X
ZSOJLTI,X,O,X,O,O
ZSOJLIT,X,O,X,O,X
ZOTILJS,O,X,O,O,O
ZOTILSJ,O,O,O,O,O
ZOTIJLS,O,X,O,O,O
ZOTIJSL,O,X,X,O,O
ZOTISLJ,O,O,X,O,O
ZOTISJL,O,O,X,O,X
ZOTLIJS,O,X,O,O,O
ZOTLISJ,O,O,O,O,O
ZOTLJIS,O,O,O,O,O
ZOTLJSI,O,O,O,O,O
ZOTLSIJ,O,O,O,O,O
ZOTLSJI,O,O,O,O,O
ZOTJILS,O,O,O,O,O
ZOTJISL,O,O,X,O,O
ZOTJLIS,O,O,O,O,O
ZOTJLSI,O,O,O,O,O
ZOTJSIL,O,O,X,O,O
ZOTJSLI,O,O,X,O,O
ZOTSILJ,O,O,X,O,O
ZOTSIJL,O,O,X,O,X
ZOTSLIJ,O,O,X,O,O
ZOTSLJI,O,O,X,O,O
ZOTSJIL,O,O,X,O,O
ZOTSJLI,O,O,X,O,O
ZOITLJS,O,X,O,O,O
ZOITLSJ,O,X,O,O,O
ZOITJLS,O,X,O,O,O
ZOITJSL,O,X,X,O,O
ZOITSLJ,O,X,X,O,O
ZOITSJL,O,X,X,O,X
ZOILTJS,O,X,O,O,O
ZOILTSJ,O,X,O,O,O
ZOILJTS,O,X,O,O,O
ZOILJST,X,X,O,O,X
ZOILSTJ,X,X,O,O,X
ZOILSJT,X,X,O,O,X
ZOIJTLS,O,X,O,O,O
ZOIJTSL,O,X,X,O,O
ZOIJLTS,O,X,O,O,O
ZOIJLST,X,X,O,O,X
ZOIJSTL,X,X,X,O,X
ZOIJSLT,X,X,X,O,X
ZOISTLJ,X,X,X,O,X
ZOISTJL,X,X,X,O,X
ZOISLTJ,X,X,X,O,X
ZOISLJT,X,X,X,O,X
ZOISJTL,X,X,X,O,X
ZOISJLT,X,X,X,O,X
ZOLTIJS,O,X,O,O,O
ZOLTISJ,O,O,O,O,O
ZOLTJIS,O,O,O,O,O
ZOLTJSI,O,O,O,O,O
ZOLTSIJ,O,O,O,O,O
ZOLTSJI,O,O,O,O,O
ZOLITJS,O,X,O,O,O
ZOLITSJ,O,X,O,O,O
ZOLIJTS,O,X,O,O,O
ZOLIJST,X,X,O,O,X
ZOLISTJ,X,X,O,O,X
ZOLISJT,X,X,O,O,X
ZOLJTIS,O,O,O,O,O
ZOLJTSI,O,O,O,O,O
ZOLJITS,O,O,O,O,O
ZOLJIST,X,O,O,O,X
ZOLJSTI,X,O,O,O,O
ZOLJSIT,X,O,O,O,X
ZOLSTIJ,X,O,O,O,O
ZOLSTJI,X,O,O,O,O
ZOLSITJ,X,O,O,O,X
ZOLSIJT,X,O,O,O,X
ZOLSJTI,X,O,O,O,O
ZOLSJIT,X,O,O,O,X
ZOJTILS,O,O,O,O,O
ZOJTISL,O,O,X,O,O
ZOJTLIS,O,O,O,O,O
ZOJTLSI,O,O,O,O,O
ZOJTSIL,O,O,X,O,O
ZOJTSLI,O,O,X,O,O
ZOJITLS,O,O,O,O,O
ZOJITSL,O,O,X,O,O
ZOJILTS,O,O,O,O,O
ZOJILST,X,O,O,O,X
ZOJISTL,X,O,X,O,X
ZOJISLT,X,O,X,O,X
ZOJLTIS,O,O,O,O,O
ZOJLTSI,O,O,O,O,O
ZOJLITS,O,O,O,O,O
ZOJLIST,X,O,O,O,X
ZOJLSTI,X,O,O,O,O
ZOJLSIT,X,O,O,O,X
ZOJSTIL,X,O,X,O,O
ZOJSTLI,X,O,X,O,O
ZOJSITL,X,O,X,O,X
ZOJSILT,X,O,X,O,X
ZOJSLTI,X,O,X,O,O
ZOJSLIT,X,O,X,O,X
ZOSTILJ,X,O,X,O,O
ZOSTIJL,X,O,X,O,X
ZOSTLIJ,X,O,X,O,O
ZOSTLJI,X,O,X,O,O
ZOSTJIL,X,O,X,O,O
ZOSTJLI,X,O,X,O,O
ZOSITLJ,X,O,X,O,X
ZOSITJL,X,O,X,O,X
ZOSILTJ,X,O,X,O,X
ZOSILJT,X,O,X,O,X
ZOSIJTL,X,O,X,O,X
ZOSIJLT,X,O,X,O,X
ZOSLTIJ,X,O,X,O,O
ZOSLTJI,X,O,X,O,O
ZOSLITJ,X,O,X,O,X
ZOSLIJT,X,O,X,O,X
ZOSLJTI,X,O,X,O,O
ZOSLJIT,X,O,X,O,X
ZOSJTIL,X,O,X,O,O
ZOSJTLI,X,O,X,O,O
ZOSJITL,X,O,X,O,X
ZOSJILT,X,O,X,O,X
ZOSJLTI,X,O,X,O,O
ZOSJLIT,X,O,X,O,X
OTILJSZ,O,X,O,X,X
OTILJZS,O,X,O,O,X
OTILSJZ,O,X,O,X,X
OTILSZJ,O,X,O,X,X
OTILZJS,O,X,O,O,O
OTILZSJ,O,X,O,O,O
OTIJLSZ,O,X,O,X,X
OTIJLZS,O,X,O,O,O
OTIJSLZ,O,X,O,X,X
OTIJSZL,O,X,X,O,O
OTIJZLS,O,X,O,O,O
OTIJZSL,O,X,X,O,O
OTISLJZ,O,X,O,X,X
OTISLZJ,O,O,O,X,X
OTISJLZ,O,X,O,X,X
OTISJZL,O,O,X,O,X
OTISZLJ,O,O,X,O,O
OTISZJL,O,O,X,O,X
OTIZLJS,O,X,O,O,O
OTIZLSJ,O,O,O,O,O
OTIZJLS,O,X,O,O,O
OTIZJSL,O,X,X,O,O
OTIZSLJ,O,O,X,O,O
OTIZSJL,O,O,X,O,X
OTLIJSZ,O,X,O,X,X
OTLIJZS,O,X,O,O,X
OTLISJZ,O,X,O,X,X
OTLISZJ,O,X,O,X,X
OTLIZJS,O,X,O,O,O
OTLIZSJ,O,X,O,O,O
OTLJISZ,O,X,O,X,X
OTLJIZS,O,X,O,O,O
OTLJSIZ,O,X,O,X,X
OTLJSZI,O,X,O,X,X
OTLJZIS,O,X,O,O,O
OTLJZSI,O,X,O,O,O
OTLSIJZ,O,X,O,X,X
OTLSIZJ,O,X,O,X,X
OTLSJIZ,O,X,O,X,X
OTLSJZI,O,X,O,X,X
OTLSZIJ,O,X,O,X,X
OTLSZJI,O,X,O,X,X
OTLZIJS,O,X,O,O,O
OTLZISJ,O,X,O,O,O
OTLZJIS,O,X,O,O,O
OTLZJSI,O,X,O,O,O
OTLZSIJ,O,X,O,O,O
OTLZSJI,O,X,O,O,O
OTJILSZ,O,X,O,X,X
OTJILZS,O,X,O,O,O
OTJISLZ,O,O,O,X,X
OTJISZL,O,O,X,O,O
OTJIZLS,O,O,O,O,O
OTJIZSL,O,O,X,O,O
OTJLISZ,O,X,O,X,X
OTJLIZS,O,X,O,O,O
OTJLSIZ,O,X,O,X,X
OTJLSZI,O,X,O,X,X
OTJLZIS,O,X,O,O,O
OTJLZSI,O,X,O,O,O
OTJSILZ,O,O,O,X,X
OTJSIZL,O,O,X,O,O
OTJSLIZ,O,O,O,X,X
OTJSLZI,O,O,O,X,X
OTJSZIL,O,O,X,O,O
OTJSZLI,O,O,X,O,O
OTJZILS,O,O,O,O,O
OTJZISL,O,O,X,O,O
OTJZLIS,O,O,O,O,O
OTJZLSI,O,O,O,O,O
OTJZSIL,O,O,X,O,O
OTJZSLI,O,O,X,O,O
OTSILJZ,O,X,O,X,X
OTSILZJ,O,O,O,X,X
OTSIJLZ,O,O,O,X,X
OTSIJZL,O,O,X,O,X
OTSIZLJ,O,O,X,O,O
OTSIZJL,O,O,X,O,X
OTSLIJZ,O,X,O,X,X
OTSLIZJ,O,O,O,X,X
OTSLJIZ,O,O,O,X,X
OTSLJZI,O,O,O,X,X
OTSLZIJ,O,O,O,X,X
OTSLZJI,O,O,O,X,X
OTSJILZ,O,O,O,X,X
OTSJIZL,O,O,X,O,O
OTSJLIZ,O,O,O,X,X
OTSJLZI,O,O,O,X,X
OTSJZIL,O,O,X,O,O
OTSJZLI,O,O,X,O,O
OTSZILJ,O,O,X,O,O
OTSZIJL,O,O,X,O,X
OTSZLIJ,O,O,X,O,O
OTSZLJI,O,O,X,O,O
OTSZJIL,O,O,X,O,O
OTSZJLI,O,O,X,O,O
OTZILJS,O,X,O,O,O
OTZILSJ,O,O,O,O,O
OTZIJLS,O,X,O,O,O
OTZIJSL,O,X,X,O,O
OTZISLJ,O,O,X,O,O
OTZISJL,O,O,X,O,X
OTZLIJS,O,X,O,O,O
OTZLISJ,O,O,O,O,O
OTZLJIS,O,O,O,O,O
OTZLJSI,O,O,O,O,O
OTZLSIJ,O,O,O,O,O
OTZLSJI,O,O,O,O,O
OTZJILS,O,O,O,O,O
OTZJISL,O,O,X,O,O
OTZJLIS,O,O,O,O,O
OTZJLSI,O,O,O,O,O
OTZJSIL,O,O,X,O,O
OTZJSLI,O,O,X,O,O
OTZSILJ,O,O,X,O,O
OTZSIJL,O,O,X,O,X
OTZSLIJ,O,O,X,O,O
OTZSLJI,O,O,X,O,O
OTZSJIL,O,O,X,O,O
OTZSJLI,O,O,X,O,O
OITLJSZ,O,X,O,X,X
OITLJZS,O,X,O,O,X
OITLSJZ,O,X,O,X,X
OITLSZJ,O,X,O,X,X
OITLZJS,O,X,O,O,O
OITLZSJ,O,X,O,O,O
OITJLSZ,O,X,O,X,X
OITJLZS,O,X,O,O,O
OITJSLZ,O,X,O,X,X
OITJSZL,O,X,X,O,O
OITJZLS,O,X,O,O,O
OITJZSL,O,X,X,O,O
OITSLJZ,O,X,O,X,X
OITSLZJ,O,X,O,X,X
OITSJLZ,O,X,O,X,X
OITSJZL,O,X,X,O,X
OITSZLJ,O,X,X,O,O
OITSZJL,O,X,X,O,X
OITZLJS,O,X,O,O,O
OITZLSJ,O,X,O,O,O
OITZJLS,O,X,O,O,O
OITZJSL,O,X,X,O,O
OITZSLJ,O,X,X,O,O
OITZSJL,O,X,X,O,X
OILTJSZ,O,X,O,X,X
OILTJZS,O,X,O,O,X
OILTSJZ,O,X,O,X,X
OILTSZJ,O,X,O,X,X
OILTZJS,O,X,O,O,X
OILTZSJ,O,X,O,O,X
OILJTSZ,O,X,O,X,X
OILJTZS,O,X,O,O,X
OILJSTZ,O,X,O,X,X
OILJSZT,X,X,O,X,X
OILJZTS,O,X,O,O,X
OILJZST,X,X,O,O,X
OILSTJZ,O,X,O,X,X
OILSTZJ,O,X,O,X,X
OILSJTZ,O,X,O,X,X
OILSJZT,X,X,O,X,X
OILSZTJ,X,X,O,X,X
OILSZJT,X,X,O,X,X
OILZTJS,O,X,O,O,X
OILZTSJ,O,X,O,O,X
OILZJTS,O,X,O,O,X
OILZJST,X,X,O,O,X
OILZSTJ,X,X,O,O,X
OILZSJT,X,X,O,O,X
OIJTLSZ,O,X,O,X,X
OIJTLZS,O,X,O,O,O
OIJTSLZ,O,X,O,X,X
OIJTSZL,O,X,X,O,O
OIJTZLS,O,X,O,O,O
OIJTZSL,O,X,X,O,O
OIJLTSZ,O,X,O,X,X
OIJLTZS,O,X,O,O,X
OIJLSTZ,O,X,O,X,X
OIJLSZT,X,X,O,X,X
OIJLZTS,O,X,O,O,X
OIJLZST,X,X,O,O,X
OIJSTLZ,O,X,O,X,X
OIJSTZL,O,X,X,O,X
OIJSLTZ,O,X,O,X,X
OIJSLZT,X,X,O,X,X
OIJSZTL,X,X,X,O,X
OIJSZLT,X,X,X,O,X
OIJZTLS,O,X,O,O,O
OIJZTSL,O,X,X,O,O
OIJZLTS,O,X,O,O,O
OIJZLST,X,X,O,O,X
OIJZSTL,X,X,X,O,X
OIJZSLT,X,X,X,O,X
OISTLJZ,O,X,O,X,X
OISTLZJ,O,X,O,X,X
OISTJLZ,O,X,O,X,X
OISTJZL,O,X,X,O,X
OISTZLJ,O,X,X,O,X
OISTZJL,O,X,X,O,X
OISLTJZ,O,X,O,X,X
OISLTZJ,O,X,O,X,X
OISLJTZ,O,X,O,X,X
OISLJZT,X,X,O,X,X
OISLZTJ,X,X,O,X,X
OISLZJT,X,X,O,X,X
OISJTLZ,O,X,O,X,X
OISJTZL,O,X,X,O,X
OISJLTZ,O,X,O,X,X
OISJLZT,X,X,O,X,X
OISJZTL,X,X,X,O,X
OISJZLT,X,X,X,O,X
OISZTLJ,X,X,X,O,X
OISZTJL,X,X,X,O,X
OISZLTJ,X,X,X,O,X
OISZLJT,X,X,X,O,X
OISZJTL,X,X,X,O,X
OISZJLT,X,X,X,O,X
OIZTLJS,O,X,O,O,O
OIZTLSJ,O,X,O,O,O
OIZTJLS,O,X,O,O,O
OIZTJSL,O,X,X,O,O
OIZTSLJ,O,X,X,O,O
OIZTSJL,O,X,X,O,X
OIZLTJS,O,X,O,O,O
OIZLTSJ,O,X,O,O,O
OIZLJTS,O,X,O,O,O
OIZLJST,X,X,O,O,X
OIZLSTJ,X,X,O,O,X
OIZLSJT,X,X,O,O,X
OIZJTLS,O,X,O,O,O
OIZJTSL,O,X,X,O,O
OIZJLTS,O,X,O,O,O
OIZJLST,X,X,O,O,X
OIZJSTL,X,X,X,O,X
OIZJSLT,X,X,X,O,X
OIZSTLJ,X,X,X,O,X
OIZSTJL,X,X,X,O,X
OIZSLTJ,X,X,X,O,X
OIZSLJT,X,X,X,O,X
OIZSJTL,X,X,X,O,X
OIZSJLT,X,X,X,O,X
OLTIJSZ,O,X,O,X,X
OLTIJZS,O,X,O,O,X
OLTISJZ,O,X,O,X,X
OLTISZJ,O,X,O,X,X
OLTIZJS,O,X,O,O,O
OLTIZSJ,O,X,O,O,O
OLTJISZ,O,X,O,X,X
OLTJIZS,O,X,O,O,O
OLTJSIZ,O,X,O,X,X
OLTJSZI,O,X,O,X,X
OLTJZIS,O,X,O,O,O
OLTJZSI,O,X,O,O,O
OLTSIJZ,O,X,O,X,X
OLTSIZJ,O,X,O,X,X
OLTSJIZ,O,X,O,X,X
OLTSJZI,O,X,O,X,X
OLTSZIJ,O,X,O,X,X
OLTSZJI,O,X,O,X,X
OLTZIJS,O,X,O,O,O
OLTZISJ,O,X,O,O,O
OLTZJIS,O,X,O,O,O
OLTZJSI,O,X,O,O,O
OLTZSIJ,O,X,O,O,O
OLTZSJI,O,X,O,O,O
OLITJSZ,O,X,O,X,X
OLITJZS,O,X,O,O,X
OLITSJZ,O,X,O,X,X
OLITSZJ,O,X,O,X,X
OLITZJS,O,X,O,O,X
OLITZSJ,O,X,O,O,X
OLIJTSZ,O,X,O,X,X
OLIJTZS,O,X,O,O,X
OLIJSTZ,O,X,O,X,X
OLIJSZT,X,X,O,X,X
OLIJZTS,O,X,O,O,X
OLIJZST,X,X,O,O,X
OLISTJZ,O,X,O,X,X
OLISTZJ,O,X,O,X,X
OLISJTZ,O,X,O,X,X
OLISJZT,X,X,O,X,X
OLISZTJ,X,X,O,X,X
OLISZJT,X,X,O,X,X
OLIZTJS,O,X,O,O,X
OLIZTSJ,O,X,O,O,X
OLIZJTS,O,X,O,O,X
OLIZJST,X,X,O,O,X
OLIZSTJ,X,X,O,O,X
OLIZSJT,X,X,O,O,X
OLJTISZ,O,X,O,X,X
OLJTIZS,O,X,O,O,O
OLJTSIZ,O,X,O,X,X
OLJTSZI,O,X,O,X,X
OLJTZIS,O,X,O,O,O
OLJTZSI,O,X,O,O,O
OLJITSZ,O,X,O,X,X
OLJITZS,O,X,O,O,X
OLJISTZ,O,X,O,X,X
OLJISZT,X,X,O,X,X
OLJIZTS,O,X,O,O,X
OLJIZST,X,X,O,O,X
OLJSTIZ,O,X,O,X,X
OLJSTZI,O,X,O,X,X
OLJSITZ,O,X,O,X,X
OLJSIZT,X,X,O,X,X
OLJSZTI,X,X,O,X,X
OLJSZIT,X,X,O,X,X
OLJZTIS,O,X,O,O,O
OLJZTSI,O,X,O,O,O
OLJZITS,O,X,O,O,O
OLJZIST,X,X,O,O,X
OLJZSTI,X,X,O,O,O
OLJZSIT,X,X,O,O,X
OLSTIJZ,O,X,O,X,X
OLSTIZJ,O,X,O,X,X
OLSTJIZ,O,X,O,X,X
OLSTJZI,O,X,O,X,X
OLSTZIJ,O,X,O,X,X
OLSTZJI,O,X,O,X,X
OLSITJZ,O,X,O,X,X
OLSITZJ,O,X,O,X,X
OLSIJTZ,O,X,O,X,X
OLSIJZT,X,X,O,X,X
OLSIZTJ,X,X,O,X,X
OLSIZJT,X,X,O,X,X
OLSJTIZ,O,X,O,X,X
OLSJTZI,O,X,O,X,X
OLSJITZ,O,X,O,X,X
OLSJIZT,X,X,O,X,X
OLSJZTI,X,X,O,X,X
OLSJZIT,X,X,O,X,X
OLSZTIJ,X,X,O,X,X
OLSZTJI,X,X,O,X,X
OLSZITJ,X,X,O,X,X
OLSZIJT,X,X,O,X,X
OLSZJTI,X,X,O,X,X
OLSZJIT,X,X,O,X,X
OLZTIJS,O,X,O,O,O
OLZTISJ,O,X,O,O,O
OLZTJIS,O,X,O,O,O
OLZTJSI,O,X,O,O,O
OLZTSIJ,O,X,O,O,O
OLZTSJI,O,X,O,O,O
OLZITJS,O,X,O,O,O
OLZITSJ,O,X,O,O,O
OLZIJTS,O,X,O,O,O
OLZIJST,X,X,O,O,X
OLZISTJ,X,X,O,O,X
OLZISJT,X,X,O,O,X
OLZJTIS,O,X,O,O,O
OLZJTSI,O,X,O,O,O
OLZJITS,O,X,O,O,O
OLZJIST,X,X,O,O,X
OLZJSTI,X,X,O,O,O
OLZJSIT,X,X,O,O,X
OLZSTIJ,X,X,O,O,O
OLZSTJI,X,X,O,O,O
OLZSITJ,X,X,O,O,X
OLZSIJT,X,X,O,O,X
OLZSJTI,X,X,O,O,O
OLZSJIT,X,X,O,O,X
OJTILSZ,O,X,O,X,X
OJTILZS,O,X,O,O,O
OJTISLZ,O,O,O,X,X
OJTISZL,O,O,X,O,O
OJTIZLS,O,O,O,O,O
OJTIZSL,O,O,X,O,O
OJTLISZ,O,X,O,X,X
OJTLIZS,O,X,O,O,O
OJTLSIZ,O,X,O,X,X
OJTLSZI,O,X,O,X,X
OJTLZIS,O,X,O,O,O
OJTLZSI,O,X,O,O,O
OJTSILZ,O,O,O,X,X
OJTSIZL,O,O,X,O,O
OJTSLIZ,O,O,O,X,X
OJTSLZI,O,O,O,X,X
OJTSZIL,O,O,X,O,O
OJTSZLI,O,O,X,O,O
OJTZILS,O,O,O,O,O
OJTZISL,O,O,X,O,O
OJTZLIS,O,O,O,O,O
OJTZLSI,O,O,O,O,O
OJTZSIL,O,O,X,O,O
OJTZSLI,O,O,X,O,O
OJITLSZ,O,X,O,X,X
OJITLZS,O,X,O,O,O
OJITSLZ,O,O,O,X,X
OJITSZL,O,O,X,O,O
OJITZLS,O,O,O,O,O
OJITZSL,O,O,X,O,O
OJILTSZ,O,X,O,X,X
OJILTZS,O,X,O,O,X
OJILSTZ,O,X,O,X,X
OJILSZT,X,X,O,X,X
OJILZTS,O,X,O,O,X
OJILZST,X,X,O,O,X
OJISTLZ,O,O,O,X,X
OJISTZL,O,O,X,O,X
OJISLTZ,O,X,O,X,X
OJISLZT,X,X,O,X,X
OJISZTL,X,O,X,O,X
OJISZLT,X,O,X,O,X
OJIZTLS,O,O,O,O,O
OJIZTSL,O,O,X,O,O
OJIZLTS,O,O,O,O,O
OJIZLST,X,O,O,O,X
OJIZSTL,X,O,X,O,X
OJIZSLT,X,O,X,O,X
OJLTISZ,O,X,O,X,X
OJLTIZS,O,X,O,O,O
OJLTSIZ,O,X,O,X,X
OJLTSZI,O,X,O,X,X
OJLTZIS,O,X,O,O,O
OJLTZSI,O,X,O,O,O
OJLITSZ,O,X,O,X,X
OJLITZS,O,X,O,O,X
OJLISTZ,O,X,O,X,X
OJLISZT,X,X,O,X,X
OJLIZTS,O,X,O,O,X
OJLIZST,X,X,O,O,X
OJLSTIZ,O,X,O,X,X
OJLSTZI,O,X,O,X,X
OJLSITZ,O,X,O,X,X
OJLSIZT,X,X,O,X,X
OJLSZTI,X,X,O,X,X
OJLSZIT,X,X,O,X,X
OJLZTIS,O,X,O,O,O
OJLZTSI,O,X,O,O,O
OJLZITS,O,X,O,O,O
OJLZIST,X,X,O,O,X
OJLZSTI,X,X,O,O,O
OJLZSIT,X,X,O,O,X
OJSTILZ,O,O,O,X,X
OJSTIZL,O,O,X,O,O
OJSTLIZ,O,O,O,X,X
OJSTLZI,O,O,O,X,X
OJSTZIL,O,O,X,O,O
OJSTZLI,O,O,X,O,O
OJSITLZ,O,O,O,X,X
OJSITZL,O,O,X,O,X
OJSILTZ,O,X,O,X,X
OJSILZT,X,X,O,X,X
OJSIZTL,X,O,X,O,X
OJSIZLT,X,O,X,O,X
OJSLTIZ,O,O,O,X,X
OJSLTZI,O,O,O,X,X
OJSLITZ,O,X,O,X,X
OJSLIZT,X,X,O,X,X
OJSLZTI,X,O,O,X,X
OJSLZIT,X,O,O,X,X
OJSZTIL,X,O,X,O,O
OJSZTLI,X,O,X,O,O
OJSZITL,X,O,X,O,X
OJSZILT,X,O,X,O,X
OJSZLTI,X,O,X,O,O
OJSZLIT,X,O,X,O,X
OJZTILS,O,O,O,O,O
OJZTISL,O,O,X,O,O
OJZTLIS,O,O,O,O,O
OJZTLSI,O,O,O,O,O
OJZTSIL,O,O,X,O,O
OJZTSLI,O,O,X,O,O
OJZITLS,O,O,O,O,O
OJZITSL,O,O,X,O,O
OJZILTS,O,O,O,O,O
OJZILST,X,O,O,O,X
OJZISTL,X,O,X,O,X
OJZISLT,X,O,X,O,X
OJZLTIS,O,O,O,O,O
OJZLTSI,O,O,O,O,O
OJZLITS,O,O,O,O,O
OJZLIST,X,O,O,O,X
OJZLSTI,X,O,O,O,O
OJZLSIT,X,O,O,O,X
OJZSTIL,X,O,X,O,O
OJZSTLI,X,O,X,O,O
OJZSITL,X,O,X,O,X
OJZSILT,X,O,X,O,X
OJZSLTI,X,O,X,O,O
OJZSLIT,X,O,X,O,X
OSTILJZ,O,X,O,X,X
OSTILZJ,O,O,O,X,X
OSTIJLZ,O,O,O,X,X
OSTIJZL,O,O,X,O,X
OSTIZLJ,O,O,X,O,O
OSTIZJL,O,O,X,O,X
OSTLIJZ,O,X,O,X,X
OSTLIZJ,O,O,O,X,X
OSTLJIZ,O,O,O,X,X
OSTLJZI,O,O,O,X,X
OSTLZIJ,O,O,O,X,X
OSTLZJI,O,O,O,X,X
OSTJILZ,O,O,O,X,X
OSTJIZL,O,O,X,O,O
OSTJLIZ,O,O,O,X,X
OSTJLZI,O,O,O,X,X
OSTJZIL,O,O,X,O,O
OSTJZLI,O,O,X,O,O
OSTZILJ,O,O,X,O,O
OSTZIJL,O,O,X,O,X
OSTZLIJ,O,O,X,O,O
OSTZLJI,O,O,X,O,O
OSTZJIL,O,O,X,O,O
OSTZJLI,O,O,X,O,O
OSITLJZ,O,X,O,X,X
OSITLZJ,O,O,O,X,X
OSITJLZ,O,O,O,X,X
OSITJZL,O,O,X,O,X
OSITZLJ,O,O,X,O,X
OSITZJL,O,O,X,O,X
OSILTJZ,O,X,O,X,X
OSILTZJ,O,X,O,X,X
OSILJTZ,O,X,O,X,X
OSILJZT,X,X,O,X,X
OSILZTJ,X,X,O,X,X
OSILZJT,X,X,O,X,X
OSIJTLZ,O,O,O,X,X
OSIJTZL,O,O,X,O,X
OSIJLTZ,O,X,O,X,X
OSIJLZT,X,X,O,X,X
OSIJZTL,X,O,X,O,X
OSIJZLT,X,O,X,O,X
OSIZTLJ,X,O,X,O,X
OSIZTJL,X,O,X,O,X
OSIZLTJ,X,O,X,O,X
OSIZLJT,X,O,X,O,X
OSIZJTL,X,O,X,O,X
OSIZJLT,X,O,X,O,X
OSLTIJZ,O,X,O,X,X
OSLTIZJ,O,O,O,X,X
OSLTJIZ,O,O,O,X,X
OSLTJZI,O,O,O,X,X
OSLTZIJ,O,O,O,X,X
OSLTZJI,O,O,O,X,X
OSLITJZ,O,X,O,X,X
OSLITZJ,O,X,O,X,X
OSLIJTZ,O,X,O,X,X
OSLIJZT,X,X,O,X,X
OSLIZTJ,X,X,O,X,X
OSLIZJT,X,X,O,X,X
OSLJTIZ,O,O,O,X,X
OSLJTZI,O,O,O,X,X
OSLJITZ,O,X,O,X,X
OSLJIZT,X,X,O,X,X
OSLJZTI,X,O,O,X,X
OSLJZIT,X,O,O,X,X
OSLZTIJ,X,O,O,X,X
OSLZTJI,X,O,O,X,X
OSLZITJ,X,O,O,X,X
OSLZIJT,X,O,O,X,X
OSLZJTI,X,O,O,X,X
OSLZJIT,X,O,O,X,X
OSJTILZ,O,O,O,X,X
OSJTIZL,O,O,X,O,O
OSJTLIZ,O,O,O,X,X
OSJTLZI,O,O,O,X,X
OSJTZIL,O,O,X,O,O
OSJTZLI,O,O,X,O,O
OSJITLZ,O,O,O,X,X
OSJITZL,O,O,X,O,X
OSJILTZ,O,X,O,X,X
OSJILZT,X,X,O,X,X
OSJIZTL,X,O,X,O,X
OSJIZLT,X,O,X,O,X
OSJLTIZ,O,O,O,X,X
OSJLTZI,O,O,O,X,X
OSJLITZ,O,X,O,X,X
OSJLIZT,X,X,O,X,X
OSJLZTI,X,O,O,X,X
OSJLZIT,X,O,O,X,X
OSJZTIL,X,O,X,O,O
OSJZTLI,X,O,X,O,O
OSJZITL,X,O,X,O,X
OSJZILT,X,O,X,O,X
OSJZLTI,X,O,X,O,O
OSJZLIT,X,O,X,O,X
OSZTILJ,X,O,X,O,O
OSZTIJL,X,O,X,O,X
OSZTLIJ,X,O,X,O,O
OSZTLJI,X,O,X,O,O
OSZTJIL,X,O,X,O,O
OSZTJLI,X,O,X,O,O
OSZITLJ,X,O,X,O,X
OSZITJL,X,O,X,O,X
OSZILTJ,X,O,X,O,X
OSZILJT,X,O,X,O,X
OSZIJTL,X,O,X,O,X
OSZIJLT,X,O,X,O,X
OSZLTIJ,X,O,X,O,O
OSZLTJI,X,O,X,O,O
OSZLITJ,X,O,X,O,X
OSZLIJT,X,O,X,O,X
OSZLJTI,X,O,X,O,O
OSZLJIT,X,O,X,O,X
OSZJTIL,X,O,X,O,O
OSZJTLI,X,O,X,O,O
OSZJITL,X,O,X,O,X
OSZJILT,X,O,X,O,X
OSZJLTI,X,O,X,O,O
OSZJLIT,X,O,X,O,X
OZTILJS,O,X,O,O,O
OZTILSJ,O,O,O,O,O
OZTIJLS,O,X,O,O,O
OZTIJSL,O,X,X,O,O
OZTISLJ,O,O,X,O,O
OZTISJL,O,O,X,O,X
OZTLIJS,O,X,O,O,O
OZTLISJ,O,O,O,O,O
OZTLJIS,O,O,O,O,O
OZTLJSI,O,O,O,O,O
OZTLSIJ,O,O,O,O,O
OZTLSJI,O,O,O,O,O
OZTJILS,O,O,O,O,O
OZTJISL,O,O,X,O,O
OZTJLIS,O,O,O,O,O
OZTJLSI,O,O,O,O,O
OZTJSIL,O,O,X,O,O
OZTJSLI,O,O,X,O,O
OZTSILJ,O,O,X,O,O
OZTSIJL,O,O,X,O,X
OZTSLIJ,O,O,X,O,O
OZTSLJI,O,O,X,O,O
OZTSJIL,O,O,X,O,O
OZTSJLI,O,O,X,O,O
OZITLJS,O,X,O,O,O
OZITLSJ,O,X,O,O,O
OZITJLS,O,X,O,O,O
OZITJSL,O,X,X,O,O
OZITSLJ,O,X,X,O,O
OZITSJL,O,X,X,O,X
OZILTJS,O,X,O,O,O
OZILTSJ,O,X,O,O,O
OZILJTS,O,X,O,O,O
OZILJST,X,X,O,O,X
OZILSTJ,X,X,O,O,X
OZILSJT,X,X,O,O,X
OZIJTLS,O,X,O,O,O
OZIJTSL,O,X,X,O,O
OZIJLTS,O,X,O,O,O
OZIJLST,X,X,O,O,X
OZIJSTL,X,X,X,O,X
OZIJSLT,X,X,X,O,X
OZISTLJ,X,X,X,O,X
OZISTJL,X,X,X,O,X
OZISLTJ,X,X,X,O,X
OZISLJT,X,X,X,O,X
OZISJTL,X,X,X,O,X
OZISJLT,X,X,X,O,X
OZLTIJS,O,X,O,O,O
OZLTISJ,O,O,O,O,O
OZLTJIS,O,O,O,O,O
OZLTJSI,O,O,O,O,O
OZLTSIJ,O,O,O,O,O
OZLTSJI,O,O,O,O,O
OZLITJS,O,X,O,O,O
OZLITSJ,O,X,O,O,O
OZLIJTS,O,X,O,O,O
OZLIJST,X,X,O,O,X
OZLISTJ,X,X,O,O,X
OZLISJT,X,X,O,O,X
OZLJTIS,O,O,O,O,O
OZLJTSI,O,O,O,O,O
OZLJITS,O,O,O,O,O
OZLJIST,X,O,O,O,X
OZLJSTI,X,O,O,O,O
OZLJSIT,X,O,O,O,X
OZLSTIJ,X,O,O,O,O
OZLSTJI,X,O,O,O,O
OZLSITJ,X,O,O,O,X
OZLSIJT,X,O,O,O,X
OZLSJTI,X,O,O,O,O
OZLSJIT,X,O,O,O,X
OZJTILS,O,O,O,O,O
OZJTISL,O,O,X,O,O
OZJTLIS,O,O,O,O,O
OZJTLSI,O,O,O,O,O
OZJTSIL,O,O,X,O,O
OZJTSLI,O,O,X,O,O
OZJITLS,O,O,O,O,O
OZJITSL,O,O,X,O,O
OZJILTS,O,O,O,O,O
OZJILST,X,O,O,O,X
OZJISTL,X,O,X,O,X
OZJISLT,X,O,X,O,X
OZJLTIS,O,O,O,O,O
OZJLTSI,O,O,O,O,O
OZJLITS,O,O,O,O,O
OZJLIST,X,O,O,O,X
OZJLSTI,X,O,O,O,O
OZJLSIT,X,O,O,O,X
OZJSTIL,X,O,X,O,O
OZJSTLI,X,O,X,O,O
OZJSITL,X,O,X,O,X
OZJSILT,X,O,X,O,X
OZJSLTI,X,O,X,O,O
OZJSLIT,X,O,X,O,X
OZSTILJ,X,O,X,O,O
OZSTIJL,X,O,X,O,X
OZSTLIJ,X,O,X,O,O
OZSTLJI,X,O,X,O,O
OZSTJIL,X,O,X,O,O
OZSTJLI,X,O,X,O,O
OZSITLJ,X,O,X,O,X
OZSITJL,X,O,X,O,X
OZSILTJ,X,O,X,O,X
OZSILJT,X,O,X,O,X
OZSIJTL,X,O,X,O,X
OZSIJLT,X,O,X,O,X
OZSLTIJ,X,O,X,O,O
OZSLTJI,X,O,X,O,O
OZSLITJ,X,O,X,O,X
OZSLIJT,X,O,X,O,X
OZSLJTI,X,O,X,O,O
OZSLJIT,X,O,X,O,X
OZSJTIL,X,O,X,O,O
OZSJTLI,X,O,X,O,O
OZSJITL,X,O,X,O,X
OZSJILT,X,O,X,O,X
OZSJLTI,X,O,X,O,O
OZSJLIT,X,O,X,O,X
