sequence,v115@IhA8HeB8GeE8AeA8AeC8Jei/IvhFRhB3iBcoBTlBOr?BFsB,v115@IhA8HeB8GeE8AeA8AeC8Jei/IvhFclBThBxiBOsBXo?BFrB,v115@IhA8HeB8GeE8AeA8AeC8Jei/IvhFclBThBZnBWoBXo?BFrB,v115@IhA8HeB8GeE8AeA8AeC8Jei/IvhFFhBxiBTlBcrBOs?BXtB,v115@IhA8HeB8GeE8AeA8AeC8Jei/IvhF3gBTjB1sBxqBcr?BOsB
TILJSZO,O,X,X,X,O
TILJSOZ,X,X,X,X,O
TILJZSO,O,X,O,X,O
TILJZOS,O,X,O,X,O
TILJOSZ,X,X,X,X,O
TILJOZS,O,X,O,X,O
TILSJZO,X,X,X,X,O
TILSJOZ,X,X,X,X,O
TILSZJO,X,X,X,X,O
TILSZOJ,X,X,X,X,O
TILSOJZ,X,X,X,X,O
TILSOZJ,X,X,X,X,O
TILZJSO,O,X,O,X,O
TILZJOS,O,X,O,X,O
TILZSJO,O,X,O,X,O
TILZSOJ,O,X,O,X,O
TILZOJS,O,X,O,X,O
TILZOSJ,O,X,O,X,O
TILOJSZ,O,X,X,X,O
TILOJZS,O,X,O,X,O
TILOSJZ,X,X,X,X,O
TILOSZJ,O,X,X,X,O
TILOZJS,O,X,O,X,O
TILOZSJ,O,X,O,X,O
TIJLSZO,O,X,X,X,O
TIJLSOZ,X,X,X,X,O
TIJLZSO,O,O,O,X,O
TIJLZOS,O,O,O,X,O
TIJLOSZ,X,X,X,X,O
TIJLOZS,O,O,O,X,O
TIJSLZO,O,O,X,X,O
TIJSLOZ,X,O,X,X,O
TIJSZLO,O,O,O,X,O
TIJSZOL,O,O,O,X,O
TIJSOLZ,X,O,X,X,O
TIJSOZL,X,O,O,X,O
TIJZLSO,O,O,O,X,O
TIJZLOS,O,O,O,X,O
TIJZSLO,O,O,O,X,O
TIJZSOL,O,O,O,X,O
TIJZOLS,O,O,O,X,O
TIJZOSL,O,O,O,X,O
TIJOLSZ,O,X,X,X,O
TIJOLZS,O,O,O,X,O
TIJOSLZ,O,O,X,X,O
TIJOSZL,O,O,O,X,O
TIJOZLS,O,O,O,X,O
TIJOZSL,O,O,O,X,O
TISLJZO,X,X,X,X,O
TISLJOZ,X,X,X,X,O
TISLZJO,X,O,X,X,O
TISLZOJ,X,O,X,X,O
TISLOJZ,X,X,X,X,O
TISLOZJ,X,O,X,X,O
TISJLZO,X,O,X,X,O
TISJLOZ,X,O,X,X,O
TISJZLO,X,O,O,X,O
TISJZOL,X,O,O,X,O
TISJOLZ,X,O,X,X,O
TISJOZL,X,O,O,X,O
TISZLJO,X,O,O,X,O
TISZLOJ,X,O,O,X,O
TISZJLO,X,O,O,X,O
TISZJOL,X,O,O,X,O
TISZOLJ,X,O,O,X,O
TISZOJL,X,O,O,X,O
TISOLJZ,X,X,X,X,O
TISOLZJ,X,O,X,X,O
TISOJLZ,X,O,X,X,O
TISOJZL,X,O,O,X,O
TISOZLJ,X,O,O,X,O
TISOZJL,X,O,O,X,O
TIZLJSO,O,O,O,X,O
TIZLJOS,O,O,O,X,O
TIZLSJO,O,O,O,X,O
TIZLSOJ,O,O,O,X,O
TIZLOJS,O,O,O,X,O
TIZLOSJ,O,O,O,X,O
TIZJLSO,O,O,O,X,O
TIZJLOS,O,O,O,X,O
TIZJSLO,O,O,O,X,O
TIZJSOL,O,O,O,X,O
TIZJOLS,O,O,O,X,O
TIZJOSL,O,O,O,X,O
TIZSLJO,O,O,O,X,O
TIZSLOJ,O,O,O,X,O
TIZSJLO,O,O,O,X,O
TIZSJOL,O,O,O,X,O
TIZSOLJ,O,O,O,X,O
TIZSOJL,O,O,O,X,O
TIZOLJS,O,O,O,X,O
TIZOLSJ,O,O,O,X,O
TIZOJLS,O,O,O,X,O
TIZOJSL,O,O,O,X,O
TIZOSLJ,O,O,O,X,O
TIZOSJL,O,O,O,X,O
TIOLJSZ,O,X,X,X,O
TIOLJZS,O,X,O,X,O
TIOLSJZ,X,X,X,X,O
TIOLSZJ,O,X,X,X,O
TIOLZJS,O,X,O,X,O
TIOLZSJ,O,X,O,X,O
TIOJLSZ,O,X,X,X,O
TIOJLZS,O,O,O,X,O
TIOJSLZ,O,O,X,X,O
TIOJSZL,O,O,O,X,O
TIOJZLS,O,O,O,X,O
TIOJZSL,O,O,O,X,O
TIOSLJZ,X,X,X,X,O
TIOSLZJ,O,O,X,X,O
TIOSJLZ,X,O,X,X,O
TIOSJZL,X,O,O,X,O
TIOSZLJ,O,O,O,X,O
TIOSZJL,O,O,O,X,O
TIOZLJS,O,O,O,X,O
TIOZLSJ,O,O,O,X,O
TIOZJLS,O,O,O,X,O
TIOZJSL,O,O,O,X,O
TIOZSLJ,O,O,O,X,O
TIOZSJL,O,O,O,X,O
TLIJSZO,O,X,X,X,O
TLIJSOZ,X,X,X,X,O
TLIJZSO,O,X,O,X,O
TLIJZOS,O,X,O,X,O
TLIJOSZ,X,X,X,X,O
TLIJOZS,O,X,O,X,O
TLISJZO,X,X,X,X,O
TLISJOZ,X,X,X,X,O
TLISZJO,X,X,X,X,O
TLISZOJ,X,X,X,X,O
TLISOJZ,X,X,X,X,O
TLISOZJ,X,X,X,X,O
TLIZJSO,O,X,O,X,O
TLIZJOS,O,X,O,X,O
TLIZSJO,O,X,O,X,O
TLIZSOJ,O,X,O,X,O
TLIZOJS,O,X,O,X,O
TLIZOSJ,O,X,O,X,O
TLIOJSZ,O,X,X,X,O
TLIOJZS,O,X,O,X,O
TLIOSJZ,X,X,X,X,O
TLIOSZJ,O,X,X,X,O
TLIOZJS,O,X,O,X,O
TLIOZSJ,O,X,O,X,O
TLJISZO,O,X,X,X,O
TLJISOZ,X,X,X,X,O
TLJIZSO,O,O,O,O,O
TLJIZOS,O,O,O,O,O
TLJIOSZ,X,X,X,X,O
TLJIOZS,O,O,O,O,O
TLJSIZO,O,O,X,O,X
TLJSIOZ,X,O,X,O,X
TLJSZIO,O,O,X,O,X
TLJSZOI,O,O,X,O,X
TLJSOIZ,X,O,X,O,X
TLJSOZI,X,O,X,O,X
TLJZISO,O,O,O,O,X
TLJZIOS,O,O,O,O,X
TLJZSIO,O,O,O,O,X
TLJZSOI,O,O,O,O,X
TLJZOIS,O,O,O,O,X
TLJZOSI,O,O,O,O,X
TLJOISZ,O,X,X,X,O
TLJOIZS,O,O,O,O,O
TLJOSIZ,O,O,X,O,X
TLJOSZI,O,O,X,O,X
TLJOZIS,O,O,O,O,X
TLJOZSI,O,O,O,O,X
TLSIJZO,X,X,X,X,O
TLSIJOZ,X,X,X,X,O
TLSIZJO,X,O,X,O,O
TLSIZOJ,X,O,X,O,O
TLSIOJZ,X,X,X,X,O
TLSIOZJ,X,O,X,O,O
TLSJIZO,O,O,X,O,X
TLSJIOZ,X,O,X,O,X
TLSJZIO,O,O,X,O,X
TLSJZOI,O,O,X,O,X
TLSJOIZ,X,O,X,O,X
TLSJOZI,X,O,X,O,X
TLSZIJO,O,O,X,O,X
TLSZIOJ,O,O,X,O,X
TLSZJIO,O,O,X,O,X
TLSZJOI,O,O,X,O,X
TLSZOIJ,O,O,X,O,X
TLSZOJI,O,O,X,O,X
TLSOIJZ,X,X,X,X,O
TLSOIZJ,O,O,X,O,O
TLSOJIZ,O,O,X,O,X
TLSOJZI,O,O,X,O,X
TLSOZIJ,O,O,X,O,X
TLSOZJI,O,O,X,O,X
TLZIJSO,O,O,O,O,O
TLZIJOS,O,O,O,O,O
TLZISJO,O,O,O,O,O
TLZISOJ,O,O,O,O,O
TLZIOJS,O,O,O,X,O
TLZIOSJ,O,O,O,X,O
TLZJISO,O,O,O,O,X
TLZJIOS,O,O,O,O,X
TLZJSIO,O,O,O,O,X
TLZJSOI,O,O,O,O,X
TLZJOIS,O,O,O,O,X
TLZJOSI,O,O,O,O,X
TLZSIJO,O,O,O,O,X
TLZSIOJ,O,O,O,O,X
TLZSJIO,O,O,O,O,X
TLZSJOI,O,O,O,O,X
TLZSOIJ,O,O,O,O,X
TLZSOJI,O,O,O,O,X
TLZOIJS,O,O,O,X,O
TLZOISJ,O,O,O,X,O
TLZOJIS,O,O,O,O,X
TLZOJSI,O,O,O,O,X
TLZOSIJ,O,O,O,O,X
TLZOSJI,O,O,O,O,X
TLOIJSZ,O,X,X,X,O
TLOIJZS,O,X,O,X,O
TLOISJZ,X,X,X,X,O
TLOISZJ,O,X,X,X,O
TLOIZJS,O,X,O,X,O
TLOIZSJ,O,X,O,X,O
TLOJISZ,O,X,X,X,O
TLOJIZS,O,O,O,O,O
TLOJSIZ,O,O,X,O,X
TLOJSZI,O,O,X,O,X
TLOJZIS,O,O,O,O,X
TLOJZSI,O,O,O,O,X
TLOSIJZ,X,X,X,X,O
TLOSIZJ,O,O,X,O,O
TLOSJIZ,O,O,X,O,X
TLOSJZI,O,O,X,O,X
TLOSZIJ,O,O,X,O,X
TLOSZJI,O,O,X,O,X
TLOZIJS,O,O,O,O,O
TLOZISJ,O,O,O,O,O
TLOZJIS,O,O,O,O,X
TLOZJSI,O,O,O,O,X
TLOZSIJ,O,O,O,O,X
TLOZSJI,O,O,O,O,X
TJILSZO,O,X,X,X,O
TJILSOZ,X,X,X,X,O
TJILZSO,O,O,O,O,O
TJILZOS,O,O,O,O,O
TJILOSZ,X,X,X,X,O
TJILOZS,O,O,O,O,O
TJISLZO,O,O,X,X,O
TJISLOZ,X,O,X,X,O
TJISZLO,O,O,O,X,O
TJISZOL,O,O,O,X,O
TJISOLZ,X,O,X,X,O
TJISOZL,X,O,O,X,O
TJIZLSO,O,O,O,O,O
TJIZLOS,O,O,O,O,O
TJIZSLO,O,O,O,O,O
TJIZSOL,O,O,O,X,O
TJIZOLS,O,O,O,O,O
TJIZOSL,O,O,O,O,O
TJIOLSZ,O,X,X,X,O
TJIOLZS,O,O,O,O,O
TJIOSLZ,O,O,X,X,O
TJIOSZL,O,O,O,X,O
TJIOZLS,O,O,O,O,O
TJIOZSL,O,O,O,O,O
TJLISZO,O,X,X,X,O
TJLISOZ,X,X,X,X,O
TJLIZSO,O,O,O,O,O
TJLIZOS,O,O,O,O,O
TJLIOSZ,X,X,X,X,O
TJLIOZS,O,O,O,O,O
TJLSIZO,O,O,X,O,X
TJLSIOZ,X,O,X,O,X
TJLSZIO,O,O,X,O,X
TJLSZOI,O,O,X,O,X
TJLSOIZ,X,O,X,O,X
TJLSOZI,X,O,X,O,X
TJLZISO,O,O,O,O,X
TJLZIOS,O,O,O,O,X
TJLZSIO,O,O,O,O,X
TJLZSOI,O,O,O,O,X
TJLZOIS,O,O,O,O,X
TJLZOSI,O,O,O,O,X
TJLOISZ,O,X,X,X,O
TJLOIZS,O,O,O,O,O
TJLOSIZ,O,O,X,O,X
TJLOSZI,O,O,X,O,X
TJLOZIS,O,O,O,O,X
TJLOZSI,O,O,O,O,X
TJSILZO,O,O,X,O,X
TJSILOZ,X,O,X,O,X
TJSIZLO,O,O,O,O,X
TJSIZOL,O,O,O,O,X
TJSIOLZ,X,O,X,O,X
TJSIOZL,X,O,O,O,X
TJSLIZO,O,O,X,O,X
TJSLIOZ,X,O,X,O,X
TJSLZIO,O,O,X,O,X
TJSLZOI,O,O,X,O,X
TJSLOIZ,X,O,X,O,X
TJSLOZI,X,O,X,O,X
TJSZILO,O,O,O,O,X
TJSZIOL,O,O,O,O,X
TJSZLIO,O,O,O,O,X
TJSZLOI,O,O,O,O,X
TJSZOIL,O,O,O,O,X
TJSZOLI,O,O,O,O,X
TJSOILZ,O,O,X,O,X
TJSOIZL,O,O,O,O,X
TJSOLIZ,O,O,X,O,X
TJSOLZI,O,O,X,O,X
TJSOZIL,O,O,O,O,X
TJSOZLI,O,O,O,O,X
TJZILSO,O,O,O,O,X
TJZILOS,O,O,O,O,X
TJZISLO,O,O,O,O,X
TJZISOL,O,O,O,O,X
TJZIOLS,O,O,O,O,X
TJZIOSL,O,O,O,O,X
TJZLISO,O,O,O,O,X
TJZLIOS,O,O,O,O,X
TJZLSIO,O,O,O,O,X
TJZLSOI,O,O,O,O,X
TJZLOIS,O,O,O,O,X
TJZLOSI,O,O,O,O,X
TJZSILO,O,O,O,O,X
TJZSIOL,O,O,O,O,X
TJZSLIO,O,O,O,O,X
TJZSLOI,O,O,O,O,X
TJZSOIL,O,O,O,O,X
TJZSOLI,O,O,O,O,X
TJZOILS,O,O,O,O,X
TJZOISL,O,O,O,O,X
TJZOLIS,O,O,O,O,X
TJZOLSI,O,O,O,O,X
TJZOSIL,O,O,O,O,X
TJZOSLI,O,O,O,O,X
TJOILSZ,O,X,X,X,O
TJOILZS,O,O,O,O,O
TJOISLZ,O,O,X,X,O
TJOISZL,O,O,O,X,O
TJOIZLS,O,O,O,O,O
TJOIZSL,O,O,O,O,O
TJOLISZ,O,X,X,X,O
TJOLIZS,O,O,O,O,O
TJOLSIZ,O,O,X,O,X
TJOLSZI,O,O,X,O,X
TJOLZIS,O,O,O,O,X
TJOLZSI,O,O,O,O,X
TJOSILZ,O,O,X,O,X
TJOSIZL,O,O,O,O,X
TJOSLIZ,O,O,X,O,X
TJOSLZI,O,O,X,O,X
TJOSZIL,O,O,O,O,X
TJOSZLI,O,O,O,O,X
TJOZILS,O,O,O,O,X
TJOZISL,O,O,O,O,X
TJOZLIS,O,O,O,O,X
TJOZLSI,O,O,O,O,X
TJOZSIL,O,O,O,O,X
TJOZSLI,O,O,O,O,X
TSILJZO,X,X,X,X,O
TSILJOZ,X,X,X,X,O
TSILZJO,X,O,X,O,O
TSILZOJ,X,O,X,O,O
TSILOJZ,X,X,X,X,O
TSILOZJ,X,O,X,O,O
TSIJLZO,X,O,X,X,O
TSIJLOZ,X,O,X,X,O
TSIJZLO,X,O,O,X,O
TSIJZOL,X,O,O,X,O
TSIJOLZ,X,O,X,X,O
TSIJOZL,X,O,O,X,O
TSIZLJO,X,O,O,O,O
TSIZLOJ,X,O,O,O,O
TSIZJLO,X,O,O,O,O
TSIZJOL,X,O,O,X,O
TSIZOLJ,X,O,O,O,O
TSIZOJL,X,O,O,O,O
TSIOLJZ,X,X,X,X,O
TSIOLZJ,X,O,X,O,O
TSIOJLZ,X,O,X,X,O
TSIOJZL,X,O,O,X,O
TSIOZLJ,X,O,O,O,O
TSIOZJL,X,O,O,O,O
TSLIJZO,X,X,X,X,O
TSLIJOZ,X,X,X,X,O
TSLIZJO,X,O,X,O,O
TSLIZOJ,X,O,X,O,O
TSLIOJZ,X,X,X,X,O
TSLIOZJ,X,O,X,O,O
TSLJIZO,O,O,X,O,X
TSLJIOZ,X,O,X,O,X
TSLJZIO,O,O,X,O,X
TSLJZOI,O,O,X,O,X
TSLJOIZ,X,O,X,O,X
TSLJOZI,X,O,X,O,X
TSLZIJO,O,O,X,O,X
TSLZIOJ,O,O,X,O,X
TSLZJIO,O,O,X,O,X
TSLZJOI,O,O,X,O,X
TSLZOIJ,O,O,X,O,X
TSLZOJI,O,O,X,O,X
TSLOIJZ,X,X,X,X,O
TSLOIZJ,O,O,X,O,O
TSLOJIZ,O,O,X,O,X
TSLOJZI,O,O,X,O,X
TSLOZIJ,O,O,X,O,X
TSLOZJI,O,O,X,O,X
TSJILZO,O,O,X,O,X
TSJILOZ,X,O,X,O,X
TSJIZLO,O,O,O,O,X
TSJIZOL,O,O,O,O,X
TSJIOLZ,X,O,X,O,X
TSJIOZL,X,O,O,O,X
TSJLIZO,O,O,X,O,X
TSJLIOZ,X,O,X,O,X
TSJLZIO,O,O,X,O,X
TSJLZOI,O,O,X,O,X
TSJLOIZ,X,O,X,O,X
TSJLOZI,X,O,X,O,X
TSJZILO,O,O,O,O,X
TSJZIOL,O,O,O,O,X
TSJZLIO,O,O,O,O,X
TSJZLOI,O,O,O,O,X
TSJZOIL,O,O,O,O,X
TSJZOLI,O,O,O,O,X
TSJOILZ,O,O,X,O,X
TSJOIZL,O,O,O,O,X
TSJOLIZ,O,O,X,O,X
TSJOLZI,O,O,X,O,X
TSJOZIL,O,O,O,O,X
TSJOZLI,O,O,O,O,X
TSZILJO,O,O,O,O,X
TSZILOJ,O,O,O,O,X
TSZIJLO,O,O,O,O,X
TSZIJOL,O,O,O,O,X
TSZIOLJ,O,O,O,O,X
TSZIOJL,O,O,O,O,X
TSZLIJO,O,O,O,O,X
TSZLIOJ,O,O,O,O,X
TSZLJIO,O,O,O,O,X
TSZLJOI,O,O,O,O,X
TSZLOIJ,O,O,O,O,X
TSZLOJI,O,O,O,O,X
TSZJILO,O,O,O,O,X
TSZJIOL,O,O,O,O,X
TSZJLIO,O,O,O,O,X
TSZJLOI,O,O,O,O,X
TSZJOIL,O,O,O,O,X
TSZJOLI,O,O,O,O,X
TSZOILJ,O,O,O,O,X
TSZOIJL,O,O,O,O,X
TSZOLIJ,O,O,O,O,X
TSZOLJI,O,O,O,O,X
TSZOJIL,O,O,O,O,X
TSZOJLI,O,O,O,O,X
TSOILJZ,X,X,X,X,O
TSOILZJ,O,O,X,O,O
TSOIJLZ,X,O,X,X,O
TSOIJZL,X,O,O,X,O
TSOIZLJ,O,O,O,O,O
TSOIZJL,O,O,O,O,O
TSOLIJZ,X,X,X,X,O
TSOLIZJ,O,O,X,O,O
TSOLJIZ,O,O,X,O,X
TSOLJZI,O,O,X,O,X
TSOLZIJ,O,O,X,O,X
TSOLZJI,O,O,X,O,X
TSOJILZ,O,O,X,O,X
TSOJIZL,O,O,O,O,X
TSOJLIZ,O,O,X,O,X
TSOJLZI,O,O,X,O,X
TSOJZIL,O,O,O,O,X
TSOJZLI,O,O,O,O,X
TSOZILJ,O,O,O,O,X
TSOZIJL,O,O,O,O,X
TSOZLIJ,O,O,O,O,X
TSOZLJI,O,O,O,O,X
TSOZJIL,O,O,O,O,X
TSOZJLI,O,O,O,O,X
TZILJSO,O,O,O,O,O
TZILJOS,O,O,O,O,O
TZILSJO,O,O,O,O,O
TZILSOJ,O,O,O,O,O
TZILOJS,O,O,O,X,O
TZILOSJ,O,O,O,X,O
TZIJLSO,O,O,O,O,O
TZIJLOS,O,O,O,O,O
TZIJSLO,O,O,O,O,O
TZIJSOL,O,O,O,O,O
TZIJOLS,O,O,O,O,O
TZIJOSL,O,O,O,X,O
TZISLJO,O,O,O,O,O
TZISLOJ,O,O,O,O,O
TZISJLO,O,O,O,O,O
TZISJOL,O,O,O,O,O
TZISOLJ,O,O,O,O,O
TZISOJL,O,O,O,X,O
TZIOLJS,O,O,O,X,O
TZIOLSJ,O,O,O,X,O
TZIOJLS,O,O,O,X,O
TZIOJSL,O,O,O,X,O
TZIOSLJ,O,O,O,X,O
TZIOSJL,O,O,O,X,O
TZLIJSO,O,O,O,O,O
TZLIJOS,O,O,O,O,O
TZLISJO,O,O,O,O,O
TZLISOJ,O,O,O,O,O
TZLIOJS,O,O,O,X,O
TZLIOSJ,O,O,O,X,O
TZLJISO,O,O,O,O,X
TZLJIOS,O,O,O,O,X
TZLJSIO,O,O,O,O,X
TZLJSOI,O,O,O,O,X
TZLJOIS,O,O,O,O,X
TZLJOSI,O,O,O,O,X
TZLSIJO,O,O,O,O,X
TZLSIOJ,O,O,O,O,X
TZLSJIO,O,O,O,O,X
TZLSJOI,O,O,O,O,X
TZLSOIJ,O,O,O,O,X
TZLSOJI,O,O,O,O,X
TZLOIJS,O,O,O,X,O
TZLOISJ,O,O,O,X,O
TZLOJIS,O,O,O,O,X
TZLOJSI,O,O,O,O,X
TZLOSIJ,O,O,O,O,X
TZLOSJI,O,O,O,O,X
TZJILSO,O,O,O,O,X
TZJILOS,O,O,O,O,X
TZJISLO,O,O,O,O,X
TZJISOL,O,O,O,O,X
TZJIOLS,O,O,O,O,X
TZJIOSL,O,O,O,O,X
TZJLISO,O,O,O,O,X
TZJLIOS,O,O,O,O,X
TZJLSIO,O,O,O,O,X
TZJLSOI,O,O,O,O,X
TZJLOIS,O,O,O,O,X
TZJLOSI,O,O,O,O,X
TZJSILO,O,O,O,O,X
TZJSIOL,O,O,O,O,X
TZJSLIO,O,O,O,O,X
TZJSLOI,O,O,O,O,X
TZJSOIL,O,O,O,O,X
TZJSOLI,O,O,O,O,X
TZJOILS,O,O,O,O,X
TZJOISL,O,O,O,O,X
TZJOLIS,O,O,O,O,X
TZJOLSI,O,O,O,O,X
TZJOSIL,O,O,O,O,X
TZJOSLI,O,O,O,O,X
TZSILJO,O,O,O,O,X
TZSILOJ,O,O,O,O,X
TZSIJLO,O,O,O,O,X
TZSIJOL,O,O,O,O,X
TZSIOLJ,O,O,O,O,X
TZSIOJL,O,O,O,O,X
TZSLIJO,O,O,O,O,X
TZSLIOJ,O,O,O,O,X
TZSLJIO,O,O,O,O,X
TZSLJOI,O,O,O,O,X
TZSLOIJ,O,O,O,O,X
TZSLOJI,O,O,O,O,X
TZSJILO,O,O,O,O,X
TZSJIOL,O,O,O,O,X
TZSJLIO,O,O,O,O,X
TZSJLOI,O,O,O,O,X
TZSJOIL,O,O,O,O,X
TZSJOLI,O,O,O,O,X
TZSOILJ,O,O,O,O,X
TZSOIJL,O,O,O,O,X
TZSOLIJ,O,O,O,O,X
TZSOLJI,O,O,O,O,X
TZSOJIL,O,O,O,O,X
TZSOJLI,O,O,O,O,X
TZOILJS,O,O,O,O,O
TZOILSJ,O,O,O,O,O
TZOIJLS,O,O,O,O,O
TZOIJSL,O,O,O,O,O
TZOISLJ,O,O,O,O,O
TZOISJL,O,O,O,O,O
TZOLIJS,O,O,O,O,O
TZOLISJ,O,O,O,O,O
TZOLJIS,O,O,O,O,X
TZOLJSI,O,O,O,O,X
TZOLSIJ,O,O,O,O,X
TZOLSJI,O,O,O,O,X
TZOJILS,O,O,O,O,X
TZOJISL,O,O,O,O,X
TZOJLIS,O,O,O,O,X
TZOJLSI,O,O,O,O,X
TZOJSIL,O,O,O,O,X
TZOJSLI,O,O,O,O,X
TZOSILJ,O,O,O,O,X
TZOSIJL,O,O,O,O,X
TZOSLIJ,O,O,O,O,X
TZOSLJI,O,O,O,O,X
TZOSJIL,O,O,O,O,X
TZOSJLI,O,O,O,O,X
TOILJSZ,O,X,X,X,O
TOILJZS,O,X,O,X,O
TOILSJZ,X,X,X,X,O
TOILSZJ,O,X,X,X,O
TOILZJS,O,X,O,X,O
TOILZSJ,O,X,O,X,O
TOIJLSZ,O,X,X,X,O
TOIJLZS,O,O,O,X,O
TOIJSLZ,O,O,X,X,O
TOIJSZL,O,O,O,X,O
TOIJZLS,O,O,O,X,O
TOIJZSL,O,O,O,X,O
TOISLJZ,X,X,X,X,O
TOISLZJ,O,O,X,X,O
TOISJLZ,X,O,X,X,O
TOISJZL,X,O,O,X,O
TOISZLJ,O,O,O,X,O
TOISZJL,O,O,O,X,O
TOIZLJS,O,O,O,X,O
TOIZLSJ,O,O,O,X,O
TOIZJLS,O,O,O,X,O
TOIZJSL,O,O,O,X,O
TOIZSLJ,O,O,O,X,O
TOIZSJL,O,O,O,X,O
TOLIJSZ,O,X,X,X,O
TOLIJZS,O,X,O,X,O
TOLISJZ,X,X,X,X,O
TOLISZJ,O,X,X,X,O
TOLIZJS,O,X,O,X,O
TOLIZSJ,O,X,O,X,O
TOLJISZ,O,X,X,X,O
TOLJIZS,O,O,O,O,O
TOLJSIZ,O,O,X,O,X
TOLJSZI,O,O,X,O,X
TOLJZIS,O,O,O,O,X
TOLJZSI,O,O,O,O,X
TOLSIJZ,X,X,X,X,O
TOLSIZJ,O,O,X,O,O
TOLSJIZ,O,O,X,O,X
TOLSJZI,O,O,X,O,X
TOLSZIJ,O,O,X,O,X
TOLSZJI,O,O,X,O,X
TOLZIJS,O,O,O,O,O
TOLZISJ,O,O,O,O,O
TOLZJIS,O,O,O,O,X
TOLZJSI,O,O,O,O,X
TOLZSIJ,O,O,O,O,X
TOLZSJI,O,O,O,O,X
TOJILSZ,O,X,X,X,O
TOJILZS,O,O,O,O,O
TOJISLZ,O,O,X,X,O
TOJISZL,O,O,O,X,O
TOJIZLS,O,O,O,O,O
TOJIZSL,O,O,O,O,O
TOJLISZ,O,X,X,X,O
TOJLIZS,O,O,O,O,O
TOJLSIZ,O,O,X,O,X
TOJLSZI,O,O,X,O,X
TOJLZIS,O,O,O,O,X
TOJLZSI,O,O,O,O,X
TOJSILZ,O,O,X,O,X
TOJSIZL,O,O,O,O,X
TOJSLIZ,O,O,X,O,X
TOJSLZI,O,O,X,O,X
TOJSZIL,O,O,O,O,X
TOJSZLI,O,O,O,O,X
TOJZILS,O,O,O,O,X
TOJZISL,O,O,O,O,X
TOJZLIS,O,O,O,O,X
TOJZLSI,O,O,O,O,X
TOJZSIL,O,O,O,O,X
TOJZSLI,O,O,O,O,X
TOSILJZ,X,X,X,X,O
TOSILZJ,O,O,X,O,O
TOSIJLZ,X,O,X,X,O
TOSIJZL,X,O,O,X,O
TOSIZLJ,O,O,O,O,O
TOSIZJL,O,O,O,O,O
TOSLIJZ,X,X,X,X,O
TOSLIZJ,O,O,X,O,O
TOSLJIZ,O,O,X,O,X
TOSLJZI,O,O,X,O,X
TOSLZIJ,O,O,X,O,X
TOSLZJI,O,O,X,O,X
TOSJILZ,O,O,X,O,X
TOSJIZL,O,O,O,O,X
TOSJLIZ,O,O,X,O,X
TOSJLZI,O,O,X,O,X
TOSJZIL,O,O,O,O,X
TOSJZLI,O,O,O,O,X
TOSZILJ,O,O,O,O,X
TOSZIJL,O,O,O,O,X
TOSZLIJ,O,O,O,O,X
TOSZLJI,O,O,O,O,X
TOSZJIL,O,O,O,O,X
TOSZJLI,O,O,O,O,X
TOZILJS,O,O,O,O,O
TOZILSJ,O,O,O,O,O
TOZIJLS,O,O,O,O,O
TOZIJSL,O,O,O,O,O
TOZISLJ,O,O,O,O,O
TOZISJL,O,O,O,O,O
TOZLIJS,O,O,O,O,O
TOZLISJ,O,O,O,O,O
TOZLJIS,O,O,O,O,X
TOZLJSI,O,O,O,O,X
TOZLSIJ,O,O,O,O,X
TOZLSJI,O,O,O,O,X
TOZJILS,O,O,O,O,X
TOZJISL,O,O,O,O,X
TOZJLIS,O,O,O,O,X
TOZJLSI,O,O,O,O,X
TOZJSIL,O,O,O,O,X
TOZJSLI,O,O,O,O,X
TOZSILJ,O,O,O,O,X
TOZSIJL,O,O,O,O,X
TOZSLIJ,O,O,O,O,X
TOZSLJI,O,O,O,O,X
TOZSJIL,O,O,O,O,X
TOZSJLI,O,O,O,O,X
ITLJSZO,O,X,X,X,O
ITLJSOZ,X,X,X,X,O
ITLJZSO,O,X,O,X,O
ITLJZOS,O,X,O,X,O
ITLJOSZ,X,X,X,X,O
ITLJOZS,O,X,O,X,O
ITLSJZO,X,X,X,X,O
ITLSJOZ,X,X,X,X,O
ITLSZJO,X,X,X,X,O
ITLSZOJ,X,X,X,X,O
ITLSOJZ,X,X,X,X,O
ITLSOZJ,X,X,X,X,O
ITLZJSO,O,X,O,X,O
ITLZJOS,O,X,O,X,O
ITLZSJO,O,X,O,X,O
ITLZSOJ,O,X,O,X,O
ITLZOJS,O,X,O,X,O
ITLZOSJ,O,X,O,X,O
ITLOJSZ,O,X,X,X,O
ITLOJZS,O,X,O,X,O
ITLOSJZ,X,X,X,X,O
ITLOSZJ,O,X,X,X,O
ITLOZJS,O,X,O,X,O
ITLOZSJ,O,X,O,X,O
ITJLSZO,O,X,X,X,O
ITJLSOZ,X,X,X,X,O
ITJLZSO,O,O,O,X,O
ITJLZOS,O,O,O,X,O
ITJLOSZ,X,X,X,X,O
ITJLOZS,O,O,O,X,O
ITJSLZO,O,O,X,X,O
ITJSLOZ,X,O,X,X,O
ITJSZLO,O,O,O,X,O
ITJSZOL,O,O,O,X,O
ITJSOLZ,X,O,X,X,O
ITJSOZL,X,O,O,X,O
ITJZLSO,O,O,O,X,O
ITJZLOS,O,O,O,X,O
ITJZSLO,O,O,O,X,O
ITJZSOL,O,O,O,X,O
ITJZOLS,O,O,O,X,O
ITJZOSL,O,O,O,X,O
ITJOLSZ,O,X,X,X,O
ITJOLZS,O,O,O,X,O
ITJOSLZ,O,O,X,X,O
ITJOSZL,O,O,O,X,O
ITJOZLS,O,O,O,X,O
ITJOZSL,O,O,O,X,O
ITSLJZO,X,X,X,X,O
ITSLJOZ,X,X,X,X,O
ITSLZJO,X,O,X,X,O
ITSLZOJ,X,O,X,X,O
ITSLOJZ,X,X,X,X,O
ITSLOZJ,X,O,X,X,O
ITSJLZO,X,O,X,X,O
ITSJLOZ,X,O,X,X,O
ITSJZLO,X,O,O,X,O
ITSJZOL,X,O,O,X,O
ITSJOLZ,X,O,X,X,O
ITSJOZL,X,O,O,X,O
ITSZLJO,X,O,O,X,O
ITSZLOJ,X,O,O,X,O
ITSZJLO,X,O,O,X,O
ITSZJOL,X,O,O,X,O
ITSZOLJ,X,O,O,X,O
ITSZOJL,X,O,O,X,O
ITSOLJZ,X,X,X,X,O
ITSOLZJ,X,O,X,X,O
ITSOJLZ,X,O,X,X,O
ITSOJZL,X,O,O,X,O
ITSOZLJ,X,O,O,X,O
ITSOZJL,X,O,O,X,O
ITZLJSO,O,O,O,X,O
ITZLJOS,O,O,O,X,O
ITZLSJO,O,O,O,X,O
ITZLSOJ,O,O,O,X,O
ITZLOJS,O,O,O,X,O
ITZLOSJ,O,O,O,X,O
ITZJLSO,O,O,O,X,O
ITZJLOS,O,O,O,X,O
ITZJSLO,O,O,O,X,O
ITZJSOL,O,O,O,X,O
ITZJOLS,O,O,O,X,O
ITZJOSL,O,O,O,X,O
ITZSLJO,O,O,O,X,O
ITZSLOJ,O,O,O,X,O
ITZSJLO,O,O,O,X,O
ITZSJOL,O,O,O,X,O
ITZSOLJ,O,O,O,X,O
ITZSOJL,O,O,O,X,O
ITZOLJS,O,O,O,X,O
ITZOLSJ,O,O,O,X,O
ITZOJLS,O,O,O,X,O
ITZOJSL,O,O,O,X,O
ITZOSLJ,O,O,O,X,O
ITZOSJL,O,O,O,X,O
ITOLJSZ,O,X,X,X,O
ITOLJZS,O,X,O,X,O
ITOLSJZ,X,X,X,X,O
ITOLSZJ,O,X,X,X,O
ITOLZJS,O,X,O,X,O
ITOLZSJ,O,X,O,X,O
ITOJLSZ,O,X,X,X,O
ITOJLZS,O,O,O,X,O
ITOJSLZ,O,O,X,X,O
ITOJSZL,O,O,O,X,O
ITOJZLS,O,O,O,X,O
ITOJZSL,O,O,O,X,O
ITOSLJZ,X,X,X,X,O
ITOSLZJ,O,O,X,X,O
ITOSJLZ,X,O,X,X,O
ITOSJZL,X,O,O,X,O
ITOSZLJ,O,O,O,X,O
ITOSZJL,O,O,O,X,O
ITOZLJS,O,O,O,X,O
ITOZLSJ,O,O,O,X,O
ITOZJLS,O,O,O,X,O
ITOZJSL,O,O,O,X,O
ITOZSLJ,O,O,O,X,O
ITOZSJL,O,O,O,X,O
ILTJSZO,O,X,X,X,O
ILTJSOZ,X,X,X,X,O
ILTJZSO,O,X,O,X,O
ILTJZOS,O,X,O,X,O
ILTJOSZ,X,X,X,X,O
ILTJOZS,O,X,O,X,O
ILTSJZO,X,X,X,X,O
ILTSJOZ,X,X,X,X,O
ILTSZJO,X,X,X,X,O
ILTSZOJ,X,X,X,X,O
ILTSOJZ,X,X,X,X,O
ILTSOZJ,X,X,X,X,O
ILTZJSO,O,X,O,X,O
ILTZJOS,O,X,O,X,O
ILTZSJO,O,X,O,X,O
ILTZSOJ,O,X,O,X,O
ILTZOJS,O,X,O,X,O
ILTZOSJ,O,X,O,X,O
ILTOJSZ,O,X,X,X,O
ILTOJZS,O,X,O,X,O
ILTOSJZ,X,X,X,X,O
ILTOSZJ,O,X,X,X,O
ILTOZJS,O,X,O,X,O
ILTOZSJ,O,X,O,X,O
ILJTSZO,O,X,X,X,O
ILJTSOZ,X,X,X,X,O
ILJTZSO,O,O,O,O,O
ILJTZOS,O,O,O,O,O
ILJTOSZ,X,X,X,X,O
ILJTOZS,O,X,O,O,O
ILJSTZO,O,O,X,O,X
ILJSTOZ,X,X,X,O,X
ILJSZTO,O,O,O,O,X
ILJSZOT,O,O,X,O,X
ILJSOTZ,X,X,X,O,X
ILJSOZT,X,O,X,O,X
ILJZTSO,O,O,O,O,X
ILJZTOS,O,O,O,O,X
ILJZSTO,O,O,O,O,X
ILJZSOT,O,O,X,O,X
ILJZOTS,X,O,O,O,X
ILJZOST,O,X,X,O,X
ILJOTSZ,X,X,X,X,O
ILJOTZS,O,X,X,O,O
ILJOSTZ,X,X,X,O,X
ILJOSZT,X,X,X,O,X
ILJOZTS,X,O,O,O,X
ILJOZST,O,X,X,O,X
ILSTJZO,X,X,X,X,O
ILSTJOZ,X,X,X,X,O
ILSTZJO,X,O,X,O,O
ILSTZOJ,X,O,X,O,O
ILSTOJZ,X,X,X,X,O
ILSTOZJ,X,X,X,O,O
ILSJTZO,X,O,X,O,X
ILSJTOZ,X,X,X,O,X
ILSJZTO,X,O,O,O,X
ILSJZOT,X,O,X,O,X
ILSJOTZ,X,X,X,O,X
ILSJOZT,X,O,X,O,X
ILSZTJO,X,O,O,O,X
ILSZTOJ,X,O,O,O,X
ILSZJTO,X,O,O,O,X
ILSZJOT,X,O,X,O,X
ILSZOTJ,X,O,X,O,X
ILSZOJT,X,X,X,O,X
ILSOTJZ,X,X,X,X,O
ILSOTZJ,X,X,X,O,O
ILSOJTZ,X,X,X,O,X
ILSOJZT,X,X,X,O,X
ILSOZTJ,X,O,X,O,X
ILSOZJT,X,X,X,O,X
ILZTJSO,O,O,O,O,O
ILZTJOS,O,O,O,O,O
ILZTSJO,O,O,O,O,O
ILZTSOJ,O,O,O,O,O
ILZTOJS,O,O,O,X,O
ILZTOSJ,O,O,O,X,O
ILZJTSO,O,O,O,O,X
ILZJTOS,O,O,O,O,X
ILZJSTO,O,O,O,O,X
ILZJSOT,O,O,X,O,X
ILZJOTS,X,O,O,O,X
ILZJOST,O,X,X,X,X
ILZSTJO,O,O,O,O,X
ILZSTOJ,O,O,O,O,X
ILZSJTO,O,O,O,O,X
ILZSJOT,O,O,X,O,X
ILZSOTJ,O,O,X,O,X
ILZSOJT,O,X,X,X,X
ILZOTJS,O,X,O,X,O
ILZOTSJ,O,X,O,X,O
ILZOJTS,O,X,O,X,X
ILZOJST,O,X,X,X,X
ILZOSTJ,O,X,X,X,X
ILZOSJT,O,X,X,X,X
ILOTJSZ,O,X,X,X,O
ILOTJZS,O,X,X,X,O
ILOTSJZ,X,X,X,X,O
ILOTSZJ,O,X,X,X,O
ILOTZJS,O,X,X,X,O
ILOTZSJ,O,X,X,X,O
ILOJTSZ,O,X,X,X,O
ILOJTZS,O,X,X,O,O
ILOJSTZ,O,X,X,O,X
ILOJSZT,O,X,X,O,X
ILOJZTS,O,X,O,O,X
ILOJZST,O,X,X,O,X
ILOSTJZ,X,X,X,X,O
ILOSTZJ,O,X,X,O,O
ILOSJTZ,O,X,X,O,X
ILOSJZT,O,X,X,O,X
ILOSZTJ,O,X,X,O,X
ILOSZJT,O,X,X,O,X
ILOZTJS,O,X,O,O,O
ILOZTSJ,O,X,O,O,O
ILOZJTS,O,X,O,O,X
ILOZJST,O,X,X,O,X
ILOZSTJ,O,X,X,O,X
ILOZSJT,O,X,X,O,X
IJTLSZO,O,X,X,X,O
IJTLSOZ,X,X,X,X,O
IJTLZSO,O,O,O,O,O
IJTLZOS,O,O,O,O,O
IJTLOSZ,X,X,X,X,O
IJTLOZS,O,O,O,O,O
IJTSLZO,O,O,X,X,O
IJTSLOZ,X,O,X,X,O
IJTSZLO,O,O,O,X,O
IJTSZOL,O,O,O,X,O
IJTSOLZ,X,O,X,X,O
IJTSOZL,X,O,O,X,O
IJTZLSO,O,O,O,O,O
IJTZLOS,O,O,O,O,O
IJTZSLO,O,O,O,O,O
IJTZSOL,O,O,O,X,O
IJTZOLS,O,O,O,O,O
IJTZOSL,O,O,O,O,O
IJTOLSZ,O,X,X,X,O
IJTOLZS,O,O,O,O,O
IJTOSLZ,O,O,X,X,O
IJTOSZL,O,O,O,X,O
IJTOZLS,O,O,O,O,O
IJTOZSL,O,O,O,O,O
IJLTSZO,O,X,X,X,O
IJLTSOZ,X,X,X,X,O
IJLTZSO,O,O,O,O,O
IJLTZOS,O,O,O,O,O
IJLTOSZ,X,X,X,X,O
IJLTOZS,O,O,O,O,O
IJLSTZO,O,O,X,O,X
IJLSTOZ,X,X,X,O,X
IJLSZTO,O,O,O,O,X
IJLSZOT,O,O,X,O,X
IJLSOTZ,X,X,X,O,X
IJLSOZT,X,O,X,O,X
IJLZTSO,O,O,O,O,X
IJLZTOS,O,O,O,O,X
IJLZSTO,O,O,O,O,X
IJLZSOT,O,O,X,O,X
IJLZOTS,X,O,O,O,X
IJLZOST,O,X,X,O,X
IJLOTSZ,X,X,X,X,O
IJLOTZS,O,X,X,O,O
IJLOSTZ,X,X,X,O,X
IJLOSZT,X,X,X,O,X
IJLOZTS,X,O,O,O,X
IJLOZST,O,X,X,O,X
IJSTLZO,O,O,X,O,X
IJSTLOZ,X,O,X,O,X
IJSTZLO,O,O,O,O,X
IJSTZOL,O,O,O,O,X
IJSTOLZ,X,O,X,O,X
IJSTOZL,X,O,O,O,X
IJSLTZO,O,O,X,O,X
IJSLTOZ,X,O,X,O,X
IJSLZTO,O,O,O,O,X
IJSLZOT,O,O,X,O,X
IJSLOTZ,X,X,X,O,X
IJSLOZT,X,O,X,O,X
IJSZTLO,O,O,O,O,X
IJSZTOL,X,O,O,O,X
IJSZLTO,O,O,O,O,X
IJSZLOT,O,O,X,O,X
IJSZOTL,X,O,X,O,X
IJSZOLT,O,O,X,O,X
IJSOTLZ,X,O,X,O,X
IJSOTZL,X,O,X,O,X
IJSOLTZ,X,X,X,O,X
IJSOLZT,X,O,X,O,X
IJSOZTL,X,O,X,O,X
IJSOZLT,X,O,X,O,X
IJZTLSO,O,O,O,O,X
IJZTLOS,O,O,O,O,X
IJZTSLO,O,O,O,O,X
IJZTSOL,O,O,O,O,X
IJZTOLS,O,O,O,O,X
IJZTOSL,O,O,O,O,X
IJZLTSO,O,O,O,O,X
IJZLTOS,O,O,O,O,X
IJZLSTO,O,O,O,O,X
IJZLSOT,O,O,X,O,X
IJZLOTS,X,O,O,O,X
IJZLOST,O,X,X,O,X
IJZSTLO,O,O,O,O,X
IJZSTOL,X,O,O,O,X
IJZSLTO,O,O,O,O,X
IJZSLOT,O,O,X,O,X
IJZSOTL,O,O,X,O,X
IJZSOLT,O,O,X,O,X
IJZOTLS,O,O,O,O,X
IJZOTSL,O,O,O,O,X
IJZOLTS,O,O,O,O,X
IJZOLST,O,X,X,O,X
IJZOSTL,O,X,X,O,X
IJZOSLT,O,X,X,O,X
IJOTLSZ,O,X,X,X,O
IJOTLZS,O,O,O,O,O
IJOTSLZ,O,X,X,X,O
IJOTSZL,O,O,O,X,O
IJOTZLS,O,O,O,O,O
IJOTZSL,O,O,O,O,O
IJOLTSZ,O,X,X,X,O
IJOLTZS,O,X,X,O,O
IJOLSTZ,O,X,X,O,X
IJOLSZT,O,X,X,O,X
IJOLZTS,O,O,O,O,X
IJOLZST,O,X,X,O,X
IJOSTLZ,O,X,X,O,X
IJOSTZL,O,X,X,O,X
IJOSLTZ,O,X,X,O,X
IJOSLZT,O,X,X,O,X
IJOSZTL,O,X,X,O,X
IJOSZLT,O,X,X,O,X
IJOZTLS,O,O,O,O,X
IJOZTSL,O,O,O,O,X
IJOZLTS,O,O,O,O,X
IJOZLST,O,X,X,O,X
IJOZSTL,O,X,X,O,X
IJOZSLT,O,X,X,O,X
ISTLJZO,X,X,X,X,O
ISTLJOZ,X,X,X,X,O
ISTLZJO,X,O,X,O,O
ISTLZOJ,X,O,X,O,O
ISTLOJZ,X,X,X,X,O
ISTLOZJ,X,O,X,O,O
ISTJLZO,X,O,X,X,O
ISTJLOZ,X,O,X,X,O
ISTJZLO,X,O,O,X,O
ISTJZOL,X,O,O,X,O
ISTJOLZ,X,O,X,X,O
ISTJOZL,X,O,O,X,O
ISTZLJO,X,O,O,O,O
ISTZLOJ,X,O,O,O,O
ISTZJLO,X,O,O,O,O
ISTZJOL,X,O,O,X,O
ISTZOLJ,X,O,O,O,O
ISTZOJL,X,O,O,O,O
ISTOLJZ,X,X,X,X,O
ISTOLZJ,X,O,X,O,O
ISTOJLZ,X,O,X,X,O
ISTOJZL,X,O,O,X,O
ISTOZLJ,X,O,O,O,O
ISTOZJL,X,O,O,O,O
ISLTJZO,X,X,X,X,O
ISLTJOZ,X,X,X,X,O
ISLTZJO,X,O,X,O,O
ISLTZOJ,X,O,X,O,O
ISLTOJZ,X,X,X,X,O
ISLTOZJ,X,O,X,O,O
ISLJTZO,X,O,X,O,X
ISLJTOZ,X,X,X,O,X
ISLJZTO,X,O,O,O,X
ISLJZOT,X,O,X,O,X
ISLJOTZ,X,X,X,O,X
ISLJOZT,X,O,X,O,X
ISLZTJO,X,O,O,O,X
ISLZTOJ,X,O,O,O,X
ISLZJTO,X,O,O,O,X
ISLZJOT,X,O,X,O,X
ISLZOTJ,X,O,X,O,X
ISLZOJT,X,X,X,O,X
ISLOTJZ,X,X,X,X,O
ISLOTZJ,X,X,X,O,O
ISLOJTZ,X,X,X,O,X
ISLOJZT,X,X,X,O,X
ISLOZTJ,X,O,X,O,X
ISLOZJT,X,X,X,O,X
ISJTLZO,X,O,X,O,X
ISJTLOZ,X,O,X,O,X
ISJTZLO,X,O,O,O,X
ISJTZOL,X,O,O,O,X
ISJTOLZ,X,O,X,O,X
ISJTOZL,X,O,O,O,X
ISJLTZO,X,O,X,O,X
ISJLTOZ,X,O,X,O,X
ISJLZTO,X,O,O,O,X
ISJLZOT,X,O,X,O,X
ISJLOTZ,X,X,X,O,X
ISJLOZT,X,O,X,O,X
ISJZTLO,X,O,O,O,X
ISJZTOL,X,O,O,O,X
ISJZLTO,X,O,O,O,X
ISJZLOT,X,O,X,O,X
ISJZOTL,X,O,X,O,X
ISJZOLT,X,O,X,O,X
ISJOTLZ,X,O,X,O,X
ISJOTZL,X,O,X,O,X
ISJOLTZ,X,X,X,O,X
ISJOLZT,X,O,X,O,X
ISJOZTL,X,O,X,O,X
ISJOZLT,X,O,X,O,X
ISZTLJO,X,O,O,O,X
ISZTLOJ,X,O,O,O,X
ISZTJLO,X,O,O,O,X
ISZTJOL,X,O,O,O,X
ISZTOLJ,X,O,O,O,X
ISZTOJL,X,O,O,O,X
ISZLTJO,X,O,O,O,X
ISZLTOJ,X,O,O,O,X
ISZLJTO,X,O,O,O,X
ISZLJOT,X,O,X,O,X
ISZLOTJ,X,O,X,O,X
ISZLOJT,X,X,X,O,X
ISZJTLO,X,O,O,O,X
ISZJTOL,X,O,O,O,X
ISZJLTO,X,O,O,O,X
ISZJLOT,X,O,X,O,X
ISZJOTL,X,O,X,O,X
ISZJOLT,X,O,X,O,X
ISZOTLJ,X,O,X,O,X
ISZOTJL,X,O,X,O,X
ISZOLTJ,X,O,X,O,X
ISZOLJT,X,X,X,O,X
ISZOJTL,X,X,X,O,X
ISZOJLT,X,X,X,O,X
ISOTLJZ,X,X,X,X,O
ISOTLZJ,X,O,X,O,O
ISOTJLZ,X,X,X,X,O
ISOTJZL,X,O,X,X,O
ISOTZLJ,X,O,X,O,O
ISOTZJL,X,O,X,O,O
ISOLTJZ,X,X,X,X,O
ISOLTZJ,X,X,X,O,O
ISOLJTZ,X,X,X,O,X
ISOLJZT,X,X,X,O,X
ISOLZTJ,X,O,X,O,X
ISOLZJT,X,X,X,O,X
ISOJTLZ,X,X,X,O,X
ISOJTZL,X,X,X,O,X
ISOJLTZ,X,X,X,O,X
ISOJLZT,X,X,X,O,X
ISOJZTL,X,X,X,O,X
ISOJZLT,X,X,X,O,X
ISOZTLJ,X,O,X,O,X
ISOZTJL,X,O,X,O,X
ISOZLTJ,X,O,X,O,X
ISOZLJT,X,X,X,O,X
ISOZJTL,X,X,X,O,X
ISOZJLT,X,X,X,O,X
IZTLJSO,O,O,O,O,O
IZTLJOS,O,O,O,O,O
IZTLSJO,O,O,O,O,O
IZTLSOJ,O,O,O,O,O
IZTLOJS,O,O,O,X,O
IZTLOSJ,O,O,O,X,O
IZTJLSO,O,O,O,O,O
IZTJLOS,O,O,O,O,O
IZTJSLO,O,O,O,O,O
IZTJSOL,O,O,O,O,O
IZTJOLS,O,O,O,O,O
IZTJOSL,O,O,O,X,O
IZTSLJO,O,O,O,O,O
IZTSLOJ,O,O,O,O,O
IZTSJLO,O,O,O,O,O
IZTSJOL,O,O,O,O,O
IZTSOLJ,O,O,O,O,O
IZTSOJL,O,O,O,X,O
IZTOLJS,O,O,O,X,O
IZTOLSJ,O,O,O,X,O
IZTOJLS,O,O,O,X,O
IZTOJSL,O,O,O,X,O
IZTOSLJ,O,O,O,X,O
IZTOSJL,O,O,O,X,O
IZLTJSO,O,O,O,O,O
IZLTJOS,O,O,O,O,O
IZLTSJO,O,O,O,O,O
IZLTSOJ,O,O,O,O,O
IZLTOJS,O,O,O,X,O
IZLTOSJ,O,O,O,X,O
IZLJTSO,O,O,O,O,X
IZLJTOS,O,O,O,O,X
IZLJSTO,O,O,O,O,X
IZLJSOT,O,O,X,O,X
IZLJOTS,X,O,O,O,X
IZLJOST,O,X,X,X,X
IZLSTJO,O,O,O,O,X
IZLSTOJ,O,O,O,O,X
IZLSJTO,O,O,O,O,X
IZLSJOT,O,O,X,O,X
IZLSOTJ,O,O,X,O,X
IZLSOJT,O,X,X,X,X
IZLOTJS,O,X,O,X,O
IZLOTSJ,O,X,O,X,O
IZLOJTS,O,X,O,X,X
IZLOJST,O,X,X,X,X
IZLOSTJ,O,X,X,X,X
IZLOSJT,O,X,X,X,X
IZJTLSO,O,O,O,O,X
IZJTLOS,O,O,O,O,X
IZJTSLO,O,O,O,O,X
IZJTSOL,O,O,O,O,X
IZJTOLS,O,O,O,O,X
IZJTOSL,O,O,O,O,X
IZJLTSO,O,O,O,O,X
IZJLTOS,O,O,O,O,X
IZJLSTO,O,O,O,O,X
IZJLSOT,O,O,X,O,X
IZJLOTS,X,O,O,O,X
IZJLOST,O,X,X,O,X
IZJSTLO,O,O,O,O,X
IZJSTOL,X,O,O,O,X
IZJSLTO,O,O,O,O,X
IZJSLOT,O,O,X,O,X
IZJSOTL,O,O,X,O,X
IZJSOLT,O,O,X,O,X
IZJOTLS,O,O,O,O,X
IZJOTSL,O,O,O,O,X
IZJOLTS,O,O,O,O,X
IZJOLST,O,X,X,O,X
IZJOSTL,O,X,X,O,X
IZJOSLT,O,X,X,O,X
IZSTLJO,O,O,O,O,X
IZSTLOJ,O,O,O,O,X
IZSTJLO,O,O,O,O,X
IZSTJOL,X,O,O,O,X
IZSTOLJ,X,O,O,O,X
IZSTOJL,X,O,O,O,X
IZSLTJO,O,O,O,O,X
IZSLTOJ,O,O,O,O,X
IZSLJTO,O,O,O,O,X
IZSLJOT,O,O,X,O,X
IZSLOTJ,O,O,X,O,X
IZSLOJT,O,X,X,O,X
IZSJTLO,O,O,O,O,X
IZSJTOL,X,O,O,O,X
IZSJLTO,O,O,O,O,X
IZSJLOT,O,O,X,O,X
IZSJOTL,O,O,X,O,X
IZSJOLT,O,O,X,O,X
IZSOTLJ,O,O,X,O,X
IZSOTJL,O,O,X,O,X
IZSOLTJ,O,O,X,O,X
IZSOLJT,O,X,X,O,X
IZSOJTL,O,X,X,O,X
IZSOJLT,O,X,X,O,X
IZOTLJS,O,X,O,O,O
IZOTLSJ,O,X,O,O,O
IZOTJLS,O,X,O,O,O
IZOTJSL,O,X,O,O,O
IZOTSLJ,O,X,O,O,O
IZOTSJL,O,X,O,O,O
IZOLTJS,O,X,O,O,O
IZOLTSJ,O,X,O,O,O
IZOLJTS,O,X,O,O,X
IZOLJST,O,X,X,O,X
IZOLSTJ,O,X,X,O,X
IZOLSJT,O,X,X,O,X
IZOJTLS,O,X,O,O,X
IZOJTSL,O,X,O,O,X
IZOJLTS,O,X,O,O,X
IZOJLST,O,X,X,O,X
IZOJSTL,O,X,X,O,X
IZOJSLT,O,X,X,O,X
IZOSTLJ,O,X,X,O,X
IZOSTJL,O,X,X,O,X
IZOSLTJ,O,X,X,O,X
IZOSLJT,O,X,X,O,X
IZOSJTL,O,X,X,O,X
IZOSJLT,O,X,X,O,X
IOTLJSZ,O,X,X,X,O
IOTLJZS,O,X,O,X,O
IOTLSJZ,X,X,X,X,O
IOTLSZJ,O,X,X,X,O
IOTLZJS,O,X,O,X,O
IOTLZSJ,O,X,O,X,O
IOTJLSZ,O,X,X,X,O
IOTJLZS,O,X,O,X,O
IOTJSLZ,O,X,X,X,O
IOTJSZL,O,X,O,X,O
IOTJZLS,O,X,O,X,O
IOTJZSL,O,X,O,X,O
IOTSLJZ,X,X,X,X,O
IOTSLZJ,O,X,X,X,O
IOTSJLZ,X,X,X,X,O
IOTSJZL,X,X,O,X,O
IOTSZLJ,O,X,O,X,O
IOTSZJL,O,X,O,X,O
IOTZLJS,O,X,O,X,O
IOTZLSJ,O,X,O,X,O
IOTZJLS,O,X,O,X,O
IOTZJSL,O,X,O,X,O
IOTZSLJ,O,X,O,X,O
IOTZSJL,O,X,O,X,O
IOLTJSZ,O,X,X,X,O
IOLTJZS,O,X,X,X,O
IOLTSJZ,X,X,X,X,O
IOLTSZJ,O,X,X,X,O
IOLTZJS,O,X,X,X,O
IOLTZSJ,O,X,X,X,O
IOLJTSZ,O,X,X,X,O
IOLJTZS,O,X,X,O,O
IOLJSTZ,O,X,X,O,X
IOLJSZT,O,X,X,O,X
IOLJZTS,O,X,O,O,X
IOLJZST,O,X,X,O,X
IOLSTJZ,X,X,X,X,O
IOLSTZJ,O,X,X,O,O
IOLSJTZ,O,X,X,O,X
IOLSJZT,O,X,X,O,X
IOLSZTJ,O,X,X,O,X
IOLSZJT,O,X,X,O,X
IOLZTJS,O,X,O,O,O
IOLZTSJ,O,X,O,O,O
IOLZJTS,O,X,O,O,X
IOLZJST,O,X,X,O,X
IOLZSTJ,O,X,X,O,X
IOLZSJT,O,X,X,O,X
IOJTLSZ,O,X,X,X,O
IOJTLZS,O,X,O,O,O
IOJTSLZ,O,X,X,X,O
IOJTSZL,O,X,O,X,O
IOJTZLS,O,X,O,O,O
IOJTZSL,O,X,O,O,O
IOJLTSZ,O,X,X,X,O
IOJLTZS,O,X,X,O,O
IOJLSTZ,O,X,X,O,X
IOJLSZT,O,X,X,O,X
IOJLZTS,O,X,O,O,X
IOJLZST,O,X,X,O,X
IOJSTLZ,O,X,X,O,X
IOJSTZL,O,X,X,O,X
IOJSLTZ,O,X,X,O,X
IOJSLZT,O,X,X,O,X
IOJSZTL,O,X,X,O,X
IOJSZLT,O,X,X,O,X
IOJZTLS,O,X,O,O,X
IOJZTSL,O,X,O,O,X
IOJZLTS,O,X,O,O,X
IOJZLST,O,X,X,O,X
IOJZSTL,O,X,X,O,X
IOJZSLT,O,X,X,O,X
IOSTLJZ,X,X,X,X,O
IOSTLZJ,O,X,X,O,O
IOSTJLZ,X,X,X,X,O
IOSTJZL,X,X,X,X,O
IOSTZLJ,O,X,X,O,O
IOSTZJL,O,X,X,O,O
IOSLTJZ,X,X,X,X,O
IOSLTZJ,O,X,X,O,O
IOSLJTZ,O,X,X,O,X
IOSLJZT,O,X,X,O,X
IOSLZTJ,O,X,X,O,X
IOSLZJT,O,X,X,O,X
IOSJTLZ,O,X,X,O,X
IOSJTZL,O,X,X,O,X
IOSJLTZ,O,X,X,O,X
IOSJLZT,O,X,X,O,X
IOSJZTL,O,X,X,O,X
IOSJZLT,O,X,X,O,X
IOSZTLJ,O,X,X,O,X
IOSZTJL,X,X,X,O,X
IOSZLTJ,O,X,X,O,X
IOSZLJT,O,X,X,O,X
IOSZJTL,O,X,X,O,X
IOSZJLT,O,X,X,O,X
IOZTLJS,O,X,O,O,O
IOZTLSJ,O,X,O,O,O
IOZTJLS,O,X,O,O,O
IOZTJSL,O,X,O,O,O
IOZTSLJ,O,X,O,O,O
IOZTSJL,O,X,O,O,O
IOZLTJS,O,X,O,O,O
IOZLTSJ,O,X,O,O,O
IOZLJTS,O,X,O,O,X
IOZLJST,O,X,X,O,X
IOZLSTJ,O,X,X,O,X
IOZLSJT,O,X,X,O,X
IOZJTLS,O,X,O,O,X
IOZJTSL,O,X,O,O,X
IOZJLTS,O,X,O,O,X
IOZJLST,O,X,X,O,X
IOZJSTL,O,X,X,O,X
IOZJSLT,O,X,X,O,X
IOZSTLJ,O,X,X,O,X
IOZSTJL,O,X,X,O,X
IOZSLTJ,O,X,X,O,X
IOZSLJT,O,X,X,O,X
IOZSJTL,O,X,X,O,X
IOZSJLT,O,X,X,O,X
LTIJSZO,O,X,X,X,O
LTIJSOZ,X,X,X,X,O
LTIJZSO,O,X,O,X,O
LTIJZOS,O,X,O,X,O
LTIJOSZ,X,X,X,X,O
LTIJOZS,O,X,O,X,O
LTISJZO,X,X,X,X,O
LTISJOZ,X,X,X,X,O
LTISZJO,X,X,X,X,O
LTISZOJ,X,X,X,X,O
LTISOJZ,X,X,X,X,O
LTISOZJ,X,X,X,X,O
LTIZJSO,O,X,O,X,O
LTIZJOS,O,X,O,X,O
LTIZSJO,O,X,O,X,O
LTIZSOJ,O,X,O,X,O
LTIZOJS,O,X,O,X,O
LTIZOSJ,O,X,O,X,O
LTIOJSZ,O,X,X,X,O
LTIOJZS,O,X,O,X,O
LTIOSJZ,X,X,X,X,O
LTIOSZJ,O,X,X,X,O
LTIOZJS,O,X,O,X,O
LTIOZSJ,O,X,O,X,O
LTJISZO,O,X,X,X,O
LTJISOZ,X,X,X,X,O
LTJIZSO,O,O,O,O,O
LTJIZOS,O,O,O,O,O
LTJIOSZ,X,X,X,X,O
LTJIOZS,O,O,O,O,O
LTJSIZO,O,O,X,O,X
LTJSIOZ,X,O,X,O,X
LTJSZIO,O,O,X,O,X
LTJSZOI,O,O,X,O,X
LTJSOIZ,X,O,X,O,X
LTJSOZI,X,O,X,O,X
LTJZISO,O,O,O,O,X
LTJZIOS,O,O,O,O,X
LTJZSIO,O,O,O,O,X
LTJZSOI,O,O,O,O,X
LTJZOIS,O,O,O,O,X
LTJZOSI,O,O,O,O,X
LTJOISZ,O,X,X,X,O
LTJOIZS,O,O,O,O,O
LTJOSIZ,O,O,X,O,X
LTJOSZI,O,O,X,O,X
LTJOZIS,O,O,O,O,X
LTJOZSI,O,O,O,O,X
LTSIJZO,X,X,X,X,O
LTSIJOZ,X,X,X,X,O
LTSIZJO,X,O,X,O,O
LTSIZOJ,X,O,X,O,O
LTSIOJZ,X,X,X,X,O
LTSIOZJ,X,O,X,O,O
LTSJIZO,O,O,X,O,X
LTSJIOZ,X,O,X,O,X
LTSJZIO,O,O,X,O,X
LTSJZOI,O,O,X,O,X
LTSJOIZ,X,O,X,O,X
LTSJOZI,X,O,X,O,X
LTSZIJO,O,O,X,O,X
LTSZIOJ,O,O,X,O,X
LTSZJIO,O,O,X,O,X
LTSZJOI,O,O,X,O,X
LTSZOIJ,O,O,X,O,X
LTSZOJI,O,O,X,O,X
LTSOIJZ,X,X,X,X,O
LTSOIZJ,O,O,X,O,O
LTSOJIZ,O,O,X,O,X
LTSOJZI,O,O,X,O,X
LTSOZIJ,O,O,X,O,X
LTSOZJI,O,O,X,O,X
LTZIJSO,O,O,O,O,O
LTZIJOS,O,O,O,O,O
LTZISJO,O,O,O,O,O
LTZISOJ,O,O,O,O,O
LTZIOJS,O,O,O,X,O
LTZIOSJ,O,O,O,X,O
LTZJISO,O,O,O,O,X
LTZJIOS,O,O,O,O,X
LTZJSIO,O,O,O,O,X
LTZJSOI,O,O,O,O,X
LTZJOIS,O,O,O,O,X
LTZJOSI,O,O,O,O,X
LTZSIJO,O,O,O,O,X
LTZSIOJ,O,O,O,O,X
LTZSJIO,O,O,O,O,X
LTZSJOI,O,O,O,O,X
LTZSOIJ,O,O,O,O,X
LTZSOJI,O,O,O,O,X
LTZOIJS,O,O,O,X,O
LTZOISJ,O,O,O,X,O
LTZOJIS,O,O,O,O,X
LTZOJSI,O,O,O,O,X
LTZOSIJ,O,O,O,O,X
LTZOSJI,O,O,O,O,X
LTOIJSZ,O,X,X,X,O
LTOIJZS,O,X,O,X,O
LTOISJZ,X,X,X,X,O
LTOISZJ,O,X,X,X,O
LTOIZJS,O,X,O,X,O
LTOIZSJ,O,X,O,X,O
LTOJISZ,O,X,X,X,O
LTOJIZS,O,O,O,O,O
LTOJSIZ,O,O,X,O,X
LTOJSZI,O,O,X,O,X
LTOJZIS,O,O,O,O,X
LTOJZSI,O,O,O,O,X
LTOSIJZ,X,X,X,X,O
LTOSIZJ,O,O,X,O,O
LTOSJIZ,O,O,X,O,X
LTOSJZI,O,O,X,O,X
LTOSZIJ,O,O,X,O,X
LTOSZJI,O,O,X,O,X
LTOZIJS,O,O,O,O,O
LTOZISJ,O,O,O,O,O
LTOZJIS,O,O,O,O,X
LTOZJSI,O,O,O,O,X
LTOZSIJ,O,O,O,O,X
LTOZSJI,O,O,O,O,X
LITJSZO,O,X,X,X,O
LITJSOZ,X,X,X,X,O
LITJZSO,O,X,O,X,O
LITJZOS,O,X,O,X,O
LITJOSZ,X,X,X,X,O
LITJOZS,O,X,O,X,O
LITSJZO,X,X,X,X,O
LITSJOZ,X,X,X,X,O
LITSZJO,X,X,X,X,O
LITSZOJ,X,X,X,X,O
LITSOJZ,X,X,X,X,O
LITSOZJ,X,X,X,X,O
LITZJSO,O,X,O,X,O
LITZJOS,O,X,O,X,O
LITZSJO,O,X,O,X,O
LITZSOJ,O,X,O,X,O
LITZOJS,O,X,O,X,O
LITZOSJ,O,X,O,X,O
LITOJSZ,O,X,X,X,O
LITOJZS,O,X,O,X,O
LITOSJZ,X,X,X,X,O
LITOSZJ,O,X,X,X,O
LITOZJS,O,X,O,X,O
LITOZSJ,O,X,O,X,O
LIJTSZO,O,X,X,X,O
LIJTSOZ,X,X,X,X,O
LIJTZSO,O,O,O,O,O
LIJTZOS,O,O,O,O,O
LIJTOSZ,X,X,X,X,O
LIJTOZS,O,X,O,O,O
LIJSTZO,O,O,X,O,X
LIJSTOZ,X,X,X,O,X
LIJSZTO,O,O,O,O,X
LIJSZOT,O,O,X,O,X
LIJSOTZ,X,X,X,O,X
LIJSOZT,X,O,X,O,X
LIJZTSO,O,O,O,O,X
LIJZTOS,O,O,O,O,X
LIJZSTO,O,O,O,O,X
LIJZSOT,O,O,X,O,X
LIJZOTS,X,O,O,O,X
LIJZOST,O,X,X,O,X
LIJOTSZ,X,X,X,X,O
LIJOTZS,O,X,X,O,O
LIJOSTZ,X,X,X,O,X
LIJOSZT,X,X,X,O,X
LIJOZTS,X,O,O,O,X
LIJOZST,O,X,X,O,X
LISTJZO,X,X,X,X,O
LISTJOZ,X,X,X,X,O
LISTZJO,X,O,X,O,O
LISTZOJ,X,O,X,O,O
LISTOJZ,X,X,X,X,O
LISTOZJ,X,X,X,O,O
LISJTZO,X,O,X,O,X
LISJTOZ,X,X,X,O,X
LISJZTO,X,O,O,O,X
LISJZOT,X,O,X,O,X
LISJOTZ,X,X,X,O,X
LISJOZT,X,O,X,O,X
LISZTJO,X,O,O,O,X
LISZTOJ,X,O,O,O,X
LISZJTO,X,O,O,O,X
LISZJOT,X,O,X,O,X
LISZOTJ,X,O,X,O,X
LISZOJT,X,X,X,O,X
LISOTJZ,X,X,X,X,O
LISOTZJ,X,X,X,O,O
LISOJTZ,X,X,X,O,X
LISOJZT,X,X,X,O,X
LISOZTJ,X,O,X,O,X
LISOZJT,X,X,X,O,X
LIZTJSO,O,O,O,O,O
LIZTJOS,O,O,O,O,O
LIZTSJO,O,O,O,O,O
LIZTSOJ,O,O,O,O,O
LIZTOJS,O,O,O,X,O
LIZTOSJ,O,O,O,X,O
LIZJTSO,O,O,O,O,X
LIZJTOS,O,O,O,O,X
LIZJSTO,O,O,O,O,X
LIZJSOT,O,O,X,O,X
LIZJOTS,X,O,O,O,X
LIZJOST,O,X,X,X,X
LIZSTJO,O,O,O,O,X
LIZSTOJ,O,O,O,O,X
LIZSJTO,O,O,O,O,X
LIZSJOT,O,O,X,O,X
LIZSOTJ,O,O,X,O,X
LIZSOJT,O,X,X,X,X
LIZOTJS,O,X,O,X,O
LIZOTSJ,O,X,O,X,O
LIZOJTS,O,X,O,X,X
LIZOJST,O,X,X,X,X
LIZOSTJ,O,X,X,X,X
LIZOSJT,O,X,X,X,X
LIOTJSZ,O,X,X,X,O
LIOTJZS,O,X,X,X,O
LIOTSJZ,X,X,X,X,O
LIOTSZJ,O,X,X,X,O
LIOTZJS,O,X,X,X,O
LIOTZSJ,O,X,X,X,O
LIOJTSZ,O,X,X,X,O
LIOJTZS,O,X,X,O,O
LIOJSTZ,O,X,X,O,X
LIOJSZT,O,X,X,O,X
LIOJZTS,O,X,O,O,X
LIOJZST,O,X,X,O,X
LIOSTJZ,X,X,X,X,O
LIOSTZJ,O,X,X,O,O
LIOSJTZ,O,X,X,O,X
LIOSJZT,O,X,X,O,X
LIOSZTJ,O,X,X,O,X
LIOSZJT,O,X,X,O,X
LIOZTJS,O,X,O,O,O
LIOZTSJ,O,X,O,O,O
LIOZJTS,O,X,O,O,X
LIOZJST,O,X,X,O,X
LIOZSTJ,O,X,X,O,X
LIOZSJT,O,X,X,O,X
LJTISZO,O,X,X,X,O
LJTISOZ,X,X,X,X,O
LJTIZSO,O,O,O,O,O
LJTIZOS,O,O,O,O,O
LJTIOSZ,X,X,X,X,O
LJTIOZS,O,O,O,O,O
LJTSIZO,O,O,X,O,X
LJTSIOZ,X,O,X,O,X
LJTSZIO,O,O,X,O,X
LJTSZOI,O,O,X,O,X
LJTSOIZ,X,O,X,O,X
LJTSOZI,X,O,X,O,X
LJTZISO,O,O,O,O,X
LJTZIOS,O,O,O,O,X
LJTZSIO,O,O,O,O,X
LJTZSOI,O,O,O,O,X
LJTZOIS,O,O,O,O,X
LJTZOSI,O,O,O,O,X
LJTOISZ,O,X,X,X,O
LJTOIZS,O,O,O,O,O
LJTOSIZ,O,O,X,O,X
LJTOSZI,O,O,X,O,X
LJTOZIS,O,O,O,O,X
LJTOZSI,O,O,O,O,X
LJITSZO,O,X,X,X,O
LJITSOZ,X,X,X,X,O
LJITZSO,O,O,O,O,O
LJITZOS,O,O,O,O,O
LJITOSZ,X,X,X,X,O
LJITOZS,O,O,O,O,O
LJISTZO,O,O,X,O,X
LJISTOZ,X,X,X,O,X
LJISZTO,O,O,O,O,X
LJISZOT,O,O,X,O,X
LJISOTZ,X,X,X,O,X
LJISOZT,X,O,X,O,X
LJIZTSO,O,O,O,O,X
LJIZTOS,O,O,O,O,X
LJIZSTO,O,O,O,O,X
LJIZSOT,O,O,X,O,X
LJIZOTS,X,O,O,O,X
LJIZOST,O,X,X,O,X
LJIOTSZ,X,X,X,X,O
LJIOTZS,O,X,X,O,O
LJIOSTZ,X,X,X,O,X
LJIOSZT,X,X,X,O,X
LJIOZTS,X,O,O,O,X
LJIOZST,O,X,X,O,X
LJSTIZO,O,O,X,O,X
LJSTIOZ,X,O,X,O,X
LJSTZIO,O,O,X,O,X
LJSTZOI,O,O,X,O,X
LJSTOIZ,X,O,X,O,X
LJSTOZI,X,O,X,O,X
LJSITZO,O,O,X,O,X
LJSITOZ,X,O,X,O,X
LJSIZTO,O,O,O,O,X
LJSIZOT,O,O,X,O,X
LJSIOTZ,X,X,X,O,X
LJSIOZT,X,O,X,O,X
LJSZTIO,O,O,O,O,X
LJSZTOI,O,O,O,O,X
LJSZITO,O,O,O,O,X
LJSZIOT,O,O,X,O,X
LJSZOTI,X,O,X,O,X
LJSZOIT,O,O,X,O,X
LJSOTIZ,X,X,X,O,X
LJSOTZI,X,X,X,O,X
LJSOITZ,X,X,X,O,X
LJSOIZT,X,O,X,O,X
LJSOZTI,X,O,X,O,X
LJSOZIT,X,O,X,O,X
LJZTISO,O,O,O,O,X
LJZTIOS,O,O,O,O,X
LJZTSIO,O,O,O,O,X
LJZTSOI,O,O,O,O,X
LJZTOIS,O,O,O,O,X
LJZTOSI,O,O,O,O,X
LJZITSO,O,O,O,O,X
LJZITOS,O,O,O,O,X
LJZISTO,O,O,O,O,X
LJZISOT,O,O,X,O,X
LJZIOTS,X,O,O,O,X
LJZIOST,O,X,X,O,X
LJZSTIO,O,O,O,O,X
LJZSTOI,O,O,O,O,X
LJZSITO,O,O,O,O,X
LJZSIOT,O,O,X,O,X
LJZSOTI,O,O,X,O,X
LJZSOIT,O,O,X,O,X
LJZOTIS,O,O,O,O,X
LJZOTSI,O,O,O,O,X
LJZOITS,O,O,O,O,X
LJZOIST,O,X,X,O,X
LJZOSTI,O,O,X,O,X
LJZOSIT,O,O,X,O,X
LJOTISZ,O,X,X,X,O
LJOTIZS,O,X,X,O,O
LJOTSIZ,O,X,X,O,X
LJOTSZI,O,X,X,O,X
LJOTZIS,O,X,X,O,X
LJOTZSI,O,X,X,O,X
LJOITSZ,O,X,X,X,O
LJOITZS,O,X,X,O,O
LJOISTZ,O,X,X,O,X
LJOISZT,O,X,X,O,X
LJOIZTS,O,O,O,O,X
LJOIZST,O,X,X,O,X
LJOSTIZ,O,X,X,O,X
LJOSTZI,O,X,X,O,X
LJOSITZ,O,X,X,O,X
LJOSIZT,O,O,X,O,X
LJOSZTI,O,O,X,O,X
LJOSZIT,O,O,X,O,X
LJOZTIS,O,O,O,O,X
LJOZTSI,O,O,O,O,X
LJOZITS,O,O,O,O,X
LJOZIST,O,X,X,O,X
LJOZSTI,O,O,X,O,X
LJOZSIT,O,O,X,O,X
LSTIJZO,X,X,X,X,O
LSTIJOZ,X,X,X,X,O
LSTIZJO,X,O,X,O,O
LSTIZOJ,X,O,X,O,O
LSTIOJZ,X,X,X,X,O
LSTIOZJ,X,O,X,O,O
LSTJIZO,O,O,X,O,X
LSTJIOZ,X,O,X,O,X
LSTJZIO,O,O,X,O,X
LSTJZOI,O,O,X,O,X
LSTJOIZ,X,O,X,O,X
LSTJOZI,X,O,X,O,X
LSTZIJO,O,O,X,O,X
LSTZIOJ,O,O,X,O,X
LSTZJIO,O,O,X,O,X
LSTZJOI,O,O,X,O,X
LSTZOIJ,O,O,X,O,X
LSTZOJI,O,O,X,O,X
LSTOIJZ,X,X,X,X,O
LSTOIZJ,O,O,X,O,O
LSTOJIZ,O,O,X,O,X
LSTOJZI,O,O,X,O,X
LSTOZIJ,O,O,X,O,X
LSTOZJI,O,O,X,O,X
LSITJZO,X,X,X,X,O
LSITJOZ,X,X,X,X,O
LSITZJO,X,O,X,O,O
LSITZOJ,X,O,X,O,O
LSITOJZ,X,X,X,X,O
LSITOZJ,X,O,X,O,O
LSIJTZO,X,O,X,O,X
LSIJTOZ,X,X,X,O,X
LSIJZTO,X,O,O,O,X
LSIJZOT,X,O,X,O,X
LSIJOTZ,X,X,X,O,X
LSIJOZT,X,O,X,O,X
LSIZTJO,X,O,O,O,X
LSIZTOJ,X,O,O,O,X
LSIZJTO,X,O,O,O,X
LSIZJOT,X,O,X,O,X
LSIZOTJ,X,O,X,O,X
LSIZOJT,X,X,X,O,X
LSIOTJZ,X,X,X,X,O
LSIOTZJ,X,X,X,O,O
LSIOJTZ,X,X,X,O,X
LSIOJZT,X,X,X,O,X
LSIOZTJ,X,O,X,O,X
LSIOZJT,X,X,X,O,X
LSJTIZO,O,O,X,O,X
LSJTIOZ,X,O,X,O,X
LSJTZIO,O,O,X,O,X
LSJTZOI,O,O,X,O,X
LSJTOIZ,X,O,X,O,X
LSJTOZI,X,O,X,O,X
LSJITZO,O,O,X,O,X
LSJITOZ,X,O,X,O,X
LSJIZTO,O,O,O,O,X
LSJIZOT,O,O,X,O,X
LSJIOTZ,X,X,X,O,X
LSJIOZT,X,O,X,O,X
LSJZTIO,O,O,O,O,X
LSJZTOI,O,O,O,O,X
LSJZITO,O,O,O,O,X
LSJZIOT,O,O,X,O,X
LSJZOTI,X,O,X,O,X
LSJZOIT,O,O,X,O,X
LSJOTIZ,X,X,X,O,X
LSJOTZI,X,X,X,O,X
LSJOITZ,X,X,X,O,X
LSJOIZT,X,O,X,O,X
LSJOZTI,X,O,X,O,X
LSJOZIT,X,O,X,O,X
LSZTIJO,O,O,O,O,X
LSZTIOJ,O,O,O,O,X
LSZTJIO,O,O,O,O,X
LSZTJOI,O,O,O,O,X
LSZTOIJ,O,O,O,O,X
LSZTOJI,O,O,O,O,X
LSZITJO,O,O,O,O,X
LSZITOJ,O,O,O,O,X
LSZIJTO,O,O,O,O,X
LSZIJOT,O,O,X,O,X
LSZIOTJ,O,O,X,O,X
LSZIOJT,O,X,X,O,X
LSZJTIO,O,O,O,O,X
LSZJTOI,O,O,O,O,X
LSZJITO,O,O,O,O,X
LSZJIOT,O,O,X,O,X
LSZJOTI,O,O,X,O,X
LSZJOIT,O,O,X,O,X
LSZOTIJ,O,O,X,O,X
LSZOTJI,O,O,X,O,X
LSZOITJ,O,O,X,O,X
LSZOIJT,O,X,X,O,X
LSZOJTI,O,O,X,O,X
LSZOJIT,O,O,X,O,X
LSOTIJZ,X,X,X,X,O
LSOTIZJ,O,X,X,O,O
LSOTJIZ,O,X,X,O,X
LSOTJZI,O,X,X,O,X
LSOTZIJ,O,X,X,O,X
LSOTZJI,O,X,X,O,X
LSOITJZ,X,X,X,X,O
LSOITZJ,O,X,X,O,O
LSOIJTZ,O,X,X,O,X
LSOIJZT,O,X,X,O,X
LSOIZTJ,O,O,X,O,X
LSOIZJT,O,X,X,O,X
LSOJTIZ,O,X,X,O,X
LSOJTZI,O,X,X,O,X
LSOJITZ,O,X,X,O,X
LSOJIZT,O,O,X,O,X
LSOJZTI,O,O,X,O,X
LSOJZIT,O,O,X,O,X
LSOZTIJ,O,O,X,O,X
LSOZTJI,O,O,X,O,X
LSOZITJ,O,O,X,O,X
LSOZIJT,O,X,X,O,X
LSOZJTI,O,O,X,O,X
LSOZJIT,O,O,X,O,X
LZTIJSO,O,O,O,O,O
LZTIJOS,O,O,O,O,O
LZTISJO,O,O,O,O,O
LZTISOJ,O,O,O,O,O
LZTIOJS,O,O,O,X,O
LZTIOSJ,O,O,O,X,O
LZTJISO,O,O,O,O,X
LZTJIOS,O,O,O,O,X
LZTJSIO,O,O,O,O,X
LZTJSOI,O,O,O,O,X
LZTJOIS,O,O,O,O,X
LZTJOSI,O,O,O,O,X
LZTSIJO,O,O,O,O,X
LZTSIOJ,O,O,O,O,X
LZTSJIO,O,O,O,O,X
LZTSJOI,O,O,O,O,X
LZTSOIJ,O,O,O,O,X
LZTSOJI,O,O,O,O,X
LZTOIJS,O,O,O,X,O
LZTOISJ,O,O,O,X,O
LZTOJIS,O,O,O,O,X
LZTOJSI,O,O,O,O,X
LZTOSIJ,O,O,O,O,X
LZTOSJI,O,O,O,O,X
LZITJSO,O,O,O,O,O
LZITJOS,O,O,O,O,O
LZITSJO,O,O,O,O,O
LZITSOJ,O,O,O,O,O
LZITOJS,O,O,O,X,O
LZITOSJ,O,O,O,X,O
LZIJTSO,O,O,O,O,X
LZIJTOS,O,O,O,O,X
LZIJSTO,O,O,O,O,X
LZIJSOT,O,O,X,O,X
LZIJOTS,X,O,O,O,X
LZIJOST,O,X,X,X,X
LZISTJO,O,O,O,O,X
LZISTOJ,O,O,O,O,X
LZISJTO,O,O,O,O,X
LZISJOT,O,O,X,O,X
LZISOTJ,O,O,X,O,X
LZISOJT,O,X,X,X,X
LZIOTJS,O,X,O,X,O
LZIOTSJ,O,X,O,X,O
LZIOJTS,O,X,O,X,X
LZIOJST,O,X,X,X,X
LZIOSTJ,O,X,X,X,X
LZIOSJT,O,X,X,X,X
LZJTISO,O,O,O,O,X
LZJTIOS,O,O,O,O,X
LZJTSIO,O,O,O,O,X
LZJTSOI,O,O,O,O,X
LZJTOIS,O,O,O,O,X
LZJTOSI,O,O,O,O,X
LZJITSO,O,O,O,O,X
LZJITOS,O,O,O,O,X
LZJISTO,O,O,O,O,X
LZJISOT,O,O,X,O,X
LZJIOTS,X,O,O,O,X
LZJIOST,O,X,X,O,X
LZJSTIO,O,O,O,O,X
LZJSTOI,O,O,O,O,X
LZJSITO,O,O,O,O,X
LZJSIOT,O,O,X,O,X
LZJSOTI,O,O,X,O,X
LZJSOIT,O,O,X,O,X
LZJOTIS,O,O,O,O,X
LZJOTSI,O,O,O,O,X
LZJOITS,O,O,O,O,X
LZJOIST,O,X,X,O,X
LZJOSTI,O,O,X,O,X
LZJOSIT,O,O,X,O,X
LZSTIJO,O,O,O,O,X
LZSTIOJ,O,O,O,O,X
LZSTJIO,O,O,O,O,X
LZSTJOI,O,O,O,O,X
LZSTOIJ,O,O,O,O,X
LZSTOJI,O,O,O,O,X
LZSITJO,O,O,O,O,X
LZSITOJ,O,O,O,O,X
LZSIJTO,O,O,O,O,X
LZSIJOT,O,O,X,O,X
LZSIOTJ,O,O,X,O,X
LZSIOJT,O,X,X,O,X
LZSJTIO,O,O,O,O,X
LZSJTOI,O,O,O,O,X
LZSJITO,O,O,O,O,X
LZSJIOT,O,O,X,O,X
LZSJOTI,O,O,X,O,X
LZSJOIT,O,O,X,O,X
LZSOTIJ,O,O,X,O,X
LZSOTJI,O,O,X,O,X
LZSOITJ,O,O,X,O,X
LZSOIJT,O,X,X,O,X
LZSOJTI,O,O,X,O,X
LZSOJIT,O,O,X,O,X
LZOTIJS,O,O,O,O,O
LZOTISJ,O,O,O,O,O
LZOTJIS,O,O,O,O,X
LZOTJSI,O,O,O,O,X
LZOTSIJ,O,O,O,O,X
LZOTSJI,O,O,O,O,X
LZOITJS,O,X,O,O,O
LZOITSJ,O,X,O,O,O
LZOIJTS,O,X,O,O,X
LZOIJST,O,X,X,O,X
LZOISTJ,O,X,X,O,X
LZOISJT,O,X,X,O,X
LZOJTIS,O,O,O,O,X
LZOJTSI,O,O,O,O,X
LZOJITS,O,O,O,O,X
LZOJIST,O,X,X,O,X
LZOJSTI,O,O,X,O,X
LZOJSIT,O,O,X,O,X
LZOSTIJ,O,O,X,O,X
LZOSTJI,O,O,X,O,X
LZOSITJ,O,O,X,O,X
LZOSIJT,O,X,X,O,X
LZOSJTI,O,O,X,O,X
LZOSJIT,O,O,X,O,X
LOTIJSZ,O,X,X,X,O
LOTIJZS,O,X,X,X,O
LOTISJZ,X,X,X,X,O
LOTISZJ,O,X,X,X,O
LOTIZJS,O,X,X,X,O
LOTIZSJ,O,X,X,X,O
LOTJISZ,O,X,X,X,O
LOTJIZS,O,X,X,O,O
LOTJSIZ,O,X,X,O,X
LOTJSZI,O,X,X,O,X
LOTJZIS,O,X,X,O,X
LOTJZSI,O,X,X,O,X
LOTSIJZ,X,X,X,X,O
LOTSIZJ,O,X,X,O,O
LOTSJIZ,O,X,X,O,X
LOTSJZI,O,X,X,O,X
LOTSZIJ,O,X,X,O,X
LOTSZJI,O,X,X,O,X
LOTZIJS,O,X,X,O,O
LOTZISJ,O,X,X,O,O
LOTZJIS,O,X,X,O,X
LOTZJSI,O,X,X,O,X
LOTZSIJ,O,X,X,O,X
LOTZSJI,O,X,X,O,X
LOITJSZ,O,X,X,X,O
LOITJZS,O,X,X,X,O
LOITSJZ,X,X,X,X,O
LOITSZJ,O,X,X,X,O
LOITZJS,O,X,X,X,O
LOITZSJ,O,X,X,X,O
LOIJTSZ,O,X,X,X,O
LOIJTZS,O,X,X,O,O
LOIJSTZ,O,X,X,O,X
LOIJSZT,O,X,X,O,X
LOIJZTS,O,X,O,O,X
LOIJZST,O,X,X,O,X
LOISTJZ,X,X,X,X,O
LOISTZJ,O,X,X,O,O
LOISJTZ,O,X,X,O,X
LOISJZT,O,X,X,O,X
LOISZTJ,O,X,X,O,X
LOISZJT,O,X,X,O,X
LOIZTJS,O,X,O,O,O
LOIZTSJ,O,X,O,O,O
LOIZJTS,O,X,O,O,X
LOIZJST,O,X,X,O,X
LOIZSTJ,O,X,X,O,X
LOIZSJT,O,X,X,O,X
LOJTISZ,O,X,X,X,O
LOJTIZS,O,X,X,O,O
LOJTSIZ,O,X,X,O,X
LOJTSZI,O,X,X,O,X
LOJTZIS,O,X,X,O,X
LOJTZSI,O,X,X,O,X
LOJITSZ,O,X,X,X,O
LOJITZS,O,X,X,O,O
LOJISTZ,O,X,X,O,X
LOJISZT,O,X,X,O,X
LOJIZTS,O,O,O,O,X
LOJIZST,O,X,X,O,X
LOJSTIZ,O,X,X,O,X
LOJSTZI,O,X,X,O,X
LOJSITZ,O,X,X,O,X
LOJSIZT,O,O,X,O,X
LOJSZTI,O,O,X,O,X
LOJSZIT,O,O,X,O,X
LOJZTIS,O,O,O,O,X
LOJZTSI,O,O,O,O,X
LOJZITS,O,O,O,O,X
LOJZIST,O,X,X,O,X
LOJZSTI,O,O,X,O,X
LOJZSIT,O,O,X,O,X
LOSTIJZ,X,X,X,X,O
LOSTIZJ,O,X,X,O,O
LOSTJIZ,O,X,X,O,X
LOSTJZI,O,X,X,O,X
LOSTZIJ,O,X,X,O,X
LOSTZJI,O,X,X,O,X
LOSITJZ,X,X,X,X,O
LOSITZJ,O,X,X,O,O
LOSIJTZ,O,X,X,O,X
LOSIJZT,O,X,X,O,X
LOSIZTJ,O,O,X,O,X
LOSIZJT,O,X,X,O,X
LOSJTIZ,O,X,X,O,X
LOSJTZI,O,X,X,O,X
LOSJITZ,O,X,X,O,X
LOSJIZT,O,O,X,O,X
LOSJZTI,O,O,X,O,X
LOSJZIT,O,O,X,O,X
LOSZTIJ,O,O,X,O,X
LOSZTJI,O,O,X,O,X
LOSZITJ,O,O,X,O,X
LOSZIJT,O,X,X,O,X
LOSZJTI,O,O,X,O,X
LOSZJIT,O,O,X,O,X
LOZTIJS,O,O,O,O,O
LOZTISJ,O,O,O,O,O
LOZTJIS,O,O,O,O,X
LOZTJSI,O,O,O,O,X
LOZTSIJ,O,O,O,O,X
LOZTSJI,O,O,O,O,X
LOZITJS,O,X,O,O,O
LOZITSJ,O,X,O,O,O
LOZIJTS,O,X,O,O,X
LOZIJST,O,X,X,O,X
LOZISTJ,O,X,X,O,X
LOZISJT,O,X,X,O,X
LOZJTIS,O,O,O,O,X
LOZJTSI,O,O,O,O,X
LOZJITS,O,O,O,O,X
LOZJIST,O,X,X,O,X
LOZJSTI,O,O,X,O,X
LOZJSIT,O,O,X,O,X
LOZSTIJ,O,O,X,O,X
LOZSTJI,O,O,X,O,X
LOZSITJ,O,O,X,O,X
LOZSIJT,O,X,X,O,X
LOZSJTI,O,O,X,O,X
LOZSJIT,O,O,X,O,X
JTILSZO,O,X,X,X,O
JTILSOZ,X,X,X,X,O
JTILZSO,O,O,O,O,O
JTILZOS,O,O,O,O,O
JTILOSZ,X,X,X,X,O
JTILOZS,O,O,O,O,O
JTISLZO,O,O,X,X,O
JTISLOZ,X,O,X,X,O
JTISZLO,O,O,O,X,O
JTISZOL,O,O,O,X,O
JTISOLZ,X,O,X,X,O
JTISOZL,X,O,O,X,O
JTIZLSO,O,O,O,O,O
JTIZLOS,O,O,O,O,O
JTIZSLO,O,O,O,O,O
JTIZSOL,O,O,O,X,O
JTIZOLS,O,O,O,O,O
JTIZOSL,O,O,O,O,O
JTIOLSZ,O,X,X,X,O
JTIOLZS,O,O,O,O,O
JTIOSLZ,O,O,X,X,O
JTIOSZL,O,O,O,X,O
JTIOZLS,O,O,O,O,O
JTIOZSL,O,O,O,O,O
JTLISZO,O,X,X,X,O
JTLISOZ,X,X,X,X,O
JTLIZSO,O,O,O,O,O
JTLIZOS,O,O,O,O,O
JTLIOSZ,X,X,X,X,O
JTLIOZS,O,O,O,O,O
JTLSIZO,O,O,X,O,X
JTLSIOZ,X,O,X,O,X
JTLSZIO,O,O,X,O,X
JTLSZOI,O,O,X,O,X
JTLSOIZ,X,O,X,O,X
JTLSOZI,X,O,X,O,X
JTLZISO,O,O,O,O,X
JTLZIOS,O,O,O,O,X
JTLZSIO,O,O,O,O,X
JTLZSOI,O,O,O,O,X
JTLZOIS,O,O,O,O,X
JTLZOSI,O,O,O,O,X
JTLOISZ,O,X,X,X,O
JTLOIZS,O,O,O,O,O
JTLOSIZ,O,O,X,O,X
JTLOSZI,O,O,X,O,X
JTLOZIS,O,O,O,O,X
JTLOZSI,O,O,O,O,X
JTSILZO,O,O,X,O,X
JTSILOZ,X,O,X,O,X
JTSIZLO,O,O,O,O,X
JTSIZOL,O,O,O,O,X
JTSIOLZ,X,O,X,O,X
JTSIOZL,X,O,O,O,X
JTSLIZO,O,O,X,O,X
JTSLIOZ,X,O,X,O,X
JTSLZIO,O,O,X,O,X
JTSLZOI,O,O,X,O,X
JTSLOIZ,X,O,X,O,X
JTSLOZI,X,O,X,O,X
JTSZILO,O,O,O,O,X
JTSZIOL,O,O,O,O,X
JTSZLIO,O,O,O,O,X
JTSZLOI,O,O,O,O,X
JTSZOIL,O,O,O,O,X
JTSZOLI,O,O,O,O,X
JTSOILZ,O,O,X,O,X
JTSOIZL,O,O,O,O,X
JTSOLIZ,O,O,X,O,X
JTSOLZI,O,O,X,O,X
JTSOZIL,O,O,O,O,X
JTSOZLI,O,O,O,O,X
JTZILSO,O,O,O,O,X
JTZILOS,O,O,O,O,X
JTZISLO,O,O,O,O,X
JTZISOL,O,O,O,O,X
JTZIOLS,O,O,O,O,X
JTZIOSL,O,O,O,O,X
JTZLISO,O,O,O,O,X
JTZLIOS,O,O,O,O,X
JTZLSIO,O,O,O,O,X
JTZLSOI,O,O,O,O,X
JTZLOIS,O,O,O,O,X
JTZLOSI,O,O,O,O,X
JTZSILO,O,O,O,O,X
JTZSIOL,O,O,O,O,X
JTZSLIO,O,O,O,O,X
JTZSLOI,O,O,O,O,X
JTZSOIL,O,O,O,O,X
JTZSOLI,O,O,O,O,X
JTZOILS,O,O,O,O,X
JTZOISL,O,O,O,O,X
JTZOLIS,O,O,O,O,X
JTZOLSI,O,O,O,O,X
JTZOSIL,O,O,O,O,X
JTZOSLI,O,O,O,O,X
JTOILSZ,O,X,X,X,O
JTOILZS,O,O,O,O,O
JTOISLZ,O,O,X,X,O
JTOISZL,O,O,O,X,O
JTOIZLS,O,O,O,O,O
JTOIZSL,O,O,O,O,O
JTOLISZ,O,X,X,X,O
JTOLIZS,O,O,O,O,O
JTOLSIZ,O,O,X,O,X
JTOLSZI,O,O,X,O,X
JTOLZIS,O,O,O,O,X
JTOLZSI,O,O,O,O,X
JTOSILZ,O,O,X,O,X
JTOSIZL,O,O,O,O,X
JTOSLIZ,O,O,X,O,X
JTOSLZI,O,O,X,O,X
JTOSZIL,O,O,O,O,X
JTOSZLI,O,O,O,O,X
JTOZILS,O,O,O,O,X
JTOZISL,O,O,O,O,X
JTOZLIS,O,O,O,O,X
JTOZLSI,O,O,O,O,X
JTOZSIL,O,O,O,O,X
JTOZSLI,O,O,O,O,X
JITLSZO,O,X,X,X,O
JITLSOZ,X,X,X,X,O
JITLZSO,O,O,O,O,O
JITLZOS,O,O,O,O,O
JITLOSZ,X,X,X,X,O
JITLOZS,O,O,O,O,O
JITSLZO,O,O,X,X,O
JITSLOZ,X,O,X,X,O
JITSZLO,O,O,O,X,O
JITSZOL,O,O,O,X,O
JITSOLZ,X,O,X,X,O
JITSOZL,X,O,O,X,O
JITZLSO,O,O,O,O,O
JITZLOS,O,O,O,O,O
JITZSLO,O,O,O,O,O
JITZSOL,O,O,O,X,O
JITZOLS,O,O,O,O,O
JITZOSL,O,O,O,O,O
JITOLSZ,O,X,X,X,O
JITOLZS,O,O,O,O,O
JITOSLZ,O,O,X,X,O
JITOSZL,O,O,O,X,O
JITOZLS,O,O,O,O,O
JITOZSL,O,O,O,O,O
JILTSZO,O,X,X,X,O
JILTSOZ,X,X,X,X,O
JILTZSO,O,O,O,O,O
JILTZOS,O,O,O,O,O
JILTOSZ,X,X,X,X,O
JILTOZS,O,O,O,O,O
JILSTZO,O,O,X,O,X
JILSTOZ,X,X,X,O,X
JILSZTO,O,O,O,O,X
JILSZOT,O,O,X,O,X
JILSOTZ,X,X,X,O,X
JILSOZT,X,O,X,O,X
JILZTSO,O,O,O,O,X
JILZTOS,O,O,O,O,X
JILZSTO,O,O,O,O,X
JILZSOT,O,O,X,O,X
JILZOTS,X,O,O,O,X
JILZOST,O,X,X,O,X
JILOTSZ,X,X,X,X,O
JILOTZS,O,X,X,O,O
JILOSTZ,X,X,X,O,X
JILOSZT,X,X,X,O,X
JILOZTS,X,O,O,O,X
JILOZST,O,X,X,O,X
JISTLZO,O,O,X,O,X
JISTLOZ,X,O,X,O,X
JISTZLO,O,O,O,O,X
JISTZOL,O,O,O,O,X
JISTOLZ,X,O,X,O,X
JISTOZL,X,O,O,O,X
JISLTZO,O,O,X,O,X
JISLTOZ,X,O,X,O,X
JISLZTO,O,O,O,O,X
JISLZOT,O,O,X,O,X
JISLOTZ,X,X,X,O,X
JISLOZT,X,O,X,O,X
JISZTLO,O,O,O,O,X
JISZTOL,X,O,O,O,X
JISZLTO,O,O,O,O,X
JISZLOT,O,O,X,O,X
JISZOTL,X,O,X,O,X
JISZOLT,O,O,X,O,X
JISOTLZ,X,O,X,O,X
JISOTZL,X,O,X,O,X
JISOLTZ,X,X,X,O,X
JISOLZT,X,O,X,O,X
JISOZTL,X,O,X,O,X
JISOZLT,X,O,X,O,X
JIZTLSO,O,O,O,O,X
JIZTLOS,O,O,O,O,X
JIZTSLO,O,O,O,O,X
JIZTSOL,O,O,O,O,X
JIZTOLS,O,O,O,O,X
JIZTOSL,O,O,O,O,X
JIZLTSO,O,O,O,O,X
JIZLTOS,O,O,O,O,X
JIZLSTO,O,O,O,O,X
JIZLSOT,O,O,X,O,X
JIZLOTS,X,O,O,O,X
JIZLOST,O,X,X,O,X
JIZSTLO,O,O,O,O,X
JIZSTOL,X,O,O,O,X
JIZSLTO,O,O,O,O,X
JIZSLOT,O,O,X,O,X
JIZSOTL,O,O,X,O,X
JIZSOLT,O,O,X,O,X
JIZOTLS,O,O,O,O,X
JIZOTSL,O,O,O,O,X
JIZOLTS,O,O,O,O,X
JIZOLST,O,X,X,O,X
JIZOSTL,O,X,X,O,X
JIZOSLT,O,X,X,O,X
JIOTLSZ,O,X,X,X,O
JIOTLZS,O,O,O,O,O
JIOTSLZ,O,X,X,X,O
JIOTSZL,O,O,O,X,O
JIOTZLS,O,O,O,O,O
JIOTZSL,O,O,O,O,O
JIOLTSZ,O,X,X,X,O
JIOLTZS,O,X,X,O,O
JIOLSTZ,O,X,X,O,X
JIOLSZT,O,X,X,O,X
JIOLZTS,O,O,O,O,X
JIOLZST,O,X,X,O,X
JIOSTLZ,O,X,X,O,X
JIOSTZL,O,X,X,O,X
JIOSLTZ,O,X,X,O,X
JIOSLZT,O,X,X,O,X
JIOSZTL,O,X,X,O,X
JIOSZLT,O,X,X,O,X
JIOZTLS,O,O,O,O,X
JIOZTSL,O,O,O,O,X
JIOZLTS,O,O,O,O,X
JIOZLST,O,X,X,O,X
JIOZSTL,O,X,X,O,X
JIOZSLT,O,X,X,O,X
JLTISZO,O,X,X,X,O
JLTISOZ,X,X,X,X,O
JLTIZSO,O,O,O,O,O
JLTIZOS,O,O,O,O,O
JLTIOSZ,X,X,X,X,O
JLTIOZS,O,O,O,O,O
JLTSIZO,O,O,X,O,X
JLTSIOZ,X,O,X,O,X
JLTSZIO,O,O,X,O,X
JLTSZOI,O,O,X,O,X
JLTSOIZ,X,O,X,O,X
JLTSOZI,X,O,X,O,X
JLTZISO,O,O,O,O,X
JLTZIOS,O,O,O,O,X
JLTZSIO,O,O,O,O,X
JLTZSOI,O,O,O,O,X
JLTZOIS,O,O,O,O,X
JLTZOSI,O,O,O,O,X
JLTOISZ,O,X,X,X,O
JLTOIZS,O,O,O,O,O
JLTOSIZ,O,O,X,O,X
JLTOSZI,O,O,X,O,X
JLTOZIS,O,O,O,O,X
JLTOZSI,O,O,O,O,X
JLITSZO,O,X,X,X,O
JLITSOZ,X,X,X,X,O
JLITZSO,O,O,O,O,O
JLITZOS,O,O,O,O,O
JLITOSZ,X,X,X,X,O
JLITOZS,O,O,O,O,O
JLISTZO,O,O,X,O,X
JLISTOZ,X,X,X,O,X
JLISZTO,O,O,O,O,X
JLISZOT,O,O,X,O,X
JLISOTZ,X,X,X,O,X
JLISOZT,X,O,X,O,X
JLIZTSO,O,O,O,O,X
JLIZTOS,O,O,O,O,X
JLIZSTO,O,O,O,O,X
JLIZSOT,O,O,X,O,X
JLIZOTS,X,O,O,O,X
JLIZOST,O,X,X,O,X
JLIOTSZ,X,X,X,X,O
JLIOTZS,O,X,X,O,O
JLIOSTZ,X,X,X,O,X
JLIOSZT,X,X,X,O,X
JLIOZTS,X,O,O,O,X
JLIOZST,O,X,X,O,X
JLSTIZO,O,O,X,O,X
JLSTIOZ,X,O,X,O,X
JLSTZIO,O,O,X,O,X
JLSTZOI,O,O,X,O,X
JLSTOIZ,X,O,X,O,X
JLSTOZI,X,O,X,O,X
JLSITZO,O,O,X,O,X
JLSITOZ,X,O,X,O,X
JLSIZTO,O,O,O,O,X
JLSIZOT,O,O,X,O,X
JLSIOTZ,X,X,X,O,X
JLSIOZT,X,O,X,O,X
JLSZTIO,O,O,O,O,X
JLSZTOI,O,O,O,O,X
JLSZITO,O,O,O,O,X
JLSZIOT,O,O,X,O,X
JLSZOTI,X,O,X,O,X
JLSZOIT,O,O,X,O,X
JLSOTIZ,X,X,X,O,X
JLSOTZI,X,X,X,O,X
JLSOITZ,X,X,X,O,X
JLSOIZT,X,O,X,O,X
JLSOZTI,X,O,X,O,X
JLSOZIT,X,O,X,O,X
JLZTISO,O,O,O,O,X
JLZTIOS,O,O,O,O,X
JLZTSIO,O,O,O,O,X
JLZTSOI,O,O,O,O,X
JLZTOIS,O,O,O,O,X
JLZTOSI,O,O,O,O,X
JLZITSO,O,O,O,O,X
JLZITOS,O,O,O,O,X
JLZISTO,O,O,O,O,X
JLZISOT,O,O,X,O,X
JLZIOTS,X,O,O,O,X
JLZIOST,O,X,X,O,X
JLZSTIO,O,O,O,O,X
JLZSTOI,O,O,O,O,X
JLZSITO,O,O,O,O,X
JLZSIOT,O,O,X,O,X
JLZSOTI,O,O,X,O,X
JLZSOIT,O,O,X,O,X
JLZOTIS,O,O,O,O,X
JLZOTSI,O,O,O,O,X
JLZOITS,O,O,O,O,X
JLZOIST,O,X,X,O,X
JLZOSTI,O,O,X,O,X
JLZOSIT,O,O,X,O,X
JLOTISZ,O,X,X,X,O
JLOTIZS,O,X,X,O,O
JLOTSIZ,O,X,X,O,X
JLOTSZI,O,X,X,O,X
JLOTZIS,O,X,X,O,X
JLOTZSI,O,X,X,O,X
JLOITSZ,O,X,X,X,O
JLOITZS,O,X,X,O,O
JLOISTZ,O,X,X,O,X
JLOISZT,O,X,X,O,X
JLOIZTS,O,O,O,O,X
JLOIZST,O,X,X,O,X
JLOSTIZ,O,X,X,O,X
JLOSTZI,O,X,X,O,X
JLOSITZ,O,X,X,O,X
JLOSIZT,O,O,X,O,X
JLOSZTI,O,O,X,O,X
JLOSZIT,O,O,X,O,X
JLOZTIS,O,O,O,O,X
JLOZTSI,O,O,O,O,X
JLOZITS,O,O,O,O,X
JLOZIST,O,X,X,O,X
JLOZSTI,O,O,X,O,X
JLOZSIT,O,O,X,O,X
JSTILZO,O,O,X,O,X
JSTILOZ,X,O,X,O,X
JSTIZLO,O,O,O,O,X
JSTIZOL,O,O,O,O,X
JSTIOLZ,X,O,X,O,X
JSTIOZL,X,O,O,O,X
JSTLIZO,O,O,X,O,X
JSTLIOZ,X,O,X,O,X
JSTLZIO,O,O,X,O,X
JSTLZOI,O,O,X,O,X
JSTLOIZ,X,O,X,O,X
JSTLOZI,X,O,X,O,X
JSTZILO,O,O,O,O,X
JSTZIOL,O,O,O,O,X
JSTZLIO,O,O,O,O,X
JSTZLOI,O,O,O,O,X
JSTZOIL,O,O,O,O,X
JSTZOLI,O,O,O,O,X
JSTOILZ,O,O,X,O,X
JSTOIZL,O,O,O,O,X
JSTOLIZ,O,O,X,O,X
JSTOLZI,O,O,X,O,X
JSTOZIL,O,O,O,O,X
JSTOZLI,O,O,O,O,X
JSITLZO,O,O,X,O,X
JSITLOZ,X,O,X,O,X
JSITZLO,O,O,O,O,X
JSITZOL,O,O,O,O,X
JSITOLZ,X,O,X,O,X
JSITOZL,X,O,O,O,X
JSILTZO,O,O,X,O,X
JSILTOZ,X,O,X,O,X
JSILZTO,O,O,O,O,X
JSILZOT,O,O,X,O,X
JSILOTZ,X,X,X,O,X
JSILOZT,X,O,X,O,X
JSIZTLO,O,O,O,O,X
JSIZTOL,X,O,O,O,X
JSIZLTO,O,O,O,O,X
JSIZLOT,O,O,X,O,X
JSIZOTL,X,O,X,O,X
JSIZOLT,O,O,X,O,X
JSIOTLZ,X,O,X,O,X
JSIOTZL,X,O,X,O,X
JSIOLTZ,X,X,X,O,X
JSIOLZT,X,O,X,O,X
JSIOZTL,X,O,X,O,X
JSIOZLT,X,O,X,O,X
JSLTIZO,O,O,X,O,X
JSLTIOZ,X,O,X,O,X
JSLTZIO,O,O,X,O,X
JSLTZOI,O,O,X,O,X
JSLTOIZ,X,O,X,O,X
JSLTOZI,X,O,X,O,X
JSLITZO,O,O,X,O,X
JSLITOZ,X,O,X,O,X
JSLIZTO,O,O,O,O,X
JSLIZOT,O,O,X,O,X
JSLIOTZ,X,X,X,O,X
JSLIOZT,X,O,X,O,X
JSLZTIO,O,O,O,O,X
JSLZTOI,O,O,O,O,X
JSLZITO,O,O,O,O,X
JSLZIOT,O,O,X,O,X
JSLZOTI,X,O,X,O,X
JSLZOIT,O,O,X,O,X
JSLOTIZ,X,X,X,O,X
JSLOTZI,X,X,X,O,X
JSLOITZ,X,X,X,O,X
JSLOIZT,X,O,X,O,X
JSLOZTI,X,O,X,O,X
JSLOZIT,X,O,X,O,X
JSZTILO,O,O,O,O,X
JSZTIOL,O,O,O,O,X
JSZTLIO,O,O,O,O,X
JSZTLOI,O,O,O,O,X
JSZTOIL,O,O,O,O,X
JSZTOLI,O,O,O,O,X
JSZITLO,O,O,O,O,X
JSZITOL,X,O,O,O,X
JSZILTO,O,O,O,O,X
JSZILOT,O,O,X,O,X
JSZIOTL,O,O,X,O,X
JSZIOLT,O,O,X,O,X
JSZLTIO,O,O,O,O,X
JSZLTOI,O,O,O,O,X
JSZLITO,O,O,O,O,X
JSZLIOT,O,O,X,O,X
JSZLOTI,O,O,X,O,X
JSZLOIT,O,O,X,O,X
JSZOTIL,O,O,X,O,X
JSZOTLI,O,O,X,O,X
JSZOITL,O,O,X,O,X
JSZOILT,O,O,X,O,X
JSZOLTI,O,O,X,O,X
JSZOLIT,O,O,X,O,X
JSOTILZ,O,O,X,O,X
JSOTIZL,O,O,X,O,X
JSOTLIZ,O,O,X,O,X
JSOTLZI,O,O,X,O,X
JSOTZIL,O,O,X,O,X
JSOTZLI,O,O,X,O,X
JSOITLZ,O,O,X,O,X
JSOITZL,O,O,X,O,X
JSOILTZ,O,X,X,O,X
JSOILZT,O,O,X,O,X
JSOIZTL,O,O,X,O,X
JSOIZLT,O,O,X,O,X
JSOLTIZ,O,X,X,O,X
JSOLTZI,O,X,X,O,X
JSOLITZ,O,X,X,O,X
JSOLIZT,O,O,X,O,X
JSOLZTI,O,O,X,O,X
JSOLZIT,O,O,X,O,X
JSOZTIL,O,O,X,O,X
JSOZTLI,O,O,X,O,X
JSOZITL,O,O,X,O,X
JSOZILT,O,O,X,O,X
JSOZLTI,O,O,X,O,X
JSOZLIT,O,O,X,O,X
JZTILSO,O,O,O,O,X
JZTILOS,O,O,O,O,X
JZTISLO,O,O,O,O,X
JZTISOL,O,O,O,O,X
JZTIOLS,O,O,O,O,X
JZTIOSL,O,O,O,O,X
JZTLISO,O,O,O,O,X
JZTLIOS,O,O,O,O,X
JZTLSIO,O,O,O,O,X
JZTLSOI,O,O,O,O,X
JZTLOIS,O,O,O,O,X
JZTLOSI,O,O,O,O,X
JZTSILO,O,O,O,O,X
JZTSIOL,O,O,O,O,X
JZTSLIO,O,O,O,O,X
JZTSLOI,O,O,O,O,X
JZTSOIL,O,O,O,O,X
JZTSOLI,O,O,O,O,X
JZTOILS,O,O,O,O,X
JZTOISL,O,O,O,O,X
JZTOLIS,O,O,O,O,X
JZTOLSI,O,O,O,O,X
JZTOSIL,O,O,O,O,X
JZTOSLI,O,O,O,O,X
JZITLSO,O,O,O,O,X
JZITLOS,O,O,O,O,X
JZITSLO,O,O,O,O,X
JZITSOL,O,O,O,O,X
JZITOLS,O,O,O,O,X
JZITOSL,O,O,O,O,X
JZILTSO,O,O,O,O,X
JZILTOS,O,O,O,O,X
JZILSTO,O,O,O,O,X
JZILSOT,O,O,X,O,X
JZILOTS,X,O,O,O,X
JZILOST,O,X,X,O,X
JZISTLO,O,O,O,O,X
JZISTOL,X,O,O,O,X
JZISLTO,O,O,O,O,X
JZISLOT,O,O,X,O,X
JZISOTL,O,O,X,O,X
JZISOLT,O,O,X,O,X
JZIOTLS,O,O,O,O,X
JZIOTSL,O,O,O,O,X
JZIOLTS,O,O,O,O,X
JZIOLST,O,X,X,O,X
JZIOSTL,O,X,X,O,X
JZIOSLT,O,X,X,O,X
JZLTISO,O,O,O,O,X
JZLTIOS,O,O,O,O,X
JZLTSIO,O,O,O,O,X
JZLTSOI,O,O,O,O,X
JZLTOIS,O,O,O,O,X
JZLTOSI,O,O,O,O,X
JZLITSO,O,O,O,O,X
JZLITOS,O,O,O,O,X
JZLISTO,O,O,O,O,X
JZLISOT,O,O,X,O,X
JZLIOTS,X,O,O,O,X
JZLIOST,O,X,X,O,X
JZLSTIO,O,O,O,O,X
JZLSTOI,O,O,O,O,X
JZLSITO,O,O,O,O,X
JZLSIOT,O,O,X,O,X
JZLSOTI,O,O,X,O,X
JZLSOIT,O,O,X,O,X
JZLOTIS,O,O,O,O,X
JZLOTSI,O,O,O,O,X
JZLOITS,O,O,O,O,X
JZLOIST,O,X,X,O,X
JZLOSTI,O,O,X,O,X
JZLOSIT,O,O,X,O,X
JZSTILO,O,O,O,O,X
JZSTIOL,O,O,O,O,X
JZSTLIO,O,O,O,O,X
JZSTLOI,O,O,O,O,X
JZSTOIL,O,O,O,O,X
JZSTOLI,O,O,O,O,X
JZSITLO,O,O,O,O,X
JZSITOL,X,O,O,O,X
JZSILTO,O,O,O,O,X
JZSILOT,O,O,X,O,X
JZSIOTL,O,O,X,O,X
JZSIOLT,O,O,X,O,X
JZSLTIO,O,O,O,O,X
JZSLTOI,O,O,O,O,X
JZSLITO,O,O,O,O,X
JZSLIOT,O,O,X,O,X
JZSLOTI,O,O,X,O,X
JZSLOIT,O,O,X,O,X
JZSOTIL,O,O,X,O,X
JZSOTLI,O,O,X,O,X
JZSOITL,O,O,X,O,X
JZSOILT,O,O,X,O,X
JZSOLTI,O,O,X,O,X
JZSOLIT,O,O,X,O,X
JZOTILS,O,O,O,O,X
JZOTISL,O,O,O,O,X
JZOTLIS,O,O,O,O,X
JZOTLSI,O,O,O,O,X
JZOTSIL,O,O,O,O,X
JZOTSLI,O,O,O,O,X
JZOITLS,O,O,O,O,X
JZOITSL,O,O,O,O,X
JZOILTS,O,O,O,O,X
JZOILST,O,X,X,O,X
JZOISTL,O,X,X,O,X
JZOISLT,O,X,X,O,X
JZOLTIS,O,O,O,O,X
JZOLTSI,O,O,O,O,X
JZOLITS,O,O,O,O,X
JZOLIST,O,X,X,O,X
JZOLSTI,O,O,X,O,X
JZOLSIT,O,O,X,O,X
JZOSTIL,O,O,X,O,X
JZOSTLI,O,O,X,O,X
JZOSITL,O,O,X,O,X
JZOSILT,O,O,X,O,X
JZOSLTI,O,O,X,O,X
JZOSLIT,O,O,X,O,X
JOTILSZ,O,X,X,X,O
JOTILZS,O,O,O,O,O
JOTISLZ,O,O,X,X,O
JOTISZL,O,O,O,X,O
JOTIZLS,O,O,O,O,O
JOTIZSL,O,O,O,O,O
JOTLISZ,O,X,X,X,O
JOTLIZS,O,O,O,O,O
JOTLSIZ,O,O,X,O,X
JOTLSZI,O,O,X,O,X
JOTLZIS,O,O,O,O,X
JOTLZSI,O,O,O,O,X
JOTSILZ,O,O,X,O,X
JOTSIZL,O,O,O,O,X
JOTSLIZ,O,O,X,O,X
JOTSLZI,O,O,X,O,X
JOTSZIL,O,O,O,O,X
JOTSZLI,O,O,O,O,X
JOTZILS,O,O,O,O,X
JOTZISL,O,O,O,O,X
JOTZLIS,O,O,O,O,X
JOTZLSI,O,O,O,O,X
JOTZSIL,O,O,O,O,X
JOTZSLI,O,O,O,O,X
JOITLSZ,O,X,X,X,O
JOITLZS,O,O,O,O,O
JOITSLZ,O,X,X,X,O
JOITSZL,O,O,O,X,O
JOITZLS,O,O,O,O,O
JOITZSL,O,O,O,O,O
JOILTSZ,O,X,X,X,O
JOILTZS,O,X,X,O,O
JOILSTZ,O,X,X,O,X
JOILSZT,O,X,X,O,X
JOILZTS,O,O,O,O,X
JOILZST,O,X,X,O,X
JOISTLZ,O,X,X,O,X
JOISTZL,O,X,X,O,X
JOISLTZ,O,X,X,O,X
JOISLZT,O,X,X,O,X
JOISZTL,O,X,X,O,X
JOISZLT,O,X,X,O,X
JOIZTLS,O,O,O,O,X
JOIZTSL,O,O,O,O,X
JOIZLTS,O,O,O,O,X
JOIZLST,O,X,X,O,X
JOIZSTL,O,X,X,O,X
JOIZSLT,O,X,X,O,X
JOLTISZ,O,X,X,X,O
JOLTIZS,O,X,X,O,O
JOLTSIZ,O,X,X,O,X
JOLTSZI,O,X,X,O,X
JOLTZIS,O,X,X,O,X
JOLTZSI,O,X,X,O,X
JOLITSZ,O,X,X,X,O
JOLITZS,O,X,X,O,O
JOLISTZ,O,X,X,O,X
JOLISZT,O,X,X,O,X
JOLIZTS,O,O,O,O,X
JOLIZST,O,X,X,O,X
JOLSTIZ,O,X,X,O,X
JOLSTZI,O,X,X,O,X
JOLSITZ,O,X,X,O,X
JOLSIZT,O,O,X,O,X
JOLSZTI,O,O,X,O,X
JOLSZIT,O,O,X,O,X
JOLZTIS,O,O,O,O,X
JOLZTSI,O,O,O,O,X
JOLZITS,O,O,O,O,X
JOLZIST,O,X,X,O,X
JOLZSTI,O,O,X,O,X
JOLZSIT,O,O,X,O,X
JOSTILZ,O,O,X,O,X
JOSTIZL,O,O,X,O,X
JOSTLIZ,O,O,X,O,X
JOSTLZI,O,O,X,O,X
JOSTZIL,O,O,X,O,X
JOSTZLI,O,O,X,O,X
JOSITLZ,O,O,X,O,X
JOSITZL,O,O,X,O,X
JOSILTZ,O,X,X,O,X
JOSILZT,O,O,X,O,X
JOSIZTL,O,O,X,O,X
JOSIZLT,O,O,X,O,X
JOSLTIZ,O,X,X,O,X
JOSLTZI,O,X,X,O,X
JOSLITZ,O,X,X,O,X
JOSLIZT,O,O,X,O,X
JOSLZTI,O,O,X,O,X
JOSLZIT,O,O,X,O,X
JOSZTIL,O,O,X,O,X
JOSZTLI,O,O,X,O,X
JOSZITL,O,O,X,O,X
JOSZILT,O,O,X,O,X
JOSZLTI,O,O,X,O,X
JOSZLIT,O,O,X,O,X
JOZTILS,O,O,O,O,X
JOZTISL,O,O,O,O,X
JOZTLIS,O,O,O,O,X
JOZTLSI,O,O,O,O,X
JOZTSIL,O,O,O,O,X
JOZTSLI,O,O,O,O,X
JOZITLS,O,O,O,O,X
JOZITSL,O,O,O,O,X
JOZILTS,O,O,O,O,X
JOZILST,O,X,X,O,X
JOZISTL,O,X,X,O,X
JOZISLT,O,X,X,O,X
JOZLTIS,O,O,O,O,X
JOZLTSI,O,O,O,O,X
JOZLITS,O,O,O,O,X
JOZLIST,O,X,X,O,X
JOZLSTI,O,O,X,O,X
JOZLSIT,O,O,X,O,X
JOZSTIL,O,O,X,O,X
JOZSTLI,O,O,X,O,X
JOZSITL,O,O,X,O,X
JOZSILT,O,O,X,O,X
JOZSLTI,O,O,X,O,X
JOZSLIT,O,O,X,O,X
STILJZO,X,X,X,X,O
STILJOZ,X,X,X,X,O
STILZJO,X,O,X,O,O
STILZOJ,X,O,X,O,O
STILOJZ,X,X,X,X,O
STILOZJ,X,O,X,O,O
STIJLZO,X,O,X,X,O
STIJLOZ,X,O,X,X,O
STIJZLO,X,O,O,X,O
STIJZOL,X,O,O,X,O
STIJOLZ,X,O,X,X,O
STIJOZL,X,O,O,X,O
STIZLJO,X,O,O,O,O
STIZLOJ,X,O,O,O,O
STIZJLO,X,O,O,O,O
STIZJOL,X,O,O,X,O
STIZOLJ,X,O,O,O,O
STIZOJL,X,O,O,O,O
STIOLJZ,X,X,X,X,O
STIOLZJ,X,O,X,O,O
STIOJLZ,X,O,X,X,O
STIOJZL,X,O,O,X,O
STIOZLJ,X,O,O,O,O
STIOZJL,X,O,O,O,O
STLIJZO,X,X,X,X,O
STLIJOZ,X,X,X,X,O
STLIZJO,X,O,X,O,O
STLIZOJ,X,O,X,O,O
STLIOJZ,X,X,X,X,O
STLIOZJ,X,O,X,O,O
STLJIZO,O,O,X,O,X
STLJIOZ,X,O,X,O,X
STLJZIO,O,O,X,O,X
STLJZOI,O,O,X,O,X
STLJOIZ,X,O,X,O,X
STLJOZI,X,O,X,O,X
STLZIJO,O,O,X,O,X
STLZIOJ,O,O,X,O,X
STLZJIO,O,O,X,O,X
STLZJOI,O,O,X,O,X
STLZOIJ,O,O,X,O,X
STLZOJI,O,O,X,O,X
STLOIJZ,X,X,X,X,O
STLOIZJ,O,O,X,O,O
STLOJIZ,O,O,X,O,X
STLOJZI,O,O,X,O,X
STLOZIJ,O,O,X,O,X
STLOZJI,O,O,X,O,X
STJILZO,O,O,X,O,X
STJILOZ,X,O,X,O,X
STJIZLO,O,O,O,O,X
STJIZOL,O,O,O,O,X
STJIOLZ,X,O,X,O,X
STJIOZL,X,O,O,O,X
STJLIZO,O,O,X,O,X
STJLIOZ,X,O,X,O,X
STJLZIO,O,O,X,O,X
STJLZOI,O,O,X,O,X
STJLOIZ,X,O,X,O,X
STJLOZI,X,O,X,O,X
STJZILO,O,O,O,O,X
STJZIOL,O,O,O,O,X
STJZLIO,O,O,O,O,X
STJZLOI,O,O,O,O,X
STJZOIL,O,O,O,O,X
STJZOLI,O,O,O,O,X
STJOILZ,O,O,X,O,X
STJOIZL,O,O,O,O,X
STJOLIZ,O,O,X,O,X
STJOLZI,O,O,X,O,X
STJOZIL,O,O,O,O,X
STJOZLI,O,O,O,O,X
STZILJO,O,O,O,O,X
STZILOJ,O,O,O,O,X
STZIJLO,O,O,O,O,X
STZIJOL,O,O,O,O,X
STZIOLJ,O,O,O,O,X
STZIOJL,O,O,O,O,X
STZLIJO,O,O,O,O,X
STZLIOJ,O,O,O,O,X
STZLJIO,O,O,O,O,X
STZLJOI,O,O,O,O,X
STZLOIJ,O,O,O,O,X
STZLOJI,O,O,O,O,X
STZJILO,O,O,O,O,X
STZJIOL,O,O,O,O,X
STZJLIO,O,O,O,O,X
STZJLOI,O,O,O,O,X
STZJOIL,O,O,O,O,X
STZJOLI,O,O,O,O,X
STZOILJ,O,O,O,O,X
STZOIJL,O,O,O,O,X
STZOLIJ,O,O,O,O,X
STZOLJI,O,O,O,O,X
STZOJIL,O,O,O,O,X
STZOJLI,O,O,O,O,X
STOILJZ,X,X,X,X,O
STOILZJ,O,O,X,O,O
STOIJLZ,X,O,X,X,O
STOIJZL,X,O,O,X,O
STOIZLJ,O,O,O,O,O
STOIZJL,O,O,O,O,O
STOLIJZ,X,X,X,X,O
STOLIZJ,O,O,X,O,O
STOLJIZ,O,O,X,O,X
STOLJZI,O,O,X,O,X
STOLZIJ,O,O,X,O,X
STOLZJI,O,O,X,O,X
STOJILZ,O,O,X,O,X
STOJIZL,O,O,O,O,X
STOJLIZ,O,O,X,O,X
STOJLZI,O,O,X,O,X
STOJZIL,O,O,O,O,X
STOJZLI,O,O,O,O,X
STOZILJ,O,O,O,O,X
STOZIJL,O,O,O,O,X
STOZLIJ,O,O,O,O,X
STOZLJI,O,O,O,O,X
STOZJIL,O,O,O,O,X
STOZJLI,O,O,O,O,X
SITLJZO,X,X,X,X,O
SITLJOZ,X,X,X,X,O
SITLZJO,X,O,X,O,O
SITLZOJ,X,O,X,O,O
SITLOJZ,X,X,X,X,O
SITLOZJ,X,O,X,O,O
SITJLZO,X,O,X,X,O
SITJLOZ,X,O,X,X,O
SITJZLO,X,O,O,X,O
SITJZOL,X,O,O,X,O
SITJOLZ,X,O,X,X,O
SITJOZL,X,O,O,X,O
SITZLJO,X,O,O,O,O
SITZLOJ,X,O,O,O,O
SITZJLO,X,O,O,O,O
SITZJOL,X,O,O,X,O
SITZOLJ,X,O,O,O,O
SITZOJL,X,O,O,O,O
SITOLJZ,X,X,X,X,O
SITOLZJ,X,O,X,O,O
SITOJLZ,X,O,X,X,O
SITOJZL,X,O,O,X,O
SITOZLJ,X,O,O,O,O
SITOZJL,X,O,O,O,O
SILTJZO,X,X,X,X,O
SILTJOZ,X,X,X,X,O
SILTZJO,X,O,X,O,O
SILTZOJ,X,O,X,O,O
SILTOJZ,X,X,X,X,O
SILTOZJ,X,O,X,O,O
SILJTZO,X,O,X,O,X
SILJTOZ,X,X,X,O,X
SILJZTO,X,O,O,O,X
SILJZOT,X,O,X,O,X
SILJOTZ,X,X,X,O,X
SILJOZT,X,O,X,O,X
SILZTJO,X,O,O,O,X
SILZTOJ,X,O,O,O,X
SILZJTO,X,O,O,O,X
SILZJOT,X,O,X,O,X
SILZOTJ,X,O,X,O,X
SILZOJT,X,X,X,O,X
SILOTJZ,X,X,X,X,O
SILOTZJ,X,X,X,O,O
SILOJTZ,X,X,X,O,X
SILOJZT,X,X,X,O,X
SILOZTJ,X,O,X,O,X
SILOZJT,X,X,X,O,X
SIJTLZO,X,O,X,O,X
SIJTLOZ,X,O,X,O,X
SIJTZLO,X,O,O,O,X
SIJTZOL,X,O,O,O,X
SIJTOLZ,X,O,X,O,X
SIJTOZL,X,O,O,O,X
SIJLTZO,X,O,X,O,X
SIJLTOZ,X,O,X,O,X
SIJLZTO,X,O,O,O,X
SIJLZOT,X,O,X,O,X
SIJLOTZ,X,X,X,O,X
SIJLOZT,X,O,X,O,X
SIJZTLO,X,O,O,O,X
SIJZTOL,X,O,O,O,X
SIJZLTO,X,O,O,O,X
SIJZLOT,X,O,X,O,X
SIJZOTL,X,O,X,O,X
SIJZOLT,X,O,X,O,X
SIJOTLZ,X,O,X,O,X
SIJOTZL,X,O,X,O,X
SIJOLTZ,X,X,X,O,X
SIJOLZT,X,O,X,O,X
SIJOZTL,X,O,X,O,X
SIJOZLT,X,O,X,O,X
SIZTLJO,X,O,O,O,X
SIZTLOJ,X,O,O,O,X
SIZTJLO,X,O,O,O,X
SIZTJOL,X,O,O,O,X
SIZTOLJ,X,O,O,O,X
SIZTOJL,X,O,O,O,X
SIZLTJO,X,O,O,O,X
SIZLTOJ,X,O,O,O,X
SIZLJTO,X,O,O,O,X
SIZLJOT,X,O,X,O,X
SIZLOTJ,X,O,X,O,X
SIZLOJT,X,X,X,O,X
SIZJTLO,X,O,O,O,X
SIZJTOL,X,O,O,O,X
SIZJLTO,X,O,O,O,X
SIZJLOT,X,O,X,O,X
SIZJOTL,X,O,X,O,X
SIZJOLT,X,O,X,O,X
SIZOTLJ,X,O,X,O,X
SIZOTJL,X,O,X,O,X
SIZOLTJ,X,O,X,O,X
SIZOLJT,X,X,X,O,X
SIZOJTL,X,X,X,O,X
SIZOJLT,X,X,X,O,X
SIOTLJZ,X,X,X,X,O
SIOTLZJ,X,O,X,O,O
SIOTJLZ,X,X,X,X,O
SIOTJZL,X,O,X,X,O
SIOTZLJ,X,O,X,O,O
SIOTZJL,X,O,X,O,O
SIOLTJZ,X,X,X,X,O
SIOLTZJ,X,X,X,O,O
SIOLJTZ,X,X,X,O,X
SIOLJZT,X,X,X,O,X
SIOLZTJ,X,O,X,O,X
SIOLZJT,X,X,X,O,X
SIOJTLZ,X,X,X,O,X
SIOJTZL,X,X,X,O,X
SIOJLTZ,X,X,X,O,X
SIOJLZT,X,X,X,O,X
SIOJZTL,X,X,X,O,X
SIOJZLT,X,X,X,O,X
SIOZTLJ,X,O,X,O,X
SIOZTJL,X,O,X,O,X
SIOZLTJ,X,O,X,O,X
SIOZLJT,X,X,X,O,X
SIOZJTL,X,X,X,O,X
SIOZJLT,X,X,X,O,X
SLTIJZO,X,X,X,X,O
SLTIJOZ,X,X,X,X,O
SLTIZJO,X,O,X,O,O
SLTIZOJ,X,O,X,O,O
SLTIOJZ,X,X,X,X,O
SLTIOZJ,X,O,X,O,O
SLTJIZO,O,O,X,O,X
SLTJIOZ,X,O,X,O,X
SLTJZIO,O,O,X,O,X
SLTJZOI,O,O,X,O,X
SLTJOIZ,X,O,X,O,X
SLTJOZI,X,O,X,O,X
SLTZIJO,O,O,X,O,X
SLTZIOJ,O,O,X,O,X
SLTZJIO,O,O,X,O,X
SLTZJOI,O,O,X,O,X
SLTZOIJ,O,O,X,O,X
SLTZOJI,O,O,X,O,X
SLTOIJZ,X,X,X,X,O
SLTOIZJ,O,O,X,O,O
SLTOJIZ,O,O,X,O,X
SLTOJZI,O,O,X,O,X
SLTOZIJ,O,O,X,O,X
SLTOZJI,O,O,X,O,X
SLITJZO,X,X,X,X,O
SLITJOZ,X,X,X,X,O
SLITZJO,X,O,X,O,O
SLITZOJ,X,O,X,O,O
SLITOJZ,X,X,X,X,O
SLITOZJ,X,O,X,O,O
SLIJTZO,X,O,X,O,X
SLIJTOZ,X,X,X,O,X
SLIJZTO,X,O,O,O,X
SLIJZOT,X,O,X,O,X
SLIJOTZ,X,X,X,O,X
SLIJOZT,X,O,X,O,X
SLIZTJO,X,O,O,O,X
SLIZTOJ,X,O,O,O,X
SLIZJTO,X,O,O,O,X
SLIZJOT,X,O,X,O,X
SLIZOTJ,X,O,X,O,X
SLIZOJT,X,X,X,O,X
SLIOTJZ,X,X,X,X,O
SLIOTZJ,X,X,X,O,O
SLIOJTZ,X,X,X,O,X
SLIOJZT,X,X,X,O,X
SLIOZTJ,X,O,X,O,X
SLIOZJT,X,X,X,O,X
SLJTIZO,O,O,X,O,X
SLJTIOZ,X,O,X,O,X
SLJTZIO,O,O,X,O,X
SLJTZOI,O,O,X,O,X
SLJTOIZ,X,O,X,O,X
SLJTOZI,X,O,X,O,X
SLJITZO,O,O,X,O,X
SLJITOZ,X,O,X,O,X
SLJIZTO,O,O,O,O,X
SLJIZOT,O,O,X,O,X
SLJIOTZ,X,X,X,O,X
SLJIOZT,X,O,X,O,X
SLJZTIO,O,O,O,O,X
SLJZTOI,O,O,O,O,X
SLJZITO,O,O,O,O,X
SLJZIOT,O,O,X,O,X
SLJZOTI,X,O,X,O,X
SLJZOIT,O,O,X,O,X
SLJOTIZ,X,X,X,O,X
SLJOTZI,X,X,X,O,X
SLJOITZ,X,X,X,O,X
SLJOIZT,X,O,X,O,X
SLJOZTI,X,O,X,O,X
SLJOZIT,X,O,X,O,X
SLZTIJO,O,O,O,O,X
SLZTIOJ,O,O,O,O,X
SLZTJIO,O,O,O,O,X
SLZTJOI,O,O,O,O,X
SLZTOIJ,O,O,O,O,X
SLZTOJI,O,O,O,O,X
SLZITJO,O,O,O,O,X
SLZITOJ,O,O,O,O,X
SLZIJTO,O,O,O,O,X
SLZIJOT,O,O,X,O,X
SLZIOTJ,O,O,X,O,X
SLZIOJT,O,X,X,O,X
SLZJTIO,O,O,O,O,X
SLZJTOI,O,O,O,O,X
SLZJITO,O,O,O,O,X
SLZJIOT,O,O,X,O,X
SLZJOTI,O,O,X,O,X
SLZJOIT,O,O,X,O,X
SLZOTIJ,O,O,X,O,X
SLZOTJI,O,O,X,O,X
SLZOITJ,O,O,X,O,X
SLZOIJT,O,X,X,O,X
SLZOJTI,O,O,X,O,X
SLZOJIT,O,O,X,O,X
SLOTIJZ,X,X,X,X,O
SLOTIZJ,O,X,X,O,O
SLOTJIZ,O,X,X,O,X
SLOTJZI,O,X,X,O,X
SLOTZIJ,O,X,X,O,X
SLOTZJI,O,X,X,O,X
SLOITJZ,X,X,X,X,O
SLOITZJ,O,X,X,O,O
SLOIJTZ,O,X,X,O,X
SLOIJZT,O,X,X,O,X
SLOIZTJ,O,O,X,O,X
SLOIZJT,O,X,X,O,X
SLOJTIZ,O,X,X,O,X
SLOJTZI,O,X,X,O,X
SLOJITZ,O,X,X,O,X
SLOJIZT,O,O,X,O,X
SLOJZTI,O,O,X,O,X
SLOJZIT,O,O,X,O,X
SLOZTIJ,O,O,X,O,X
SLOZTJI,O,O,X,O,X
SLOZITJ,O,O,X,O,X
SLOZIJT,O,X,X,O,X
SLOZJTI,O,O,X,O,X
SLOZJIT,O,O,X,O,X
SJTILZO,O,O,X,O,X
SJTILOZ,X,O,X,O,X
SJTIZLO,O,O,O,O,X
SJTIZOL,O,O,O,O,X
SJTIOLZ,X,O,X,O,X
SJTIOZL,X,O,O,O,X
SJTLIZO,O,O,X,O,X
SJTLIOZ,X,O,X,O,X
SJTLZIO,O,O,X,O,X
SJTLZOI,O,O,X,O,X
SJTLOIZ,X,O,X,O,X
SJTLOZI,X,O,X,O,X
SJTZILO,O,O,O,O,X
SJTZIOL,O,O,O,O,X
SJTZLIO,O,O,O,O,X
SJTZLOI,O,O,O,O,X
SJTZOIL,O,O,O,O,X
SJTZOLI,O,O,O,O,X
SJTOILZ,O,O,X,O,X
SJTOIZL,O,O,O,O,X
SJTOLIZ,O,O,X,O,X
SJTOLZI,O,O,X,O,X
SJTOZIL,O,O,O,O,X
SJTOZLI,O,O,O,O,X
SJITLZO,O,O,X,O,X
SJITLOZ,X,O,X,O,X
SJITZLO,O,O,O,O,X
SJITZOL,O,O,O,O,X
SJITOLZ,X,O,X,O,X
SJITOZL,X,O,O,O,X
SJILTZO,O,O,X,O,X
SJILTOZ,X,O,X,O,X
SJILZTO,O,O,O,O,X
SJILZOT,O,O,X,O,X
SJILOTZ,X,X,X,O,X
SJILOZT,X,O,X,O,X
SJIZTLO,O,O,O,O,X
SJIZTOL,X,O,O,O,X
SJIZLTO,O,O,O,O,X
SJIZLOT,O,O,X,O,X
SJIZOTL,X,O,X,O,X
SJIZOLT,O,O,X,O,X
SJIOTLZ,X,O,X,O,X
SJIOTZL,X,O,X,O,X
SJIOLTZ,X,X,X,O,X
SJIOLZT,X,O,X,O,X
SJIOZTL,X,O,X,O,X
SJIOZLT,X,O,X,O,X
SJLTIZO,O,O,X,O,X
SJLTIOZ,X,O,X,O,X
SJLTZIO,O,O,X,O,X
SJLTZOI,O,O,X,O,X
SJLTOIZ,X,O,X,O,X
SJLTOZI,X,O,X,O,X
SJLITZO,O,O,X,O,X
SJLITOZ,X,O,X,O,X
SJLIZTO,O,O,O,O,X
SJLIZOT,O,O,X,O,X
SJLIOTZ,X,X,X,O,X
SJLIOZT,X,O,X,O,X
SJLZTIO,O,O,O,O,X
SJLZTOI,O,O,O,O,X
SJLZITO,O,O,O,O,X
SJLZIOT,O,O,X,O,X
SJLZOTI,X,O,X,O,X
SJLZOIT,O,O,X,O,X
SJLOTIZ,X,X,X,O,X
SJLOTZI,X,X,X,O,X
SJLOITZ,X,X,X,O,X
SJLOIZT,X,O,X,O,X
SJLOZTI,X,O,X,O,X
SJLOZIT,X,O,X,O,X
SJZTILO,O,O,O,O,X
SJZTIOL,O,O,O,O,X
SJZTLIO,O,O,O,O,X
SJZTLOI,O,O,O,O,X
SJZTOIL,O,O,O,O,X
SJZTOLI,O,O,O,O,X
SJZITLO,O,O,O,O,X
SJZITOL,X,O,O,O,X
SJZILTO,O,O,O,O,X
SJZILOT,O,O,X,O,X
SJZIOTL,O,O,X,O,X
SJZIOLT,O,O,X,O,X
SJZLTIO,O,O,O,O,X
SJZLTOI,O,O,O,O,X
SJZLITO,O,O,O,O,X
SJZLIOT,O,O,X,O,X
SJZLOTI,O,O,X,O,X
SJZLOIT,O,O,X,O,X
SJZOTIL,O,O,X,O,X
SJZOTLI,O,O,X,O,X
SJZOITL,O,O,X,O,X
SJZOILT,O,O,X,O,X
SJZOLTI,O,O,X,O,X
SJZOLIT,O,O,X,O,X
SJOTILZ,O,O,X,O,X
SJOTIZL,O,O,X,O,X
SJOTLIZ,O,O,X,O,X
SJOTLZI,O,O,X,O,X
SJOTZIL,O,O,X,O,X
SJOTZLI,O,O,X,O,X
SJOITLZ,O,O,X,O,X
SJOITZL,O,O,X,O,X
SJOILTZ,O,X,X,O,X
SJOILZT,O,O,X,O,X
SJOIZTL,O,O,X,O,X
SJOIZLT,O,O,X,O,X
SJOLTIZ,O,X,X,O,X
SJOLTZI,O,X,X,O,X
SJOLITZ,O,X,X,O,X
SJOLIZT,O,O,X,O,X
SJOLZTI,O,O,X,O,X
SJOLZIT,O,O,X,O,X
SJOZTIL,O,O,X,O,X
SJOZTLI,O,O,X,O,X
SJOZITL,O,O,X,O,X
SJOZILT,O,O,X,O,X
SJOZLTI,O,O,X,O,X
SJOZLIT,O,O,X,O,X
SZTILJO,O,O,O,O,X
SZTILOJ,O,O,O,O,X
SZTIJLO,O,O,O,O,X
SZTIJOL,O,O,O,O,X
SZTIOLJ,O,O,O,O,X
SZTIOJL,O,O,O,O,X
SZTLIJO,O,O,O,O,X
SZTLIOJ,O,O,O,O,X
SZTLJIO,O,O,O,O,X
SZTLJOI,O,O,O,O,X
SZTLOIJ,O,O,O,O,X
SZTLOJI,O,O,O,O,X
SZTJILO,O,O,O,O,X
SZTJIOL,O,O,O,O,X
SZTJLIO,O,O,O,O,X
SZTJLOI,O,O,O,O,X
SZTJOIL,O,O,O,O,X
SZTJOLI,O,O,O,O,X
SZTOILJ,O,O,O,O,X
SZTOIJL,O,O,O,O,X
SZTOLIJ,O,O,O,O,X
SZTOLJI,O,O,O,O,X
SZTOJIL,O,O,O,O,X
SZTOJLI,O,O,O,O,X
SZITLJO,O,O,O,O,X
SZITLOJ,O,O,O,O,X
SZITJLO,O,O,O,O,X
SZITJOL,X,O,O,O,X
SZITOLJ,X,O,O,O,X
SZITOJL,X,O,O,O,X
SZILTJO,O,O,O,O,X
SZILTOJ,O,O,O,O,X
SZILJTO,O,O,O,O,X
SZILJOT,O,O,X,O,X
SZILOTJ,O,O,X,O,X
SZILOJT,O,X,X,O,X
SZIJTLO,O,O,O,O,X
SZIJTOL,X,O,O,O,X
SZIJLTO,O,O,O,O,X
SZIJLOT,O,O,X,O,X
SZIJOTL,O,O,X,O,X
SZIJOLT,O,O,X,O,X
SZIOTLJ,O,O,X,O,X
SZIOTJL,O,O,X,O,X
SZIOLTJ,O,O,X,O,X
SZIOLJT,O,X,X,O,X
SZIOJTL,O,X,X,O,X
SZIOJLT,O,X,X,O,X
SZLTIJO,O,O,O,O,X
SZLTIOJ,O,O,O,O,X
SZLTJIO,O,O,O,O,X
SZLTJOI,O,O,O,O,X
SZLTOIJ,O,O,O,O,X
SZLTOJI,O,O,O,O,X
SZLITJO,O,O,O,O,X
SZLITOJ,O,O,O,O,X
SZLIJTO,O,O,O,O,X
SZLIJOT,O,O,X,O,X
SZLIOTJ,O,O,X,O,X
SZLIOJT,O,X,X,O,X
SZLJTIO,O,O,O,O,X
SZLJTOI,O,O,O,O,X
SZLJITO,O,O,O,O,X
SZLJIOT,O,O,X,O,X
SZLJOTI,O,O,X,O,X
SZLJOIT,O,O,X,O,X
SZLOTIJ,O,O,X,O,X
SZLOTJI,O,O,X,O,X
SZLOITJ,O,O,X,O,X
SZLOIJT,O,X,X,O,X
SZLOJTI,O,O,X,O,X
SZLOJIT,O,O,X,O,X
SZJTILO,O,O,O,O,X
SZJTIOL,O,O,O,O,X
SZJTLIO,O,O,O,O,X
SZJTLOI,O,O,O,O,X
SZJTOIL,O,O,O,O,X
SZJTOLI,O,O,O,O,X
SZJITLO,O,O,O,O,X
SZJITOL,X,O,O,O,X
SZJILTO,O,O,O,O,X
SZJILOT,O,O,X,O,X
SZJIOTL,O,O,X,O,X
SZJIOLT,O,O,X,O,X
SZJLTIO,O,O,O,O,X
SZJLTOI,O,O,O,O,X
SZJLITO,O,O,O,O,X
SZJLIOT,O,O,X,O,X
SZJLOTI,O,O,X,O,X
SZJLOIT,O,O,X,O,X
SZJOTIL,O,O,X,O,X
SZJOTLI,O,O,X,O,X
SZJOITL,O,O,X,O,X
SZJOILT,O,O,X,O,X
SZJOLTI,O,O,X,O,X
SZJOLIT,O,O,X,O,X
SZOTILJ,O,O,X,O,X
SZOTIJL,O,O,X,O,X
SZOTLIJ,O,O,X,O,X
SZOTLJI,O,O,X,O,X
SZOTJIL,O,O,X,O,X
SZOTJLI,O,O,X,O,X
SZOITLJ,O,O,X,O,X
SZOITJL,O,O,X,O,X
SZOILTJ,O,O,X,O,X
SZOILJT,O,X,X,O,X
SZOIJTL,O,X,X,O,X
SZOIJLT,O,X,X,O,X
SZOLTIJ,O,O,X,O,X
SZOLTJI,O,O,X,O,X
SZOLITJ,O,O,X,O,X
SZOLIJT,O,X,X,O,X
SZOLJTI,O,O,X,O,X
SZOLJIT,O,O,X,O,X
SZOJTIL,O,O,X,O,X
SZOJTLI,O,O,X,O,X
SZOJITL,O,O,X,O,X
SZOJILT,O,O,X,O,X
SZOJLTI,O,O,X,O,X
SZOJLIT,O,O,X,O,X
SOTILJZ,X,X,X,X,O
SOTILZJ,O,O,X,O,O
SOTIJLZ,X,O,X,X,O
SOTIJZL,X,O,X,X,O
SOTIZLJ,O,O,X,O,O
SOTIZJL,O,O,X,O,O
SOTLIJZ,X,X,X,X,O
SOTLIZJ,O,O,X,O,O
SOTLJIZ,O,O,X,O,X
SOTLJZI,O,O,X,O,X
SOTLZIJ,O,O,X,O,X
SOTLZJI,O,O,X,O,X
SOTJILZ,O,O,X,O,X
SOTJIZL,O,O,X,O,X
SOTJLIZ,O,O,X,O,X
SOTJLZI,O,O,X,O,X
SOTJZIL,O,O,X,O,X
SOTJZLI,O,O,X,O,X
SOTZILJ,O,O,X,O,X
SOTZIJL,O,O,X,O,X
SOTZLIJ,O,O,X,O,X
SOTZLJI,O,O,X,O,X
SOTZJIL,O,O,X,O,X
SOTZJLI,O,O,X,O,X
SOITLJZ,X,X,X,X,O
SOITLZJ,O,O,X,O,O
SOITJLZ,X,X,X,X,O
SOITJZL,X,O,X,X,O
SOITZLJ,O,O,X,O,O
SOITZJL,O,O,X,O,O
SOILTJZ,X,X,X,X,O
SOILTZJ,O,X,X,O,O
SOILJTZ,O,X,X,O,X
SOILJZT,O,X,X,O,X
SOILZTJ,O,O,X,O,X
SOILZJT,O,X,X,O,X
SOIJTLZ,O,X,X,O,X
SOIJTZL,O,X,X,O,X
SOIJLTZ,O,X,X,O,X
SOIJLZT,O,X,X,O,X
SOIJZTL,O,X,X,O,X
SOIJZLT,O,X,X,O,X
SOIZTLJ,O,O,X,O,X
SOIZTJL,X,O,X,O,X
SOIZLTJ,O,O,X,O,X
SOIZLJT,O,X,X,O,X
SOIZJTL,O,X,X,O,X
SOIZJLT,O,X,X,O,X
SOLTIJZ,X,X,X,X,O
SOLTIZJ,O,X,X,O,O
SOLTJIZ,O,X,X,O,X
SOLTJZI,O,X,X,O,X
SOLTZIJ,O,X,X,O,X
SOLTZJI,O,X,X,O,X
SOLITJZ,X,X,X,X,O
SOLITZJ,O,X,X,O,O
SOLIJTZ,O,X,X,O,X
SOLIJZT,O,X,X,O,X
SOLIZTJ,O,O,X,O,X
SOLIZJT,O,X,X,O,X
SOLJTIZ,O,X,X,O,X
SOLJTZI,O,X,X,O,X
SOLJITZ,O,X,X,O,X
SOLJIZT,O,O,X,O,X
SOLJZTI,O,O,X,O,X
SOLJZIT,O,O,X,O,X
SOLZTIJ,O,O,X,O,X
SOLZTJI,O,O,X,O,X
SOLZITJ,O,O,X,O,X
SOLZIJT,O,X,X,O,X
SOLZJTI,O,O,X,O,X
SOLZJIT,O,O,X,O,X
SOJTILZ,O,O,X,O,X
SOJTIZL,O,O,X,O,X
SOJTLIZ,O,O,X,O,X
SOJTLZI,O,O,X,O,X
SOJTZIL,O,O,X,O,X
SOJTZLI,O,O,X,O,X
SOJITLZ,O,O,X,O,X
SOJITZL,O,O,X,O,X
SOJILTZ,O,X,X,O,X
SOJILZT,O,O,X,O,X
SOJIZTL,O,O,X,O,X
SOJIZLT,O,O,X,O,X
SOJLTIZ,O,X,X,O,X
SOJLTZI,O,X,X,O,X
SOJLITZ,O,X,X,O,X
SOJLIZT,O,O,X,O,X
SOJLZTI,O,O,X,O,X
SOJLZIT,O,O,X,O,X
SOJZTIL,O,O,X,O,X
SOJZTLI,O,O,X,O,X
SOJZITL,O,O,X,O,X
SOJZILT,O,O,X,O,X
SOJZLTI,O,O,X,O,X
SOJZLIT,O,O,X,O,X
SOZTILJ,O,O,X,O,X
SOZTIJL,O,O,X,O,X
SOZTLIJ,O,O,X,O,X
SOZTLJI,O,O,X,O,X
SOZTJIL,O,O,X,O,X
SOZTJLI,O,O,X,O,X
SOZITLJ,O,O,X,O,X
SOZITJL,O,O,X,O,X
SOZILTJ,O,O,X,O,X
SOZILJT,O,X,X,O,X
SOZIJTL,O,X,X,O,X
SOZIJLT,O,X,X,O,X
SOZLTIJ,O,O,X,O,X
SOZLTJI,O,O,X,O,X
SOZLITJ,O,O,X,O,X
SOZLIJT,O,X,X,O,X
SOZLJTI,O,O,X,O,X
SOZLJIT,O,O,X,O,X
SOZJTIL,O,O,X,O,X
SOZJTLI,O,O,X,O,X
SOZJITL,O,O,X,O,X
SOZJILT,O,O,X,O,X
SOZJLTI,O,O,X,O,X
SOZJLIT,O,O,X,O,X
ZTILJSO,O,O,O,O,O
ZTILJOS,O,O,O,O,O
ZTILSJO,O,O,O,O,O
ZTILSOJ,O,O,O,O,O
ZTILOJS,O,O,O,X,O
ZTILOSJ,O,O,O,X,O
ZTIJLSO,O,O,O,O,O
ZTIJLOS,O,O,O,O,O
ZTIJSLO,O,O,O,O,O
ZTIJSOL,O,O,O,O,O
ZTIJOLS,O,O,O,O,O
ZTIJOSL,O,O,O,X,O
ZTISLJO,O,O,O,O,O
ZTISLOJ,O,O,O,O,O
ZTISJLO,O,O,O,O,O
ZTISJOL,O,O,O,O,O
ZTISOLJ,O,O,O,O,O
ZTISOJL,O,O,O,X,O
ZTIOLJS,O,O,O,X,O
ZTIOLSJ,O,O,O,X,O
ZTIOJLS,O,O,O,X,O
ZTIOJSL,O,O,O,X,O
ZTIOSLJ,O,O,O,X,O
ZTIOSJL,O,O,O,X,O
ZTLIJSO,O,O,O,O,O
ZTLIJOS,O,O,O,O,O
ZTLISJO,O,O,O,O,O
ZTLISOJ,O,O,O,O,O
ZTLIOJS,O,O,O,X,O
ZTLIOSJ,O,O,O,X,O
ZTLJISO,O,O,O,O,X
ZTLJIOS,O,O,O,O,X
ZTLJSIO,O,O,O,O,X
ZTLJSOI,O,O,O,O,X
ZTLJOIS,O,O,O,O,X
ZTLJOSI,O,O,O,O,X
ZTLSIJO,O,O,O,O,X
ZTLSIOJ,O,O,O,O,X
ZTLSJIO,O,O,O,O,X
ZTLSJOI,O,O,O,O,X
ZTLSOIJ,O,O,O,O,X
ZTLSOJI,O,O,O,O,X
ZTLOIJS,O,O,O,X,O
ZTLOISJ,O,O,O,X,O
ZTLOJIS,O,O,O,O,X
ZTLOJSI,O,O,O,O,X
ZTLOSIJ,O,O,O,O,X
ZTLOSJI,O,O,O,O,X
ZTJILSO,O,O,O,O,X
ZTJILOS,O,O,O,O,X
ZTJISLO,O,O,O,O,X
ZTJISOL,O,O,O,O,X
ZTJIOLS,O,O,O,O,X
ZTJIOSL,O,O,O,O,X
ZTJLISO,O,O,O,O,X
ZTJLIOS,O,O,O,O,X
ZTJLSIO,O,O,O,O,X
ZTJLSOI,O,O,O,O,X
ZTJLOIS,O,O,O,O,X
ZTJLOSI,O,O,O,O,X
ZTJSILO,O,O,O,O,X
ZTJSIOL,O,O,O,O,X
ZTJSLIO,O,O,O,O,X
ZTJSLOI,O,O,O,O,X
ZTJSOIL,O,O,O,O,X
ZTJSOLI,O,O,O,O,X
ZTJOILS,O,O,O,O,X
ZTJOISL,O,O,O,O,X
ZTJOLIS,O,O,O,O,X
ZTJOLSI,O,O,O,O,X
ZTJOSIL,O,O,O,O,X
ZTJOSLI,O,O,O,O,X
ZTSILJO,O,O,O,O,X
ZTSILOJ,O,O,O,O,X
ZTSIJLO,O,O,O,O,X
ZTSIJOL,O,O,O,O,X
ZTSIOLJ,O,O,O,O,X
ZTSIOJL,O,O,O,O,X
ZTSLIJO,O,O,O,O,X
ZTSLIOJ,O,O,O,O,X
ZTSLJIO,O,O,O,O,X
ZTSLJOI,O,O,O,O,X
ZTSLOIJ,O,O,O,O,X
ZTSLOJI,O,O,O,O,X
ZTSJILO,O,O,O,O,X
ZTSJIOL,O,O,O,O,X
ZTSJLIO,O,O,O,O,X
ZTSJLOI,O,O,O,O,X
ZTSJOIL,O,O,O,O,X
ZTSJOLI,O,O,O,O,X
ZTSOILJ,O,O,O,O,X
ZTSOIJL,O,O,O,O,X
ZTSOLIJ,O,O,O,O,X
ZTSOLJI,O,O,O,O,X
ZTSOJIL,O,O,O,O,X
ZTSOJLI,O,O,O,O,X
ZTOILJS,O,O,O,O,O
ZTOILSJ,O,O,O,O,O
ZTOIJLS,O,O,O,O,O
ZTOIJSL,O,O,O,O,O
ZTOISLJ,O,O,O,O,O
ZTOISJL,O,O,O,O,O
ZTOLIJS,O,O,O,O,O
ZTOLISJ,O,O,O,O,O
ZTOLJIS,O,O,O,O,X
ZTOLJSI,O,O,O,O,X
ZTOLSIJ,O,O,O,O,X
ZTOLSJI,O,O,O,O,X
ZTOJILS,O,O,O,O,X
ZTOJISL,O,O,O,O,X
ZTOJLIS,O,O,O,O,X
ZTOJLSI,O,O,O,O,X
ZTOJSIL,O,O,O,O,X
ZTOJSLI,O,O,O,O,X
ZTOSILJ,O,O,O,O,X
ZTOSIJL,O,O,O,O,X
ZTOSLIJ,O,O,O,O,X
ZTOSLJI,O,O,O,O,X
ZTOSJIL,O,O,O,O,X
ZTOSJLI,O,O,O,O,X
ZITLJSO,O,O,O,O,O
ZITLJOS,O,O,O,O,O
ZITLSJO,O,O,O,O,O
ZITLSOJ,O,O,O,O,O
ZITLOJS,O,O,O,X,O
ZITLOSJ,O,O,O,X,O
ZITJLSO,O,O,O,O,O
ZITJLOS,O,O,O,O,O
ZITJSLO,O,O,O,O,O
ZITJSOL,O,O,O,O,O
ZITJOLS,O,O,O,O,O
ZITJOSL,O,O,O,X,O
ZITSLJO,O,O,O,O,O
ZITSLOJ,O,O,O,O,O
ZITSJLO,O,O,O,O,O
ZITSJOL,O,O,O,O,O
ZITSOLJ,O,O,O,O,O
ZITSOJL,O,O,O,X,O
ZITOLJS,O,O,O,X,O
ZITOLSJ,O,O,O,X,O
ZITOJLS,O,O,O,X,O
ZITOJSL,O,O,O,X,O
ZITOSLJ,O,O,O,X,O
ZITOSJL,O,O,O,X,O
ZILTJSO,O,O,O,O,O
ZILTJOS,O,O,O,O,O
ZILTSJO,O,O,O,O,O
ZILTSOJ,O,O,O,O,O
ZILTOJS,O,O,O,X,O
ZILTOSJ,O,O,O,X,O
ZILJTSO,O,O,O,O,X
ZILJTOS,O,O,O,O,X
ZILJSTO,O,O,O,O,X
ZILJSOT,O,O,X,O,X
ZILJOTS,X,O,O,O,X
ZILJOST,O,X,X,X,X
ZILSTJO,O,O,O,O,X
ZILSTOJ,O,O,O,O,X
ZILSJTO,O,O,O,O,X
ZILSJOT,O,O,X,O,X
ZILSOTJ,O,O,X,O,X
ZILSOJT,O,X,X,X,X
ZILOTJS,O,X,O,X,O
ZILOTSJ,O,X,O,X,O
ZILOJTS,O,X,O,X,X
ZILOJST,O,X,X,X,X
ZILOSTJ,O,X,X,X,X
ZILOSJT,O,X,X,X,X
ZIJTLSO,O,O,O,O,X
ZIJTLOS,O,O,O,O,X
ZIJTSLO,O,O,O,O,X
ZIJTSOL,O,O,O,O,X
ZIJTOLS,O,O,O,O,X
ZIJTOSL,O,O,O,O,X
ZIJLTSO,O,O,O,O,X
ZIJLTOS,O,O,O,O,X
ZIJLSTO,O,O,O,O,X
ZIJLSOT,O,O,X,O,X
ZIJLOTS,X,O,O,O,X
ZIJLOST,O,X,X,O,X
ZIJSTLO,O,O,O,O,X
ZIJSTOL,X,O,O,O,X
ZIJSLTO,O,O,O,O,X
ZIJSLOT,O,O,X,O,X
ZIJSOTL,O,O,X,O,X
ZIJSOLT,O,O,X,O,X
ZIJOTLS,O,O,O,O,X
ZIJOTSL,O,O,O,O,X
ZIJOLTS,O,O,O,O,X
ZIJOLST,O,X,X,O,X
ZIJOSTL,O,X,X,O,X
ZIJOSLT,O,X,X,O,X
ZISTLJO,O,O,O,O,X
ZISTLOJ,O,O,O,O,X
ZISTJLO,O,O,O,O,X
ZISTJOL,X,O,O,O,X
ZISTOLJ,X,O,O,O,X
ZISTOJL,X,O,O,O,X
ZISLTJO,O,O,O,O,X
ZISLTOJ,O,O,O,O,X
ZISLJTO,O,O,O,O,X
ZISLJOT,O,O,X,O,X
ZISLOTJ,O,O,X,O,X
ZISLOJT,O,X,X,O,X
ZISJTLO,O,O,O,O,X
ZISJTOL,X,O,O,O,X
ZISJLTO,O,O,O,O,X
ZISJLOT,O,O,X,O,X
ZISJOTL,O,O,X,O,X
ZISJOLT,O,O,X,O,X
ZISOTLJ,O,O,X,O,X
ZISOTJL,O,O,X,O,X
ZISOLTJ,O,O,X,O,X
ZISOLJT,O,X,X,O,X
ZISOJTL,O,X,X,O,X
ZISOJLT,O,X,X,O,X
ZIOTLJS,O,X,O,O,O
ZIOTLSJ,O,X,O,O,O
ZIOTJLS,O,X,O,O,O
ZIOTJSL,O,X,O,O,O
ZIOTSLJ,O,X,O,O,O
ZIOTSJL,O,X,O,O,O
ZIOLTJS,O,X,O,O,O
ZIOLTSJ,O,X,O,O,O
ZIOLJTS,O,X,O,O,X
ZIOLJST,O,X,X,O,X
ZIOLSTJ,O,X,X,O,X
ZIOLSJT,O,X,X,O,X
ZIOJTLS,O,X,O,O,X
ZIOJTSL,O,X,O,O,X
ZIOJLTS,O,X,O,O,X
ZIOJLST,O,X,X,O,X
ZIOJSTL,O,X,X,O,X
ZIOJSLT,O,X,X,O,X
ZIOSTLJ,O,X,X,O,X
ZIOSTJL,O,X,X,O,X
ZIOSLTJ,O,X,X,O,X
ZIOSLJT,O,X,X,O,X
ZIOSJTL,O,X,X,O,X
ZIOSJLT,O,X,X,O,X
ZLTIJSO,O,O,O,O,O
ZLTIJOS,O,O,O,O,O
ZLTISJO,O,O,O,O,O
ZLTISOJ,O,O,O,O,O
ZLTIOJS,O,O,O,X,O
ZLTIOSJ,O,O,O,X,O
ZLTJISO,O,O,O,O,X
ZLTJIOS,O,O,O,O,X
ZLTJSIO,O,O,O,O,X
ZLTJSOI,O,O,O,O,X
ZLTJOIS,O,O,O,O,X
ZLTJOSI,O,O,O,O,X
ZLTSIJO,O,O,O,O,X
ZLTSIOJ,O,O,O,O,X
ZLTSJIO,O,O,O,O,X
ZLTSJOI,O,O,O,O,X
ZLTSOIJ,O,O,O,O,X
ZLTSOJI,O,O,O,O,X
ZLTOIJS,O,O,O,X,O
ZLTOISJ,O,O,O,X,O
ZLTOJIS,O,O,O,O,X
ZLTOJSI,O,O,O,O,X
ZLTOSIJ,O,O,O,O,X
ZLTOSJI,O,O,O,O,X
ZLITJSO,O,O,O,O,O
ZLITJOS,O,O,O,O,O
ZLITSJO,O,O,O,O,O
ZLITSOJ,O,O,O,O,O
ZLITOJS,O,O,O,X,O
ZLITOSJ,O,O,O,X,O
ZLIJTSO,O,O,O,O,X
ZLIJTOS,O,O,O,O,X
ZLIJSTO,O,O,O,O,X
ZLIJSOT,O,O,X,O,X
ZLIJOTS,X,O,O,O,X
ZLIJOST,O,X,X,X,X
ZLISTJO,O,O,O,O,X
ZLISTOJ,O,O,O,O,X
ZLISJTO,O,O,O,O,X
ZLISJOT,O,O,X,O,X
ZLISOTJ,O,O,X,O,X
ZLISOJT,O,X,X,X,X
ZLIOTJS,O,X,O,X,O
ZLIOTSJ,O,X,O,X,O
ZLIOJTS,O,X,O,X,X
ZLIOJST,O,X,X,X,X
ZLIOSTJ,O,X,X,X,X
ZLIOSJT,O,X,X,X,X
ZLJTISO,O,O,O,O,X
ZLJTIOS,O,O,O,O,X
ZLJTSIO,O,O,O,O,X
ZLJTSOI,O,O,O,O,X
ZLJTOIS,O,O,O,O,X
ZLJTOSI,O,O,O,O,X
ZLJITSO,O,O,O,O,X
ZLJITOS,O,O,O,O,X
ZLJISTO,O,O,O,O,X
ZLJISOT,O,O,X,O,X
ZLJIOTS,X,O,O,O,X
ZLJIOST,O,X,X,O,X
ZLJSTIO,O,O,O,O,X
ZLJSTOI,O,O,O,O,X
ZLJSITO,O,O,O,O,X
ZLJSIOT,O,O,X,O,X
ZLJSOTI,O,O,X,O,X
ZLJSOIT,O,O,X,O,X
ZLJOTIS,O,O,O,O,X
ZLJOTSI,O,O,O,O,X
ZLJOITS,O,O,O,O,X
ZLJOIST,O,X,X,O,X
ZLJOSTI,O,O,X,O,X
ZLJOSIT,O,O,X,O,X
ZLSTIJO,O,O,O,O,X
ZLSTIOJ,O,O,O,O,X
ZLSTJIO,O,O,O,O,X
ZLSTJOI,O,O,O,O,X
ZLSTOIJ,O,O,O,O,X
ZLSTOJI,O,O,O,O,X
ZLSITJO,O,O,O,O,X
ZLSITOJ,O,O,O,O,X
ZLSIJTO,O,O,O,O,X
ZLSIJOT,O,O,X,O,X
ZLSIOTJ,O,O,X,O,X
ZLSIOJT,O,X,X,O,X
ZLSJTIO,O,O,O,O,X
ZLSJTOI,O,O,O,O,X
ZLSJITO,O,O,O,O,X
ZLSJIOT,O,O,X,O,X
ZLSJOTI,O,O,X,O,X
ZLSJOIT,O,O,X,O,X
ZLSOTIJ,O,O,X,O,X
ZLSOTJI,O,O,X,O,X
ZLSOITJ,O,O,X,O,X
ZLSOIJT,O,X,X,O,X
ZLSOJTI,O,O,X,O,X
ZLSOJIT,O,O,X,O,X
ZLOTIJS,O,O,O,O,O
ZLOTISJ,O,O,O,O,O
ZLOTJIS,O,O,O,O,X
ZLOTJSI,O,O,O,O,X
ZLOTSIJ,O,O,O,O,X
ZLOTSJI,O,O,O,O,X
ZLOITJS,O,X,O,O,O
ZLOITSJ,O,X,O,O,O
ZLOIJTS,O,X,O,O,X
ZLOIJST,O,X,X,O,X
ZLOISTJ,O,X,X,O,X
ZLOISJT,O,X,X,O,X
ZLOJTIS,O,O,O,O,X
ZLOJTSI,O,O,O,O,X
ZLOJITS,O,O,O,O,X
ZLOJIST,O,X,X,O,X
ZLOJSTI,O,O,X,O,X
ZLOJSIT,O,O,X,O,X
ZLOSTIJ,O,O,X,O,X
ZLOSTJI,O,O,X,O,X
ZLOSITJ,O,O,X,O,X
ZLOSIJT,O,X,X,O,X
ZLOSJTI,O,O,X,O,X
ZLOSJIT,O,O,X,O,X
ZJTILSO,O,O,O,O,X
ZJTILOS,O,O,O,O,X
ZJTISLO,O,O,O,O,X
ZJTISOL,O,O,O,O,X
ZJTIOLS,O,O,O,O,X
ZJTIOSL,O,O,O,O,X
ZJTLISO,O,O,O,O,X
ZJTLIOS,O,O,O,O,X
ZJTLSIO,O,O,O,O,X
ZJTLSOI,O,O,O,O,X
ZJTLOIS,O,O,O,O,X
ZJTLOSI,O,O,O,O,X
ZJTSILO,O,O,O,O,X
ZJTSIOL,O,O,O,O,X
ZJTSLIO,O,O,O,O,X
ZJTSLOI,O,O,O,O,X
ZJTSOIL,O,O,O,O,X
ZJTSOLI,O,O,O,O,X
ZJTOILS,O,O,O,O,X
ZJTOISL,O,O,O,O,X
ZJTOLIS,O,O,O,O,X
ZJTOLSI,O,O,O,O,X
ZJTOSIL,O,O,O,O,X
ZJTOSLI,O,O,O,O,X
ZJITLSO,O,O,O,O,X
ZJITLOS,O,O,O,O,X
ZJITSLO,O,O,O,O,X
ZJITSOL,O,O,O,O,X
ZJITOLS,O,O,O,O,X
ZJITOSL,O,O,O,O,X
ZJILTSO,O,O,O,O,X
ZJILTOS,O,O,O,O,X
ZJILSTO,O,O,O,O,X
ZJILSOT,O,O,X,O,X
ZJILOTS,X,O,O,O,X
ZJILOST,O,X,X,O,X
ZJISTLO,O,O,O,O,X
ZJISTOL,X,O,O,O,X
ZJISLTO,O,O,O,O,X
ZJISLOT,O,O,X,O,X
ZJISOTL,O,O,X,O,X
ZJISOLT,O,O,X,O,X
ZJIOTLS,O,O,O,O,X
ZJIOTSL,O,O,O,O,X
ZJIOLTS,O,O,O,O,X
ZJIOLST,O,X,X,O,X
ZJIOSTL,O,X,X,O,X
ZJIOSLT,O,X,X,O,X
ZJLTISO,O,O,O,O,X
ZJLTIOS,O,O,O,O,X
ZJLTSIO,O,O,O,O,X
ZJLTSOI,O,O,O,O,X
ZJLTOIS,O,O,O,O,X
ZJLTOSI,O,O,O,O,X
ZJLITSO,O,O,O,O,X
ZJLITOS,O,O,O,O,X
ZJLISTO,O,O,O,O,X
ZJLISOT,O,O,X,O,X
ZJLIOTS,X,O,O,O,X
ZJLIOST,O,X,X,O,X
ZJLSTIO,O,O,O,O,X
ZJLSTOI,O,O,O,O,X
ZJLSITO,O,O,O,O,X
ZJLSIOT,O,O,X,O,X
ZJLSOTI,O,O,X,O,X
ZJLSOIT,O,O,X,O,X
ZJLOTIS,O,O,O,O,X
ZJLOTSI,O,O,O,O,X
ZJLOITS,O,O,O,O,X
ZJLOIST,O,X,X,O,X
ZJLOSTI,O,O,X,O,X
ZJLOSIT,O,O,X,O,X
ZJSTILO,O,O,O,O,X
ZJSTIOL,O,O,O,O,X
ZJSTLIO,O,O,O,O,X
ZJSTLOI,O,O,O,O,X
ZJSTOIL,O,O,O,O,X
ZJSTOLI,O,O,O,O,X
ZJSITLO,O,O,O,O,X
ZJSITOL,X,O,O,O,X
ZJSILTO,O,O,O,O,X
ZJSILOT,O,O,X,O,X
ZJSIOTL,O,O,X,O,X
ZJSIOLT,O,O,X,O,X
ZJSLTIO,O,O,O,O,X
ZJSLTOI,O,O,O,O,X
ZJSLITO,O,O,O,O,X
ZJSLIOT,O,O,X,O,X
ZJSLOTI,O,O,X,O,X
ZJSLOIT,O,O,X,O,X
ZJSOTIL,O,O,X,O,X
ZJSOTLI,O,O,X,O,X
ZJSOITL,O,O,X,O,X
ZJSOILT,O,O,X,O,X
ZJSOLTI,O,O,X,O,X
ZJSOLIT,O,O,X,O,X
ZJOTILS,O,O,O,O,X
ZJOTISL,O,O,O,O,X
ZJOTLIS,O,O,O,O,X
ZJOTLSI,O,O,O,O,X
ZJOTSIL,O,O,O,O,X
ZJOTSLI,O,O,O,O,X
ZJOITLS,O,O,O,O,X
ZJOITSL,O,O,O,O,X
ZJOILTS,O,O,O,O,X
ZJOILST,O,X,X,O,X
ZJOISTL,O,X,X,O,X
ZJOISLT,O,X,X,O,X
ZJOLTIS,O,O,O,O,X
ZJOLTSI,O,O,O,O,X
ZJOLITS,O,O,O,O,X
ZJOLIST,O,X,X,O,X
ZJOLSTI,O,O,X,O,X
ZJOLSIT,O,O,X,O,X
ZJOSTIL,O,O,X,O,X
ZJOSTLI,O,O,X,O,X
ZJOSITL,O,O,X,O,X
ZJOSILT,O,O,X,O,X
ZJOSLTI,O,O,X,O,X
ZJOSLIT,O,O,X,O,X
ZSTILJO,O,O,O,O,X
ZSTILOJ,O,O,O,O,X
ZSTIJLO,O,O,O,O,X
ZSTIJOL,O,O,O,O,X
ZSTIOLJ,O,O,O,O,X
ZSTIOJL,O,O,O,O,X
ZSTLIJO,O,O,O,O,X
ZSTLIOJ,O,O,O,O,X
ZSTLJIO,O,O,O,O,X
ZSTLJOI,O,O,O,O,X
ZSTLOIJ,O,O,O,O,X
ZSTLOJI,O,O,O,O,X
ZSTJILO,O,O,O,O,X
ZSTJIOL,O,O,O,O,X
ZSTJLIO,O,O,O,O,X
ZSTJLOI,O,O,O,O,X
ZSTJOIL,O,O,O,O,X
ZSTJOLI,O,O,O,O,X
ZSTOILJ,O,O,O,O,X
ZSTOIJL,O,O,O,O,X
ZSTOLIJ,O,O,O,O,X
ZSTOLJI,O,O,O,O,X
ZSTOJIL,O,O,O,O,X
ZSTOJLI,O,O,O,O,X
ZSITLJO,O,O,O,O,X
ZSITLOJ,O,O,O,O,X
ZSITJLO,O,O,O,O,X
ZSITJOL,X,O,O,O,X
ZSITOLJ,X,O,O,O,X
ZSITOJL,X,O,O,O,X
ZSILTJO,O,O,O,O,X
ZSILTOJ,O,O,O,O,X
ZSILJTO,O,O,O,O,X
ZSILJOT,O,O,X,O,X
ZSILOTJ,O,O,X,O,X
ZSILOJT,O,X,X,O,X
ZSIJTLO,O,O,O,O,X
ZSIJTOL,X,O,O,O,X
ZSIJLTO,O,O,O,O,X
ZSIJLOT,O,O,X,O,X
ZSIJOTL,O,O,X,O,X
ZSIJOLT,O,O,X,O,X
ZSIOTLJ,O,O,X,O,X
ZSIOTJL,O,O,X,O,X
ZSIOLTJ,O,O,X,O,X
ZSIOLJT,O,X,X,O,X
ZSIOJTL,O,X,X,O,X
ZSIOJLT,O,X,X,O,X
ZSLTIJO,O,O,O,O,X
ZSLTIOJ,O,O,O,O,X
ZSLTJIO,O,O,O,O,X
ZSLTJOI,O,O,O,O,X
ZSLTOIJ,O,O,O,O,X
ZSLTOJI,O,O,O,O,X
ZSLITJO,O,O,O,O,X
ZSLITOJ,O,O,O,O,X
ZSLIJTO,O,O,O,O,X
ZSLIJOT,O,O,X,O,X
ZSLIOTJ,O,O,X,O,X
ZSLIOJT,O,X,X,O,X
ZSLJTIO,O,O,O,O,X
ZSLJTOI,O,O,O,O,X
ZSLJITO,O,O,O,O,X
ZSLJIOT,O,O,X,O,X
ZSLJOTI,O,O,X,O,X
ZSLJOIT,O,O,X,O,X
ZSLOTIJ,O,O,X,O,X
ZSLOTJI,O,O,X,O,X
ZSLOITJ,O,O,X,O,X
ZSLOIJT,O,X,X,O,X
ZSLOJTI,O,O,X,O,X
ZSLOJIT,O,O,X,O,X
ZSJTILO,O,O,O,O,X
ZSJTIOL,O,O,O,O,X
ZSJTLIO,O,O,O,O,X
ZSJTLOI,O,O,O,O,X
ZSJTOIL,O,O,O,O,X
ZSJTOLI,O,O,O,O,X
ZSJITLO,O,O,O,O,X
ZSJITOL,X,O,O,O,X
ZSJILTO,O,O,O,O,X
ZSJILOT,O,O,X,O,X
ZSJIOTL,O,O,X,O,X
ZSJIOLT,O,O,X,O,X
ZSJLTIO,O,O,O,O,X
ZSJLTOI,O,O,O,O,X
ZSJLITO,O,O,O,O,X
ZSJLIOT,O,O,X,O,X
ZSJLOTI,O,O,X,O,X
ZSJLOIT,O,O,X,O,X
ZSJOTIL,O,O,X,O,X
ZSJOTLI,O,O,X,O,X
ZSJOITL,O,O,X,O,X
ZSJOILT,O,O,X,O,X
ZSJOLTI,O,O,X,O,X
ZSJOLIT,O,O,X,O,X
ZSOTILJ,O,O,X,O,X
ZSOTIJL,O,O,X,O,X
ZSOTLIJ,O,O,X,O,X
ZSOTLJI,O,O,X,O,X
ZSOTJIL,O,O,X,O,X
ZSOTJLI,O,O,X,O,X
ZSOITLJ,O,O,X,O,X
ZSOITJL,O,O,X,O,X
ZSOILTJ,O,O,X,O,X
ZSOILJT,O,X,X,O,X
ZSOIJTL,O,X,X,O,X
ZSOIJLT,O,X,X,O,X
ZSOLTIJ,O,O,X,O,X
ZSOLTJI,O,O,X,O,X
ZSOLITJ,O,O,X,O,X
ZSOLIJT,O,X,X,O,X
ZSOLJTI,O,O,X,O,X
ZSOLJIT,O,O,X,O,X
ZSOJTIL,O,O,X,O,X
ZSOJTLI,O,O,X,O,X
ZSOJITL,O,O,X,O,X
ZSOJILT,O,O,X,O,X
ZSOJLTI,O,O,X,O,X
ZSOJLIT,O,O,X,O,X
ZOTILJS,O,O,O,O,O
ZOTILSJ,O,O,O,O,O
ZOTIJLS,O,O,O,O,O
ZOTIJSL,O,O,O,O,O
ZOTISLJ,O,O,O,O,O
ZOTISJL,O,O,O,O,O
ZOTLIJS,O,O,O,O,O
ZOTLISJ,O,O,O,O,O
ZOTLJIS,O,O,O,O,X
ZOTLJSI,O,O,O,O,X
ZOTLSIJ,O,O,O,O,X
ZOTLSJI,O,O,O,O,X
ZOTJILS,O,O,O,O,X
ZOTJISL,O,O,O,O,X
ZOTJLIS,O,O,O,O,X
ZOTJLSI,O,O,O,O,X
ZOTJSIL,O,O,O,O,X
ZOTJSLI,O,O,O,O,X
ZOTSILJ,O,O,O,O,X
ZOTSIJL,O,O,O,O,X
ZOTSLIJ,O,O,O,O,X
ZOTSLJI,O,O,O,O,X
ZOTSJIL,O,O,O,O,X
ZOTSJLI,O,O,O,O,X
ZOITLJS,O,X,O,O,O
ZOITLSJ,O,X,O,O,O
ZOITJLS,O,X,O,O,O
ZOITJSL,O,X,O,O,O
ZOITSLJ,O,X,O,O,O
ZOITSJL,O,X,O,O,O
ZOILTJS,O,X,O,O,O
ZOILTSJ,O,X,O,O,O
ZOILJTS,O,X,O,O,X
ZOILJST,O,X,X,O,X
ZOILSTJ,O,X,X,O,X
ZOILSJT,O,X,X,O,X
ZOIJTLS,O,X,O,O,X
ZOIJTSL,O,X,O,O,X
ZOIJLTS,O,X,O,O,X
ZOIJLST,O,X,X,O,X
ZOIJSTL,O,X,X,O,X
ZOIJSLT,O,X,X,O,X
ZOISTLJ,O,X,X,O,X
ZOISTJL,O,X,X,O,X
ZOISLTJ,O,X,X,O,X
ZOISLJT,O,X,X,O,X
ZOISJTL,O,X,X,O,X
ZOISJLT,O,X,X,O,X
ZOLTIJS,O,O,O,O,O
ZOLTISJ,O,O,O,O,O
ZOLTJIS,O,O,O,O,X
ZOLTJSI,O,O,O,O,X
ZOLTSIJ,O,O,O,O,X
ZOLTSJI,O,O,O,O,X
ZOLITJS,O,X,O,O,O
ZOLITSJ,O,X,O,O,O
ZOLIJTS,O,X,O,O,X
ZOLIJST,O,X,X,O,X
ZOLISTJ,O,X,X,O,X
ZOLISJT,O,X,X,O,X
ZOLJTIS,O,O,O,O,X
ZOLJTSI,O,O,O,O,X
ZOLJITS,O,O,O,O,X
ZOLJIST,O,X,X,O,X
ZOLJSTI,O,O,X,O,X
ZOLJSIT,O,O,X,O,X
ZOLSTIJ,O,O,X,O,X
ZOLSTJI,O,O,X,O,X
ZOLSITJ,O,O,X,O,X
ZOLSIJT,O,X,X,O,X
ZOLSJTI,O,O,X,O,X
ZOLSJIT,O,O,X,O,X
ZOJTILS,O,O,O,O,X
ZOJTISL,O,O,O,O,X
ZOJTLIS,O,O,O,O,X
ZOJTLSI,O,O,O,O,X
ZOJTSIL,O,O,O,O,X
ZOJTSLI,O,O,O,O,X
ZOJITLS,O,O,O,O,X
ZOJITSL,O,O,O,O,X
ZOJILTS,O,O,O,O,X
ZOJILST,O,X,X,O,X
ZOJISTL,O,X,X,O,X
ZOJISLT,O,X,X,O,X
ZOJLTIS,O,O,O,O,X
ZOJLTSI,O,O,O,O,X
ZOJLITS,O,O,O,O,X
ZOJLIST,O,X,X,O,X
ZOJLSTI,O,O,X,O,X
ZOJLSIT,O,O,X,O,X
ZOJSTIL,O,O,X,O,X
ZOJSTLI,O,O,X,O,X
ZOJSITL,O,O,X,O,X
ZOJSILT,O,O,X,O,X
ZOJSLTI,O,O,X,O,X
ZOJSLIT,O,O,X,O,X
ZOSTILJ,O,O,X,O,X
ZOSTIJL,O,O,X,O,X
ZOSTLIJ,O,O,X,O,X
ZOSTLJI,O,O,X,O,X
ZOSTJIL,O,O,X,O,X
ZOSTJLI,O,O,X,O,X
ZOSITLJ,O,O,X,O,X
ZOSITJL,O,O,X,O,X
ZOSILTJ,O,O,X,O,X
ZOSILJT,O,X,X,O,X
ZOSIJTL,O,X,X,O,X
ZOSIJLT,O,X,X,O,X
ZOSLTIJ,O,O,X,O,X
ZOSLTJI,O,O,X,O,X
ZOSLITJ,O,O,X,O,X
ZOSLIJT,O,X,X,O,X
ZOSLJTI,O,O,X,O,X
ZOSLJIT,O,O,X,O,X
ZOSJTIL,O,O,X,O,X
ZOSJTLI,O,O,X,O,X
ZOSJITL,O,O,X,O,X
ZOSJILT,O,O,X,O,X
ZOSJLTI,O,O,X,O,X
ZOSJLIT,O,O,X,O,X
OTILJSZ,O,X,X,X,O
OTILJZS,O,X,O,X,O
OTILSJZ,X,X,X,X,O
OTILSZJ,O,X,X,X,O
OTILZJS,O,X,O,X,O
OTILZSJ,O,X,O,X,O
OTIJLSZ,O,X,X,X,O
OTIJLZS,O,O,O,X,O
OTIJSLZ,O,O,X,X,O
OTIJSZL,O,O,O,X,O
OTIJZLS,O,O,O,X,O
OTIJZSL,O,O,O,X,O
OTISLJZ,X,X,X,X,O
OTISLZJ,O,O,X,X,O
OTISJLZ,X,O,X,X,O
OTISJZL,X,O,O,X,O
OTISZLJ,O,O,O,X,O
OTISZJL,O,O,O,X,O
OTIZLJS,O,O,O,X,O
OTIZLSJ,O,O,O,X,O
OTIZJLS,O,O,O,X,O
OTIZJSL,O,O,O,X,O
OTIZSLJ,O,O,O,X,O
OTIZSJL,O,O,O,X,O
OTLIJSZ,O,X,X,X,O
OTLIJZS,O,X,O,X,O
OTLISJZ,X,X,X,X,O
OTLISZJ,O,X,X,X,O
OTLIZJS,O,X,O,X,O
OTLIZSJ,O,X,O,X,O
OTLJISZ,O,X,X,X,O
OTLJIZS,O,O,O,O,O
OTLJSIZ,O,O,X,O,X
OTLJSZI,O,O,X,O,X
OTLJZIS,O,O,O,O,X
OTLJZSI,O,O,O,O,X
OTLSIJZ,X,X,X,X,O
OTLSIZJ,O,O,X,O,O
OTLSJIZ,O,O,X,O,X
OTLSJZI,O,O,X,O,X
OTLSZIJ,O,O,X,O,X
OTLSZJI,O,O,X,O,X
OTLZIJS,O,O,O,O,O
OTLZISJ,O,O,O,O,O
OTLZJIS,O,O,O,O,X
OTLZJSI,O,O,O,O,X
OTLZSIJ,O,O,O,O,X
OTLZSJI,O,O,O,O,X
OTJILSZ,O,X,X,X,O
OTJILZS,O,O,O,O,O
OTJISLZ,O,O,X,X,O
OTJISZL,O,O,O,X,O
OTJIZLS,O,O,O,O,O
OTJIZSL,O,O,O,O,O
OTJLISZ,O,X,X,X,O
OTJLIZS,O,O,O,O,O
OTJLSIZ,O,O,X,O,X
OTJLSZI,O,O,X,O,X
OTJLZIS,O,O,O,O,X
OTJLZSI,O,O,O,O,X
OTJSILZ,O,O,X,O,X
OTJSIZL,O,O,O,O,X
OTJSLIZ,O,O,X,O,X
OTJSLZI,O,O,X,O,X
OTJSZIL,O,O,O,O,X
OTJSZLI,O,O,O,O,X
OTJZILS,O,O,O,O,X
OTJZISL,O,O,O,O,X
OTJZLIS,O,O,O,O,X
OTJZLSI,O,O,O,O,X
OTJZSIL,O,O,O,O,X
OTJZSLI,O,O,O,O,X
OTSILJZ,X,X,X,X,O
OTSILZJ,O,O,X,O,O
OTSIJLZ,X,O,X,X,O
OTSIJZL,X,O,O,X,O
OTSIZLJ,O,O,O,O,O
OTSIZJL,O,O,O,O,O
OTSLIJZ,X,X,X,X,O
OTSLIZJ,O,O,X,O,O
OTSLJIZ,O,O,X,O,X
OTSLJZI,O,O,X,O,X
OTSLZIJ,O,O,X,O,X
OTSLZJI,O,O,X,O,X
OTSJILZ,O,O,X,O,X
OTSJIZL,O,O,O,O,X
OTSJLIZ,O,O,X,O,X
OTSJLZI,O,O,X,O,X
OTSJZIL,O,O,O,O,X
OTSJZLI,O,O,O,O,X
OTSZILJ,O,O,O,O,X
OTSZIJL,O,O,O,O,X
OTSZLIJ,O,O,O,O,X
OTSZLJI,O,O,O,O,X
OTSZJIL,O,O,O,O,X
OTSZJLI,O,O,O,O,X
OTZILJS,O,O,O,O,O
OTZILSJ,O,O,O,O,O
OTZIJLS,O,O,O,O,O
OTZIJSL,O,O,O,O,O
OTZISLJ,O,O,O,O,O
OTZISJL,O,O,O,O,O
OTZLIJS,O,O,O,O,O
OTZLISJ,O,O,O,O,O
OTZLJIS,O,O,O,O,X
OTZLJSI,O,O,O,O,X
OTZLSIJ,O,O,O,O,X
OTZLSJI,O,O,O,O,X
OTZJILS,O,O,O,O,X
OTZJISL,O,O,O,O,X
OTZJLIS,O,O,O,O,X
OTZJLSI,O,O,O,O,X
OTZJSIL,O,O,O,O,X
OTZJSLI,O,O,O,O,X
OTZSILJ,O,O,O,O,X
OTZSIJL,O,O,O,O,X
OTZSLIJ,O,O,O,O,X
OTZSLJI,O,O,O,O,X
OTZSJIL,O,O,O,O,X
OTZSJLI,O,O,O,O,X
OITLJSZ,O,X,X,X,O
OITLJZS,O,X,O,X,O
OITLSJZ,X,X,X,X,O
OITLSZJ,O,X,X,X,O
OITLZJS,O,X,O,X,O
OITLZSJ,O,X,O,X,O
OITJLSZ,O,X,X,X,O
OITJLZS,O,X,O,X,O
OITJSLZ,O,X,X,X,O
OITJSZL,O,X,O,X,O
OITJZLS,O,X,O,X,O
OITJZSL,O,X,O,X,O
OITSLJZ,X,X,X,X,O
OITSLZJ,O,X,X,X,O
OITSJLZ,X,X,X,X,O
OITSJZL,X,X,O,X,O
OITSZLJ,O,X,O,X,O
OITSZJL,O,X,O,X,O
OITZLJS,O,X,O,X,O
OITZLSJ,O,X,O,X,O
OITZJLS,O,X,O,X,O
OITZJSL,O,X,O,X,O
OITZSLJ,O,X,O,X,O
OITZSJL,O,X,O,X,O
OILTJSZ,O,X,X,X,O
OILTJZS,O,X,X,X,O
OILTSJZ,X,X,X,X,O
OILTSZJ,O,X,X,X,O
OILTZJS,O,X,X,X,O
OILTZSJ,O,X,X,X,O
OILJTSZ,O,X,X,X,O
OILJTZS,O,X,X,O,O
OILJSTZ,O,X,X,O,X
OILJSZT,O,X,X,O,X
OILJZTS,O,X,O,O,X
OILJZST,O,X,X,O,X
OILSTJZ,X,X,X,X,O
OILSTZJ,O,X,X,O,O
OILSJTZ,O,X,X,O,X
OILSJZT,O,X,X,O,X
OILSZTJ,O,X,X,O,X
OILSZJT,O,X,X,O,X
OILZTJS,O,X,O,O,O
OILZTSJ,O,X,O,O,O
OILZJTS,O,X,O,O,X
OILZJST,O,X,X,O,X
OILZSTJ,O,X,X,O,X
OILZSJT,O,X,X,O,X
OIJTLSZ,O,X,X,X,O
OIJTLZS,O,X,O,O,O
OIJTSLZ,O,X,X,X,O
OIJTSZL,O,X,O,X,O
OIJTZLS,O,X,O,O,O
OIJTZSL,O,X,O,O,O
OIJLTSZ,O,X,X,X,O
OIJLTZS,O,X,X,O,O
OIJLSTZ,O,X,X,O,X
OIJLSZT,O,X,X,O,X
OIJLZTS,O,X,O,O,X
OIJLZST,O,X,X,O,X
OIJSTLZ,O,X,X,O,X
OIJSTZL,O,X,X,O,X
OIJSLTZ,O,X,X,O,X
OIJSLZT,O,X,X,O,X
OIJSZTL,O,X,X,O,X
OIJSZLT,O,X,X,O,X
OIJZTLS,O,X,O,O,X
OIJZTSL,O,X,O,O,X
OIJZLTS,O,X,O,O,X
OIJZLST,O,X,X,O,X
OIJZSTL,O,X,X,O,X
OIJZSLT,O,X,X,O,X
OISTLJZ,X,X,X,X,O
OISTLZJ,O,X,X,O,O
OISTJLZ,X,X,X,X,O
OISTJZL,X,X,X,X,O
OISTZLJ,O,X,X,O,O
OISTZJL,O,X,X,O,O
OISLTJZ,X,X,X,X,O
OISLTZJ,O,X,X,O,O
OISLJTZ,O,X,X,O,X
OISLJZT,O,X,X,O,X
OISLZTJ,O,X,X,O,X
OISLZJT,O,X,X,O,X
OISJTLZ,O,X,X,O,X
OISJTZL,O,X,X,O,X
OISJLTZ,O,X,X,O,X
OISJLZT,O,X,X,O,X
OISJZTL,O,X,X,O,X
OISJZLT,O,X,X,O,X
OISZTLJ,O,X,X,O,X
OISZTJL,X,X,X,O,X
OISZLTJ,O,X,X,O,X
OISZLJT,O,X,X,O,X
OISZJTL,O,X,X,O,X
OISZJLT,O,X,X,O,X
OIZTLJS,O,X,O,O,O
OIZTLSJ,O,X,O,O,O
OIZTJLS,O,X,O,O,O
OIZTJSL,O,X,O,O,O
OIZTSLJ,O,X,O,O,O
OIZTSJL,O,X,O,O,O
OIZLTJS,O,X,O,O,O
OIZLTSJ,O,X,O,O,O
OIZLJTS,O,X,O,O,X
OIZLJST,O,X,X,O,X
OIZLSTJ,O,X,X,O,X
OIZLSJT,O,X,X,O,X
OIZJTLS,O,X,O,O,X
OIZJTSL,O,X,O,O,X
OIZJLTS,O,X,O,O,X
OIZJLST,O,X,X,O,X
OIZJSTL,O,X,X,O,X
OIZJSLT,O,X,X,O,X
OIZSTLJ,O,X,X,O,X
OIZSTJL,O,X,X,O,X
OIZSLTJ,O,X,X,O,X
OIZSLJT,O,X,X,O,X
OIZSJTL,O,X,X,O,X
OIZSJLT,O,X,X,O,X
OLTIJSZ,O,X,X,X,O
OLTIJZS,O,X,X,X,O
OLTISJZ,X,X,X,X,O
OLTISZJ,O,X,X,X,O
OLTIZJS,O,X,X,X,O
OLTIZSJ,O,X,X,X,O
OLTJISZ,O,X,X,X,O
OLTJIZS,O,X,X,O,O
OLTJSIZ,O,X,X,O,X
OLTJSZI,O,X,X,O,X
OLTJZIS,O,X,X,O,X
OLTJZSI,O,X,X,O,X
OLTSIJZ,X,X,X,X,O
OLTSIZJ,O,X,X,O,O
OLTSJIZ,O,X,X,O,X
OLTSJZI,O,X,X,O,X
OLTSZIJ,O,X,X,O,X
OLTSZJI,O,X,X,O,X
OLTZIJS,O,X,X,O,O
OLTZISJ,O,X,X,O,O
OLTZJIS,O,X,X,O,X
OLTZJSI,O,X,X,O,X
OLTZSIJ,O,X,X,O,X
OLTZSJI,O,X,X,O,X
OLITJSZ,O,X,X,X,O
OLITJZS,O,X,X,X,O
OLITSJZ,X,X,X,X,O
OLITSZJ,O,X,X,X,O
OLITZJS,O,X,X,X,O
OLITZSJ,O,X,X,X,O
OLIJTSZ,O,X,X,X,O
OLIJTZS,O,X,X,O,O
OLIJSTZ,O,X,X,O,X
OLIJSZT,O,X,X,O,X
OLIJZTS,O,X,O,O,X
OLIJZST,O,X,X,O,X
OLISTJZ,X,X,X,X,O
OLISTZJ,O,X,X,O,O
OLISJTZ,O,X,X,O,X
OLISJZT,O,X,X,O,X
OLISZTJ,O,X,X,O,X
OLISZJT,O,X,X,O,X
OLIZTJS,O,X,O,O,O
OLIZTSJ,O,X,O,O,O
OLIZJTS,O,X,O,O,X
OLIZJST,O,X,X,O,X
OLIZSTJ,O,X,X,O,X
OLIZSJT,O,X,X,O,X
OLJTISZ,O,X,X,X,O
OLJTIZS,O,X,X,O,O
OLJTSIZ,O,X,X,O,X
OLJTSZI,O,X,X,O,X
OLJTZIS,O,X,X,O,X
OLJTZSI,O,X,X,O,X
OLJITSZ,O,X,X,X,O
OLJITZS,O,X,X,O,O
OLJISTZ,O,X,X,O,X
OLJISZT,O,X,X,O,X
OLJIZTS,O,O,O,O,X
OLJIZST,O,X,X,O,X
OLJSTIZ,O,X,X,O,X
OLJSTZI,O,X,X,O,X
OLJSITZ,O,X,X,O,X
OLJSIZT,O,O,X,O,X
OLJSZTI,O,O,X,O,X
OLJSZIT,O,O,X,O,X
OLJZTIS,O,O,O,O,X
OLJZTSI,O,O,O,O,X
OLJZITS,O,O,O,O,X
OLJZIST,O,X,X,O,X
OLJZSTI,O,O,X,O,X
OLJZSIT,O,O,X,O,X
OLSTIJZ,X,X,X,X,O
OLSTIZJ,O,X,X,O,O
OLSTJIZ,O,X,X,O,X
OLSTJZI,O,X,X,O,X
OLSTZIJ,O,X,X,O,X
OLSTZJI,O,X,X,O,X
OLSITJZ,X,X,X,X,O
OLSITZJ,O,X,X,O,O
OLSIJTZ,O,X,X,O,X
OLSIJZT,O,X,X,O,X
OLSIZTJ,O,O,X,O,X
OLSIZJT,O,X,X,O,X
OLSJTIZ,O,X,X,O,X
OLSJTZI,O,X,X,O,X
OLSJITZ,O,X,X,O,X
OLSJIZT,O,O,X,O,X
OLSJZTI,O,O,X,O,X
OLSJZIT,O,O,X,O,X
OLSZTIJ,O,O,X,O,X
OLSZTJI,O,O,X,O,X
OLSZITJ,O,O,X,O,X
OLSZIJT,O,X,X,O,X
OLSZJTI,O,O,X,O,X
OLSZJIT,O,O,X,O,X
OLZTIJS,O,O,O,O,O
OLZTISJ,O,O,O,O,O
OLZTJIS,O,O,O,O,X
OLZTJSI,O,O,O,O,X
OLZTSIJ,O,O,O,O,X
OLZTSJI,O,O,O,O,X
OLZITJS,O,X,O,O,O
OLZITSJ,O,X,O,O,O
OLZIJTS,O,X,O,O,X
OLZIJST,O,X,X,O,X
OLZISTJ,O,X,X,O,X
OLZISJT,O,X,X,O,X
OLZJTIS,O,O,O,O,X
OLZJTSI,O,O,O,O,X
OLZJITS,O,O,O,O,X
OLZJIST,O,X,X,O,X
OLZJSTI,O,O,X,O,X
OLZJSIT,O,O,X,O,X
OLZSTIJ,O,O,X,O,X
OLZSTJI,O,O,X,O,X
OLZSITJ,O,O,X,O,X
OLZSIJT,O,X,X,O,X
OLZSJTI,O,O,X,O,X
OLZSJIT,O,O,X,O,X
OJTILSZ,O,X,X,X,O
OJTILZS,O,O,O,O,O
OJTISLZ,O,O,X,X,O
OJTISZL,O,O,O,X,O
OJTIZLS,O,O,O,O,O
OJTIZSL,O,O,O,O,O
OJTLISZ,O,X,X,X,O
OJTLIZS,O,O,O,O,O
OJTLSIZ,O,O,X,O,X
OJTLSZI,O,O,X,O,X
OJTLZIS,O,O,O,O,X
OJTLZSI,O,O,O,O,X
OJTSILZ,O,O,X,O,X
OJTSIZL,O,O,O,O,X
OJTSLIZ,O,O,X,O,X
OJTSLZI,O,O,X,O,X
OJTSZIL,O,O,O,O,X
OJTSZLI,O,O,O,O,X
OJTZILS,O,O,O,O,X
OJTZISL,O,O,O,O,X
OJTZLIS,O,O,O,O,X
OJTZLSI,O,O,O,O,X
OJTZSIL,O,O,O,O,X
OJTZSLI,O,O,O,O,X
OJITLSZ,O,X,X,X,O
OJITLZS,O,O,O,O,O
OJITSLZ,O,X,X,X,O
OJITSZL,O,O,O,X,O
OJITZLS,O,O,O,O,O
OJITZSL,O,O,O,O,O
OJILTSZ,O,X,X,X,O
OJILTZS,O,X,X,O,O
OJILSTZ,O,X,X,O,X
OJILSZT,O,X,X,O,X
OJILZTS,O,O,O,O,X
OJILZST,O,X,X,O,X
OJISTLZ,O,X,X,O,X
OJISTZL,O,X,X,O,X
OJISLTZ,O,X,X,O,X
OJISLZT,O,X,X,O,X
OJISZTL,O,X,X,O,X
OJISZLT,O,X,X,O,X
OJIZTLS,O,O,O,O,X
OJIZTSL,O,O,O,O,X
OJIZLTS,O,O,O,O,X
OJIZLST,O,X,X,O,X
OJIZSTL,O,X,X,O,X
OJIZSLT,O,X,X,O,X
OJLTISZ,O,X,X,X,O
OJLTIZS,O,X,X,O,O
OJLTSIZ,O,X,X,O,X
OJLTSZI,O,X,X,O,X
OJLTZIS,O,X,X,O,X
OJLTZSI,O,X,X,O,X
OJLITSZ,O,X,X,X,O
OJLITZS,O,X,X,O,O
OJLISTZ,O,X,X,O,X
OJLISZT,O,X,X,O,X
OJLIZTS,O,O,O,O,X
OJLIZST,O,X,X,O,X
OJLSTIZ,O,X,X,O,X
OJLSTZI,O,X,X,O,X
OJLSITZ,O,X,X,O,X
OJLSIZT,O,O,X,O,X
OJLSZTI,O,O,X,O,X
OJLSZIT,O,O,X,O,X
OJLZTIS,O,O,O,O,X
OJLZTSI,O,O,O,O,X
OJLZITS,O,O,O,O,X
OJLZIST,O,X,X,O,X
OJLZSTI,O,O,X,O,X
OJLZSIT,O,O,X,O,X
OJSTILZ,O,O,X,O,X
OJSTIZL,O,O,X,O,X
OJSTLIZ,O,O,X,O,X
OJSTLZI,O,O,X,O,X
OJSTZIL,O,O,X,O,X
OJSTZLI,O,O,X,O,X
OJSITLZ,O,O,X,O,X
OJSITZL,O,O,X,O,X
OJSILTZ,O,X,X,O,X
OJSILZT,O,O,X,O,X
OJSIZTL,O,O,X,O,X
OJSIZLT,O,O,X,O,X
OJSLTIZ,O,X,X,O,X
OJSLTZI,O,X,X,O,X
OJSLITZ,O,X,X,O,X
OJSLIZT,O,O,X,O,X
OJSLZTI,O,O,X,O,X
OJSLZIT,O,O,X,O,X
OJSZTIL,O,O,X,O,X
OJSZTLI,O,O,X,O,X
OJSZITL,O,O,X,O,X
OJSZILT,O,O,X,O,X
OJSZLTI,O,O,X,O,X
OJSZLIT,O,O,X,O,X
OJZTILS,O,O,O,O,X
OJZTISL,O,O,O,O,X
OJZTLIS,O,O,O,O,X
OJZTLSI,O,O,O,O,X
OJZTSIL,O,O,O,O,X
OJZTSLI,O,O,O,O,X
OJZITLS,O,O,O,O,X
OJZITSL,O,O,O,O,X
OJZILTS,O,O,O,O,X
OJZILST,O,X,X,O,X
OJZISTL,O,X,X,O,X
OJZISLT,O,X,X,O,X
OJZLTIS,O,O,O,O,X
OJZLTSI,O,O,O,O,X
OJZLITS,O,O,O,O,X
OJZLIST,O,X,X,O,X
OJZLSTI,O,O,X,O,X
OJZLSIT,O,O,X,O,X
OJZSTIL,O,O,X,O,X
OJZSTLI,O,O,X,O,X
OJZSITL,O,O,X,O,X
OJZSILT,O,O,X,O,X
OJZSLTI,O,O,X,O,X
OJZSLIT,O,O,X,O,X
OSTILJZ,X,X,X,X,O
OSTILZJ,O,O,X,O,O
OSTIJLZ,X,O,X,X,O
OSTIJZL,X,O,X,X,O
OSTIZLJ,O,O,X,O,O
OSTIZJL,O,O,X,O,O
OSTLIJZ,X,X,X,X,O
OSTLIZJ,O,O,X,O,O
OSTLJIZ,O,O,X,O,X
OSTLJZI,O,O,X,O,X
OSTLZIJ,O,O,X,O,X
OSTLZJI,O,O,X,O,X
OSTJILZ,O,O,X,O,X
OSTJIZL,O,O,X,O,X
OSTJLIZ,O,O,X,O,X
OSTJLZI,O,O,X,O,X
OSTJZIL,O,O,X,O,X
OSTJZLI,O,O,X,O,X
OSTZILJ,O,O,X,O,X
OSTZIJL,O,O,X,O,X
OSTZLIJ,O,O,X,O,X
OSTZLJI,O,O,X,O,X
OSTZJIL,O,O,X,O,X
OSTZJLI,O,O,X,O,X
OSITLJZ,X,X,X,X,O
OSITLZJ,O,O,X,O,O
OSITJLZ,X,X,X,X,O
OSITJZL,X,O,X,X,O
OSITZLJ,O,O,X,O,O
OSITZJL,O,O,X,O,O
OSILTJZ,X,X,X,X,O
OSILTZJ,O,X,X,O,O
OSILJTZ,O,X,X,O,X
OSILJZT,O,X,X,O,X
OSILZTJ,O,O,X,O,X
OSILZJT,O,X,X,O,X
OSIJTLZ,O,X,X,O,X
OSIJTZL,O,X,X,O,X
OSIJLTZ,O,X,X,O,X
OSIJLZT,O,X,X,O,X
OSIJZTL,O,X,X,O,X
OSIJZLT,O,X,X,O,X
OSIZTLJ,O,O,X,O,X
OSIZTJL,X,O,X,O,X
OSIZLTJ,O,O,X,O,X
OSIZLJT,O,X,X,O,X
OSIZJTL,O,X,X,O,X
OSIZJLT,O,X,X,O,X
OSLTIJZ,X,X,X,X,O
OSLTIZJ,O,X,X,O,O
OSLTJIZ,O,X,X,O,X
OSLTJZI,O,X,X,O,X
OSLTZIJ,O,X,X,O,X
OSLTZJI,O,X,X,O,X
OSLITJZ,X,X,X,X,O
OSLITZJ,O,X,X,O,O
OSLIJTZ,O,X,X,O,X
OSLIJZT,O,X,X,O,X
OSLIZTJ,O,O,X,O,X
OSLIZJT,O,X,X,O,X
OSLJTIZ,O,X,X,O,X
OSLJTZI,O,X,X,O,X
OSLJITZ,O,X,X,O,X
OSLJIZT,O,O,X,O,X
OSLJZTI,O,O,X,O,X
OSLJZIT,O,O,X,O,X
OSLZTIJ,O,O,X,O,X
OSLZTJI,O,O,X,O,X
OSLZITJ,O,O,X,O,X
OSLZIJT,O,X,X,O,X
OSLZJTI,O,O,X,O,X
OSLZJIT,O,O,X,O,X
OSJTILZ,O,O,X,O,X
OSJTIZL,O,O,X,O,X
OSJTLIZ,O,O,X,O,X
OSJTLZI,O,O,X,O,X
OSJTZIL,O,O,X,O,X
OSJTZLI,O,O,X,O,X
OSJITLZ,O,O,X,O,X
OSJITZL,O,O,X,O,X
OSJILTZ,O,X,X,O,X
OSJILZT,O,O,X,O,X
OSJIZTL,O,O,X,O,X
OSJIZLT,O,O,X,O,X
OSJLTIZ,O,X,X,O,X
OSJLTZI,O,X,X,O,X
OSJLITZ,O,X,X,O,X
OSJLIZT,O,O,X,O,X
OSJLZTI,O,O,X,O,X
OSJLZIT,O,O,X,O,X
OSJZTIL,O,O,X,O,X
OSJZTLI,O,O,X,O,X
OSJZITL,O,O,X,O,X
OSJZILT,O,O,X,O,X
OSJZLTI,O,O,X,O,X
OSJZLIT,O,O,X,O,X
OSZTILJ,O,O,X,O,X
OSZTIJL,O,O,X,O,X
OSZTLIJ,O,O,X,O,X
OSZTLJI,O,O,X,O,X
OSZTJIL,O,O,X,O,X
OSZTJLI,O,O,X,O,X
OSZITLJ,O,O,X,O,X
OSZITJL,O,O,X,O,X
OSZILTJ,O,O,X,O,X
OSZILJT,O,X,X,O,X
OSZIJTL,O,X,X,O,X
OSZIJLT,O,X,X,O,X
OSZLTIJ,O,O,X,O,X
OSZLTJI,O,O,X,O,X
OSZLITJ,O,O,X,O,X
OSZLIJT,O,X,X,O,X
OSZLJTI,O,O,X,O,X
OSZLJIT,O,O,X,O,X
OSZJTIL,O,O,X,O,X
OSZJTLI,O,O,X,O,X
OSZJITL,O,O,X,O,X
OSZJILT,O,O,X,O,X
OSZJLTI,O,O,X,O,X
OSZJLIT,O,O,X,O,X
OZTILJS,O,O,O,O,O
OZTILSJ,O,O,O,O,O
OZTIJLS,O,O,O,O,O
OZTIJSL,O,O,O,O,O
OZTISLJ,O,O,O,O,O
OZTISJL,O,O,O,O,O
OZTLIJS,O,O,O,O,O
OZTLISJ,O,O,O,O,O
OZTLJIS,O,O,O,O,X
OZTLJSI,O,O,O,O,X
OZTLSIJ,O,O,O,O,X
OZTLSJI,O,O,O,O,X
OZTJILS,O,O,O,O,X
OZTJISL,O,O,O,O,X
OZTJLIS,O,O,O,O,X
OZTJLSI,O,O,O,O,X
OZTJSIL,O,O,O,O,X
OZTJSLI,O,O,O,O,X
OZTSILJ,O,O,O,O,X
OZTSIJL,O,O,O,O,X
OZTSLIJ,O,O,O,O,X
OZTSLJI,O,O,O,O,X
OZTSJIL,O,O,O,O,X
OZTSJLI,O,O,O,O,X
OZITLJS,O,X,O,O,O
OZITLSJ,O,X,O,O,O
OZITJLS,O,X,O,O,O
OZITJSL,O,X,O,O,O
OZITSLJ,O,X,O,O,O
OZITSJL,O,X,O,O,O
OZILTJS,O,X,O,O,O
OZILTSJ,O,X,O,O,O
OZILJTS,O,X,O,O,X
OZILJST,O,X,X,O,X
OZILSTJ,O,X,X,O,X
OZILSJT,O,X,X,O,X
OZIJTLS,O,X,O,O,X
OZIJTSL,O,X,O,O,X
OZIJLTS,O,X,O,O,X
OZIJLST,O,X,X,O,X
OZIJSTL,O,X,X,O,X
OZIJSLT,O,X,X,O,X
OZISTLJ,O,X,X,O,X
OZISTJL,O,X,X,O,X
OZISLTJ,O,X,X,O,X
OZISLJT,O,X,X,O,X
OZISJTL,O,X,X,O,X
OZISJLT,O,X,X,O,X
OZLTIJS,O,O,O,O,O
OZLTISJ,O,O,O,O,O
OZLTJIS,O,O,O,O,X
OZLTJSI,O,O,O,O,X
OZLTSIJ,O,O,O,O,X
OZLTSJI,O,O,O,O,X
OZLITJS,O,X,O,O,O
OZLITSJ,O,X,O,O,O
OZLIJTS,O,X,O,O,X
OZLIJST,O,X,X,O,X
OZLISTJ,O,X,X,O,X
OZLISJT,O,X,X,O,X
OZLJTIS,O,O,O,O,X
OZLJTSI,O,O,O,O,X
OZLJITS,O,O,O,O,X
OZLJIST,O,X,X,O,X
OZLJSTI,O,O,X,O,X
OZLJSIT,O,O,X,O,X
OZLSTIJ,O,O,X,O,X
OZLSTJI,O,O,X,O,X
OZLSITJ,O,O,X,O,X
OZLSIJT,O,X,X,O,X
OZLSJTI,O,O,X,O,X
OZLSJIT,O,O,X,O,X
OZJTILS,O,O,O,O,X
OZJTISL,O,O,O,O,X
OZJTLIS,O,O,O,O,X
OZJTLSI,O,O,O,O,X
OZJTSIL,O,O,O,O,X
OZJTSLI,O,O,O,O,X
OZJITLS,O,O,O,O,X
OZJITSL,O,O,O,O,X
OZJILTS,O,O,O,O,X
OZJILST,O,X,X,O,X
OZJISTL,O,X,X,O,X
OZJISLT,O,X,X,O,X
OZJLTIS,O,O,O,O,X
OZJLTSI,O,O,O,O,X
OZJLITS,O,O,O,O,X
OZJLIST,O,X,X,O,X
OZJLSTI,O,O,X,O,X
OZJLSIT,O,O,X,O,X
OZJSTIL,O,O,X,O,X
OZJSTLI,O,O,X,O,X
OZJSITL,O,O,X,O,X
OZJSILT,O,O,X,O,X
OZJSLTI,O,O,X,O,X
OZJSLIT,O,O,X,O,X
OZSTILJ,O,O,X,O,X
OZSTIJL,O,O,X,O,X
OZSTLIJ,O,O,X,O,X
OZSTLJI,O,O,X,O,X
OZSTJIL,O,O,X,O,X
OZSTJLI,O,O,X,O,X
OZSITLJ,O,O,X,O,X
OZSITJL,O,O,X,O,X
OZSILTJ,O,O,X,O,X
OZSILJT,O,X,X,O,X
OZSIJTL,O,X,X,O,X
OZSIJLT,O,X,X,O,X
OZSLTIJ,O,O,X,O,X
OZSLTJI,O,O,X,O,X
OZSLITJ,O,O,X,O,X
OZSLIJT,O,X,X,O,X
OZSLJTI,O,O,X,O,X
OZSLJIT,O,O,X,O,X
OZSJTIL,O,O,X,O,X
OZSJTLI,O,O,X,O,X
OZSJITL,O,O,X,O,X
OZSJILT,O,O,X,O,X
OZSJLTI,O,O,X,O,X
OZSJLIT,O,O,X,O,X
