sequence,v115@IhB8EeA8BeB8EeA8AeC8CeA8AeB8JeOEJvhFlgB3hB?5nB6oB8rBzqB,v115@IhB8EeA8BeB8EeA8AeC8CeA8AeB8JeOEJvhFlgBzhB?5nB6oB8qB3rB
TILJSZO,X,X
TILJSOZ,X,X
TILJZSO,O,O
TILJZOS,X,X
TILJOSZ,X,X
TILJOZS,O,X
TILSJZO,X,X
TILSJOZ,X,X
TILSZJO,X,X
TILSZOJ,X,X
TILSOJZ,X,X
TILSOZJ,X,X
TILZJSO,O,O
TILZJOS,X,X
TILZSJO,O,O
TILZSOJ,X,O
TILZOJS,X,X
TILZOSJ,X,X
TILOJSZ,X,X
TILOJZS,O,X
TILOSJZ,X,X
TILOSZJ,X,X
TILOZJS,O,X
TILOZSJ,O,X
TIJLSZO,X,X
TIJLSOZ,X,X
TIJLZSO,O,O
TIJLZOS,X,X
TIJLOSZ,X,X
TIJLOZS,O,X
TIJSLZO,X,X
TIJSLOZ,X,X
TIJSZLO,X,X
TIJSZOL,X,X
TIJSOLZ,X,X
TIJSOZL,X,X
TIJZLSO,O,O
TIJZLOS,X,X
TIJZSLO,O,O
TIJZSOL,X,O
TIJZOLS,X,X
TIJZOSL,X,X
TIJOLSZ,X,X
TIJOLZS,O,X
TIJOSLZ,X,X
TIJOSZL,X,X
TIJOZLS,O,X
TIJOZSL,O,X
TISLJZO,X,X
TISLJOZ,X,X
TISLZJO,X,X
TISLZOJ,X,X
TISLOJZ,X,X
TISLOZJ,X,X
TISJLZO,X,X
TISJLOZ,X,X
TISJZLO,X,X
TISJZOL,X,X
TISJOLZ,X,X
TISJOZL,X,X
TISZLJO,X,X
TISZLOJ,X,X
TISZJLO,X,X
TISZJOL,X,X
TISZOLJ,X,X
TISZOJL,X,X
TISOLJZ,X,X
TISOLZJ,X,X
TISOJLZ,X,X
TISOJZL,X,X
TISOZLJ,X,X
TISOZJL,X,X
TIZLJSO,O,O
TIZLJOS,X,X
TIZLSJO,O,O
TIZLSOJ,X,O
TIZLOJS,X,X
TIZLOSJ,X,X
TIZJLSO,O,O
TIZJLOS,X,X
TIZJSLO,O,O
TIZJSOL,X,O
TIZJOLS,X,X
TIZJOSL,X,X
TIZSLJO,O,O
TIZSLOJ,X,O
TIZSJLO,O,O
TIZSJOL,X,O
TIZSOLJ,X,O
TIZSOJL,X,O
TIZOLJS,X,X
TIZOLSJ,X,X
TIZOJLS,X,X
TIZOJSL,X,X
TIZOSLJ,X,X
TIZOSJL,X,X
TIOLJSZ,X,X
TIOLJZS,O,X
TIOLSJZ,X,X
TIOLSZJ,X,X
TIOLZJS,O,X
TIOLZSJ,O,X
TIOJLSZ,X,X
TIOJLZS,O,X
TIOJSLZ,X,X
TIOJSZL,X,X
TIOJZLS,O,X
TIOJZSL,O,X
TIOSLJZ,X,X
TIOSLZJ,X,X
TIOSJLZ,X,X
TIOSJZL,X,X
TIOSZLJ,X,X
TIOSZJL,X,X
TIOZLJS,O,X
TIOZLSJ,O,X
TIOZJLS,O,X
TIOZJSL,O,X
TIOZSLJ,O,X
TIOZSJL,O,X
TLIJSZO,X,X
TLIJSOZ,X,X
TLIJZSO,O,O
TLIJZOS,X,X
TLIJOSZ,X,X
TLIJOZS,O,X
TLISJZO,X,X
TLISJOZ,X,X
TLISZJO,X,X
TLISZOJ,X,X
TLISOJZ,X,X
TLISOZJ,X,X
TLIZJSO,O,O
TLIZJOS,X,X
TLIZSJO,O,O
TLIZSOJ,X,O
TLIZOJS,X,X
TLIZOSJ,X,X
TLIOJSZ,X,X
TLIOJZS,O,X
TLIOSJZ,X,X
TLIOSZJ,X,X
TLIOZJS,O,X
TLIOZSJ,O,X
TLJISZO,X,X
TLJISOZ,X,X
TLJIZSO,O,O
TLJIZOS,X,X
TLJIOSZ,X,X
TLJIOZS,O,X
TLJSIZO,X,X
TLJSIOZ,X,X
TLJSZIO,X,X
TLJSZOI,X,X
TLJSOIZ,X,X
TLJSOZI,X,X
TLJZISO,O,O
TLJZIOS,X,X
TLJZSIO,O,X
TLJZSOI,X,X
TLJZOIS,X,X
TLJZOSI,X,X
TLJOISZ,X,X
TLJOIZS,O,X
TLJOSIZ,X,X
TLJOSZI,X,X
TLJOZIS,O,X
TLJOZSI,O,X
TLSIJZO,X,X
TLSIJOZ,X,X
TLSIZJO,X,X
TLSIZOJ,X,X
TLSIOJZ,X,X
TLSIOZJ,X,X
TLSJIZO,X,X
TLSJIOZ,X,X
TLSJZIO,X,X
TLSJZOI,X,X
TLSJOIZ,X,X
TLSJOZI,X,X
TLSZIJO,X,X
TLSZIOJ,X,X
TLSZJIO,X,X
TLSZJOI,X,X
TLSZOIJ,X,X
TLSZOJI,X,X
TLSOIJZ,X,X
TLSOIZJ,X,X
TLSOJIZ,X,X
TLSOJZI,X,X
TLSOZIJ,X,X
TLSOZJI,X,X
TLZIJSO,O,O
TLZIJOS,X,X
TLZISJO,O,O
TLZISOJ,X,O
TLZIOJS,X,X
TLZIOSJ,X,X
TLZJISO,O,O
TLZJIOS,X,X
TLZJSIO,O,X
TLZJSOI,X,X
TLZJOIS,X,X
TLZJOSI,X,X
TLZSIJO,O,X
TLZSIOJ,X,X
TLZSJIO,O,X
TLZSJOI,X,X
TLZSOIJ,X,X
TLZSOJI,X,X
TLZOIJS,X,X
TLZOISJ,X,X
TLZOJIS,X,X
TLZOJSI,X,X
TLZOSIJ,X,X
TLZOSJI,X,X
TLOIJSZ,X,X
TLOIJZS,O,X
TLOISJZ,X,X
TLOISZJ,X,X
TLOIZJS,O,X
TLOIZSJ,O,X
TLOJISZ,X,X
TLOJIZS,O,X
TLOJSIZ,X,X
TLOJSZI,X,X
TLOJZIS,O,X
TLOJZSI,O,X
TLOSIJZ,X,X
TLOSIZJ,X,X
TLOSJIZ,X,X
TLOSJZI,X,X
TLOSZIJ,X,X
TLOSZJI,X,X
TLOZIJS,O,X
TLOZISJ,O,X
TLOZJIS,O,X
TLOZJSI,O,X
TLOZSIJ,O,X
TLOZSJI,O,X
TJILSZO,X,X
TJILSOZ,X,X
TJILZSO,O,O
TJILZOS,X,X
TJILOSZ,X,X
TJILOZS,O,X
TJISLZO,X,X
TJISLOZ,X,X
TJISZLO,X,X
TJISZOL,X,X
TJISOLZ,X,X
TJISOZL,X,X
TJIZLSO,O,O
TJIZLOS,X,X
TJIZSLO,O,O
TJIZSOL,X,O
TJIZOLS,X,X
TJIZOSL,X,X
TJIOLSZ,X,X
TJIOLZS,O,X
TJIOSLZ,X,X
TJIOSZL,X,X
TJIOZLS,O,X
TJIOZSL,O,X
TJLISZO,X,X
TJLISOZ,X,X
TJLIZSO,O,O
TJLIZOS,X,X
TJLIOSZ,X,X
TJLIOZS,O,X
TJLSIZO,X,X
TJLSIOZ,X,X
TJLSZIO,X,X
TJLSZOI,X,X
TJLSOIZ,X,X
TJLSOZI,X,X
TJLZISO,O,O
TJLZIOS,X,X
TJLZSIO,O,X
TJLZSOI,X,X
TJLZOIS,X,X
TJLZOSI,X,X
TJLOISZ,X,X
TJLOIZS,O,X
TJLOSIZ,X,X
TJLOSZI,X,X
TJLOZIS,O,X
TJLOZSI,O,X
TJSILZO,X,X
TJSILOZ,X,X
TJSIZLO,X,X
TJSIZOL,X,X
TJSIOLZ,X,X
TJSIOZL,X,X
TJSLIZO,X,X
TJSLIOZ,X,X
TJSLZIO,X,X
TJSLZOI,X,X
TJSLOIZ,X,X
TJSLOZI,X,X
TJSZILO,X,X
TJSZIOL,X,X
TJSZLIO,X,X
TJSZLOI,X,X
TJSZOIL,X,X
TJSZOLI,X,X
TJSOILZ,X,X
TJSOIZL,X,X
TJSOLIZ,X,X
TJSOLZI,X,X
TJSOZIL,X,X
TJSOZLI,X,X
TJZILSO,O,O
TJZILOS,X,X
TJZISLO,O,O
TJZISOL,X,O
TJZIOLS,X,X
TJZIOSL,X,X
TJZLISO,O,O
TJZLIOS,X,X
TJZLSIO,O,X
TJZLSOI,X,X
TJZLOIS,X,X
TJZLOSI,X,X
TJZSILO,O,X
TJZSIOL,X,X
TJZSLIO,O,X
TJZSLOI,X,X
TJZSOIL,X,X
TJZSOLI,X,X
TJZOILS,X,X
TJZOISL,X,X
TJZOLIS,X,X
TJZOLSI,X,X
TJZOSIL,X,X
TJZOSLI,X,X
TJOILSZ,X,X
TJOILZS,O,X
TJOISLZ,X,X
TJOISZL,X,X
TJOIZLS,O,X
TJOIZSL,O,X
TJOLISZ,X,X
TJOLIZS,O,X
TJOLSIZ,X,X
TJOLSZI,X,X
TJOLZIS,O,X
TJOLZSI,O,X
TJOSILZ,X,X
TJOSIZL,X,X
TJOSLIZ,X,X
TJOSLZI,X,X
TJOSZIL,X,X
TJOSZLI,X,X
TJOZILS,O,X
TJOZISL,O,X
TJOZLIS,O,X
TJOZLSI,O,X
TJOZSIL,O,X
TJOZSLI,O,X
TSILJZO,X,X
TSILJOZ,X,X
TSILZJO,X,X
TSILZOJ,X,X
TSILOJZ,X,X
TSILOZJ,X,X
TSIJLZO,X,X
TSIJLOZ,X,X
TSIJZLO,X,X
TSIJZOL,X,X
TSIJOLZ,X,X
TSIJOZL,X,X
TSIZLJO,X,X
TSIZLOJ,X,X
TSIZJLO,X,X
TSIZJOL,X,X
TSIZOLJ,X,X
TSIZOJL,X,X
TSIOLJZ,X,X
TSIOLZJ,X,X
TSIOJLZ,X,X
TSIOJZL,X,X
TSIOZLJ,X,X
TSIOZJL,X,X
TSLIJZO,X,X
TSLIJOZ,X,X
TSLIZJO,X,X
TSLIZOJ,X,X
TSLIOJZ,X,X
TSLIOZJ,X,X
TSLJIZO,X,X
TSLJIOZ,X,X
TSLJZIO,X,X
TSLJZOI,X,X
TSLJOIZ,X,X
TSLJOZI,X,X
TSLZIJO,X,X
TSLZIOJ,X,X
TSLZJIO,X,X
TSLZJOI,X,X
TSLZOIJ,X,X
TSLZOJI,X,X
TSLOIJZ,X,X
TSLOIZJ,X,X
TSLOJIZ,X,X
TSLOJZI,X,X
TSLOZIJ,X,X
TSLOZJI,X,X
TSJILZO,X,X
TSJILOZ,X,X
TSJIZLO,X,X
TSJIZOL,X,X
TSJIOLZ,X,X
TSJIOZL,X,X
TSJLIZO,X,X
TSJLIOZ,X,X
TSJLZIO,X,X
TSJLZOI,X,X
TSJLOIZ,X,X
TSJLOZI,X,X
TSJZILO,X,X
TSJZIOL,X,X
TSJZLIO,X,X
TSJZLOI,X,X
TSJZOIL,X,X
TSJZOLI,X,X
TSJOILZ,X,X
TSJOIZL,X,X
TSJOLIZ,X,X
TSJOLZI,X,X
TSJOZIL,X,X
TSJOZLI,X,X
TSZILJO,X,X
TSZILOJ,X,X
TSZIJLO,X,X
TSZIJOL,X,X
TSZIOLJ,X,X
TSZIOJL,X,X
TSZLIJO,X,X
TSZLIOJ,X,X
TSZLJIO,X,X
TSZLJOI,X,X
TSZLOIJ,X,X
TSZLOJI,X,X
TSZJILO,X,X
TSZJIOL,X,X
TSZJLIO,X,X
TSZJLOI,X,X
TSZJOIL,X,X
TSZJOLI,X,X
TSZOILJ,X,X
TSZOIJL,X,X
TSZOLIJ,X,X
TSZOLJI,X,X
TSZOJIL,X,X
TSZOJLI,X,X
TSOILJZ,X,X
TSOILZJ,X,X
TSOIJLZ,X,X
TSOIJZL,X,X
TSOIZLJ,X,X
TSOIZJL,X,X
TSOLIJZ,X,X
TSOLIZJ,X,X
TSOLJIZ,X,X
TSOLJZI,X,X
TSOLZIJ,X,X
TSOLZJI,X,X
TSOJILZ,X,X
TSOJIZL,X,X
TSOJLIZ,X,X
TSOJLZI,X,X
TSOJZIL,X,X
TSOJZLI,X,X
TSOZILJ,X,X
TSOZIJL,X,X
TSOZLIJ,X,X
TSOZLJI,X,X
TSOZJIL,X,X
TSOZJLI,X,X
TZILJSO,O,O
TZILJOS,X,X
TZILSJO,O,O
TZILSOJ,X,O
TZILOJS,X,X
TZILOSJ,X,X
TZIJLSO,O,O
TZIJLOS,X,X
TZIJSLO,O,O
TZIJSOL,X,O
TZIJOLS,X,X
TZIJOSL,X,X
TZISLJO,O,O
TZISLOJ,X,O
TZISJLO,O,O
TZISJOL,X,O
TZISOLJ,X,O
TZISOJL,X,O
TZIOLJS,X,X
TZIOLSJ,X,X
TZIOJLS,X,X
TZIOJSL,X,X
TZIOSLJ,X,X
TZIOSJL,X,X
TZLIJSO,O,O
TZLIJOS,X,X
TZLISJO,O,O
TZLISOJ,X,O
TZLIOJS,X,X
TZLIOSJ,X,X
TZLJISO,O,O
TZLJIOS,X,X
TZLJSIO,O,X
TZLJSOI,X,X
TZLJOIS,X,X
TZLJOSI,X,X
TZLSIJO,O,X
TZLSIOJ,X,X
TZLSJIO,O,X
TZLSJOI,X,X
TZLSOIJ,X,X
TZLSOJI,X,X
TZLOIJS,X,X
TZLOISJ,X,X
TZLOJIS,X,X
TZLOJSI,X,X
TZLOSIJ,X,X
TZLOSJI,X,X
TZJILSO,O,O
TZJILOS,X,X
TZJISLO,O,O
TZJISOL,X,O
TZJIOLS,X,X
TZJIOSL,X,X
TZJLISO,O,O
TZJLIOS,X,X
TZJLSIO,O,X
TZJLSOI,X,X
TZJLOIS,X,X
TZJLOSI,X,X
TZJSILO,O,X
TZJSIOL,X,X
TZJSLIO,O,X
TZJSLOI,X,X
TZJSOIL,X,X
TZJSOLI,X,X
TZJOILS,X,X
TZJOISL,X,X
TZJOLIS,X,X
TZJOLSI,X,X
TZJOSIL,X,X
TZJOSLI,X,X
TZSILJO,O,X
TZSILOJ,X,X
TZSIJLO,O,X
TZSIJOL,X,X
TZSIOLJ,X,X
TZSIOJL,X,X
TZSLIJO,O,X
TZSLIOJ,X,X
TZSLJIO,O,X
TZSLJOI,X,X
TZSLOIJ,X,X
TZSLOJI,X,X
TZSJILO,O,X
TZSJIOL,X,X
TZSJLIO,O,X
TZSJLOI,X,X
TZSJOIL,X,X
TZSJOLI,X,X
TZSOILJ,X,X
TZSOIJL,X,X
TZSOLIJ,X,X
TZSOLJI,X,X
TZSOJIL,X,X
TZSOJLI,X,X
TZOILJS,X,X
TZOILSJ,X,X
TZOIJLS,X,X
TZOIJSL,X,X
TZOISLJ,X,X
TZOISJL,X,X
TZOLIJS,X,X
TZOLISJ,X,X
TZOLJIS,X,X
TZOLJSI,X,X
TZOLSIJ,X,X
TZOLSJI,X,X
TZOJILS,X,X
TZOJISL,X,X
TZOJLIS,X,X
TZOJLSI,X,X
TZOJSIL,X,X
TZOJSLI,X,X
TZOSILJ,X,X
TZOSIJL,X,X
TZOSLIJ,X,X
TZOSLJI,X,X
TZOSJIL,X,X
TZOSJLI,X,X
TOILJSZ,X,X
TOILJZS,O,X
TOILSJZ,X,X
TOILSZJ,X,X
TOILZJS,O,X
TOILZSJ,O,X
TOIJLSZ,X,X
TOIJLZS,O,X
TOIJSLZ,X,X
TOIJSZL,X,X
TOIJZLS,O,X
TOIJZSL,O,X
TOISLJZ,X,X
TOISLZJ,X,X
TOISJLZ,X,X
TOISJZL,X,X
TOISZLJ,X,X
TOISZJL,X,X
TOIZLJS,O,X
TOIZLSJ,O,X
TOIZJLS,O,X
TOIZJSL,O,X
TOIZSLJ,O,X
TOIZSJL,O,X
TOLIJSZ,X,X
TOLIJZS,O,X
TOLISJZ,X,X
TOLISZJ,X,X
TOLIZJS,O,X
TOLIZSJ,O,X
TOLJISZ,X,X
TOLJIZS,O,X
TOLJSIZ,X,X
TOLJSZI,X,X
TOLJZIS,O,X
TOLJZSI,O,X
TOLSIJZ,X,X
TOLSIZJ,X,X
TOLSJIZ,X,X
TOLSJZI,X,X
TOLSZIJ,X,X
TOLSZJI,X,X
TOLZIJS,O,X
TOLZISJ,O,X
TOLZJIS,O,X
TOLZJSI,O,X
TOLZSIJ,O,X
TOLZSJI,O,X
TOJILSZ,X,X
TOJILZS,O,X
TOJISLZ,X,X
TOJISZL,X,X
TOJIZLS,O,X
TOJIZSL,O,X
TOJLISZ,X,X
TOJLIZS,O,X
TOJLSIZ,X,X
TOJLSZI,X,X
TOJLZIS,O,X
TOJLZSI,O,X
TOJSILZ,X,X
TOJSIZL,X,X
TOJSLIZ,X,X
TOJSLZI,X,X
TOJSZIL,X,X
TOJSZLI,X,X
TOJZILS,O,X
TOJZISL,O,X
TOJZLIS,O,X
TOJZLSI,O,X
TOJZSIL,O,X
TOJZSLI,O,X
TOSILJZ,X,X
TOSILZJ,X,X
TOSIJLZ,X,X
TOSIJZL,X,X
TOSIZLJ,X,X
TOSIZJL,X,X
TOSLIJZ,X,X
TOSLIZJ,X,X
TOSLJIZ,X,X
TOSLJZI,X,X
TOSLZIJ,X,X
TOSLZJI,X,X
TOSJILZ,X,X
TOSJIZL,X,X
TOSJLIZ,X,X
TOSJLZI,X,X
TOSJZIL,X,X
TOSJZLI,X,X
TOSZILJ,X,X
TOSZIJL,X,X
TOSZLIJ,X,X
TOSZLJI,X,X
TOSZJIL,X,X
TOSZJLI,X,X
TOZILJS,O,X
TOZILSJ,O,X
TOZIJLS,O,X
TOZIJSL,O,X
TOZISLJ,O,X
TOZISJL,O,X
TOZLIJS,O,X
TOZLISJ,O,X
TOZLJIS,O,X
TOZLJSI,O,X
TOZLSIJ,O,X
TOZLSJI,O,X
TOZJILS,O,X
TOZJISL,O,X
TOZJLIS,O,X
TOZJLSI,O,X
TOZJSIL,O,X
TOZJSLI,O,X
TOZSILJ,O,X
TOZSIJL,O,X
TOZSLIJ,O,X
TOZSLJI,O,X
TOZSJIL,O,X
TOZSJLI,O,X
ITLJSZO,X,X
ITLJSOZ,X,X
ITLJZSO,O,O
ITLJZOS,X,X
ITLJOSZ,X,X
ITLJOZS,O,X
ITLSJZO,X,X
ITLSJOZ,X,X
ITLSZJO,X,X
ITLSZOJ,X,X
ITLSOJZ,X,X
ITLSOZJ,X,X
ITLZJSO,O,O
ITLZJOS,X,X
ITLZSJO,O,O
ITLZSOJ,X,O
ITLZOJS,X,X
ITLZOSJ,X,X
ITLOJSZ,X,X
ITLOJZS,O,X
ITLOSJZ,X,X
ITLOSZJ,X,X
ITLOZJS,O,X
ITLOZSJ,O,X
ITJLSZO,X,X
ITJLSOZ,X,X
ITJLZSO,O,O
ITJLZOS,X,X
ITJLOSZ,X,X
ITJLOZS,O,X
ITJSLZO,X,X
ITJSLOZ,X,X
ITJSZLO,X,X
ITJSZOL,X,X
ITJSOLZ,X,X
ITJSOZL,X,X
ITJZLSO,O,O
ITJZLOS,X,X
ITJZSLO,O,O
ITJZSOL,X,O
ITJZOLS,X,X
ITJZOSL,X,X
ITJOLSZ,X,X
ITJOLZS,O,X
ITJOSLZ,X,X
ITJOSZL,X,X
ITJOZLS,O,X
ITJOZSL,O,X
ITSLJZO,X,X
ITSLJOZ,X,X
ITSLZJO,X,X
ITSLZOJ,X,X
ITSLOJZ,X,X
ITSLOZJ,X,X
ITSJLZO,X,X
ITSJLOZ,X,X
ITSJZLO,X,X
ITSJZOL,X,X
ITSJOLZ,X,X
ITSJOZL,X,X
ITSZLJO,X,X
ITSZLOJ,X,X
ITSZJLO,X,X
ITSZJOL,X,X
ITSZOLJ,X,X
ITSZOJL,X,X
ITSOLJZ,X,X
ITSOLZJ,X,X
ITSOJLZ,X,X
ITSOJZL,X,X
ITSOZLJ,X,X
ITSOZJL,X,X
ITZLJSO,O,O
ITZLJOS,X,X
ITZLSJO,O,O
ITZLSOJ,X,O
ITZLOJS,X,X
ITZLOSJ,X,X
ITZJLSO,O,O
ITZJLOS,X,X
ITZJSLO,O,O
ITZJSOL,X,O
ITZJOLS,X,X
ITZJOSL,X,X
ITZSLJO,O,O
ITZSLOJ,X,O
ITZSJLO,O,O
ITZSJOL,X,O
ITZSOLJ,X,O
ITZSOJL,X,O
ITZOLJS,X,X
ITZOLSJ,X,X
ITZOJLS,X,X
ITZOJSL,X,X
ITZOSLJ,X,X
ITZOSJL,X,X
ITOLJSZ,X,X
ITOLJZS,O,X
ITOLSJZ,X,X
ITOLSZJ,X,X
ITOLZJS,O,X
ITOLZSJ,O,X
ITOJLSZ,X,X
ITOJLZS,O,X
ITOJSLZ,X,X
ITOJSZL,X,X
ITOJZLS,O,X
ITOJZSL,O,X
ITOSLJZ,X,X
ITOSLZJ,X,X
ITOSJLZ,X,X
ITOSJZL,X,X
ITOSZLJ,X,X
ITOSZJL,X,X
ITOZLJS,O,X
ITOZLSJ,O,X
ITOZJLS,O,X
ITOZJSL,O,X
ITOZSLJ,O,X
ITOZSJL,O,X
ILTJSZO,X,X
ILTJSOZ,X,X
ILTJZSO,O,O
ILTJZOS,X,X
ILTJOSZ,X,X
ILTJOZS,O,X
ILTSJZO,X,X
ILTSJOZ,X,X
ILTSZJO,X,X
ILTSZOJ,X,X
ILTSOJZ,X,X
ILTSOZJ,X,X
ILTZJSO,O,O
ILTZJOS,X,X
ILTZSJO,O,O
ILTZSOJ,X,O
ILTZOJS,X,X
ILTZOSJ,X,X
ILTOJSZ,X,X
ILTOJZS,O,X
ILTOSJZ,X,X
ILTOSZJ,X,X
ILTOZJS,O,X
ILTOZSJ,O,X
ILJTSZO,X,X
ILJTSOZ,X,X
ILJTZSO,O,O
ILJTZOS,X,X
ILJTOSZ,X,X
ILJTOZS,O,X
ILJSTZO,X,X
ILJSTOZ,X,X
ILJSZTO,X,O
ILJSZOT,X,O
ILJSOTZ,X,X
ILJSOZT,X,O
ILJZTSO,O,O
ILJZTOS,X,X
ILJZSTO,O,O
ILJZSOT,X,O
ILJZOTS,O,X
ILJZOST,O,X
ILJOTSZ,X,X
ILJOTZS,O,X
ILJOSTZ,X,X
ILJOSZT,X,X
ILJOZTS,O,X
ILJOZST,O,X
ILSTJZO,X,X
ILSTJOZ,X,X
ILSTZJO,X,X
ILSTZOJ,X,X
ILSTOJZ,X,X
ILSTOZJ,X,X
ILSJTZO,X,X
ILSJTOZ,X,X
ILSJZTO,X,O
ILSJZOT,X,O
ILSJOTZ,X,X
ILSJOZT,X,O
ILSZTJO,X,O
ILSZTOJ,X,O
ILSZJTO,X,O
ILSZJOT,X,O
ILSZOTJ,X,O
ILSZOJT,X,O
ILSOTJZ,X,X
ILSOTZJ,X,X
ILSOJTZ,X,X
ILSOJZT,X,O
ILSOZTJ,X,O
ILSOZJT,X,O
ILZTJSO,O,O
ILZTJOS,X,X
ILZTSJO,O,O
ILZTSOJ,X,O
ILZTOJS,X,X
ILZTOSJ,X,X
ILZJTSO,O,O
ILZJTOS,X,X
ILZJSTO,O,O
ILZJSOT,X,O
ILZJOTS,O,X
ILZJOST,O,X
ILZSTJO,O,O
ILZSTOJ,X,O
ILZSJTO,O,O
ILZSJOT,X,O
ILZSOTJ,X,O
ILZSOJT,X,O
ILZOTJS,O,X
ILZOTSJ,O,X
ILZOJTS,O,X
ILZOJST,O,X
ILZOSTJ,O,X
ILZOSJT,O,X
ILOTJSZ,X,X
ILOTJZS,O,X
ILOTSJZ,X,X
ILOTSZJ,X,X
ILOTZJS,O,X
ILOTZSJ,O,X
ILOJTSZ,X,X
ILOJTZS,O,X
ILOJSTZ,X,X
ILOJSZT,X,X
ILOJZTS,O,X
ILOJZST,O,X
ILOSTJZ,X,X
ILOSTZJ,X,X
ILOSJTZ,X,X
ILOSJZT,X,X
ILOSZTJ,X,X
ILOSZJT,X,X
ILOZTJS,O,X
ILOZTSJ,O,X
ILOZJTS,O,X
ILOZJST,O,X
ILOZSTJ,O,X
ILOZSJT,O,X
IJTLSZO,X,X
IJTLSOZ,X,X
IJTLZSO,O,O
IJTLZOS,X,X
IJTLOSZ,X,X
IJTLOZS,O,X
IJTSLZO,X,X
IJTSLOZ,X,X
IJTSZLO,X,X
IJTSZOL,X,X
IJTSOLZ,X,X
IJTSOZL,X,X
IJTZLSO,O,O
IJTZLOS,X,X
IJTZSLO,O,O
IJTZSOL,X,O
IJTZOLS,X,X
IJTZOSL,X,X
IJTOLSZ,X,X
IJTOLZS,O,X
IJTOSLZ,X,X
IJTOSZL,X,X
IJTOZLS,O,X
IJTOZSL,O,X
IJLTSZO,X,X
IJLTSOZ,X,X
IJLTZSO,O,O
IJLTZOS,X,X
IJLTOSZ,X,X
IJLTOZS,O,X
IJLSTZO,X,X
IJLSTOZ,X,X
IJLSZTO,X,O
IJLSZOT,X,O
IJLSOTZ,X,X
IJLSOZT,X,O
IJLZTSO,O,O
IJLZTOS,X,X
IJLZSTO,O,O
IJLZSOT,X,O
IJLZOTS,O,X
IJLZOST,O,X
IJLOTSZ,X,X
IJLOTZS,O,X
IJLOSTZ,X,X
IJLOSZT,X,X
IJLOZTS,O,X
IJLOZST,O,X
IJSTLZO,X,X
IJSTLOZ,X,X
IJSTZLO,X,X
IJSTZOL,X,X
IJSTOLZ,X,X
IJSTOZL,X,X
IJSLTZO,X,X
IJSLTOZ,X,X
IJSLZTO,X,O
IJSLZOT,X,O
IJSLOTZ,X,X
IJSLOZT,X,O
IJSZTLO,X,O
IJSZTOL,X,O
IJSZLTO,X,O
IJSZLOT,X,O
IJSZOTL,X,O
IJSZOLT,X,O
IJSOTLZ,X,X
IJSOTZL,X,X
IJSOLTZ,X,X
IJSOLZT,X,O
IJSOZTL,X,O
IJSOZLT,X,O
IJZTLSO,O,O
IJZTLOS,X,X
IJZTSLO,O,O
IJZTSOL,X,O
IJZTOLS,X,X
IJZTOSL,X,X
IJZLTSO,O,O
IJZLTOS,X,X
IJZLSTO,O,O
IJZLSOT,X,O
IJZLOTS,O,X
IJZLOST,O,X
IJZSTLO,O,O
IJZSTOL,X,O
IJZSLTO,O,O
IJZSLOT,X,O
IJZSOTL,X,O
IJZSOLT,X,O
IJZOTLS,O,X
IJZOTSL,O,X
IJZOLTS,O,X
IJZOLST,O,X
IJZOSTL,O,X
IJZOSLT,O,X
IJOTLSZ,X,X
IJOTLZS,O,X
IJOTSLZ,X,X
IJOTSZL,X,X
IJOTZLS,O,X
IJOTZSL,O,X
IJOLTSZ,X,X
IJOLTZS,O,X
IJOLSTZ,X,X
IJOLSZT,X,X
IJOLZTS,O,X
IJOLZST,O,X
IJOSTLZ,X,X
IJOSTZL,X,X
IJOSLTZ,X,X
IJOSLZT,X,X
IJOSZTL,X,X
IJOSZLT,X,X
IJOZTLS,O,X
IJOZTSL,O,X
IJOZLTS,O,X
IJOZLST,O,X
IJOZSTL,O,X
IJOZSLT,O,X
ISTLJZO,X,X
ISTLJOZ,X,X
ISTLZJO,X,X
ISTLZOJ,X,X
ISTLOJZ,X,X
ISTLOZJ,X,X
ISTJLZO,X,X
ISTJLOZ,X,X
ISTJZLO,X,X
ISTJZOL,X,X
ISTJOLZ,X,X
ISTJOZL,X,X
ISTZLJO,X,X
ISTZLOJ,X,X
ISTZJLO,X,X
ISTZJOL,X,X
ISTZOLJ,X,X
ISTZOJL,X,X
ISTOLJZ,X,X
ISTOLZJ,X,X
ISTOJLZ,X,X
ISTOJZL,X,X
ISTOZLJ,X,X
ISTOZJL,X,X
ISLTJZO,X,X
ISLTJOZ,X,X
ISLTZJO,X,X
ISLTZOJ,X,X
ISLTOJZ,X,X
ISLTOZJ,X,X
ISLJTZO,X,X
ISLJTOZ,X,X
ISLJZTO,X,O
ISLJZOT,X,O
ISLJOTZ,X,X
ISLJOZT,X,O
ISLZTJO,X,O
ISLZTOJ,X,O
ISLZJTO,X,O
ISLZJOT,X,O
ISLZOTJ,X,O
ISLZOJT,X,O
ISLOTJZ,X,X
ISLOTZJ,X,X
ISLOJTZ,X,X
ISLOJZT,X,O
ISLOZTJ,X,O
ISLOZJT,X,O
ISJTLZO,X,X
ISJTLOZ,X,X
ISJTZLO,X,X
ISJTZOL,X,X
ISJTOLZ,X,X
ISJTOZL,X,X
ISJLTZO,X,X
ISJLTOZ,X,X
ISJLZTO,X,O
ISJLZOT,X,O
ISJLOTZ,X,X
ISJLOZT,X,O
ISJZTLO,X,O
ISJZTOL,X,O
ISJZLTO,X,O
ISJZLOT,X,O
ISJZOTL,X,O
ISJZOLT,X,O
ISJOTLZ,X,X
ISJOTZL,X,X
ISJOLTZ,X,X
ISJOLZT,X,O
ISJOZTL,X,O
ISJOZLT,X,O
ISZTLJO,X,O
ISZTLOJ,X,O
ISZTJLO,X,O
ISZTJOL,X,O
ISZTOLJ,X,O
ISZTOJL,X,O
ISZLTJO,X,O
ISZLTOJ,X,O
ISZLJTO,X,O
ISZLJOT,X,O
ISZLOTJ,X,O
ISZLOJT,X,O
ISZJTLO,X,O
ISZJTOL,X,O
ISZJLTO,X,O
ISZJLOT,X,O
ISZJOTL,X,O
ISZJOLT,X,O
ISZOTLJ,X,O
ISZOTJL,X,O
ISZOLTJ,X,O
ISZOLJT,X,O
ISZOJTL,X,O
ISZOJLT,X,O
ISOTLJZ,X,X
ISOTLZJ,X,X
ISOTJLZ,X,X
ISOTJZL,X,X
ISOTZLJ,X,X
ISOTZJL,X,X
ISOLTJZ,X,X
ISOLTZJ,X,X
ISOLJTZ,X,X
ISOLJZT,X,O
ISOLZTJ,X,O
ISOLZJT,X,O
ISOJTLZ,X,X
ISOJTZL,X,X
ISOJLTZ,X,X
ISOJLZT,X,O
ISOJZTL,X,O
ISOJZLT,X,O
ISOZTLJ,X,O
ISOZTJL,X,O
ISOZLTJ,X,O
ISOZLJT,X,O
ISOZJTL,X,O
ISOZJLT,X,O
IZTLJSO,O,O
IZTLJOS,X,X
IZTLSJO,O,O
IZTLSOJ,X,O
IZTLOJS,X,X
IZTLOSJ,X,X
IZTJLSO,O,O
IZTJLOS,X,X
IZTJSLO,O,O
IZTJSOL,X,O
IZTJOLS,X,X
IZTJOSL,X,X
IZTSLJO,O,O
IZTSLOJ,X,O
IZTSJLO,O,O
IZTSJOL,X,O
IZTSOLJ,X,O
IZTSOJL,X,O
IZTOLJS,X,X
IZTOLSJ,X,X
IZTOJLS,X,X
IZTOJSL,X,X
IZTOSLJ,X,X
IZTOSJL,X,X
IZLTJSO,O,O
IZLTJOS,X,X
IZLTSJO,O,O
IZLTSOJ,X,O
IZLTOJS,X,X
IZLTOSJ,X,X
IZLJTSO,O,O
IZLJTOS,X,X
IZLJSTO,O,O
IZLJSOT,X,O
IZLJOTS,O,X
IZLJOST,O,X
IZLSTJO,O,O
IZLSTOJ,X,O
IZLSJTO,O,O
IZLSJOT,X,O
IZLSOTJ,X,O
IZLSOJT,X,O
IZLOTJS,O,X
IZLOTSJ,O,X
IZLOJTS,O,X
IZLOJST,O,X
IZLOSTJ,O,X
IZLOSJT,O,X
IZJTLSO,O,O
IZJTLOS,X,X
IZJTSLO,O,O
IZJTSOL,X,O
IZJTOLS,X,X
IZJTOSL,X,X
IZJLTSO,O,O
IZJLTOS,X,X
IZJLSTO,O,O
IZJLSOT,X,O
IZJLOTS,O,X
IZJLOST,O,X
IZJSTLO,O,O
IZJSTOL,X,O
IZJSLTO,O,O
IZJSLOT,X,O
IZJSOTL,X,O
IZJSOLT,X,O
IZJOTLS,O,X
IZJOTSL,O,X
IZJOLTS,O,X
IZJOLST,O,X
IZJOSTL,O,X
IZJOSLT,O,X
IZSTLJO,O,O
IZSTLOJ,X,O
IZSTJLO,O,O
IZSTJOL,X,O
IZSTOLJ,X,O
IZSTOJL,X,O
IZSLTJO,O,O
IZSLTOJ,X,O
IZSLJTO,O,O
IZSLJOT,X,O
IZSLOTJ,X,O
IZSLOJT,X,O
IZSJTLO,O,O
IZSJTOL,X,O
IZSJLTO,O,O
IZSJLOT,X,O
IZSJOTL,X,O
IZSJOLT,X,O
IZSOTLJ,X,O
IZSOTJL,X,O
IZSOLTJ,X,O
IZSOLJT,X,O
IZSOJTL,X,O
IZSOJLT,X,O
IZOTLJS,O,X
IZOTLSJ,O,X
IZOTJLS,O,X
IZOTJSL,O,X
IZOTSLJ,O,X
IZOTSJL,O,X
IZOLTJS,O,X
IZOLTSJ,O,X
IZOLJTS,O,X
IZOLJST,O,X
IZOLSTJ,O,X
IZOLSJT,O,X
IZOJTLS,O,X
IZOJTSL,O,X
IZOJLTS,O,X
IZOJLST,O,X
IZOJSTL,O,X
IZOJSLT,O,X
IZOSTLJ,O,X
IZOSTJL,O,X
IZOSLTJ,O,X
IZOSLJT,O,X
IZOSJTL,O,X
IZOSJLT,O,X
IOTLJSZ,X,X
IOTLJZS,O,X
IOTLSJZ,X,X
IOTLSZJ,X,X
IOTLZJS,O,X
IOTLZSJ,O,X
IOTJLSZ,X,X
IOTJLZS,O,X
IOTJSLZ,X,X
IOTJSZL,X,X
IOTJZLS,O,X
IOTJZSL,O,X
IOTSLJZ,X,X
IOTSLZJ,X,X
IOTSJLZ,X,X
IOTSJZL,X,X
IOTSZLJ,X,X
IOTSZJL,X,X
IOTZLJS,O,X
IOTZLSJ,O,X
IOTZJLS,O,X
IOTZJSL,O,X
IOTZSLJ,O,X
IOTZSJL,O,X
IOLTJSZ,X,X
IOLTJZS,O,X
IOLTSJZ,X,X
IOLTSZJ,X,X
IOLTZJS,O,X
IOLTZSJ,O,X
IOLJTSZ,X,X
IOLJTZS,O,X
IOLJSTZ,X,X
IOLJSZT,X,X
IOLJZTS,O,X
IOLJZST,O,X
IOLSTJZ,X,X
IOLSTZJ,X,X
IOLSJTZ,X,X
IOLSJZT,X,X
IOLSZTJ,X,X
IOLSZJT,X,X
IOLZTJS,O,X
IOLZTSJ,O,X
IOLZJTS,O,X
IOLZJST,O,X
IOLZSTJ,O,X
IOLZSJT,O,X
IOJTLSZ,X,X
IOJTLZS,O,X
IOJTSLZ,X,X
IOJTSZL,X,X
IOJTZLS,O,X
IOJTZSL,O,X
IOJLTSZ,X,X
IOJLTZS,O,X
IOJLSTZ,X,X
IOJLSZT,X,X
IOJLZTS,O,X
IOJLZST,O,X
IOJSTLZ,X,X
IOJSTZL,X,X
IOJSLTZ,X,X
IOJSLZT,X,X
IOJSZTL,X,X
IOJSZLT,X,X
IOJZTLS,O,X
IOJZTSL,O,X
IOJZLTS,O,X
IOJZLST,O,X
IOJZSTL,O,X
IOJZSLT,O,X
IOSTLJZ,X,X
IOSTLZJ,X,X
IOSTJLZ,X,X
IOSTJZL,X,X
IOSTZLJ,X,X
IOSTZJL,X,X
IOSLTJZ,X,X
IOSLTZJ,X,X
IOSLJTZ,X,X
IOSLJZT,X,X
IOSLZTJ,X,X
IOSLZJT,X,X
IOSJTLZ,X,X
IOSJTZL,X,X
IOSJLTZ,X,X
IOSJLZT,X,X
IOSJZTL,X,X
IOSJZLT,X,X
IOSZTLJ,X,X
IOSZTJL,X,X
IOSZLTJ,X,X
IOSZLJT,X,X
IOSZJTL,X,X
IOSZJLT,X,X
IOZTLJS,O,X
IOZTLSJ,O,X
IOZTJLS,O,X
IOZTJSL,O,X
IOZTSLJ,O,X
IOZTSJL,O,X
IOZLTJS,O,X
IOZLTSJ,O,X
IOZLJTS,O,X
IOZLJST,O,X
IOZLSTJ,O,X
IOZLSJT,O,X
IOZJTLS,O,X
IOZJTSL,O,X
IOZJLTS,O,X
IOZJLST,O,X
IOZJSTL,O,X
IOZJSLT,O,X
IOZSTLJ,O,X
IOZSTJL,O,X
IOZSLTJ,O,X
IOZSLJT,O,X
IOZSJTL,O,X
IOZSJLT,O,X
LTIJSZO,X,X
LTIJSOZ,X,X
LTIJZSO,O,O
LTIJZOS,X,X
LTIJOSZ,X,X
LTIJOZS,O,X
LTISJZO,X,X
LTISJOZ,X,X
LTISZJO,X,X
LTISZOJ,X,X
LTISOJZ,X,X
LTISOZJ,X,X
LTIZJSO,O,O
LTIZJOS,X,X
LTIZSJO,O,O
LTIZSOJ,X,O
LTIZOJS,X,X
LTIZOSJ,X,X
LTIOJSZ,X,X
LTIOJZS,O,X
LTIOSJZ,X,X
LTIOSZJ,X,X
LTIOZJS,O,X
LTIOZSJ,O,X
LTJISZO,X,X
LTJISOZ,X,X
LTJIZSO,O,O
LTJIZOS,X,X
LTJIOSZ,X,X
LTJIOZS,O,X
LTJSIZO,X,X
LTJSIOZ,X,X
LTJSZIO,X,X
LTJSZOI,X,X
LTJSOIZ,X,X
LTJSOZI,X,X
LTJZISO,O,O
LTJZIOS,X,X
LTJZSIO,O,X
LTJZSOI,X,X
LTJZOIS,X,X
LTJZOSI,X,X
LTJOISZ,X,X
LTJOIZS,O,X
LTJOSIZ,X,X
LTJOSZI,X,X
LTJOZIS,O,X
LTJOZSI,O,X
LTSIJZO,X,X
LTSIJOZ,X,X
LTSIZJO,X,X
LTSIZOJ,X,X
LTSIOJZ,X,X
LTSIOZJ,X,X
LTSJIZO,X,X
LTSJIOZ,X,X
LTSJZIO,X,X
LTSJZOI,X,X
LTSJOIZ,X,X
LTSJOZI,X,X
LTSZIJO,X,X
LTSZIOJ,X,X
LTSZJIO,X,X
LTSZJOI,X,X
LTSZOIJ,X,X
LTSZOJI,X,X
LTSOIJZ,X,X
LTSOIZJ,X,X
LTSOJIZ,X,X
LTSOJZI,X,X
LTSOZIJ,X,X
LTSOZJI,X,X
LTZIJSO,O,O
LTZIJOS,X,X
LTZISJO,O,O
LTZISOJ,X,O
LTZIOJS,X,X
LTZIOSJ,X,X
LTZJISO,O,O
LTZJIOS,X,X
LTZJSIO,O,X
LTZJSOI,X,X
LTZJOIS,X,X
LTZJOSI,X,X
LTZSIJO,O,X
LTZSIOJ,X,X
LTZSJIO,O,X
LTZSJOI,X,X
LTZSOIJ,X,X
LTZSOJI,X,X
LTZOIJS,X,X
LTZOISJ,X,X
LTZOJIS,X,X
LTZOJSI,X,X
LTZOSIJ,X,X
LTZOSJI,X,X
LTOIJSZ,X,X
LTOIJZS,O,X
LTOISJZ,X,X
LTOISZJ,X,X
LTOIZJS,O,X
LTOIZSJ,O,X
LTOJISZ,X,X
LTOJIZS,O,X
LTOJSIZ,X,X
LTOJSZI,X,X
LTOJZIS,O,X
LTOJZSI,O,X
LTOSIJZ,X,X
LTOSIZJ,X,X
LTOSJIZ,X,X
LTOSJZI,X,X
LTOSZIJ,X,X
LTOSZJI,X,X
LTOZIJS,O,X
LTOZISJ,O,X
LTOZJIS,O,X
LTOZJSI,O,X
LTOZSIJ,O,X
LTOZSJI,O,X
LITJSZO,X,X
LITJSOZ,X,X
LITJZSO,O,O
LITJZOS,X,X
LITJOSZ,X,X
LITJOZS,O,X
LITSJZO,X,X
LITSJOZ,X,X
LITSZJO,X,X
LITSZOJ,X,X
LITSOJZ,X,X
LITSOZJ,X,X
LITZJSO,O,O
LITZJOS,X,X
LITZSJO,O,O
LITZSOJ,X,O
LITZOJS,X,X
LITZOSJ,X,X
LITOJSZ,X,X
LITOJZS,O,X
LITOSJZ,X,X
LITOSZJ,X,X
LITOZJS,O,X
LITOZSJ,O,X
LIJTSZO,X,X
LIJTSOZ,X,X
LIJTZSO,O,O
LIJTZOS,X,X
LIJTOSZ,X,X
LIJTOZS,O,X
LIJSTZO,X,X
LIJSTOZ,X,X
LIJSZTO,X,O
LIJSZOT,X,O
LIJSOTZ,X,X
LIJSOZT,X,O
LIJZTSO,O,O
LIJZTOS,X,X
LIJZSTO,O,O
LIJZSOT,X,O
LIJZOTS,O,X
LIJZOST,O,X
LIJOTSZ,X,X
LIJOTZS,O,X
LIJOSTZ,X,X
LIJOSZT,X,X
LIJOZTS,O,X
LIJOZST,O,X
LISTJZO,X,X
LISTJOZ,X,X
LISTZJO,X,X
LISTZOJ,X,X
LISTOJZ,X,X
LISTOZJ,X,X
LISJTZO,X,X
LISJTOZ,X,X
LISJZTO,X,O
LISJZOT,X,O
LISJOTZ,X,X
LISJOZT,X,O
LISZTJO,X,O
LISZTOJ,X,O
LISZJTO,X,O
LISZJOT,X,O
LISZOTJ,X,O
LISZOJT,X,O
LISOTJZ,X,X
LISOTZJ,X,X
LISOJTZ,X,X
LISOJZT,X,O
LISOZTJ,X,O
LISOZJT,X,O
LIZTJSO,O,O
LIZTJOS,X,X
LIZTSJO,O,O
LIZTSOJ,X,O
LIZTOJS,X,X
LIZTOSJ,X,X
LIZJTSO,O,O
LIZJTOS,X,X
LIZJSTO,O,O
LIZJSOT,X,O
LIZJOTS,O,X
LIZJOST,O,X
LIZSTJO,O,O
LIZSTOJ,X,O
LIZSJTO,O,O
LIZSJOT,X,O
LIZSOTJ,X,O
LIZSOJT,X,O
LIZOTJS,O,X
LIZOTSJ,O,X
LIZOJTS,O,X
LIZOJST,O,X
LIZOSTJ,O,X
LIZOSJT,O,X
LIOTJSZ,X,X
LIOTJZS,O,X
LIOTSJZ,X,X
LIOTSZJ,X,X
LIOTZJS,O,X
LIOTZSJ,O,X
LIOJTSZ,X,X
LIOJTZS,O,X
LIOJSTZ,X,X
LIOJSZT,X,X
LIOJZTS,O,X
LIOJZST,O,X
LIOSTJZ,X,X
LIOSTZJ,X,X
LIOSJTZ,X,X
LIOSJZT,X,X
LIOSZTJ,X,X
LIOSZJT,X,X
LIOZTJS,O,X
LIOZTSJ,O,X
LIOZJTS,O,X
LIOZJST,O,X
LIOZSTJ,O,X
LIOZSJT,O,X
LJTISZO,X,X
LJTISOZ,X,X
LJTIZSO,O,O
LJTIZOS,X,X
LJTIOSZ,X,X
LJTIOZS,O,X
LJTSIZO,X,X
LJTSIOZ,X,X
LJTSZIO,X,X
LJTSZOI,X,X
LJTSOIZ,X,X
LJTSOZI,X,X
LJTZISO,O,O
LJTZIOS,X,X
LJTZSIO,O,X
LJTZSOI,X,X
LJTZOIS,X,X
LJTZOSI,X,X
LJTOISZ,X,X
LJTOIZS,O,X
LJTOSIZ,X,X
LJTOSZI,X,X
LJTOZIS,O,X
LJTOZSI,O,X
LJITSZO,X,X
LJITSOZ,X,X
LJITZSO,O,O
LJITZOS,X,X
LJITOSZ,X,X
LJITOZS,O,X
LJISTZO,X,X
LJISTOZ,X,X
LJISZTO,X,O
LJISZOT,X,O
LJISOTZ,X,X
LJISOZT,X,O
LJIZTSO,O,O
LJIZTOS,X,X
LJIZSTO,O,O
LJIZSOT,X,O
LJIZOTS,O,X
LJIZOST,O,X
LJIOTSZ,X,X
LJIOTZS,O,X
LJIOSTZ,X,X
LJIOSZT,X,X
LJIOZTS,O,X
LJIOZST,O,X
LJSTIZO,X,X
LJSTIOZ,X,X
LJSTZIO,X,X
LJSTZOI,X,X
LJSTOIZ,X,X
LJSTOZI,X,X
LJSITZO,X,X
LJSITOZ,X,X
LJSIZTO,X,O
LJSIZOT,X,O
LJSIOTZ,X,X
LJSIOZT,X,O
LJSZTIO,X,O
LJSZTOI,X,O
LJSZITO,X,O
LJSZIOT,X,O
LJSZOTI,X,O
LJSZOIT,X,O
LJSOTIZ,X,X
LJSOTZI,X,X
LJSOITZ,X,X
LJSOIZT,X,O
LJSOZTI,X,O
LJSOZIT,X,O
LJZTISO,O,O
LJZTIOS,X,X
LJZTSIO,O,X
LJZTSOI,X,X
LJZTOIS,X,X
LJZTOSI,X,X
LJZITSO,O,O
LJZITOS,X,X
LJZISTO,O,O
LJZISOT,X,O
LJZIOTS,O,X
LJZIOST,O,X
LJZSTIO,O,X
LJZSTOI,X,X
LJZSITO,O,X
LJZSIOT,X,X
LJZSOTI,X,X
LJZSOIT,X,X
LJZOTIS,O,X
LJZOTSI,O,X
LJZOITS,O,X
LJZOIST,O,X
LJZOSTI,O,X
LJZOSIT,O,X
LJOTISZ,X,X
LJOTIZS,O,X
LJOTSIZ,X,X
LJOTSZI,X,X
LJOTZIS,O,X
LJOTZSI,O,X
LJOITSZ,X,X
LJOITZS,O,X
LJOISTZ,X,X
LJOISZT,X,X
LJOIZTS,O,X
LJOIZST,O,X
LJOSTIZ,X,X
LJOSTZI,X,X
LJOSITZ,X,X
LJOSIZT,X,X
LJOSZTI,X,X
LJOSZIT,X,X
LJOZTIS,O,X
LJOZTSI,O,X
LJOZITS,O,X
LJOZIST,O,X
LJOZSTI,O,X
LJOZSIT,O,X
LSTIJZO,X,X
LSTIJOZ,X,X
LSTIZJO,X,X
LSTIZOJ,X,X
LSTIOJZ,X,X
LSTIOZJ,X,X
LSTJIZO,X,X
LSTJIOZ,X,X
LSTJZIO,X,X
LSTJZOI,X,X
LSTJOIZ,X,X
LSTJOZI,X,X
LSTZIJO,X,X
LSTZIOJ,X,X
LSTZJIO,X,X
LSTZJOI,X,X
LSTZOIJ,X,X
LSTZOJI,X,X
LSTOIJZ,X,X
LSTOIZJ,X,X
LSTOJIZ,X,X
LSTOJZI,X,X
LSTOZIJ,X,X
LSTOZJI,X,X
LSITJZO,X,X
LSITJOZ,X,X
LSITZJO,X,X
LSITZOJ,X,X
LSITOJZ,X,X
LSITOZJ,X,X
LSIJTZO,X,X
LSIJTOZ,X,X
LSIJZTO,X,O
LSIJZOT,X,O
LSIJOTZ,X,X
LSIJOZT,X,O
LSIZTJO,X,O
LSIZTOJ,X,O
LSIZJTO,X,O
LSIZJOT,X,O
LSIZOTJ,X,O
LSIZOJT,X,O
LSIOTJZ,X,X
LSIOTZJ,X,X
LSIOJTZ,X,X
LSIOJZT,X,O
LSIOZTJ,X,O
LSIOZJT,X,O
LSJTIZO,X,X
LSJTIOZ,X,X
LSJTZIO,X,X
LSJTZOI,X,X
LSJTOIZ,X,X
LSJTOZI,X,X
LSJITZO,X,X
LSJITOZ,X,X
LSJIZTO,X,O
LSJIZOT,X,O
LSJIOTZ,X,X
LSJIOZT,X,O
LSJZTIO,X,O
LSJZTOI,X,O
LSJZITO,X,O
LSJZIOT,X,O
LSJZOTI,X,O
LSJZOIT,X,O
LSJOTIZ,X,X
LSJOTZI,X,X
LSJOITZ,X,X
LSJOIZT,X,O
LSJOZTI,X,O
LSJOZIT,X,O
LSZTIJO,X,O
LSZTIOJ,X,O
LSZTJIO,X,O
LSZTJOI,X,O
LSZTOIJ,X,O
LSZTOJI,X,O
LSZITJO,X,O
LSZITOJ,X,O
LSZIJTO,X,O
LSZIJOT,X,O
LSZIOTJ,X,O
LSZIOJT,X,O
LSZJTIO,X,O
LSZJTOI,X,O
LSZJITO,X,O
LSZJIOT,X,O
LSZJOTI,X,O
LSZJOIT,X,O
LSZOTIJ,X,O
LSZOTJI,X,O
LSZOITJ,X,O
LSZOIJT,X,O
LSZOJTI,X,O
LSZOJIT,X,O
LSOTIJZ,X,X
LSOTIZJ,X,X
LSOTJIZ,X,X
LSOTJZI,X,X
LSOTZIJ,X,X
LSOTZJI,X,X
LSOITJZ,X,X
LSOITZJ,X,X
LSOIJTZ,X,X
LSOIJZT,X,O
LSOIZTJ,X,O
LSOIZJT,X,O
LSOJTIZ,X,X
LSOJTZI,X,X
LSOJITZ,X,X
LSOJIZT,X,O
LSOJZTI,X,O
LSOJZIT,X,O
LSOZTIJ,X,O
LSOZTJI,X,O
LSOZITJ,X,O
LSOZIJT,X,O
LSOZJTI,X,O
LSOZJIT,X,O
LZTIJSO,O,O
LZTIJOS,X,X
LZTISJO,O,O
LZTISOJ,X,O
LZTIOJS,X,X
LZTIOSJ,X,X
LZTJISO,O,O
LZTJIOS,X,X
LZTJSIO,O,X
LZTJSOI,X,X
LZTJOIS,X,X
LZTJOSI,X,X
LZTSIJO,O,X
LZTSIOJ,X,X
LZTSJIO,O,X
LZTSJOI,X,X
LZTSOIJ,X,X
LZTSOJI,X,X
LZTOIJS,X,X
LZTOISJ,X,X
LZTOJIS,X,X
LZTOJSI,X,X
LZTOSIJ,X,X
LZTOSJI,X,X
LZITJSO,O,O
LZITJOS,X,X
LZITSJO,O,O
LZITSOJ,X,O
LZITOJS,X,X
LZITOSJ,X,X
LZIJTSO,O,O
LZIJTOS,X,X
LZIJSTO,O,O
LZIJSOT,X,O
LZIJOTS,O,X
LZIJOST,O,X
LZISTJO,O,O
LZISTOJ,X,O
LZISJTO,O,O
LZISJOT,X,O
LZISOTJ,X,O
LZISOJT,X,O
LZIOTJS,O,X
LZIOTSJ,O,X
LZIOJTS,O,X
LZIOJST,O,X
LZIOSTJ,O,X
LZIOSJT,O,X
LZJTISO,O,O
LZJTIOS,X,X
LZJTSIO,O,X
LZJTSOI,X,X
LZJTOIS,X,X
LZJTOSI,X,X
LZJITSO,O,O
LZJITOS,X,X
LZJISTO,O,O
LZJISOT,X,O
LZJIOTS,O,X
LZJIOST,O,X
LZJSTIO,O,X
LZJSTOI,X,X
LZJSITO,O,X
LZJSIOT,X,X
LZJSOTI,X,X
LZJSOIT,X,X
LZJOTIS,O,X
LZJOTSI,O,X
LZJOITS,O,X
LZJOIST,O,X
LZJOSTI,O,X
LZJOSIT,O,X
LZSTIJO,O,X
LZSTIOJ,X,X
LZSTJIO,O,X
LZSTJOI,X,X
LZSTOIJ,X,X
LZSTOJI,X,X
LZSITJO,O,X
LZSITOJ,X,X
LZSIJTO,O,X
LZSIJOT,X,X
LZSIOTJ,X,X
LZSIOJT,X,X
LZSJTIO,O,X
LZSJTOI,X,X
LZSJITO,O,X
LZSJIOT,X,X
LZSJOTI,X,X
LZSJOIT,X,X
LZSOTIJ,X,X
LZSOTJI,X,X
LZSOITJ,X,X
LZSOIJT,X,X
LZSOJTI,X,X
LZSOJIT,X,X
LZOTIJS,O,X
LZOTISJ,O,X
LZOTJIS,O,X
LZOTJSI,O,X
LZOTSIJ,O,X
LZOTSJI,O,X
LZOITJS,O,X
LZOITSJ,O,X
LZOIJTS,O,X
LZOIJST,O,X
LZOISTJ,O,X
LZOISJT,O,X
LZOJTIS,O,X
LZOJTSI,O,X
LZOJITS,O,X
LZOJIST,O,X
LZOJSTI,O,X
LZOJSIT,O,X
LZOSTIJ,O,X
LZOSTJI,O,X
LZOSITJ,O,X
LZOSIJT,O,X
LZOSJTI,O,X
LZOSJIT,O,X
LOTIJSZ,X,X
LOTIJZS,O,X
LOTISJZ,X,X
LOTISZJ,X,X
LOTIZJS,O,X
LOTIZSJ,O,X
LOTJISZ,X,X
LOTJIZS,O,X
LOTJSIZ,X,X
LOTJSZI,X,X
LOTJZIS,O,X
LOTJZSI,O,X
LOTSIJZ,X,X
LOTSIZJ,X,X
LOTSJIZ,X,X
LOTSJZI,X,X
LOTSZIJ,X,X
LOTSZJI,X,X
LOTZIJS,O,X
LOTZISJ,O,X
LOTZJIS,O,X
LOTZJSI,O,X
LOTZSIJ,O,X
LOTZSJI,O,X
LOITJSZ,X,X
LOITJZS,O,X
LOITSJZ,X,X
LOITSZJ,X,X
LOITZJS,O,X
LOITZSJ,O,X
LOIJTSZ,X,X
LOIJTZS,O,X
LOIJSTZ,X,X
LOIJSZT,X,X
LOIJZTS,O,X
LOIJZST,O,X
LOISTJZ,X,X
LOISTZJ,X,X
LOISJTZ,X,X
LOISJZT,X,X
LOISZTJ,X,X
LOISZJT,X,X
LOIZTJS,O,X
LOIZTSJ,O,X
LOIZJTS,O,X
LOIZJST,O,X
LOIZSTJ,O,X
LOIZSJT,O,X
LOJTISZ,X,X
LOJTIZS,O,X
LOJTSIZ,X,X
LOJTSZI,X,X
LOJTZIS,O,X
LOJTZSI,O,X
LOJITSZ,X,X
LOJITZS,O,X
LOJISTZ,X,X
LOJISZT,X,X
LOJIZTS,O,X
LOJIZST,O,X
LOJSTIZ,X,X
LOJSTZI,X,X
LOJSITZ,X,X
LOJSIZT,X,X
LOJSZTI,X,X
LOJSZIT,X,X
LOJZTIS,O,X
LOJZTSI,O,X
LOJZITS,O,X
LOJZIST,O,X
LOJZSTI,O,X
LOJZSIT,O,X
LOSTIJZ,X,X
LOSTIZJ,X,X
LOSTJIZ,X,X
LOSTJZI,X,X
LOSTZIJ,X,X
LOSTZJI,X,X
LOSITJZ,X,X
LOSITZJ,X,X
LOSIJTZ,X,X
LOSIJZT,X,X
LOSIZTJ,X,X
LOSIZJT,X,X
LOSJTIZ,X,X
LOSJTZI,X,X
LOSJITZ,X,X
LOSJIZT,X,X
LOSJZTI,X,X
LOSJZIT,X,X
LOSZTIJ,X,X
LOSZTJI,X,X
LOSZITJ,X,X
LOSZIJT,X,X
LOSZJTI,X,X
LOSZJIT,X,X
LOZTIJS,O,X
LOZTISJ,O,X
LOZTJIS,O,X
LOZTJSI,O,X
LOZTSIJ,O,X
LOZTSJI,O,X
LOZITJS,O,X
LOZITSJ,O,X
LOZIJTS,O,X
LOZIJST,O,X
LOZISTJ,O,X
LOZISJT,O,X
LOZJTIS,O,X
LOZJTSI,O,X
LOZJITS,O,X
LOZJIST,O,X
LOZJSTI,O,X
LOZJSIT,O,X
LOZSTIJ,O,X
LOZSTJI,O,X
LOZSITJ,O,X
LOZSIJT,O,X
LOZSJTI,O,X
LOZSJIT,O,X
JTILSZO,X,X
JTILSOZ,X,X
JTILZSO,O,O
JTILZOS,X,X
JTILOSZ,X,X
JTILOZS,O,X
JTISLZO,X,X
JTISLOZ,X,X
JTISZLO,X,X
JTISZOL,X,X
JTISOLZ,X,X
JTISOZL,X,X
JTIZLSO,O,O
JTIZLOS,X,X
JTIZSLO,O,O
JTIZSOL,X,O
JTIZOLS,X,X
JTIZOSL,X,X
JTIOLSZ,X,X
JTIOLZS,O,X
JTIOSLZ,X,X
JTIOSZL,X,X
JTIOZLS,O,X
JTIOZSL,O,X
JTLISZO,X,X
JTLISOZ,X,X
JTLIZSO,O,O
JTLIZOS,X,X
JTLIOSZ,X,X
JTLIOZS,O,X
JTLSIZO,X,X
JTLSIOZ,X,X
JTLSZIO,X,X
JTLSZOI,X,X
JTLSOIZ,X,X
JTLSOZI,X,X
JTLZISO,O,O
JTLZIOS,X,X
JTLZSIO,O,X
JTLZSOI,X,X
JTLZOIS,X,X
JTLZOSI,X,X
JTLOISZ,X,X
JTLOIZS,O,X
JTLOSIZ,X,X
JTLOSZI,X,X
JTLOZIS,O,X
JTLOZSI,O,X
JTSILZO,X,X
JTSILOZ,X,X
JTSIZLO,X,X
JTSIZOL,X,X
JTSIOLZ,X,X
JTSIOZL,X,X
JTSLIZO,X,X
JTSLIOZ,X,X
JTSLZIO,X,X
JTSLZOI,X,X
JTSLOIZ,X,X
JTSLOZI,X,X
JTSZILO,X,X
JTSZIOL,X,X
JTSZLIO,X,X
JTSZLOI,X,X
JTSZOIL,X,X
JTSZOLI,X,X
JTSOILZ,X,X
JTSOIZL,X,X
JTSOLIZ,X,X
JTSOLZI,X,X
JTSOZIL,X,X
JTSOZLI,X,X
JTZILSO,O,O
JTZILOS,X,X
JTZISLO,O,O
JTZISOL,X,O
JTZIOLS,X,X
JTZIOSL,X,X
JTZLISO,O,O
JTZLIOS,X,X
JTZLSIO,O,X
JTZLSOI,X,X
JTZLOIS,X,X
JTZLOSI,X,X
JTZSILO,O,X
JTZSIOL,X,X
JTZSLIO,O,X
JTZSLOI,X,X
JTZSOIL,X,X
JTZSOLI,X,X
JTZOILS,X,X
JTZOISL,X,X
JTZOLIS,X,X
JTZOLSI,X,X
JTZOSIL,X,X
JTZOSLI,X,X
JTOILSZ,X,X
JTOILZS,O,X
JTOISLZ,X,X
JTOISZL,X,X
JTOIZLS,O,X
JTOIZSL,O,X
JTOLISZ,X,X
JTOLIZS,O,X
JTOLSIZ,X,X
JTOLSZI,X,X
JTOLZIS,O,X
JTOLZSI,O,X
JTOSILZ,X,X
JTOSIZL,X,X
JTOSLIZ,X,X
JTOSLZI,X,X
JTOSZIL,X,X
JTOSZLI,X,X
JTOZILS,O,X
JTOZISL,O,X
JTOZLIS,O,X
JTOZLSI,O,X
JTOZSIL,O,X
JTOZSLI,O,X
JITLSZO,X,X
JITLSOZ,X,X
JITLZSO,O,O
JITLZOS,X,X
JITLOSZ,X,X
JITLOZS,O,X
JITSLZO,X,X
JITSLOZ,X,X
JITSZLO,X,X
JITSZOL,X,X
JITSOLZ,X,X
JITSOZL,X,X
JITZLSO,O,O
JITZLOS,X,X
JITZSLO,O,O
JITZSOL,X,O
JITZOLS,X,X
JITZOSL,X,X
JITOLSZ,X,X
JITOLZS,O,X
JITOSLZ,X,X
JITOSZL,X,X
JITOZLS,O,X
JITOZSL,O,X
JILTSZO,X,X
JILTSOZ,X,X
JILTZSO,O,O
JILTZOS,X,X
JILTOSZ,X,X
JILTOZS,O,X
JILSTZO,X,X
JILSTOZ,X,X
JILSZTO,X,O
JILSZOT,X,O
JILSOTZ,X,X
JILSOZT,X,O
JILZTSO,O,O
JILZTOS,X,X
JILZSTO,O,O
JILZSOT,X,O
JILZOTS,O,X
JILZOST,O,X
JILOTSZ,X,X
JILOTZS,O,X
JILOSTZ,X,X
JILOSZT,X,X
JILOZTS,O,X
JILOZST,O,X
JISTLZO,X,X
JISTLOZ,X,X
JISTZLO,X,X
JISTZOL,X,X
JISTOLZ,X,X
JISTOZL,X,X
JISLTZO,X,X
JISLTOZ,X,X
JISLZTO,X,O
JISLZOT,X,O
JISLOTZ,X,X
JISLOZT,X,O
JISZTLO,X,O
JISZTOL,X,O
JISZLTO,X,O
JISZLOT,X,O
JISZOTL,X,O
JISZOLT,X,O
JISOTLZ,X,X
JISOTZL,X,X
JISOLTZ,X,X
JISOLZT,X,O
JISOZTL,X,O
JISOZLT,X,O
JIZTLSO,O,O
JIZTLOS,X,X
JIZTSLO,O,O
JIZTSOL,X,O
JIZTOLS,X,X
JIZTOSL,X,X
JIZLTSO,O,O
JIZLTOS,X,X
JIZLSTO,O,O
JIZLSOT,X,O
JIZLOTS,O,X
JIZLOST,O,X
JIZSTLO,O,O
JIZSTOL,X,O
JIZSLTO,O,O
JIZSLOT,X,O
JIZSOTL,X,O
JIZSOLT,X,O
JIZOTLS,O,X
JIZOTSL,O,X
JIZOLTS,O,X
JIZOLST,O,X
JIZOSTL,O,X
JIZOSLT,O,X
JIOTLSZ,X,X
JIOTLZS,O,X
JIOTSLZ,X,X
JIOTSZL,X,X
JIOTZLS,O,X
JIOTZSL,O,X
JIOLTSZ,X,X
JIOLTZS,O,X
JIOLSTZ,X,X
JIOLSZT,X,X
JIOLZTS,O,X
JIOLZST,O,X
JIOSTLZ,X,X
JIOSTZL,X,X
JIOSLTZ,X,X
JIOSLZT,X,X
JIOSZTL,X,X
JIOSZLT,X,X
JIOZTLS,O,X
JIOZTSL,O,X
JIOZLTS,O,X
JIOZLST,O,X
JIOZSTL,O,X
JIOZSLT,O,X
JLTISZO,X,X
JLTISOZ,X,X
JLTIZSO,O,O
JLTIZOS,X,X
JLTIOSZ,X,X
JLTIOZS,O,X
JLTSIZO,X,X
JLTSIOZ,X,X
JLTSZIO,X,X
JLTSZOI,X,X
JLTSOIZ,X,X
JLTSOZI,X,X
JLTZISO,O,O
JLTZIOS,X,X
JLTZSIO,O,X
JLTZSOI,X,X
JLTZOIS,X,X
JLTZOSI,X,X
JLTOISZ,X,X
JLTOIZS,O,X
JLTOSIZ,X,X
JLTOSZI,X,X
JLTOZIS,O,X
JLTOZSI,O,X
JLITSZO,X,X
JLITSOZ,X,X
JLITZSO,O,O
JLITZOS,X,X
JLITOSZ,X,X
JLITOZS,O,X
JLISTZO,X,X
JLISTOZ,X,X
JLISZTO,X,O
JLISZOT,X,O
JLISOTZ,X,X
JLISOZT,X,O
JLIZTSO,O,O
JLIZTOS,X,X
JLIZSTO,O,O
JLIZSOT,X,O
JLIZOTS,O,X
JLIZOST,O,X
JLIOTSZ,X,X
JLIOTZS,O,X
JLIOSTZ,X,X
JLIOSZT,X,X
JLIOZTS,O,X
JLIOZST,O,X
JLSTIZO,X,X
JLSTIOZ,X,X
JLSTZIO,X,X
JLSTZOI,X,X
JLSTOIZ,X,X
JLSTOZI,X,X
JLSITZO,X,X
JLSITOZ,X,X
JLSIZTO,X,O
JLSIZOT,X,O
JLSIOTZ,X,X
JLSIOZT,X,O
JLSZTIO,X,O
JLSZTOI,X,O
JLSZITO,X,O
JLSZIOT,X,O
JLSZOTI,X,O
JLSZOIT,X,O
JLSOTIZ,X,X
JLSOTZI,X,X
JLSOITZ,X,X
JLSOIZT,X,O
JLSOZTI,X,O
JLSOZIT,X,O
JLZTISO,O,O
JLZTIOS,X,X
JLZTSIO,O,X
JLZTSOI,X,X
JLZTOIS,X,X
JLZTOSI,X,X
JLZITSO,O,O
JLZITOS,X,X
JLZISTO,O,O
JLZISOT,X,O
JLZIOTS,O,X
JLZIOST,O,X
JLZSTIO,O,X
JLZSTOI,X,X
JLZSITO,O,X
JLZSIOT,X,X
JLZSOTI,X,X
JLZSOIT,X,X
JLZOTIS,O,X
JLZOTSI,O,X
JLZOITS,O,X
JLZOIST,O,X
JLZOSTI,O,X
JLZOSIT,O,X
JLOTISZ,X,X
JLOTIZS,O,X
JLOTSIZ,X,X
JLOTSZI,X,X
JLOTZIS,O,X
JLOTZSI,O,X
JLOITSZ,X,X
JLOITZS,O,X
JLOISTZ,X,X
JLOISZT,X,X
JLOIZTS,O,X
JLOIZST,O,X
JLOSTIZ,X,X
JLOSTZI,X,X
JLOSITZ,X,X
JLOSIZT,X,X
JLOSZTI,X,X
JLOSZIT,X,X
JLOZTIS,O,X
JLOZTSI,O,X
JLOZITS,O,X
JLOZIST,O,X
JLOZSTI,O,X
JLOZSIT,O,X
JSTILZO,X,X
JSTILOZ,X,X
JSTIZLO,X,X
JSTIZOL,X,X
JSTIOLZ,X,X
JSTIOZL,X,X
JSTLIZO,X,X
JSTLIOZ,X,X
JSTLZIO,X,X
JSTLZOI,X,X
JSTLOIZ,X,X
JSTLOZI,X,X
JSTZILO,X,X
JSTZIOL,X,X
JSTZLIO,X,X
JSTZLOI,X,X
JSTZOIL,X,X
JSTZOLI,X,X
JSTOILZ,X,X
JSTOIZL,X,X
JSTOLIZ,X,X
JSTOLZI,X,X
JSTOZIL,X,X
JSTOZLI,X,X
JSITLZO,X,X
JSITLOZ,X,X
JSITZLO,X,X
JSITZOL,X,X
JSITOLZ,X,X
JSITOZL,X,X
JSILTZO,X,X
JSILTOZ,X,X
JSILZTO,X,O
JSILZOT,X,O
JSILOTZ,X,X
JSILOZT,X,O
JSIZTLO,X,O
JSIZTOL,X,O
JSIZLTO,X,O
JSIZLOT,X,O
JSIZOTL,X,O
JSIZOLT,X,O
JSIOTLZ,X,X
JSIOTZL,X,X
JSIOLTZ,X,X
JSIOLZT,X,O
JSIOZTL,X,O
JSIOZLT,X,O
JSLTIZO,X,X
JSLTIOZ,X,X
JSLTZIO,X,X
JSLTZOI,X,X
JSLTOIZ,X,X
JSLTOZI,X,X
JSLITZO,X,X
JSLITOZ,X,X
JSLIZTO,X,O
JSLIZOT,X,O
JSLIOTZ,X,X
JSLIOZT,X,O
JSLZTIO,X,O
JSLZTOI,X,O
JSLZITO,X,O
JSLZIOT,X,O
JSLZOTI,X,O
JSLZOIT,X,O
JSLOTIZ,X,X
JSLOTZI,X,X
JSLOITZ,X,X
JSLOIZT,X,O
JSLOZTI,X,O
JSLOZIT,X,O
JSZTILO,X,O
JSZTIOL,X,O
JSZTLIO,X,O
JSZTLOI,X,O
JSZTOIL,X,O
JSZTOLI,X,O
JSZITLO,X,O
JSZITOL,X,O
JSZILTO,X,O
JSZILOT,X,O
JSZIOTL,X,O
JSZIOLT,X,O
JSZLTIO,X,O
JSZLTOI,X,O
JSZLITO,X,O
JSZLIOT,X,O
JSZLOTI,X,O
JSZLOIT,X,O
JSZOTIL,X,O
JSZOTLI,X,O
JSZOITL,X,O
JSZOILT,X,O
JSZOLTI,X,O
JSZOLIT,X,O
JSOTILZ,X,X
JSOTIZL,X,X
JSOTLIZ,X,X
JSOTLZI,X,X
JSOTZIL,X,X
JSOTZLI,X,X
JSOITLZ,X,X
JSOITZL,X,X
JSOILTZ,X,X
JSOILZT,X,O
JSOIZTL,X,O
JSOIZLT,X,O
JSOLTIZ,X,X
JSOLTZI,X,X
JSOLITZ,X,X
JSOLIZT,X,O
JSOLZTI,X,O
JSOLZIT,X,O
JSOZTIL,X,O
JSOZTLI,X,O
JSOZITL,X,O
JSOZILT,X,O
JSOZLTI,X,O
JSOZLIT,X,O
JZTILSO,O,O
JZTILOS,X,X
JZTISLO,O,O
JZTISOL,X,O
JZTIOLS,X,X
JZTIOSL,X,X
JZTLISO,O,O
JZTLIOS,X,X
JZTLSIO,O,X
JZTLSOI,X,X
JZTLOIS,X,X
JZTLOSI,X,X
JZTSILO,O,X
JZTSIOL,X,X
JZTSLIO,O,X
JZTSLOI,X,X
JZTSOIL,X,X
JZTSOLI,X,X
JZTOILS,X,X
JZTOISL,X,X
JZTOLIS,X,X
JZTOLSI,X,X
JZTOSIL,X,X
JZTOSLI,X,X
JZITLSO,O,O
JZITLOS,X,X
JZITSLO,O,O
JZITSOL,X,O
JZITOLS,X,X
JZITOSL,X,X
JZILTSO,O,O
JZILTOS,X,X
JZILSTO,O,O
JZILSOT,X,O
JZILOTS,O,X
JZILOST,O,X
JZISTLO,O,O
JZISTOL,X,O
JZISLTO,O,O
JZISLOT,X,O
JZISOTL,X,O
JZISOLT,X,O
JZIOTLS,O,X
JZIOTSL,O,X
JZIOLTS,O,X
JZIOLST,O,X
JZIOSTL,O,X
JZIOSLT,O,X
JZLTISO,O,O
JZLTIOS,X,X
JZLTSIO,O,X
JZLTSOI,X,X
JZLTOIS,X,X
JZLTOSI,X,X
JZLITSO,O,O
JZLITOS,X,X
JZLISTO,O,O
JZLISOT,X,O
JZLIOTS,O,X
JZLIOST,O,X
JZLSTIO,O,X
JZLSTOI,X,X
JZLSITO,O,X
JZLSIOT,X,X
JZLSOTI,X,X
JZLSOIT,X,X
JZLOTIS,O,X
JZLOTSI,O,X
JZLOITS,O,X
JZLOIST,O,X
JZLOSTI,O,X
JZLOSIT,O,X
JZSTILO,O,X
JZSTIOL,X,X
JZSTLIO,O,X
JZSTLOI,X,X
JZSTOIL,X,X
JZSTOLI,X,X
JZSITLO,O,X
JZSITOL,X,X
JZSILTO,O,X
JZSILOT,X,X
JZSIOTL,X,X
JZSIOLT,X,X
JZSLTIO,O,X
JZSLTOI,X,X
JZSLITO,O,X
JZSLIOT,X,X
JZSLOTI,X,X
JZSLOIT,X,X
JZSOTIL,X,X
JZSOTLI,X,X
JZSOITL,X,X
JZSOILT,X,X
JZSOLTI,X,X
JZSOLIT,X,X
JZOTILS,O,X
JZOTISL,O,X
JZOTLIS,O,X
JZOTLSI,O,X
JZOTSIL,O,X
JZOTSLI,O,X
JZOITLS,O,X
JZOITSL,O,X
JZOILTS,O,X
JZOILST,O,X
JZOISTL,O,X
JZOISLT,O,X
JZOLTIS,O,X
JZOLTSI,O,X
JZOLITS,O,X
JZOLIST,O,X
JZOLSTI,O,X
JZOLSIT,O,X
JZOSTIL,O,X
JZOSTLI,O,X
JZOSITL,O,X
JZOSILT,O,X
JZOSLTI,O,X
JZOSLIT,O,X
JOTILSZ,X,X
JOTILZS,O,X
JOTISLZ,X,X
JOTISZL,X,X
JOTIZLS,O,X
JOTIZSL,O,X
JOTLISZ,X,X
JOTLIZS,O,X
JOTLSIZ,X,X
JOTLSZI,X,X
JOTLZIS,O,X
JOTLZSI,O,X
JOTSILZ,X,X
JOTSIZL,X,X
JOTSLIZ,X,X
JOTSLZI,X,X
JOTSZIL,X,X
JOTSZLI,X,X
JOTZILS,O,X
JOTZISL,O,X
JOTZLIS,O,X
JOTZLSI,O,X
JOTZSIL,O,X
JOTZSLI,O,X
JOITLSZ,X,X
JOITLZS,O,X
JOITSLZ,X,X
JOITSZL,X,X
JOITZLS,O,X
JOITZSL,O,X
JOILTSZ,X,X
JOILTZS,O,X
JOILSTZ,X,X
JOILSZT,X,X
JOILZTS,O,X
JOILZST,O,X
JOISTLZ,X,X
JOISTZL,X,X
JOISLTZ,X,X
JOISLZT,X,X
JOISZTL,X,X
JOISZLT,X,X
JOIZTLS,O,X
JOIZTSL,O,X
JOIZLTS,O,X
JOIZLST,O,X
JOIZSTL,O,X
JOIZSLT,O,X
JOLTISZ,X,X
JOLTIZS,O,X
JOLTSIZ,X,X
JOLTSZI,X,X
JOLTZIS,O,X
JOLTZSI,O,X
JOLITSZ,X,X
JOLITZS,O,X
JOLISTZ,X,X
JOLISZT,X,X
JOLIZTS,O,X
JOLIZST,O,X
JOLSTIZ,X,X
JOLSTZI,X,X
JOLSITZ,X,X
JOLSIZT,X,X
JOLSZTI,X,X
JOLSZIT,X,X
JOLZTIS,O,X
JOLZTSI,O,X
JOLZITS,O,X
JOLZIST,O,X
JOLZSTI,O,X
JOLZSIT,O,X
JOSTILZ,X,X
JOSTIZL,X,X
JOSTLIZ,X,X
JOSTLZI,X,X
JOSTZIL,X,X
JOSTZLI,X,X
JOSITLZ,X,X
JOSITZL,X,X
JOSILTZ,X,X
JOSILZT,X,X
JOSIZTL,X,X
JOSIZLT,X,X
JOSLTIZ,X,X
JOSLTZI,X,X
JOSLITZ,X,X
JOSLIZT,X,X
JOSLZTI,X,X
JOSLZIT,X,X
JOSZTIL,X,X
JOSZTLI,X,X
JOSZITL,X,X
JOSZILT,X,X
JOSZLTI,X,X
JOSZLIT,X,X
JOZTILS,O,X
JOZTISL,O,X
JOZTLIS,O,X
JOZTLSI,O,X
JOZTSIL,O,X
JOZTSLI,O,X
JOZITLS,O,X
JOZITSL,O,X
JOZILTS,O,X
JOZILST,O,X
JOZISTL,O,X
JOZISLT,O,X
JOZLTIS,O,X
JOZLTSI,O,X
JOZLITS,O,X
JOZLIST,O,X
JOZLSTI,O,X
JOZLSIT,O,X
JOZSTIL,O,X
JOZSTLI,O,X
JOZSITL,O,X
JOZSILT,O,X
JOZSLTI,O,X
JOZSLIT,O,X
STILJZO,X,X
STILJOZ,X,X
STILZJO,X,X
STILZOJ,X,X
STILOJZ,X,X
STILOZJ,X,X
STIJLZO,X,X
STIJLOZ,X,X
STIJZLO,X,X
STIJZOL,X,X
STIJOLZ,X,X
STIJOZL,X,X
STIZLJO,X,X
STIZLOJ,X,X
STIZJLO,X,X
STIZJOL,X,X
STIZOLJ,X,X
STIZOJL,X,X
STIOLJZ,X,X
STIOLZJ,X,X
STIOJLZ,X,X
STIOJZL,X,X
STIOZLJ,X,X
STIOZJL,X,X
STLIJZO,X,X
STLIJOZ,X,X
STLIZJO,X,X
STLIZOJ,X,X
STLIOJZ,X,X
STLIOZJ,X,X
STLJIZO,X,X
STLJIOZ,X,X
STLJZIO,X,X
STLJZOI,X,X
STLJOIZ,X,X
STLJOZI,X,X
STLZIJO,X,X
STLZIOJ,X,X
STLZJIO,X,X
STLZJOI,X,X
STLZOIJ,X,X
STLZOJI,X,X
STLOIJZ,X,X
STLOIZJ,X,X
STLOJIZ,X,X
STLOJZI,X,X
STLOZIJ,X,X
STLOZJI,X,X
STJILZO,X,X
STJILOZ,X,X
STJIZLO,X,X
STJIZOL,X,X
STJIOLZ,X,X
STJIOZL,X,X
STJLIZO,X,X
STJLIOZ,X,X
STJLZIO,X,X
STJLZOI,X,X
STJLOIZ,X,X
STJLOZI,X,X
STJZILO,X,X
STJZIOL,X,X
STJZLIO,X,X
STJZLOI,X,X
STJZOIL,X,X
STJZOLI,X,X
STJOILZ,X,X
STJOIZL,X,X
STJOLIZ,X,X
STJOLZI,X,X
STJOZIL,X,X
STJOZLI,X,X
STZILJO,X,X
STZILOJ,X,X
STZIJLO,X,X
STZIJOL,X,X
STZIOLJ,X,X
STZIOJL,X,X
STZLIJO,X,X
STZLIOJ,X,X
STZLJIO,X,X
STZLJOI,X,X
STZLOIJ,X,X
STZLOJI,X,X
STZJILO,X,X
STZJIOL,X,X
STZJLIO,X,X
STZJLOI,X,X
STZJOIL,X,X
STZJOLI,X,X
STZOILJ,X,X
STZOIJL,X,X
STZOLIJ,X,X
STZOLJI,X,X
STZOJIL,X,X
STZOJLI,X,X
STOILJZ,X,X
STOILZJ,X,X
STOIJLZ,X,X
STOIJZL,X,X
STOIZLJ,X,X
STOIZJL,X,X
STOLIJZ,X,X
STOLIZJ,X,X
STOLJIZ,X,X
STOLJZI,X,X
STOLZIJ,X,X
STOLZJI,X,X
STOJILZ,X,X
STOJIZL,X,X
STOJLIZ,X,X
STOJLZI,X,X
STOJZIL,X,X
STOJZLI,X,X
STOZILJ,X,X
STOZIJL,X,X
STOZLIJ,X,X
STOZLJI,X,X
STOZJIL,X,X
STOZJLI,X,X
SITLJZO,X,X
SITLJOZ,X,X
SITLZJO,X,X
SITLZOJ,X,X
SITLOJZ,X,X
SITLOZJ,X,X
SITJLZO,X,X
SITJLOZ,X,X
SITJZLO,X,X
SITJZOL,X,X
SITJOLZ,X,X
SITJOZL,X,X
SITZLJO,X,X
SITZLOJ,X,X
SITZJLO,X,X
SITZJOL,X,X
SITZOLJ,X,X
SITZOJL,X,X
SITOLJZ,X,X
SITOLZJ,X,X
SITOJLZ,X,X
SITOJZL,X,X
SITOZLJ,X,X
SITOZJL,X,X
SILTJZO,X,X
SILTJOZ,X,X
SILTZJO,X,X
SILTZOJ,X,X
SILTOJZ,X,X
SILTOZJ,X,X
SILJTZO,X,X
SILJTOZ,X,X
SILJZTO,X,O
SILJZOT,X,O
SILJOTZ,X,X
SILJOZT,X,O
SILZTJO,X,O
SILZTOJ,X,O
SILZJTO,X,O
SILZJOT,X,O
SILZOTJ,X,O
SILZOJT,X,O
SILOTJZ,X,X
SILOTZJ,X,X
SILOJTZ,X,X
SILOJZT,X,O
SILOZTJ,X,O
SILOZJT,X,O
SIJTLZO,X,X
SIJTLOZ,X,X
SIJTZLO,X,X
SIJTZOL,X,X
SIJTOLZ,X,X
SIJTOZL,X,X
SIJLTZO,X,X
SIJLTOZ,X,X
SIJLZTO,X,O
SIJLZOT,X,O
SIJLOTZ,X,X
SIJLOZT,X,O
SIJZTLO,X,O
SIJZTOL,X,O
SIJZLTO,X,O
SIJZLOT,X,O
SIJZOTL,X,O
SIJZOLT,X,O
SIJOTLZ,X,X
SIJOTZL,X,X
SIJOLTZ,X,X
SIJOLZT,X,O
SIJOZTL,X,O
SIJOZLT,X,O
SIZTLJO,X,O
SIZTLOJ,X,O
SIZTJLO,X,O
SIZTJOL,X,O
SIZTOLJ,X,O
SIZTOJL,X,O
SIZLTJO,X,O
SIZLTOJ,X,O
SIZLJTO,X,O
SIZLJOT,X,O
SIZLOTJ,X,O
SIZLOJT,X,O
SIZJTLO,X,O
SIZJTOL,X,O
SIZJLTO,X,O
SIZJLOT,X,O
SIZJOTL,X,O
SIZJOLT,X,O
SIZOTLJ,X,O
SIZOTJL,X,O
SIZOLTJ,X,O
SIZOLJT,X,O
SIZOJTL,X,O
SIZOJLT,X,O
SIOTLJZ,X,X
SIOTLZJ,X,X
SIOTJLZ,X,X
SIOTJZL,X,X
SIOTZLJ,X,X
SIOTZJL,X,X
SIOLTJZ,X,X
SIOLTZJ,X,X
SIOLJTZ,X,X
SIOLJZT,X,O
SIOLZTJ,X,O
SIOLZJT,X,O
SIOJTLZ,X,X
SIOJTZL,X,X
SIOJLTZ,X,X
SIOJLZT,X,O
SIOJZTL,X,O
SIOJZLT,X,O
SIOZTLJ,X,O
SIOZTJL,X,O
SIOZLTJ,X,O
SIOZLJT,X,O
SIOZJTL,X,O
SIOZJLT,X,O
SLTIJZO,X,X
SLTIJOZ,X,X
SLTIZJO,X,X
SLTIZOJ,X,X
SLTIOJZ,X,X
SLTIOZJ,X,X
SLTJIZO,X,X
SLTJIOZ,X,X
SLTJZIO,X,X
SLTJZOI,X,X
SLTJOIZ,X,X
SLTJOZI,X,X
SLTZIJO,X,X
SLTZIOJ,X,X
SLTZJIO,X,X
SLTZJOI,X,X
SLTZOIJ,X,X
SLTZOJI,X,X
SLTOIJZ,X,X
SLTOIZJ,X,X
SLTOJIZ,X,X
SLTOJZI,X,X
SLTOZIJ,X,X
SLTOZJI,X,X
SLITJZO,X,X
SLITJOZ,X,X
SLITZJO,X,X
SLITZOJ,X,X
SLITOJZ,X,X
SLITOZJ,X,X
SLIJTZO,X,X
SLIJTOZ,X,X
SLIJZTO,X,O
SLIJZOT,X,O
SLIJOTZ,X,X
SLIJOZT,X,O
SLIZTJO,X,O
SLIZTOJ,X,O
SLIZJTO,X,O
SLIZJOT,X,O
SLIZOTJ,X,O
SLIZOJT,X,O
SLIOTJZ,X,X
SLIOTZJ,X,X
SLIOJTZ,X,X
SLIOJZT,X,O
SLIOZTJ,X,O
SLIOZJT,X,O
SLJTIZO,X,X
SLJTIOZ,X,X
SLJTZIO,X,X
SLJTZOI,X,X
SLJTOIZ,X,X
SLJTOZI,X,X
SLJITZO,X,X
SLJITOZ,X,X
SLJIZTO,X,O
SLJIZOT,X,O
SLJIOTZ,X,X
SLJIOZT,X,O
SLJZTIO,X,O
SLJZTOI,X,O
SLJZITO,X,O
SLJZIOT,X,O
SLJZOTI,X,O
SLJZOIT,X,O
SLJOTIZ,X,X
SLJOTZI,X,X
SLJOITZ,X,X
SLJOIZT,X,O
SLJOZTI,X,O
SLJOZIT,X,O
SLZTIJO,X,O
SLZTIOJ,X,O
SLZTJIO,X,O
SLZTJOI,X,O
SLZTOIJ,X,O
SLZTOJI,X,O
SLZITJO,X,O
SLZITOJ,X,O
SLZIJTO,X,O
SLZIJOT,X,O
SLZIOTJ,X,O
SLZIOJT,X,O
SLZJTIO,X,O
SLZJTOI,X,O
SLZJITO,X,O
SLZJIOT,X,O
SLZJOTI,X,O
SLZJOIT,X,O
SLZOTIJ,X,O
SLZOTJI,X,O
SLZOITJ,X,O
SLZOIJT,X,O
SLZOJTI,X,O
SLZOJIT,X,O
SLOTIJZ,X,X
SLOTIZJ,X,X
SLOTJIZ,X,X
SLOTJZI,X,X
SLOTZIJ,X,X
SLOTZJI,X,X
SLOITJZ,X,X
SLOITZJ,X,X
SLOIJTZ,X,X
SLOIJZT,X,O
SLOIZTJ,X,O
SLOIZJT,X,O
SLOJTIZ,X,X
SLOJTZI,X,X
SLOJITZ,X,X
SLOJIZT,X,O
SLOJZTI,X,O
SLOJZIT,X,O
SLOZTIJ,X,O
SLOZTJI,X,O
SLOZITJ,X,O
SLOZIJT,X,O
SLOZJTI,X,O
SLOZJIT,X,O
SJTILZO,X,X
SJTILOZ,X,X
SJTIZLO,X,X
SJTIZOL,X,X
SJTIOLZ,X,X
SJTIOZL,X,X
SJTLIZO,X,X
SJTLIOZ,X,X
SJTLZIO,X,X
SJTLZOI,X,X
SJTLOIZ,X,X
SJTLOZI,X,X
SJTZILO,X,X
SJTZIOL,X,X
SJTZLIO,X,X
SJTZLOI,X,X
SJTZOIL,X,X
SJTZOLI,X,X
SJTOILZ,X,X
SJTOIZL,X,X
SJTOLIZ,X,X
SJTOLZI,X,X
SJTOZIL,X,X
SJTOZLI,X,X
SJITLZO,X,X
SJITLOZ,X,X
SJITZLO,X,X
SJITZOL,X,X
SJITOLZ,X,X
SJITOZL,X,X
SJILTZO,X,X
SJILTOZ,X,X
SJILZTO,X,O
SJILZOT,X,O
SJILOTZ,X,X
SJILOZT,X,O
SJIZTLO,X,O
SJIZTOL,X,O
SJIZLTO,X,O
SJIZLOT,X,O
SJIZOTL,X,O
SJIZOLT,X,O
SJIOTLZ,X,X
SJIOTZL,X,X
SJIOLTZ,X,X
SJIOLZT,X,O
SJIOZTL,X,O
SJIOZLT,X,O
SJLTIZO,X,X
SJLTIOZ,X,X
SJLTZIO,X,X
SJLTZOI,X,X
SJLTOIZ,X,X
SJLTOZI,X,X
SJLITZO,X,X
SJLITOZ,X,X
SJLIZTO,X,O
SJLIZOT,X,O
SJLIOTZ,X,X
SJLIOZT,X,O
SJLZTIO,X,O
SJLZTOI,X,O
SJLZITO,X,O
SJLZIOT,X,O
SJLZOTI,X,O
SJLZOIT,X,O
SJLOTIZ,X,X
SJLOTZI,X,X
SJLOITZ,X,X
SJLOIZT,X,O
SJLOZTI,X,O
SJLOZIT,X,O
SJZTILO,X,O
SJZTIOL,X,O
SJZTLIO,X,O
SJZTLOI,X,O
SJZTOIL,X,O
SJZTOLI,X,O
SJZITLO,X,O
SJZITOL,X,O
SJZILTO,X,O
SJZILOT,X,O
SJZIOTL,X,O
SJZIOLT,X,O
SJZLTIO,X,O
SJZLTOI,X,O
SJZLITO,X,O
SJZLIOT,X,O
SJZLOTI,X,O
SJZLOIT,X,O
SJZOTIL,X,O
SJZOTLI,X,O
SJZOITL,X,O
SJZOILT,X,O
SJZOLTI,X,O
SJZOLIT,X,O
SJOTILZ,X,X
SJOTIZL,X,X
SJOTLIZ,X,X
SJOTLZI,X,X
SJOTZIL,X,X
SJOTZLI,X,X
SJOITLZ,X,X
SJOITZL,X,X
SJOILTZ,X,X
SJOILZT,X,O
SJOIZTL,X,O
SJOIZLT,X,O
SJOLTIZ,X,X
SJOLTZI,X,X
SJOLITZ,X,X
SJOLIZT,X,O
SJOLZTI,X,O
SJOLZIT,X,O
SJOZTIL,X,O
SJOZTLI,X,O
SJOZITL,X,O
SJOZILT,X,O
SJOZLTI,X,O
SJOZLIT,X,O
SZTILJO,X,O
SZTILOJ,X,O
SZTIJLO,X,O
SZTIJOL,X,O
SZTIOLJ,X,O
SZTIOJL,X,O
SZTLIJO,X,O
SZTLIOJ,X,O
SZTLJIO,X,O
SZTLJOI,X,O
SZTLOIJ,X,O
SZTLOJI,X,O
SZTJILO,X,O
SZTJIOL,X,O
SZTJLIO,X,O
SZTJLOI,X,O
SZTJOIL,X,O
SZTJOLI,X,O
SZTOILJ,X,O
SZTOIJL,X,O
SZTOLIJ,X,O
SZTOLJI,X,O
SZTOJIL,X,O
SZTOJLI,X,O
SZITLJO,X,O
SZITLOJ,X,O
SZITJLO,X,O
SZITJOL,X,O
SZITOLJ,X,O
SZITOJL,X,O
SZILTJO,X,O
SZILTOJ,X,O
SZILJTO,X,O
SZILJOT,X,O
SZILOTJ,X,O
SZILOJT,X,O
SZIJTLO,X,O
SZIJTOL,X,O
SZIJLTO,X,O
SZIJLOT,X,O
SZIJOTL,X,O
SZIJOLT,X,O
SZIOTLJ,X,O
SZIOTJL,X,O
SZIOLTJ,X,O
SZIOLJT,X,O
SZIOJTL,X,O
SZIOJLT,X,O
SZLTIJO,X,O
SZLTIOJ,X,O
SZLTJIO,X,O
SZLTJOI,X,O
SZLTOIJ,X,O
SZLTOJI,X,O
SZLITJO,X,O
SZLITOJ,X,O
SZLIJTO,X,O
SZLIJOT,X,O
SZLIOTJ,X,O
SZLIOJT,X,O
SZLJTIO,X,O
SZLJTOI,X,O
SZLJITO,X,O
SZLJIOT,X,O
SZLJOTI,X,O
SZLJOIT,X,O
SZLOTIJ,X,O
SZLOTJI,X,O
SZLOITJ,X,O
SZLOIJT,X,O
SZLOJTI,X,O
SZLOJIT,X,O
SZJTILO,X,O
SZJTIOL,X,O
SZJTLIO,X,O
SZJTLOI,X,O
SZJTOIL,X,O
SZJTOLI,X,O
SZJITLO,X,O
SZJITOL,X,O
SZJILTO,X,O
SZJILOT,X,O
SZJIOTL,X,O
SZJIOLT,X,O
SZJLTIO,X,O
SZJLTOI,X,O
SZJLITO,X,O
SZJLIOT,X,O
SZJLOTI,X,O
SZJLOIT,X,O
SZJOTIL,X,O
SZJOTLI,X,O
SZJOITL,X,O
SZJOILT,X,O
SZJOLTI,X,O
SZJOLIT,X,O
SZOTILJ,X,O
SZOTIJL,X,O
SZOTLIJ,X,O
SZOTLJI,X,O
SZOTJIL,X,O
SZOTJLI,X,O
SZOITLJ,X,O
SZOITJL,X,O
SZOILTJ,X,O
SZOILJT,X,O
SZOIJTL,X,O
SZOIJLT,X,O
SZOLTIJ,X,O
SZOLTJI,X,O
SZOLITJ,X,O
SZOLIJT,X,O
SZOLJTI,X,O
SZOLJIT,X,O
SZOJTIL,X,O
SZOJTLI,X,O
SZOJITL,X,O
SZOJILT,X,O
SZOJLTI,X,O
SZOJLIT,X,O
SOTILJZ,X,X
SOTILZJ,X,X
SOTIJLZ,X,X
SOTIJZL,X,X
SOTIZLJ,X,X
SOTIZJL,X,X
SOTLIJZ,X,X
SOTLIZJ,X,X
SOTLJIZ,X,X
SOTLJZI,X,X
SOTLZIJ,X,X
SOTLZJI,X,X
SOTJILZ,X,X
SOTJIZL,X,X
SOTJLIZ,X,X
SOTJLZI,X,X
SOTJZIL,X,X
SOTJZLI,X,X
SOTZILJ,X,X
SOTZIJL,X,X
SOTZLIJ,X,X
SOTZLJI,X,X
SOTZJIL,X,X
SOTZJLI,X,X
SOITLJZ,X,X
SOITLZJ,X,X
SOITJLZ,X,X
SOITJZL,X,X
SOITZLJ,X,X
SOITZJL,X,X
SOILTJZ,X,X
SOILTZJ,X,X
SOILJTZ,X,X
SOILJZT,X,O
SOILZTJ,X,O
SOILZJT,X,O
SOIJTLZ,X,X
SOIJTZL,X,X
SOIJLTZ,X,X
SOIJLZT,X,O
SOIJZTL,X,O
SOIJZLT,X,O
SOIZTLJ,X,O
SOIZTJL,X,O
SOIZLTJ,X,O
SOIZLJT,X,O
SOIZJTL,X,O
SOIZJLT,X,O
SOLTIJZ,X,X
SOLTIZJ,X,X
SOLTJIZ,X,X
SOLTJZI,X,X
SOLTZIJ,X,X
SOLTZJI,X,X
SOLITJZ,X,X
SOLITZJ,X,X
SOLIJTZ,X,X
SOLIJZT,X,O
SOLIZTJ,X,O
SOLIZJT,X,O
SOLJTIZ,X,X
SOLJTZI,X,X
SOLJITZ,X,X
SOLJIZT,X,O
SOLJZTI,X,O
SOLJZIT,X,O
SOLZTIJ,X,O
SOLZTJI,X,O
SOLZITJ,X,O
SOLZIJT,X,O
SOLZJTI,X,O
SOLZJIT,X,O
SOJTILZ,X,X
SOJTIZL,X,X
SOJTLIZ,X,X
SOJTLZI,X,X
SOJTZIL,X,X
SOJTZLI,X,X
SOJITLZ,X,X
SOJITZL,X,X
SOJILTZ,X,X
SOJILZT,X,O
SOJIZTL,X,O
SOJIZLT,X,O
SOJLTIZ,X,X
SOJLTZI,X,X
SOJLITZ,X,X
SOJLIZT,X,O
SOJLZTI,X,O
SOJLZIT,X,O
SOJZTIL,X,O
SOJZTLI,X,O
SOJZITL,X,O
SOJZILT,X,O
SOJZLTI,X,O
SOJZLIT,X,O
SOZTILJ,X,O
SOZTIJL,X,O
SOZTLIJ,X,O
SOZTLJI,X,O
SOZTJIL,X,O
SOZTJLI,X,O
SOZITLJ,X,O
SOZITJL,X,O
SOZILTJ,X,O
SOZILJT,X,O
SOZIJTL,X,O
SOZIJLT,X,O
SOZLTIJ,X,O
SOZLTJI,X,O
SOZLITJ,X,O
SOZLIJT,X,O
SOZLJTI,X,O
SOZLJIT,X,O
SOZJTIL,X,O
SOZJTLI,X,O
SOZJITL,X,O
SOZJILT,X,O
SOZJLTI,X,O
SOZJLIT,X,O
ZTILJSO,O,O
ZTILJOS,X,X
ZTILSJO,O,O
ZTILSOJ,X,O
ZTILOJS,X,X
ZTILOSJ,X,X
ZTIJLSO,O,O
ZTIJLOS,X,X
ZTIJSLO,O,O
ZTIJSOL,X,O
ZTIJOLS,X,X
ZTIJOSL,X,X
ZTISLJO,O,O
ZTISLOJ,X,O
ZTISJLO,O,O
ZTISJOL,X,O
ZTISOLJ,X,O
ZTISOJL,X,O
ZTIOLJS,X,X
ZTIOLSJ,X,X
ZTIOJLS,X,X
ZTIOJSL,X,X
ZTIOSLJ,X,X
ZTIOSJL,X,X
ZTLIJSO,O,O
ZTLIJOS,X,X
ZTLISJO,O,O
ZTLISOJ,X,O
ZTLIOJS,X,X
ZTLIOSJ,X,X
ZTLJISO,O,O
ZTLJIOS,X,X
ZTLJSIO,O,X
ZTLJSOI,X,X
ZTLJOIS,X,X
ZTLJOSI,X,X
ZTLSIJO,O,X
ZTLSIOJ,X,X
ZTLSJIO,O,X
ZTLSJOI,X,X
ZTLSOIJ,X,X
ZTLSOJI,X,X
ZTLOIJS,X,X
ZTLOISJ,X,X
ZTLOJIS,X,X
ZTLOJSI,X,X
ZTLOSIJ,X,X
ZTLOSJI,X,X
ZTJILSO,O,O
ZTJILOS,X,X
ZTJISLO,O,O
ZTJISOL,X,O
ZTJIOLS,X,X
ZTJIOSL,X,X
ZTJLISO,O,O
ZTJLIOS,X,X
ZTJLSIO,O,X
ZTJLSOI,X,X
ZTJLOIS,X,X
ZTJLOSI,X,X
ZTJSILO,O,X
ZTJSIOL,X,X
ZTJSLIO,O,X
ZTJSLOI,X,X
ZTJSOIL,X,X
ZTJSOLI,X,X
ZTJOILS,X,X
ZTJOISL,X,X
ZTJOLIS,X,X
ZTJOLSI,X,X
ZTJOSIL,X,X
ZTJOSLI,X,X
ZTSILJO,O,X
ZTSILOJ,X,X
ZTSIJLO,O,X
ZTSIJOL,X,X
ZTSIOLJ,X,X
ZTSIOJL,X,X
ZTSLIJO,O,X
ZTSLIOJ,X,X
ZTSLJIO,O,X
ZTSLJOI,X,X
ZTSLOIJ,X,X
ZTSLOJI,X,X
ZTSJILO,O,X
ZTSJIOL,X,X
ZTSJLIO,O,X
ZTSJLOI,X,X
ZTSJOIL,X,X
ZTSJOLI,X,X
ZTSOILJ,X,X
ZTSOIJL,X,X
ZTSOLIJ,X,X
ZTSOLJI,X,X
ZTSOJIL,X,X
ZTSOJLI,X,X
ZTOILJS,X,X
ZTOILSJ,X,X
ZTOIJLS,X,X
ZTOIJSL,X,X
ZTOISLJ,X,X
ZTOISJL,X,X
ZTOLIJS,X,X
ZTOLISJ,X,X
ZTOLJIS,X,X
ZTOLJSI,X,X
ZTOLSIJ,X,X
ZTOLSJI,X,X
ZTOJILS,X,X
ZTOJISL,X,X
ZTOJLIS,X,X
ZTOJLSI,X,X
ZTOJSIL,X,X
ZTOJSLI,X,X
ZTOSILJ,X,X
ZTOSIJL,X,X
ZTOSLIJ,X,X
ZTOSLJI,X,X
ZTOSJIL,X,X
ZTOSJLI,X,X
ZITLJSO,O,O
ZITLJOS,X,X
ZITLSJO,O,O
ZITLSOJ,X,O
ZITLOJS,X,X
ZITLOSJ,X,X
ZITJLSO,O,O
ZITJLOS,X,X
ZITJSLO,O,O
ZITJSOL,X,O
ZITJOLS,X,X
ZITJOSL,X,X
ZITSLJO,O,O
ZITSLOJ,X,O
ZITSJLO,O,O
ZITSJOL,X,O
ZITSOLJ,X,O
ZITSOJL,X,O
ZITOLJS,X,X
ZITOLSJ,X,X
ZITOJLS,X,X
ZITOJSL,X,X
ZITOSLJ,X,X
ZITOSJL,X,X
ZILTJSO,O,O
ZILTJOS,X,X
ZILTSJO,O,O
ZILTSOJ,X,O
ZILTOJS,X,X
ZILTOSJ,X,X
ZILJTSO,O,O
ZILJTOS,X,X
ZILJSTO,O,O
ZILJSOT,X,O
ZILJOTS,O,X
ZILJOST,O,X
ZILSTJO,O,O
ZILSTOJ,X,O
ZILSJTO,O,O
ZILSJOT,X,O
ZILSOTJ,X,O
ZILSOJT,X,O
ZILOTJS,O,X
ZILOTSJ,O,X
ZILOJTS,O,X
ZILOJST,O,X
ZILOSTJ,O,X
ZILOSJT,O,X
ZIJTLSO,O,O
ZIJTLOS,X,X
ZIJTSLO,O,O
ZIJTSOL,X,O
ZIJTOLS,X,X
ZIJTOSL,X,X
ZIJLTSO,O,O
ZIJLTOS,X,X
ZIJLSTO,O,O
ZIJLSOT,X,O
ZIJLOTS,O,X
ZIJLOST,O,X
ZIJSTLO,O,O
ZIJSTOL,X,O
ZIJSLTO,O,O
ZIJSLOT,X,O
ZIJSOTL,X,O
ZIJSOLT,X,O
ZIJOTLS,O,X
ZIJOTSL,O,X
ZIJOLTS,O,X
ZIJOLST,O,X
ZIJOSTL,O,X
ZIJOSLT,O,X
ZISTLJO,O,O
ZISTLOJ,X,O
ZISTJLO,O,O
ZISTJOL,X,O
ZISTOLJ,X,O
ZISTOJL,X,O
ZISLTJO,O,O
ZISLTOJ,X,O
ZISLJTO,O,O
ZISLJOT,X,O
ZISLOTJ,X,O
ZISLOJT,X,O
ZISJTLO,O,O
ZISJTOL,X,O
ZISJLTO,O,O
ZISJLOT,X,O
ZISJOTL,X,O
ZISJOLT,X,O
ZISOTLJ,X,O
ZISOTJL,X,O
ZISOLTJ,X,O
ZISOLJT,X,O
ZISOJTL,X,O
ZISOJLT,X,O
ZIOTLJS,O,X
ZIOTLSJ,O,X
ZIOTJLS,O,X
ZIOTJSL,O,X
ZIOTSLJ,O,X
ZIOTSJL,O,X
ZIOLTJS,O,X
ZIOLTSJ,O,X
ZIOLJTS,O,X
ZIOLJST,O,X
ZIOLSTJ,O,X
ZIOLSJT,O,X
ZIOJTLS,O,X
ZIOJTSL,O,X
ZIOJLTS,O,X
ZIOJLST,O,X
ZIOJSTL,O,X
ZIOJSLT,O,X
ZIOSTLJ,O,X
ZIOSTJL,O,X
ZIOSLTJ,O,X
ZIOSLJT,O,X
ZIOSJTL,O,X
ZIOSJLT,O,X
ZLTIJSO,O,O
ZLTIJOS,X,X
ZLTISJO,O,O
ZLTISOJ,X,O
ZLTIOJS,X,X
ZLTIOSJ,X,X
ZLTJISO,O,O
ZLTJIOS,X,X
ZLTJSIO,O,X
ZLTJSOI,X,X
ZLTJOIS,X,X
ZLTJOSI,X,X
ZLTSIJO,O,X
ZLTSIOJ,X,X
ZLTSJIO,O,X
ZLTSJOI,X,X
ZLTSOIJ,X,X
ZLTSOJI,X,X
ZLTOIJS,X,X
ZLTOISJ,X,X
ZLTOJIS,X,X
ZLTOJSI,X,X
ZLTOSIJ,X,X
ZLTOSJI,X,X
ZLITJSO,O,O
ZLITJOS,X,X
ZLITSJO,O,O
ZLITSOJ,X,O
ZLITOJS,X,X
ZLITOSJ,X,X
ZLIJTSO,O,O
ZLIJTOS,X,X
ZLIJSTO,O,O
ZLIJSOT,X,O
ZLIJOTS,O,X
ZLIJOST,O,X
ZLISTJO,O,O
ZLISTOJ,X,O
ZLISJTO,O,O
ZLISJOT,X,O
ZLISOTJ,X,O
ZLISOJT,X,O
ZLIOTJS,O,X
ZLIOTSJ,O,X
ZLIOJTS,O,X
ZLIOJST,O,X
ZLIOSTJ,O,X
ZLIOSJT,O,X
ZLJTISO,O,O
ZLJTIOS,X,X
ZLJTSIO,O,X
ZLJTSOI,X,X
ZLJTOIS,X,X
ZLJTOSI,X,X
ZLJITSO,O,O
ZLJITOS,X,X
ZLJISTO,O,O
ZLJISOT,X,O
ZLJIOTS,O,X
ZLJIOST,O,X
ZLJSTIO,O,X
ZLJSTOI,X,X
ZLJSITO,O,X
ZLJSIOT,X,X
ZLJSOTI,X,X
ZLJSOIT,X,X
ZLJOTIS,O,X
ZLJOTSI,O,X
ZLJOITS,O,X
ZLJOIST,O,X
ZLJOSTI,O,X
ZLJOSIT,O,X
ZLSTIJO,O,X
ZLSTIOJ,X,X
ZLSTJIO,O,X
ZLSTJOI,X,X
ZLSTOIJ,X,X
ZLSTOJI,X,X
ZLSITJO,O,X
ZLSITOJ,X,X
ZLSIJTO,O,X
ZLSIJOT,X,X
ZLSIOTJ,X,X
ZLSIOJT,X,X
ZLSJTIO,O,X
ZLSJTOI,X,X
ZLSJITO,O,X
ZLSJIOT,X,X
ZLSJOTI,X,X
ZLSJOIT,X,X
ZLSOTIJ,X,X
ZLSOTJI,X,X
ZLSOITJ,X,X
ZLSOIJT,X,X
ZLSOJTI,X,X
ZLSOJIT,X,X
ZLOTIJS,O,X
ZLOTISJ,O,X
ZLOTJIS,O,X
ZLOTJSI,O,X
ZLOTSIJ,O,X
ZLOTSJI,O,X
ZLOITJS,O,X
ZLOITSJ,O,X
ZLOIJTS,O,X
ZLOIJST,O,X
ZLOISTJ,O,X
ZLOISJT,O,X
ZLOJTIS,O,X
ZLOJTSI,O,X
ZLOJITS,O,X
ZLOJIST,O,X
ZLOJSTI,O,X
ZLOJSIT,O,X
ZLOSTIJ,O,X
ZLOSTJI,O,X
ZLOSITJ,O,X
ZLOSIJT,O,X
ZLOSJTI,O,X
ZLOSJIT,O,X
ZJTILSO,O,O
ZJTILOS,X,X
ZJTISLO,O,O
ZJTISOL,X,O
ZJTIOLS,X,X
ZJTIOSL,X,X
ZJTLISO,O,O
ZJTLIOS,X,X
ZJTLSIO,O,X
ZJTLSOI,X,X
ZJTLOIS,X,X
ZJTLOSI,X,X
ZJTSILO,O,X
ZJTSIOL,X,X
ZJTSLIO,O,X
ZJTSLOI,X,X
ZJTSOIL,X,X
ZJTSOLI,X,X
ZJTOILS,X,X
ZJTOISL,X,X
ZJTOLIS,X,X
ZJTOLSI,X,X
ZJTOSIL,X,X
ZJTOSLI,X,X
ZJITLSO,O,O
ZJITLOS,X,X
ZJITSLO,O,O
ZJITSOL,X,O
ZJITOLS,X,X
ZJITOSL,X,X
ZJILTSO,O,O
ZJILTOS,X,X
ZJILSTO,O,O
ZJILSOT,X,O
ZJILOTS,O,X
ZJILOST,O,X
ZJISTLO,O,O
ZJISTOL,X,O
ZJISLTO,O,O
ZJISLOT,X,O
ZJISOTL,X,O
ZJISOLT,X,O
ZJIOTLS,O,X
ZJIOTSL,O,X
ZJIOLTS,O,X
ZJIOLST,O,X
ZJIOSTL,O,X
ZJIOSLT,O,X
ZJLTISO,O,O
ZJLTIOS,X,X
ZJLTSIO,O,X
ZJLTSOI,X,X
ZJLTOIS,X,X
ZJLTOSI,X,X
ZJLITSO,O,O
ZJLITOS,X,X
ZJLISTO,O,O
ZJLISOT,X,O
ZJLIOTS,O,X
ZJLIOST,O,X
ZJLSTIO,O,X
ZJLSTOI,X,X
ZJLSITO,O,X
ZJLSIOT,X,X
ZJLSOTI,X,X
ZJLSOIT,X,X
ZJLOTIS,O,X
ZJLOTSI,O,X
ZJLOITS,O,X
ZJLOIST,O,X
ZJLOSTI,O,X
ZJLOSIT,O,X
ZJSTILO,O,X
ZJSTIOL,X,X
ZJSTLIO,O,X
ZJSTLOI,X,X
ZJSTOIL,X,X
ZJSTOLI,X,X
ZJSITLO,O,X
ZJSITOL,X,X
ZJSILTO,O,X
ZJSILOT,X,X
ZJSIOTL,X,X
ZJSIOLT,X,X
ZJSLTIO,O,X
ZJSLTOI,X,X
ZJSLITO,O,X
ZJSLIOT,X,X
ZJSLOTI,X,X
ZJSLOIT,X,X
ZJSOTIL,X,X
ZJSOTLI,X,X
ZJSOITL,X,X
ZJSOILT,X,X
ZJSOLTI,X,X
ZJSOLIT,X,X
ZJOTILS,O,X
ZJOTISL,O,X
ZJOTLIS,O,X
ZJOTLSI,O,X
ZJOTSIL,O,X
ZJOTSLI,O,X
ZJOITLS,O,X
ZJOITSL,O,X
ZJOILTS,O,X
ZJOILST,O,X
ZJOISTL,O,X
ZJOISLT,O,X
ZJOLTIS,O,X
ZJOLTSI,O,X
ZJOLITS,O,X
ZJOLIST,O,X
ZJOLSTI,O,X
ZJOLSIT,O,X
ZJOSTIL,O,X
ZJOSTLI,O,X
ZJOSITL,O,X
ZJOSILT,O,X
ZJOSLTI,O,X
ZJOSLIT,O,X
ZSTILJO,O,X
ZSTILOJ,X,X
ZSTIJLO,O,X
ZSTIJOL,X,X
ZSTIOLJ,X,X
ZSTIOJL,X,X
ZSTLIJO,O,X
ZSTLIOJ,X,X
ZSTLJIO,O,X
ZSTLJOI,X,X
ZSTLOIJ,X,X
ZSTLOJI,X,X
ZSTJILO,O,X
ZSTJIOL,X,X
ZSTJLIO,O,X
ZSTJLOI,X,X
ZSTJOIL,X,X
ZSTJOLI,X,X
ZSTOILJ,X,X
ZSTOIJL,X,X
ZSTOLIJ,X,X
ZSTOLJI,X,X
ZSTOJIL,X,X
ZSTOJLI,X,X
ZSITLJO,O,X
ZSITLOJ,X,X
ZSITJLO,O,X
ZSITJOL,X,X
ZSITOLJ,X,X
ZSITOJL,X,X
ZSILTJO,O,X
ZSILTOJ,X,X
ZSILJTO,O,X
ZSILJOT,X,X
ZSILOTJ,X,X
ZSILOJT,X,X
ZSIJTLO,O,X
ZSIJTOL,X,X
ZSIJLTO,O,X
ZSIJLOT,X,X
ZSIJOTL,X,X
ZSIJOLT,X,X
ZSIOTLJ,X,X
ZSIOTJL,X,X
ZSIOLTJ,X,X
ZSIOLJT,X,X
ZSIOJTL,X,X
ZSIOJLT,X,X
ZSLTIJO,O,X
ZSLTIOJ,X,X
ZSLTJIO,O,X
ZSLTJOI,X,X
ZSLTOIJ,X,X
ZSLTOJI,X,X
ZSLITJO,O,X
ZSLITOJ,X,X
ZSLIJTO,O,X
ZSLIJOT,X,X
ZSLIOTJ,X,X
ZSLIOJT,X,X
ZSLJTIO,O,X
ZSLJTOI,X,X
ZSLJITO,O,X
ZSLJIOT,X,X
ZSLJOTI,X,X
ZSLJOIT,X,X
ZSLOTIJ,X,X
ZSLOTJI,X,X
ZSLOITJ,X,X
ZSLOIJT,X,X
ZSLOJTI,X,X
ZSLOJIT,X,X
ZSJTILO,O,X
ZSJTIOL,X,X
ZSJTLIO,O,X
ZSJTLOI,X,X
ZSJTOIL,X,X
ZSJTOLI,X,X
ZSJITLO,O,X
ZSJITOL,X,X
ZSJILTO,O,X
ZSJILOT,X,X
ZSJIOTL,X,X
ZSJIOLT,X,X
ZSJLTIO,O,X
ZSJLTOI,X,X
ZSJLITO,O,X
ZSJLIOT,X,X
ZSJLOTI,X,X
ZSJLOIT,X,X
ZSJOTIL,X,X
ZSJOTLI,X,X
ZSJOITL,X,X
ZSJOILT,X,X
ZSJOLTI,X,X
ZSJOLIT,X,X
ZSOTILJ,X,X
ZSOTIJL,X,X
ZSOTLIJ,X,X
ZSOTLJI,X,X
ZSOTJIL,X,X
ZSOTJLI,X,X
ZSOITLJ,X,X
ZSOITJL,X,X
ZSOILTJ,X,X
ZSOILJT,X,X
ZSOIJTL,X,X
ZSOIJLT,X,X
ZSOLTIJ,X,X
ZSOLTJI,X,X
ZSOLITJ,X,X
ZSOLIJT,X,X
ZSOLJTI,X,X
ZSOLJIT,X,X
ZSOJTIL,X,X
ZSOJTLI,X,X
ZSOJITL,X,X
ZSOJILT,X,X
ZSOJLTI,X,X
ZSOJLIT,X,X
ZOTILJS,O,X
ZOTILSJ,O,X
ZOTIJLS,O,X
ZOTIJSL,O,X
ZOTISLJ,O,X
ZOTISJL,O,X
ZOTLIJS,O,X
ZOTLISJ,O,X
ZOTLJIS,O,X
ZOTLJSI,O,X
ZOTLSIJ,O,X
ZOTLSJI,O,X
ZOTJILS,O,X
ZOTJISL,O,X
ZOTJLIS,O,X
ZOTJLSI,O,X
ZOTJSIL,O,X
ZOTJSLI,O,X
ZOTSILJ,O,X
ZOTSIJL,O,X
ZOTSLIJ,O,X
ZOTSLJI,O,X
ZOTSJIL,O,X
ZOTSJLI,O,X
ZOITLJS,O,X
ZOITLSJ,O,X
ZOITJLS,O,X
ZOITJSL,O,X
ZOITSLJ,O,X
ZOITSJL,O,X
ZOILTJS,O,X
ZOILTSJ,O,X
ZOILJTS,O,X
ZOILJST,O,X
ZOILSTJ,O,X
ZOILSJT,O,X
ZOIJTLS,O,X
ZOIJTSL,O,X
ZOIJLTS,O,X
ZOIJLST,O,X
ZOIJSTL,O,X
ZOIJSLT,O,X
ZOISTLJ,O,X
ZOISTJL,O,X
ZOISLTJ,O,X
ZOISLJT,O,X
ZOISJTL,O,X
ZOISJLT,O,X
ZOLTIJS,O,X
ZOLTISJ,O,X
ZOLTJIS,O,X
ZOLTJSI,O,X
ZOLTSIJ,O,X
ZOLTSJI,O,X
ZOLITJS,O,X
ZOLITSJ,O,X
ZOLIJTS,O,X
ZOLIJST,O,X
ZOLISTJ,O,X
ZOLISJT,O,X
ZOLJTIS,O,X
ZOLJTSI,O,X
ZOLJITS,O,X
ZOLJIST,O,X
ZOLJSTI,O,X
ZOLJSIT,O,X
ZOLSTIJ,O,X
ZOLSTJI,O,X
ZOLSITJ,O,X
ZOLSIJT,O,X
ZOLSJTI,O,X
ZOLSJIT,O,X
ZOJTILS,O,X
ZOJTISL,O,X
ZOJTLIS,O,X
ZOJTLSI,O,X
ZOJTSIL,O,X
ZOJTSLI,O,X
ZOJITLS,O,X
ZOJITSL,O,X
ZOJILTS,O,X
ZOJILST,O,X
ZOJISTL,O,X
ZOJISLT,O,X
ZOJLTIS,O,X
ZOJLTSI,O,X
ZOJLITS,O,X
ZOJLIST,O,X
ZOJLSTI,O,X
ZOJLSIT,O,X
ZOJSTIL,O,X
ZOJSTLI,O,X
ZOJSITL,O,X
ZOJSILT,O,X
ZOJSLTI,O,X
ZOJSLIT,O,X
ZOSTILJ,O,X
ZOSTIJL,O,X
ZOSTLIJ,O,X
ZOSTLJI,O,X
ZOSTJIL,O,X
ZOSTJLI,O,X
ZOSITLJ,O,X
ZOSITJL,O,X
ZOSILTJ,O,X
ZOSILJT,O,X
ZOSIJTL,O,X
ZOSIJLT,O,X
ZOSLTIJ,O,X
ZOSLTJI,O,X
ZOSLITJ,O,X
ZOSLIJT,O,X
ZOSLJTI,O,X
ZOSLJIT,O,X
ZOSJTIL,O,X
ZOSJTLI,O,X
ZOSJITL,O,X
ZOSJILT,O,X
ZOSJLTI,O,X
ZOSJLIT,O,X
OTILJSZ,X,X
OTILJZS,O,X
OTILSJZ,X,X
OTILSZJ,X,X
OTILZJS,O,X
OTILZSJ,O,X
OTIJLSZ,X,X
OTIJLZS,O,X
OTIJSLZ,X,X
OTIJSZL,X,X
OTIJZLS,O,X
OTIJZSL,O,X
OTISLJZ,X,X
OTISLZJ,X,X
OTISJLZ,X,X
OTISJZL,X,X
OTISZLJ,X,X
OTISZJL,X,X
OTIZLJS,O,X
OTIZLSJ,O,X
OTIZJLS,O,X
OTIZJSL,O,X
OTIZSLJ,O,X
OTIZSJL,O,X
OTLIJSZ,X,X
OTLIJZS,O,X
OTLISJZ,X,X
OTLISZJ,X,X
OTLIZJS,O,X
OTLIZSJ,O,X
OTLJISZ,X,X
OTLJIZS,O,X
OTLJSIZ,X,X
OTLJSZI,X,X
OTLJZIS,O,X
OTLJZSI,O,X
OTLSIJZ,X,X
OTLSIZJ,X,X
OTLSJIZ,X,X
OTLSJZI,X,X
OTLSZIJ,X,X
OTLSZJI,X,X
OTLZIJS,O,X
OTLZISJ,O,X
OTLZJIS,O,X
OTLZJSI,O,X
OTLZSIJ,O,X
OTLZSJI,O,X
OTJILSZ,X,X
OTJILZS,O,X
OTJISLZ,X,X
OTJISZL,X,X
OTJIZLS,O,X
OTJIZSL,O,X
OTJLISZ,X,X
OTJLIZS,O,X
OTJLSIZ,X,X
OTJLSZI,X,X
OTJLZIS,O,X
OTJLZSI,O,X
OTJSILZ,X,X
OTJSIZL,X,X
OTJSLIZ,X,X
OTJSLZI,X,X
OTJSZIL,X,X
OTJSZLI,X,X
OTJZILS,O,X
OTJZISL,O,X
OTJZLIS,O,X
OTJZLSI,O,X
OTJZSIL,O,X
OTJZSLI,O,X
OTSILJZ,X,X
OTSILZJ,X,X
OTSIJLZ,X,X
OTSIJZL,X,X
OTSIZLJ,X,X
OTSIZJL,X,X
OTSLIJZ,X,X
OTSLIZJ,X,X
OTSLJIZ,X,X
OTSLJZI,X,X
OTSLZIJ,X,X
OTSLZJI,X,X
OTSJILZ,X,X
OTSJIZL,X,X
OTSJLIZ,X,X
OTSJLZI,X,X
OTSJZIL,X,X
OTSJZLI,X,X
OTSZILJ,X,X
OTSZIJL,X,X
OTSZLIJ,X,X
OTSZLJI,X,X
OTSZJIL,X,X
OTSZJLI,X,X
OTZILJS,O,X
OTZILSJ,O,X
OTZIJLS,O,X
OTZIJSL,O,X
OTZISLJ,O,X
OTZISJL,O,X
OTZLIJS,O,X
OTZLISJ,O,X
OTZLJIS,O,X
OTZLJSI,O,X
OTZLSIJ,O,X
OTZLSJI,O,X
OTZJILS,O,X
OTZJISL,O,X
OTZJLIS,O,X
OTZJLSI,O,X
OTZJSIL,O,X
OTZJSLI,O,X
OTZSILJ,O,X
OTZSIJL,O,X
OTZSLIJ,O,X
OTZSLJI,O,X
OTZSJIL,O,X
OTZSJLI,O,X
OITLJSZ,X,X
OITLJZS,O,X
OITLSJZ,X,X
OITLSZJ,X,X
OITLZJS,O,X
OITLZSJ,O,X
OITJLSZ,X,X
OITJLZS,O,X
OITJSLZ,X,X
OITJSZL,X,X
OITJZLS,O,X
OITJZSL,O,X
OITSLJZ,X,X
OITSLZJ,X,X
OITSJLZ,X,X
OITSJZL,X,X
OITSZLJ,X,X
OITSZJL,X,X
OITZLJS,O,X
OITZLSJ,O,X
OITZJLS,O,X
OITZJSL,O,X
OITZSLJ,O,X
OITZSJL,O,X
OILTJSZ,X,X
OILTJZS,O,X
OILTSJZ,X,X
OILTSZJ,X,X
OILTZJS,O,X
OILTZSJ,O,X
OILJTSZ,X,X
OILJTZS,O,X
OILJSTZ,X,X
OILJSZT,X,X
OILJZTS,O,X
OILJZST,O,X
OILSTJZ,X,X
OILSTZJ,X,X
OILSJTZ,X,X
OILSJZT,X,X
OILSZTJ,X,X
OILSZJT,X,X
OILZTJS,O,X
OILZTSJ,O,X
OILZJTS,O,X
OILZJST,O,X
OILZSTJ,O,X
OILZSJT,O,X
OIJTLSZ,X,X
OIJTLZS,O,X
OIJTSLZ,X,X
OIJTSZL,X,X
OIJTZLS,O,X
OIJTZSL,O,X
OIJLTSZ,X,X
OIJLTZS,O,X
OIJLSTZ,X,X
OIJLSZT,X,X
OIJLZTS,O,X
OIJLZST,O,X
OIJSTLZ,X,X
OIJSTZL,X,X
OIJSLTZ,X,X
OIJSLZT,X,X
OIJSZTL,X,X
OIJSZLT,X,X
OIJZTLS,O,X
OIJZTSL,O,X
OIJZLTS,O,X
OIJZLST,O,X
OIJZSTL,O,X
OIJZSLT,O,X
OISTLJZ,X,X
OISTLZJ,X,X
OISTJLZ,X,X
OISTJZL,X,X
OISTZLJ,X,X
OISTZJL,X,X
OISLTJZ,X,X
OISLTZJ,X,X
OISLJTZ,X,X
OISLJZT,X,X
OISLZTJ,X,X
OISLZJT,X,X
OISJTLZ,X,X
OISJTZL,X,X
OISJLTZ,X,X
OISJLZT,X,X
OISJZTL,X,X
OISJZLT,X,X
OISZTLJ,X,X
OISZTJL,X,X
OISZLTJ,X,X
OISZLJT,X,X
OISZJTL,X,X
OISZJLT,X,X
OIZTLJS,O,X
OIZTLSJ,O,X
OIZTJLS,O,X
OIZTJSL,O,X
OIZTSLJ,O,X
OIZTSJL,O,X
OIZLTJS,O,X
OIZLTSJ,O,X
OIZLJTS,O,X
OIZLJST,O,X
OIZLSTJ,O,X
OIZLSJT,O,X
OIZJTLS,O,X
OIZJTSL,O,X
OIZJLTS,O,X
OIZJLST,O,X
OIZJSTL,O,X
OIZJSLT,O,X
OIZSTLJ,O,X
OIZSTJL,O,X
OIZSLTJ,O,X
OIZSLJT,O,X
OIZSJTL,O,X
OIZSJLT,O,X
OLTIJSZ,X,X
OLTIJZS,O,X
OLTISJZ,X,X
OLTISZJ,X,X
OLTIZJS,O,X
OLTIZSJ,O,X
OLTJISZ,X,X
OLTJIZS,O,X
OLTJSIZ,X,X
OLTJSZI,X,X
OLTJZIS,O,X
OLTJZSI,O,X
OLTSIJZ,X,X
OLTSIZJ,X,X
OLTSJIZ,X,X
OLTSJZI,X,X
OLTSZIJ,X,X
OLTSZJI,X,X
OLTZIJS,O,X
OLTZISJ,O,X
OLTZJIS,O,X
OLTZJSI,O,X
OLTZSIJ,O,X
OLTZSJI,O,X
OLITJSZ,X,X
OLITJZS,O,X
OLITSJZ,X,X
OLITSZJ,X,X
OLITZJS,O,X
OLITZSJ,O,X
OLIJTSZ,X,X
OLIJTZS,O,X
OLIJSTZ,X,X
OLIJSZT,X,X
OLIJZTS,O,X
OLIJZST,O,X
OLISTJZ,X,X
OLISTZJ,X,X
OLISJTZ,X,X
OLISJZT,X,X
OLISZTJ,X,X
OLISZJT,X,X
OLIZTJS,O,X
OLIZTSJ,O,X
OLIZJTS,O,X
OLIZJST,O,X
OLIZSTJ,O,X
OLIZSJT,O,X
OLJTISZ,X,X
OLJTIZS,O,X
OLJTSIZ,X,X
OLJTSZI,X,X
OLJTZIS,O,X
OLJTZSI,O,X
OLJITSZ,X,X
OLJITZS,O,X
OLJISTZ,X,X
OLJISZT,X,X
OLJIZTS,O,X
OLJIZST,O,X
OLJSTIZ,X,X
OLJSTZI,X,X
OLJSITZ,X,X
OLJSIZT,X,X
OLJSZTI,X,X
OLJSZIT,X,X
OLJZTIS,O,X
OLJZTSI,O,X
OLJZITS,O,X
OLJZIST,O,X
OLJZSTI,O,X
OLJZSIT,O,X
OLSTIJZ,X,X
OLSTIZJ,X,X
OLSTJIZ,X,X
OLSTJZI,X,X
OLSTZIJ,X,X
OLSTZJI,X,X
OLSITJZ,X,X
OLSITZJ,X,X
OLSIJTZ,X,X
OLSIJZT,X,X
OLSIZTJ,X,X
OLSIZJT,X,X
OLSJTIZ,X,X
OLSJTZI,X,X
OLSJITZ,X,X
OLSJIZT,X,X
OLSJZTI,X,X
OLSJZIT,X,X
OLSZTIJ,X,X
OLSZTJI,X,X
OLSZITJ,X,X
OLSZIJT,X,X
OLSZJTI,X,X
OLSZJIT,X,X
OLZTIJS,O,X
OLZTISJ,O,X
OLZTJIS,O,X
OLZTJSI,O,X
OLZTSIJ,O,X
OLZTSJI,O,X
OLZITJS,O,X
OLZITSJ,O,X
OLZIJTS,O,X
OLZIJST,O,X
OLZISTJ,O,X
OLZISJT,O,X
OLZJTIS,O,X
OLZJTSI,O,X
OLZJITS,O,X
OLZJIST,O,X
OLZJSTI,O,X
OLZJSIT,O,X
OLZSTIJ,O,X
OLZSTJI,O,X
OLZSITJ,O,X
OLZSIJT,O,X
OLZSJTI,O,X
OLZSJIT,O,X
OJTILSZ,X,X
OJTILZS,O,X
OJTISLZ,X,X
OJTISZL,X,X
OJTIZLS,O,X
OJTIZSL,O,X
OJTLISZ,X,X
OJTLIZS,O,X
OJTLSIZ,X,X
OJTLSZI,X,X
OJTLZIS,O,X
OJTLZSI,O,X
OJTSILZ,X,X
OJTSIZL,X,X
OJTSLIZ,X,X
OJTSLZI,X,X
OJTSZIL,X,X
OJTSZLI,X,X
OJTZILS,O,X
OJTZISL,O,X
OJTZLIS,O,X
OJTZLSI,O,X
OJTZSIL,O,X
OJTZSLI,O,X
OJITLSZ,X,X
OJITLZS,O,X
OJITSLZ,X,X
OJITSZL,X,X
OJITZLS,O,X
OJITZSL,O,X
OJILTSZ,X,X
OJILTZS,O,X
OJILSTZ,X,X
OJILSZT,X,X
OJILZTS,O,X
OJILZST,O,X
OJISTLZ,X,X
OJISTZL,X,X
OJISLTZ,X,X
OJISLZT,X,X
OJISZTL,X,X
OJISZLT,X,X
OJIZTLS,O,X
OJIZTSL,O,X
OJIZLTS,O,X
OJIZLST,O,X
OJIZSTL,O,X
OJIZSLT,O,X
OJLTISZ,X,X
OJLTIZS,O,X
OJLTSIZ,X,X
OJLTSZI,X,X
OJLTZIS,O,X
OJLTZSI,O,X
OJLITSZ,X,X
OJLITZS,O,X
OJLISTZ,X,X
OJLISZT,X,X
OJLIZTS,O,X
OJLIZST,O,X
OJLSTIZ,X,X
OJLSTZI,X,X
OJLSITZ,X,X
OJLSIZT,X,X
OJLSZTI,X,X
OJLSZIT,X,X
OJLZTIS,O,X
OJLZTSI,O,X
OJLZITS,O,X
OJLZIST,O,X
OJLZSTI,O,X
OJLZSIT,O,X
OJSTILZ,X,X
OJSTIZL,X,X
OJSTLIZ,X,X
OJSTLZI,X,X
OJSTZIL,X,X
OJSTZLI,X,X
OJSITLZ,X,X
OJSITZL,X,X
OJSILTZ,X,X
OJSILZT,X,X
OJSIZTL,X,X
OJSIZLT,X,X
OJSLTIZ,X,X
OJSLTZI,X,X
OJSLITZ,X,X
OJSLIZT,X,X
OJSLZTI,X,X
OJSLZIT,X,X
OJSZTIL,X,X
OJSZTLI,X,X
OJSZITL,X,X
OJSZILT,X,X
OJSZLTI,X,X
OJSZLIT,X,X
OJZTILS,O,X
OJZTISL,O,X
OJZTLIS,O,X
OJZTLSI,O,X
OJZTSIL,O,X
OJZTSLI,O,X
OJZITLS,O,X
OJZITSL,O,X
OJZILTS,O,X
OJZILST,O,X
OJZISTL,O,X
OJZISLT,O,X
OJZLTIS,O,X
OJZLTSI,O,X
OJZLITS,O,X
OJZLIST,O,X
OJZLSTI,O,X
OJZLSIT,O,X
OJZSTIL,O,X
OJZSTLI,O,X
OJZSITL,O,X
OJZSILT,O,X
OJZSLTI,O,X
OJZSLIT,O,X
OSTILJZ,X,X
OSTILZJ,X,X
OSTIJLZ,X,X
OSTIJZL,X,X
OSTIZLJ,X,X
OSTIZJL,X,X
OSTLIJZ,X,X
OSTLIZJ,X,X
OSTLJIZ,X,X
OSTLJZI,X,X
OSTLZIJ,X,X
OSTLZJI,X,X
OSTJILZ,X,X
OSTJIZL,X,X
OSTJLIZ,X,X
OSTJLZI,X,X
OSTJZIL,X,X
OSTJZLI,X,X
OSTZILJ,X,X
OSTZIJL,X,X
OSTZLIJ,X,X
OSTZLJI,X,X
OSTZJIL,X,X
OSTZJLI,X,X
OSITLJZ,X,X
OSITLZJ,X,X
OSITJLZ,X,X
OSITJZL,X,X
OSITZLJ,X,X
OSITZJL,X,X
OSILTJZ,X,X
OSILTZJ,X,X
OSILJTZ,X,X
OSILJZT,X,X
OSILZTJ,X,X
OSILZJT,X,X
OSIJTLZ,X,X
OSIJTZL,X,X
OSIJLTZ,X,X
OSIJLZT,X,X
OSIJZTL,X,X
OSIJZLT,X,X
OSIZTLJ,X,X
OSIZTJL,X,X
OSIZLTJ,X,X
OSIZLJT,X,X
OSIZJTL,X,X
OSIZJLT,X,X
OSLTIJZ,X,X
OSLTIZJ,X,X
OSLTJIZ,X,X
OSLTJZI,X,X
OSLTZIJ,X,X
OSLTZJI,X,X
OSLITJZ,X,X
OSLITZJ,X,X
OSLIJTZ,X,X
OSLIJZT,X,X
OSLIZTJ,X,X
OSLIZJT,X,X
OSLJTIZ,X,X
OSLJTZI,X,X
OSLJITZ,X,X
OSLJIZT,X,X
OSLJZTI,X,X
OSLJZIT,X,X
OSLZTIJ,X,X
OSLZTJI,X,X
OSLZITJ,X,X
OSLZIJT,X,X
OSLZJTI,X,X
OSLZJIT,X,X
OSJTILZ,X,X
OSJTIZL,X,X
OSJTLIZ,X,X
OSJTLZI,X,X
OSJTZIL,X,X
OSJTZLI,X,X
OSJITLZ,X,X
OSJITZL,X,X
OSJILTZ,X,X
OSJILZT,X,X
OSJIZTL,X,X
OSJIZLT,X,X
OSJLTIZ,X,X
OSJLTZI,X,X
OSJLITZ,X,X
OSJLIZT,X,X
OSJLZTI,X,X
OSJLZIT,X,X
OSJZTIL,X,X
OSJZTLI,X,X
OSJZITL,X,X
OSJZILT,X,X
OSJZLTI,X,X
OSJZLIT,X,X
OSZTILJ,X,X
OSZTIJL,X,X
OSZTLIJ,X,X
OSZTLJI,X,X
OSZTJIL,X,X
OSZTJLI,X,X
OSZITLJ,X,X
OSZITJL,X,X
OSZILTJ,X,X
OSZILJT,X,X
OSZIJTL,X,X
OSZIJLT,X,X
OSZLTIJ,X,X
OSZLTJI,X,X
OSZLITJ,X,X
OSZLIJT,X,X
OSZLJTI,X,X
OSZLJIT,X,X
OSZJTIL,X,X
OSZJTLI,X,X
OSZJITL,X,X
OSZJILT,X,X
OSZJLTI,X,X
OSZJLIT,X,X
OZTILJS,O,X
OZTILSJ,O,X
OZTIJLS,O,X
OZTIJSL,O,X
OZTISLJ,O,X
OZTISJL,O,X
OZTLIJS,O,X
OZTLISJ,O,X
OZTLJIS,O,X
OZTLJSI,O,X
OZTLSIJ,O,X
OZTLSJI,O,X
OZTJILS,O,X
OZTJISL,O,X
OZTJLIS,O,X
OZTJLSI,O,X
OZTJSIL,O,X
OZTJSLI,O,X
OZTSILJ,O,X
OZTSIJL,O,X
OZTSLIJ,O,X
OZTSLJI,O,X
OZTSJIL,O,X
OZTSJLI,O,X
OZITLJS,O,X
OZITLSJ,O,X
OZITJLS,O,X
OZITJSL,O,X
OZITSLJ,O,X
OZITSJL,O,X
OZILTJS,O,X
OZILTSJ,O,X
OZILJTS,O,X
OZILJST,O,X
OZILSTJ,O,X
OZILSJT,O,X
OZIJTLS,O,X
OZIJTSL,O,X
OZIJLTS,O,X
OZIJLST,O,X
OZIJSTL,O,X
OZIJSLT,O,X
OZISTLJ,O,X
OZISTJL,O,X
OZISLTJ,O,X
OZISLJT,O,X
OZISJTL,O,X
OZISJLT,O,X
OZLTIJS,O,X
OZLTISJ,O,X
OZLTJIS,O,X
OZLTJSI,O,X
OZLTSIJ,O,X
OZLTSJI,O,X
OZLITJS,O,X
OZLITSJ,O,X
OZLIJTS,O,X
OZLIJST,O,X
OZLISTJ,O,X
OZLISJT,O,X
OZLJTIS,O,X
OZLJTSI,O,X
OZLJITS,O,X
OZLJIST,O,X
OZLJSTI,O,X
OZLJSIT,O,X
OZLSTIJ,O,X
OZLSTJI,O,X
OZLSITJ,O,X
OZLSIJT,O,X
OZLSJTI,O,X
OZLSJIT,O,X
OZJTILS,O,X
OZJTISL,O,X
OZJTLIS,O,X
OZJTLSI,O,X
OZJTSIL,O,X
OZJTSLI,O,X
OZJITLS,O,X
OZJITSL,O,X
OZJILTS,O,X
OZJILST,O,X
OZJISTL,O,X
OZJISLT,O,X
OZJLTIS,O,X
OZJLTSI,O,X
OZJLITS,O,X
OZJLIST,O,X
OZJLSTI,O,X
OZJLSIT,O,X
OZJSTIL,O,X
OZJSTLI,O,X
OZJSITL,O,X
OZJSILT,O,X
OZJSLTI,O,X
OZJSLIT,O,X
OZSTILJ,O,X
OZSTIJL,O,X
OZSTLIJ,O,X
OZSTLJI,O,X
OZSTJIL,O,X
OZSTJLI,O,X
OZSITLJ,O,X
OZSITJL,O,X
OZSILTJ,O,X
OZSILJT,O,X
OZSIJTL,O,X
OZSIJLT,O,X
OZSLTIJ,O,X
OZSLTJI,O,X
OZSLITJ,O,X
OZSLIJT,O,X
OZSLJTI,O,X
OZSLJIT,O,X
OZSJTIL,O,X
OZSJTLI,O,X
OZSJITL,O,X
OZSJILT,O,X
OZSJLTI,O,X
OZSJLIT,O,X
