sequence,v115@+gA8IeA8AeA8GeD8FeD8DeA8JeZEJvhFigB3hBcnBT?jBWxBFtB,v115@+gA8IeA8AeA8GeD8FeD8DeA8JeZEJvhFigB3hBFjBT?nBctBWxB,v115@+gA8IeA8AeA8GeD8FeD8DeA8JeZEJvhFigB3hBGjBV?tBzrB0sB,v115@+gA8IeA8AeA8GeD8FeD8DeA8JeZEJvhFigB3hBziB+?oB8rB1xB,v115@+gA8IeA8AeA8GeD8FeD8DeA8JeZEJvhFigBGjB0mBl?nBXtBzrB
TILJSZO,O,O,X,O,X
TILJSOZ,O,O,O,O,X
TILJZSO,O,O,X,O,X
TILJZOS,O,O,O,O,X
TILJOSZ,O,O,O,O,X
TILJOZS,O,O,O,O,X
TILSJZO,O,O,X,O,O
TILSJOZ,O,O,O,O,O
TILSZJO,O,O,X,O,O
TILSZOJ,O,O,X,O,O
TILSOJZ,O,X,O,X,O
TILSOZJ,O,X,O,X,O
TILZJSO,O,O,X,O,X
TILZJOS,O,O,O,O,X
TILZSJO,O,O,X,O,O
TILZSOJ,O,O,X,O,O
TILZOJS,O,O,O,O,X
TILZOSJ,O,O,O,O,X
TILOJSZ,O,X,O,O,X
TILOJZS,O,X,O,O,X
TILOSJZ,O,X,O,X,X
TILOSZJ,O,X,O,X,X
TILOZJS,O,X,O,O,X
TILOZSJ,O,X,O,O,X
TIJLSZO,O,O,X,O,X
TIJLSOZ,O,O,O,O,X
TIJLZSO,O,O,X,O,X
TIJLZOS,O,O,O,O,X
TIJLOSZ,O,O,O,O,X
TIJLOZS,O,O,O,O,X
TIJSLZO,O,O,X,O,X
TIJSLOZ,O,O,O,O,X
TIJSZLO,O,O,X,O,X
TIJSZOL,O,O,X,O,X
TIJSOLZ,O,O,O,O,X
TIJSOZL,O,O,O,O,X
TIJZLSO,O,O,X,O,X
TIJZLOS,O,O,O,O,X
TIJZSLO,O,O,X,O,X
TIJZSOL,O,O,X,O,X
TIJZOLS,O,O,O,O,X
TIJZOSL,O,O,O,O,X
TIJOLSZ,O,O,O,O,X
TIJOLZS,O,O,O,O,X
TIJOSLZ,O,O,O,O,X
TIJOSZL,O,O,O,O,X
TIJOZLS,O,O,O,O,X
TIJOZSL,O,O,O,O,X
TISLJZO,O,O,X,O,O
TISLJOZ,O,O,O,O,O
TISLZJO,O,O,X,O,O
TISLZOJ,O,O,X,O,O
TISLOJZ,O,X,O,X,O
TISLOZJ,O,X,O,X,O
TISJLZO,O,O,X,O,O
TISJLOZ,O,O,O,O,O
TISJZLO,O,O,X,O,O
TISJZOL,O,O,X,O,O
TISJOLZ,O,O,O,O,O
TISJOZL,O,O,O,O,O
TISZLJO,O,O,X,O,O
TISZLOJ,O,O,X,O,O
TISZJLO,O,O,X,O,O
TISZJOL,O,O,X,O,O
TISZOLJ,O,O,X,O,O
TISZOJL,O,X,X,O,O
TISOLJZ,O,X,O,X,O
TISOLZJ,O,X,O,X,O
TISOJLZ,O,X,O,X,O
TISOJZL,O,X,O,X,O
TISOZLJ,O,X,O,X,O
TISOZJL,O,X,O,X,O
TIZLJSO,O,O,X,O,X
TIZLJOS,O,O,O,O,X
TIZLSJO,O,O,X,O,O
TIZLSOJ,O,O,X,O,O
TIZLOJS,O,O,O,O,X
TIZLOSJ,O,O,O,O,X
TIZJLSO,O,O,X,O,X
TIZJLOS,O,O,O,O,X
TIZJSLO,O,O,X,O,X
TIZJSOL,O,O,X,O,X
TIZJOLS,O,O,O,O,X
TIZJOSL,O,O,O,O,X
TIZSLJO,O,O,X,O,O
TIZSLOJ,O,O,X,O,O
TIZSJLO,O,O,X,O,O
TIZSJOL,O,O,X,O,O
TIZSOLJ,O,O,X,O,O
TIZSOJL,O,X,X,O,O
TIZOLJS,O,O,O,O,X
TIZOLSJ,O,O,O,O,X
TIZOJLS,O,O,O,O,X
TIZOJSL,O,O,O,O,X
TIZOSLJ,O,O,O,O,X
TIZOSJL,O,X,O,O,X
TIOLJSZ,O,X,O,O,X
TIOLJZS,O,X,O,O,X
TIOLSJZ,O,X,O,X,X
TIOLSZJ,O,X,O,X,X
TIOLZJS,O,X,O,O,X
TIOLZSJ,O,X,O,O,X
TIOJLSZ,O,X,O,O,X
TIOJLZS,O,X,O,O,X
TIOJSLZ,O,X,O,O,X
TIOJSZL,O,X,O,O,X
TIOJZLS,O,X,O,O,X
TIOJZSL,O,X,O,O,X
TIOSLJZ,O,X,O,X,X
TIOSLZJ,O,X,O,X,X
TIOSJLZ,O,X,O,X,X
TIOSJZL,O,X,O,X,X
TIOSZLJ,O,X,O,X,X
TIOSZJL,O,X,O,X,X
TIOZLJS,O,X,O,O,X
TIOZLSJ,O,X,O,O,X
TIOZJLS,O,X,O,O,X
TIOZJSL,O,X,O,O,X
TIOZSLJ,O,X,O,O,X
TIOZSJL,O,X,O,O,X
TLIJSZO,O,O,X,O,X
TLIJSOZ,O,O,O,O,X
TLIJZSO,O,O,X,O,X
TLIJZOS,O,O,O,O,X
TLIJOSZ,O,O,O,O,X
TLIJOZS,O,O,O,O,X
TLISJZO,O,O,X,O,O
TLISJOZ,O,O,O,O,O
TLISZJO,O,O,X,O,O
TLISZOJ,O,O,X,O,O
TLISOJZ,O,X,O,X,O
TLISOZJ,O,X,O,X,O
TLIZJSO,O,O,X,O,X
TLIZJOS,O,O,O,O,X
TLIZSJO,O,O,X,O,O
TLIZSOJ,O,O,X,O,O
TLIZOJS,O,O,O,O,X
TLIZOSJ,O,O,O,O,X
TLIOJSZ,O,X,O,O,X
TLIOJZS,O,X,O,O,X
TLIOSJZ,O,X,O,X,X
TLIOSZJ,O,X,O,X,X
TLIOZJS,O,X,O,O,X
TLIOZSJ,O,X,O,O,X
TLJISZO,O,O,X,O,X
TLJISOZ,O,O,O,O,X
TLJIZSO,O,O,X,O,X
TLJIZOS,O,O,O,O,X
TLJIOSZ,O,O,O,O,X
TLJIOZS,O,O,O,O,X
TLJSIZO,O,O,X,O,X
TLJSIOZ,O,O,O,O,X
TLJSZIO,O,O,X,O,X
TLJSZOI,O,O,X,O,X
TLJSOIZ,O,O,O,O,X
TLJSOZI,O,O,O,O,X
TLJZISO,O,O,X,O,X
TLJZIOS,O,O,O,O,X
TLJZSIO,O,O,X,O,X
TLJZSOI,O,O,X,O,X
TLJZOIS,O,O,O,O,X
TLJZOSI,O,O,O,O,X
TLJOISZ,O,O,O,O,X
TLJOIZS,O,O,O,O,X
TLJOSIZ,O,O,O,O,X
TLJOSZI,O,O,O,O,X
TLJOZIS,O,O,O,O,X
TLJOZSI,O,O,O,O,X
TLSIJZO,O,O,X,O,O
TLSIJOZ,O,O,O,O,O
TLSIZJO,O,O,X,O,O
TLSIZOJ,O,O,X,O,O
TLSIOJZ,O,X,O,X,O
TLSIOZJ,O,X,O,X,O
TLSJIZO,O,O,X,O,O
TLSJIOZ,O,O,O,O,O
TLSJZIO,O,O,X,O,O
TLSJZOI,O,O,X,O,O
TLSJOIZ,O,O,O,O,O
TLSJOZI,O,O,O,O,O
TLSZIJO,O,O,X,O,O
TLSZIOJ,O,O,X,O,O
TLSZJIO,O,O,X,O,O
TLSZJOI,O,O,X,O,O
TLSZOIJ,O,O,X,O,O
TLSZOJI,O,X,X,O,O
TLSOIJZ,O,X,O,X,O
TLSOIZJ,O,X,O,X,O
TLSOJIZ,O,X,O,X,O
TLSOJZI,O,X,O,X,O
TLSOZIJ,O,X,O,X,O
TLSOZJI,O,X,O,X,O
TLZIJSO,O,O,X,O,X
TLZIJOS,O,O,O,O,X
TLZISJO,O,O,X,O,O
TLZISOJ,O,O,X,O,O
TLZIOJS,O,O,O,O,X
TLZIOSJ,O,O,O,O,X
TLZJISO,O,O,X,O,X
TLZJIOS,O,O,O,O,X
TLZJSIO,O,O,X,O,X
TLZJSOI,O,O,X,O,X
TLZJOIS,O,O,O,O,X
TLZJOSI,O,O,O,O,X
TLZSIJO,O,O,X,O,O
TLZSIOJ,O,O,X,O,O
TLZSJIO,O,O,X,O,O
TLZSJOI,O,O,X,O,O
TLZSOIJ,O,O,X,O,O
TLZSOJI,O,X,X,O,O
TLZOIJS,O,O,O,O,X
TLZOISJ,O,O,O,O,X
TLZOJIS,O,O,O,O,X
TLZOJSI,O,O,O,O,X
TLZOSIJ,O,O,O,O,X
TLZOSJI,O,X,O,O,X
TLOIJSZ,O,X,O,O,X
TLOIJZS,O,X,O,O,X
TLOISJZ,O,X,O,X,X
TLOISZJ,O,X,O,X,X
TLOIZJS,O,X,O,O,X
TLOIZSJ,O,X,O,O,X
TLOJISZ,O,X,O,O,X
TLOJIZS,O,X,O,O,X
TLOJSIZ,O,X,O,O,X
TLOJSZI,O,X,O,O,X
TLOJZIS,O,X,O,O,X
TLOJZSI,O,X,O,O,X
TLOSIJZ,O,X,O,X,X
TLOSIZJ,O,X,O,X,X
TLOSJIZ,O,X,O,X,X
TLOSJZI,O,X,O,X,X
TLOSZIJ,O,X,O,X,X
TLOSZJI,O,X,O,X,X
TLOZIJS,O,X,O,O,X
TLOZISJ,O,X,O,O,X
TLOZJIS,O,X,O,O,X
TLOZJSI,O,X,O,O,X
TLOZSIJ,O,X,O,O,X
TLOZSJI,O,X,O,O,X
TJILSZO,O,O,X,O,X
TJILSOZ,O,O,O,O,X
TJILZSO,O,O,X,O,X
TJILZOS,O,O,O,O,X
TJILOSZ,O,O,O,O,X
TJILOZS,O,O,O,O,X
TJISLZO,O,O,X,O,X
TJISLOZ,O,O,O,O,X
TJISZLO,O,O,X,O,X
TJISZOL,O,O,X,O,X
TJISOLZ,O,O,O,O,X
TJISOZL,O,O,O,O,X
TJIZLSO,O,O,X,O,X
TJIZLOS,O,O,O,O,X
TJIZSLO,O,O,X,O,X
TJIZSOL,O,O,X,O,X
TJIZOLS,O,O,O,O,X
TJIZOSL,O,O,O,O,X
TJIOLSZ,O,O,O,O,X
TJIOLZS,O,O,O,O,X
TJIOSLZ,O,O,O,O,X
TJIOSZL,O,O,O,O,X
TJIOZLS,O,O,O,O,X
TJIOZSL,O,O,O,O,X
TJLISZO,O,O,X,O,X
TJLISOZ,O,O,O,O,X
TJLIZSO,O,O,X,O,X
TJLIZOS,O,O,O,O,X
TJLIOSZ,O,O,O,O,X
TJLIOZS,O,O,O,O,X
TJLSIZO,O,O,X,O,X
TJLSIOZ,O,O,O,O,X
TJLSZIO,O,O,X,O,X
TJLSZOI,O,O,X,O,X
TJLSOIZ,O,O,O,O,X
TJLSOZI,O,O,O,O,X
TJLZISO,O,O,X,O,X
TJLZIOS,O,O,O,O,X
TJLZSIO,O,O,X,O,X
TJLZSOI,O,O,X,O,X
TJLZOIS,O,O,O,O,X
TJLZOSI,O,O,O,O,X
TJLOISZ,O,O,O,O,X
TJLOIZS,O,O,O,O,X
TJLOSIZ,O,O,O,O,X
TJLOSZI,O,O,O,O,X
TJLOZIS,O,O,O,O,X
TJLOZSI,O,O,O,O,X
TJSILZO,O,O,X,O,X
TJSILOZ,O,O,O,O,X
TJSIZLO,O,O,X,O,X
TJSIZOL,O,O,X,O,X
TJSIOLZ,O,O,O,O,X
TJSIOZL,O,O,O,O,X
TJSLIZO,O,O,X,O,X
TJSLIOZ,O,O,O,O,X
TJSLZIO,O,O,X,O,X
TJSLZOI,O,O,X,O,X
TJSLOIZ,O,O,O,O,X
TJSLOZI,O,O,O,O,X
TJSZILO,O,O,X,O,X
TJSZIOL,O,O,X,O,X
TJSZLIO,O,O,X,O,X
TJSZLOI,O,O,X,O,X
TJSZOIL,O,O,X,O,X
TJSZOLI,O,O,X,O,X
TJSOILZ,O,O,O,O,X
TJSOIZL,O,O,O,O,X
TJSOLIZ,O,O,O,O,X
TJSOLZI,O,O,O,O,X
TJSOZIL,O,O,O,O,X
TJSOZLI,O,O,O,O,X
TJZILSO,O,O,X,O,X
TJZILOS,O,O,O,O,X
TJZISLO,O,O,X,O,X
TJZISOL,O,O,X,O,X
TJZIOLS,O,O,O,O,X
TJZIOSL,O,O,O,O,X
TJZLISO,O,O,X,O,X
TJZLIOS,O,O,O,O,X
TJZLSIO,O,O,X,O,X
TJZLSOI,O,O,X,O,X
TJZLOIS,O,O,O,O,X
TJZLOSI,O,O,O,O,X
TJZSILO,O,O,X,O,X
TJZSIOL,O,O,X,O,X
TJZSLIO,O,O,X,O,X
TJZSLOI,O,O,X,O,X
TJZSOIL,O,O,X,O,X
TJZSOLI,O,O,X,O,X
TJZOILS,O,O,O,O,X
TJZOISL,O,O,O,O,X
TJZOLIS,O,O,O,O,X
TJZOLSI,O,O,O,O,X
TJZOSIL,O,O,O,O,X
TJZOSLI,O,O,O,O,X
TJOILSZ,O,O,O,O,X
TJOILZS,O,O,O,O,X
TJOISLZ,O,O,O,O,X
TJOISZL,O,O,O,O,X
TJOIZLS,O,O,O,O,X
TJOIZSL,O,O,O,O,X
TJOLISZ,O,O,O,O,X
TJOLIZS,O,O,O,O,X
TJOLSIZ,O,O,O,O,X
TJOLSZI,O,O,O,O,X
TJOLZIS,O,O,O,O,X
TJOLZSI,O,O,O,O,X
TJOSILZ,O,O,O,O,X
TJOSIZL,O,O,O,O,X
TJOSLIZ,O,O,O,O,X
TJOSLZI,O,O,O,O,X
TJOSZIL,O,O,O,O,X
TJOSZLI,O,O,O,O,X
TJOZILS,O,O,O,O,X
TJOZISL,O,O,O,O,X
TJOZLIS,O,O,O,O,X
TJOZLSI,O,O,O,O,X
TJOZSIL,O,O,O,O,X
TJOZSLI,O,O,O,O,X
TSILJZO,O,O,X,O,O
TSILJOZ,O,O,O,O,O
TSILZJO,O,O,X,O,O
TSILZOJ,O,O,X,O,O
TSILOJZ,O,X,O,X,O
TSILOZJ,O,X,O,X,O
TSIJLZO,O,O,X,O,O
TSIJLOZ,O,O,O,O,O
TSIJZLO,O,O,X,O,O
TSIJZOL,O,O,X,O,O
TSIJOLZ,O,O,O,O,O
TSIJOZL,O,O,O,O,O
TSIZLJO,O,O,X,O,O
TSIZLOJ,O,O,X,O,O
TSIZJLO,O,O,X,O,O
TSIZJOL,O,O,X,O,O
TSIZOLJ,O,O,X,O,O
TSIZOJL,O,X,X,O,O
TSIOLJZ,O,X,O,X,O
TSIOLZJ,O,X,O,X,O
TSIOJLZ,O,X,O,X,O
TSIOJZL,O,X,O,X,O
TSIOZLJ,O,X,O,X,O
TSIOZJL,O,X,O,X,O
TSLIJZO,O,O,X,O,O
TSLIJOZ,O,O,O,O,O
TSLIZJO,O,O,X,O,O
TSLIZOJ,O,O,X,O,O
TSLIOJZ,O,X,O,X,O
TSLIOZJ,O,X,O,X,O
TSLJIZO,O,O,X,O,O
TSLJIOZ,O,O,O,O,O
TSLJZIO,O,O,X,O,O
TSLJZOI,O,O,X,O,O
TSLJOIZ,O,O,O,O,O
TSLJOZI,O,O,O,O,O
TSLZIJO,O,O,X,O,O
TSLZIOJ,O,O,X,O,O
TSLZJIO,O,O,X,O,O
TSLZJOI,O,O,X,O,O
TSLZOIJ,O,O,X,O,O
TSLZOJI,O,X,X,O,O
TSLOIJZ,O,X,O,X,O
TSLOIZJ,O,X,O,X,O
TSLOJIZ,O,X,O,X,O
TSLOJZI,O,X,O,X,O
TSLOZIJ,O,X,O,X,O
TSLOZJI,O,X,O,X,O
TSJILZO,O,O,X,O,O
TSJILOZ,O,O,O,O,O
TSJIZLO,O,O,X,O,O
TSJIZOL,O,O,X,O,O
TSJIOLZ,O,O,O,O,O
TSJIOZL,O,O,O,O,O
TSJLIZO,O,O,X,O,O
TSJLIOZ,O,O,O,O,O
TSJLZIO,O,O,X,O,O
TSJLZOI,O,O,X,O,O
TSJLOIZ,O,O,O,O,O
TSJLOZI,O,O,O,O,O
TSJZILO,O,O,X,O,O
TSJZIOL,O,O,X,O,O
TSJZLIO,O,O,X,O,O
TSJZLOI,O,O,X,O,O
TSJZOIL,O,O,X,O,O
TSJZOLI,O,O,X,O,O
TSJOILZ,O,O,O,O,O
TSJOIZL,O,O,O,O,O
TSJOLIZ,O,O,O,O,O
TSJOLZI,O,O,O,O,O
TSJOZIL,O,O,O,O,O
TSJOZLI,O,O,O,O,O
TSZILJO,O,O,X,O,O
TSZILOJ,O,O,X,O,O
TSZIJLO,O,O,X,O,O
TSZIJOL,O,O,X,O,O
TSZIOLJ,O,O,X,O,O
TSZIOJL,O,X,X,O,O
TSZLIJO,O,O,X,O,O
TSZLIOJ,O,O,X,O,O
TSZLJIO,O,O,X,O,O
TSZLJOI,O,O,X,O,O
TSZLOIJ,O,O,X,O,O
TSZLOJI,O,X,X,O,O
TSZJILO,O,O,X,O,O
TSZJIOL,O,O,X,O,O
TSZJLIO,O,O,X,O,O
TSZJLOI,O,O,X,O,O
TSZJOIL,O,O,X,O,O
TSZJOLI,O,O,X,O,O
TSZOILJ,O,O,X,O,O
TSZOIJL,O,X,X,O,O
TSZOLIJ,O,O,X,O,O
TSZOLJI,O,X,X,O,O
TSZOJIL,O,X,X,O,O
TSZOJLI,O,X,X,O,O
TSOILJZ,O,X,O,X,O
TSOILZJ,O,X,O,X,O
TSOIJLZ,O,X,O,X,O
TSOIJZL,O,X,O,X,O
TSOIZLJ,O,X,O,X,O
TSOIZJL,O,X,O,X,O
TSOLIJZ,O,X,O,X,O
TSOLIZJ,O,X,O,X,O
TSOLJIZ,O,X,O,X,O
TSOLJZI,O,X,O,X,O
TSOLZIJ,O,X,O,X,O
TSOLZJI,O,X,O,X,O
TSOJILZ,O,X,O,X,O
TSOJIZL,O,X,O,X,O
TSOJLIZ,O,X,O,X,O
TSOJLZI,O,X,O,X,O
TSOJZIL,O,X,O,X,O
TSOJZLI,O,X,O,X,O
TSOZILJ,O,X,O,X,O
TSOZIJL,O,X,O,X,O
TSOZLIJ,O,X,O,X,O
TSOZLJI,O,X,O,X,O
TSOZJIL,O,X,O,X,O
TSOZJLI,O,X,O,X,O
TZILJSO,O,O,X,O,X
TZILJOS,O,O,O,O,X
TZILSJO,O,O,X,O,O
TZILSOJ,O,O,X,O,O
TZILOJS,O,O,O,O,X
TZILOSJ,O,O,O,O,X
TZIJLSO,O,O,X,O,X
TZIJLOS,O,O,O,O,X
TZIJSLO,O,O,X,O,X
TZIJSOL,O,O,X,O,X
TZIJOLS,O,O,O,O,X
TZIJOSL,O,O,O,O,X
TZISLJO,O,O,X,O,O
TZISLOJ,O,O,X,O,O
TZISJLO,O,O,X,O,O
TZISJOL,O,O,X,O,O
TZISOLJ,O,O,X,O,O
TZISOJL,O,X,X,O,O
TZIOLJS,O,O,O,O,X
TZIOLSJ,O,O,O,O,X
TZIOJLS,O,O,O,O,X
TZIOJSL,O,O,O,O,X
TZIOSLJ,O,O,O,O,X
TZIOSJL,O,X,O,O,X
TZLIJSO,O,O,X,O,X
TZLIJOS,O,O,O,O,X
TZLISJO,O,O,X,O,O
TZLISOJ,O,O,X,O,O
TZLIOJS,O,O,O,O,X
TZLIOSJ,O,O,O,O,X
TZLJISO,O,O,X,O,X
TZLJIOS,O,O,O,O,X
TZLJSIO,O,O,X,O,X
TZLJSOI,O,O,X,O,X
TZLJOIS,O,O,O,O,X
TZLJOSI,O,O,O,O,X
TZLSIJO,O,O,X,O,O
TZLSIOJ,O,O,X,O,O
TZLSJIO,O,O,X,O,O
TZLSJOI,O,O,X,O,O
TZLSOIJ,O,O,X,O,O
TZLSOJI,O,X,X,O,O
TZLOIJS,O,O,O,O,X
TZLOISJ,O,O,O,O,X
TZLOJIS,O,O,O,O,X
TZLOJSI,O,O,O,O,X
TZLOSIJ,O,O,O,O,X
TZLOSJI,O,X,O,O,X
TZJILSO,O,O,X,O,X
TZJILOS,O,O,O,O,X
TZJISLO,O,O,X,O,X
TZJISOL,O,O,X,O,X
TZJIOLS,O,O,O,O,X
TZJIOSL,O,O,O,O,X
TZJLISO,O,O,X,O,X
TZJLIOS,O,O,O,O,X
TZJLSIO,O,O,X,O,X
TZJLSOI,O,O,X,O,X
TZJLOIS,O,O,O,O,X
TZJLOSI,O,O,O,O,X
TZJSILO,O,O,X,O,X
TZJSIOL,O,O,X,O,X
TZJSLIO,O,O,X,O,X
TZJSLOI,O,O,X,O,X
TZJSOIL,O,O,X,O,X
TZJSOLI,O,O,X,O,X
TZJOILS,O,O,O,O,X
TZJOISL,O,O,O,O,X
TZJOLIS,O,O,O,O,X
TZJOLSI,O,O,O,O,X
TZJOSIL,O,O,O,O,X
TZJOSLI,O,O,O,O,X
TZSILJO,O,O,X,O,O
TZSILOJ,O,O,X,O,O
TZSIJLO,O,O,X,O,O
TZSIJOL,O,O,X,O,O
TZSIOLJ,O,O,X,O,O
TZSIOJL,O,X,X,O,O
TZSLIJO,O,O,X,O,O
TZSLIOJ,O,O,X,O,O
TZSLJIO,O,O,X,O,O
TZSLJOI,O,O,X,O,O
TZSLOIJ,O,O,X,O,O
TZSLOJI,O,X,X,O,O
TZSJILO,O,O,X,O,O
TZSJIOL,O,O,X,O,O
TZSJLIO,O,O,X,O,O
TZSJLOI,O,O,X,O,O
TZSJOIL,O,O,X,O,O
TZSJOLI,O,O,X,O,O
TZSOILJ,O,O,X,O,O
TZSOIJL,O,X,X,O,O
TZSOLIJ,O,O,X,O,O
TZSOLJI,O,X,X,O,O
TZSOJIL,O,X,X,O,O
TZSOJLI,O,X,X,O,O
TZOILJS,O,O,O,O,X
TZOILSJ,O,O,O,O,X
TZOIJLS,O,O,O,O,X
TZOIJSL,O,O,O,O,X
TZOISLJ,O,O,O,O,X
TZOISJL,O,X,O,O,X
TZOLIJS,O,O,O,O,X
TZOLISJ,O,O,O,O,X
TZOLJIS,O,O,O,O,X
TZOLJSI,O,O,O,O,X
TZOLSIJ,O,O,O,O,X
TZOLSJI,O,X,O,O,X
TZOJILS,O,O,O,O,X
TZOJISL,O,O,O,O,X
TZOJLIS,O,O,O,O,X
TZOJLSI,O,O,O,O,X
TZOJSIL,O,O,O,O,X
TZOJSLI,O,O,O,O,X
TZOSILJ,O,O,O,O,X
TZOSIJL,O,X,O,O,X
TZOSLIJ,O,O,O,O,X
TZOSLJI,O,X,O,O,X
TZOSJIL,O,X,O,O,X
TZOSJLI,O,X,O,O,X
TOILJSZ,O,X,O,O,X
TOILJZS,O,X,O,O,X
TOILSJZ,O,X,O,X,X
TOILSZJ,O,X,O,X,X
TOILZJS,O,X,O,O,X
TOILZSJ,O,X,O,O,X
TOIJLSZ,O,X,O,O,X
TOIJLZS,O,X,O,O,X
TOIJSLZ,O,X,O,O,X
TOIJSZL,O,X,O,O,X
TOIJZLS,O,X,O,O,X
TOIJZSL,O,X,O,O,X
TOISLJZ,O,X,O,X,X
TOISLZJ,O,X,O,X,X
TOISJLZ,O,X,O,X,X
TOISJZL,O,X,O,X,X
TOISZLJ,O,X,O,X,X
TOISZJL,O,X,O,X,X
TOIZLJS,O,X,O,O,X
TOIZLSJ,O,X,O,O,X
TOIZJLS,O,X,O,O,X
TOIZJSL,O,X,O,O,X
TOIZSLJ,O,X,O,O,X
TOIZSJL,O,X,O,O,X
TOLIJSZ,O,X,O,O,X
TOLIJZS,O,X,O,O,X
TOLISJZ,O,X,O,X,X
TOLISZJ,O,X,O,X,X
TOLIZJS,O,X,O,O,X
TOLIZSJ,O,X,O,O,X
TOLJISZ,O,X,O,O,X
TOLJIZS,O,X,O,O,X
TOLJSIZ,O,X,O,O,X
TOLJSZI,O,X,O,O,X
TOLJZIS,O,X,O,O,X
TOLJZSI,O,X,O,O,X
TOLSIJZ,O,X,O,X,X
TOLSIZJ,O,X,O,X,X
TOLSJIZ,O,X,O,X,X
TOLSJZI,O,X,O,X,X
TOLSZIJ,O,X,O,X,X
TOLSZJI,O,X,O,X,X
TOLZIJS,O,X,O,O,X
TOLZISJ,O,X,O,O,X
TOLZJIS,O,X,O,O,X
TOLZJSI,O,X,O,O,X
TOLZSIJ,O,X,O,O,X
TOLZSJI,O,X,O,O,X
TOJILSZ,O,X,O,O,X
TOJILZS,O,X,O,O,X
TOJISLZ,O,X,O,O,X
TOJISZL,O,X,O,O,X
TOJIZLS,O,X,O,O,X
TOJIZSL,O,X,O,O,X
TOJLISZ,O,X,O,O,X
TOJLIZS,O,X,O,O,X
TOJLSIZ,O,X,O,O,X
TOJLSZI,O,X,O,O,X
TOJLZIS,O,X,O,O,X
TOJLZSI,O,X,O,O,X
TOJSILZ,O,X,O,O,X
TOJSIZL,O,X,O,O,X
TOJSLIZ,O,X,O,O,X
TOJSLZI,O,X,O,O,X
TOJSZIL,O,X,O,O,X
TOJSZLI,O,X,O,O,X
TOJZILS,O,X,O,O,X
TOJZISL,O,X,O,O,X
TOJZLIS,O,X,O,O,X
TOJZLSI,O,X,O,O,X
TOJZSIL,O,X,O,O,X
TOJZSLI,O,X,O,O,X
TOSILJZ,O,X,O,X,X
TOSILZJ,O,X,O,X,X
TOSIJLZ,O,X,O,X,X
TOSIJZL,O,X,O,X,X
TOSIZLJ,O,X,O,X,X
TOSIZJL,O,X,O,X,X
TOSLIJZ,O,X,O,X,X
TOSLIZJ,O,X,O,X,X
TOSLJIZ,O,X,O,X,X
TOSLJZI,O,X,O,X,X
TOSLZIJ,O,X,O,X,X
TOSLZJI,O,X,O,X,X
TOSJILZ,O,X,O,X,X
TOSJIZL,O,X,O,X,X
TOSJLIZ,O,X,O,X,X
TOSJLZI,O,X,O,X,X
TOSJZIL,O,X,O,X,X
TOSJZLI,O,X,O,X,X
TOSZILJ,O,X,O,X,X
TOSZIJL,O,X,O,X,X
TOSZLIJ,O,X,O,X,X
TOSZLJI,O,X,O,X,X
TOSZJIL,O,X,O,X,X
TOSZJLI,O,X,O,X,X
TOZILJS,O,X,O,O,X
TOZILSJ,O,X,O,O,X
TOZIJLS,O,X,O,O,X
TOZIJSL,O,X,O,O,X
TOZISLJ,O,X,O,O,X
TOZISJL,O,X,O,O,X
TOZLIJS,O,X,O,O,X
TOZLISJ,O,X,O,O,X
TOZLJIS,O,X,O,O,X
TOZLJSI,O,X,O,O,X
TOZLSIJ,O,X,O,O,X
TOZLSJI,O,X,O,O,X
TOZJILS,O,X,O,O,X
TOZJISL,O,X,O,O,X
TOZJLIS,O,X,O,O,X
TOZJLSI,O,X,O,O,X
TOZJSIL,O,X,O,O,X
TOZJSLI,O,X,O,O,X
TOZSILJ,O,X,O,O,X
TOZSIJL,O,X,O,O,X
TOZSLIJ,O,X,O,O,X
TOZSLJI,O,X,O,O,X
TOZSJIL,O,X,O,O,X
TOZSJLI,O,X,O,O,X
ITLJSZO,O,O,X,O,X
ITLJSOZ,O,O,O,O,X
ITLJZSO,O,O,X,O,X
ITLJZOS,O,O,O,O,X
ITLJOSZ,O,O,O,O,X
ITLJOZS,O,O,O,O,X
ITLSJZO,O,O,X,O,O
ITLSJOZ,O,O,O,O,O
ITLSZJO,O,O,X,O,O
ITLSZOJ,O,O,X,O,O
ITLSOJZ,O,X,O,X,O
ITLSOZJ,O,X,O,X,O
ITLZJSO,O,O,X,O,X
ITLZJOS,O,O,O,O,X
ITLZSJO,O,O,X,O,O
ITLZSOJ,O,O,X,O,O
ITLZOJS,O,O,O,O,X
ITLZOSJ,O,O,O,O,X
ITLOJSZ,O,X,O,O,X
ITLOJZS,O,X,O,O,X
ITLOSJZ,O,X,O,X,X
ITLOSZJ,O,X,O,X,X
ITLOZJS,O,X,O,O,X
ITLOZSJ,O,X,O,O,X
ITJLSZO,O,O,X,O,X
ITJLSOZ,O,O,O,O,X
ITJLZSO,O,O,X,O,X
ITJLZOS,O,O,O,O,X
ITJLOSZ,O,O,O,O,X
ITJLOZS,O,O,O,O,X
ITJSLZO,O,O,X,O,X
ITJSLOZ,O,O,O,O,X
ITJSZLO,O,O,X,O,X
ITJSZOL,O,O,X,O,X
ITJSOLZ,O,O,O,O,X
ITJSOZL,O,O,O,O,X
ITJZLSO,O,O,X,O,X
ITJZLOS,O,O,O,O,X
ITJZSLO,O,O,X,O,X
ITJZSOL,O,O,X,O,X
ITJZOLS,O,O,O,O,X
ITJZOSL,O,O,O,O,X
ITJOLSZ,O,O,O,O,X
ITJOLZS,O,O,O,O,X
ITJOSLZ,O,O,O,O,X
ITJOSZL,O,O,O,O,X
ITJOZLS,O,O,O,O,X
ITJOZSL,O,O,O,O,X
ITSLJZO,O,O,X,O,O
ITSLJOZ,O,O,O,O,O
ITSLZJO,O,O,X,O,O
ITSLZOJ,O,O,X,O,O
ITSLOJZ,O,X,O,X,O
ITSLOZJ,O,X,O,X,O
ITSJLZO,O,O,X,O,O
ITSJLOZ,O,O,O,O,O
ITSJZLO,O,O,X,O,O
ITSJZOL,O,O,X,O,O
ITSJOLZ,O,O,O,O,O
ITSJOZL,O,O,O,O,O
ITSZLJO,O,O,X,O,O
ITSZLOJ,O,O,X,O,O
ITSZJLO,O,O,X,O,O
ITSZJOL,O,O,X,O,O
ITSZOLJ,O,O,X,O,O
ITSZOJL,O,X,X,O,O
ITSOLJZ,O,X,O,X,O
ITSOLZJ,O,X,O,X,O
ITSOJLZ,O,X,O,X,O
ITSOJZL,O,X,O,X,O
ITSOZLJ,O,X,O,X,O
ITSOZJL,O,X,O,X,O
ITZLJSO,O,O,X,O,X
ITZLJOS,O,O,O,O,X
ITZLSJO,O,O,X,O,O
ITZLSOJ,O,O,X,O,O
ITZLOJS,O,O,O,O,X
ITZLOSJ,O,O,O,O,X
ITZJLSO,O,O,X,O,X
ITZJLOS,O,O,O,O,X
ITZJSLO,O,O,X,O,X
ITZJSOL,O,O,X,O,X
ITZJOLS,O,O,O,O,X
ITZJOSL,O,O,O,O,X
ITZSLJO,O,O,X,O,O
ITZSLOJ,O,O,X,O,O
ITZSJLO,O,O,X,O,O
ITZSJOL,O,O,X,O,O
ITZSOLJ,O,O,X,O,O
ITZSOJL,O,X,X,O,O
ITZOLJS,O,O,O,O,X
ITZOLSJ,O,O,O,O,X
ITZOJLS,O,O,O,O,X
ITZOJSL,O,O,O,O,X
ITZOSLJ,O,O,O,O,X
ITZOSJL,O,X,O,O,X
ITOLJSZ,O,X,O,O,X
ITOLJZS,O,X,O,O,X
ITOLSJZ,O,X,O,X,X
ITOLSZJ,O,X,O,X,X
ITOLZJS,O,X,O,O,X
ITOLZSJ,O,X,O,O,X
ITOJLSZ,O,X,O,O,X
ITOJLZS,O,X,O,O,X
ITOJSLZ,O,X,O,O,X
ITOJSZL,O,X,O,O,X
ITOJZLS,O,X,O,O,X
ITOJZSL,O,X,O,O,X
ITOSLJZ,O,X,O,X,X
ITOSLZJ,O,X,O,X,X
ITOSJLZ,O,X,O,X,X
ITOSJZL,O,X,O,X,X
ITOSZLJ,O,X,O,X,X
ITOSZJL,O,X,O,X,X
ITOZLJS,O,X,O,O,X
ITOZLSJ,O,X,O,O,X
ITOZJLS,O,X,O,O,X
ITOZJSL,O,X,O,O,X
ITOZSLJ,O,X,O,O,X
ITOZSJL,O,X,O,O,X
ILTJSZO,O,O,X,O,X
ILTJSOZ,O,O,O,O,X
ILTJZSO,O,O,X,O,X
ILTJZOS,O,O,O,O,X
ILTJOSZ,O,O,O,O,X
ILTJOZS,O,O,O,O,X
ILTSJZO,O,O,X,O,O
ILTSJOZ,O,O,O,O,O
ILTSZJO,O,O,X,O,O
ILTSZOJ,O,O,X,O,O
ILTSOJZ,O,X,O,X,O
ILTSOZJ,O,X,O,X,O
ILTZJSO,O,O,X,O,X
ILTZJOS,O,O,O,O,X
ILTZSJO,O,O,X,O,O
ILTZSOJ,O,O,X,O,O
ILTZOJS,O,O,O,O,X
ILTZOSJ,O,O,O,O,X
ILTOJSZ,O,X,O,O,X
ILTOJZS,O,X,O,O,X
ILTOSJZ,O,X,O,X,X
ILTOSZJ,O,X,O,X,X
ILTOZJS,O,X,O,O,X
ILTOZSJ,O,X,O,O,X
ILJTSZO,O,O,X,O,X
ILJTSOZ,O,O,O,O,X
ILJTZSO,O,O,X,O,X
ILJTZOS,O,O,O,O,X
ILJTOSZ,O,O,O,O,X
ILJTOZS,O,O,O,O,X
ILJSTZO,O,O,X,O,O
ILJSTOZ,O,O,X,O,O
ILJSZTO,O,O,X,X,O
ILJSZOT,O,O,X,X,X
ILJSOTZ,X,O,O,O,O
ILJSOZT,O,O,X,X,X
ILJZTSO,O,O,X,O,X
ILJZTOS,O,O,X,O,X
ILJZSTO,O,O,X,X,O
ILJZSOT,O,O,X,X,X
ILJZOTS,O,O,X,O,X
ILJZOST,O,O,X,X,X
ILJOTSZ,O,O,O,O,X
ILJOTZS,O,O,O,O,X
ILJOSTZ,X,O,O,O,X
ILJOSZT,O,O,X,X,X
ILJOZTS,O,O,X,O,X
ILJOZST,O,O,X,X,X
ILSTJZO,O,O,X,O,O
ILSTJOZ,O,O,O,O,O
ILSTZJO,O,O,X,O,O
ILSTZOJ,O,O,X,O,O
ILSTOJZ,O,X,O,X,O
ILSTOZJ,O,X,O,X,O
ILSJTZO,O,O,X,O,O
ILSJTOZ,O,O,X,O,O
ILSJZTO,O,O,X,X,O
ILSJZOT,O,O,X,X,X
ILSJOTZ,X,O,O,O,O
ILSJOZT,O,O,X,X,X
ILSZTJO,X,O,X,X,O
ILSZTOJ,X,O,X,X,O
ILSZJTO,O,O,X,X,O
ILSZJOT,O,O,X,X,X
ILSZOTJ,X,O,O,X,O
ILSZOJT,X,O,X,X,X
ILSOTJZ,X,X,O,X,O
ILSOTZJ,X,X,O,X,O
ILSOJTZ,X,O,O,X,O
ILSOJZT,O,O,X,X,X
ILSOZTJ,X,O,O,X,O
ILSOZJT,X,O,X,X,X
ILZTJSO,O,O,X,O,X
ILZTJOS,O,O,O,O,X
ILZTSJO,O,O,X,O,O
ILZTSOJ,O,O,X,O,O
ILZTOJS,O,O,O,O,X
ILZTOSJ,O,O,O,O,X
ILZJTSO,O,O,X,O,X
ILZJTOS,O,O,X,O,X
ILZJSTO,O,O,X,X,O
ILZJSOT,O,O,X,X,X
ILZJOTS,O,O,X,O,X
ILZJOST,O,O,X,X,X
ILZSTJO,X,O,X,X,O
ILZSTOJ,X,O,X,X,O
ILZSJTO,O,O,X,X,O
ILZSJOT,O,O,X,X,X
ILZSOTJ,X,O,O,X,O
ILZSOJT,X,O,X,X,X
ILZOTJS,X,O,O,X,X
ILZOTSJ,X,O,O,X,X
ILZOJTS,X,O,X,X,X
ILZOJST,X,O,X,X,X
ILZOSTJ,X,O,O,X,O
ILZOSJT,X,O,X,X,X
ILOTJSZ,O,X,O,O,X
ILOTJZS,O,X,O,O,X
ILOTSJZ,O,X,O,X,X
ILOTSZJ,O,X,O,X,X
ILOTZJS,O,X,O,O,X
ILOTZSJ,O,X,O,O,X
ILOJTSZ,O,O,O,O,X
ILOJTZS,O,O,O,O,X
ILOJSTZ,X,O,O,O,X
ILOJSZT,O,O,X,X,X
ILOJZTS,O,O,X,O,X
ILOJZST,O,O,X,X,X
ILOSTJZ,X,X,O,X,O
ILOSTZJ,X,X,O,X,O
ILOSJTZ,X,O,O,X,O
ILOSJZT,O,O,X,X,X
ILOSZTJ,X,O,O,X,O
ILOSZJT,X,O,X,X,X
ILOZTJS,X,O,O,X,X
ILOZTSJ,X,O,O,X,X
ILOZJTS,X,O,X,X,X
ILOZJST,X,O,X,X,X
ILOZSTJ,X,O,O,X,O
ILOZSJT,X,O,X,X,X
IJTLSZO,O,O,X,O,X
IJTLSOZ,O,O,O,O,X
IJTLZSO,O,O,X,O,X
IJTLZOS,O,O,O,O,X
IJTLOSZ,O,O,O,O,X
IJTLOZS,O,O,O,O,X
IJTSLZO,O,O,X,O,X
IJTSLOZ,O,O,O,O,X
IJTSZLO,O,O,X,O,X
IJTSZOL,O,O,X,O,X
IJTSOLZ,O,O,O,O,X
IJTSOZL,O,O,O,O,X
IJTZLSO,O,O,X,O,X
IJTZLOS,O,O,O,O,X
IJTZSLO,O,O,X,O,X
IJTZSOL,O,O,X,O,X
IJTZOLS,O,O,O,O,X
IJTZOSL,O,O,O,O,X
IJTOLSZ,O,O,O,O,X
IJTOLZS,O,O,O,O,X
IJTOSLZ,O,O,O,O,X
IJTOSZL,O,O,O,O,X
IJTOZLS,O,O,O,O,X
IJTOZSL,O,O,O,O,X
IJLTSZO,O,O,X,O,X
IJLTSOZ,O,O,O,O,X
IJLTZSO,O,O,X,O,X
IJLTZOS,O,O,O,O,X
IJLTOSZ,O,O,O,O,X
IJLTOZS,O,O,O,O,X
IJLSTZO,O,O,X,O,O
IJLSTOZ,O,O,X,O,O
IJLSZTO,O,O,X,X,O
IJLSZOT,O,O,X,X,X
IJLSOTZ,X,O,O,O,O
IJLSOZT,O,O,X,X,X
IJLZTSO,O,O,X,O,X
IJLZTOS,O,O,X,O,X
IJLZSTO,O,O,X,X,O
IJLZSOT,O,O,X,X,X
IJLZOTS,O,O,X,O,X
IJLZOST,O,O,X,X,X
IJLOTSZ,O,O,O,O,X
IJLOTZS,O,O,O,O,X
IJLOSTZ,X,O,O,O,X
IJLOSZT,O,O,X,X,X
IJLOZTS,O,O,X,O,X
IJLOZST,O,O,X,X,X
IJSTLZO,O,O,X,O,O
IJSTLOZ,O,O,X,O,O
IJSTZLO,O,O,X,O,O
IJSTZOL,O,O,X,O,O
IJSTOLZ,O,O,X,O,O
IJSTOZL,O,O,X,O,O
IJSLTZO,O,O,X,O,O
IJSLTOZ,O,O,X,O,O
IJSLZTO,O,O,X,X,O
IJSLZOT,O,O,X,X,X
IJSLOTZ,X,O,O,O,O
IJSLOZT,O,O,X,X,X
IJSZTLO,O,O,X,X,O
IJSZTOL,O,O,X,X,O
IJSZLTO,O,O,X,X,O
IJSZLOT,O,O,X,X,X
IJSZOTL,O,O,X,X,X
IJSZOLT,O,O,X,X,X
IJSOTLZ,X,O,O,O,O
IJSOTZL,X,O,O,O,O
IJSOLTZ,X,O,O,O,O
IJSOLZT,O,O,X,X,X
IJSOZTL,O,O,X,X,X
IJSOZLT,O,O,X,X,X
IJZTLSO,O,O,X,O,X
IJZTLOS,O,O,X,O,X
IJZTSLO,O,O,X,O,X
IJZTSOL,O,O,X,O,X
IJZTOLS,O,O,X,O,X
IJZTOSL,O,O,X,O,X
IJZLTSO,O,O,X,O,X
IJZLTOS,O,O,X,O,X
IJZLSTO,O,O,X,X,O
IJZLSOT,O,O,X,X,X
IJZLOTS,O,O,X,O,X
IJZLOST,O,O,X,X,X
IJZSTLO,O,O,X,X,O
IJZSTOL,O,O,X,X,O
IJZSLTO,O,O,X,X,O
IJZSLOT,O,O,X,X,X
IJZSOTL,O,O,X,X,X
IJZSOLT,O,O,X,X,X
IJZOTLS,O,O,X,O,X
IJZOTSL,O,O,X,O,X
IJZOLTS,O,O,X,O,X
IJZOLST,O,O,X,X,X
IJZOSTL,O,O,X,X,X
IJZOSLT,O,O,X,X,X
IJOTLSZ,O,O,O,O,X
IJOTLZS,O,O,O,O,X
IJOTSLZ,O,O,O,O,X
IJOTSZL,O,O,O,O,X
IJOTZLS,O,O,O,O,X
IJOTZSL,O,O,O,O,X
IJOLTSZ,O,O,O,O,X
IJOLTZS,O,O,O,O,X
IJOLSTZ,X,O,O,O,X
IJOLSZT,O,O,X,X,X
IJOLZTS,O,O,X,O,X
IJOLZST,O,O,X,X,X
IJOSTLZ,X,O,O,O,X
IJOSTZL,X,O,O,O,X
IJOSLTZ,X,O,O,O,X
IJOSLZT,O,O,X,X,X
IJOSZTL,O,O,X,X,X
IJOSZLT,O,O,X,X,X
IJOZTLS,O,O,X,O,X
IJOZTSL,O,O,X,O,X
IJOZLTS,O,O,X,O,X
IJOZLST,O,O,X,X,X
IJOZSTL,O,O,X,X,X
IJOZSLT,O,O,X,X,X
ISTLJZO,O,O,X,O,O
ISTLJOZ,O,O,O,O,O
ISTLZJO,O,O,X,O,O
ISTLZOJ,O,O,X,O,O
ISTLOJZ,O,X,O,X,O
ISTLOZJ,O,X,O,X,O
ISTJLZO,O,O,X,O,O
ISTJLOZ,O,O,O,O,O
ISTJZLO,O,O,X,O,O
ISTJZOL,O,O,X,O,O
ISTJOLZ,O,O,O,O,O
ISTJOZL,O,O,O,O,O
ISTZLJO,O,O,X,O,O
ISTZLOJ,O,O,X,O,O
ISTZJLO,O,O,X,O,O
ISTZJOL,O,O,X,O,O
ISTZOLJ,O,O,X,O,O
ISTZOJL,O,X,X,O,O
ISTOLJZ,O,X,O,X,O
ISTOLZJ,O,X,O,X,O
ISTOJLZ,O,X,O,X,O
ISTOJZL,O,X,O,X,O
ISTOZLJ,O,X,O,X,O
ISTOZJL,O,X,O,X,O
ISLTJZO,O,O,X,O,O
ISLTJOZ,O,O,O,O,O
ISLTZJO,O,O,X,O,O
ISLTZOJ,O,O,X,O,O
ISLTOJZ,O,X,O,X,O
ISLTOZJ,O,X,O,X,O
ISLJTZO,O,O,X,O,O
ISLJTOZ,O,O,X,O,O
ISLJZTO,O,O,X,X,O
ISLJZOT,O,O,X,X,X
ISLJOTZ,X,O,O,O,O
ISLJOZT,O,O,X,X,X
ISLZTJO,X,O,X,X,O
ISLZTOJ,X,O,X,X,O
ISLZJTO,O,O,X,X,O
ISLZJOT,O,O,X,X,X
ISLZOTJ,X,O,O,X,O
ISLZOJT,X,O,X,X,X
ISLOTJZ,X,X,O,X,O
ISLOTZJ,X,X,O,X,O
ISLOJTZ,X,O,O,X,O
ISLOJZT,O,O,X,X,X
ISLOZTJ,X,O,O,X,O
ISLOZJT,X,O,X,X,X
ISJTLZO,O,O,X,O,O
ISJTLOZ,O,O,X,O,O
ISJTZLO,O,O,X,O,O
ISJTZOL,O,O,X,O,O
ISJTOLZ,O,O,X,O,O
ISJTOZL,O,O,X,O,O
ISJLTZO,O,O,X,O,O
ISJLTOZ,O,O,X,O,O
ISJLZTO,O,O,X,X,O
ISJLZOT,O,O,X,X,X
ISJLOTZ,X,O,O,O,O
ISJLOZT,O,O,X,X,X
ISJZTLO,O,O,X,X,O
ISJZTOL,O,O,X,X,O
ISJZLTO,O,O,X,X,O
ISJZLOT,O,O,X,X,X
ISJZOTL,O,O,X,X,X
ISJZOLT,O,O,X,X,X
ISJOTLZ,X,O,O,O,O
ISJOTZL,X,O,O,O,O
ISJOLTZ,X,O,O,O,O
ISJOLZT,O,O,X,X,X
ISJOZTL,O,O,X,X,X
ISJOZLT,O,O,X,X,X
ISZTLJO,X,O,X,X,O
ISZTLOJ,X,O,X,X,O
ISZTJLO,X,O,X,X,O
ISZTJOL,X,O,X,X,O
ISZTOLJ,X,O,X,X,O
ISZTOJL,X,X,X,X,O
ISZLTJO,X,O,X,X,O
ISZLTOJ,X,O,X,X,O
ISZLJTO,O,O,X,X,O
ISZLJOT,O,O,X,X,X
ISZLOTJ,X,O,O,X,O
ISZLOJT,X,O,X,X,X
ISZJTLO,O,O,X,X,O
ISZJTOL,O,O,X,X,O
ISZJLTO,O,O,X,X,O
ISZJLOT,O,O,X,X,X
ISZJOTL,O,O,X,X,X
ISZJOLT,O,O,X,X,X
ISZOTLJ,X,O,O,X,O
ISZOTJL,X,X,O,X,O
ISZOLTJ,X,O,O,X,O
ISZOLJT,X,O,X,X,X
ISZOJTL,X,O,X,X,X
ISZOJLT,X,O,X,X,X
ISOTLJZ,X,X,O,X,O
ISOTLZJ,X,X,O,X,O
ISOTJLZ,X,X,O,X,O
ISOTJZL,X,X,O,X,O
ISOTZLJ,X,X,O,X,O
ISOTZJL,X,X,O,X,O
ISOLTJZ,X,X,O,X,O
ISOLTZJ,X,X,O,X,O
ISOLJTZ,X,O,O,X,O
ISOLJZT,O,O,X,X,X
ISOLZTJ,X,O,O,X,O
ISOLZJT,X,O,X,X,X
ISOJTLZ,X,O,O,X,O
ISOJTZL,X,O,O,X,O
ISOJLTZ,X,O,O,X,O
ISOJLZT,O,O,X,X,X
ISOJZTL,O,O,X,X,X
ISOJZLT,O,O,X,X,X
ISOZTLJ,X,O,O,X,O
ISOZTJL,X,X,O,X,O
ISOZLTJ,X,O,O,X,O
ISOZLJT,X,O,X,X,X
ISOZJTL,X,O,X,X,X
ISOZJLT,X,O,X,X,X
IZTLJSO,O,O,X,O,X
IZTLJOS,O,O,O,O,X
IZTLSJO,O,O,X,O,O
IZTLSOJ,O,O,X,O,O
IZTLOJS,O,O,O,O,X
IZTLOSJ,O,O,O,O,X
IZTJLSO,O,O,X,O,X
IZTJLOS,O,O,O,O,X
IZTJSLO,O,O,X,O,X
IZTJSOL,O,O,X,O,X
IZTJOLS,O,O,O,O,X
IZTJOSL,O,O,O,O,X
IZTSLJO,O,O,X,O,O
IZTSLOJ,O,O,X,O,O
IZTSJLO,O,O,X,O,O
IZTSJOL,O,O,X,O,O
IZTSOLJ,O,O,X,O,O
IZTSOJL,O,X,X,O,O
IZTOLJS,O,O,O,O,X
IZTOLSJ,O,O,O,O,X
IZTOJLS,O,O,O,O,X
IZTOJSL,O,O,O,O,X
IZTOSLJ,O,O,O,O,X
IZTOSJL,O,X,O,O,X
IZLTJSO,O,O,X,O,X
IZLTJOS,O,O,O,O,X
IZLTSJO,O,O,X,O,O
IZLTSOJ,O,O,X,O,O
IZLTOJS,O,O,O,O,X
IZLTOSJ,O,O,O,O,X
IZLJTSO,O,O,X,O,X
IZLJTOS,O,O,X,O,X
IZLJSTO,O,O,X,X,O
IZLJSOT,O,O,X,X,X
IZLJOTS,O,O,X,O,X
IZLJOST,O,O,X,X,X
IZLSTJO,X,O,X,X,O
IZLSTOJ,X,O,X,X,O
IZLSJTO,O,O,X,X,O
IZLSJOT,O,O,X,X,X
IZLSOTJ,X,O,O,X,O
IZLSOJT,X,O,X,X,X
IZLOTJS,X,O,O,X,X
IZLOTSJ,X,O,O,X,X
IZLOJTS,X,O,X,X,X
IZLOJST,X,O,X,X,X
IZLOSTJ,X,O,O,X,O
IZLOSJT,X,O,X,X,X
IZJTLSO,O,O,X,O,X
IZJTLOS,O,O,X,O,X
IZJTSLO,O,O,X,O,X
IZJTSOL,O,O,X,O,X
IZJTOLS,O,O,X,O,X
IZJTOSL,O,O,X,O,X
IZJLTSO,O,O,X,O,X
IZJLTOS,O,O,X,O,X
IZJLSTO,O,O,X,X,O
IZJLSOT,O,O,X,X,X
IZJLOTS,O,O,X,O,X
IZJLOST,O,O,X,X,X
IZJSTLO,O,O,X,X,O
IZJSTOL,O,O,X,X,O
IZJSLTO,O,O,X,X,O
IZJSLOT,O,O,X,X,X
IZJSOTL,O,O,X,X,X
IZJSOLT,O,O,X,X,X
IZJOTLS,O,O,X,O,X
IZJOTSL,O,O,X,O,X
IZJOLTS,O,O,X,O,X
IZJOLST,O,O,X,X,X
IZJOSTL,O,O,X,X,X
IZJOSLT,O,O,X,X,X
IZSTLJO,X,O,X,X,O
IZSTLOJ,X,O,X,X,O
IZSTJLO,X,O,X,X,O
IZSTJOL,X,O,X,X,O
IZSTOLJ,X,O,X,X,O
IZSTOJL,X,X,X,X,O
IZSLTJO,X,O,X,X,O
IZSLTOJ,X,O,X,X,O
IZSLJTO,O,O,X,X,O
IZSLJOT,O,O,X,X,X
IZSLOTJ,X,O,O,X,O
IZSLOJT,X,O,X,X,X
IZSJTLO,O,O,X,X,O
IZSJTOL,O,O,X,X,O
IZSJLTO,O,O,X,X,O
IZSJLOT,O,O,X,X,X
IZSJOTL,O,O,X,X,X
IZSJOLT,O,O,X,X,X
IZSOTLJ,X,O,O,X,O
IZSOTJL,X,X,O,X,O
IZSOLTJ,X,O,O,X,O
IZSOLJT,X,O,X,X,X
IZSOJTL,X,O,X,X,X
IZSOJLT,X,O,X,X,X
IZOTLJS,X,O,O,X,X
IZOTLSJ,X,O,O,X,X
IZOTJLS,X,O,O,X,X
IZOTJSL,X,O,O,X,X
IZOTSLJ,X,O,O,X,X
IZOTSJL,X,X,O,X,X
IZOLTJS,X,O,O,X,X
IZOLTSJ,X,O,O,X,X
IZOLJTS,X,O,X,X,X
IZOLJST,X,O,X,X,X
IZOLSTJ,X,O,O,X,O
IZOLSJT,X,O,X,X,X
IZOJTLS,X,O,X,X,X
IZOJTSL,X,O,X,X,X
IZOJLTS,X,O,X,X,X
IZOJLST,X,O,X,X,X
IZOJSTL,X,O,X,X,X
IZOJSLT,X,O,X,X,X
IZOSTLJ,X,O,O,X,O
IZOSTJL,X,X,O,X,O
IZOSLTJ,X,O,O,X,O
IZOSLJT,X,O,X,X,X
IZOSJTL,X,O,X,X,X
IZOSJLT,X,O,X,X,X
IOTLJSZ,O,X,O,O,X
IOTLJZS,O,X,O,O,X
IOTLSJZ,O,X,O,X,X
IOTLSZJ,O,X,O,X,X
IOTLZJS,O,X,O,O,X
IOTLZSJ,O,X,O,O,X
IOTJLSZ,O,X,O,O,X
IOTJLZS,O,X,O,O,X
IOTJSLZ,O,X,O,O,X
IOTJSZL,O,X,O,O,X
IOTJZLS,O,X,O,O,X
IOTJZSL,O,X,O,O,X
IOTSLJZ,O,X,O,X,X
IOTSLZJ,O,X,O,X,X
IOTSJLZ,O,X,O,X,X
IOTSJZL,O,X,O,X,X
IOTSZLJ,O,X,O,X,X
IOTSZJL,O,X,O,X,X
IOTZLJS,O,X,O,O,X
IOTZLSJ,O,X,O,O,X
IOTZJLS,O,X,O,O,X
IOTZJSL,O,X,O,O,X
IOTZSLJ,O,X,O,O,X
IOTZSJL,O,X,O,O,X
IOLTJSZ,O,X,O,O,X
IOLTJZS,O,X,O,O,X
IOLTSJZ,O,X,O,X,X
IOLTSZJ,O,X,O,X,X
IOLTZJS,O,X,O,O,X
IOLTZSJ,O,X,O,O,X
IOLJTSZ,O,O,O,O,X
IOLJTZS,O,O,O,O,X
IOLJSTZ,X,O,O,O,X
IOLJSZT,O,O,X,X,X
IOLJZTS,O,O,X,O,X
IOLJZST,O,O,X,X,X
IOLSTJZ,X,X,O,X,O
IOLSTZJ,X,X,O,X,O
IOLSJTZ,X,O,O,X,O
IOLSJZT,O,O,X,X,X
IOLSZTJ,X,O,O,X,O
IOLSZJT,X,O,X,X,X
IOLZTJS,X,O,O,X,X
IOLZTSJ,X,O,O,X,X
IOLZJTS,X,O,X,X,X
IOLZJST,X,O,X,X,X
IOLZSTJ,X,O,O,X,O
IOLZSJT,X,O,X,X,X
IOJTLSZ,O,O,O,O,X
IOJTLZS,O,O,O,O,X
IOJTSLZ,O,O,O,O,X
IOJTSZL,O,O,O,O,X
IOJTZLS,O,O,O,O,X
IOJTZSL,O,O,O,O,X
IOJLTSZ,O,O,O,O,X
IOJLTZS,O,O,O,O,X
IOJLSTZ,X,O,O,O,X
IOJLSZT,O,O,X,X,X
IOJLZTS,O,O,X,O,X
IOJLZST,O,O,X,X,X
IOJSTLZ,X,O,O,O,X
IOJSTZL,X,O,O,O,X
IOJSLTZ,X,O,O,O,X
IOJSLZT,O,O,X,X,X
IOJSZTL,O,O,X,X,X
IOJSZLT,O,O,X,X,X
IOJZTLS,O,O,X,O,X
IOJZTSL,O,O,X,O,X
IOJZLTS,O,O,X,O,X
IOJZLST,O,O,X,X,X
IOJZSTL,O,O,X,X,X
IOJZSLT,O,O,X,X,X
IOSTLJZ,X,X,O,X,O
IOSTLZJ,X,X,O,X,O
IOSTJLZ,X,X,O,X,O
IOSTJZL,X,X,O,X,O
IOSTZLJ,X,X,O,X,O
IOSTZJL,X,X,O,X,O
IOSLTJZ,X,X,O,X,O
IOSLTZJ,X,X,O,X,O
IOSLJTZ,X,O,O,X,O
IOSLJZT,O,O,X,X,X
IOSLZTJ,X,O,O,X,O
IOSLZJT,X,O,X,X,X
IOSJTLZ,X,O,O,X,O
IOSJTZL,X,O,O,X,O
IOSJLTZ,X,O,O,X,O
IOSJLZT,O,O,X,X,X
IOSJZTL,O,O,X,X,X
IOSJZLT,O,O,X,X,X
IOSZTLJ,X,O,O,X,O
IOSZTJL,X,X,O,X,O
IOSZLTJ,X,O,O,X,O
IOSZLJT,X,O,X,X,X
IOSZJTL,X,O,X,X,X
IOSZJLT,X,O,X,X,X
IOZTLJS,X,O,O,X,X
IOZTLSJ,X,O,O,X,X
IOZTJLS,X,O,O,X,X
IOZTJSL,X,O,O,X,X
IOZTSLJ,X,O,O,X,X
IOZTSJL,X,X,O,X,X
IOZLTJS,X,O,O,X,X
IOZLTSJ,X,O,O,X,X
IOZLJTS,X,O,X,X,X
IOZLJST,X,O,X,X,X
IOZLSTJ,X,O,O,X,O
IOZLSJT,X,O,X,X,X
IOZJTLS,X,O,X,X,X
IOZJTSL,X,O,X,X,X
IOZJLTS,X,O,X,X,X
IOZJLST,X,O,X,X,X
IOZJSTL,X,O,X,X,X
IOZJSLT,X,O,X,X,X
IOZSTLJ,X,O,O,X,O
IOZSTJL,X,X,O,X,O
IOZSLTJ,X,O,O,X,O
IOZSLJT,X,O,X,X,X
IOZSJTL,X,O,X,X,X
IOZSJLT,X,O,X,X,X
LTIJSZO,O,O,X,O,X
LTIJSOZ,O,O,O,O,X
LTIJZSO,O,O,X,O,X
LTIJZOS,O,O,O,O,X
LTIJOSZ,O,O,O,O,X
LTIJOZS,O,O,O,O,X
LTISJZO,O,O,X,O,O
LTISJOZ,O,O,O,O,O
LTISZJO,O,O,X,O,O
LTISZOJ,O,O,X,O,O
LTISOJZ,O,X,O,X,O
LTISOZJ,O,X,O,X,O
LTIZJSO,O,O,X,O,X
LTIZJOS,O,O,O,O,X
LTIZSJO,O,O,X,O,O
LTIZSOJ,O,O,X,O,O
LTIZOJS,O,O,O,O,X
LTIZOSJ,O,O,O,O,X
LTIOJSZ,O,X,O,O,X
LTIOJZS,O,X,O,O,X
LTIOSJZ,O,X,O,X,X
LTIOSZJ,O,X,O,X,X
LTIOZJS,O,X,O,O,X
LTIOZSJ,O,X,O,O,X
LTJISZO,O,O,X,O,X
LTJISOZ,O,O,O,O,X
LTJIZSO,O,O,X,O,X
LTJIZOS,O,O,O,O,X
LTJIOSZ,O,O,O,O,X
LTJIOZS,O,O,O,O,X
LTJSIZO,O,O,X,O,X
LTJSIOZ,O,O,O,O,X
LTJSZIO,O,O,X,O,X
LTJSZOI,O,O,X,O,X
LTJSOIZ,O,O,O,O,X
LTJSOZI,O,O,O,O,X
LTJZISO,O,O,X,O,X
LTJZIOS,O,O,O,O,X
LTJZSIO,O,O,X,O,X
LTJZSOI,O,O,X,O,X
LTJZOIS,O,O,O,O,X
LTJZOSI,O,O,O,O,X
LTJOISZ,O,O,O,O,X
LTJOIZS,O,O,O,O,X
LTJOSIZ,O,O,O,O,X
LTJOSZI,O,O,O,O,X
LTJOZIS,O,O,O,O,X
LTJOZSI,O,O,O,O,X
LTSIJZO,O,O,X,O,O
LTSIJOZ,O,O,O,O,O
LTSIZJO,O,O,X,O,O
LTSIZOJ,O,O,X,O,O
LTSIOJZ,O,X,O,X,O
LTSIOZJ,O,X,O,X,O
LTSJIZO,O,O,X,O,O
LTSJIOZ,O,O,O,O,O
LTSJZIO,O,O,X,O,O
LTSJZOI,O,O,X,O,O
LTSJOIZ,O,O,O,O,O
LTSJOZI,O,O,O,O,O
LTSZIJO,O,O,X,O,O
LTSZIOJ,O,O,X,O,O
LTSZJIO,O,O,X,O,O
LTSZJOI,O,O,X,O,O
LTSZOIJ,O,O,X,O,O
LTSZOJI,O,X,X,O,O
LTSOIJZ,O,X,O,X,O
LTSOIZJ,O,X,O,X,O
LTSOJIZ,O,X,O,X,O
LTSOJZI,O,X,O,X,O
LTSOZIJ,O,X,O,X,O
LTSOZJI,O,X,O,X,O
LTZIJSO,O,O,X,O,X
LTZIJOS,O,O,O,O,X
LTZISJO,O,O,X,O,O
LTZISOJ,O,O,X,O,O
LTZIOJS,O,O,O,O,X
LTZIOSJ,O,O,O,O,X
LTZJISO,O,O,X,O,X
LTZJIOS,O,O,O,O,X
LTZJSIO,O,O,X,O,X
LTZJSOI,O,O,X,O,X
LTZJOIS,O,O,O,O,X
LTZJOSI,O,O,O,O,X
LTZSIJO,O,O,X,O,O
LTZSIOJ,O,O,X,O,O
LTZSJIO,O,O,X,O,O
LTZSJOI,O,O,X,O,O
LTZSOIJ,O,O,X,O,O
LTZSOJI,O,X,X,O,O
LTZOIJS,O,O,O,O,X
LTZOISJ,O,O,O,O,X
LTZOJIS,O,O,O,O,X
LTZOJSI,O,O,O,O,X
LTZOSIJ,O,O,O,O,X
LTZOSJI,O,X,O,O,X
LTOIJSZ,O,X,O,O,X
LTOIJZS,O,X,O,O,X
LTOISJZ,O,X,O,X,X
LTOISZJ,O,X,O,X,X
LTOIZJS,O,X,O,O,X
LTOIZSJ,O,X,O,O,X
LTOJISZ,O,X,O,O,X
LTOJIZS,O,X,O,O,X
LTOJSIZ,O,X,O,O,X
LTOJSZI,O,X,O,O,X
LTOJZIS,O,X,O,O,X
LTOJZSI,O,X,O,O,X
LTOSIJZ,O,X,O,X,X
LTOSIZJ,O,X,O,X,X
LTOSJIZ,O,X,O,X,X
LTOSJZI,O,X,O,X,X
LTOSZIJ,O,X,O,X,X
LTOSZJI,O,X,O,X,X
LTOZIJS,O,X,O,O,X
LTOZISJ,O,X,O,O,X
LTOZJIS,O,X,O,O,X
LTOZJSI,O,X,O,O,X
LTOZSIJ,O,X,O,O,X
LTOZSJI,O,X,O,O,X
LITJSZO,O,O,X,O,X
LITJSOZ,O,O,O,O,X
LITJZSO,O,O,X,O,X
LITJZOS,O,O,O,O,X
LITJOSZ,O,O,O,O,X
LITJOZS,O,O,O,O,X
LITSJZO,O,O,X,O,O
LITSJOZ,O,O,O,O,O
LITSZJO,O,O,X,O,O
LITSZOJ,O,O,X,O,O
LITSOJZ,O,X,O,X,O
LITSOZJ,O,X,O,X,O
LITZJSO,O,O,X,O,X
LITZJOS,O,O,O,O,X
LITZSJO,O,O,X,O,O
LITZSOJ,O,O,X,O,O
LITZOJS,O,O,O,O,X
LITZOSJ,O,O,O,O,X
LITOJSZ,O,X,O,O,X
LITOJZS,O,X,O,O,X
LITOSJZ,O,X,O,X,X
LITOSZJ,O,X,O,X,X
LITOZJS,O,X,O,O,X
LITOZSJ,O,X,O,O,X
LIJTSZO,O,O,X,O,X
LIJTSOZ,O,O,O,O,X
LIJTZSO,O,O,X,O,X
LIJTZOS,O,O,O,O,X
LIJTOSZ,O,O,O,O,X
LIJTOZS,O,O,O,O,X
LIJSTZO,O,O,X,O,O
LIJSTOZ,O,O,X,O,O
LIJSZTO,O,O,X,X,O
LIJSZOT,O,O,X,X,X
LIJSOTZ,X,O,O,O,O
LIJSOZT,O,O,X,X,X
LIJZTSO,O,O,X,O,X
LIJZTOS,O,O,X,O,X
LIJZSTO,O,O,X,X,O
LIJZSOT,O,O,X,X,X
LIJZOTS,O,O,X,O,X
LIJZOST,O,O,X,X,X
LIJOTSZ,O,O,O,O,X
LIJOTZS,O,O,O,O,X
LIJOSTZ,X,O,O,O,X
LIJOSZT,O,O,X,X,X
LIJOZTS,O,O,X,O,X
LIJOZST,O,O,X,X,X
LISTJZO,O,O,X,O,O
LISTJOZ,O,O,O,O,O
LISTZJO,O,O,X,O,O
LISTZOJ,O,O,X,O,O
LISTOJZ,O,X,O,X,O
LISTOZJ,O,X,O,X,O
LISJTZO,O,O,X,O,O
LISJTOZ,O,O,X,O,O
LISJZTO,O,O,X,X,O
LISJZOT,O,O,X,X,X
LISJOTZ,X,O,O,O,O
LISJOZT,O,O,X,X,X
LISZTJO,X,O,X,X,O
LISZTOJ,X,O,X,X,O
LISZJTO,O,O,X,X,O
LISZJOT,O,O,X,X,X
LISZOTJ,X,O,O,X,O
LISZOJT,X,O,X,X,X
LISOTJZ,X,X,O,X,O
LISOTZJ,X,X,O,X,O
LISOJTZ,X,O,O,X,O
LISOJZT,O,O,X,X,X
LISOZTJ,X,O,O,X,O
LISOZJT,X,O,X,X,X
LIZTJSO,O,O,X,O,X
LIZTJOS,O,O,O,O,X
LIZTSJO,O,O,X,O,O
LIZTSOJ,O,O,X,O,O
LIZTOJS,O,O,O,O,X
LIZTOSJ,O,O,O,O,X
LIZJTSO,O,O,X,O,X
LIZJTOS,O,O,X,O,X
LIZJSTO,O,O,X,X,O
LIZJSOT,O,O,X,X,X
LIZJOTS,O,O,X,O,X
LIZJOST,O,O,X,X,X
LIZSTJO,X,O,X,X,O
LIZSTOJ,X,O,X,X,O
LIZSJTO,O,O,X,X,O
LIZSJOT,O,O,X,X,X
LIZSOTJ,X,O,O,X,O
LIZSOJT,X,O,X,X,X
LIZOTJS,X,O,O,X,X
LIZOTSJ,X,O,O,X,X
LIZOJTS,X,O,X,X,X
LIZOJST,X,O,X,X,X
LIZOSTJ,X,O,O,X,O
LIZOSJT,X,O,X,X,X
LIOTJSZ,O,X,O,O,X
LIOTJZS,O,X,O,O,X
LIOTSJZ,O,X,O,X,X
LIOTSZJ,O,X,O,X,X
LIOTZJS,O,X,O,O,X
LIOTZSJ,O,X,O,O,X
LIOJTSZ,O,O,O,O,X
LIOJTZS,O,O,O,O,X
LIOJSTZ,X,O,O,O,X
LIOJSZT,O,O,X,X,X
LIOJZTS,O,O,X,O,X
LIOJZST,O,O,X,X,X
LIOSTJZ,X,X,O,X,O
LIOSTZJ,X,X,O,X,O
LIOSJTZ,X,O,O,X,O
LIOSJZT,O,O,X,X,X
LIOSZTJ,X,O,O,X,O
LIOSZJT,X,O,X,X,X
LIOZTJS,X,O,O,X,X
LIOZTSJ,X,O,O,X,X
LIOZJTS,X,O,X,X,X
LIOZJST,X,O,X,X,X
LIOZSTJ,X,O,O,X,O
LIOZSJT,X,O,X,X,X
LJTISZO,O,O,X,O,X
LJTISOZ,O,O,O,O,X
LJTIZSO,O,O,X,O,X
LJTIZOS,O,O,O,O,X
LJTIOSZ,O,O,O,O,X
LJTIOZS,O,O,O,O,X
LJTSIZO,O,O,X,O,X
LJTSIOZ,O,O,O,O,X
LJTSZIO,O,O,X,O,X
LJTSZOI,O,O,X,O,X
LJTSOIZ,O,O,O,O,X
LJTSOZI,O,O,O,O,X
LJTZISO,O,O,X,O,X
LJTZIOS,O,O,O,O,X
LJTZSIO,O,O,X,O,X
LJTZSOI,O,O,X,O,X
LJTZOIS,O,O,O,O,X
LJTZOSI,O,O,O,O,X
LJTOISZ,O,O,O,O,X
LJTOIZS,O,O,O,O,X
LJTOSIZ,O,O,O,O,X
LJTOSZI,O,O,O,O,X
LJTOZIS,O,O,O,O,X
LJTOZSI,O,O,O,O,X
LJITSZO,O,O,X,O,X
LJITSOZ,O,O,O,O,X
LJITZSO,O,O,X,O,X
LJITZOS,O,O,O,O,X
LJITOSZ,O,O,O,O,X
LJITOZS,O,O,O,O,X
LJISTZO,O,O,X,O,O
LJISTOZ,O,O,X,O,O
LJISZTO,O,O,X,X,O
LJISZOT,O,O,X,X,X
LJISOTZ,X,O,O,O,O
LJISOZT,O,O,X,X,X
LJIZTSO,O,O,X,O,X
LJIZTOS,O,O,X,O,X
LJIZSTO,O,O,X,X,O
LJIZSOT,O,O,X,X,X
LJIZOTS,O,O,X,O,X
LJIZOST,O,O,X,X,X
LJIOTSZ,O,O,O,O,X
LJIOTZS,O,O,O,O,X
LJIOSTZ,X,O,O,O,X
LJIOSZT,O,O,X,X,X
LJIOZTS,O,O,X,O,X
LJIOZST,O,O,X,X,X
LJSTIZO,O,O,X,O,O
LJSTIOZ,O,O,X,O,O
LJSTZIO,O,O,X,O,O
LJSTZOI,O,O,X,O,O
LJSTOIZ,O,O,X,O,O
LJSTOZI,O,O,X,O,O
LJSITZO,O,O,X,O,O
LJSITOZ,O,O,X,O,O
LJSIZTO,O,O,X,X,O
LJSIZOT,O,O,X,X,X
LJSIOTZ,X,O,O,O,O
LJSIOZT,O,O,X,X,X
LJSZTIO,O,O,X,X,O
LJSZTOI,O,O,X,X,O
LJSZITO,O,O,X,X,O
LJSZIOT,O,O,X,X,X
LJSZOTI,O,O,X,X,X
LJSZOIT,O,O,X,X,X
LJSOTIZ,X,O,O,O,O
LJSOTZI,X,O,O,O,O
LJSOITZ,X,O,O,O,O
LJSOIZT,O,O,X,X,X
LJSOZTI,O,O,X,X,X
LJSOZIT,O,O,X,X,X
LJZTISO,O,O,X,O,X
LJZTIOS,O,O,X,O,X
LJZTSIO,O,O,X,O,X
LJZTSOI,O,O,X,O,X
LJZTOIS,O,O,X,O,X
LJZTOSI,O,O,X,O,X
LJZITSO,O,O,X,O,X
LJZITOS,O,O,X,O,X
LJZISTO,O,O,X,X,O
LJZISOT,O,O,X,X,X
LJZIOTS,O,O,X,O,X
LJZIOST,O,O,X,X,X
LJZSTIO,O,O,X,X,O
LJZSTOI,O,O,X,X,O
LJZSITO,O,O,X,X,O
LJZSIOT,O,O,X,X,X
LJZSOTI,O,O,X,X,X
LJZSOIT,O,O,X,X,X
LJZOTIS,O,O,X,O,X
LJZOTSI,O,O,X,O,X
LJZOITS,O,O,X,O,X
LJZOIST,O,O,X,X,X
LJZOSTI,O,O,X,X,X
LJZOSIT,O,O,X,X,X
LJOTISZ,O,O,O,O,X
LJOTIZS,O,O,O,O,X
LJOTSIZ,O,O,O,O,X
LJOTSZI,O,O,O,O,X
LJOTZIS,O,O,O,O,X
LJOTZSI,O,O,O,O,X
LJOITSZ,O,O,O,O,X
LJOITZS,O,O,O,O,X
LJOISTZ,X,O,O,O,X
LJOISZT,O,O,X,X,X
LJOIZTS,O,O,X,O,X
LJOIZST,O,O,X,X,X
LJOSTIZ,X,O,O,O,X
LJOSTZI,X,O,O,O,X
LJOSITZ,X,O,O,O,X
LJOSIZT,O,O,X,X,X
LJOSZTI,O,O,X,X,X
LJOSZIT,O,O,X,X,X
LJOZTIS,O,O,X,O,X
LJOZTSI,O,O,X,O,X
LJOZITS,O,O,X,O,X
LJOZIST,O,O,X,X,X
LJOZSTI,O,O,X,X,X
LJOZSIT,O,O,X,X,X
LSTIJZO,O,O,X,O,O
LSTIJOZ,O,O,O,O,O
LSTIZJO,O,O,X,O,O
LSTIZOJ,O,O,X,O,O
LSTIOJZ,O,X,O,X,O
LSTIOZJ,O,X,O,X,O
LSTJIZO,O,O,X,O,O
LSTJIOZ,O,O,O,O,O
LSTJZIO,O,O,X,O,O
LSTJZOI,O,O,X,O,O
LSTJOIZ,O,O,O,O,O
LSTJOZI,O,O,O,O,O
LSTZIJO,O,O,X,O,O
LSTZIOJ,O,O,X,O,O
LSTZJIO,O,O,X,O,O
LSTZJOI,O,O,X,O,O
LSTZOIJ,O,O,X,O,O
LSTZOJI,O,X,X,O,O
LSTOIJZ,O,X,O,X,O
LSTOIZJ,O,X,O,X,O
LSTOJIZ,O,X,O,X,O
LSTOJZI,O,X,O,X,O
LSTOZIJ,O,X,O,X,O
LSTOZJI,O,X,O,X,O
LSITJZO,O,O,X,O,O
LSITJOZ,O,O,O,O,O
LSITZJO,O,O,X,O,O
LSITZOJ,O,O,X,O,O
LSITOJZ,O,X,O,X,O
LSITOZJ,O,X,O,X,O
LSIJTZO,O,O,X,O,O
LSIJTOZ,O,O,X,O,O
LSIJZTO,O,O,X,X,O
LSIJZOT,O,O,X,X,X
LSIJOTZ,X,O,O,O,O
LSIJOZT,O,O,X,X,X
LSIZTJO,X,O,X,X,O
LSIZTOJ,X,O,X,X,O
LSIZJTO,O,O,X,X,O
LSIZJOT,O,O,X,X,X
LSIZOTJ,X,O,O,X,O
LSIZOJT,X,O,X,X,X
LSIOTJZ,X,X,O,X,O
LSIOTZJ,X,X,O,X,O
LSIOJTZ,X,O,O,X,O
LSIOJZT,O,O,X,X,X
LSIOZTJ,X,O,O,X,O
LSIOZJT,X,O,X,X,X
LSJTIZO,O,O,X,O,O
LSJTIOZ,O,O,X,O,O
LSJTZIO,O,O,X,O,O
LSJTZOI,O,O,X,O,O
LSJTOIZ,O,O,X,O,O
LSJTOZI,O,O,X,O,O
LSJITZO,O,O,X,O,O
LSJITOZ,O,O,X,O,O
LSJIZTO,O,O,X,X,O
LSJIZOT,O,O,X,X,X
LSJIOTZ,X,O,O,O,O
LSJIOZT,O,O,X,X,X
LSJZTIO,O,O,X,X,O
LSJZTOI,O,O,X,X,O
LSJZITO,O,O,X,X,O
LSJZIOT,O,O,X,X,X
LSJZOTI,O,O,X,X,X
LSJZOIT,O,O,X,X,X
LSJOTIZ,X,O,O,O,O
LSJOTZI,X,O,O,O,O
LSJOITZ,X,O,O,O,O
LSJOIZT,O,O,X,X,X
LSJOZTI,O,O,X,X,X
LSJOZIT,O,O,X,X,X
LSZTIJO,X,O,X,X,O
LSZTIOJ,X,O,X,X,O
LSZTJIO,X,O,X,X,O
LSZTJOI,X,O,X,X,O
LSZTOIJ,X,O,X,X,O
LSZTOJI,X,X,X,X,O
LSZITJO,X,O,X,X,O
LSZITOJ,X,O,X,X,O
LSZIJTO,O,O,X,X,O
LSZIJOT,O,O,X,X,X
LSZIOTJ,X,O,O,X,O
LSZIOJT,X,O,X,X,X
LSZJTIO,O,O,X,X,O
LSZJTOI,O,O,X,X,O
LSZJITO,O,O,X,X,O
LSZJIOT,O,O,X,X,X
LSZJOTI,O,O,X,X,X
LSZJOIT,O,O,X,X,X
LSZOTIJ,X,O,O,X,O
LSZOTJI,X,X,O,X,O
LSZOITJ,X,O,O,X,O
LSZOIJT,X,O,X,X,X
LSZOJTI,X,O,X,X,X
LSZOJIT,X,O,X,X,X
LSOTIJZ,X,X,O,X,O
LSOTIZJ,X,X,O,X,O
LSOTJIZ,X,X,O,X,O
LSOTJZI,X,X,O,X,O
LSOTZIJ,X,X,O,X,O
LSOTZJI,X,X,O,X,O
LSOITJZ,X,X,O,X,O
LSOITZJ,X,X,O,X,O
LSOIJTZ,X,O,O,X,O
LSOIJZT,O,O,X,X,X
LSOIZTJ,X,O,O,X,O
LSOIZJT,X,O,X,X,X
LSOJTIZ,X,O,O,X,O
LSOJTZI,X,O,O,X,O
LSOJITZ,X,O,O,X,O
LSOJIZT,O,O,X,X,X
LSOJZTI,O,O,X,X,X
LSOJZIT,O,O,X,X,X
LSOZTIJ,X,O,O,X,O
LSOZTJI,X,X,O,X,O
LSOZITJ,X,O,O,X,O
LSOZIJT,X,O,X,X,X
LSOZJTI,X,O,X,X,X
LSOZJIT,X,O,X,X,X
LZTIJSO,O,O,X,O,X
LZTIJOS,O,O,O,O,X
LZTISJO,O,O,X,O,O
LZTISOJ,O,O,X,O,O
LZTIOJS,O,O,O,O,X
LZTIOSJ,O,O,O,O,X
LZTJISO,O,O,X,O,X
LZTJIOS,O,O,O,O,X
LZTJSIO,O,O,X,O,X
LZTJSOI,O,O,X,O,X
LZTJOIS,O,O,O,O,X
LZTJOSI,O,O,O,O,X
LZTSIJO,O,O,X,O,O
LZTSIOJ,O,O,X,O,O
LZTSJIO,O,O,X,O,O
LZTSJOI,O,O,X,O,O
LZTSOIJ,O,O,X,O,O
LZTSOJI,O,X,X,O,O
LZTOIJS,O,O,O,O,X
LZTOISJ,O,O,O,O,X
LZTOJIS,O,O,O,O,X
LZTOJSI,O,O,O,O,X
LZTOSIJ,O,O,O,O,X
LZTOSJI,O,X,O,O,X
LZITJSO,O,O,X,O,X
LZITJOS,O,O,O,O,X
LZITSJO,O,O,X,O,O
LZITSOJ,O,O,X,O,O
LZITOJS,O,O,O,O,X
LZITOSJ,O,O,O,O,X
LZIJTSO,O,O,X,O,X
LZIJTOS,O,O,X,O,X
LZIJSTO,O,O,X,X,O
LZIJSOT,O,O,X,X,X
LZIJOTS,O,O,X,O,X
LZIJOST,O,O,X,X,X
LZISTJO,X,O,X,X,O
LZISTOJ,X,O,X,X,O
LZISJTO,O,O,X,X,O
LZISJOT,O,O,X,X,X
LZISOTJ,X,O,O,X,O
LZISOJT,X,O,X,X,X
LZIOTJS,X,O,O,X,X
LZIOTSJ,X,O,O,X,X
LZIOJTS,X,O,X,X,X
LZIOJST,X,O,X,X,X
LZIOSTJ,X,O,O,X,O
LZIOSJT,X,O,X,X,X
LZJTISO,O,O,X,O,X
LZJTIOS,O,O,X,O,X
LZJTSIO,O,O,X,O,X
LZJTSOI,O,O,X,O,X
LZJTOIS,O,O,X,O,X
LZJTOSI,O,O,X,O,X
LZJITSO,O,O,X,O,X
LZJITOS,O,O,X,O,X
LZJISTO,O,O,X,X,O
LZJISOT,O,O,X,X,X
LZJIOTS,O,O,X,O,X
LZJIOST,O,O,X,X,X
LZJSTIO,O,O,X,X,O
LZJSTOI,O,O,X,X,O
LZJSITO,O,O,X,X,O
LZJSIOT,O,O,X,X,X
LZJSOTI,O,O,X,X,X
LZJSOIT,O,O,X,X,X
LZJOTIS,O,O,X,O,X
LZJOTSI,O,O,X,O,X
LZJOITS,O,O,X,O,X
LZJOIST,O,O,X,X,X
LZJOSTI,O,O,X,X,X
LZJOSIT,O,O,X,X,X
LZSTIJO,X,O,X,X,O
LZSTIOJ,X,O,X,X,O
LZSTJIO,X,O,X,X,O
LZSTJOI,X,O,X,X,O
LZSTOIJ,X,O,X,X,O
LZSTOJI,X,X,X,X,O
LZSITJO,X,O,X,X,O
LZSITOJ,X,O,X,X,O
LZSIJTO,O,O,X,X,O
LZSIJOT,O,O,X,X,X
LZSIOTJ,X,O,O,X,O
LZSIOJT,X,O,X,X,X
LZSJTIO,O,O,X,X,O
LZSJTOI,O,O,X,X,O
LZSJITO,O,O,X,X,O
LZSJIOT,O,O,X,X,X
LZSJOTI,O,O,X,X,X
LZSJOIT,O,O,X,X,X
LZSOTIJ,X,O,O,X,O
LZSOTJI,X,X,O,X,O
LZSOITJ,X,O,O,X,O
LZSOIJT,X,O,X,X,X
LZSOJTI,X,O,X,X,X
LZSOJIT,X,O,X,X,X
LZOTIJS,X,O,O,X,X
LZOTISJ,X,O,O,X,X
LZOTJIS,X,O,O,X,X
LZOTJSI,X,O,O,X,X
LZOTSIJ,X,O,O,X,X
LZOTSJI,X,X,O,X,X
LZOITJS,X,O,O,X,X
LZOITSJ,X,O,O,X,X
LZOIJTS,X,O,X,X,X
LZOIJST,X,O,X,X,X
LZOISTJ,X,O,O,X,O
LZOISJT,X,O,X,X,X
LZOJTIS,X,O,X,X,X
LZOJTSI,X,O,X,X,X
LZOJITS,X,O,X,X,X
LZOJIST,X,O,X,X,X
LZOJSTI,X,O,X,X,X
LZOJSIT,X,O,X,X,X
LZOSTIJ,X,O,O,X,O
LZOSTJI,X,X,O,X,O
LZOSITJ,X,O,O,X,O
LZOSIJT,X,O,X,X,X
LZOSJTI,X,O,X,X,X
LZOSJIT,X,O,X,X,X
LOTIJSZ,O,X,O,O,X
LOTIJZS,O,X,O,O,X
LOTISJZ,O,X,O,X,X
LOTISZJ,O,X,O,X,X
LOTIZJS,O,X,O,O,X
LOTIZSJ,O,X,O,O,X
LOTJISZ,O,X,O,O,X
LOTJIZS,O,X,O,O,X
LOTJSIZ,O,X,O,O,X
LOTJSZI,O,X,O,O,X
LOTJZIS,O,X,O,O,X
LOTJZSI,O,X,O,O,X
LOTSIJZ,O,X,O,X,X
LOTSIZJ,O,X,O,X,X
LOTSJIZ,O,X,O,X,X
LOTSJZI,O,X,O,X,X
LOTSZIJ,O,X,O,X,X
LOTSZJI,O,X,O,X,X
LOTZIJS,O,X,O,O,X
LOTZISJ,O,X,O,O,X
LOTZJIS,O,X,O,O,X
LOTZJSI,O,X,O,O,X
LOTZSIJ,O,X,O,O,X
LOTZSJI,O,X,O,O,X
LOITJSZ,O,X,O,O,X
LOITJZS,O,X,O,O,X
LOITSJZ,O,X,O,X,X
LOITSZJ,O,X,O,X,X
LOITZJS,O,X,O,O,X
LOITZSJ,O,X,O,O,X
LOIJTSZ,O,O,O,O,X
LOIJTZS,O,O,O,O,X
LOIJSTZ,X,O,O,O,X
LOIJSZT,O,O,X,X,X
LOIJZTS,O,O,X,O,X
LOIJZST,O,O,X,X,X
LOISTJZ,X,X,O,X,O
LOISTZJ,X,X,O,X,O
LOISJTZ,X,O,O,X,O
LOISJZT,O,O,X,X,X
LOISZTJ,X,O,O,X,O
LOISZJT,X,O,X,X,X
LOIZTJS,X,O,O,X,X
LOIZTSJ,X,O,O,X,X
LOIZJTS,X,O,X,X,X
LOIZJST,X,O,X,X,X
LOIZSTJ,X,O,O,X,O
LOIZSJT,X,O,X,X,X
LOJTISZ,O,O,O,O,X
LOJTIZS,O,O,O,O,X
LOJTSIZ,O,O,O,O,X
LOJTSZI,O,O,O,O,X
LOJTZIS,O,O,O,O,X
LOJTZSI,O,O,O,O,X
LOJITSZ,O,O,O,O,X
LOJITZS,O,O,O,O,X
LOJISTZ,X,O,O,O,X
LOJISZT,O,O,X,X,X
LOJIZTS,O,O,X,O,X
LOJIZST,O,O,X,X,X
LOJSTIZ,X,O,O,O,X
LOJSTZI,X,O,O,O,X
LOJSITZ,X,O,O,O,X
LOJSIZT,O,O,X,X,X
LOJSZTI,O,O,X,X,X
LOJSZIT,O,O,X,X,X
LOJZTIS,O,O,X,O,X
LOJZTSI,O,O,X,O,X
LOJZITS,O,O,X,O,X
LOJZIST,O,O,X,X,X
LOJZSTI,O,O,X,X,X
LOJZSIT,O,O,X,X,X
LOSTIJZ,X,X,O,X,O
LOSTIZJ,X,X,O,X,O
LOSTJIZ,X,X,O,X,O
LOSTJZI,X,X,O,X,O
LOSTZIJ,X,X,O,X,O
LOSTZJI,X,X,O,X,O
LOSITJZ,X,X,O,X,O
LOSITZJ,X,X,O,X,O
LOSIJTZ,X,O,O,X,O
LOSIJZT,O,O,X,X,X
LOSIZTJ,X,O,O,X,O
LOSIZJT,X,O,X,X,X
LOSJTIZ,X,O,O,X,O
LOSJTZI,X,O,O,X,O
LOSJITZ,X,O,O,X,O
LOSJIZT,O,O,X,X,X
LOSJZTI,O,O,X,X,X
LOSJZIT,O,O,X,X,X
LOSZTIJ,X,O,O,X,O
LOSZTJI,X,X,O,X,O
LOSZITJ,X,O,O,X,O
LOSZIJT,X,O,X,X,X
LOSZJTI,X,O,X,X,X
LOSZJIT,X,O,X,X,X
LOZTIJS,X,O,O,X,X
LOZTISJ,X,O,O,X,X
LOZTJIS,X,O,O,X,X
LOZTJSI,X,O,O,X,X
LOZTSIJ,X,O,O,X,X
LOZTSJI,X,X,O,X,X
LOZITJS,X,O,O,X,X
LOZITSJ,X,O,O,X,X
LOZIJTS,X,O,X,X,X
LOZIJST,X,O,X,X,X
LOZISTJ,X,O,O,X,O
LOZISJT,X,O,X,X,X
LOZJTIS,X,O,X,X,X
LOZJTSI,X,O,X,X,X
LOZJITS,X,O,X,X,X
LOZJIST,X,O,X,X,X
LOZJSTI,X,O,X,X,X
LOZJSIT,X,O,X,X,X
LOZSTIJ,X,O,O,X,O
LOZSTJI,X,X,O,X,O
LOZSITJ,X,O,O,X,O
LOZSIJT,X,O,X,X,X
LOZSJTI,X,O,X,X,X
LOZSJIT,X,O,X,X,X
JTILSZO,O,O,X,O,X
JTILSOZ,O,O,O,O,X
JTILZSO,O,O,X,O,X
JTILZOS,O,O,O,O,X
JTILOSZ,O,O,O,O,X
JTILOZS,O,O,O,O,X
JTISLZO,O,O,X,O,X
JTISLOZ,O,O,O,O,X
JTISZLO,O,O,X,O,X
JTISZOL,O,O,X,O,X
JTISOLZ,O,O,O,O,X
JTISOZL,O,O,O,O,X
JTIZLSO,O,O,X,O,X
JTIZLOS,O,O,O,O,X
JTIZSLO,O,O,X,O,X
JTIZSOL,O,O,X,O,X
JTIZOLS,O,O,O,O,X
JTIZOSL,O,O,O,O,X
JTIOLSZ,O,O,O,O,X
JTIOLZS,O,O,O,O,X
JTIOSLZ,O,O,O,O,X
JTIOSZL,O,O,O,O,X
JTIOZLS,O,O,O,O,X
JTIOZSL,O,O,O,O,X
JTLISZO,O,O,X,O,X
JTLISOZ,O,O,O,O,X
JTLIZSO,O,O,X,O,X
JTLIZOS,O,O,O,O,X
JTLIOSZ,O,O,O,O,X
JTLIOZS,O,O,O,O,X
JTLSIZO,O,O,X,O,X
JTLSIOZ,O,O,O,O,X
JTLSZIO,O,O,X,O,X
JTLSZOI,O,O,X,O,X
JTLSOIZ,O,O,O,O,X
JTLSOZI,O,O,O,O,X
JTLZISO,O,O,X,O,X
JTLZIOS,O,O,O,O,X
JTLZSIO,O,O,X,O,X
JTLZSOI,O,O,X,O,X
JTLZOIS,O,O,O,O,X
JTLZOSI,O,O,O,O,X
JTLOISZ,O,O,O,O,X
JTLOIZS,O,O,O,O,X
JTLOSIZ,O,O,O,O,X
JTLOSZI,O,O,O,O,X
JTLOZIS,O,O,O,O,X
JTLOZSI,O,O,O,O,X
JTSILZO,O,O,X,O,X
JTSILOZ,O,O,O,O,X
JTSIZLO,O,O,X,O,X
JTSIZOL,O,O,X,O,X
JTSIOLZ,O,O,O,O,X
JTSIOZL,O,O,O,O,X
JTSLIZO,O,O,X,O,X
JTSLIOZ,O,O,O,O,X
JTSLZIO,O,O,X,O,X
JTSLZOI,O,O,X,O,X
JTSLOIZ,O,O,O,O,X
JTSLOZI,O,O,O,O,X
JTSZILO,O,O,X,O,X
JTSZIOL,O,O,X,O,X
JTSZLIO,O,O,X,O,X
JTSZLOI,O,O,X,O,X
JTSZOIL,O,O,X,O,X
JTSZOLI,O,O,X,O,X
JTSOILZ,O,O,O,O,X
JTSOIZL,O,O,O,O,X
JTSOLIZ,O,O,O,O,X
JTSOLZI,O,O,O,O,X
JTSOZIL,O,O,O,O,X
JTSOZLI,O,O,O,O,X
JTZILSO,O,O,X,O,X
JTZILOS,O,O,O,O,X
JTZISLO,O,O,X,O,X
JTZISOL,O,O,X,O,X
JTZIOLS,O,O,O,O,X
JTZIOSL,O,O,O,O,X
JTZLISO,O,O,X,O,X
JTZLIOS,O,O,O,O,X
JTZLSIO,O,O,X,O,X
JTZLSOI,O,O,X,O,X
JTZLOIS,O,O,O,O,X
JTZLOSI,O,O,O,O,X
JTZSILO,O,O,X,O,X
JTZSIOL,O,O,X,O,X
JTZSLIO,O,O,X,O,X
JTZSLOI,O,O,X,O,X
JTZSOIL,O,O,X,O,X
JTZSOLI,O,O,X,O,X
JTZOILS,O,O,O,O,X
JTZOISL,O,O,O,O,X
JTZOLIS,O,O,O,O,X
JTZOLSI,O,O,O,O,X
JTZOSIL,O,O,O,O,X
JTZOSLI,O,O,O,O,X
JTOILSZ,O,O,O,O,X
JTOILZS,O,O,O,O,X
JTOISLZ,O,O,O,O,X
JTOISZL,O,O,O,O,X
JTOIZLS,O,O,O,O,X
JTOIZSL,O,O,O,O,X
JTOLISZ,O,O,O,O,X
JTOLIZS,O,O,O,O,X
JTOLSIZ,O,O,O,O,X
JTOLSZI,O,O,O,O,X
JTOLZIS,O,O,O,O,X
JTOLZSI,O,O,O,O,X
JTOSILZ,O,O,O,O,X
JTOSIZL,O,O,O,O,X
JTOSLIZ,O,O,O,O,X
JTOSLZI,O,O,O,O,X
JTOSZIL,O,O,O,O,X
JTOSZLI,O,O,O,O,X
JTOZILS,O,O,O,O,X
JTOZISL,O,O,O,O,X
JTOZLIS,O,O,O,O,X
JTOZLSI,O,O,O,O,X
JTOZSIL,O,O,O,O,X
JTOZSLI,O,O,O,O,X
JITLSZO,O,O,X,O,X
JITLSOZ,O,O,O,O,X
JITLZSO,O,O,X,O,X
JITLZOS,O,O,O,O,X
JITLOSZ,O,O,O,O,X
JITLOZS,O,O,O,O,X
JITSLZO,O,O,X,O,X
JITSLOZ,O,O,O,O,X
JITSZLO,O,O,X,O,X
JITSZOL,O,O,X,O,X
JITSOLZ,O,O,O,O,X
JITSOZL,O,O,O,O,X
JITZLSO,O,O,X,O,X
JITZLOS,O,O,O,O,X
JITZSLO,O,O,X,O,X
JITZSOL,O,O,X,O,X
JITZOLS,O,O,O,O,X
JITZOSL,O,O,O,O,X
JITOLSZ,O,O,O,O,X
JITOLZS,O,O,O,O,X
JITOSLZ,O,O,O,O,X
JITOSZL,O,O,O,O,X
JITOZLS,O,O,O,O,X
JITOZSL,O,O,O,O,X
JILTSZO,O,O,X,O,X
JILTSOZ,O,O,O,O,X
JILTZSO,O,O,X,O,X
JILTZOS,O,O,O,O,X
JILTOSZ,O,O,O,O,X
JILTOZS,O,O,O,O,X
JILSTZO,O,O,X,O,O
JILSTOZ,O,O,X,O,O
JILSZTO,O,O,X,X,O
JILSZOT,O,O,X,X,X
JILSOTZ,X,O,O,O,O
JILSOZT,O,O,X,X,X
JILZTSO,O,O,X,O,X
JILZTOS,O,O,X,O,X
JILZSTO,O,O,X,X,O
JILZSOT,O,O,X,X,X
JILZOTS,O,O,X,O,X
JILZOST,O,O,X,X,X
JILOTSZ,O,O,O,O,X
JILOTZS,O,O,O,O,X
JILOSTZ,X,O,O,O,X
JILOSZT,O,O,X,X,X
JILOZTS,O,O,X,O,X
JILOZST,O,O,X,X,X
JISTLZO,O,O,X,O,O
JISTLOZ,O,O,X,O,O
JISTZLO,O,O,X,O,O
JISTZOL,O,O,X,O,O
JISTOLZ,O,O,X,O,O
JISTOZL,O,O,X,O,O
JISLTZO,O,O,X,O,O
JISLTOZ,O,O,X,O,O
JISLZTO,O,O,X,X,O
JISLZOT,O,O,X,X,X
JISLOTZ,X,O,O,O,O
JISLOZT,O,O,X,X,X
JISZTLO,O,O,X,X,O
JISZTOL,O,O,X,X,O
JISZLTO,O,O,X,X,O
JISZLOT,O,O,X,X,X
JISZOTL,O,O,X,X,X
JISZOLT,O,O,X,X,X
JISOTLZ,X,O,O,O,O
JISOTZL,X,O,O,O,O
JISOLTZ,X,O,O,O,O
JISOLZT,O,O,X,X,X
JISOZTL,O,O,X,X,X
JISOZLT,O,O,X,X,X
JIZTLSO,O,O,X,O,X
JIZTLOS,O,O,X,O,X
JIZTSLO,O,O,X,O,X
JIZTSOL,O,O,X,O,X
JIZTOLS,O,O,X,O,X
JIZTOSL,O,O,X,O,X
JIZLTSO,O,O,X,O,X
JIZLTOS,O,O,X,O,X
JIZLSTO,O,O,X,X,O
JIZLSOT,O,O,X,X,X
JIZLOTS,O,O,X,O,X
JIZLOST,O,O,X,X,X
JIZSTLO,O,O,X,X,O
JIZSTOL,O,O,X,X,O
JIZSLTO,O,O,X,X,O
JIZSLOT,O,O,X,X,X
JIZSOTL,O,O,X,X,X
JIZSOLT,O,O,X,X,X
JIZOTLS,O,O,X,O,X
JIZOTSL,O,O,X,O,X
JIZOLTS,O,O,X,O,X
JIZOLST,O,O,X,X,X
JIZOSTL,O,O,X,X,X
JIZOSLT,O,O,X,X,X
JIOTLSZ,O,O,O,O,X
JIOTLZS,O,O,O,O,X
JIOTSLZ,O,O,O,O,X
JIOTSZL,O,O,O,O,X
JIOTZLS,O,O,O,O,X
JIOTZSL,O,O,O,O,X
JIOLTSZ,O,O,O,O,X
JIOLTZS,O,O,O,O,X
JIOLSTZ,X,O,O,O,X
JIOLSZT,O,O,X,X,X
JIOLZTS,O,O,X,O,X
JIOLZST,O,O,X,X,X
JIOSTLZ,X,O,O,O,X
JIOSTZL,X,O,O,O,X
JIOSLTZ,X,O,O,O,X
JIOSLZT,O,O,X,X,X
JIOSZTL,O,O,X,X,X
JIOSZLT,O,O,X,X,X
JIOZTLS,O,O,X,O,X
JIOZTSL,O,O,X,O,X
JIOZLTS,O,O,X,O,X
JIOZLST,O,O,X,X,X
JIOZSTL,O,O,X,X,X
JIOZSLT,O,O,X,X,X
JLTISZO,O,O,X,O,X
JLTISOZ,O,O,O,O,X
JLTIZSO,O,O,X,O,X
JLTIZOS,O,O,O,O,X
JLTIOSZ,O,O,O,O,X
JLTIOZS,O,O,O,O,X
JLTSIZO,O,O,X,O,X
JLTSIOZ,O,O,O,O,X
JLTSZIO,O,O,X,O,X
JLTSZOI,O,O,X,O,X
JLTSOIZ,O,O,O,O,X
JLTSOZI,O,O,O,O,X
JLTZISO,O,O,X,O,X
JLTZIOS,O,O,O,O,X
JLTZSIO,O,O,X,O,X
JLTZSOI,O,O,X,O,X
JLTZOIS,O,O,O,O,X
JLTZOSI,O,O,O,O,X
JLTOISZ,O,O,O,O,X
JLTOIZS,O,O,O,O,X
JLTOSIZ,O,O,O,O,X
JLTOSZI,O,O,O,O,X
JLTOZIS,O,O,O,O,X
JLTOZSI,O,O,O,O,X
JLITSZO,O,O,X,O,X
JLITSOZ,O,O,O,O,X
JLITZSO,O,O,X,O,X
JLITZOS,O,O,O,O,X
JLITOSZ,O,O,O,O,X
JLITOZS,O,O,O,O,X
JLISTZO,O,O,X,O,O
JLISTOZ,O,O,X,O,O
JLISZTO,O,O,X,X,O
JLISZOT,O,O,X,X,X
JLISOTZ,X,O,O,O,O
JLISOZT,O,O,X,X,X
JLIZTSO,O,O,X,O,X
JLIZTOS,O,O,X,O,X
JLIZSTO,O,O,X,X,O
JLIZSOT,O,O,X,X,X
JLIZOTS,O,O,X,O,X
JLIZOST,O,O,X,X,X
JLIOTSZ,O,O,O,O,X
JLIOTZS,O,O,O,O,X
JLIOSTZ,X,O,O,O,X
JLIOSZT,O,O,X,X,X
JLIOZTS,O,O,X,O,X
JLIOZST,O,O,X,X,X
JLSTIZO,O,O,X,O,O
JLSTIOZ,O,O,X,O,O
JLSTZIO,O,O,X,O,O
JLSTZOI,O,O,X,O,O
JLSTOIZ,O,O,X,O,O
JLSTOZI,O,O,X,O,O
JLSITZO,O,O,X,O,O
JLSITOZ,O,O,X,O,O
JLSIZTO,O,O,X,X,O
JLSIZOT,O,O,X,X,X
JLSIOTZ,X,O,O,O,O
JLSIOZT,O,O,X,X,X
JLSZTIO,O,O,X,X,O
JLSZTOI,O,O,X,X,O
JLSZITO,O,O,X,X,O
JLSZIOT,O,O,X,X,X
JLSZOTI,O,O,X,X,X
JLSZOIT,O,O,X,X,X
JLSOTIZ,X,O,O,O,O
JLSOTZI,X,O,O,O,O
JLSOITZ,X,O,O,O,O
JLSOIZT,O,O,X,X,X
JLSOZTI,O,O,X,X,X
JLSOZIT,O,O,X,X,X
JLZTISO,O,O,X,O,X
JLZTIOS,O,O,X,O,X
JLZTSIO,O,O,X,O,X
JLZTSOI,O,O,X,O,X
JLZTOIS,O,O,X,O,X
JLZTOSI,O,O,X,O,X
JLZITSO,O,O,X,O,X
JLZITOS,O,O,X,O,X
JLZISTO,O,O,X,X,O
JLZISOT,O,O,X,X,X
JLZIOTS,O,O,X,O,X
JLZIOST,O,O,X,X,X
JLZSTIO,O,O,X,X,O
JLZSTOI,O,O,X,X,O
JLZSITO,O,O,X,X,O
JLZSIOT,O,O,X,X,X
JLZSOTI,O,O,X,X,X
JLZSOIT,O,O,X,X,X
JLZOTIS,O,O,X,O,X
JLZOTSI,O,O,X,O,X
JLZOITS,O,O,X,O,X
JLZOIST,O,O,X,X,X
JLZOSTI,O,O,X,X,X
JLZOSIT,O,O,X,X,X
JLOTISZ,O,O,O,O,X
JLOTIZS,O,O,O,O,X
JLOTSIZ,O,O,O,O,X
JLOTSZI,O,O,O,O,X
JLOTZIS,O,O,O,O,X
JLOTZSI,O,O,O,O,X
JLOITSZ,O,O,O,O,X
JLOITZS,O,O,O,O,X
JLOISTZ,X,O,O,O,X
JLOISZT,O,O,X,X,X
JLOIZTS,O,O,X,O,X
JLOIZST,O,O,X,X,X
JLOSTIZ,X,O,O,O,X
JLOSTZI,X,O,O,O,X
JLOSITZ,X,O,O,O,X
JLOSIZT,O,O,X,X,X
JLOSZTI,O,O,X,X,X
JLOSZIT,O,O,X,X,X
JLOZTIS,O,O,X,O,X
JLOZTSI,O,O,X,O,X
JLOZITS,O,O,X,O,X
JLOZIST,O,O,X,X,X
JLOZSTI,O,O,X,X,X
JLOZSIT,O,O,X,X,X
JSTILZO,O,O,X,O,O
JSTILOZ,O,O,X,O,O
JSTIZLO,O,O,X,O,O
JSTIZOL,O,O,X,O,O
JSTIOLZ,O,O,X,O,O
JSTIOZL,O,O,X,O,O
JSTLIZO,O,O,X,O,O
JSTLIOZ,O,O,X,O,O
JSTLZIO,O,O,X,O,O
JSTLZOI,O,O,X,O,O
JSTLOIZ,O,O,X,O,O
JSTLOZI,O,O,X,O,O
JSTZILO,O,O,X,O,O
JSTZIOL,O,O,X,O,O
JSTZLIO,O,O,X,O,O
JSTZLOI,O,O,X,O,O
JSTZOIL,O,O,X,O,O
JSTZOLI,O,O,X,O,O
JSTOILZ,O,O,X,O,O
JSTOIZL,O,O,X,O,O
JSTOLIZ,O,O,X,O,O
JSTOLZI,O,O,X,O,O
JSTOZIL,O,O,X,O,O
JSTOZLI,O,O,X,O,O
JSITLZO,O,O,X,O,O
JSITLOZ,O,O,X,O,O
JSITZLO,O,O,X,O,O
JSITZOL,O,O,X,O,O
JSITOLZ,O,O,X,O,O
JSITOZL,O,O,X,O,O
JSILTZO,O,O,X,O,O
JSILTOZ,O,O,X,O,O
JSILZTO,O,O,X,X,O
JSILZOT,O,O,X,X,X
JSILOTZ,X,O,O,O,O
JSILOZT,O,O,X,X,X
JSIZTLO,O,O,X,X,O
JSIZTOL,O,O,X,X,O
JSIZLTO,O,O,X,X,O
JSIZLOT,O,O,X,X,X
JSIZOTL,O,O,X,X,X
JSIZOLT,O,O,X,X,X
JSIOTLZ,X,O,O,O,O
JSIOTZL,X,O,O,O,O
JSIOLTZ,X,O,O,O,O
JSIOLZT,O,O,X,X,X
JSIOZTL,O,O,X,X,X
JSIOZLT,O,O,X,X,X
JSLTIZO,O,O,X,O,O
JSLTIOZ,O,O,X,O,O
JSLTZIO,O,O,X,O,O
JSLTZOI,O,O,X,O,O
JSLTOIZ,O,O,X,O,O
JSLTOZI,O,O,X,O,O
JSLITZO,O,O,X,O,O
JSLITOZ,O,O,X,O,O
JSLIZTO,O,O,X,X,O
JSLIZOT,O,O,X,X,X
JSLIOTZ,X,O,O,O,O
JSLIOZT,O,O,X,X,X
JSLZTIO,O,O,X,X,O
JSLZTOI,O,O,X,X,O
JSLZITO,O,O,X,X,O
JSLZIOT,O,O,X,X,X
JSLZOTI,O,O,X,X,X
JSLZOIT,O,O,X,X,X
JSLOTIZ,X,O,O,O,O
JSLOTZI,X,O,O,O,O
JSLOITZ,X,O,O,O,O
JSLOIZT,O,O,X,X,X
JSLOZTI,O,O,X,X,X
JSLOZIT,O,O,X,X,X
JSZTILO,O,O,X,X,O
JSZTIOL,O,O,X,X,O
JSZTLIO,O,O,X,X,O
JSZTLOI,O,O,X,X,O
JSZTOIL,O,O,X,X,O
JSZTOLI,O,O,X,X,O
JSZITLO,O,O,X,X,O
JSZITOL,O,O,X,X,O
JSZILTO,O,O,X,X,O
JSZILOT,O,O,X,X,X
JSZIOTL,O,O,X,X,X
JSZIOLT,O,O,X,X,X
JSZLTIO,O,O,X,X,O
JSZLTOI,O,O,X,X,O
JSZLITO,O,O,X,X,O
JSZLIOT,O,O,X,X,X
JSZLOTI,O,O,X,X,X
JSZLOIT,O,O,X,X,X
JSZOTIL,O,O,X,X,X
JSZOTLI,O,O,X,X,X
JSZOITL,O,O,X,X,X
JSZOILT,O,O,X,X,X
JSZOLTI,O,O,X,X,X
JSZOLIT,O,O,X,X,X
JSOTILZ,X,O,O,O,O
JSOTIZL,X,O,O,O,O
JSOTLIZ,X,O,O,O,O
JSOTLZI,X,O,O,O,O
JSOTZIL,X,O,O,O,O
JSOTZLI,X,O,O,O,O
JSOITLZ,X,O,O,O,O
JSOITZL,X,O,O,O,O
JSOILTZ,X,O,O,O,O
JSOILZT,O,O,X,X,X
JSOIZTL,O,O,X,X,X
JSOIZLT,O,O,X,X,X
JSOLTIZ,X,O,O,O,O
JSOLTZI,X,O,O,O,O
JSOLITZ,X,O,O,O,O
JSOLIZT,O,O,X,X,X
JSOLZTI,O,O,X,X,X
JSOLZIT,O,O,X,X,X
JSOZTIL,O,O,X,X,X
JSOZTLI,O,O,X,X,X
JSOZITL,O,O,X,X,X
JSOZILT,O,O,X,X,X
JSOZLTI,O,O,X,X,X
JSOZLIT,O,O,X,X,X
JZTILSO,O,O,X,O,X
JZTILOS,O,O,X,O,X
JZTISLO,O,O,X,O,X
JZTISOL,O,O,X,O,X
JZTIOLS,O,O,X,O,X
JZTIOSL,O,O,X,O,X
JZTLISO,O,O,X,O,X
JZTLIOS,O,O,X,O,X
JZTLSIO,O,O,X,O,X
JZTLSOI,O,O,X,O,X
JZTLOIS,O,O,X,O,X
JZTLOSI,O,O,X,O,X
JZTSILO,O,O,X,O,X
JZTSIOL,O,O,X,O,X
JZTSLIO,O,O,X,O,X
JZTSLOI,O,O,X,O,X
JZTSOIL,O,O,X,O,X
JZTSOLI,O,O,X,O,X
JZTOILS,O,O,X,O,X
JZTOISL,O,O,X,O,X
JZTOLIS,O,O,X,O,X
JZTOLSI,O,O,X,O,X
JZTOSIL,O,O,X,O,X
JZTOSLI,O,O,X,O,X
JZITLSO,O,O,X,O,X
JZITLOS,O,O,X,O,X
JZITSLO,O,O,X,O,X
JZITSOL,O,O,X,O,X
JZITOLS,O,O,X,O,X
JZITOSL,O,O,X,O,X
JZILTSO,O,O,X,O,X
JZILTOS,O,O,X,O,X
JZILSTO,O,O,X,X,O
JZILSOT,O,O,X,X,X
JZILOTS,O,O,X,O,X
JZILOST,O,O,X,X,X
JZISTLO,O,O,X,X,O
JZISTOL,O,O,X,X,O
JZISLTO,O,O,X,X,O
JZISLOT,O,O,X,X,X
JZISOTL,O,O,X,X,X
JZISOLT,O,O,X,X,X
JZIOTLS,O,O,X,O,X
JZIOTSL,O,O,X,O,X
JZIOLTS,O,O,X,O,X
JZIOLST,O,O,X,X,X
JZIOSTL,O,O,X,X,X
JZIOSLT,O,O,X,X,X
JZLTISO,O,O,X,O,X
JZLTIOS,O,O,X,O,X
JZLTSIO,O,O,X,O,X
JZLTSOI,O,O,X,O,X
JZLTOIS,O,O,X,O,X
JZLTOSI,O,O,X,O,X
JZLITSO,O,O,X,O,X
JZLITOS,O,O,X,O,X
JZLISTO,O,O,X,X,O
JZLISOT,O,O,X,X,X
JZLIOTS,O,O,X,O,X
JZLIOST,O,O,X,X,X
JZLSTIO,O,O,X,X,O
JZLSTOI,O,O,X,X,O
JZLSITO,O,O,X,X,O
JZLSIOT,O,O,X,X,X
JZLSOTI,O,O,X,X,X
JZLSOIT,O,O,X,X,X
JZLOTIS,O,O,X,O,X
JZLOTSI,O,O,X,O,X
JZLOITS,O,O,X,O,X
JZLOIST,O,O,X,X,X
JZLOSTI,O,O,X,X,X
JZLOSIT,O,O,X,X,X
JZSTILO,O,O,X,X,O
JZSTIOL,O,O,X,X,O
JZSTLIO,O,O,X,X,O
JZSTLOI,O,O,X,X,O
JZSTOIL,O,O,X,X,O
JZSTOLI,O,O,X,X,O
JZSITLO,O,O,X,X,O
JZSITOL,O,O,X,X,O
JZSILTO,O,O,X,X,O
JZSILOT,O,O,X,X,X
JZSIOTL,O,O,X,X,X
JZSIOLT,O,O,X,X,X
JZSLTIO,O,O,X,X,O
JZSLTOI,O,O,X,X,O
JZSLITO,O,O,X,X,O
JZSLIOT,O,O,X,X,X
JZSLOTI,O,O,X,X,X
JZSLOIT,O,O,X,X,X
JZSOTIL,O,O,X,X,X
JZSOTLI,O,O,X,X,X
JZSOITL,O,O,X,X,X
JZSOILT,O,O,X,X,X
JZSOLTI,O,O,X,X,X
JZSOLIT,O,O,X,X,X
JZOTILS,O,O,X,O,X
JZOTISL,O,O,X,O,X
JZOTLIS,O,O,X,O,X
JZOTLSI,O,O,X,O,X
JZOTSIL,O,O,X,O,X
JZOTSLI,O,O,X,O,X
JZOITLS,O,O,X,O,X
JZOITSL,O,O,X,O,X
JZOILTS,O,O,X,O,X
JZOILST,O,O,X,X,X
JZOISTL,O,O,X,X,X
JZOISLT,O,O,X,X,X
JZOLTIS,O,O,X,O,X
JZOLTSI,O,O,X,O,X
JZOLITS,O,O,X,O,X
JZOLIST,O,O,X,X,X
JZOLSTI,O,O,X,X,X
JZOLSIT,O,O,X,X,X
JZOSTIL,O,O,X,X,X
JZOSTLI,O,O,X,X,X
JZOSITL,O,O,X,X,X
JZOSILT,O,O,X,X,X
JZOSLTI,O,O,X,X,X
JZOSLIT,O,O,X,X,X
JOTILSZ,O,O,O,O,X
JOTILZS,O,O,O,O,X
JOTISLZ,O,O,O,O,X
JOTISZL,O,O,O,O,X
JOTIZLS,O,O,O,O,X
JOTIZSL,O,O,O,O,X
JOTLISZ,O,O,O,O,X
JOTLIZS,O,O,O,O,X
JOTLSIZ,O,O,O,O,X
JOTLSZI,O,O,O,O,X
JOTLZIS,O,O,O,O,X
JOTLZSI,O,O,O,O,X
JOTSILZ,O,O,O,O,X
JOTSIZL,O,O,O,O,X
JOTSLIZ,O,O,O,O,X
JOTSLZI,O,O,O,O,X
JOTSZIL,O,O,O,O,X
JOTSZLI,O,O,O,O,X
JOTZILS,O,O,O,O,X
JOTZISL,O,O,O,O,X
JOTZLIS,O,O,O,O,X
JOTZLSI,O,O,O,O,X
JOTZSIL,O,O,O,O,X
JOTZSLI,O,O,O,O,X
JOITLSZ,O,O,O,O,X
JOITLZS,O,O,O,O,X
JOITSLZ,O,O,O,O,X
JOITSZL,O,O,O,O,X
JOITZLS,O,O,O,O,X
JOITZSL,O,O,O,O,X
JOILTSZ,O,O,O,O,X
JOILTZS,O,O,O,O,X
JOILSTZ,X,O,O,O,X
JOILSZT,O,O,X,X,X
JOILZTS,O,O,X,O,X
JOILZST,O,O,X,X,X
JOISTLZ,X,O,O,O,X
JOISTZL,X,O,O,O,X
JOISLTZ,X,O,O,O,X
JOISLZT,O,O,X,X,X
JOISZTL,O,O,X,X,X
JOISZLT,O,O,X,X,X
JOIZTLS,O,O,X,O,X
JOIZTSL,O,O,X,O,X
JOIZLTS,O,O,X,O,X
JOIZLST,O,O,X,X,X
JOIZSTL,O,O,X,X,X
JOIZSLT,O,O,X,X,X
JOLTISZ,O,O,O,O,X
JOLTIZS,O,O,O,O,X
JOLTSIZ,O,O,O,O,X
JOLTSZI,O,O,O,O,X
JOLTZIS,O,O,O,O,X
JOLTZSI,O,O,O,O,X
JOLITSZ,O,O,O,O,X
JOLITZS,O,O,O,O,X
JOLISTZ,X,O,O,O,X
JOLISZT,O,O,X,X,X
JOLIZTS,O,O,X,O,X
JOLIZST,O,O,X,X,X
JOLSTIZ,X,O,O,O,X
JOLSTZI,X,O,O,O,X
JOLSITZ,X,O,O,O,X
JOLSIZT,O,O,X,X,X
JOLSZTI,O,O,X,X,X
JOLSZIT,O,O,X,X,X
JOLZTIS,O,O,X,O,X
JOLZTSI,O,O,X,O,X
JOLZITS,O,O,X,O,X
JOLZIST,O,O,X,X,X
JOLZSTI,O,O,X,X,X
JOLZSIT,O,O,X,X,X
JOSTILZ,X,O,O,O,X
JOSTIZL,X,O,O,O,X
JOSTLIZ,X,O,O,O,X
JOSTLZI,X,O,O,O,X
JOSTZIL,X,O,O,O,X
JOSTZLI,X,O,O,O,X
JOSITLZ,X,O,O,O,X
JOSITZL,X,O,O,O,X
JOSILTZ,X,O,O,O,X
JOSILZT,O,O,X,X,X
JOSIZTL,O,O,X,X,X
JOSIZLT,O,O,X,X,X
JOSLTIZ,X,O,O,O,X
JOSLTZI,X,O,O,O,X
JOSLITZ,X,O,O,O,X
JOSLIZT,O,O,X,X,X
JOSLZTI,O,O,X,X,X
JOSLZIT,O,O,X,X,X
JOSZTIL,O,O,X,X,X
JOSZTLI,O,O,X,X,X
JOSZITL,O,O,X,X,X
JOSZILT,O,O,X,X,X
JOSZLTI,O,O,X,X,X
JOSZLIT,O,O,X,X,X
JOZTILS,O,O,X,O,X
JOZTISL,O,O,X,O,X
JOZTLIS,O,O,X,O,X
JOZTLSI,O,O,X,O,X
JOZTSIL,O,O,X,O,X
JOZTSLI,O,O,X,O,X
JOZITLS,O,O,X,O,X
JOZITSL,O,O,X,O,X
JOZILTS,O,O,X,O,X
JOZILST,O,O,X,X,X
JOZISTL,O,O,X,X,X
JOZISLT,O,O,X,X,X
JOZLTIS,O,O,X,O,X
JOZLTSI,O,O,X,O,X
JOZLITS,O,O,X,O,X
JOZLIST,O,O,X,X,X
JOZLSTI,O,O,X,X,X
JOZLSIT,O,O,X,X,X
JOZSTIL,O,O,X,X,X
JOZSTLI,O,O,X,X,X
JOZSITL,O,O,X,X,X
JOZSILT,O,O,X,X,X
JOZSLTI,O,O,X,X,X
JOZSLIT,O,O,X,X,X
STILJZO,O,O,X,O,O
STILJOZ,O,O,O,O,O
STILZJO,O,O,X,O,O
STILZOJ,O,O,X,O,O
STILOJZ,O,X,O,X,O
STILOZJ,O,X,O,X,O
STIJLZO,O,O,X,O,O
STIJLOZ,O,O,O,O,O
STIJZLO,O,O,X,O,O
STIJZOL,O,O,X,O,O
STIJOLZ,O,O,O,O,O
STIJOZL,O,O,O,O,O
STIZLJO,O,O,X,O,O
STIZLOJ,O,O,X,O,O
STIZJLO,O,O,X,O,O
STIZJOL,O,O,X,O,O
STIZOLJ,O,O,X,O,O
STIZOJL,O,X,X,O,O
STIOLJZ,O,X,O,X,O
STIOLZJ,O,X,O,X,O
STIOJLZ,O,X,O,X,O
STIOJZL,O,X,O,X,O
STIOZLJ,O,X,O,X,O
STIOZJL,O,X,O,X,O
STLIJZO,O,O,X,O,O
STLIJOZ,O,O,O,O,O
STLIZJO,O,O,X,O,O
STLIZOJ,O,O,X,O,O
STLIOJZ,O,X,O,X,O
STLIOZJ,O,X,O,X,O
STLJIZO,O,O,X,O,O
STLJIOZ,O,O,O,O,O
STLJZIO,O,O,X,O,O
STLJZOI,O,O,X,O,O
STLJOIZ,O,O,O,O,O
STLJOZI,O,O,O,O,O
STLZIJO,O,O,X,O,O
STLZIOJ,O,O,X,O,O
STLZJIO,O,O,X,O,O
STLZJOI,O,O,X,O,O
STLZOIJ,O,O,X,O,O
STLZOJI,O,X,X,O,O
STLOIJZ,O,X,O,X,O
STLOIZJ,O,X,O,X,O
STLOJIZ,O,X,O,X,O
STLOJZI,O,X,O,X,O
STLOZIJ,O,X,O,X,O
STLOZJI,O,X,O,X,O
STJILZO,O,O,X,O,O
STJILOZ,O,O,O,O,O
STJIZLO,O,O,X,O,O
STJIZOL,O,O,X,O,O
STJIOLZ,O,O,O,O,O
STJIOZL,O,O,O,O,O
STJLIZO,O,O,X,O,O
STJLIOZ,O,O,O,O,O
STJLZIO,O,O,X,O,O
STJLZOI,O,O,X,O,O
STJLOIZ,O,O,O,O,O
STJLOZI,O,O,O,O,O
STJZILO,O,O,X,O,O
STJZIOL,O,O,X,O,O
STJZLIO,O,O,X,O,O
STJZLOI,O,O,X,O,O
STJZOIL,O,O,X,O,O
STJZOLI,O,O,X,O,O
STJOILZ,O,O,O,O,O
STJOIZL,O,O,O,O,O
STJOLIZ,O,O,O,O,O
STJOLZI,O,O,O,O,O
STJOZIL,O,O,O,O,O
STJOZLI,O,O,O,O,O
STZILJO,O,O,X,O,O
STZILOJ,O,O,X,O,O
STZIJLO,O,O,X,O,O
STZIJOL,O,O,X,O,O
STZIOLJ,O,O,X,O,O
STZIOJL,O,X,X,O,O
STZLIJO,O,O,X,O,O
STZLIOJ,O,O,X,O,O
STZLJIO,O,O,X,O,O
STZLJOI,O,O,X,O,O
STZLOIJ,O,O,X,O,O
STZLOJI,O,X,X,O,O
STZJILO,O,O,X,O,O
STZJIOL,O,O,X,O,O
STZJLIO,O,O,X,O,O
STZJLOI,O,O,X,O,O
STZJOIL,O,O,X,O,O
STZJOLI,O,O,X,O,O
STZOILJ,O,O,X,O,O
STZOIJL,O,X,X,O,O
STZOLIJ,O,O,X,O,O
STZOLJI,O,X,X,O,O
STZOJIL,O,X,X,O,O
STZOJLI,O,X,X,O,O
STOILJZ,O,X,O,X,O
STOILZJ,O,X,O,X,O
STOIJLZ,O,X,O,X,O
STOIJZL,O,X,O,X,O
STOIZLJ,O,X,O,X,O
STOIZJL,O,X,O,X,O
STOLIJZ,O,X,O,X,O
STOLIZJ,O,X,O,X,O
STOLJIZ,O,X,O,X,O
STOLJZI,O,X,O,X,O
STOLZIJ,O,X,O,X,O
STOLZJI,O,X,O,X,O
STOJILZ,O,X,O,X,O
STOJIZL,O,X,O,X,O
STOJLIZ,O,X,O,X,O
STOJLZI,O,X,O,X,O
STOJZIL,O,X,O,X,O
STOJZLI,O,X,O,X,O
STOZILJ,O,X,O,X,O
STOZIJL,O,X,O,X,O
STOZLIJ,O,X,O,X,O
STOZLJI,O,X,O,X,O
STOZJIL,O,X,O,X,O
STOZJLI,O,X,O,X,O
SITLJZO,O,O,X,O,O
SITLJOZ,O,O,O,O,O
SITLZJO,O,O,X,O,O
SITLZOJ,O,O,X,O,O
SITLOJZ,O,X,O,X,O
SITLOZJ,O,X,O,X,O
SITJLZO,O,O,X,O,O
SITJLOZ,O,O,O,O,O
SITJZLO,O,O,X,O,O
SITJZOL,O,O,X,O,O
SITJOLZ,O,O,O,O,O
SITJOZL,O,O,O,O,O
SITZLJO,O,O,X,O,O
SITZLOJ,O,O,X,O,O
SITZJLO,O,O,X,O,O
SITZJOL,O,O,X,O,O
SITZOLJ,O,O,X,O,O
SITZOJL,O,X,X,O,O
SITOLJZ,O,X,O,X,O
SITOLZJ,O,X,O,X,O
SITOJLZ,O,X,O,X,O
SITOJZL,O,X,O,X,O
SITOZLJ,O,X,O,X,O
SITOZJL,O,X,O,X,O
SILTJZO,O,O,X,O,O
SILTJOZ,O,O,O,O,O
SILTZJO,O,O,X,O,O
SILTZOJ,O,O,X,O,O
SILTOJZ,O,X,O,X,O
SILTOZJ,O,X,O,X,O
SILJTZO,O,O,X,O,O
SILJTOZ,O,O,X,O,O
SILJZTO,O,O,X,X,O
SILJZOT,O,O,X,X,X
SILJOTZ,X,O,O,O,O
SILJOZT,O,O,X,X,X
SILZTJO,X,O,X,X,O
SILZTOJ,X,O,X,X,O
SILZJTO,O,O,X,X,O
SILZJOT,O,O,X,X,X
SILZOTJ,X,O,O,X,O
SILZOJT,X,O,X,X,X
SILOTJZ,X,X,O,X,O
SILOTZJ,X,X,O,X,O
SILOJTZ,X,O,O,X,O
SILOJZT,O,O,X,X,X
SILOZTJ,X,O,O,X,O
SILOZJT,X,O,X,X,X
SIJTLZO,O,O,X,O,O
SIJTLOZ,O,O,X,O,O
SIJTZLO,O,O,X,O,O
SIJTZOL,O,O,X,O,O
SIJTOLZ,O,O,X,O,O
SIJTOZL,O,O,X,O,O
SIJLTZO,O,O,X,O,O
SIJLTOZ,O,O,X,O,O
SIJLZTO,O,O,X,X,O
SIJLZOT,O,O,X,X,X
SIJLOTZ,X,O,O,O,O
SIJLOZT,O,O,X,X,X
SIJZTLO,O,O,X,X,O
SIJZTOL,O,O,X,X,O
SIJZLTO,O,O,X,X,O
SIJZLOT,O,O,X,X,X
SIJZOTL,O,O,X,X,X
SIJZOLT,O,O,X,X,X
SIJOTLZ,X,O,O,O,O
SIJOTZL,X,O,O,O,O
SIJOLTZ,X,O,O,O,O
SIJOLZT,O,O,X,X,X
SIJOZTL,O,O,X,X,X
SIJOZLT,O,O,X,X,X
SIZTLJO,X,O,X,X,O
SIZTLOJ,X,O,X,X,O
SIZTJLO,X,O,X,X,O
SIZTJOL,X,O,X,X,O
SIZTOLJ,X,O,X,X,O
SIZTOJL,X,X,X,X,O
SIZLTJO,X,O,X,X,O
SIZLTOJ,X,O,X,X,O
SIZLJTO,O,O,X,X,O
SIZLJOT,O,O,X,X,X
SIZLOTJ,X,O,O,X,O
SIZLOJT,X,O,X,X,X
SIZJTLO,O,O,X,X,O
SIZJTOL,O,O,X,X,O
SIZJLTO,O,O,X,X,O
SIZJLOT,O,O,X,X,X
SIZJOTL,O,O,X,X,X
SIZJOLT,O,O,X,X,X
SIZOTLJ,X,O,O,X,O
SIZOTJL,X,X,O,X,O
SIZOLTJ,X,O,O,X,O
SIZOLJT,X,O,X,X,X
SIZOJTL,X,O,X,X,X
SIZOJLT,X,O,X,X,X
SIOTLJZ,X,X,O,X,O
SIOTLZJ,X,X,O,X,O
SIOTJLZ,X,X,O,X,O
SIOTJZL,X,X,O,X,O
SIOTZLJ,X,X,O,X,O
SIOTZJL,X,X,O,X,O
SIOLTJZ,X,X,O,X,O
SIOLTZJ,X,X,O,X,O
SIOLJTZ,X,O,O,X,O
SIOLJZT,O,O,X,X,X
SIOLZTJ,X,O,O,X,O
SIOLZJT,X,O,X,X,X
SIOJTLZ,X,O,O,X,O
SIOJTZL,X,O,O,X,O
SIOJLTZ,X,O,O,X,O
SIOJLZT,O,O,X,X,X
SIOJZTL,O,O,X,X,X
SIOJZLT,O,O,X,X,X
SIOZTLJ,X,O,O,X,O
SIOZTJL,X,X,O,X,O
SIOZLTJ,X,O,O,X,O
SIOZLJT,X,O,X,X,X
SIOZJTL,X,O,X,X,X
SIOZJLT,X,O,X,X,X
SLTIJZO,O,O,X,O,O
SLTIJOZ,O,O,O,O,O
SLTIZJO,O,O,X,O,O
SLTIZOJ,O,O,X,O,O
SLTIOJZ,O,X,O,X,O
SLTIOZJ,O,X,O,X,O
SLTJIZO,O,O,X,O,O
SLTJIOZ,O,O,O,O,O
SLTJZIO,O,O,X,O,O
SLTJZOI,O,O,X,O,O
SLTJOIZ,O,O,O,O,O
SLTJOZI,O,O,O,O,O
SLTZIJO,O,O,X,O,O
SLTZIOJ,O,O,X,O,O
SLTZJIO,O,O,X,O,O
SLTZJOI,O,O,X,O,O
SLTZOIJ,O,O,X,O,O
SLTZOJI,O,X,X,O,O
SLTOIJZ,O,X,O,X,O
SLTOIZJ,O,X,O,X,O
SLTOJIZ,O,X,O,X,O
SLTOJZI,O,X,O,X,O
SLTOZIJ,O,X,O,X,O
SLTOZJI,O,X,O,X,O
SLITJZO,O,O,X,O,O
SLITJOZ,O,O,O,O,O
SLITZJO,O,O,X,O,O
SLITZOJ,O,O,X,O,O
SLITOJZ,O,X,O,X,O
SLITOZJ,O,X,O,X,O
SLIJTZO,O,O,X,O,O
SLIJTOZ,O,O,X,O,O
SLIJZTO,O,O,X,X,O
SLIJZOT,O,O,X,X,X
SLIJOTZ,X,O,O,O,O
SLIJOZT,O,O,X,X,X
SLIZTJO,X,O,X,X,O
SLIZTOJ,X,O,X,X,O
SLIZJTO,O,O,X,X,O
SLIZJOT,O,O,X,X,X
SLIZOTJ,X,O,O,X,O
SLIZOJT,X,O,X,X,X
SLIOTJZ,X,X,O,X,O
SLIOTZJ,X,X,O,X,O
SLIOJTZ,X,O,O,X,O
SLIOJZT,O,O,X,X,X
SLIOZTJ,X,O,O,X,O
SLIOZJT,X,O,X,X,X
SLJTIZO,O,O,X,O,O
SLJTIOZ,O,O,X,O,O
SLJTZIO,O,O,X,O,O
SLJTZOI,O,O,X,O,O
SLJTOIZ,O,O,X,O,O
SLJTOZI,O,O,X,O,O
SLJITZO,O,O,X,O,O
SLJITOZ,O,O,X,O,O
SLJIZTO,O,O,X,X,O
SLJIZOT,O,O,X,X,X
SLJIOTZ,X,O,O,O,O
SLJIOZT,O,O,X,X,X
SLJZTIO,O,O,X,X,O
SLJZTOI,O,O,X,X,O
SLJZITO,O,O,X,X,O
SLJZIOT,O,O,X,X,X
SLJZOTI,O,O,X,X,X
SLJZOIT,O,O,X,X,X
SLJOTIZ,X,O,O,O,O
SLJOTZI,X,O,O,O,O
SLJOITZ,X,O,O,O,O
SLJOIZT,O,O,X,X,X
SLJOZTI,O,O,X,X,X
SLJOZIT,O,O,X,X,X
SLZTIJO,X,O,X,X,O
SLZTIOJ,X,O,X,X,O
SLZTJIO,X,O,X,X,O
SLZTJOI,X,O,X,X,O
SLZTOIJ,X,O,X,X,O
SLZTOJI,X,X,X,X,O
SLZITJO,X,O,X,X,O
SLZITOJ,X,O,X,X,O
SLZIJTO,O,O,X,X,O
SLZIJOT,O,O,X,X,X
SLZIOTJ,X,O,O,X,O
SLZIOJT,X,O,X,X,X
SLZJTIO,O,O,X,X,O
SLZJTOI,O,O,X,X,O
SLZJITO,O,O,X,X,O
SLZJIOT,O,O,X,X,X
SLZJOTI,O,O,X,X,X
SLZJOIT,O,O,X,X,X
SLZOTIJ,X,O,O,X,O
SLZOTJI,X,X,O,X,O
SLZOITJ,X,O,O,X,O
SLZOIJT,X,O,X,X,X
SLZOJTI,X,O,X,X,X
SLZOJIT,X,O,X,X,X
SLOTIJZ,X,X,O,X,O
SLOTIZJ,X,X,O,X,O
SLOTJIZ,X,X,O,X,O
SLOTJZI,X,X,O,X,O
SLOTZIJ,X,X,O,X,O
SLOTZJI,X,X,O,X,O
SLOITJZ,X,X,O,X,O
SLOITZJ,X,X,O,X,O
SLOIJTZ,X,O,O,X,O
SLOIJZT,O,O,X,X,X
SLOIZTJ,X,O,O,X,O
SLOIZJT,X,O,X,X,X
SLOJTIZ,X,O,O,X,O
SLOJTZI,X,O,O,X,O
SLOJITZ,X,O,O,X,O
SLOJIZT,O,O,X,X,X
SLOJZTI,O,O,X,X,X
SLOJZIT,O,O,X,X,X
SLOZTIJ,X,O,O,X,O
SLOZTJI,X,X,O,X,O
SLOZITJ,X,O,O,X,O
SLOZIJT,X,O,X,X,X
SLOZJTI,X,O,X,X,X
SLOZJIT,X,O,X,X,X
SJTILZO,O,O,X,O,O
SJTILOZ,O,O,X,O,O
SJTIZLO,O,O,X,O,O
SJTIZOL,O,O,X,O,O
SJTIOLZ,O,O,X,O,O
SJTIOZL,O,O,X,O,O
SJTLIZO,O,O,X,O,O
SJTLIOZ,O,O,X,O,O
SJTLZIO,O,O,X,O,O
SJTLZOI,O,O,X,O,O
SJTLOIZ,O,O,X,O,O
SJTLOZI,O,O,X,O,O
SJTZILO,O,O,X,O,O
SJTZIOL,O,O,X,O,O
SJTZLIO,O,O,X,O,O
SJTZLOI,O,O,X,O,O
SJTZOIL,O,O,X,O,O
SJTZOLI,O,O,X,O,O
SJTOILZ,O,O,X,O,O
SJTOIZL,O,O,X,O,O
SJTOLIZ,O,O,X,O,O
SJTOLZI,O,O,X,O,O
SJTOZIL,O,O,X,O,O
SJTOZLI,O,O,X,O,O
SJITLZO,O,O,X,O,O
SJITLOZ,O,O,X,O,O
SJITZLO,O,O,X,O,O
SJITZOL,O,O,X,O,O
SJITOLZ,O,O,X,O,O
SJITOZL,O,O,X,O,O
SJILTZO,O,O,X,O,O
SJILTOZ,O,O,X,O,O
SJILZTO,O,O,X,X,O
SJILZOT,O,O,X,X,X
SJILOTZ,X,O,O,O,O
SJILOZT,O,O,X,X,X
SJIZTLO,O,O,X,X,O
SJIZTOL,O,O,X,X,O
SJIZLTO,O,O,X,X,O
SJIZLOT,O,O,X,X,X
SJIZOTL,O,O,X,X,X
SJIZOLT,O,O,X,X,X
SJIOTLZ,X,O,O,O,O
SJIOTZL,X,O,O,O,O
SJIOLTZ,X,O,O,O,O
SJIOLZT,O,O,X,X,X
SJIOZTL,O,O,X,X,X
SJIOZLT,O,O,X,X,X
SJLTIZO,O,O,X,O,O
SJLTIOZ,O,O,X,O,O
SJLTZIO,O,O,X,O,O
SJLTZOI,O,O,X,O,O
SJLTOIZ,O,O,X,O,O
SJLTOZI,O,O,X,O,O
SJLITZO,O,O,X,O,O
SJLITOZ,O,O,X,O,O
SJLIZTO,O,O,X,X,O
SJLIZOT,O,O,X,X,X
SJLIOTZ,X,O,O,O,O
SJLIOZT,O,O,X,X,X
SJLZTIO,O,O,X,X,O
SJLZTOI,O,O,X,X,O
SJLZITO,O,O,X,X,O
SJLZIOT,O,O,X,X,X
SJLZOTI,O,O,X,X,X
SJLZOIT,O,O,X,X,X
SJLOTIZ,X,O,O,O,O
SJLOTZI,X,O,O,O,O
SJLOITZ,X,O,O,O,O
SJLOIZT,O,O,X,X,X
SJLOZTI,O,O,X,X,X
SJLOZIT,O,O,X,X,X
SJZTILO,O,O,X,X,O
SJZTIOL,O,O,X,X,O
SJZTLIO,O,O,X,X,O
SJZTLOI,O,O,X,X,O
SJZTOIL,O,O,X,X,O
SJZTOLI,O,O,X,X,O
SJZITLO,O,O,X,X,O
SJZITOL,O,O,X,X,O
SJZILTO,O,O,X,X,O
SJZILOT,O,O,X,X,X
SJZIOTL,O,O,X,X,X
SJZIOLT,O,O,X,X,X
SJZLTIO,O,O,X,X,O
SJZLTOI,O,O,X,X,O
SJZLITO,O,O,X,X,O
SJZLIOT,O,O,X,X,X
SJZLOTI,O,O,X,X,X
SJZLOIT,O,O,X,X,X
SJZOTIL,O,O,X,X,X
SJZOTLI,O,O,X,X,X
SJZOITL,O,O,X,X,X
SJZOILT,O,O,X,X,X
SJZOLTI,O,O,X,X,X
SJZOLIT,O,O,X,X,X
SJOTILZ,X,O,O,O,O
SJOTIZL,X,O,O,O,O
SJOTLIZ,X,O,O,O,O
SJOTLZI,X,O,O,O,O
SJOTZIL,X,O,O,O,O
SJOTZLI,X,O,O,O,O
SJOITLZ,X,O,O,O,O
SJOITZL,X,O,O,O,O
SJOILTZ,X,O,O,O,O
SJOILZT,O,O,X,X,X
SJOIZTL,O,O,X,X,X
SJOIZLT,O,O,X,X,X
SJOLTIZ,X,O,O,O,O
SJOLTZI,X,O,O,O,O
SJOLITZ,X,O,O,O,O
SJOLIZT,O,O,X,X,X
SJOLZTI,O,O,X,X,X
SJOLZIT,O,O,X,X,X
SJOZTIL,O,O,X,X,X
SJOZTLI,O,O,X,X,X
SJOZITL,O,O,X,X,X
SJOZILT,O,O,X,X,X
SJOZLTI,O,O,X,X,X
SJOZLIT,O,O,X,X,X
SZTILJO,X,O,X,X,O
SZTILOJ,X,O,X,X,O
SZTIJLO,X,O,X,X,O
SZTIJOL,X,O,X,X,O
SZTIOLJ,X,O,X,X,O
SZTIOJL,X,X,X,X,O
SZTLIJO,X,O,X,X,O
SZTLIOJ,X,O,X,X,O
SZTLJIO,X,O,X,X,O
SZTLJOI,X,O,X,X,O
SZTLOIJ,X,O,X,X,O
SZTLOJI,X,X,X,X,O
SZTJILO,X,O,X,X,O
SZTJIOL,X,O,X,X,O
SZTJLIO,X,O,X,X,O
SZTJLOI,X,O,X,X,O
SZTJOIL,X,O,X,X,O
SZTJOLI,X,O,X,X,O
SZTOILJ,X,O,X,X,O
SZTOIJL,X,X,X,X,O
SZTOLIJ,X,O,X,X,O
SZTOLJI,X,X,X,X,O
SZTOJIL,X,X,X,X,O
SZTOJLI,X,X,X,X,O
SZITLJO,X,O,X,X,O
SZITLOJ,X,O,X,X,O
SZITJLO,X,O,X,X,O
SZITJOL,X,O,X,X,O
SZITOLJ,X,O,X,X,O
SZITOJL,X,X,X,X,O
SZILTJO,X,O,X,X,O
SZILTOJ,X,O,X,X,O
SZILJTO,O,O,X,X,O
SZILJOT,O,O,X,X,X
SZILOTJ,X,O,O,X,O
SZILOJT,X,O,X,X,X
SZIJTLO,O,O,X,X,O
SZIJTOL,O,O,X,X,O
SZIJLTO,O,O,X,X,O
SZIJLOT,O,O,X,X,X
SZIJOTL,O,O,X,X,X
SZIJOLT,O,O,X,X,X
SZIOTLJ,X,O,O,X,O
SZIOTJL,X,X,O,X,O
SZIOLTJ,X,O,O,X,O
SZIOLJT,X,O,X,X,X
SZIOJTL,X,O,X,X,X
SZIOJLT,X,O,X,X,X
SZLTIJO,X,O,X,X,O
SZLTIOJ,X,O,X,X,O
SZLTJIO,X,O,X,X,O
SZLTJOI,X,O,X,X,O
SZLTOIJ,X,O,X,X,O
SZLTOJI,X,X,X,X,O
SZLITJO,X,O,X,X,O
SZLITOJ,X,O,X,X,O
SZLIJTO,O,O,X,X,O
SZLIJOT,O,O,X,X,X
SZLIOTJ,X,O,O,X,O
SZLIOJT,X,O,X,X,X
SZLJTIO,O,O,X,X,O
SZLJTOI,O,O,X,X,O
SZLJITO,O,O,X,X,O
SZLJIOT,O,O,X,X,X
SZLJOTI,O,O,X,X,X
SZLJOIT,O,O,X,X,X
SZLOTIJ,X,O,O,X,O
SZLOTJI,X,X,O,X,O
SZLOITJ,X,O,O,X,O
SZLOIJT,X,O,X,X,X
SZLOJTI,X,O,X,X,X
SZLOJIT,X,O,X,X,X
SZJTILO,O,O,X,X,O
SZJTIOL,O,O,X,X,O
SZJTLIO,O,O,X,X,O
SZJTLOI,O,O,X,X,O
SZJTOIL,O,O,X,X,O
SZJTOLI,O,O,X,X,O
SZJITLO,O,O,X,X,O
SZJITOL,O,O,X,X,O
SZJILTO,O,O,X,X,O
SZJILOT,O,O,X,X,X
SZJIOTL,O,O,X,X,X
SZJIOLT,O,O,X,X,X
SZJLTIO,O,O,X,X,O
SZJLTOI,O,O,X,X,O
SZJLITO,O,O,X,X,O
SZJLIOT,O,O,X,X,X
SZJLOTI,O,O,X,X,X
SZJLOIT,O,O,X,X,X
SZJOTIL,O,O,X,X,X
SZJOTLI,O,O,X,X,X
SZJOITL,O,O,X,X,X
SZJOILT,O,O,X,X,X
SZJOLTI,O,O,X,X,X
SZJOLIT,O,O,X,X,X
SZOTILJ,X,O,O,X,O
SZOTIJL,X,X,O,X,O
SZOTLIJ,X,O,O,X,O
SZOTLJI,X,X,O,X,O
SZOTJIL,X,X,O,X,O
SZOTJLI,X,X,O,X,O
SZOITLJ,X,O,O,X,O
SZOITJL,X,X,O,X,O
SZOILTJ,X,O,O,X,O
SZOILJT,X,O,X,X,X
SZOIJTL,X,O,X,X,X
SZOIJLT,X,O,X,X,X
SZOLTIJ,X,O,O,X,O
SZOLTJI,X,X,O,X,O
SZOLITJ,X,O,O,X,O
SZOLIJT,X,O,X,X,X
SZOLJTI,X,O,X,X,X
SZOLJIT,X,O,X,X,X
SZOJTIL,X,O,X,X,X
SZOJTLI,X,O,X,X,X
SZOJITL,X,O,X,X,X
SZOJILT,X,O,X,X,X
SZOJLTI,X,O,X,X,X
SZOJLIT,X,O,X,X,X
SOTILJZ,X,X,O,X,O
SOTILZJ,X,X,O,X,O
SOTIJLZ,X,X,O,X,O
SOTIJZL,X,X,O,X,O
SOTIZLJ,X,X,O,X,O
SOTIZJL,X,X,O,X,O
SOTLIJZ,X,X,O,X,O
SOTLIZJ,X,X,O,X,O
SOTLJIZ,X,X,O,X,O
SOTLJZI,X,X,O,X,O
SOTLZIJ,X,X,O,X,O
SOTLZJI,X,X,O,X,O
SOTJILZ,X,X,O,X,O
SOTJIZL,X,X,O,X,O
SOTJLIZ,X,X,O,X,O
SOTJLZI,X,X,O,X,O
SOTJZIL,X,X,O,X,O
SOTJZLI,X,X,O,X,O
SOTZILJ,X,X,O,X,O
SOTZIJL,X,X,O,X,O
SOTZLIJ,X,X,O,X,O
SOTZLJI,X,X,O,X,O
SOTZJIL,X,X,O,X,O
SOTZJLI,X,X,O,X,O
SOITLJZ,X,X,O,X,O
SOITLZJ,X,X,O,X,O
SOITJLZ,X,X,O,X,O
SOITJZL,X,X,O,X,O
SOITZLJ,X,X,O,X,O
SOITZJL,X,X,O,X,O
SOILTJZ,X,X,O,X,O
SOILTZJ,X,X,O,X,O
SOILJTZ,X,O,O,X,O
SOILJZT,O,O,X,X,X
SOILZTJ,X,O,O,X,O
SOILZJT,X,O,X,X,X
SOIJTLZ,X,O,O,X,O
SOIJTZL,X,O,O,X,O
SOIJLTZ,X,O,O,X,O
SOIJLZT,O,O,X,X,X
SOIJZTL,O,O,X,X,X
SOIJZLT,O,O,X,X,X
SOIZTLJ,X,O,O,X,O
SOIZTJL,X,X,O,X,O
SOIZLTJ,X,O,O,X,O
SOIZLJT,X,O,X,X,X
SOIZJTL,X,O,X,X,X
SOIZJLT,X,O,X,X,X
SOLTIJZ,X,X,O,X,O
SOLTIZJ,X,X,O,X,O
SOLTJIZ,X,X,O,X,O
SOLTJZI,X,X,O,X,O
SOLTZIJ,X,X,O,X,O
SOLTZJI,X,X,O,X,O
SOLITJZ,X,X,O,X,O
SOLITZJ,X,X,O,X,O
SOLIJTZ,X,O,O,X,O
SOLIJZT,O,O,X,X,X
SOLIZTJ,X,O,O,X,O
SOLIZJT,X,O,X,X,X
SOLJTIZ,X,O,O,X,O
SOLJTZI,X,O,O,X,O
SOLJITZ,X,O,O,X,O
SOLJIZT,O,O,X,X,X
SOLJZTI,O,O,X,X,X
SOLJZIT,O,O,X,X,X
SOLZTIJ,X,O,O,X,O
SOLZTJI,X,X,O,X,O
SOLZITJ,X,O,O,X,O
SOLZIJT,X,O,X,X,X
SOLZJTI,X,O,X,X,X
SOLZJIT,X,O,X,X,X
SOJTILZ,X,O,O,X,O
SOJTIZL,X,O,O,X,O
SOJTLIZ,X,O,O,X,O
SOJTLZI,X,O,O,X,O
SOJTZIL,X,O,O,X,O
SOJTZLI,X,O,O,X,O
SOJITLZ,X,O,O,X,O
SOJITZL,X,O,O,X,O
SOJILTZ,X,O,O,X,O
SOJILZT,O,O,X,X,X
SOJIZTL,O,O,X,X,X
SOJIZLT,O,O,X,X,X
SOJLTIZ,X,O,O,X,O
SOJLTZI,X,O,O,X,O
SOJLITZ,X,O,O,X,O
SOJLIZT,O,O,X,X,X
SOJLZTI,O,O,X,X,X
SOJLZIT,O,O,X,X,X
SOJZTIL,O,O,X,X,X
SOJZTLI,O,O,X,X,X
SOJZITL,O,O,X,X,X
SOJZILT,O,O,X,X,X
SOJZLTI,O,O,X,X,X
SOJZLIT,O,O,X,X,X
SOZTILJ,X,O,O,X,O
SOZTIJL,X,X,O,X,O
SOZTLIJ,X,O,O,X,O
SOZTLJI,X,X,O,X,O
SOZTJIL,X,X,O,X,O
SOZTJLI,X,X,O,X,O
SOZITLJ,X,O,O,X,O
SOZITJL,X,X,O,X,O
SOZILTJ,X,O,O,X,O
SOZILJT,X,O,X,X,X
SOZIJTL,X,O,X,X,X
SOZIJLT,X,O,X,X,X
SOZLTIJ,X,O,O,X,O
SOZLTJI,X,X,O,X,O
SOZLITJ,X,O,O,X,O
SOZLIJT,X,O,X,X,X
SOZLJTI,X,O,X,X,X
SOZLJIT,X,O,X,X,X
SOZJTIL,X,O,X,X,X
SOZJTLI,X,O,X,X,X
SOZJITL,X,O,X,X,X
SOZJILT,X,O,X,X,X
SOZJLTI,X,O,X,X,X
SOZJLIT,X,O,X,X,X
ZTILJSO,O,O,X,O,X
ZTILJOS,O,O,O,O,X
ZTILSJO,O,O,X,O,O
ZTILSOJ,O,O,X,O,O
ZTILOJS,O,O,O,O,X
ZTILOSJ,O,O,O,O,X
ZTIJLSO,O,O,X,O,X
ZTIJLOS,O,O,O,O,X
ZTIJSLO,O,O,X,O,X
ZTIJSOL,O,O,X,O,X
ZTIJOLS,O,O,O,O,X
ZTIJOSL,O,O,O,O,X
ZTISLJO,O,O,X,O,O
ZTISLOJ,O,O,X,O,O
ZTISJLO,O,O,X,O,O
ZTISJOL,O,O,X,O,O
ZTISOLJ,O,O,X,O,O
ZTISOJL,O,X,X,O,O
ZTIOLJS,O,O,O,O,X
ZTIOLSJ,O,O,O,O,X
ZTIOJLS,O,O,O,O,X
ZTIOJSL,O,O,O,O,X
ZTIOSLJ,O,O,O,O,X
ZTIOSJL,O,X,O,O,X
ZTLIJSO,O,O,X,O,X
ZTLIJOS,O,O,O,O,X
ZTLISJO,O,O,X,O,O
ZTLISOJ,O,O,X,O,O
ZTLIOJS,O,O,O,O,X
ZTLIOSJ,O,O,O,O,X
ZTLJISO,O,O,X,O,X
ZTLJIOS,O,O,O,O,X
ZTLJSIO,O,O,X,O,X
ZTLJSOI,O,O,X,O,X
ZTLJOIS,O,O,O,O,X
ZTLJOSI,O,O,O,O,X
ZTLSIJO,O,O,X,O,O
ZTLSIOJ,O,O,X,O,O
ZTLSJIO,O,O,X,O,O
ZTLSJOI,O,O,X,O,O
ZTLSOIJ,O,O,X,O,O
ZTLSOJI,O,X,X,O,O
ZTLOIJS,O,O,O,O,X
ZTLOISJ,O,O,O,O,X
ZTLOJIS,O,O,O,O,X
ZTLOJSI,O,O,O,O,X
ZTLOSIJ,O,O,O,O,X
ZTLOSJI,O,X,O,O,X
ZTJILSO,O,O,X,O,X
ZTJILOS,O,O,O,O,X
ZTJISLO,O,O,X,O,X
ZTJISOL,O,O,X,O,X
ZTJIOLS,O,O,O,O,X
ZTJIOSL,O,O,O,O,X
ZTJLISO,O,O,X,O,X
ZTJLIOS,O,O,O,O,X
ZTJLSIO,O,O,X,O,X
ZTJLSOI,O,O,X,O,X
ZTJLOIS,O,O,O,O,X
ZTJLOSI,O,O,O,O,X
ZTJSILO,O,O,X,O,X
ZTJSIOL,O,O,X,O,X
ZTJSLIO,O,O,X,O,X
ZTJSLOI,O,O,X,O,X
ZTJSOIL,O,O,X,O,X
ZTJSOLI,O,O,X,O,X
ZTJOILS,O,O,O,O,X
ZTJOISL,O,O,O,O,X
ZTJOLIS,O,O,O,O,X
ZTJOLSI,O,O,O,O,X
ZTJOSIL,O,O,O,O,X
ZTJOSLI,O,O,O,O,X
ZTSILJO,O,O,X,O,O
ZTSILOJ,O,O,X,O,O
ZTSIJLO,O,O,X,O,O
ZTSIJOL,O,O,X,O,O
ZTSIOLJ,O,O,X,O,O
ZTSIOJL,O,X,X,O,O
ZTSLIJO,O,O,X,O,O
ZTSLIOJ,O,O,X,O,O
ZTSLJIO,O,O,X,O,O
ZTSLJOI,O,O,X,O,O
ZTSLOIJ,O,O,X,O,O
ZTSLOJI,O,X,X,O,O
ZTSJILO,O,O,X,O,O
ZTSJIOL,O,O,X,O,O
ZTSJLIO,O,O,X,O,O
ZTSJLOI,O,O,X,O,O
ZTSJOIL,O,O,X,O,O
ZTSJOLI,O,O,X,O,O
ZTSOILJ,O,O,X,O,O
ZTSOIJL,O,X,X,O,O
ZTSOLIJ,O,O,X,O,O
ZTSOLJI,O,X,X,O,O
ZTSOJIL,O,X,X,O,O
ZTSOJLI,O,X,X,O,O
ZTOILJS,O,O,O,O,X
ZTOILSJ,O,O,O,O,X
ZTOIJLS,O,O,O,O,X
ZTOIJSL,O,O,O,O,X
ZTOISLJ,O,O,O,O,X
ZTOISJL,O,X,O,O,X
ZTOLIJS,O,O,O,O,X
ZTOLISJ,O,O,O,O,X
ZTOLJIS,O,O,O,O,X
ZTOLJSI,O,O,O,O,X
ZTOLSIJ,O,O,O,O,X
ZTOLSJI,O,X,O,O,X
ZTOJILS,O,O,O,O,X
ZTOJISL,O,O,O,O,X
ZTOJLIS,O,O,O,O,X
ZTOJLSI,O,O,O,O,X
ZTOJSIL,O,O,O,O,X
ZTOJSLI,O,O,O,O,X
ZTOSILJ,O,O,O,O,X
ZTOSIJL,O,X,O,O,X
ZTOSLIJ,O,O,O,O,X
ZTOSLJI,O,X,O,O,X
ZTOSJIL,O,X,O,O,X
ZTOSJLI,O,X,O,O,X
ZITLJSO,O,O,X,O,X
ZITLJOS,O,O,O,O,X
ZITLSJO,O,O,X,O,O
ZITLSOJ,O,O,X,O,O
ZITLOJS,O,O,O,O,X
ZITLOSJ,O,O,O,O,X
ZITJLSO,O,O,X,O,X
ZITJLOS,O,O,O,O,X
ZITJSLO,O,O,X,O,X
ZITJSOL,O,O,X,O,X
ZITJOLS,O,O,O,O,X
ZITJOSL,O,O,O,O,X
ZITSLJO,O,O,X,O,O
ZITSLOJ,O,O,X,O,O
ZITSJLO,O,O,X,O,O
ZITSJOL,O,O,X,O,O
ZITSOLJ,O,O,X,O,O
ZITSOJL,O,X,X,O,O
ZITOLJS,O,O,O,O,X
ZITOLSJ,O,O,O,O,X
ZITOJLS,O,O,O,O,X
ZITOJSL,O,O,O,O,X
ZITOSLJ,O,O,O,O,X
ZITOSJL,O,X,O,O,X
ZILTJSO,O,O,X,O,X
ZILTJOS,O,O,O,O,X
ZILTSJO,O,O,X,O,O
ZILTSOJ,O,O,X,O,O
ZILTOJS,O,O,O,O,X
ZILTOSJ,O,O,O,O,X
ZILJTSO,O,O,X,O,X
ZILJTOS,O,O,X,O,X
ZILJSTO,O,O,X,X,O
ZILJSOT,O,O,X,X,X
ZILJOTS,O,O,X,O,X
ZILJOST,O,O,X,X,X
ZILSTJO,X,O,X,X,O
ZILSTOJ,X,O,X,X,O
ZILSJTO,O,O,X,X,O
ZILSJOT,O,O,X,X,X
ZILSOTJ,X,O,O,X,O
ZILSOJT,X,O,X,X,X
ZILOTJS,X,O,O,X,X
ZILOTSJ,X,O,O,X,X
ZILOJTS,X,O,X,X,X
ZILOJST,X,O,X,X,X
ZILOSTJ,X,O,O,X,O
ZILOSJT,X,O,X,X,X
ZIJTLSO,O,O,X,O,X
ZIJTLOS,O,O,X,O,X
ZIJTSLO,O,O,X,O,X
ZIJTSOL,O,O,X,O,X
ZIJTOLS,O,O,X,O,X
ZIJTOSL,O,O,X,O,X
ZIJLTSO,O,O,X,O,X
ZIJLTOS,O,O,X,O,X
ZIJLSTO,O,O,X,X,O
ZIJLSOT,O,O,X,X,X
ZIJLOTS,O,O,X,O,X
ZIJLOST,O,O,X,X,X
ZIJSTLO,O,O,X,X,O
ZIJSTOL,O,O,X,X,O
ZIJSLTO,O,O,X,X,O
ZIJSLOT,O,O,X,X,X
ZIJSOTL,O,O,X,X,X
ZIJSOLT,O,O,X,X,X
ZIJOTLS,O,O,X,O,X
ZIJOTSL,O,O,X,O,X
ZIJOLTS,O,O,X,O,X
ZIJOLST,O,O,X,X,X
ZIJOSTL,O,O,X,X,X
ZIJOSLT,O,O,X,X,X
ZISTLJO,X,O,X,X,O
ZISTLOJ,X,O,X,X,O
ZISTJLO,X,O,X,X,O
ZISTJOL,X,O,X,X,O
ZISTOLJ,X,O,X,X,O
ZISTOJL,X,X,X,X,O
ZISLTJO,X,O,X,X,O
ZISLTOJ,X,O,X,X,O
ZISLJTO,O,O,X,X,O
ZISLJOT,O,O,X,X,X
ZISLOTJ,X,O,O,X,O
ZISLOJT,X,O,X,X,X
ZISJTLO,O,O,X,X,O
ZISJTOL,O,O,X,X,O
ZISJLTO,O,O,X,X,O
ZISJLOT,O,O,X,X,X
ZISJOTL,O,O,X,X,X
ZISJOLT,O,O,X,X,X
ZISOTLJ,X,O,O,X,O
ZISOTJL,X,X,O,X,O
ZISOLTJ,X,O,O,X,O
ZISOLJT,X,O,X,X,X
ZISOJTL,X,O,X,X,X
ZISOJLT,X,O,X,X,X
ZIOTLJS,X,O,O,X,X
ZIOTLSJ,X,O,O,X,X
ZIOTJLS,X,O,O,X,X
ZIOTJSL,X,O,O,X,X
ZIOTSLJ,X,O,O,X,X
ZIOTSJL,X,X,O,X,X
ZIOLTJS,X,O,O,X,X
ZIOLTSJ,X,O,O,X,X
ZIOLJTS,X,O,X,X,X
ZIOLJST,X,O,X,X,X
ZIOLSTJ,X,O,O,X,O
ZIOLSJT,X,O,X,X,X
ZIOJTLS,X,O,X,X,X
ZIOJTSL,X,O,X,X,X
ZIOJLTS,X,O,X,X,X
ZIOJLST,X,O,X,X,X
ZIOJSTL,X,O,X,X,X
ZIOJSLT,X,O,X,X,X
ZIOSTLJ,X,O,O,X,O
ZIOSTJL,X,X,O,X,O
ZIOSLTJ,X,O,O,X,O
ZIOSLJT,X,O,X,X,X
ZIOSJTL,X,O,X,X,X
ZIOSJLT,X,O,X,X,X
ZLTIJSO,O,O,X,O,X
ZLTIJOS,O,O,O,O,X
ZLTISJO,O,O,X,O,O
ZLTISOJ,O,O,X,O,O
ZLTIOJS,O,O,O,O,X
ZLTIOSJ,O,O,O,O,X
ZLTJISO,O,O,X,O,X
ZLTJIOS,O,O,O,O,X
ZLTJSIO,O,O,X,O,X
ZLTJSOI,O,O,X,O,X
ZLTJOIS,O,O,O,O,X
ZLTJOSI,O,O,O,O,X
ZLTSIJO,O,O,X,O,O
ZLTSIOJ,O,O,X,O,O
ZLTSJIO,O,O,X,O,O
ZLTSJOI,O,O,X,O,O
ZLTSOIJ,O,O,X,O,O
ZLTSOJI,O,X,X,O,O
ZLTOIJS,O,O,O,O,X
ZLTOISJ,O,O,O,O,X
ZLTOJIS,O,O,O,O,X
ZLTOJSI,O,O,O,O,X
ZLTOSIJ,O,O,O,O,X
ZLTOSJI,O,X,O,O,X
ZLITJSO,O,O,X,O,X
ZLITJOS,O,O,O,O,X
ZLITSJO,O,O,X,O,O
ZLITSOJ,O,O,X,O,O
ZLITOJS,O,O,O,O,X
ZLITOSJ,O,O,O,O,X
ZLIJTSO,O,O,X,O,X
ZLIJTOS,O,O,X,O,X
ZLIJSTO,O,O,X,X,O
ZLIJSOT,O,O,X,X,X
ZLIJOTS,O,O,X,O,X
ZLIJOST,O,O,X,X,X
ZLISTJO,X,O,X,X,O
ZLISTOJ,X,O,X,X,O
ZLISJTO,O,O,X,X,O
ZLISJOT,O,O,X,X,X
ZLISOTJ,X,O,O,X,O
ZLISOJT,X,O,X,X,X
ZLIOTJS,X,O,O,X,X
ZLIOTSJ,X,O,O,X,X
ZLIOJTS,X,O,X,X,X
ZLIOJST,X,O,X,X,X
ZLIOSTJ,X,O,O,X,O
ZLIOSJT,X,O,X,X,X
ZLJTISO,O,O,X,O,X
ZLJTIOS,O,O,X,O,X
ZLJTSIO,O,O,X,O,X
ZLJTSOI,O,O,X,O,X
ZLJTOIS,O,O,X,O,X
ZLJTOSI,O,O,X,O,X
ZLJITSO,O,O,X,O,X
ZLJITOS,O,O,X,O,X
ZLJISTO,O,O,X,X,O
ZLJISOT,O,O,X,X,X
ZLJIOTS,O,O,X,O,X
ZLJIOST,O,O,X,X,X
ZLJSTIO,O,O,X,X,O
ZLJSTOI,O,O,X,X,O
ZLJSITO,O,O,X,X,O
ZLJSIOT,O,O,X,X,X
ZLJSOTI,O,O,X,X,X
ZLJSOIT,O,O,X,X,X
ZLJOTIS,O,O,X,O,X
ZLJOTSI,O,O,X,O,X
ZLJOITS,O,O,X,O,X
ZLJOIST,O,O,X,X,X
ZLJOSTI,O,O,X,X,X
ZLJOSIT,O,O,X,X,X
ZLSTIJO,X,O,X,X,O
ZLSTIOJ,X,O,X,X,O
ZLSTJIO,X,O,X,X,O
ZLSTJOI,X,O,X,X,O
ZLSTOIJ,X,O,X,X,O
ZLSTOJI,X,X,X,X,O
ZLSITJO,X,O,X,X,O
ZLSITOJ,X,O,X,X,O
ZLSIJTO,O,O,X,X,O
ZLSIJOT,O,O,X,X,X
ZLSIOTJ,X,O,O,X,O
ZLSIOJT,X,O,X,X,X
ZLSJTIO,O,O,X,X,O
ZLSJTOI,O,O,X,X,O
ZLSJITO,O,O,X,X,O
ZLSJIOT,O,O,X,X,X
ZLSJOTI,O,O,X,X,X
ZLSJOIT,O,O,X,X,X
ZLSOTIJ,X,O,O,X,O
ZLSOTJI,X,X,O,X,O
ZLSOITJ,X,O,O,X,O
ZLSOIJT,X,O,X,X,X
ZLSOJTI,X,O,X,X,X
ZLSOJIT,X,O,X,X,X
ZLOTIJS,X,O,O,X,X
ZLOTISJ,X,O,O,X,X
ZLOTJIS,X,O,O,X,X
ZLOTJSI,X,O,O,X,X
ZLOTSIJ,X,O,O,X,X
ZLOTSJI,X,X,O,X,X
ZLOITJS,X,O,O,X,X
ZLOITSJ,X,O,O,X,X
ZLOIJTS,X,O,X,X,X
ZLOIJST,X,O,X,X,X
ZLOISTJ,X,O,O,X,O
ZLOISJT,X,O,X,X,X
ZLOJTIS,X,O,X,X,X
ZLOJTSI,X,O,X,X,X
ZLOJITS,X,O,X,X,X
ZLOJIST,X,O,X,X,X
ZLOJSTI,X,O,X,X,X
ZLOJSIT,X,O,X,X,X
ZLOSTIJ,X,O,O,X,O
ZLOSTJI,X,X,O,X,O
ZLOSITJ,X,O,O,X,O
ZLOSIJT,X,O,X,X,X
ZLOSJTI,X,O,X,X,X
ZLOSJIT,X,O,X,X,X
ZJTILSO,O,O,X,O,X
ZJTILOS,O,O,X,O,X
ZJTISLO,O,O,X,O,X
ZJTISOL,O,O,X,O,X
ZJTIOLS,O,O,X,O,X
ZJTIOSL,O,O,X,O,X
ZJTLISO,O,O,X,O,X
ZJTLIOS,O,O,X,O,X
ZJTLSIO,O,O,X,O,X
ZJTLSOI,O,O,X,O,X
ZJTLOIS,O,O,X,O,X
ZJTLOSI,O,O,X,O,X
ZJTSILO,O,O,X,O,X
ZJTSIOL,O,O,X,O,X
ZJTSLIO,O,O,X,O,X
ZJTSLOI,O,O,X,O,X
ZJTSOIL,O,O,X,O,X
ZJTSOLI,O,O,X,O,X
ZJTOILS,O,O,X,O,X
ZJTOISL,O,O,X,O,X
ZJTOLIS,O,O,X,O,X
ZJTOLSI,O,O,X,O,X
ZJTOSIL,O,O,X,O,X
ZJTOSLI,O,O,X,O,X
ZJITLSO,O,O,X,O,X
ZJITLOS,O,O,X,O,X
ZJITSLO,O,O,X,O,X
ZJITSOL,O,O,X,O,X
ZJITOLS,O,O,X,O,X
ZJITOSL,O,O,X,O,X
ZJILTSO,O,O,X,O,X
ZJILTOS,O,O,X,O,X
ZJILSTO,O,O,X,X,O
ZJILSOT,O,O,X,X,X
ZJILOTS,O,O,X,O,X
ZJILOST,O,O,X,X,X
ZJISTLO,O,O,X,X,O
ZJISTOL,O,O,X,X,O
ZJISLTO,O,O,X,X,O
ZJISLOT,O,O,X,X,X
ZJISOTL,O,O,X,X,X
ZJISOLT,O,O,X,X,X
ZJIOTLS,O,O,X,O,X
ZJIOTSL,O,O,X,O,X
ZJIOLTS,O,O,X,O,X
ZJIOLST,O,O,X,X,X
ZJIOSTL,O,O,X,X,X
ZJIOSLT,O,O,X,X,X
ZJLTISO,O,O,X,O,X
ZJLTIOS,O,O,X,O,X
ZJLTSIO,O,O,X,O,X
ZJLTSOI,O,O,X,O,X
ZJLTOIS,O,O,X,O,X
ZJLTOSI,O,O,X,O,X
ZJLITSO,O,O,X,O,X
ZJLITOS,O,O,X,O,X
ZJLISTO,O,O,X,X,O
ZJLISOT,O,O,X,X,X
ZJLIOTS,O,O,X,O,X
ZJLIOST,O,O,X,X,X
ZJLSTIO,O,O,X,X,O
ZJLSTOI,O,O,X,X,O
ZJLSITO,O,O,X,X,O
ZJLSIOT,O,O,X,X,X
ZJLSOTI,O,O,X,X,X
ZJLSOIT,O,O,X,X,X
ZJLOTIS,O,O,X,O,X
ZJLOTSI,O,O,X,O,X
ZJLOITS,O,O,X,O,X
ZJLOIST,O,O,X,X,X
ZJLOSTI,O,O,X,X,X
ZJLOSIT,O,O,X,X,X
ZJSTILO,O,O,X,X,O
ZJSTIOL,O,O,X,X,O
ZJSTLIO,O,O,X,X,O
ZJSTLOI,O,O,X,X,O
ZJSTOIL,O,O,X,X,O
ZJSTOLI,O,O,X,X,O
ZJSITLO,O,O,X,X,O
ZJSITOL,O,O,X,X,O
ZJSILTO,O,O,X,X,O
ZJSILOT,O,O,X,X,X
ZJSIOTL,O,O,X,X,X
ZJSIOLT,O,O,X,X,X
ZJSLTIO,O,O,X,X,O
ZJSLTOI,O,O,X,X,O
ZJSLITO,O,O,X,X,O
ZJSLIOT,O,O,X,X,X
ZJSLOTI,O,O,X,X,X
ZJSLOIT,O,O,X,X,X
ZJSOTIL,O,O,X,X,X
ZJSOTLI,O,O,X,X,X
ZJSOITL,O,O,X,X,X
ZJSOILT,O,O,X,X,X
ZJSOLTI,O,O,X,X,X
ZJSOLIT,O,O,X,X,X
ZJOTILS,O,O,X,O,X
ZJOTISL,O,O,X,O,X
ZJOTLIS,O,O,X,O,X
ZJOTLSI,O,O,X,O,X
ZJOTSIL,O,O,X,O,X
ZJOTSLI,O,O,X,O,X
ZJOITLS,O,O,X,O,X
ZJOITSL,O,O,X,O,X
ZJOILTS,O,O,X,O,X
ZJOILST,O,O,X,X,X
ZJOISTL,O,O,X,X,X
ZJOISLT,O,O,X,X,X
ZJOLTIS,O,O,X,O,X
ZJOLTSI,O,O,X,O,X
ZJOLITS,O,O,X,O,X
ZJOLIST,O,O,X,X,X
ZJOLSTI,O,O,X,X,X
ZJOLSIT,O,O,X,X,X
ZJOSTIL,O,O,X,X,X
ZJOSTLI,O,O,X,X,X
ZJOSITL,O,O,X,X,X
ZJOSILT,O,O,X,X,X
ZJOSLTI,O,O,X,X,X
ZJOSLIT,O,O,X,X,X
ZSTILJO,X,O,X,X,O
ZSTILOJ,X,O,X,X,O
ZSTIJLO,X,O,X,X,O
ZSTIJOL,X,O,X,X,O
ZSTIOLJ,X,O,X,X,O
ZSTIOJL,X,X,X,X,O
ZSTLIJO,X,O,X,X,O
ZSTLIOJ,X,O,X,X,O
ZSTLJIO,X,O,X,X,O
ZSTLJOI,X,O,X,X,O
ZSTLOIJ,X,O,X,X,O
ZSTLOJI,X,X,X,X,O
ZSTJILO,X,O,X,X,O
ZSTJIOL,X,O,X,X,O
ZSTJLIO,X,O,X,X,O
ZSTJLOI,X,O,X,X,O
ZSTJOIL,X,O,X,X,O
ZSTJOLI,X,O,X,X,O
ZSTOILJ,X,O,X,X,O
ZSTOIJL,X,X,X,X,O
ZSTOLIJ,X,O,X,X,O
ZSTOLJI,X,X,X,X,O
ZSTOJIL,X,X,X,X,O
ZSTOJLI,X,X,X,X,O
ZSITLJO,X,O,X,X,O
ZSITLOJ,X,O,X,X,O
ZSITJLO,X,O,X,X,O
ZSITJOL,X,O,X,X,O
ZSITOLJ,X,O,X,X,O
ZSITOJL,X,X,X,X,O
ZSILTJO,X,O,X,X,O
ZSILTOJ,X,O,X,X,O
ZSILJTO,O,O,X,X,O
ZSILJOT,O,O,X,X,X
ZSILOTJ,X,O,O,X,O
ZSILOJT,X,O,X,X,X
ZSIJTLO,O,O,X,X,O
ZSIJTOL,O,O,X,X,O
ZSIJLTO,O,O,X,X,O
ZSIJLOT,O,O,X,X,X
ZSIJOTL,O,O,X,X,X
ZSIJOLT,O,O,X,X,X
ZSIOTLJ,X,O,O,X,O
ZSIOTJL,X,X,O,X,O
ZSIOLTJ,X,O,O,X,O
ZSIOLJT,X,O,X,X,X
ZSIOJTL,X,O,X,X,X
ZSIOJLT,X,O,X,X,X
ZSLTIJO,X,O,X,X,O
ZSLTIOJ,X,O,X,X,O
ZSLTJIO,X,O,X,X,O
ZSLTJOI,X,O,X,X,O
ZSLTOIJ,X,O,X,X,O
ZSLTOJI,X,X,X,X,O
ZSLITJO,X,O,X,X,O
ZSLITOJ,X,O,X,X,O
ZSLIJTO,O,O,X,X,O
ZSLIJOT,O,O,X,X,X
ZSLIOTJ,X,O,O,X,O
ZSLIOJT,X,O,X,X,X
ZSLJTIO,O,O,X,X,O
ZSLJTOI,O,O,X,X,O
ZSLJITO,O,O,X,X,O
ZSLJIOT,O,O,X,X,X
ZSLJOTI,O,O,X,X,X
ZSLJOIT,O,O,X,X,X
ZSLOTIJ,X,O,O,X,O
ZSLOTJI,X,X,O,X,O
ZSLOITJ,X,O,O,X,O
ZSLOIJT,X,O,X,X,X
ZSLOJTI,X,O,X,X,X
ZSLOJIT,X,O,X,X,X
ZSJTILO,O,O,X,X,O
ZSJTIOL,O,O,X,X,O
ZSJTLIO,O,O,X,X,O
ZSJTLOI,O,O,X,X,O
ZSJTOIL,O,O,X,X,O
ZSJTOLI,O,O,X,X,O
ZSJITLO,O,O,X,X,O
ZSJITOL,O,O,X,X,O
ZSJILTO,O,O,X,X,O
ZSJILOT,O,O,X,X,X
ZSJIOTL,O,O,X,X,X
ZSJIOLT,O,O,X,X,X
ZSJLTIO,O,O,X,X,O
ZSJLTOI,O,O,X,X,O
ZSJLITO,O,O,X,X,O
ZSJLIOT,O,O,X,X,X
ZSJLOTI,O,O,X,X,X
ZSJLOIT,O,O,X,X,X
ZSJOTIL,O,O,X,X,X
ZSJOTLI,O,O,X,X,X
ZSJOITL,O,O,X,X,X
ZSJOILT,O,O,X,X,X
ZSJOLTI,O,O,X,X,X
ZSJOLIT,O,O,X,X,X
ZSOTILJ,X,O,O,X,O
ZSOTIJL,X,X,O,X,O
ZSOTLIJ,X,O,O,X,O
ZSOTLJI,X,X,O,X,O
ZSOTJIL,X,X,O,X,O
ZSOTJLI,X,X,O,X,O
ZSOITLJ,X,O,O,X,O
ZSOITJL,X,X,O,X,O
ZSOILTJ,X,O,O,X,O
ZSOILJT,X,O,X,X,X
ZSOIJTL,X,O,X,X,X
ZSOIJLT,X,O,X,X,X
ZSOLTIJ,X,O,O,X,O
ZSOLTJI,X,X,O,X,O
ZSOLITJ,X,O,O,X,O
ZSOLIJT,X,O,X,X,X
ZSOLJTI,X,O,X,X,X
ZSOLJIT,X,O,X,X,X
ZSOJTIL,X,O,X,X,X
ZSOJTLI,X,O,X,X,X
ZSOJITL,X,O,X,X,X
ZSOJILT,X,O,X,X,X
ZSOJLTI,X,O,X,X,X
ZSOJLIT,X,O,X,X,X
ZOTILJS,X,O,O,X,X
ZOTILSJ,X,O,O,X,X
ZOTIJLS,X,O,O,X,X
ZOTIJSL,X,O,O,X,X
ZOTISLJ,X,O,O,X,X
ZOTISJL,X,X,O,X,X
ZOTLIJS,X,O,O,X,X
ZOTLISJ,X,O,O,X,X
ZOTLJIS,X,O,O,X,X
ZOTLJSI,X,O,O,X,X
ZOTLSIJ,X,O,O,X,X
ZOTLSJI,X,X,O,X,X
ZOTJILS,X,O,O,X,X
ZOTJISL,X,O,O,X,X
ZOTJLIS,X,O,O,X,X
ZOTJLSI,X,O,O,X,X
ZOTJSIL,X,O,O,X,X
ZOTJSLI,X,O,O,X,X
ZOTSILJ,X,O,O,X,X
ZOTSIJL,X,X,O,X,X
ZOTSLIJ,X,O,O,X,X
ZOTSLJI,X,X,O,X,X
ZOTSJIL,X,X,O,X,X
ZOTSJLI,X,X,O,X,X
ZOITLJS,X,O,O,X,X
ZOITLSJ,X,O,O,X,X
ZOITJLS,X,O,O,X,X
ZOITJSL,X,O,O,X,X
ZOITSLJ,X,O,O,X,X
ZOITSJL,X,X,O,X,X
ZOILTJS,X,O,O,X,X
ZOILTSJ,X,O,O,X,X
ZOILJTS,X,O,X,X,X
ZOILJST,X,O,X,X,X
ZOILSTJ,X,O,O,X,O
ZOILSJT,X,O,X,X,X
ZOIJTLS,X,O,X,X,X
ZOIJTSL,X,O,X,X,X
ZOIJLTS,X,O,X,X,X
ZOIJLST,X,O,X,X,X
ZOIJSTL,X,O,X,X,X
ZOIJSLT,X,O,X,X,X
ZOISTLJ,X,O,O,X,O
ZOISTJL,X,X,O,X,O
ZOISLTJ,X,O,O,X,O
ZOISLJT,X,O,X,X,X
ZOISJTL,X,O,X,X,X
ZOISJLT,X,O,X,X,X
ZOLTIJS,X,O,O,X,X
ZOLTISJ,X,O,O,X,X
ZOLTJIS,X,O,O,X,X
ZOLTJSI,X,O,O,X,X
ZOLTSIJ,X,O,O,X,X
ZOLTSJI,X,X,O,X,X
ZOLITJS,X,O,O,X,X
ZOLITSJ,X,O,O,X,X
ZOLIJTS,X,O,X,X,X
ZOLIJST,X,O,X,X,X
ZOLISTJ,X,O,O,X,O
ZOLISJT,X,O,X,X,X
ZOLJTIS,X,O,X,X,X
ZOLJTSI,X,O,X,X,X
ZOLJITS,X,O,X,X,X
ZOLJIST,X,O,X,X,X
ZOLJSTI,X,O,X,X,X
ZOLJSIT,X,O,X,X,X
ZOLSTIJ,X,O,O,X,O
ZOLSTJI,X,X,O,X,O
ZOLSITJ,X,O,O,X,O
ZOLSIJT,X,O,X,X,X
ZOLSJTI,X,O,X,X,X
ZOLSJIT,X,O,X,X,X
ZOJTILS,X,O,X,X,X
ZOJTISL,X,O,X,X,X
ZOJTLIS,X,O,X,X,X
ZOJTLSI,X,O,X,X,X
ZOJTSIL,X,O,X,X,X
ZOJTSLI,X,O,X,X,X
ZOJITLS,X,O,X,X,X
ZOJITSL,X,O,X,X,X
ZOJILTS,X,O,X,X,X
ZOJILST,X,O,X,X,X
ZOJISTL,X,O,X,X,X
ZOJISLT,X,O,X,X,X
ZOJLTIS,X,O,X,X,X
ZOJLTSI,X,O,X,X,X
ZOJLITS,X,O,X,X,X
ZOJLIST,X,O,X,X,X
ZOJLSTI,X,O,X,X,X
ZOJLSIT,X,O,X,X,X
ZOJSTIL,X,O,X,X,X
ZOJSTLI,X,O,X,X,X
ZOJSITL,X,O,X,X,X
ZOJSILT,X,O,X,X,X
ZOJSLTI,X,O,X,X,X
ZOJSLIT,X,O,X,X,X
ZOSTILJ,X,O,O,X,O
ZOSTIJL,X,X,O,X,O
ZOSTLIJ,X,O,O,X,O
ZOSTLJI,X,X,O,X,O
ZOSTJIL,X,X,O,X,O
ZOSTJLI,X,X,O,X,O
ZOSITLJ,X,O,O,X,O
ZOSITJL,X,X,O,X,O
ZOSILTJ,X,O,O,X,O
ZOSILJT,X,O,X,X,X
ZOSIJTL,X,O,X,X,X
ZOSIJLT,X,O,X,X,X
ZOSLTIJ,X,O,O,X,O
ZOSLTJI,X,X,O,X,O
ZOSLITJ,X,O,O,X,O
ZOSLIJT,X,O,X,X,X
ZOSLJTI,X,O,X,X,X
ZOSLJIT,X,O,X,X,X
ZOSJTIL,X,O,X,X,X
ZOSJTLI,X,O,X,X,X
ZOSJITL,X,O,X,X,X
ZOSJILT,X,O,X,X,X
ZOSJLTI,X,O,X,X,X
ZOSJLIT,X,O,X,X,X
OTILJSZ,O,X,O,O,X
OTILJZS,O,X,O,O,X
OTILSJZ,O,X,O,X,X
OTILSZJ,O,X,O,X,X
OTILZJS,O,X,O,O,X
OTILZSJ,O,X,O,O,X
OTIJLSZ,O,X,O,O,X
OTIJLZS,O,X,O,O,X
OTIJSLZ,O,X,O,O,X
OTIJSZL,O,X,O,O,X
OTIJZLS,O,X,O,O,X
OTIJZSL,O,X,O,O,X
OTISLJZ,O,X,O,X,X
OTISLZJ,O,X,O,X,X
OTISJLZ,O,X,O,X,X
OTISJZL,O,X,O,X,X
OTISZLJ,O,X,O,X,X
OTISZJL,O,X,O,X,X
OTIZLJS,O,X,O,O,X
OTIZLSJ,O,X,O,O,X
OTIZJLS,O,X,O,O,X
OTIZJSL,O,X,O,O,X
OTIZSLJ,O,X,O,O,X
OTIZSJL,O,X,O,O,X
OTLIJSZ,O,X,O,O,X
OTLIJZS,O,X,O,O,X
OTLISJZ,O,X,O,X,X
OTLISZJ,O,X,O,X,X
OTLIZJS,O,X,O,O,X
OTLIZSJ,O,X,O,O,X
OTLJISZ,O,X,O,O,X
OTLJIZS,O,X,O,O,X
OTLJSIZ,O,X,O,O,X
OTLJSZI,O,X,O,O,X
OTLJZIS,O,X,O,O,X
OTLJZSI,O,X,O,O,X
OTLSIJZ,O,X,O,X,X
OTLSIZJ,O,X,O,X,X
OTLSJIZ,O,X,O,X,X
OTLSJZI,O,X,O,X,X
OTLSZIJ,O,X,O,X,X
OTLSZJI,O,X,O,X,X
OTLZIJS,O,X,O,O,X
OTLZISJ,O,X,O,O,X
OTLZJIS,O,X,O,O,X
OTLZJSI,O,X,O,O,X
OTLZSIJ,O,X,O,O,X
OTLZSJI,O,X,O,O,X
OTJILSZ,O,X,O,O,X
OTJILZS,O,X,O,O,X
OTJISLZ,O,X,O,O,X
OTJISZL,O,X,O,O,X
OTJIZLS,O,X,O,O,X
OTJIZSL,O,X,O,O,X
OTJLISZ,O,X,O,O,X
OTJLIZS,O,X,O,O,X
OTJLSIZ,O,X,O,O,X
OTJLSZI,O,X,O,O,X
OTJLZIS,O,X,O,O,X
OTJLZSI,O,X,O,O,X
OTJSILZ,O,X,O,O,X
OTJSIZL,O,X,O,O,X
OTJSLIZ,O,X,O,O,X
OTJSLZI,O,X,O,O,X
OTJSZIL,O,X,O,O,X
OTJSZLI,O,X,O,O,X
OTJZILS,O,X,O,O,X
OTJZISL,O,X,O,O,X
OTJZLIS,O,X,O,O,X
OTJZLSI,O,X,O,O,X
OTJZSIL,O,X,O,O,X
OTJZSLI,O,X,O,O,X
OTSILJZ,O,X,O,X,X
OTSILZJ,O,X,O,X,X
OTSIJLZ,O,X,O,X,X
OTSIJZL,O,X,O,X,X
OTSIZLJ,O,X,O,X,X
OTSIZJL,O,X,O,X,X
OTSLIJZ,O,X,O,X,X
OTSLIZJ,O,X,O,X,X
OTSLJIZ,O,X,O,X,X
OTSLJZI,O,X,O,X,X
OTSLZIJ,O,X,O,X,X
OTSLZJI,O,X,O,X,X
OTSJILZ,O,X,O,X,X
OTSJIZL,O,X,O,X,X
OTSJLIZ,O,X,O,X,X
OTSJLZI,O,X,O,X,X
OTSJZIL,O,X,O,X,X
OTSJZLI,O,X,O,X,X
OTSZILJ,O,X,O,X,X
OTSZIJL,O,X,O,X,X
OTSZLIJ,O,X,O,X,X
OTSZLJI,O,X,O,X,X
OTSZJIL,O,X,O,X,X
OTSZJLI,O,X,O,X,X
OTZILJS,O,X,O,O,X
OTZILSJ,O,X,O,O,X
OTZIJLS,O,X,O,O,X
OTZIJSL,O,X,O,O,X
OTZISLJ,O,X,O,O,X
OTZISJL,O,X,O,O,X
OTZLIJS,O,X,O,O,X
OTZLISJ,O,X,O,O,X
OTZLJIS,O,X,O,O,X
OTZLJSI,O,X,O,O,X
OTZLSIJ,O,X,O,O,X
OTZLSJI,O,X,O,O,X
OTZJILS,O,X,O,O,X
OTZJISL,O,X,O,O,X
OTZJLIS,O,X,O,O,X
OTZJLSI,O,X,O,O,X
OTZJSIL,O,X,O,O,X
OTZJSLI,O,X,O,O,X
OTZSILJ,O,X,O,O,X
OTZSIJL,O,X,O,O,X
OTZSLIJ,O,X,O,O,X
OTZSLJI,O,X,O,O,X
OTZSJIL,O,X,O,O,X
OTZSJLI,O,X,O,O,X
OITLJSZ,O,X,O,O,X
OITLJZS,O,X,O,O,X
OITLSJZ,O,X,O,X,X
OITLSZJ,O,X,O,X,X
OITLZJS,O,X,O,O,X
OITLZSJ,O,X,O,O,X
OITJLSZ,O,X,O,O,X
OITJLZS,O,X,O,O,X
OITJSLZ,O,X,O,O,X
OITJSZL,O,X,O,O,X
OITJZLS,O,X,O,O,X
OITJZSL,O,X,O,O,X
OITSLJZ,O,X,O,X,X
OITSLZJ,O,X,O,X,X
OITSJLZ,O,X,O,X,X
OITSJZL,O,X,O,X,X
OITSZLJ,O,X,O,X,X
OITSZJL,O,X,O,X,X
OITZLJS,O,X,O,O,X
OITZLSJ,O,X,O,O,X
OITZJLS,O,X,O,O,X
OITZJSL,O,X,O,O,X
OITZSLJ,O,X,O,O,X
OITZSJL,O,X,O,O,X
OILTJSZ,O,X,O,O,X
OILTJZS,O,X,O,O,X
OILTSJZ,O,X,O,X,X
OILTSZJ,O,X,O,X,X
OILTZJS,O,X,O,O,X
OILTZSJ,O,X,O,O,X
OILJTSZ,O,O,O,O,X
OILJTZS,O,O,O,O,X
OILJSTZ,X,O,O,O,X
OILJSZT,O,O,X,X,X
OILJZTS,O,O,X,O,X
OILJZST,O,O,X,X,X
OILSTJZ,X,X,O,X,O
OILSTZJ,X,X,O,X,O
OILSJTZ,X,O,O,X,O
OILSJZT,O,O,X,X,X
OILSZTJ,X,O,O,X,O
OILSZJT,X,O,X,X,X
OILZTJS,X,O,O,X,X
OILZTSJ,X,O,O,X,X
OILZJTS,X,O,X,X,X
OILZJST,X,O,X,X,X
OILZSTJ,X,O,O,X,O
OILZSJT,X,O,X,X,X
OIJTLSZ,O,O,O,O,X
OIJTLZS,O,O,O,O,X
OIJTSLZ,O,O,O,O,X
OIJTSZL,O,O,O,O,X
OIJTZLS,O,O,O,O,X
OIJTZSL,O,O,O,O,X
OIJLTSZ,O,O,O,O,X
OIJLTZS,O,O,O,O,X
OIJLSTZ,X,O,O,O,X
OIJLSZT,O,O,X,X,X
OIJLZTS,O,O,X,O,X
OIJLZST,O,O,X,X,X
OIJSTLZ,X,O,O,O,X
OIJSTZL,X,O,O,O,X
OIJSLTZ,X,O,O,O,X
OIJSLZT,O,O,X,X,X
OIJSZTL,O,O,X,X,X
OIJSZLT,O,O,X,X,X
OIJZTLS,O,O,X,O,X
OIJZTSL,O,O,X,O,X
OIJZLTS,O,O,X,O,X
OIJZLST,O,O,X,X,X
OIJZSTL,O,O,X,X,X
OIJZSLT,O,O,X,X,X
OISTLJZ,X,X,O,X,O
OISTLZJ,X,X,O,X,O
OISTJLZ,X,X,O,X,O
OISTJZL,X,X,O,X,O
OISTZLJ,X,X,O,X,O
OISTZJL,X,X,O,X,O
OISLTJZ,X,X,O,X,O
OISLTZJ,X,X,O,X,O
OISLJTZ,X,O,O,X,O
OISLJZT,O,O,X,X,X
OISLZTJ,X,O,O,X,O
OISLZJT,X,O,X,X,X
OISJTLZ,X,O,O,X,O
OISJTZL,X,O,O,X,O
OISJLTZ,X,O,O,X,O
OISJLZT,O,O,X,X,X
OISJZTL,O,O,X,X,X
OISJZLT,O,O,X,X,X
OISZTLJ,X,O,O,X,O
OISZTJL,X,X,O,X,O
OISZLTJ,X,O,O,X,O
OISZLJT,X,O,X,X,X
OISZJTL,X,O,X,X,X
OISZJLT,X,O,X,X,X
OIZTLJS,X,O,O,X,X
OIZTLSJ,X,O,O,X,X
OIZTJLS,X,O,O,X,X
OIZTJSL,X,O,O,X,X
OIZTSLJ,X,O,O,X,X
OIZTSJL,X,X,O,X,X
OIZLTJS,X,O,O,X,X
OIZLTSJ,X,O,O,X,X
OIZLJTS,X,O,X,X,X
OIZLJST,X,O,X,X,X
OIZLSTJ,X,O,O,X,O
OIZLSJT,X,O,X,X,X
OIZJTLS,X,O,X,X,X
OIZJTSL,X,O,X,X,X
OIZJLTS,X,O,X,X,X
OIZJLST,X,O,X,X,X
OIZJSTL,X,O,X,X,X
OIZJSLT,X,O,X,X,X
OIZSTLJ,X,O,O,X,O
OIZSTJL,X,X,O,X,O
OIZSLTJ,X,O,O,X,O
OIZSLJT,X,O,X,X,X
OIZSJTL,X,O,X,X,X
OIZSJLT,X,O,X,X,X
OLTIJSZ,O,X,O,O,X
OLTIJZS,O,X,O,O,X
OLTISJZ,O,X,O,X,X
OLTISZJ,O,X,O,X,X
OLTIZJS,O,X,O,O,X
OLTIZSJ,O,X,O,O,X
OLTJISZ,O,X,O,O,X
OLTJIZS,O,X,O,O,X
OLTJSIZ,O,X,O,O,X
OLTJSZI,O,X,O,O,X
OLTJZIS,O,X,O,O,X
OLTJZSI,O,X,O,O,X
OLTSIJZ,O,X,O,X,X
OLTSIZJ,O,X,O,X,X
OLTSJIZ,O,X,O,X,X
OLTSJZI,O,X,O,X,X
OLTSZIJ,O,X,O,X,X
OLTSZJI,O,X,O,X,X
OLTZIJS,O,X,O,O,X
OLTZISJ,O,X,O,O,X
OLTZJIS,O,X,O,O,X
OLTZJSI,O,X,O,O,X
OLTZSIJ,O,X,O,O,X
OLTZSJI,O,X,O,O,X
OLITJSZ,O,X,O,O,X
OLITJZS,O,X,O,O,X
OLITSJZ,O,X,O,X,X
OLITSZJ,O,X,O,X,X
OLITZJS,O,X,O,O,X
OLITZSJ,O,X,O,O,X
OLIJTSZ,O,O,O,O,X
OLIJTZS,O,O,O,O,X
OLIJSTZ,X,O,O,O,X
OLIJSZT,O,O,X,X,X
OLIJZTS,O,O,X,O,X
OLIJZST,O,O,X,X,X
OLISTJZ,X,X,O,X,O
OLISTZJ,X,X,O,X,O
OLISJTZ,X,O,O,X,O
OLISJZT,O,O,X,X,X
OLISZTJ,X,O,O,X,O
OLISZJT,X,O,X,X,X
OLIZTJS,X,O,O,X,X
OLIZTSJ,X,O,O,X,X
OLIZJTS,X,O,X,X,X
OLIZJST,X,O,X,X,X
OLIZSTJ,X,O,O,X,O
OLIZSJT,X,O,X,X,X
OLJTISZ,O,O,O,O,X
OLJTIZS,O,O,O,O,X
OLJTSIZ,O,O,O,O,X
OLJTSZI,O,O,O,O,X
OLJTZIS,O,O,O,O,X
OLJTZSI,O,O,O,O,X
OLJITSZ,O,O,O,O,X
OLJITZS,O,O,O,O,X
OLJISTZ,X,O,O,O,X
OLJISZT,O,O,X,X,X
OLJIZTS,O,O,X,O,X
OLJIZST,O,O,X,X,X
OLJSTIZ,X,O,O,O,X
OLJSTZI,X,O,O,O,X
OLJSITZ,X,O,O,O,X
OLJSIZT,O,O,X,X,X
OLJSZTI,O,O,X,X,X
OLJSZIT,O,O,X,X,X
OLJZTIS,O,O,X,O,X
OLJZTSI,O,O,X,O,X
OLJZITS,O,O,X,O,X
OLJZIST,O,O,X,X,X
OLJZSTI,O,O,X,X,X
OLJZSIT,O,O,X,X,X
OLSTIJZ,X,X,O,X,O
OLSTIZJ,X,X,O,X,O
OLSTJIZ,X,X,O,X,O
OLSTJZI,X,X,O,X,O
OLSTZIJ,X,X,O,X,O
OLSTZJI,X,X,O,X,O
OLSITJZ,X,X,O,X,O
OLSITZJ,X,X,O,X,O
OLSIJTZ,X,O,O,X,O
OLSIJZT,O,O,X,X,X
OLSIZTJ,X,O,O,X,O
OLSIZJT,X,O,X,X,X
OLSJTIZ,X,O,O,X,O
OLSJTZI,X,O,O,X,O
OLSJITZ,X,O,O,X,O
OLSJIZT,O,O,X,X,X
OLSJZTI,O,O,X,X,X
OLSJZIT,O,O,X,X,X
OLSZTIJ,X,O,O,X,O
OLSZTJI,X,X,O,X,O
OLSZITJ,X,O,O,X,O
OLSZIJT,X,O,X,X,X
OLSZJTI,X,O,X,X,X
OLSZJIT,X,O,X,X,X
OLZTIJS,X,O,O,X,X
OLZTISJ,X,O,O,X,X
OLZTJIS,X,O,O,X,X
OLZTJSI,X,O,O,X,X
OLZTSIJ,X,O,O,X,X
OLZTSJI,X,X,O,X,X
OLZITJS,X,O,O,X,X
OLZITSJ,X,O,O,X,X
OLZIJTS,X,O,X,X,X
OLZIJST,X,O,X,X,X
OLZISTJ,X,O,O,X,O
OLZISJT,X,O,X,X,X
OLZJTIS,X,O,X,X,X
OLZJTSI,X,O,X,X,X
OLZJITS,X,O,X,X,X
OLZJIST,X,O,X,X,X
OLZJSTI,X,O,X,X,X
OLZJSIT,X,O,X,X,X
OLZSTIJ,X,O,O,X,O
OLZSTJI,X,X,O,X,O
OLZSITJ,X,O,O,X,O
OLZSIJT,X,O,X,X,X
OLZSJTI,X,O,X,X,X
OLZSJIT,X,O,X,X,X
OJTILSZ,O,O,O,O,X
OJTILZS,O,O,O,O,X
OJTISLZ,O,O,O,O,X
OJTISZL,O,O,O,O,X
OJTIZLS,O,O,O,O,X
OJTIZSL,O,O,O,O,X
OJTLISZ,O,O,O,O,X
OJTLIZS,O,O,O,O,X
OJTLSIZ,O,O,O,O,X
OJTLSZI,O,O,O,O,X
OJTLZIS,O,O,O,O,X
OJTLZSI,O,O,O,O,X
OJTSILZ,O,O,O,O,X
OJTSIZL,O,O,O,O,X
OJTSLIZ,O,O,O,O,X
OJTSLZI,O,O,O,O,X
OJTSZIL,O,O,O,O,X
OJTSZLI,O,O,O,O,X
OJTZILS,O,O,O,O,X
OJTZISL,O,O,O,O,X
OJTZLIS,O,O,O,O,X
OJTZLSI,O,O,O,O,X
OJTZSIL,O,O,O,O,X
OJTZSLI,O,O,O,O,X
OJITLSZ,O,O,O,O,X
OJITLZS,O,O,O,O,X
OJITSLZ,O,O,O,O,X
OJITSZL,O,O,O,O,X
OJITZLS,O,O,O,O,X
OJITZSL,O,O,O,O,X
OJILTSZ,O,O,O,O,X
OJILTZS,O,O,O,O,X
OJILSTZ,X,O,O,O,X
OJILSZT,O,O,X,X,X
OJILZTS,O,O,X,O,X
OJILZST,O,O,X,X,X
OJISTLZ,X,O,O,O,X
OJISTZL,X,O,O,O,X
OJISLTZ,X,O,O,O,X
OJISLZT,O,O,X,X,X
OJISZTL,O,O,X,X,X
OJISZLT,O,O,X,X,X
OJIZTLS,O,O,X,O,X
OJIZTSL,O,O,X,O,X
OJIZLTS,O,O,X,O,X
OJIZLST,O,O,X,X,X
OJIZSTL,O,O,X,X,X
OJIZSLT,O,O,X,X,X
OJLTISZ,O,O,O,O,X
OJLTIZS,O,O,O,O,X
OJLTSIZ,O,O,O,O,X
OJLTSZI,O,O,O,O,X
OJLTZIS,O,O,O,O,X
OJLTZSI,O,O,O,O,X
OJLITSZ,O,O,O,O,X
OJLITZS,O,O,O,O,X
OJLISTZ,X,O,O,O,X
OJLISZT,O,O,X,X,X
OJLIZTS,O,O,X,O,X
OJLIZST,O,O,X,X,X
OJLSTIZ,X,O,O,O,X
OJLSTZI,X,O,O,O,X
OJLSITZ,X,O,O,O,X
OJLSIZT,O,O,X,X,X
OJLSZTI,O,O,X,X,X
OJLSZIT,O,O,X,X,X
OJLZTIS,O,O,X,O,X
OJLZTSI,O,O,X,O,X
OJLZITS,O,O,X,O,X
OJLZIST,O,O,X,X,X
OJLZSTI,O,O,X,X,X
OJLZSIT,O,O,X,X,X
OJSTILZ,X,O,O,O,X
OJSTIZL,X,O,O,O,X
OJSTLIZ,X,O,O,O,X
OJSTLZI,X,O,O,O,X
OJSTZIL,X,O,O,O,X
OJSTZLI,X,O,O,O,X
OJSITLZ,X,O,O,O,X
OJSITZL,X,O,O,O,X
OJSILTZ,X,O,O,O,X
OJSILZT,O,O,X,X,X
OJSIZTL,O,O,X,X,X
OJSIZLT,O,O,X,X,X
OJSLTIZ,X,O,O,O,X
OJSLTZI,X,O,O,O,X
OJSLITZ,X,O,O,O,X
OJSLIZT,O,O,X,X,X
OJSLZTI,O,O,X,X,X
OJSLZIT,O,O,X,X,X
OJSZTIL,O,O,X,X,X
OJSZTLI,O,O,X,X,X
OJSZITL,O,O,X,X,X
OJSZILT,O,O,X,X,X
OJSZLTI,O,O,X,X,X
OJSZLIT,O,O,X,X,X
OJZTILS,O,O,X,O,X
OJZTISL,O,O,X,O,X
OJZTLIS,O,O,X,O,X
OJZTLSI,O,O,X,O,X
OJZTSIL,O,O,X,O,X
OJZTSLI,O,O,X,O,X
OJZITLS,O,O,X,O,X
OJZITSL,O,O,X,O,X
OJZILTS,O,O,X,O,X
OJZILST,O,O,X,X,X
OJZISTL,O,O,X,X,X
OJZISLT,O,O,X,X,X
OJZLTIS,O,O,X,O,X
OJZLTSI,O,O,X,O,X
OJZLITS,O,O,X,O,X
OJZLIST,O,O,X,X,X
OJZLSTI,O,O,X,X,X
OJZLSIT,O,O,X,X,X
OJZSTIL,O,O,X,X,X
OJZSTLI,O,O,X,X,X
OJZSITL,O,O,X,X,X
OJZSILT,O,O,X,X,X
OJZSLTI,O,O,X,X,X
OJZSLIT,O,O,X,X,X
OSTILJZ,X,X,O,X,O
OSTILZJ,X,X,O,X,O
OSTIJLZ,X,X,O,X,O
OSTIJZL,X,X,O,X,O
OSTIZLJ,X,X,O,X,O
OSTIZJL,X,X,O,X,O
OSTLIJZ,X,X,O,X,O
OSTLIZJ,X,X,O,X,O
OSTLJIZ,X,X,O,X,O
OSTLJZI,X,X,O,X,O
OSTLZIJ,X,X,O,X,O
OSTLZJI,X,X,O,X,O
OSTJILZ,X,X,O,X,O
OSTJIZL,X,X,O,X,O
OSTJLIZ,X,X,O,X,O
OSTJLZI,X,X,O,X,O
OSTJZIL,X,X,O,X,O
OSTJZLI,X,X,O,X,O
OSTZILJ,X,X,O,X,O
OSTZIJL,X,X,O,X,O
OSTZLIJ,X,X,O,X,O
OSTZLJI,X,X,O,X,O
OSTZJIL,X,X,O,X,O
OSTZJLI,X,X,O,X,O
OSITLJZ,X,X,O,X,O
OSITLZJ,X,X,O,X,O
OSITJLZ,X,X,O,X,O
OSITJZL,X,X,O,X,O
OSITZLJ,X,X,O,X,O
OSITZJL,X,X,O,X,O
OSILTJZ,X,X,O,X,O
OSILTZJ,X,X,O,X,O
OSILJTZ,X,O,O,X,O
OSILJZT,O,O,X,X,X
OSILZTJ,X,O,O,X,O
OSILZJT,X,O,X,X,X
OSIJTLZ,X,O,O,X,O
OSIJTZL,X,O,O,X,O
OSIJLTZ,X,O,O,X,O
OSIJLZT,O,O,X,X,X
OSIJZTL,O,O,X,X,X
OSIJZLT,O,O,X,X,X
OSIZTLJ,X,O,O,X,O
OSIZTJL,X,X,O,X,O
OSIZLTJ,X,O,O,X,O
OSIZLJT,X,O,X,X,X
OSIZJTL,X,O,X,X,X
OSIZJLT,X,O,X,X,X
OSLTIJZ,X,X,O,X,O
OSLTIZJ,X,X,O,X,O
OSLTJIZ,X,X,O,X,O
OSLTJZI,X,X,O,X,O
OSLTZIJ,X,X,O,X,O
OSLTZJI,X,X,O,X,O
OSLITJZ,X,X,O,X,O
OSLITZJ,X,X,O,X,O
OSLIJTZ,X,O,O,X,O
OSLIJZT,O,O,X,X,X
OSLIZTJ,X,O,O,X,O
OSLIZJT,X,O,X,X,X
OSLJTIZ,X,O,O,X,O
OSLJTZI,X,O,O,X,O
OSLJITZ,X,O,O,X,O
OSLJIZT,O,O,X,X,X
OSLJZTI,O,O,X,X,X
OSLJZIT,O,O,X,X,X
OSLZTIJ,X,O,O,X,O
OSLZTJI,X,X,O,X,O
OSLZITJ,X,O,O,X,O
OSLZIJT,X,O,X,X,X
OSLZJTI,X,O,X,X,X
OSLZJIT,X,O,X,X,X
OSJTILZ,X,O,O,X,O
OSJTIZL,X,O,O,X,O
OSJTLIZ,X,O,O,X,O
OSJTLZI,X,O,O,X,O
OSJTZIL,X,O,O,X,O
OSJTZLI,X,O,O,X,O
OSJITLZ,X,O,O,X,O
OSJITZL,X,O,O,X,O
OSJILTZ,X,O,O,X,O
OSJILZT,O,O,X,X,X
OSJIZTL,O,O,X,X,X
OSJIZLT,O,O,X,X,X
OSJLTIZ,X,O,O,X,O
OSJLTZI,X,O,O,X,O
OSJLITZ,X,O,O,X,O
OSJLIZT,O,O,X,X,X
OSJLZTI,O,O,X,X,X
OSJLZIT,O,O,X,X,X
OSJZTIL,O,O,X,X,X
OSJZTLI,O,O,X,X,X
OSJZITL,O,O,X,X,X
OSJZILT,O,O,X,X,X
OSJZLTI,O,O,X,X,X
OSJZLIT,O,O,X,X,X
OSZTILJ,X,O,O,X,O
OSZTIJL,X,X,O,X,O
OSZTLIJ,X,O,O,X,O
OSZTLJI,X,X,O,X,O
OSZTJIL,X,X,O,X,O
OSZTJLI,X,X,O,X,O
OSZITLJ,X,O,O,X,O
OSZITJL,X,X,O,X,O
OSZILTJ,X,O,O,X,O
OSZILJT,X,O,X,X,X
OSZIJTL,X,O,X,X,X
OSZIJLT,X,O,X,X,X
OSZLTIJ,X,O,O,X,O
OSZLTJI,X,X,O,X,O
OSZLITJ,X,O,O,X,O
OSZLIJT,X,O,X,X,X
OSZLJTI,X,O,X,X,X
OSZLJIT,X,O,X,X,X
OSZJTIL,X,O,X,X,X
OSZJTLI,X,O,X,X,X
OSZJITL,X,O,X,X,X
OSZJILT,X,O,X,X,X
OSZJLTI,X,O,X,X,X
OSZJLIT,X,O,X,X,X
OZTILJS,X,O,O,X,X
OZTILSJ,X,O,O,X,X
OZTIJLS,X,O,O,X,X
OZTIJSL,X,O,O,X,X
OZTISLJ,X,O,O,X,X
OZTISJL,X,X,O,X,X
OZTLIJS,X,O,O,X,X
OZTLISJ,X,O,O,X,X
OZTLJIS,X,O,O,X,X
OZTLJSI,X,O,O,X,X
OZTLSIJ,X,O,O,X,X
OZTLSJI,X,X,O,X,X
OZTJILS,X,O,O,X,X
OZTJISL,X,O,O,X,X
OZTJLIS,X,O,O,X,X
OZTJLSI,X,O,O,X,X
OZTJSIL,X,O,O,X,X
OZTJSLI,X,O,O,X,X
OZTSILJ,X,O,O,X,X
OZTSIJL,X,X,O,X,X
OZTSLIJ,X,O,O,X,X
OZTSLJI,X,X,O,X,X
OZTSJIL,X,X,O,X,X
OZTSJLI,X,X,O,X,X
OZITLJS,X,O,O,X,X
OZITLSJ,X,O,O,X,X
OZITJLS,X,O,O,X,X
OZITJSL,X,O,O,X,X
OZITSLJ,X,O,O,X,X
OZITSJL,X,X,O,X,X
OZILTJS,X,O,O,X,X
OZILTSJ,X,O,O,X,X
OZILJTS,X,O,X,X,X
OZILJST,X,O,X,X,X
OZILSTJ,X,O,O,X,O
OZILSJT,X,O,X,X,X
OZIJTLS,X,O,X,X,X
OZIJTSL,X,O,X,X,X
OZIJLTS,X,O,X,X,X
OZIJLST,X,O,X,X,X
OZIJSTL,X,O,X,X,X
OZIJSLT,X,O,X,X,X
OZISTLJ,X,O,O,X,O
OZISTJL,X,X,O,X,O
OZISLTJ,X,O,O,X,O
OZISLJT,X,O,X,X,X
OZISJTL,X,O,X,X,X
OZISJLT,X,O,X,X,X
OZLTIJS,X,O,O,X,X
OZLTISJ,X,O,O,X,X
OZLTJIS,X,O,O,X,X
OZLTJSI,X,O,O,X,X
OZLTSIJ,X,O,O,X,X
OZLTSJI,X,X,O,X,X
OZLITJS,X,O,O,X,X
OZLITSJ,X,O,O,X,X
OZLIJTS,X,O,X,X,X
OZLIJST,X,O,X,X,X
OZLISTJ,X,O,O,X,O
OZLISJT,X,O,X,X,X
OZLJTIS,X,O,X,X,X
OZLJTSI,X,O,X,X,X
OZLJITS,X,O,X,X,X
OZLJIST,X,O,X,X,X
OZLJSTI,X,O,X,X,X
OZLJSIT,X,O,X,X,X
OZLSTIJ,X,O,O,X,O
OZLSTJI,X,X,O,X,O
OZLSITJ,X,O,O,X,O
OZLSIJT,X,O,X,X,X
OZLSJTI,X,O,X,X,X
OZLSJIT,X,O,X,X,X
OZJTILS,X,O,X,X,X
OZJTISL,X,O,X,X,X
OZJTLIS,X,O,X,X,X
OZJTLSI,X,O,X,X,X
OZJTSIL,X,O,X,X,X
OZJTSLI,X,O,X,X,X
OZJITLS,X,O,X,X,X
OZJITSL,X,O,X,X,X
OZJILTS,X,O,X,X,X
OZJILST,X,O,X,X,X
OZJISTL,X,O,X,X,X
OZJISLT,X,O,X,X,X
OZJLTIS,X,O,X,X,X
OZJLTSI,X,O,X,X,X
OZJLITS,X,O,X,X,X
OZJLIST,X,O,X,X,X
OZJLSTI,X,O,X,X,X
OZJLSIT,X,O,X,X,X
OZJSTIL,X,O,X,X,X
OZJSTLI,X,O,X,X,X
OZJSITL,X,O,X,X,X
OZJSILT,X,O,X,X,X
OZJSLTI,X,O,X,X,X
OZJSLIT,X,O,X,X,X
OZSTILJ,X,O,O,X,O
OZSTIJL,X,X,O,X,O
OZSTLIJ,X,O,O,X,O
OZSTLJI,X,X,O,X,O
OZSTJIL,X,X,O,X,O
OZSTJLI,X,X,O,X,O
OZSITLJ,X,O,O,X,O
OZSITJL,X,X,O,X,O
OZSILTJ,X,O,O,X,O
OZSILJT,X,O,X,X,X
OZSIJTL,X,O,X,X,X
OZSIJLT,X,O,X,X,X
OZSLTIJ,X,O,O,X,O
OZSLTJI,X,X,O,X,O
OZSLITJ,X,O,O,X,O
OZSLIJT,X,O,X,X,X
OZSLJTI,X,O,X,X,X
OZSLJIT,X,O,X,X,X
OZSJTIL,X,O,X,X,X
OZSJTLI,X,O,X,X,X
OZSJITL,X,O,X,X,X
OZSJILT,X,O,X,X,X
OZSJLTI,X,O,X,X,X
OZSJLIT,X,O,X,X,X
