sequence,v115@HhA8BeA8FeD8FeE8DeA8Je0/IvhFxgB/nB+oBTmBVx?BatB,v115@HhA8BeA8FeD8FeE8DeA8Je0/IvhFxgB6nBTjBmrBXt?BlrB,v115@HhA8BeA8FeD8FeE8DeA8Je0/IvhFxgB6oBTmBmsBls?BXsB,v115@HhA8BeA8FeD8FeE8DeA8Je0/IvhFmgBxiBStBlrBfs?BzsB,v115@HhA8BeA8FeD8FeE8DeA8Je0/IvhFxgB/rBFnBStBOt?BTsB
TILJSZO,X,X,X,O,X
TILJSOZ,X,X,X,O,X
TILJZSO,X,X,X,O,X
TILJZOS,X,X,X,O,X
TILJOSZ,X,X,X,O,X
TILJOZS,X,X,X,O,X
TILSJZO,X,X,X,O,O
TILSJOZ,X,X,X,O,O
TILSZJO,X,X,X,O,O
TILSZOJ,X,X,X,O,O
TILSOJZ,X,X,X,O,O
TILSOZJ,X,X,X,O,O
TILZJSO,X,X,X,O,X
TILZJOS,X,X,X,O,X
TILZSJO,X,X,X,O,O
TILZSOJ,X,X,X,O,O
TILZOJS,X,X,O,O,X
TILZOSJ,X,X,X,O,X
TILOJSZ,X,X,O,O,X
TILOJZS,X,X,O,O,X
TILOSJZ,X,X,X,O,X
TILOSZJ,X,X,X,O,X
TILOZJS,X,X,O,O,X
TILOZSJ,X,X,X,O,X
TIJLSZO,X,X,X,O,X
TIJLSOZ,X,X,X,O,X
TIJLZSO,X,X,X,O,X
TIJLZOS,X,X,X,O,X
TIJLOSZ,X,X,X,O,X
TIJLOZS,X,X,X,O,X
TIJSLZO,X,O,X,X,X
TIJSLOZ,X,O,X,X,X
TIJSZLO,X,O,X,X,X
TIJSZOL,O,O,X,X,X
TIJSOLZ,O,O,X,X,X
TIJSOZL,O,O,X,X,X
TIJZLSO,X,X,X,O,X
TIJZLOS,X,X,X,O,X
TIJZSLO,X,O,X,X,X
TIJZSOL,O,O,X,X,X
TIJZOLS,O,X,X,X,X
TIJZOSL,O,X,X,X,X
TIJOLSZ,O,X,X,X,X
TIJOLZS,O,X,X,X,X
TIJOSLZ,O,X,X,X,X
TIJOSZL,O,X,X,X,X
TIJOZLS,O,X,X,X,X
TIJOZSL,O,X,X,X,X
TISLJZO,X,X,X,X,O
TISLJOZ,X,X,X,X,O
TISLZJO,X,X,X,X,O
TISLZOJ,X,O,X,X,O
TISLOJZ,X,X,X,X,O
TISLOZJ,X,O,X,X,O
TISJLZO,X,O,X,X,O
TISJLOZ,X,O,X,X,O
TISJZLO,X,O,X,X,O
TISJZOL,O,O,X,X,X
TISJOLZ,O,O,X,X,X
TISJOZL,O,O,X,X,X
TISZLJO,X,X,X,X,O
TISZLOJ,X,O,X,X,O
TISZJLO,X,O,X,X,O
TISZJOL,O,O,X,X,X
TISZOLJ,O,O,X,X,O
TISZOJL,O,O,X,X,X
TISOLJZ,O,X,X,X,O
TISOLZJ,O,O,X,X,O
TISOJLZ,O,O,X,X,X
TISOJZL,O,O,X,X,X
TISOZLJ,O,O,X,X,O
TISOZJL,O,O,X,X,X
TIZLJSO,X,X,X,O,X
TIZLJOS,X,X,X,O,X
TIZLSJO,X,X,X,O,O
TIZLSOJ,X,X,X,O,O
TIZLOJS,X,X,O,O,X
TIZLOSJ,X,X,X,O,X
TIZJLSO,X,X,X,O,X
TIZJLOS,X,X,X,O,X
TIZJSLO,X,O,X,X,X
TIZJSOL,O,O,X,X,X
TIZJOLS,O,X,X,X,X
TIZJOSL,O,X,X,X,X
TIZSLJO,X,X,X,X,O
TIZSLOJ,X,O,X,X,O
TIZSJLO,X,O,X,X,O
TIZSJOL,O,O,X,X,X
TIZSOLJ,O,O,X,X,O
TIZSOJL,O,O,X,X,X
TIZOLJS,O,X,O,X,X
TIZOLSJ,O,X,X,X,X
TIZOJLS,O,X,O,X,X
TIZOJSL,O,X,X,X,X
TIZOSLJ,O,X,X,X,X
TIZOSJL,O,X,X,X,X
TIOLJSZ,O,X,O,X,X
TIOLJZS,O,X,O,X,X
TIOLSJZ,O,X,X,X,X
TIOLSZJ,O,X,X,X,X
TIOLZJS,O,X,O,X,X
TIOLZSJ,O,X,X,X,X
TIOJLSZ,O,X,O,X,X
TIOJLZS,O,X,O,X,X
TIOJSLZ,O,X,X,X,X
TIOJSZL,O,X,X,X,X
TIOJZLS,O,X,O,X,X
TIOJZSL,O,X,X,X,X
TIOSLJZ,O,X,X,X,X
TIOSLZJ,O,X,X,X,X
TIOSJLZ,O,X,X,X,X
TIOSJZL,O,X,X,X,X
TIOSZLJ,O,X,X,X,X
TIOSZJL,O,X,X,X,X
TIOZLJS,O,X,O,X,X
TIOZLSJ,O,X,X,X,X
TIOZJLS,O,X,O,X,X
TIOZJSL,O,X,X,X,X
TIOZSLJ,O,X,X,X,X
TIOZSJL,O,X,X,X,X
TLIJSZO,X,X,X,O,X
TLIJSOZ,X,X,X,O,X
TLIJZSO,X,X,X,O,X
TLIJZOS,X,X,X,O,X
TLIJOSZ,X,X,X,O,X
TLIJOZS,X,X,X,O,X
TLISJZO,X,X,X,O,O
TLISJOZ,X,X,X,O,O
TLISZJO,X,X,X,O,O
TLISZOJ,X,X,X,O,O
TLISOJZ,X,X,X,O,O
TLISOZJ,X,X,X,O,O
TLIZJSO,X,X,X,O,X
TLIZJOS,X,X,X,O,X
TLIZSJO,X,X,X,O,O
TLIZSOJ,X,X,X,O,O
TLIZOJS,X,X,O,O,X
TLIZOSJ,X,X,X,O,X
TLIOJSZ,X,X,O,O,X
TLIOJZS,X,X,O,O,X
TLIOSJZ,X,X,X,O,X
TLIOSZJ,X,X,X,O,X
TLIOZJS,X,X,O,O,X
TLIOZSJ,X,X,X,O,X
TLJISZO,X,X,X,O,X
TLJISOZ,X,X,X,O,X
TLJIZSO,X,X,X,O,X
TLJIZOS,X,X,X,O,X
TLJIOSZ,X,X,X,O,X
TLJIOZS,X,X,X,O,X
TLJSIZO,X,X,X,O,X
TLJSIOZ,X,X,X,O,X
TLJSZIO,X,X,X,O,X
TLJSZOI,O,X,X,O,X
TLJSOIZ,O,X,X,O,X
TLJSOZI,O,X,X,O,X
TLJZISO,X,X,X,O,X
TLJZIOS,X,X,X,O,X
TLJZSIO,X,X,X,O,X
TLJZSOI,O,X,X,O,X
TLJZOIS,O,X,O,O,X
TLJZOSI,O,X,O,O,X
TLJOISZ,O,X,O,O,X
TLJOIZS,O,X,O,O,X
TLJOSIZ,O,X,O,O,X
TLJOSZI,O,X,O,O,X
TLJOZIS,O,X,O,O,X
TLJOZSI,O,X,O,O,X
TLSIJZO,X,X,X,O,O
TLSIJOZ,X,X,X,O,O
TLSIZJO,X,X,X,O,O
TLSIZOJ,X,X,X,O,O
TLSIOJZ,X,X,X,O,O
TLSIOZJ,X,X,X,O,O
TLSJIZO,X,X,X,O,O
TLSJIOZ,X,X,X,O,O
TLSJZIO,X,X,X,O,O
TLSJZOI,O,X,X,O,O
TLSJOIZ,O,X,X,O,O
TLSJOZI,O,X,X,O,O
TLSZIJO,X,X,X,O,O
TLSZIOJ,X,X,X,O,O
TLSZJIO,X,X,X,O,O
TLSZJOI,O,X,X,O,O
TLSZOIJ,O,X,X,O,O
TLSZOJI,O,X,X,O,O
TLSOIJZ,O,X,X,O,O
TLSOIZJ,O,X,X,O,O
TLSOJIZ,O,X,X,O,O
TLSOJZI,O,X,X,O,O
TLSOZIJ,O,X,X,O,O
TLSOZJI,O,X,X,O,O
TLZIJSO,X,X,X,O,X
TLZIJOS,X,X,X,O,X
TLZISJO,X,X,X,O,O
TLZISOJ,X,X,X,O,O
TLZIOJS,X,X,O,O,X
TLZIOSJ,X,X,X,O,X
TLZJISO,X,X,X,O,X
TLZJIOS,X,X,X,O,X
TLZJSIO,X,X,X,O,X
TLZJSOI,O,X,X,O,X
TLZJOIS,O,X,O,O,X
TLZJOSI,O,X,O,O,X
TLZSIJO,X,X,X,O,O
TLZSIOJ,X,X,X,O,O
TLZSJIO,X,X,X,O,O
TLZSJOI,O,X,X,O,O
TLZSOIJ,O,X,X,O,O
TLZSOJI,O,X,X,O,O
TLZOIJS,O,X,O,O,X
TLZOISJ,O,X,X,O,X
TLZOJIS,O,X,O,O,X
TLZOJSI,O,X,O,O,X
TLZOSIJ,O,X,X,O,X
TLZOSJI,O,X,X,O,X
TLOIJSZ,O,X,O,O,X
TLOIJZS,O,X,O,O,X
TLOISJZ,O,X,X,O,X
TLOISZJ,O,X,X,O,X
TLOIZJS,O,X,O,O,X
TLOIZSJ,O,X,X,O,X
TLOJISZ,O,X,O,O,X
TLOJIZS,O,X,O,O,X
TLOJSIZ,O,X,O,O,X
TLOJSZI,O,X,O,O,X
TLOJZIS,O,X,O,O,X
TLOJZSI,O,X,O,O,X
TLOSIJZ,O,X,X,O,X
TLOSIZJ,O,X,X,O,X
TLOSJIZ,O,X,X,O,X
TLOSJZI,O,X,X,O,X
TLOSZIJ,O,X,X,O,X
TLOSZJI,O,X,X,O,X
TLOZIJS,O,X,O,O,X
TLOZISJ,O,X,X,O,X
TLOZJIS,O,X,O,O,X
TLOZJSI,O,X,O,O,X
TLOZSIJ,O,X,X,O,X
TLOZSJI,O,X,X,O,X
TJILSZO,X,X,X,O,X
TJILSOZ,X,X,X,O,X
TJILZSO,X,X,X,O,X
TJILZOS,X,X,X,O,X
TJILOSZ,X,X,X,O,X
TJILOZS,X,X,X,O,X
TJISLZO,X,O,X,X,X
TJISLOZ,X,O,X,X,X
TJISZLO,X,O,X,X,X
TJISZOL,O,O,X,X,X
TJISOLZ,O,O,X,X,X
TJISOZL,O,O,X,X,X
TJIZLSO,X,X,X,O,X
TJIZLOS,X,X,X,O,X
TJIZSLO,X,O,X,X,X
TJIZSOL,O,O,X,X,X
TJIZOLS,O,X,X,X,X
TJIZOSL,O,X,X,X,X
TJIOLSZ,O,X,X,X,X
TJIOLZS,O,X,X,X,X
TJIOSLZ,O,X,X,X,X
TJIOSZL,O,X,X,X,X
TJIOZLS,O,X,X,X,X
TJIOZSL,O,X,X,X,X
TJLISZO,X,X,X,O,X
TJLISOZ,X,X,X,O,X
TJLIZSO,X,X,X,O,X
TJLIZOS,X,X,X,O,X
TJLIOSZ,X,X,X,O,X
TJLIOZS,X,X,X,O,X
TJLSIZO,X,X,X,O,X
TJLSIOZ,X,X,X,O,X
TJLSZIO,X,X,X,O,X
TJLSZOI,O,X,X,O,X
TJLSOIZ,O,X,X,O,X
TJLSOZI,O,X,X,O,X
TJLZISO,X,X,X,O,X
TJLZIOS,X,X,X,O,X
TJLZSIO,X,X,X,O,X
TJLZSOI,O,X,X,O,X
TJLZOIS,O,X,O,O,X
TJLZOSI,O,X,O,O,X
TJLOISZ,O,X,O,O,X
TJLOIZS,O,X,O,O,X
TJLOSIZ,O,X,O,O,X
TJLOSZI,O,X,O,O,X
TJLOZIS,O,X,O,O,X
TJLOZSI,O,X,O,O,X
TJSILZO,X,O,X,X,X
TJSILOZ,X,O,X,X,X
TJSIZLO,X,O,X,X,X
TJSIZOL,O,O,X,X,X
TJSIOLZ,O,O,X,X,X
TJSIOZL,O,O,X,X,X
TJSLIZO,X,O,X,O,X
TJSLIOZ,X,O,X,O,X
TJSLZIO,X,O,X,O,X
TJSLZOI,O,O,X,O,X
TJSLOIZ,O,O,X,O,X
TJSLOZI,O,O,X,O,X
TJSZILO,X,O,X,X,X
TJSZIOL,O,O,X,X,X
TJSZLIO,X,O,X,O,X
TJSZLOI,O,O,X,O,X
TJSZOIL,O,O,X,X,X
TJSZOLI,O,O,X,X,X
TJSOILZ,O,O,X,X,X
TJSOIZL,O,O,X,X,X
TJSOLIZ,O,O,X,X,X
TJSOLZI,O,O,X,X,X
TJSOZIL,O,O,X,X,X
TJSOZLI,O,O,X,X,X
TJZILSO,X,X,X,O,X
TJZILOS,X,X,X,O,X
TJZISLO,X,O,X,X,X
TJZISOL,O,O,X,X,X
TJZIOLS,O,X,X,X,X
TJZIOSL,O,X,X,X,X
TJZLISO,X,X,X,O,X
TJZLIOS,X,X,X,O,X
TJZLSIO,X,X,X,O,X
TJZLSOI,O,X,X,O,X
TJZLOIS,O,X,O,O,X
TJZLOSI,O,X,O,O,X
TJZSILO,X,O,X,X,X
TJZSIOL,O,O,X,X,X
TJZSLIO,X,O,X,O,X
TJZSLOI,O,O,X,O,X
TJZSOIL,O,O,X,X,X
TJZSOLI,O,O,X,X,X
TJZOILS,O,X,O,X,X
TJZOISL,O,X,X,X,X
TJZOLIS,O,X,O,O,X
TJZOLSI,O,X,O,O,X
TJZOSIL,O,X,X,X,X
TJZOSLI,O,X,X,X,X
TJOILSZ,O,X,O,X,X
TJOILZS,O,X,O,X,X
TJOISLZ,O,X,X,X,X
TJOISZL,O,X,X,X,X
TJOIZLS,O,X,O,X,X
TJOIZSL,O,X,X,X,X
TJOLISZ,O,X,O,O,X
TJOLIZS,O,X,O,O,X
TJOLSIZ,O,X,O,O,X
TJOLSZI,O,X,O,O,X
TJOLZIS,O,X,O,O,X
TJOLZSI,O,X,O,O,X
TJOSILZ,O,X,X,X,X
TJOSIZL,O,X,X,X,X
TJOSLIZ,O,X,X,X,X
TJOSLZI,O,X,X,X,X
TJOSZIL,O,X,X,X,X
TJOSZLI,O,X,X,X,X
TJOZILS,O,X,O,X,X
TJOZISL,O,X,X,X,X
TJOZLIS,O,X,O,O,X
TJOZLSI,O,X,O,O,X
TJOZSIL,O,X,X,X,X
TJOZSLI,O,X,X,X,X
TSILJZO,X,X,X,X,O
TSILJOZ,X,X,X,X,O
TSILZJO,X,X,X,X,O
TSILZOJ,X,O,X,X,O
TSILOJZ,X,X,X,X,O
TSILOZJ,X,O,X,X,O
TSIJLZO,X,O,X,X,O
TSIJLOZ,X,O,X,X,O
TSIJZLO,X,O,X,X,O
TSIJZOL,O,O,X,X,X
TSIJOLZ,O,O,X,X,X
TSIJOZL,O,O,X,X,X
TSIZLJO,X,X,X,X,O
TSIZLOJ,X,O,X,X,O
TSIZJLO,X,O,X,X,O
TSIZJOL,O,O,X,X,X
TSIZOLJ,O,O,X,X,O
TSIZOJL,O,O,X,X,X
TSIOLJZ,O,X,X,X,O
TSIOLZJ,O,O,X,X,O
TSIOJLZ,O,O,X,X,X
TSIOJZL,O,O,X,X,X
TSIOZLJ,O,O,X,X,O
TSIOZJL,O,O,X,X,X
TSLIJZO,X,X,X,O,O
TSLIJOZ,X,X,X,O,O
TSLIZJO,X,X,X,O,O
TSLIZOJ,X,O,X,O,O
TSLIOJZ,X,X,X,O,O
TSLIOZJ,X,O,X,O,O
TSLJIZO,X,O,X,O,O
TSLJIOZ,X,O,X,O,O
TSLJZIO,X,O,X,O,O
TSLJZOI,O,O,X,O,O
TSLJOIZ,O,O,X,O,O
TSLJOZI,O,O,X,O,O
TSLZIJO,X,X,X,O,O
TSLZIOJ,X,O,X,O,O
TSLZJIO,X,O,X,O,O
TSLZJOI,O,O,X,O,O
TSLZOIJ,O,O,X,O,O
TSLZOJI,O,O,X,O,O
TSLOIJZ,O,X,X,O,O
TSLOIZJ,O,O,X,O,O
TSLOJIZ,O,O,X,O,O
TSLOJZI,O,O,X,O,O
TSLOZIJ,O,O,X,O,O
TSLOZJI,O,O,X,O,O
TSJILZO,X,O,X,X,O
TSJILOZ,X,O,X,X,O
TSJIZLO,X,O,X,X,O
TSJIZOL,O,O,X,X,X
TSJIOLZ,O,O,X,X,X
TSJIOZL,O,O,X,X,X
TSJLIZO,X,O,X,O,O
TSJLIOZ,X,O,X,O,O
TSJLZIO,X,O,X,O,O
TSJLZOI,O,O,X,O,O
TSJLOIZ,O,O,X,O,O
TSJLOZI,O,O,X,O,O
TSJZILO,X,O,X,X,O
TSJZIOL,O,O,X,X,X
TSJZLIO,X,O,X,O,O
TSJZLOI,O,O,X,O,O
TSJZOIL,O,O,X,X,X
TSJZOLI,O,O,X,X,X
TSJOILZ,O,O,X,X,X
TSJOIZL,O,O,X,X,X
TSJOLIZ,O,O,X,X,X
TSJOLZI,O,O,X,X,X
TSJOZIL,O,O,X,X,X
TSJOZLI,O,O,X,X,X
TSZILJO,X,X,X,X,O
TSZILOJ,X,O,X,X,O
TSZIJLO,X,O,X,X,O
TSZIJOL,O,O,X,X,X
TSZIOLJ,O,O,X,X,O
TSZIOJL,O,O,X,X,X
TSZLIJO,X,X,X,O,O
TSZLIOJ,X,O,X,O,O
TSZLJIO,X,O,X,O,O
TSZLJOI,O,O,X,O,O
TSZLOIJ,O,O,X,O,O
TSZLOJI,O,O,X,O,O
TSZJILO,X,O,X,X,O
TSZJIOL,O,O,X,X,X
TSZJLIO,X,O,X,O,O
TSZJLOI,O,O,X,O,O
TSZJOIL,O,O,X,X,X
TSZJOLI,O,O,X,X,X
TSZOILJ,O,O,X,X,O
TSZOIJL,O,O,X,X,X
TSZOLIJ,O,O,X,X,O
TSZOLJI,O,O,X,X,O
TSZOJIL,O,O,X,X,X
TSZOJLI,O,O,X,X,X
TSOILJZ,O,X,X,X,O
TSOILZJ,O,O,X,X,O
TSOIJLZ,O,O,X,X,X
TSOIJZL,O,O,X,X,X
TSOIZLJ,O,O,X,X,O
TSOIZJL,O,O,X,X,X
TSOLIJZ,O,X,X,X,O
TSOLIZJ,O,O,X,X,O
TSOLJIZ,O,O,X,X,O
TSOLJZI,O,O,X,X,O
TSOLZIJ,O,O,X,X,O
TSOLZJI,O,O,X,X,O
TSOJILZ,O,O,X,X,X
TSOJIZL,O,O,X,X,X
TSOJLIZ,O,O,X,X,X
TSOJLZI,O,O,X,X,X
TSOJZIL,O,O,X,X,X
TSOJZLI,O,O,X,X,X
TSOZILJ,O,O,X,X,O
TSOZIJL,O,O,X,X,X
TSOZLIJ,O,O,X,X,O
TSOZLJI,O,O,X,X,O
TSOZJIL,O,O,X,X,X
TSOZJLI,O,O,X,X,X
TZILJSO,X,X,X,O,X
TZILJOS,X,X,X,O,X
TZILSJO,X,X,X,O,O
TZILSOJ,X,X,X,O,O
TZILOJS,X,X,O,O,X
TZILOSJ,X,X,X,O,X
TZIJLSO,X,X,X,O,X
TZIJLOS,X,X,X,O,X
TZIJSLO,X,O,X,X,X
TZIJSOL,O,O,X,X,X
TZIJOLS,O,X,X,X,X
TZIJOSL,O,X,X,X,X
TZISLJO,X,X,X,X,O
TZISLOJ,X,O,X,X,O
TZISJLO,X,O,X,X,O
TZISJOL,O,O,X,X,X
TZISOLJ,O,O,X,X,O
TZISOJL,O,O,X,X,X
TZIOLJS,O,X,O,X,X
TZIOLSJ,O,X,X,X,X
TZIOJLS,O,X,O,X,X
TZIOJSL,O,X,X,X,X
TZIOSLJ,O,X,X,X,X
TZIOSJL,O,X,X,X,X
TZLIJSO,X,X,X,O,X
TZLIJOS,X,X,X,O,X
TZLISJO,X,X,X,O,O
TZLISOJ,X,X,X,O,O
TZLIOJS,X,X,O,O,X
TZLIOSJ,X,X,X,O,X
TZLJISO,X,X,X,O,X
TZLJIOS,X,X,X,O,X
TZLJSIO,X,X,X,O,X
TZLJSOI,O,X,X,O,X
TZLJOIS,O,X,O,O,X
TZLJOSI,O,X,O,O,X
TZLSIJO,X,X,X,O,O
TZLSIOJ,X,X,X,O,O
TZLSJIO,X,X,X,O,O
TZLSJOI,O,X,X,O,O
TZLSOIJ,O,X,X,O,O
TZLSOJI,O,X,X,O,O
TZLOIJS,O,X,O,O,X
TZLOISJ,O,X,X,O,X
TZLOJIS,O,X,O,O,X
TZLOJSI,O,X,O,O,X
TZLOSIJ,O,X,X,O,X
TZLOSJI,O,X,X,O,X
TZJILSO,X,X,X,O,X
TZJILOS,X,X,X,O,X
TZJISLO,X,O,X,X,X
TZJISOL,O,O,X,X,X
TZJIOLS,O,X,X,X,X
TZJIOSL,O,X,X,X,X
TZJLISO,X,X,X,O,X
TZJLIOS,X,X,X,O,X
TZJLSIO,X,X,X,O,X
TZJLSOI,O,X,X,O,X
TZJLOIS,O,X,O,O,X
TZJLOSI,O,X,O,O,X
TZJSILO,X,O,X,X,X
TZJSIOL,O,O,X,X,X
TZJSLIO,X,O,X,O,X
TZJSLOI,O,O,X,O,X
TZJSOIL,O,O,X,X,X
TZJSOLI,O,O,X,X,X
TZJOILS,O,X,O,X,X
TZJOISL,O,X,X,X,X
TZJOLIS,O,X,O,O,X
TZJOLSI,O,X,O,O,X
TZJOSIL,O,X,X,X,X
TZJOSLI,O,X,X,X,X
TZSILJO,X,X,X,X,O
TZSILOJ,X,O,X,X,O
TZSIJLO,X,O,X,X,O
TZSIJOL,O,O,X,X,X
TZSIOLJ,O,O,X,X,O
TZSIOJL,O,O,X,X,X
TZSLIJO,X,X,X,O,O
TZSLIOJ,X,O,X,O,O
TZSLJIO,X,O,X,O,O
TZSLJOI,O,O,X,O,O
TZSLOIJ,O,O,X,O,O
TZSLOJI,O,O,X,O,O
TZSJILO,X,O,X,X,O
TZSJIOL,O,O,X,X,X
TZSJLIO,X,O,X,O,O
TZSJLOI,O,O,X,O,O
TZSJOIL,O,O,X,X,X
TZSJOLI,O,O,X,X,X
TZSOILJ,O,O,X,X,O
TZSOIJL,O,O,X,X,X
TZSOLIJ,O,O,X,X,O
TZSOLJI,O,O,X,X,O
TZSOJIL,O,O,X,X,X
TZSOJLI,O,O,X,X,X
TZOILJS,O,X,O,X,X
TZOILSJ,O,X,X,X,X
TZOIJLS,O,X,O,X,X
TZOIJSL,O,X,X,X,X
TZOISLJ,O,X,X,X,X
TZOISJL,O,X,X,X,X
TZOLIJS,O,X,O,O,X
TZOLISJ,O,X,X,O,X
TZOLJIS,O,X,O,O,X
TZOLJSI,O,X,O,O,X
TZOLSIJ,O,X,X,O,X
TZOLSJI,O,X,X,O,X
TZOJILS,O,X,O,X,X
TZOJISL,O,X,X,X,X
TZOJLIS,O,X,O,O,X
TZOJLSI,O,X,O,O,X
TZOJSIL,O,X,X,X,X
TZOJSLI,O,X,X,X,X
TZOSILJ,O,X,X,X,X
TZOSIJL,O,X,X,X,X
TZOSLIJ,O,X,X,X,X
TZOSLJI,O,X,X,X,X
TZOSJIL,O,X,X,X,X
TZOSJLI,O,X,X,X,X
TOILJSZ,O,X,O,X,X
TOILJZS,O,X,O,X,X
TOILSJZ,O,X,X,X,X
TOILSZJ,O,X,X,X,X
TOILZJS,O,X,O,X,X
TOILZSJ,O,X,X,X,X
TOIJLSZ,O,X,O,X,X
TOIJLZS,O,X,O,X,X
TOIJSLZ,O,X,X,X,X
TOIJSZL,O,X,X,X,X
TOIJZLS,O,X,O,X,X
TOIJZSL,O,X,X,X,X
TOISLJZ,O,X,X,X,X
TOISLZJ,O,X,X,X,X
TOISJLZ,O,X,X,X,X
TOISJZL,O,X,X,X,X
TOISZLJ,O,X,X,X,X
TOISZJL,O,X,X,X,X
TOIZLJS,O,X,O,X,X
TOIZLSJ,O,X,X,X,X
TOIZJLS,O,X,O,X,X
TOIZJSL,O,X,X,X,X
TOIZSLJ,O,X,X,X,X
TOIZSJL,O,X,X,X,X
TOLIJSZ,O,X,O,O,X
TOLIJZS,O,X,O,O,X
TOLISJZ,O,X,X,O,X
TOLISZJ,O,X,X,O,X
TOLIZJS,O,X,O,O,X
TOLIZSJ,O,X,X,O,X
TOLJISZ,O,X,O,O,X
TOLJIZS,O,X,O,O,X
TOLJSIZ,O,X,O,O,X
TOLJSZI,O,X,O,O,X
TOLJZIS,O,X,O,O,X
TOLJZSI,O,X,O,O,X
TOLSIJZ,O,X,X,O,X
TOLSIZJ,O,X,X,O,X
TOLSJIZ,O,X,X,O,X
TOLSJZI,O,X,X,O,X
TOLSZIJ,O,X,X,O,X
TOLSZJI,O,X,X,O,X
TOLZIJS,O,X,O,O,X
TOLZISJ,O,X,X,O,X
TOLZJIS,O,X,O,O,X
TOLZJSI,O,X,O,O,X
TOLZSIJ,O,X,X,O,X
TOLZSJI,O,X,X,O,X
TOJILSZ,O,X,O,X,X
TOJILZS,O,X,O,X,X
TOJISLZ,O,X,X,X,X
TOJISZL,O,X,X,X,X
TOJIZLS,O,X,O,X,X
TOJIZSL,O,X,X,X,X
TOJLISZ,O,X,O,O,X
TOJLIZS,O,X,O,O,X
TOJLSIZ,O,X,O,O,X
TOJLSZI,O,X,O,O,X
TOJLZIS,O,X,O,O,X
TOJLZSI,O,X,O,O,X
TOJSILZ,O,X,X,X,X
TOJSIZL,O,X,X,X,X
TOJSLIZ,O,X,X,X,X
TOJSLZI,O,X,X,X,X
TOJSZIL,O,X,X,X,X
TOJSZLI,O,X,X,X,X
TOJZILS,O,X,O,X,X
TOJZISL,O,X,X,X,X
TOJZLIS,O,X,O,O,X
TOJZLSI,O,X,O,O,X
TOJZSIL,O,X,X,X,X
TOJZSLI,O,X,X,X,X
TOSILJZ,O,X,X,X,X
TOSILZJ,O,X,X,X,X
TOSIJLZ,O,X,X,X,X
TOSIJZL,O,X,X,X,X
TOSIZLJ,O,X,X,X,X
TOSIZJL,O,X,X,X,X
TOSLIJZ,O,X,X,X,X
TOSLIZJ,O,X,X,X,X
TOSLJIZ,O,X,X,X,X
TOSLJZI,O,X,X,X,X
TOSLZIJ,O,X,X,X,X
TOSLZJI,O,X,X,X,X
TOSJILZ,O,X,X,X,X
TOSJIZL,O,X,X,X,X
TOSJLIZ,O,X,X,X,X
TOSJLZI,O,X,X,X,X
TOSJZIL,O,X,X,X,X
TOSJZLI,O,X,X,X,X
TOSZILJ,O,X,X,X,X
TOSZIJL,O,X,X,X,X
TOSZLIJ,O,X,X,X,X
TOSZLJI,O,X,X,X,X
TOSZJIL,O,X,X,X,X
TOSZJLI,O,X,X,X,X
TOZILJS,O,X,O,X,X
TOZILSJ,O,X,X,X,X
TOZIJLS,O,X,O,X,X
TOZIJSL,O,X,X,X,X
TOZISLJ,O,X,X,X,X
TOZISJL,O,X,X,X,X
TOZLIJS,O,X,O,O,X
TOZLISJ,O,X,X,O,X
TOZLJIS,O,X,O,O,X
TOZLJSI,O,X,O,O,X
TOZLSIJ,O,X,X,O,X
TOZLSJI,O,X,X,O,X
TOZJILS,O,X,O,X,X
TOZJISL,O,X,X,X,X
TOZJLIS,O,X,O,O,X
TOZJLSI,O,X,O,O,X
TOZJSIL,O,X,X,X,X
TOZJSLI,O,X,X,X,X
TOZSILJ,O,X,X,X,X
TOZSIJL,O,X,X,X,X
TOZSLIJ,O,X,X,X,X
TOZSLJI,O,X,X,X,X
TOZSJIL,O,X,X,X,X
TOZSJLI,O,X,X,X,X
ITLJSZO,X,X,X,O,X
ITLJSOZ,X,X,X,O,X
ITLJZSO,X,X,X,O,X
ITLJZOS,X,X,X,O,X
ITLJOSZ,X,X,X,O,X
ITLJOZS,X,X,X,O,X
ITLSJZO,X,X,X,O,O
ITLSJOZ,X,X,X,O,O
ITLSZJO,X,X,X,O,O
ITLSZOJ,X,X,X,O,O
ITLSOJZ,X,X,X,O,O
ITLSOZJ,X,X,X,O,O
ITLZJSO,X,X,X,O,X
ITLZJOS,X,X,X,O,X
ITLZSJO,X,X,X,O,O
ITLZSOJ,X,X,X,O,O
ITLZOJS,X,X,O,O,X
ITLZOSJ,X,X,X,O,X
ITLOJSZ,X,X,O,O,X
ITLOJZS,X,X,O,O,X
ITLOSJZ,X,X,X,O,X
ITLOSZJ,X,X,X,O,X
ITLOZJS,X,X,O,O,X
ITLOZSJ,X,X,X,O,X
ITJLSZO,X,X,X,O,X
ITJLSOZ,X,X,X,O,X
ITJLZSO,X,X,X,O,X
ITJLZOS,X,X,X,O,X
ITJLOSZ,X,X,X,O,X
ITJLOZS,X,X,X,O,X
ITJSLZO,X,O,X,X,X
ITJSLOZ,X,O,X,X,X
ITJSZLO,X,O,X,X,X
ITJSZOL,O,O,X,X,X
ITJSOLZ,O,O,X,X,X
ITJSOZL,O,O,X,X,X
ITJZLSO,X,X,X,O,X
ITJZLOS,X,X,X,O,X
ITJZSLO,X,O,X,X,X
ITJZSOL,O,O,X,X,X
ITJZOLS,O,X,X,X,X
ITJZOSL,O,X,X,X,X
ITJOLSZ,O,X,X,X,X
ITJOLZS,O,X,X,X,X
ITJOSLZ,O,X,X,X,X
ITJOSZL,O,X,X,X,X
ITJOZLS,O,X,X,X,X
ITJOZSL,O,X,X,X,X
ITSLJZO,X,X,X,X,O
ITSLJOZ,X,X,X,X,O
ITSLZJO,X,X,X,X,O
ITSLZOJ,X,O,X,X,O
ITSLOJZ,X,X,X,X,O
ITSLOZJ,X,O,X,X,O
ITSJLZO,X,O,X,X,O
ITSJLOZ,X,O,X,X,O
ITSJZLO,X,O,X,X,O
ITSJZOL,O,O,X,X,X
ITSJOLZ,O,O,X,X,X
ITSJOZL,O,O,X,X,X
ITSZLJO,X,X,X,X,O
ITSZLOJ,X,O,X,X,O
ITSZJLO,X,O,X,X,O
ITSZJOL,O,O,X,X,X
ITSZOLJ,O,O,X,X,O
ITSZOJL,O,O,X,X,X
ITSOLJZ,O,X,X,X,O
ITSOLZJ,O,O,X,X,O
ITSOJLZ,O,O,X,X,X
ITSOJZL,O,O,X,X,X
ITSOZLJ,O,O,X,X,O
ITSOZJL,O,O,X,X,X
ITZLJSO,X,X,X,O,X
ITZLJOS,X,X,X,O,X
ITZLSJO,X,X,X,O,O
ITZLSOJ,X,X,X,O,O
ITZLOJS,X,X,O,O,X
ITZLOSJ,X,X,X,O,X
ITZJLSO,X,X,X,O,X
ITZJLOS,X,X,X,O,X
ITZJSLO,X,O,X,X,X
ITZJSOL,O,O,X,X,X
ITZJOLS,O,X,X,X,X
ITZJOSL,O,X,X,X,X
ITZSLJO,X,X,X,X,O
ITZSLOJ,X,O,X,X,O
ITZSJLO,X,O,X,X,O
ITZSJOL,O,O,X,X,X
ITZSOLJ,O,O,X,X,O
ITZSOJL,O,O,X,X,X
ITZOLJS,O,X,O,X,X
ITZOLSJ,O,X,X,X,X
ITZOJLS,O,X,O,X,X
ITZOJSL,O,X,X,X,X
ITZOSLJ,O,X,X,X,X
ITZOSJL,O,X,X,X,X
ITOLJSZ,O,X,O,X,X
ITOLJZS,O,X,O,X,X
ITOLSJZ,O,X,X,X,X
ITOLSZJ,O,X,X,X,X
ITOLZJS,O,X,O,X,X
ITOLZSJ,O,X,X,X,X
ITOJLSZ,O,X,O,X,X
ITOJLZS,O,X,O,X,X
ITOJSLZ,O,X,X,X,X
ITOJSZL,O,X,X,X,X
ITOJZLS,O,X,O,X,X
ITOJZSL,O,X,X,X,X
ITOSLJZ,O,X,X,X,X
ITOSLZJ,O,X,X,X,X
ITOSJLZ,O,X,X,X,X
ITOSJZL,O,X,X,X,X
ITOSZLJ,O,X,X,X,X
ITOSZJL,O,X,X,X,X
ITOZLJS,O,X,O,X,X
ITOZLSJ,O,X,X,X,X
ITOZJLS,O,X,O,X,X
ITOZJSL,O,X,X,X,X
ITOZSLJ,O,X,X,X,X
ITOZSJL,O,X,X,X,X
ILTJSZO,X,X,X,O,X
ILTJSOZ,X,X,X,O,X
ILTJZSO,X,X,X,O,X
ILTJZOS,X,X,X,O,X
ILTJOSZ,X,X,X,O,X
ILTJOZS,X,X,X,O,X
ILTSJZO,X,X,X,O,O
ILTSJOZ,X,X,X,O,O
ILTSZJO,X,X,X,O,O
ILTSZOJ,X,X,X,O,O
ILTSOJZ,X,X,X,O,O
ILTSOZJ,X,X,X,O,O
ILTZJSO,X,X,X,O,X
ILTZJOS,X,X,X,O,X
ILTZSJO,X,X,X,O,O
ILTZSOJ,X,X,X,O,O
ILTZOJS,X,X,O,O,X
ILTZOSJ,X,X,X,O,X
ILTOJSZ,X,X,O,O,X
ILTOJZS,X,X,O,O,X
ILTOSJZ,X,X,X,O,X
ILTOSZJ,X,X,X,O,X
ILTOZJS,X,X,O,O,X
ILTOZSJ,X,X,X,O,X
ILJTSZO,X,X,X,O,X
ILJTSOZ,X,X,X,O,X
ILJTZSO,X,X,X,O,X
ILJTZOS,X,X,X,O,X
ILJTOSZ,X,X,X,O,X
ILJTOZS,X,X,X,O,X
ILJSTZO,X,O,X,X,O
ILJSTOZ,X,O,X,X,O
ILJSZTO,X,O,X,X,O
ILJSZOT,X,O,X,X,X
ILJSOTZ,X,O,X,X,X
ILJSOZT,X,O,X,X,X
ILJZTSO,X,X,X,O,X
ILJZTOS,X,X,X,O,X
ILJZSTO,X,O,X,X,O
ILJZSOT,X,O,X,X,X
ILJZOTS,O,X,O,X,X
ILJZOST,X,X,O,X,X
ILJOTSZ,O,X,O,X,X
ILJOTZS,O,X,O,X,X
ILJOSTZ,X,X,O,X,X
ILJOSZT,X,X,O,X,X
ILJOZTS,O,X,O,X,X
ILJOZST,X,X,O,X,X
ILSTJZO,X,X,X,X,O
ILSTJOZ,X,X,X,X,O
ILSTZJO,X,X,X,X,O
ILSTZOJ,X,O,X,X,O
ILSTOJZ,X,X,X,X,O
ILSTOZJ,X,O,X,X,O
ILSJTZO,X,O,X,X,O
ILSJTOZ,X,O,X,X,O
ILSJZTO,X,O,X,X,O
ILSJZOT,X,O,X,X,X
ILSJOTZ,X,O,X,X,X
ILSJOZT,X,O,X,X,X
ILSZTJO,X,X,X,X,O
ILSZTOJ,X,O,X,X,O
ILSZJTO,X,O,X,X,O
ILSZJOT,X,O,X,X,X
ILSZOTJ,X,O,X,X,O
ILSZOJT,X,O,O,X,X
ILSOTJZ,X,X,X,X,O
ILSOTZJ,X,O,X,X,O
ILSOJTZ,X,O,O,X,X
ILSOJZT,X,O,O,X,X
ILSOZTJ,X,O,X,X,O
ILSOZJT,X,O,O,X,X
ILZTJSO,X,X,X,O,X
ILZTJOS,X,X,X,O,X
ILZTSJO,X,X,X,O,O
ILZTSOJ,X,X,X,O,O
ILZTOJS,X,X,O,O,X
ILZTOSJ,X,X,X,O,X
ILZJTSO,X,X,X,O,X
ILZJTOS,X,X,X,O,X
ILZJSTO,X,O,X,X,O
ILZJSOT,X,O,X,X,X
ILZJOTS,O,X,O,X,X
ILZJOST,X,X,O,X,X
ILZSTJO,X,X,X,X,O
ILZSTOJ,X,O,X,X,O
ILZSJTO,X,O,X,X,O
ILZSJOT,X,O,X,X,X
ILZSOTJ,X,O,X,X,O
ILZSOJT,X,O,O,X,X
ILZOTJS,O,X,O,X,X
ILZOTSJ,O,X,X,X,X
ILZOJTS,O,X,O,X,X
ILZOJST,X,X,O,X,X
ILZOSTJ,X,X,X,X,O
ILZOSJT,X,X,O,X,X
ILOTJSZ,O,X,O,X,X
ILOTJZS,O,X,O,X,X
ILOTSJZ,O,X,X,X,X
ILOTSZJ,O,X,X,X,X
ILOTZJS,O,X,O,X,X
ILOTZSJ,O,X,X,X,X
ILOJTSZ,O,X,O,X,X
ILOJTZS,O,X,O,X,X
ILOJSTZ,X,X,O,X,X
ILOJSZT,X,X,O,X,X
ILOJZTS,O,X,O,X,X
ILOJZST,X,X,O,X,X
ILOSTJZ,X,X,X,X,O
ILOSTZJ,X,X,X,X,O
ILOSJTZ,X,X,O,X,X
ILOSJZT,X,X,O,X,X
ILOSZTJ,X,X,X,X,O
ILOSZJT,X,X,O,X,X
ILOZTJS,O,X,O,X,X
ILOZTSJ,O,X,X,X,X
ILOZJTS,O,X,O,X,X
ILOZJST,X,X,O,X,X
ILOZSTJ,X,X,X,X,O
ILOZSJT,X,X,O,X,X
IJTLSZO,X,X,X,O,X
IJTLSOZ,X,X,X,O,X
IJTLZSO,X,X,X,O,X
IJTLZOS,X,X,X,O,X
IJTLOSZ,X,X,X,O,X
IJTLOZS,X,X,X,O,X
IJTSLZO,X,O,X,X,X
IJTSLOZ,X,O,X,X,X
IJTSZLO,X,O,X,X,X
IJTSZOL,O,O,X,X,X
IJTSOLZ,O,O,X,X,X
IJTSOZL,O,O,X,X,X
IJTZLSO,X,X,X,O,X
IJTZLOS,X,X,X,O,X
IJTZSLO,X,O,X,X,X
IJTZSOL,O,O,X,X,X
IJTZOLS,O,X,X,X,X
IJTZOSL,O,X,X,X,X
IJTOLSZ,O,X,X,X,X
IJTOLZS,O,X,X,X,X
IJTOSLZ,O,X,X,X,X
IJTOSZL,O,X,X,X,X
IJTOZLS,O,X,X,X,X
IJTOZSL,O,X,X,X,X
IJLTSZO,X,X,X,O,X
IJLTSOZ,X,X,X,O,X
IJLTZSO,X,X,X,O,X
IJLTZOS,X,X,X,O,X
IJLTOSZ,X,X,X,O,X
IJLTOZS,X,X,X,O,X
IJLSTZO,X,O,X,X,O
IJLSTOZ,X,O,X,X,O
IJLSZTO,X,O,X,X,O
IJLSZOT,X,O,X,X,X
IJLSOTZ,X,O,X,X,X
IJLSOZT,X,O,X,X,X
IJLZTSO,X,X,X,O,X
IJLZTOS,X,X,X,O,X
IJLZSTO,X,O,X,X,O
IJLZSOT,X,O,X,X,X
IJLZOTS,O,X,O,X,X
IJLZOST,X,X,O,X,X
IJLOTSZ,O,X,O,X,X
IJLOTZS,O,X,O,X,X
IJLOSTZ,X,X,O,X,X
IJLOSZT,X,X,O,X,X
IJLOZTS,O,X,O,X,X
IJLOZST,X,X,O,X,X
IJSTLZO,X,O,X,X,O
IJSTLOZ,X,O,X,X,O
IJSTZLO,X,O,X,X,O
IJSTZOL,X,O,X,X,X
IJSTOLZ,X,O,X,X,X
IJSTOZL,X,O,X,X,X
IJSLTZO,X,O,X,X,O
IJSLTOZ,X,O,X,X,O
IJSLZTO,X,O,X,X,O
IJSLZOT,X,O,X,X,X
IJSLOTZ,X,O,X,X,X
IJSLOZT,X,O,X,X,X
IJSZTLO,X,O,X,X,O
IJSZTOL,X,O,X,X,X
IJSZLTO,X,O,X,X,O
IJSZLOT,X,O,X,X,X
IJSZOTL,O,O,X,X,X
IJSZOLT,X,O,X,X,X
IJSOTLZ,O,O,X,X,X
IJSOTZL,O,O,X,X,X
IJSOLTZ,X,O,X,X,X
IJSOLZT,X,O,X,X,X
IJSOZTL,O,O,X,X,X
IJSOZLT,X,O,X,X,X
IJZTLSO,X,X,X,O,X
IJZTLOS,X,X,X,O,X
IJZTSLO,X,O,X,X,X
IJZTSOL,O,O,X,X,X
IJZTOLS,O,X,X,X,X
IJZTOSL,O,X,X,X,X
IJZLTSO,X,X,X,O,X
IJZLTOS,X,X,X,O,X
IJZLSTO,X,O,X,X,O
IJZLSOT,X,O,X,X,X
IJZLOTS,O,X,O,X,X
IJZLOST,X,X,O,X,X
IJZSTLO,X,O,X,X,O
IJZSTOL,X,O,X,X,X
IJZSLTO,X,O,X,X,O
IJZSLOT,X,O,X,X,X
IJZSOTL,O,O,X,X,X
IJZSOLT,X,O,X,X,X
IJZOTLS,O,X,O,X,X
IJZOTSL,O,X,X,X,X
IJZOLTS,O,X,O,X,X
IJZOLST,X,X,O,X,X
IJZOSTL,O,O,X,X,X
IJZOSLT,X,O,O,X,X
IJOTLSZ,O,X,O,X,X
IJOTLZS,O,X,O,X,X
IJOTSLZ,O,X,X,X,X
IJOTSZL,O,X,X,X,X
IJOTZLS,O,X,O,X,X
IJOTZSL,O,X,X,X,X
IJOLTSZ,O,X,O,X,X
IJOLTZS,O,X,O,X,X
IJOLSTZ,X,X,O,X,X
IJOLSZT,X,X,O,X,X
IJOLZTS,O,X,O,X,X
IJOLZST,X,X,O,X,X
IJOSTLZ,O,O,X,X,X
IJOSTZL,O,O,X,X,X
IJOSLTZ,X,O,O,X,X
IJOSLZT,X,O,O,X,X
IJOSZTL,O,O,X,X,X
IJOSZLT,X,O,O,X,X
IJOZTLS,O,X,O,X,X
IJOZTSL,O,X,X,X,X
IJOZLTS,O,X,O,X,X
IJOZLST,X,X,O,X,X
IJOZSTL,O,O,X,X,X
IJOZSLT,X,O,O,X,X
ISTLJZO,X,X,X,X,O
ISTLJOZ,X,X,X,X,O
ISTLZJO,X,X,X,X,O
ISTLZOJ,X,O,X,X,O
ISTLOJZ,X,X,X,X,O
ISTLOZJ,X,O,X,X,O
ISTJLZO,X,O,X,X,O
ISTJLOZ,X,O,X,X,O
ISTJZLO,X,O,X,X,O
ISTJZOL,X,O,X,X,X
ISTJOLZ,X,O,X,X,X
ISTJOZL,X,O,X,X,X
ISTZLJO,X,X,X,X,O
ISTZLOJ,X,O,X,X,O
ISTZJLO,X,O,X,X,O
ISTZJOL,X,O,X,X,X
ISTZOLJ,X,O,X,X,O
ISTZOJL,X,O,X,X,X
ISTOLJZ,X,X,X,X,O
ISTOLZJ,X,O,X,X,O
ISTOJLZ,X,O,X,X,X
ISTOJZL,X,O,X,X,X
ISTOZLJ,X,O,X,X,O
ISTOZJL,X,O,X,X,X
ISLTJZO,X,X,X,X,O
ISLTJOZ,X,X,X,X,O
ISLTZJO,X,X,X,X,O
ISLTZOJ,X,O,X,X,O
ISLTOJZ,X,X,X,X,O
ISLTOZJ,X,O,X,X,O
ISLJTZO,X,O,X,X,O
ISLJTOZ,X,O,X,X,O
ISLJZTO,X,O,X,X,O
ISLJZOT,X,O,X,X,X
ISLJOTZ,X,O,X,X,X
ISLJOZT,X,O,X,X,X
ISLZTJO,X,X,X,X,O
ISLZTOJ,X,O,X,X,O
ISLZJTO,X,O,X,X,O
ISLZJOT,X,O,X,X,X
ISLZOTJ,X,O,X,X,O
ISLZOJT,X,O,O,X,X
ISLOTJZ,X,X,X,X,O
ISLOTZJ,X,O,X,X,O
ISLOJTZ,X,O,O,X,X
ISLOJZT,X,O,O,X,X
ISLOZTJ,X,O,X,X,O
ISLOZJT,X,O,O,X,X
ISJTLZO,X,O,X,X,O
ISJTLOZ,X,O,X,X,O
ISJTZLO,X,O,X,X,O
ISJTZOL,X,O,X,X,X
ISJTOLZ,X,O,X,X,X
ISJTOZL,X,O,X,X,X
ISJLTZO,X,O,X,X,O
ISJLTOZ,X,O,X,X,O
ISJLZTO,X,O,X,X,O
ISJLZOT,X,O,X,X,X
ISJLOTZ,X,O,X,X,X
ISJLOZT,X,O,X,X,X
ISJZTLO,X,O,X,X,O
ISJZTOL,X,O,X,X,X
ISJZLTO,X,O,X,X,O
ISJZLOT,X,O,X,X,X
ISJZOTL,O,O,X,X,X
ISJZOLT,X,O,X,X,X
ISJOTLZ,O,O,X,X,X
ISJOTZL,O,O,X,X,X
ISJOLTZ,X,O,X,X,X
ISJOLZT,X,O,X,X,X
ISJOZTL,O,O,X,X,X
ISJOZLT,X,O,X,X,X
ISZTLJO,X,X,X,X,O
ISZTLOJ,X,O,X,X,O
ISZTJLO,X,O,X,X,O
ISZTJOL,X,O,X,X,X
ISZTOLJ,X,O,X,X,O
ISZTOJL,X,O,X,X,X
ISZLTJO,X,X,X,X,O
ISZLTOJ,X,O,X,X,O
ISZLJTO,X,O,X,X,O
ISZLJOT,X,O,X,X,X
ISZLOTJ,X,O,X,X,O
ISZLOJT,X,O,O,X,X
ISZJTLO,X,O,X,X,O
ISZJTOL,X,O,X,X,X
ISZJLTO,X,O,X,X,O
ISZJLOT,X,O,X,X,X
ISZJOTL,O,O,X,X,X
ISZJOLT,X,O,X,X,X
ISZOTLJ,O,O,X,X,O
ISZOTJL,O,O,X,X,X
ISZOLTJ,X,O,X,X,O
ISZOLJT,X,O,O,X,X
ISZOJTL,O,O,X,X,X
ISZOJLT,X,O,O,X,X
ISOTLJZ,O,X,X,X,O
ISOTLZJ,O,O,X,X,O
ISOTJLZ,O,O,X,X,X
ISOTJZL,O,O,X,X,X
ISOTZLJ,O,O,X,X,O
ISOTZJL,O,O,X,X,X
ISOLTJZ,X,X,X,X,O
ISOLTZJ,X,O,X,X,O
ISOLJTZ,X,O,O,X,X
ISOLJZT,X,O,O,X,X
ISOLZTJ,X,O,X,X,O
ISOLZJT,X,O,O,X,X
ISOJTLZ,O,O,X,X,X
ISOJTZL,O,O,X,X,X
ISOJLTZ,X,O,O,X,X
ISOJLZT,X,O,O,X,X
ISOJZTL,O,O,X,X,X
ISOJZLT,X,O,O,X,X
ISOZTLJ,O,O,X,X,O
ISOZTJL,O,O,X,X,X
ISOZLTJ,X,O,X,X,O
ISOZLJT,X,O,O,X,X
ISOZJTL,O,O,X,X,X
ISOZJLT,X,O,O,X,X
IZTLJSO,X,X,X,O,X
IZTLJOS,X,X,X,O,X
IZTLSJO,X,X,X,O,O
IZTLSOJ,X,X,X,O,O
IZTLOJS,X,X,O,O,X
IZTLOSJ,X,X,X,O,X
IZTJLSO,X,X,X,O,X
IZTJLOS,X,X,X,O,X
IZTJSLO,X,O,X,X,X
IZTJSOL,O,O,X,X,X
IZTJOLS,O,X,X,X,X
IZTJOSL,O,X,X,X,X
IZTSLJO,X,X,X,X,O
IZTSLOJ,X,O,X,X,O
IZTSJLO,X,O,X,X,O
IZTSJOL,O,O,X,X,X
IZTSOLJ,O,O,X,X,O
IZTSOJL,O,O,X,X,X
IZTOLJS,O,X,O,X,X
IZTOLSJ,O,X,X,X,X
IZTOJLS,O,X,O,X,X
IZTOJSL,O,X,X,X,X
IZTOSLJ,O,X,X,X,X
IZTOSJL,O,X,X,X,X
IZLTJSO,X,X,X,O,X
IZLTJOS,X,X,X,O,X
IZLTSJO,X,X,X,O,O
IZLTSOJ,X,X,X,O,O
IZLTOJS,X,X,O,O,X
IZLTOSJ,X,X,X,O,X
IZLJTSO,X,X,X,O,X
IZLJTOS,X,X,X,O,X
IZLJSTO,X,O,X,X,O
IZLJSOT,X,O,X,X,X
IZLJOTS,O,X,O,X,X
IZLJOST,X,X,O,X,X
IZLSTJO,X,X,X,X,O
IZLSTOJ,X,O,X,X,O
IZLSJTO,X,O,X,X,O
IZLSJOT,X,O,X,X,X
IZLSOTJ,X,O,X,X,O
IZLSOJT,X,O,O,X,X
IZLOTJS,O,X,O,X,X
IZLOTSJ,O,X,X,X,X
IZLOJTS,O,X,O,X,X
IZLOJST,X,X,O,X,X
IZLOSTJ,X,X,X,X,O
IZLOSJT,X,X,O,X,X
IZJTLSO,X,X,X,O,X
IZJTLOS,X,X,X,O,X
IZJTSLO,X,O,X,X,X
IZJTSOL,O,O,X,X,X
IZJTOLS,O,X,X,X,X
IZJTOSL,O,X,X,X,X
IZJLTSO,X,X,X,O,X
IZJLTOS,X,X,X,O,X
IZJLSTO,X,O,X,X,O
IZJLSOT,X,O,X,X,X
IZJLOTS,O,X,O,X,X
IZJLOST,X,X,O,X,X
IZJSTLO,X,O,X,X,O
IZJSTOL,X,O,X,X,X
IZJSLTO,X,O,X,X,O
IZJSLOT,X,O,X,X,X
IZJSOTL,O,O,X,X,X
IZJSOLT,X,O,X,X,X
IZJOTLS,O,X,O,X,X
IZJOTSL,O,X,X,X,X
IZJOLTS,O,X,O,X,X
IZJOLST,X,X,O,X,X
IZJOSTL,O,O,X,X,X
IZJOSLT,X,O,O,X,X
IZSTLJO,X,X,X,X,O
IZSTLOJ,X,O,X,X,O
IZSTJLO,X,O,X,X,O
IZSTJOL,X,O,X,X,X
IZSTOLJ,X,O,X,X,O
IZSTOJL,X,O,X,X,X
IZSLTJO,X,X,X,X,O
IZSLTOJ,X,O,X,X,O
IZSLJTO,X,O,X,X,O
IZSLJOT,X,O,X,X,X
IZSLOTJ,X,O,X,X,O
IZSLOJT,X,O,O,X,X
IZSJTLO,X,O,X,X,O
IZSJTOL,X,O,X,X,X
IZSJLTO,X,O,X,X,O
IZSJLOT,X,O,X,X,X
IZSJOTL,O,O,X,X,X
IZSJOLT,X,O,X,X,X
IZSOTLJ,O,O,X,X,O
IZSOTJL,O,O,X,X,X
IZSOLTJ,X,O,X,X,O
IZSOLJT,X,O,O,X,X
IZSOJTL,O,O,X,X,X
IZSOJLT,X,O,O,X,X
IZOTLJS,O,X,O,X,X
IZOTLSJ,O,X,X,X,X
IZOTJLS,O,X,O,X,X
IZOTJSL,O,X,X,X,X
IZOTSLJ,O,X,X,X,X
IZOTSJL,O,X,X,X,X
IZOLTJS,O,X,O,X,X
IZOLTSJ,O,X,X,X,X
IZOLJTS,O,X,O,X,X
IZOLJST,X,X,O,X,X
IZOLSTJ,X,X,X,X,O
IZOLSJT,X,X,O,X,X
IZOJTLS,O,X,O,X,X
IZOJTSL,O,X,X,X,X
IZOJLTS,O,X,O,X,X
IZOJLST,X,X,O,X,X
IZOJSTL,O,O,X,X,X
IZOJSLT,X,O,O,X,X
IZOSTLJ,O,O,X,X,O
IZOSTJL,O,O,X,X,X
IZOSLTJ,X,O,X,X,O
IZOSLJT,X,O,O,X,X
IZOSJTL,O,O,X,X,X
IZOSJLT,X,O,O,X,X
IOTLJSZ,O,X,O,X,X
IOTLJZS,O,X,O,X,X
IOTLSJZ,O,X,X,X,X
IOTLSZJ,O,X,X,X,X
IOTLZJS,O,X,O,X,X
IOTLZSJ,O,X,X,X,X
IOTJLSZ,O,X,O,X,X
IOTJLZS,O,X,O,X,X
IOTJSLZ,O,X,X,X,X
IOTJSZL,O,X,X,X,X
IOTJZLS,O,X,O,X,X
IOTJZSL,O,X,X,X,X
IOTSLJZ,O,X,X,X,X
IOTSLZJ,O,X,X,X,X
IOTSJLZ,O,X,X,X,X
IOTSJZL,O,X,X,X,X
IOTSZLJ,O,X,X,X,X
IOTSZJL,O,X,X,X,X
IOTZLJS,O,X,O,X,X
IOTZLSJ,O,X,X,X,X
IOTZJLS,O,X,O,X,X
IOTZJSL,O,X,X,X,X
IOTZSLJ,O,X,X,X,X
IOTZSJL,O,X,X,X,X
IOLTJSZ,O,X,O,X,X
IOLTJZS,O,X,O,X,X
IOLTSJZ,O,X,X,X,X
IOLTSZJ,O,X,X,X,X
IOLTZJS,O,X,O,X,X
IOLTZSJ,O,X,X,X,X
IOLJTSZ,O,X,O,X,X
IOLJTZS,O,X,O,X,X
IOLJSTZ,X,X,O,X,X
IOLJSZT,X,X,O,X,X
IOLJZTS,O,X,O,X,X
IOLJZST,X,X,O,X,X
IOLSTJZ,X,X,X,X,O
IOLSTZJ,X,X,X,X,O
IOLSJTZ,X,X,O,X,X
IOLSJZT,X,X,O,X,X
IOLSZTJ,X,X,X,X,O
IOLSZJT,X,X,O,X,X
IOLZTJS,O,X,O,X,X
IOLZTSJ,O,X,X,X,X
IOLZJTS,O,X,O,X,X
IOLZJST,X,X,O,X,X
IOLZSTJ,X,X,X,X,O
IOLZSJT,X,X,O,X,X
IOJTLSZ,O,X,O,X,X
IOJTLZS,O,X,O,X,X
IOJTSLZ,O,X,X,X,X
IOJTSZL,O,X,X,X,X
IOJTZLS,O,X,O,X,X
IOJTZSL,O,X,X,X,X
IOJLTSZ,O,X,O,X,X
IOJLTZS,O,X,O,X,X
IOJLSTZ,X,X,O,X,X
IOJLSZT,X,X,O,X,X
IOJLZTS,O,X,O,X,X
IOJLZST,X,X,O,X,X
IOJSTLZ,O,O,X,X,X
IOJSTZL,O,O,X,X,X
IOJSLTZ,X,O,O,X,X
IOJSLZT,X,O,O,X,X
IOJSZTL,O,O,X,X,X
IOJSZLT,X,O,O,X,X
IOJZTLS,O,X,O,X,X
IOJZTSL,O,X,X,X,X
IOJZLTS,O,X,O,X,X
IOJZLST,X,X,O,X,X
IOJZSTL,O,O,X,X,X
IOJZSLT,X,O,O,X,X
IOSTLJZ,O,X,X,X,O
IOSTLZJ,O,O,X,X,O
IOSTJLZ,O,O,X,X,X
IOSTJZL,O,O,X,X,X
IOSTZLJ,O,O,X,X,O
IOSTZJL,O,O,X,X,X
IOSLTJZ,X,X,X,X,O
IOSLTZJ,X,O,X,X,O
IOSLJTZ,X,O,O,X,X
IOSLJZT,X,O,O,X,X
IOSLZTJ,X,O,X,X,O
IOSLZJT,X,O,O,X,X
IOSJTLZ,O,O,X,X,X
IOSJTZL,O,O,X,X,X
IOSJLTZ,X,O,O,X,X
IOSJLZT,X,O,O,X,X
IOSJZTL,O,O,X,X,X
IOSJZLT,X,O,O,X,X
IOSZTLJ,O,O,X,X,O
IOSZTJL,O,O,X,X,X
IOSZLTJ,X,O,X,X,O
IOSZLJT,X,O,O,X,X
IOSZJTL,O,O,X,X,X
IOSZJLT,X,O,O,X,X
IOZTLJS,O,X,O,X,X
IOZTLSJ,O,X,X,X,X
IOZTJLS,O,X,O,X,X
IOZTJSL,O,X,X,X,X
IOZTSLJ,O,X,X,X,X
IOZTSJL,O,X,X,X,X
IOZLTJS,O,X,O,X,X
IOZLTSJ,O,X,X,X,X
IOZLJTS,O,X,O,X,X
IOZLJST,X,X,O,X,X
IOZLSTJ,X,X,X,X,O
IOZLSJT,X,X,O,X,X
IOZJTLS,O,X,O,X,X
IOZJTSL,O,X,X,X,X
IOZJLTS,O,X,O,X,X
IOZJLST,X,X,O,X,X
IOZJSTL,O,O,X,X,X
IOZJSLT,X,O,O,X,X
IOZSTLJ,O,O,X,X,O
IOZSTJL,O,O,X,X,X
IOZSLTJ,X,O,X,X,O
IOZSLJT,X,O,O,X,X
IOZSJTL,O,O,X,X,X
IOZSJLT,X,O,O,X,X
LTIJSZO,X,X,X,O,X
LTIJSOZ,X,X,X,O,X
LTIJZSO,X,X,X,O,X
LTIJZOS,X,X,X,O,X
LTIJOSZ,X,X,X,O,X
LTIJOZS,X,X,X,O,X
LTISJZO,X,X,X,O,O
LTISJOZ,X,X,X,O,O
LTISZJO,X,X,X,O,O
LTISZOJ,X,X,X,O,O
LTISOJZ,X,X,X,O,O
LTISOZJ,X,X,X,O,O
LTIZJSO,X,X,X,O,X
LTIZJOS,X,X,X,O,X
LTIZSJO,X,X,X,O,O
LTIZSOJ,X,X,X,O,O
LTIZOJS,X,X,O,O,X
LTIZOSJ,X,X,X,O,X
LTIOJSZ,X,X,O,O,X
LTIOJZS,X,X,O,O,X
LTIOSJZ,X,X,X,O,X
LTIOSZJ,X,X,X,O,X
LTIOZJS,X,X,O,O,X
LTIOZSJ,X,X,X,O,X
LTJISZO,X,X,X,O,X
LTJISOZ,X,X,X,O,X
LTJIZSO,X,X,X,O,X
LTJIZOS,X,X,X,O,X
LTJIOSZ,X,X,X,O,X
LTJIOZS,X,X,X,O,X
LTJSIZO,X,X,X,O,X
LTJSIOZ,X,X,X,O,X
LTJSZIO,X,X,X,O,X
LTJSZOI,O,X,X,O,X
LTJSOIZ,O,X,X,O,X
LTJSOZI,O,X,X,O,X
LTJZISO,X,X,X,O,X
LTJZIOS,X,X,X,O,X
LTJZSIO,X,X,X,O,X
LTJZSOI,O,X,X,O,X
LTJZOIS,O,X,O,O,X
LTJZOSI,O,X,O,O,X
LTJOISZ,O,X,O,O,X
LTJOIZS,O,X,O,O,X
LTJOSIZ,O,X,O,O,X
LTJOSZI,O,X,O,O,X
LTJOZIS,O,X,O,O,X
LTJOZSI,O,X,O,O,X
LTSIJZO,X,X,X,O,O
LTSIJOZ,X,X,X,O,O
LTSIZJO,X,X,X,O,O
LTSIZOJ,X,X,X,O,O
LTSIOJZ,X,X,X,O,O
LTSIOZJ,X,X,X,O,O
LTSJIZO,X,X,X,O,O
LTSJIOZ,X,X,X,O,O
LTSJZIO,X,X,X,O,O
LTSJZOI,O,X,X,O,O
LTSJOIZ,O,X,X,O,O
LTSJOZI,O,X,X,O,O
LTSZIJO,X,X,X,O,O
LTSZIOJ,X,X,X,O,O
LTSZJIO,X,X,X,O,O
LTSZJOI,O,X,X,O,O
LTSZOIJ,O,X,X,O,O
LTSZOJI,O,X,X,O,O
LTSOIJZ,O,X,X,O,O
LTSOIZJ,O,X,X,O,O
LTSOJIZ,O,X,X,O,O
LTSOJZI,O,X,X,O,O
LTSOZIJ,O,X,X,O,O
LTSOZJI,O,X,X,O,O
LTZIJSO,X,X,X,O,X
LTZIJOS,X,X,X,O,X
LTZISJO,X,X,X,O,O
LTZISOJ,X,X,X,O,O
LTZIOJS,X,X,O,O,X
LTZIOSJ,X,X,X,O,X
LTZJISO,X,X,X,O,X
LTZJIOS,X,X,X,O,X
LTZJSIO,X,X,X,O,X
LTZJSOI,O,X,X,O,X
LTZJOIS,O,X,O,O,X
LTZJOSI,O,X,O,O,X
LTZSIJO,X,X,X,O,O
LTZSIOJ,X,X,X,O,O
LTZSJIO,X,X,X,O,O
LTZSJOI,O,X,X,O,O
LTZSOIJ,O,X,X,O,O
LTZSOJI,O,X,X,O,O
LTZOIJS,O,X,O,O,X
LTZOISJ,O,X,X,O,X
LTZOJIS,O,X,O,O,X
LTZOJSI,O,X,O,O,X
LTZOSIJ,O,X,X,O,X
LTZOSJI,O,X,X,O,X
LTOIJSZ,O,X,O,O,X
LTOIJZS,O,X,O,O,X
LTOISJZ,O,X,X,O,X
LTOISZJ,O,X,X,O,X
LTOIZJS,O,X,O,O,X
LTOIZSJ,O,X,X,O,X
LTOJISZ,O,X,O,O,X
LTOJIZS,O,X,O,O,X
LTOJSIZ,O,X,O,O,X
LTOJSZI,O,X,O,O,X
LTOJZIS,O,X,O,O,X
LTOJZSI,O,X,O,O,X
LTOSIJZ,O,X,X,O,X
LTOSIZJ,O,X,X,O,X
LTOSJIZ,O,X,X,O,X
LTOSJZI,O,X,X,O,X
LTOSZIJ,O,X,X,O,X
LTOSZJI,O,X,X,O,X
LTOZIJS,O,X,O,O,X
LTOZISJ,O,X,X,O,X
LTOZJIS,O,X,O,O,X
LTOZJSI,O,X,O,O,X
LTOZSIJ,O,X,X,O,X
LTOZSJI,O,X,X,O,X
LITJSZO,X,X,X,O,X
LITJSOZ,X,X,X,O,X
LITJZSO,X,X,X,O,X
LITJZOS,X,X,X,O,X
LITJOSZ,X,X,X,O,X
LITJOZS,X,X,X,O,X
LITSJZO,X,X,X,O,O
LITSJOZ,X,X,X,O,O
LITSZJO,X,X,X,O,O
LITSZOJ,X,X,X,O,O
LITSOJZ,X,X,X,O,O
LITSOZJ,X,X,X,O,O
LITZJSO,X,X,X,O,X
LITZJOS,X,X,X,O,X
LITZSJO,X,X,X,O,O
LITZSOJ,X,X,X,O,O
LITZOJS,X,X,O,O,X
LITZOSJ,X,X,X,O,X
LITOJSZ,X,X,O,O,X
LITOJZS,X,X,O,O,X
LITOSJZ,X,X,X,O,X
LITOSZJ,X,X,X,O,X
LITOZJS,X,X,O,O,X
LITOZSJ,X,X,X,O,X
LIJTSZO,X,X,X,O,X
LIJTSOZ,X,X,X,O,X
LIJTZSO,X,X,X,O,X
LIJTZOS,X,X,X,O,X
LIJTOSZ,X,X,X,O,X
LIJTOZS,X,X,X,O,X
LIJSTZO,X,O,X,X,O
LIJSTOZ,X,O,X,X,O
LIJSZTO,X,O,X,X,O
LIJSZOT,X,O,X,X,X
LIJSOTZ,X,O,X,X,X
LIJSOZT,X,O,X,X,X
LIJZTSO,X,X,X,O,X
LIJZTOS,X,X,X,O,X
LIJZSTO,X,O,X,X,O
LIJZSOT,X,O,X,X,X
LIJZOTS,O,X,O,X,X
LIJZOST,X,X,O,X,X
LIJOTSZ,O,X,O,X,X
LIJOTZS,O,X,O,X,X
LIJOSTZ,X,X,O,X,X
LIJOSZT,X,X,O,X,X
LIJOZTS,O,X,O,X,X
LIJOZST,X,X,O,X,X
LISTJZO,X,X,X,X,O
LISTJOZ,X,X,X,X,O
LISTZJO,X,X,X,X,O
LISTZOJ,X,O,X,X,O
LISTOJZ,X,X,X,X,O
LISTOZJ,X,O,X,X,O
LISJTZO,X,O,X,X,O
LISJTOZ,X,O,X,X,O
LISJZTO,X,O,X,X,O
LISJZOT,X,O,X,X,X
LISJOTZ,X,O,X,X,X
LISJOZT,X,O,X,X,X
LISZTJO,X,X,X,X,O
LISZTOJ,X,O,X,X,O
LISZJTO,X,O,X,X,O
LISZJOT,X,O,X,X,X
LISZOTJ,X,O,X,X,O
LISZOJT,X,O,O,X,X
LISOTJZ,X,X,X,X,O
LISOTZJ,X,O,X,X,O
LISOJTZ,X,O,O,X,X
LISOJZT,X,O,O,X,X
LISOZTJ,X,O,X,X,O
LISOZJT,X,O,O,X,X
LIZTJSO,X,X,X,O,X
LIZTJOS,X,X,X,O,X
LIZTSJO,X,X,X,O,O
LIZTSOJ,X,X,X,O,O
LIZTOJS,X,X,O,O,X
LIZTOSJ,X,X,X,O,X
LIZJTSO,X,X,X,O,X
LIZJTOS,X,X,X,O,X
LIZJSTO,X,O,X,X,O
LIZJSOT,X,O,X,X,X
LIZJOTS,O,X,O,X,X
LIZJOST,X,X,O,X,X
LIZSTJO,X,X,X,X,O
LIZSTOJ,X,O,X,X,O
LIZSJTO,X,O,X,X,O
LIZSJOT,X,O,X,X,X
LIZSOTJ,X,O,X,X,O
LIZSOJT,X,O,O,X,X
LIZOTJS,O,X,O,X,X
LIZOTSJ,O,X,X,X,X
LIZOJTS,O,X,O,X,X
LIZOJST,X,X,O,X,X
LIZOSTJ,X,X,X,X,O
LIZOSJT,X,X,O,X,X
LIOTJSZ,O,X,O,X,X
LIOTJZS,O,X,O,X,X
LIOTSJZ,O,X,X,X,X
LIOTSZJ,O,X,X,X,X
LIOTZJS,O,X,O,X,X
LIOTZSJ,O,X,X,X,X
LIOJTSZ,O,X,O,X,X
LIOJTZS,O,X,O,X,X
LIOJSTZ,X,X,O,X,X
LIOJSZT,X,X,O,X,X
LIOJZTS,O,X,O,X,X
LIOJZST,X,X,O,X,X
LIOSTJZ,X,X,X,X,O
LIOSTZJ,X,X,X,X,O
LIOSJTZ,X,X,O,X,X
LIOSJZT,X,X,O,X,X
LIOSZTJ,X,X,X,X,O
LIOSZJT,X,X,O,X,X
LIOZTJS,O,X,O,X,X
LIOZTSJ,O,X,X,X,X
LIOZJTS,O,X,O,X,X
LIOZJST,X,X,O,X,X
LIOZSTJ,X,X,X,X,O
LIOZSJT,X,X,O,X,X
LJTISZO,X,X,X,O,X
LJTISOZ,X,X,X,O,X
LJTIZSO,X,X,X,O,X
LJTIZOS,X,X,X,O,X
LJTIOSZ,X,X,X,O,X
LJTIOZS,X,X,X,O,X
LJTSIZO,X,X,X,O,X
LJTSIOZ,X,X,X,O,X
LJTSZIO,X,X,X,O,X
LJTSZOI,O,X,X,O,X
LJTSOIZ,O,X,X,O,X
LJTSOZI,O,X,X,O,X
LJTZISO,X,X,X,O,X
LJTZIOS,X,X,X,O,X
LJTZSIO,X,X,X,O,X
LJTZSOI,O,X,X,O,X
LJTZOIS,O,X,O,O,X
LJTZOSI,O,X,O,O,X
LJTOISZ,O,X,O,O,X
LJTOIZS,O,X,O,O,X
LJTOSIZ,O,X,O,O,X
LJTOSZI,O,X,O,O,X
LJTOZIS,O,X,O,O,X
LJTOZSI,O,X,O,O,X
LJITSZO,X,X,X,O,X
LJITSOZ,X,X,X,O,X
LJITZSO,X,X,X,O,X
LJITZOS,X,X,X,O,X
LJITOSZ,X,X,X,O,X
LJITOZS,X,X,X,O,X
LJISTZO,X,O,X,X,O
LJISTOZ,X,O,X,X,O
LJISZTO,X,O,X,X,O
LJISZOT,X,O,X,X,X
LJISOTZ,X,O,X,X,X
LJISOZT,X,O,X,X,X
LJIZTSO,X,X,X,O,X
LJIZTOS,X,X,X,O,X
LJIZSTO,X,O,X,X,O
LJIZSOT,X,O,X,X,X
LJIZOTS,O,X,O,X,X
LJIZOST,X,X,O,X,X
LJIOTSZ,O,X,O,X,X
LJIOTZS,O,X,O,X,X
LJIOSTZ,X,X,O,X,X
LJIOSZT,X,X,O,X,X
LJIOZTS,O,X,O,X,X
LJIOZST,X,X,O,X,X
LJSTIZO,X,O,X,O,O
LJSTIOZ,X,O,X,O,O
LJSTZIO,X,O,X,O,O
LJSTZOI,X,O,X,O,O
LJSTOIZ,X,O,X,O,O
LJSTOZI,X,O,X,O,O
LJSITZO,X,O,X,X,O
LJSITOZ,X,O,X,X,O
LJSIZTO,X,O,X,X,O
LJSIZOT,X,O,X,X,X
LJSIOTZ,X,O,X,X,X
LJSIOZT,X,O,X,X,X
LJSZTIO,X,O,X,O,O
LJSZTOI,X,O,X,O,O
LJSZITO,X,O,X,X,O
LJSZIOT,X,O,X,X,X
LJSZOTI,X,O,O,X,X
LJSZOIT,X,O,O,X,X
LJSOTIZ,X,O,O,X,X
LJSOTZI,X,O,O,X,X
LJSOITZ,X,O,O,X,X
LJSOIZT,X,O,O,X,X
LJSOZTI,X,O,O,X,X
LJSOZIT,X,O,O,X,X
LJZTISO,X,X,X,O,X
LJZTIOS,X,X,X,O,X
LJZTSIO,X,X,X,O,X
LJZTSOI,O,X,X,O,X
LJZTOIS,O,X,O,O,X
LJZTOSI,O,X,O,O,X
LJZITSO,X,X,X,O,X
LJZITOS,X,X,X,O,X
LJZISTO,X,O,X,X,O
LJZISOT,X,O,X,X,X
LJZIOTS,O,X,O,X,X
LJZIOST,X,X,O,X,X
LJZSTIO,X,O,X,O,O
LJZSTOI,X,O,X,O,O
LJZSITO,X,O,X,X,O
LJZSIOT,X,O,X,X,X
LJZSOTI,X,O,O,X,X
LJZSOIT,X,O,O,X,X
LJZOTIS,O,X,O,O,X
LJZOTSI,O,X,O,O,X
LJZOITS,O,X,O,X,X
LJZOIST,X,X,O,X,X
LJZOSTI,X,X,O,X,X
LJZOSIT,X,X,O,X,X
LJOTISZ,O,X,O,O,X
LJOTIZS,O,X,O,O,X
LJOTSIZ,O,X,O,O,X
LJOTSZI,O,X,O,O,X
LJOTZIS,O,X,O,O,X
LJOTZSI,O,X,O,O,X
LJOITSZ,O,X,O,X,X
LJOITZS,O,X,O,X,X
LJOISTZ,X,X,O,X,X
LJOISZT,X,X,O,X,X
LJOIZTS,O,X,O,X,X
LJOIZST,X,X,O,X,X
LJOSTIZ,X,X,O,X,X
LJOSTZI,X,X,O,X,X
LJOSITZ,X,X,O,X,X
LJOSIZT,X,X,O,X,X
LJOSZTI,X,X,O,X,X
LJOSZIT,X,X,O,X,X
LJOZTIS,O,X,O,O,X
LJOZTSI,O,X,O,O,X
LJOZITS,O,X,O,X,X
LJOZIST,X,X,O,X,X
LJOZSTI,X,X,O,X,X
LJOZSIT,X,X,O,X,X
LSTIJZO,X,X,X,O,O
LSTIJOZ,X,X,X,O,O
LSTIZJO,X,X,X,O,O
LSTIZOJ,X,O,X,O,O
LSTIOJZ,X,X,X,O,O
LSTIOZJ,X,O,X,O,O
LSTJIZO,X,O,X,O,O
LSTJIOZ,X,O,X,O,O
LSTJZIO,X,O,X,O,O
LSTJZOI,X,O,X,O,O
LSTJOIZ,X,O,X,O,O
LSTJOZI,X,O,X,O,O
LSTZIJO,X,X,X,O,O
LSTZIOJ,X,O,X,O,O
LSTZJIO,X,O,X,O,O
LSTZJOI,X,O,X,O,O
LSTZOIJ,X,O,X,O,O
LSTZOJI,X,O,X,O,O
LSTOIJZ,X,X,X,O,O
LSTOIZJ,X,O,X,O,O
LSTOJIZ,X,O,X,O,O
LSTOJZI,X,O,X,O,O
LSTOZIJ,X,O,X,O,O
LSTOZJI,X,O,X,O,O
LSITJZO,X,X,X,X,O
LSITJOZ,X,X,X,X,O
LSITZJO,X,X,X,X,O
LSITZOJ,X,O,X,X,O
LSITOJZ,X,X,X,X,O
LSITOZJ,X,O,X,X,O
LSIJTZO,X,O,X,X,O
LSIJTOZ,X,O,X,X,O
LSIJZTO,X,O,X,X,O
LSIJZOT,X,O,X,X,X
LSIJOTZ,X,O,X,X,X
LSIJOZT,X,O,X,X,X
LSIZTJO,X,X,X,X,O
LSIZTOJ,X,O,X,X,O
LSIZJTO,X,O,X,X,O
LSIZJOT,X,O,X,X,X
LSIZOTJ,X,O,X,X,O
LSIZOJT,X,O,O,X,X
LSIOTJZ,X,X,X,X,O
LSIOTZJ,X,O,X,X,O
LSIOJTZ,X,O,O,X,X
LSIOJZT,X,O,O,X,X
LSIOZTJ,X,O,X,X,O
LSIOZJT,X,O,O,X,X
LSJTIZO,X,O,X,O,O
LSJTIOZ,X,O,X,O,O
LSJTZIO,X,O,X,O,O
LSJTZOI,X,O,X,O,O
LSJTOIZ,X,O,X,O,O
LSJTOZI,X,O,X,O,O
LSJITZO,X,O,X,X,O
LSJITOZ,X,O,X,X,O
LSJIZTO,X,O,X,X,O
LSJIZOT,X,O,X,X,X
LSJIOTZ,X,O,X,X,X
LSJIOZT,X,O,X,X,X
LSJZTIO,X,O,X,O,O
LSJZTOI,X,O,X,O,O
LSJZITO,X,O,X,X,O
LSJZIOT,X,O,X,X,X
LSJZOTI,X,O,O,X,X
LSJZOIT,X,O,O,X,X
LSJOTIZ,X,O,O,X,X
LSJOTZI,X,O,O,X,X
LSJOITZ,X,O,O,X,X
LSJOIZT,X,O,O,X,X
LSJOZTI,X,O,O,X,X
LSJOZIT,X,O,O,X,X
LSZTIJO,X,X,X,O,O
LSZTIOJ,X,O,X,O,O
LSZTJIO,X,O,X,O,O
LSZTJOI,X,O,X,O,O
LSZTOIJ,X,O,X,O,O
LSZTOJI,X,O,X,O,O
LSZITJO,X,X,X,X,O
LSZITOJ,X,O,X,X,O
LSZIJTO,X,O,X,X,O
LSZIJOT,X,O,X,X,X
LSZIOTJ,X,O,X,X,O
LSZIOJT,X,O,O,X,X
LSZJTIO,X,O,X,O,O
LSZJTOI,X,O,X,O,O
LSZJITO,X,O,X,X,O
LSZJIOT,X,O,X,X,X
LSZJOTI,X,O,O,X,X
LSZJOIT,X,O,O,X,X
LSZOTIJ,X,O,X,X,O
LSZOTJI,X,O,X,X,O
LSZOITJ,X,O,X,X,O
LSZOIJT,X,O,O,X,X
LSZOJTI,X,O,O,X,X
LSZOJIT,X,O,O,X,X
LSOTIJZ,X,X,X,X,O
LSOTIZJ,X,O,X,X,O
LSOTJIZ,X,O,X,X,O
LSOTJZI,X,O,X,X,O
LSOTZIJ,X,O,X,X,O
LSOTZJI,X,O,X,X,O
LSOITJZ,X,X,X,X,O
LSOITZJ,X,O,X,X,O
LSOIJTZ,X,O,O,X,X
LSOIJZT,X,O,O,X,X
LSOIZTJ,X,O,X,X,O
LSOIZJT,X,O,O,X,X
LSOJTIZ,X,O,O,X,X
LSOJTZI,X,O,O,X,X
LSOJITZ,X,O,O,X,X
LSOJIZT,X,O,O,X,X
LSOJZTI,X,O,O,X,X
LSOJZIT,X,O,O,X,X
LSOZTIJ,X,O,X,X,O
LSOZTJI,X,O,X,X,O
LSOZITJ,X,O,X,X,O
LSOZIJT,X,O,O,X,X
LSOZJTI,X,O,O,X,X
LSOZJIT,X,O,O,X,X
LZTIJSO,X,X,X,O,X
LZTIJOS,X,X,X,O,X
LZTISJO,X,X,X,O,O
LZTISOJ,X,X,X,O,O
LZTIOJS,X,X,O,O,X
LZTIOSJ,X,X,X,O,X
LZTJISO,X,X,X,O,X
LZTJIOS,X,X,X,O,X
LZTJSIO,X,X,X,O,X
LZTJSOI,O,X,X,O,X
LZTJOIS,O,X,O,O,X
LZTJOSI,O,X,O,O,X
LZTSIJO,X,X,X,O,O
LZTSIOJ,X,X,X,O,O
LZTSJIO,X,X,X,O,O
LZTSJOI,O,X,X,O,O
LZTSOIJ,O,X,X,O,O
LZTSOJI,O,X,X,O,O
LZTOIJS,O,X,O,O,X
LZTOISJ,O,X,X,O,X
LZTOJIS,O,X,O,O,X
LZTOJSI,O,X,O,O,X
LZTOSIJ,O,X,X,O,X
LZTOSJI,O,X,X,O,X
LZITJSO,X,X,X,O,X
LZITJOS,X,X,X,O,X
LZITSJO,X,X,X,O,O
LZITSOJ,X,X,X,O,O
LZITOJS,X,X,O,O,X
LZITOSJ,X,X,X,O,X
LZIJTSO,X,X,X,O,X
LZIJTOS,X,X,X,O,X
LZIJSTO,X,O,X,X,O
LZIJSOT,X,O,X,X,X
LZIJOTS,O,X,O,X,X
LZIJOST,X,X,O,X,X
LZISTJO,X,X,X,X,O
LZISTOJ,X,O,X,X,O
LZISJTO,X,O,X,X,O
LZISJOT,X,O,X,X,X
LZISOTJ,X,O,X,X,O
LZISOJT,X,O,O,X,X
LZIOTJS,O,X,O,X,X
LZIOTSJ,O,X,X,X,X
LZIOJTS,O,X,O,X,X
LZIOJST,X,X,O,X,X
LZIOSTJ,X,X,X,X,O
LZIOSJT,X,X,O,X,X
LZJTISO,X,X,X,O,X
LZJTIOS,X,X,X,O,X
LZJTSIO,X,X,X,O,X
LZJTSOI,O,X,X,O,X
LZJTOIS,O,X,O,O,X
LZJTOSI,O,X,O,O,X
LZJITSO,X,X,X,O,X
LZJITOS,X,X,X,O,X
LZJISTO,X,O,X,X,O
LZJISOT,X,O,X,X,X
LZJIOTS,O,X,O,X,X
LZJIOST,X,X,O,X,X
LZJSTIO,X,O,X,O,O
LZJSTOI,X,O,X,O,O
LZJSITO,X,O,X,X,O
LZJSIOT,X,O,X,X,X
LZJSOTI,X,O,O,X,X
LZJSOIT,X,O,O,X,X
LZJOTIS,O,X,O,O,X
LZJOTSI,O,X,O,O,X
LZJOITS,O,X,O,X,X
LZJOIST,X,X,O,X,X
LZJOSTI,X,X,O,X,X
LZJOSIT,X,X,O,X,X
LZSTIJO,X,X,X,O,O
LZSTIOJ,X,O,X,O,O
LZSTJIO,X,O,X,O,O
LZSTJOI,X,O,X,O,O
LZSTOIJ,X,O,X,O,O
LZSTOJI,X,O,X,O,O
LZSITJO,X,X,X,X,O
LZSITOJ,X,O,X,X,O
LZSIJTO,X,O,X,X,O
LZSIJOT,X,O,X,X,X
LZSIOTJ,X,O,X,X,O
LZSIOJT,X,O,O,X,X
LZSJTIO,X,O,X,O,O
LZSJTOI,X,O,X,O,O
LZSJITO,X,O,X,X,O
LZSJIOT,X,O,X,X,X
LZSJOTI,X,O,O,X,X
LZSJOIT,X,O,O,X,X
LZSOTIJ,X,O,X,X,O
LZSOTJI,X,O,X,X,O
LZSOITJ,X,O,X,X,O
LZSOIJT,X,O,O,X,X
LZSOJTI,X,O,O,X,X
LZSOJIT,X,O,O,X,X
LZOTIJS,O,X,O,O,X
LZOTISJ,O,X,X,O,X
LZOTJIS,O,X,O,O,X
LZOTJSI,O,X,O,O,X
LZOTSIJ,O,X,X,O,X
LZOTSJI,O,X,X,O,X
LZOITJS,O,X,O,X,X
LZOITSJ,O,X,X,X,X
LZOIJTS,O,X,O,X,X
LZOIJST,X,X,O,X,X
LZOISTJ,X,X,X,X,O
LZOISJT,X,X,O,X,X
LZOJTIS,O,X,O,O,X
LZOJTSI,O,X,O,O,X
LZOJITS,O,X,O,X,X
LZOJIST,X,X,O,X,X
LZOJSTI,X,X,O,X,X
LZOJSIT,X,X,O,X,X
LZOSTIJ,X,X,X,X,O
LZOSTJI,X,X,X,X,O
LZOSITJ,X,X,X,X,O
LZOSIJT,X,X,O,X,X
LZOSJTI,X,X,O,X,X
LZOSJIT,X,X,O,X,X
LOTIJSZ,O,X,O,O,X
LOTIJZS,O,X,O,O,X
LOTISJZ,O,X,X,O,X
LOTISZJ,O,X,X,O,X
LOTIZJS,O,X,O,O,X
LOTIZSJ,O,X,X,O,X
LOTJISZ,O,X,O,O,X
LOTJIZS,O,X,O,O,X
LOTJSIZ,O,X,O,O,X
LOTJSZI,O,X,O,O,X
LOTJZIS,O,X,O,O,X
LOTJZSI,O,X,O,O,X
LOTSIJZ,O,X,X,O,X
LOTSIZJ,O,X,X,O,X
LOTSJIZ,O,X,X,O,X
LOTSJZI,O,X,X,O,X
LOTSZIJ,O,X,X,O,X
LOTSZJI,O,X,X,O,X
LOTZIJS,O,X,O,O,X
LOTZISJ,O,X,X,O,X
LOTZJIS,O,X,O,O,X
LOTZJSI,O,X,O,O,X
LOTZSIJ,O,X,X,O,X
LOTZSJI,O,X,X,O,X
LOITJSZ,O,X,O,X,X
LOITJZS,O,X,O,X,X
LOITSJZ,O,X,X,X,X
LOITSZJ,O,X,X,X,X
LOITZJS,O,X,O,X,X
LOITZSJ,O,X,X,X,X
LOIJTSZ,O,X,O,X,X
LOIJTZS,O,X,O,X,X
LOIJSTZ,X,X,O,X,X
LOIJSZT,X,X,O,X,X
LOIJZTS,O,X,O,X,X
LOIJZST,X,X,O,X,X
LOISTJZ,X,X,X,X,O
LOISTZJ,X,X,X,X,O
LOISJTZ,X,X,O,X,X
LOISJZT,X,X,O,X,X
LOISZTJ,X,X,X,X,O
LOISZJT,X,X,O,X,X
LOIZTJS,O,X,O,X,X
LOIZTSJ,O,X,X,X,X
LOIZJTS,O,X,O,X,X
LOIZJST,X,X,O,X,X
LOIZSTJ,X,X,X,X,O
LOIZSJT,X,X,O,X,X
LOJTISZ,O,X,O,O,X
LOJTIZS,O,X,O,O,X
LOJTSIZ,O,X,O,O,X
LOJTSZI,O,X,O,O,X
LOJTZIS,O,X,O,O,X
LOJTZSI,O,X,O,O,X
LOJITSZ,O,X,O,X,X
LOJITZS,O,X,O,X,X
LOJISTZ,X,X,O,X,X
LOJISZT,X,X,O,X,X
LOJIZTS,O,X,O,X,X
LOJIZST,X,X,O,X,X
LOJSTIZ,X,X,O,X,X
LOJSTZI,X,X,O,X,X
LOJSITZ,X,X,O,X,X
LOJSIZT,X,X,O,X,X
LOJSZTI,X,X,O,X,X
LOJSZIT,X,X,O,X,X
LOJZTIS,O,X,O,O,X
LOJZTSI,O,X,O,O,X
LOJZITS,O,X,O,X,X
LOJZIST,X,X,O,X,X
LOJZSTI,X,X,O,X,X
LOJZSIT,X,X,O,X,X
LOSTIJZ,X,X,X,X,O
LOSTIZJ,X,X,X,X,O
LOSTJIZ,X,X,X,X,O
LOSTJZI,X,X,X,X,O
LOSTZIJ,X,X,X,X,O
LOSTZJI,X,X,X,X,O
LOSITJZ,X,X,X,X,O
LOSITZJ,X,X,X,X,O
LOSIJTZ,X,X,O,X,X
LOSIJZT,X,X,O,X,X
LOSIZTJ,X,X,X,X,O
LOSIZJT,X,X,O,X,X
LOSJTIZ,X,X,O,X,X
LOSJTZI,X,X,O,X,X
LOSJITZ,X,X,O,X,X
LOSJIZT,X,X,O,X,X
LOSJZTI,X,X,O,X,X
LOSJZIT,X,X,O,X,X
LOSZTIJ,X,X,X,X,O
LOSZTJI,X,X,X,X,O
LOSZITJ,X,X,X,X,O
LOSZIJT,X,X,O,X,X
LOSZJTI,X,X,O,X,X
LOSZJIT,X,X,O,X,X
LOZTIJS,O,X,O,O,X
LOZTISJ,O,X,X,O,X
LOZTJIS,O,X,O,O,X
LOZTJSI,O,X,O,O,X
LOZTSIJ,O,X,X,O,X
LOZTSJI,O,X,X,O,X
LOZITJS,O,X,O,X,X
LOZITSJ,O,X,X,X,X
LOZIJTS,O,X,O,X,X
LOZIJST,X,X,O,X,X
LOZISTJ,X,X,X,X,O
LOZISJT,X,X,O,X,X
LOZJTIS,O,X,O,O,X
LOZJTSI,O,X,O,O,X
LOZJITS,O,X,O,X,X
LOZJIST,X,X,O,X,X
LOZJSTI,X,X,O,X,X
LOZJSIT,X,X,O,X,X
LOZSTIJ,X,X,X,X,O
LOZSTJI,X,X,X,X,O
LOZSITJ,X,X,X,X,O
LOZSIJT,X,X,O,X,X
LOZSJTI,X,X,O,X,X
LOZSJIT,X,X,O,X,X
JTILSZO,X,X,X,O,X
JTILSOZ,X,X,X,O,X
JTILZSO,X,X,X,O,X
JTILZOS,X,X,X,O,X
JTILOSZ,X,X,X,O,X
JTILOZS,X,X,X,O,X
JTISLZO,X,O,X,X,X
JTISLOZ,X,O,X,X,X
JTISZLO,X,O,X,X,X
JTISZOL,O,O,X,X,X
JTISOLZ,O,O,X,X,X
JTISOZL,O,O,X,X,X
JTIZLSO,X,X,X,O,X
JTIZLOS,X,X,X,O,X
JTIZSLO,X,O,X,X,X
JTIZSOL,O,O,X,X,X
JTIZOLS,O,X,X,X,X
JTIZOSL,O,X,X,X,X
JTIOLSZ,O,X,X,X,X
JTIOLZS,O,X,X,X,X
JTIOSLZ,O,X,X,X,X
JTIOSZL,O,X,X,X,X
JTIOZLS,O,X,X,X,X
JTIOZSL,O,X,X,X,X
JTLISZO,X,X,X,O,X
JTLISOZ,X,X,X,O,X
JTLIZSO,X,X,X,O,X
JTLIZOS,X,X,X,O,X
JTLIOSZ,X,X,X,O,X
JTLIOZS,X,X,X,O,X
JTLSIZO,X,X,X,O,X
JTLSIOZ,X,X,X,O,X
JTLSZIO,X,X,X,O,X
JTLSZOI,O,X,X,O,X
JTLSOIZ,O,X,X,O,X
JTLSOZI,O,X,X,O,X
JTLZISO,X,X,X,O,X
JTLZIOS,X,X,X,O,X
JTLZSIO,X,X,X,O,X
JTLZSOI,O,X,X,O,X
JTLZOIS,O,X,O,O,X
JTLZOSI,O,X,O,O,X
JTLOISZ,O,X,O,O,X
JTLOIZS,O,X,O,O,X
JTLOSIZ,O,X,O,O,X
JTLOSZI,O,X,O,O,X
JTLOZIS,O,X,O,O,X
JTLOZSI,O,X,O,O,X
JTSILZO,X,O,X,X,X
JTSILOZ,X,O,X,X,X
JTSIZLO,X,O,X,X,X
JTSIZOL,O,O,X,X,X
JTSIOLZ,O,O,X,X,X
JTSIOZL,O,O,X,X,X
JTSLIZO,X,O,X,O,X
JTSLIOZ,X,O,X,O,X
JTSLZIO,X,O,X,O,X
JTSLZOI,O,O,X,O,X
JTSLOIZ,O,O,X,O,X
JTSLOZI,O,O,X,O,X
JTSZILO,X,O,X,X,X
JTSZIOL,O,O,X,X,X
JTSZLIO,X,O,X,O,X
JTSZLOI,O,O,X,O,X
JTSZOIL,O,O,X,X,X
JTSZOLI,O,O,X,X,X
JTSOILZ,O,O,X,X,X
JTSOIZL,O,O,X,X,X
JTSOLIZ,O,O,X,X,X
JTSOLZI,O,O,X,X,X
JTSOZIL,O,O,X,X,X
JTSOZLI,O,O,X,X,X
JTZILSO,X,X,X,O,X
JTZILOS,X,X,X,O,X
JTZISLO,X,O,X,X,X
JTZISOL,O,O,X,X,X
JTZIOLS,O,X,X,X,X
JTZIOSL,O,X,X,X,X
JTZLISO,X,X,X,O,X
JTZLIOS,X,X,X,O,X
JTZLSIO,X,X,X,O,X
JTZLSOI,O,X,X,O,X
JTZLOIS,O,X,O,O,X
JTZLOSI,O,X,O,O,X
JTZSILO,X,O,X,X,X
JTZSIOL,O,O,X,X,X
JTZSLIO,X,O,X,O,X
JTZSLOI,O,O,X,O,X
JTZSOIL,O,O,X,X,X
JTZSOLI,O,O,X,X,X
JTZOILS,O,X,O,X,X
JTZOISL,O,X,X,X,X
JTZOLIS,O,X,O,O,X
JTZOLSI,O,X,O,O,X
JTZOSIL,O,X,X,X,X
JTZOSLI,O,X,X,X,X
JTOILSZ,O,X,O,X,X
JTOILZS,O,X,O,X,X
JTOISLZ,O,X,X,X,X
JTOISZL,O,X,X,X,X
JTOIZLS,O,X,O,X,X
JTOIZSL,O,X,X,X,X
JTOLISZ,O,X,O,O,X
JTOLIZS,O,X,O,O,X
JTOLSIZ,O,X,O,O,X
JTOLSZI,O,X,O,O,X
JTOLZIS,O,X,O,O,X
JTOLZSI,O,X,O,O,X
JTOSILZ,O,X,X,X,X
JTOSIZL,O,X,X,X,X
JTOSLIZ,O,X,X,X,X
JTOSLZI,O,X,X,X,X
JTOSZIL,O,X,X,X,X
JTOSZLI,O,X,X,X,X
JTOZILS,O,X,O,X,X
JTOZISL,O,X,X,X,X
JTOZLIS,O,X,O,O,X
JTOZLSI,O,X,O,O,X
JTOZSIL,O,X,X,X,X
JTOZSLI,O,X,X,X,X
JITLSZO,X,X,X,O,X
JITLSOZ,X,X,X,O,X
JITLZSO,X,X,X,O,X
JITLZOS,X,X,X,O,X
JITLOSZ,X,X,X,O,X
JITLOZS,X,X,X,O,X
JITSLZO,X,O,X,X,X
JITSLOZ,X,O,X,X,X
JITSZLO,X,O,X,X,X
JITSZOL,O,O,X,X,X
JITSOLZ,O,O,X,X,X
JITSOZL,O,O,X,X,X
JITZLSO,X,X,X,O,X
JITZLOS,X,X,X,O,X
JITZSLO,X,O,X,X,X
JITZSOL,O,O,X,X,X
JITZOLS,O,X,X,X,X
JITZOSL,O,X,X,X,X
JITOLSZ,O,X,X,X,X
JITOLZS,O,X,X,X,X
JITOSLZ,O,X,X,X,X
JITOSZL,O,X,X,X,X
JITOZLS,O,X,X,X,X
JITOZSL,O,X,X,X,X
JILTSZO,X,X,X,O,X
JILTSOZ,X,X,X,O,X
JILTZSO,X,X,X,O,X
JILTZOS,X,X,X,O,X
JILTOSZ,X,X,X,O,X
JILTOZS,X,X,X,O,X
JILSTZO,X,O,X,X,O
JILSTOZ,X,O,X,X,O
JILSZTO,X,O,X,X,O
JILSZOT,X,O,X,X,X
JILSOTZ,X,O,X,X,X
JILSOZT,X,O,X,X,X
JILZTSO,X,X,X,O,X
JILZTOS,X,X,X,O,X
JILZSTO,X,O,X,X,O
JILZSOT,X,O,X,X,X
JILZOTS,O,X,O,X,X
JILZOST,X,X,O,X,X
JILOTSZ,O,X,O,X,X
JILOTZS,O,X,O,X,X
JILOSTZ,X,X,O,X,X
JILOSZT,X,X,O,X,X
JILOZTS,O,X,O,X,X
JILOZST,X,X,O,X,X
JISTLZO,X,O,X,X,O
JISTLOZ,X,O,X,X,O
JISTZLO,X,O,X,X,O
JISTZOL,X,O,X,X,X
JISTOLZ,X,O,X,X,X
JISTOZL,X,O,X,X,X
JISLTZO,X,O,X,X,O
JISLTOZ,X,O,X,X,O
JISLZTO,X,O,X,X,O
JISLZOT,X,O,X,X,X
JISLOTZ,X,O,X,X,X
JISLOZT,X,O,X,X,X
JISZTLO,X,O,X,X,O
JISZTOL,X,O,X,X,X
JISZLTO,X,O,X,X,O
JISZLOT,X,O,X,X,X
JISZOTL,O,O,X,X,X
JISZOLT,X,O,X,X,X
JISOTLZ,O,O,X,X,X
JISOTZL,O,O,X,X,X
JISOLTZ,X,O,X,X,X
JISOLZT,X,O,X,X,X
JISOZTL,O,O,X,X,X
JISOZLT,X,O,X,X,X
JIZTLSO,X,X,X,O,X
JIZTLOS,X,X,X,O,X
JIZTSLO,X,O,X,X,X
JIZTSOL,O,O,X,X,X
JIZTOLS,O,X,X,X,X
JIZTOSL,O,X,X,X,X
JIZLTSO,X,X,X,O,X
JIZLTOS,X,X,X,O,X
JIZLSTO,X,O,X,X,O
JIZLSOT,X,O,X,X,X
JIZLOTS,O,X,O,X,X
JIZLOST,X,X,O,X,X
JIZSTLO,X,O,X,X,O
JIZSTOL,X,O,X,X,X
JIZSLTO,X,O,X,X,O
JIZSLOT,X,O,X,X,X
JIZSOTL,O,O,X,X,X
JIZSOLT,X,O,X,X,X
JIZOTLS,O,X,O,X,X
JIZOTSL,O,X,X,X,X
JIZOLTS,O,X,O,X,X
JIZOLST,X,X,O,X,X
JIZOSTL,O,O,X,X,X
JIZOSLT,X,O,O,X,X
JIOTLSZ,O,X,O,X,X
JIOTLZS,O,X,O,X,X
JIOTSLZ,O,X,X,X,X
JIOTSZL,O,X,X,X,X
JIOTZLS,O,X,O,X,X
JIOTZSL,O,X,X,X,X
JIOLTSZ,O,X,O,X,X
JIOLTZS,O,X,O,X,X
JIOLSTZ,X,X,O,X,X
JIOLSZT,X,X,O,X,X
JIOLZTS,O,X,O,X,X
JIOLZST,X,X,O,X,X
JIOSTLZ,O,O,X,X,X
JIOSTZL,O,O,X,X,X
JIOSLTZ,X,O,O,X,X
JIOSLZT,X,O,O,X,X
JIOSZTL,O,O,X,X,X
JIOSZLT,X,O,O,X,X
JIOZTLS,O,X,O,X,X
JIOZTSL,O,X,X,X,X
JIOZLTS,O,X,O,X,X
JIOZLST,X,X,O,X,X
JIOZSTL,O,O,X,X,X
JIOZSLT,X,O,O,X,X
JLTISZO,X,X,X,O,X
JLTISOZ,X,X,X,O,X
JLTIZSO,X,X,X,O,X
JLTIZOS,X,X,X,O,X
JLTIOSZ,X,X,X,O,X
JLTIOZS,X,X,X,O,X
JLTSIZO,X,X,X,O,X
JLTSIOZ,X,X,X,O,X
JLTSZIO,X,X,X,O,X
JLTSZOI,O,X,X,O,X
JLTSOIZ,O,X,X,O,X
JLTSOZI,O,X,X,O,X
JLTZISO,X,X,X,O,X
JLTZIOS,X,X,X,O,X
JLTZSIO,X,X,X,O,X
JLTZSOI,O,X,X,O,X
JLTZOIS,O,X,O,O,X
JLTZOSI,O,X,O,O,X
JLTOISZ,O,X,O,O,X
JLTOIZS,O,X,O,O,X
JLTOSIZ,O,X,O,O,X
JLTOSZI,O,X,O,O,X
JLTOZIS,O,X,O,O,X
JLTOZSI,O,X,O,O,X
JLITSZO,X,X,X,O,X
JLITSOZ,X,X,X,O,X
JLITZSO,X,X,X,O,X
JLITZOS,X,X,X,O,X
JLITOSZ,X,X,X,O,X
JLITOZS,X,X,X,O,X
JLISTZO,X,O,X,X,O
JLISTOZ,X,O,X,X,O
JLISZTO,X,O,X,X,O
JLISZOT,X,O,X,X,X
JLISOTZ,X,O,X,X,X
JLISOZT,X,O,X,X,X
JLIZTSO,X,X,X,O,X
JLIZTOS,X,X,X,O,X
JLIZSTO,X,O,X,X,O
JLIZSOT,X,O,X,X,X
JLIZOTS,O,X,O,X,X
JLIZOST,X,X,O,X,X
JLIOTSZ,O,X,O,X,X
JLIOTZS,O,X,O,X,X
JLIOSTZ,X,X,O,X,X
JLIOSZT,X,X,O,X,X
JLIOZTS,O,X,O,X,X
JLIOZST,X,X,O,X,X
JLSTIZO,X,O,X,O,O
JLSTIOZ,X,O,X,O,O
JLSTZIO,X,O,X,O,O
JLSTZOI,X,O,X,O,O
JLSTOIZ,X,O,X,O,O
JLSTOZI,X,O,X,O,O
JLSITZO,X,O,X,X,O
JLSITOZ,X,O,X,X,O
JLSIZTO,X,O,X,X,O
JLSIZOT,X,O,X,X,X
JLSIOTZ,X,O,X,X,X
JLSIOZT,X,O,X,X,X
JLSZTIO,X,O,X,O,O
JLSZTOI,X,O,X,O,O
JLSZITO,X,O,X,X,O
JLSZIOT,X,O,X,X,X
JLSZOTI,X,O,O,X,X
JLSZOIT,X,O,O,X,X
JLSOTIZ,X,O,O,X,X
JLSOTZI,X,O,O,X,X
JLSOITZ,X,O,O,X,X
JLSOIZT,X,O,O,X,X
JLSOZTI,X,O,O,X,X
JLSOZIT,X,O,O,X,X
JLZTISO,X,X,X,O,X
JLZTIOS,X,X,X,O,X
JLZTSIO,X,X,X,O,X
JLZTSOI,O,X,X,O,X
JLZTOIS,O,X,O,O,X
JLZTOSI,O,X,O,O,X
JLZITSO,X,X,X,O,X
JLZITOS,X,X,X,O,X
JLZISTO,X,O,X,X,O
JLZISOT,X,O,X,X,X
JLZIOTS,O,X,O,X,X
JLZIOST,X,X,O,X,X
JLZSTIO,X,O,X,O,O
JLZSTOI,X,O,X,O,O
JLZSITO,X,O,X,X,O
JLZSIOT,X,O,X,X,X
JLZSOTI,X,O,O,X,X
JLZSOIT,X,O,O,X,X
JLZOTIS,O,X,O,O,X
JLZOTSI,O,X,O,O,X
JLZOITS,O,X,O,X,X
JLZOIST,X,X,O,X,X
JLZOSTI,X,X,O,X,X
JLZOSIT,X,X,O,X,X
JLOTISZ,O,X,O,O,X
JLOTIZS,O,X,O,O,X
JLOTSIZ,O,X,O,O,X
JLOTSZI,O,X,O,O,X
JLOTZIS,O,X,O,O,X
JLOTZSI,O,X,O,O,X
JLOITSZ,O,X,O,X,X
JLOITZS,O,X,O,X,X
JLOISTZ,X,X,O,X,X
JLOISZT,X,X,O,X,X
JLOIZTS,O,X,O,X,X
JLOIZST,X,X,O,X,X
JLOSTIZ,X,X,O,X,X
JLOSTZI,X,X,O,X,X
JLOSITZ,X,X,O,X,X
JLOSIZT,X,X,O,X,X
JLOSZTI,X,X,O,X,X
JLOSZIT,X,X,O,X,X
JLOZTIS,O,X,O,O,X
JLOZTSI,O,X,O,O,X
JLOZITS,O,X,O,X,X
JLOZIST,X,X,O,X,X
JLOZSTI,X,X,O,X,X
JLOZSIT,X,X,O,X,X
JSTILZO,X,O,X,X,O
JSTILOZ,X,O,X,X,O
JSTIZLO,X,O,X,X,O
JSTIZOL,O,O,X,X,X
JSTIOLZ,O,O,X,X,X
JSTIOZL,O,O,X,X,X
JSTLIZO,X,O,X,O,O
JSTLIOZ,X,O,X,O,O
JSTLZIO,X,O,X,O,O
JSTLZOI,O,O,X,O,O
JSTLOIZ,O,O,X,O,O
JSTLOZI,O,O,X,O,O
JSTZILO,X,O,X,X,O
JSTZIOL,O,O,X,X,X
JSTZLIO,X,O,X,O,O
JSTZLOI,O,O,X,O,O
JSTZOIL,O,O,X,X,X
JSTZOLI,O,O,X,X,X
JSTOILZ,O,O,X,X,X
JSTOIZL,O,O,X,X,X
JSTOLIZ,O,O,X,X,X
JSTOLZI,O,O,X,X,X
JSTOZIL,O,O,X,X,X
JSTOZLI,O,O,X,X,X
JSITLZO,X,O,X,X,O
JSITLOZ,X,O,X,X,O
JSITZLO,X,O,X,X,O
JSITZOL,X,O,X,X,X
JSITOLZ,X,O,X,X,X
JSITOZL,X,O,X,X,X
JSILTZO,X,O,X,X,O
JSILTOZ,X,O,X,X,O
JSILZTO,X,O,X,X,O
JSILZOT,X,O,X,X,X
JSILOTZ,X,O,X,X,X
JSILOZT,X,O,X,X,X
JSIZTLO,X,O,X,X,O
JSIZTOL,X,O,X,X,X
JSIZLTO,X,O,X,X,O
JSIZLOT,X,O,X,X,X
JSIZOTL,O,O,X,X,X
JSIZOLT,X,O,X,X,X
JSIOTLZ,O,O,X,X,X
JSIOTZL,O,O,X,X,X
JSIOLTZ,X,O,X,X,X
JSIOLZT,X,O,X,X,X
JSIOZTL,O,O,X,X,X
JSIOZLT,X,O,X,X,X
JSLTIZO,X,O,X,O,O
JSLTIOZ,X,O,X,O,O
JSLTZIO,X,O,X,O,O
JSLTZOI,X,O,X,O,O
JSLTOIZ,X,O,X,O,O
JSLTOZI,X,O,X,O,O
JSLITZO,X,O,X,X,O
JSLITOZ,X,O,X,X,O
JSLIZTO,X,O,X,X,O
JSLIZOT,X,O,X,X,X
JSLIOTZ,X,O,X,X,X
JSLIOZT,X,O,X,X,X
JSLZTIO,X,O,X,O,O
JSLZTOI,X,O,X,O,O
JSLZITO,X,O,X,X,O
JSLZIOT,X,O,X,X,X
JSLZOTI,X,O,O,X,X
JSLZOIT,X,O,O,X,X
JSLOTIZ,X,O,O,X,X
JSLOTZI,X,O,O,X,X
JSLOITZ,X,O,O,X,X
JSLOIZT,X,O,O,X,X
JSLOZTI,X,O,O,X,X
JSLOZIT,X,O,O,X,X
JSZTILO,X,O,X,X,O
JSZTIOL,O,O,X,X,X
JSZTLIO,X,O,X,O,O
JSZTLOI,O,O,X,O,O
JSZTOIL,O,O,X,X,X
JSZTOLI,O,O,X,X,X
JSZITLO,X,O,X,X,O
JSZITOL,X,O,X,X,X
JSZILTO,X,O,X,X,O
JSZILOT,X,O,X,X,X
JSZIOTL,O,O,X,X,X
JSZIOLT,X,O,X,X,X
JSZLTIO,X,O,X,O,O
JSZLTOI,X,O,X,O,O
JSZLITO,X,O,X,X,O
JSZLIOT,X,O,X,X,X
JSZLOTI,X,O,O,X,X
JSZLOIT,X,O,O,X,X
JSZOTIL,O,O,X,X,X
JSZOTLI,O,O,X,X,X
JSZOITL,O,O,X,X,X
JSZOILT,X,O,O,X,X
JSZOLTI,X,O,O,X,X
JSZOLIT,X,O,O,X,X
JSOTILZ,O,O,X,X,X
JSOTIZL,O,O,X,X,X
JSOTLIZ,O,O,X,X,X
JSOTLZI,O,O,X,X,X
JSOTZIL,O,O,X,X,X
JSOTZLI,O,O,X,X,X
JSOITLZ,O,O,X,X,X
JSOITZL,O,O,X,X,X
JSOILTZ,X,O,O,X,X
JSOILZT,X,O,O,X,X
JSOIZTL,O,O,X,X,X
JSOIZLT,X,O,O,X,X
JSOLTIZ,X,O,O,X,X
JSOLTZI,X,O,O,X,X
JSOLITZ,X,O,O,X,X
JSOLIZT,X,O,O,X,X
JSOLZTI,X,O,O,X,X
JSOLZIT,X,O,O,X,X
JSOZTIL,O,O,X,X,X
JSOZTLI,O,O,X,X,X
JSOZITL,O,O,X,X,X
JSOZILT,X,O,O,X,X
JSOZLTI,X,O,O,X,X
JSOZLIT,X,O,O,X,X
JZTILSO,X,X,X,O,X
JZTILOS,X,X,X,O,X
JZTISLO,X,O,X,X,X
JZTISOL,O,O,X,X,X
JZTIOLS,O,X,X,X,X
JZTIOSL,O,X,X,X,X
JZTLISO,X,X,X,O,X
JZTLIOS,X,X,X,O,X
JZTLSIO,X,X,X,O,X
JZTLSOI,O,X,X,O,X
JZTLOIS,O,X,O,O,X
JZTLOSI,O,X,O,O,X
JZTSILO,X,O,X,X,X
JZTSIOL,O,O,X,X,X
JZTSLIO,X,O,X,O,X
JZTSLOI,O,O,X,O,X
JZTSOIL,O,O,X,X,X
JZTSOLI,O,O,X,X,X
JZTOILS,O,X,O,X,X
JZTOISL,O,X,X,X,X
JZTOLIS,O,X,O,O,X
JZTOLSI,O,X,O,O,X
JZTOSIL,O,X,X,X,X
JZTOSLI,O,X,X,X,X
JZITLSO,X,X,X,O,X
JZITLOS,X,X,X,O,X
JZITSLO,X,O,X,X,X
JZITSOL,O,O,X,X,X
JZITOLS,O,X,X,X,X
JZITOSL,O,X,X,X,X
JZILTSO,X,X,X,O,X
JZILTOS,X,X,X,O,X
JZILSTO,X,O,X,X,O
JZILSOT,X,O,X,X,X
JZILOTS,O,X,O,X,X
JZILOST,X,X,O,X,X
JZISTLO,X,O,X,X,O
JZISTOL,X,O,X,X,X
JZISLTO,X,O,X,X,O
JZISLOT,X,O,X,X,X
JZISOTL,O,O,X,X,X
JZISOLT,X,O,X,X,X
JZIOTLS,O,X,O,X,X
JZIOTSL,O,X,X,X,X
JZIOLTS,O,X,O,X,X
JZIOLST,X,X,O,X,X
JZIOSTL,O,O,X,X,X
JZIOSLT,X,O,O,X,X
JZLTISO,X,X,X,O,X
JZLTIOS,X,X,X,O,X
JZLTSIO,X,X,X,O,X
JZLTSOI,O,X,X,O,X
JZLTOIS,O,X,O,O,X
JZLTOSI,O,X,O,O,X
JZLITSO,X,X,X,O,X
JZLITOS,X,X,X,O,X
JZLISTO,X,O,X,X,O
JZLISOT,X,O,X,X,X
JZLIOTS,O,X,O,X,X
JZLIOST,X,X,O,X,X
JZLSTIO,X,O,X,O,O
JZLSTOI,X,O,X,O,O
JZLSITO,X,O,X,X,O
JZLSIOT,X,O,X,X,X
JZLSOTI,X,O,O,X,X
JZLSOIT,X,O,O,X,X
JZLOTIS,O,X,O,O,X
JZLOTSI,O,X,O,O,X
JZLOITS,O,X,O,X,X
JZLOIST,X,X,O,X,X
JZLOSTI,X,X,O,X,X
JZLOSIT,X,X,O,X,X
JZSTILO,X,O,X,X,O
JZSTIOL,O,O,X,X,X
JZSTLIO,X,O,X,O,O
JZSTLOI,O,O,X,O,O
JZSTOIL,O,O,X,X,X
JZSTOLI,O,O,X,X,X
JZSITLO,X,O,X,X,O
JZSITOL,X,O,X,X,X
JZSILTO,X,O,X,X,O
JZSILOT,X,O,X,X,X
JZSIOTL,O,O,X,X,X
JZSIOLT,X,O,X,X,X
JZSLTIO,X,O,X,O,O
JZSLTOI,X,O,X,O,O
JZSLITO,X,O,X,X,O
JZSLIOT,X,O,X,X,X
JZSLOTI,X,O,O,X,X
JZSLOIT,X,O,O,X,X
JZSOTIL,O,O,X,X,X
JZSOTLI,O,O,X,X,X
JZSOITL,O,O,X,X,X
JZSOILT,X,O,O,X,X
JZSOLTI,X,O,O,X,X
JZSOLIT,X,O,O,X,X
JZOTILS,O,X,O,X,X
JZOTISL,O,X,X,X,X
JZOTLIS,O,X,O,O,X
JZOTLSI,O,X,O,O,X
JZOTSIL,O,X,X,X,X
JZOTSLI,O,X,X,X,X
JZOITLS,O,X,O,X,X
JZOITSL,O,X,X,X,X
JZOILTS,O,X,O,X,X
JZOILST,X,X,O,X,X
JZOISTL,O,O,X,X,X
JZOISLT,X,O,O,X,X
JZOLTIS,O,X,O,O,X
JZOLTSI,O,X,O,O,X
JZOLITS,O,X,O,X,X
JZOLIST,X,X,O,X,X
JZOLSTI,X,X,O,X,X
JZOLSIT,X,X,O,X,X
JZOSTIL,O,O,X,X,X
JZOSTLI,O,O,X,X,X
JZOSITL,O,O,X,X,X
JZOSILT,X,O,O,X,X
JZOSLTI,X,O,O,X,X
JZOSLIT,X,O,O,X,X
JOTILSZ,O,X,O,X,X
JOTILZS,O,X,O,X,X
JOTISLZ,O,X,X,X,X
JOTISZL,O,X,X,X,X
JOTIZLS,O,X,O,X,X
JOTIZSL,O,X,X,X,X
JOTLISZ,O,X,O,O,X
JOTLIZS,O,X,O,O,X
JOTLSIZ,O,X,O,O,X
JOTLSZI,O,X,O,O,X
JOTLZIS,O,X,O,O,X
JOTLZSI,O,X,O,O,X
JOTSILZ,O,X,X,X,X
JOTSIZL,O,X,X,X,X
JOTSLIZ,O,X,X,X,X
JOTSLZI,O,X,X,X,X
JOTSZIL,O,X,X,X,X
JOTSZLI,O,X,X,X,X
JOTZILS,O,X,O,X,X
JOTZISL,O,X,X,X,X
JOTZLIS,O,X,O,O,X
JOTZLSI,O,X,O,O,X
JOTZSIL,O,X,X,X,X
JOTZSLI,O,X,X,X,X
JOITLSZ,O,X,O,X,X
JOITLZS,O,X,O,X,X
JOITSLZ,O,X,X,X,X
JOITSZL,O,X,X,X,X
JOITZLS,O,X,O,X,X
JOITZSL,O,X,X,X,X
JOILTSZ,O,X,O,X,X
JOILTZS,O,X,O,X,X
JOILSTZ,X,X,O,X,X
JOILSZT,X,X,O,X,X
JOILZTS,O,X,O,X,X
JOILZST,X,X,O,X,X
JOISTLZ,O,O,X,X,X
JOISTZL,O,O,X,X,X
JOISLTZ,X,O,O,X,X
JOISLZT,X,O,O,X,X
JOISZTL,O,O,X,X,X
JOISZLT,X,O,O,X,X
JOIZTLS,O,X,O,X,X
JOIZTSL,O,X,X,X,X
JOIZLTS,O,X,O,X,X
JOIZLST,X,X,O,X,X
JOIZSTL,O,O,X,X,X
JOIZSLT,X,O,O,X,X
JOLTISZ,O,X,O,O,X
JOLTIZS,O,X,O,O,X
JOLTSIZ,O,X,O,O,X
JOLTSZI,O,X,O,O,X
JOLTZIS,O,X,O,O,X
JOLTZSI,O,X,O,O,X
JOLITSZ,O,X,O,X,X
JOLITZS,O,X,O,X,X
JOLISTZ,X,X,O,X,X
JOLISZT,X,X,O,X,X
JOLIZTS,O,X,O,X,X
JOLIZST,X,X,O,X,X
JOLSTIZ,X,X,O,X,X
JOLSTZI,X,X,O,X,X
JOLSITZ,X,X,O,X,X
JOLSIZT,X,X,O,X,X
JOLSZTI,X,X,O,X,X
JOLSZIT,X,X,O,X,X
JOLZTIS,O,X,O,O,X
JOLZTSI,O,X,O,O,X
JOLZITS,O,X,O,X,X
JOLZIST,X,X,O,X,X
JOLZSTI,X,X,O,X,X
JOLZSIT,X,X,O,X,X
JOSTILZ,O,O,X,X,X
JOSTIZL,O,O,X,X,X
JOSTLIZ,O,O,X,X,X
JOSTLZI,O,O,X,X,X
JOSTZIL,O,O,X,X,X
JOSTZLI,O,O,X,X,X
JOSITLZ,O,O,X,X,X
JOSITZL,O,O,X,X,X
JOSILTZ,X,O,O,X,X
JOSILZT,X,O,O,X,X
JOSIZTL,O,O,X,X,X
JOSIZLT,X,O,O,X,X
JOSLTIZ,X,O,O,X,X
JOSLTZI,X,O,O,X,X
JOSLITZ,X,O,O,X,X
JOSLIZT,X,O,O,X,X
JOSLZTI,X,O,O,X,X
JOSLZIT,X,O,O,X,X
JOSZTIL,O,O,X,X,X
JOSZTLI,O,O,X,X,X
JOSZITL,O,O,X,X,X
JOSZILT,X,O,O,X,X
JOSZLTI,X,O,O,X,X
JOSZLIT,X,O,O,X,X
JOZTILS,O,X,O,X,X
JOZTISL,O,X,X,X,X
JOZTLIS,O,X,O,O,X
JOZTLSI,O,X,O,O,X
JOZTSIL,O,X,X,X,X
JOZTSLI,O,X,X,X,X
JOZITLS,O,X,O,X,X
JOZITSL,O,X,X,X,X
JOZILTS,O,X,O,X,X
JOZILST,X,X,O,X,X
JOZISTL,O,O,X,X,X
JOZISLT,X,O,O,X,X
JOZLTIS,O,X,O,O,X
JOZLTSI,O,X,O,O,X
JOZLITS,O,X,O,X,X
JOZLIST,X,X,O,X,X
JOZLSTI,X,X,O,X,X
JOZLSIT,X,X,O,X,X
JOZSTIL,O,O,X,X,X
JOZSTLI,O,O,X,X,X
JOZSITL,O,O,X,X,X
JOZSILT,X,O,O,X,X
JOZSLTI,X,O,O,X,X
JOZSLIT,X,O,O,X,X
STILJZO,X,X,X,X,O
STILJOZ,X,X,X,X,O
STILZJO,X,X,X,X,O
STILZOJ,X,O,X,X,O
STILOJZ,X,X,X,X,O
STILOZJ,X,O,X,X,O
STIJLZO,X,O,X,X,O
STIJLOZ,X,O,X,X,O
STIJZLO,X,O,X,X,O
STIJZOL,O,O,X,X,X
STIJOLZ,O,O,X,X,X
STIJOZL,O,O,X,X,X
STIZLJO,X,X,X,X,O
STIZLOJ,X,O,X,X,O
STIZJLO,X,O,X,X,O
STIZJOL,O,O,X,X,X
STIZOLJ,O,O,X,X,O
STIZOJL,O,O,X,X,X
STIOLJZ,O,X,X,X,O
STIOLZJ,O,O,X,X,O
STIOJLZ,O,O,X,X,X
STIOJZL,O,O,X,X,X
STIOZLJ,O,O,X,X,O
STIOZJL,O,O,X,X,X
STLIJZO,X,X,X,O,O
STLIJOZ,X,X,X,O,O
STLIZJO,X,X,X,O,O
STLIZOJ,X,O,X,O,O
STLIOJZ,X,X,X,O,O
STLIOZJ,X,O,X,O,O
STLJIZO,X,O,X,O,O
STLJIOZ,X,O,X,O,O
STLJZIO,X,O,X,O,O
STLJZOI,O,O,X,O,O
STLJOIZ,O,O,X,O,O
STLJOZI,O,O,X,O,O
STLZIJO,X,X,X,O,O
STLZIOJ,X,O,X,O,O
STLZJIO,X,O,X,O,O
STLZJOI,O,O,X,O,O
STLZOIJ,O,O,X,O,O
STLZOJI,O,O,X,O,O
STLOIJZ,O,X,X,O,O
STLOIZJ,O,O,X,O,O
STLOJIZ,O,O,X,O,O
STLOJZI,O,O,X,O,O
STLOZIJ,O,O,X,O,O
STLOZJI,O,O,X,O,O
STJILZO,X,O,X,X,O
STJILOZ,X,O,X,X,O
STJIZLO,X,O,X,X,O
STJIZOL,O,O,X,X,X
STJIOLZ,O,O,X,X,X
STJIOZL,O,O,X,X,X
STJLIZO,X,O,X,O,O
STJLIOZ,X,O,X,O,O
STJLZIO,X,O,X,O,O
STJLZOI,O,O,X,O,O
STJLOIZ,O,O,X,O,O
STJLOZI,O,O,X,O,O
STJZILO,X,O,X,X,O
STJZIOL,O,O,X,X,X
STJZLIO,X,O,X,O,O
STJZLOI,O,O,X,O,O
STJZOIL,O,O,X,X,X
STJZOLI,O,O,X,X,X
STJOILZ,O,O,X,X,X
STJOIZL,O,O,X,X,X
STJOLIZ,O,O,X,X,X
STJOLZI,O,O,X,X,X
STJOZIL,O,O,X,X,X
STJOZLI,O,O,X,X,X
STZILJO,X,X,X,X,O
STZILOJ,X,O,X,X,O
STZIJLO,X,O,X,X,O
STZIJOL,O,O,X,X,X
STZIOLJ,O,O,X,X,O
STZIOJL,O,O,X,X,X
STZLIJO,X,X,X,O,O
STZLIOJ,X,O,X,O,O
STZLJIO,X,O,X,O,O
STZLJOI,O,O,X,O,O
STZLOIJ,O,O,X,O,O
STZLOJI,O,O,X,O,O
STZJILO,X,O,X,X,O
STZJIOL,O,O,X,X,X
STZJLIO,X,O,X,O,O
STZJLOI,O,O,X,O,O
STZJOIL,O,O,X,X,X
STZJOLI,O,O,X,X,X
STZOILJ,O,O,X,X,O
STZOIJL,O,O,X,X,X
STZOLIJ,O,O,X,X,O
STZOLJI,O,O,X,X,O
STZOJIL,O,O,X,X,X
STZOJLI,O,O,X,X,X
STOILJZ,O,X,X,X,O
STOILZJ,O,O,X,X,O
STOIJLZ,O,O,X,X,X
STOIJZL,O,O,X,X,X
STOIZLJ,O,O,X,X,O
STOIZJL,O,O,X,X,X
STOLIJZ,O,X,X,X,O
STOLIZJ,O,O,X,X,O
STOLJIZ,O,O,X,X,O
STOLJZI,O,O,X,X,O
STOLZIJ,O,O,X,X,O
STOLZJI,O,O,X,X,O
STOJILZ,O,O,X,X,X
STOJIZL,O,O,X,X,X
STOJLIZ,O,O,X,X,X
STOJLZI,O,O,X,X,X
STOJZIL,O,O,X,X,X
STOJZLI,O,O,X,X,X
STOZILJ,O,O,X,X,O
STOZIJL,O,O,X,X,X
STOZLIJ,O,O,X,X,O
STOZLJI,O,O,X,X,O
STOZJIL,O,O,X,X,X
STOZJLI,O,O,X,X,X
SITLJZO,X,X,X,X,O
SITLJOZ,X,X,X,X,O
SITLZJO,X,X,X,X,O
SITLZOJ,X,O,X,X,O
SITLOJZ,X,X,X,X,O
SITLOZJ,X,O,X,X,O
SITJLZO,X,O,X,X,O
SITJLOZ,X,O,X,X,O
SITJZLO,X,O,X,X,O
SITJZOL,X,O,X,X,X
SITJOLZ,X,O,X,X,X
SITJOZL,X,O,X,X,X
SITZLJO,X,X,X,X,O
SITZLOJ,X,O,X,X,O
SITZJLO,X,O,X,X,O
SITZJOL,X,O,X,X,X
SITZOLJ,X,O,X,X,O
SITZOJL,X,O,X,X,X
SITOLJZ,X,X,X,X,O
SITOLZJ,X,O,X,X,O
SITOJLZ,X,O,X,X,X
SITOJZL,X,O,X,X,X
SITOZLJ,X,O,X,X,O
SITOZJL,X,O,X,X,X
SILTJZO,X,X,X,X,O
SILTJOZ,X,X,X,X,O
SILTZJO,X,X,X,X,O
SILTZOJ,X,O,X,X,O
SILTOJZ,X,X,X,X,O
SILTOZJ,X,O,X,X,O
SILJTZO,X,O,X,X,O
SILJTOZ,X,O,X,X,O
SILJZTO,X,O,X,X,O
SILJZOT,X,O,X,X,X
SILJOTZ,X,O,X,X,X
SILJOZT,X,O,X,X,X
SILZTJO,X,X,X,X,O
SILZTOJ,X,O,X,X,O
SILZJTO,X,O,X,X,O
SILZJOT,X,O,X,X,X
SILZOTJ,X,O,X,X,O
SILZOJT,X,O,O,X,X
SILOTJZ,X,X,X,X,O
SILOTZJ,X,O,X,X,O
SILOJTZ,X,O,O,X,X
SILOJZT,X,O,O,X,X
SILOZTJ,X,O,X,X,O
SILOZJT,X,O,O,X,X
SIJTLZO,X,O,X,X,O
SIJTLOZ,X,O,X,X,O
SIJTZLO,X,O,X,X,O
SIJTZOL,X,O,X,X,X
SIJTOLZ,X,O,X,X,X
SIJTOZL,X,O,X,X,X
SIJLTZO,X,O,X,X,O
SIJLTOZ,X,O,X,X,O
SIJLZTO,X,O,X,X,O
SIJLZOT,X,O,X,X,X
SIJLOTZ,X,O,X,X,X
SIJLOZT,X,O,X,X,X
SIJZTLO,X,O,X,X,O
SIJZTOL,X,O,X,X,X
SIJZLTO,X,O,X,X,O
SIJZLOT,X,O,X,X,X
SIJZOTL,O,O,X,X,X
SIJZOLT,X,O,X,X,X
SIJOTLZ,O,O,X,X,X
SIJOTZL,O,O,X,X,X
SIJOLTZ,X,O,X,X,X
SIJOLZT,X,O,X,X,X
SIJOZTL,O,O,X,X,X
SIJOZLT,X,O,X,X,X
SIZTLJO,X,X,X,X,O
SIZTLOJ,X,O,X,X,O
SIZTJLO,X,O,X,X,O
SIZTJOL,X,O,X,X,X
SIZTOLJ,X,O,X,X,O
SIZTOJL,X,O,X,X,X
SIZLTJO,X,X,X,X,O
SIZLTOJ,X,O,X,X,O
SIZLJTO,X,O,X,X,O
SIZLJOT,X,O,X,X,X
SIZLOTJ,X,O,X,X,O
SIZLOJT,X,O,O,X,X
SIZJTLO,X,O,X,X,O
SIZJTOL,X,O,X,X,X
SIZJLTO,X,O,X,X,O
SIZJLOT,X,O,X,X,X
SIZJOTL,O,O,X,X,X
SIZJOLT,X,O,X,X,X
SIZOTLJ,O,O,X,X,O
SIZOTJL,O,O,X,X,X
SIZOLTJ,X,O,X,X,O
SIZOLJT,X,O,O,X,X
SIZOJTL,O,O,X,X,X
SIZOJLT,X,O,O,X,X
SIOTLJZ,O,X,X,X,O
SIOTLZJ,O,O,X,X,O
SIOTJLZ,O,O,X,X,X
SIOTJZL,O,O,X,X,X
SIOTZLJ,O,O,X,X,O
SIOTZJL,O,O,X,X,X
SIOLTJZ,X,X,X,X,O
SIOLTZJ,X,O,X,X,O
SIOLJTZ,X,O,O,X,X
SIOLJZT,X,O,O,X,X
SIOLZTJ,X,O,X,X,O
SIOLZJT,X,O,O,X,X
SIOJTLZ,O,O,X,X,X
SIOJTZL,O,O,X,X,X
SIOJLTZ,X,O,O,X,X
SIOJLZT,X,O,O,X,X
SIOJZTL,O,O,X,X,X
SIOJZLT,X,O,O,X,X
SIOZTLJ,O,O,X,X,O
SIOZTJL,O,O,X,X,X
SIOZLTJ,X,O,X,X,O
SIOZLJT,X,O,O,X,X
SIOZJTL,O,O,X,X,X
SIOZJLT,X,O,O,X,X
SLTIJZO,X,X,X,O,O
SLTIJOZ,X,X,X,O,O
SLTIZJO,X,X,X,O,O
SLTIZOJ,X,O,X,O,O
SLTIOJZ,X,X,X,O,O
SLTIOZJ,X,O,X,O,O
SLTJIZO,X,O,X,O,O
SLTJIOZ,X,O,X,O,O
SLTJZIO,X,O,X,O,O
SLTJZOI,X,O,X,O,O
SLTJOIZ,X,O,X,O,O
SLTJOZI,X,O,X,O,O
SLTZIJO,X,X,X,O,O
SLTZIOJ,X,O,X,O,O
SLTZJIO,X,O,X,O,O
SLTZJOI,X,O,X,O,O
SLTZOIJ,X,O,X,O,O
SLTZOJI,X,O,X,O,O
SLTOIJZ,X,X,X,O,O
SLTOIZJ,X,O,X,O,O
SLTOJIZ,X,O,X,O,O
SLTOJZI,X,O,X,O,O
SLTOZIJ,X,O,X,O,O
SLTOZJI,X,O,X,O,O
SLITJZO,X,X,X,X,O
SLITJOZ,X,X,X,X,O
SLITZJO,X,X,X,X,O
SLITZOJ,X,O,X,X,O
SLITOJZ,X,X,X,X,O
SLITOZJ,X,O,X,X,O
SLIJTZO,X,O,X,X,O
SLIJTOZ,X,O,X,X,O
SLIJZTO,X,O,X,X,O
SLIJZOT,X,O,X,X,X
SLIJOTZ,X,O,X,X,X
SLIJOZT,X,O,X,X,X
SLIZTJO,X,X,X,X,O
SLIZTOJ,X,O,X,X,O
SLIZJTO,X,O,X,X,O
SLIZJOT,X,O,X,X,X
SLIZOTJ,X,O,X,X,O
SLIZOJT,X,O,O,X,X
SLIOTJZ,X,X,X,X,O
SLIOTZJ,X,O,X,X,O
SLIOJTZ,X,O,O,X,X
SLIOJZT,X,O,O,X,X
SLIOZTJ,X,O,X,X,O
SLIOZJT,X,O,O,X,X
SLJTIZO,X,O,X,O,O
SLJTIOZ,X,O,X,O,O
SLJTZIO,X,O,X,O,O
SLJTZOI,X,O,X,O,O
SLJTOIZ,X,O,X,O,O
SLJTOZI,X,O,X,O,O
SLJITZO,X,O,X,X,O
SLJITOZ,X,O,X,X,O
SLJIZTO,X,O,X,X,O
SLJIZOT,X,O,X,X,X
SLJIOTZ,X,O,X,X,X
SLJIOZT,X,O,X,X,X
SLJZTIO,X,O,X,O,O
SLJZTOI,X,O,X,O,O
SLJZITO,X,O,X,X,O
SLJZIOT,X,O,X,X,X
SLJZOTI,X,O,O,X,X
SLJZOIT,X,O,O,X,X
SLJOTIZ,X,O,O,X,X
SLJOTZI,X,O,O,X,X
SLJOITZ,X,O,O,X,X
SLJOIZT,X,O,O,X,X
SLJOZTI,X,O,O,X,X
SLJOZIT,X,O,O,X,X
SLZTIJO,X,X,X,O,O
SLZTIOJ,X,O,X,O,O
SLZTJIO,X,O,X,O,O
SLZTJOI,X,O,X,O,O
SLZTOIJ,X,O,X,O,O
SLZTOJI,X,O,X,O,O
SLZITJO,X,X,X,X,O
SLZITOJ,X,O,X,X,O
SLZIJTO,X,O,X,X,O
SLZIJOT,X,O,X,X,X
SLZIOTJ,X,O,X,X,O
SLZIOJT,X,O,O,X,X
SLZJTIO,X,O,X,O,O
SLZJTOI,X,O,X,O,O
SLZJITO,X,O,X,X,O
SLZJIOT,X,O,X,X,X
SLZJOTI,X,O,O,X,X
SLZJOIT,X,O,O,X,X
SLZOTIJ,X,O,X,X,O
SLZOTJI,X,O,X,X,O
SLZOITJ,X,O,X,X,O
SLZOIJT,X,O,O,X,X
SLZOJTI,X,O,O,X,X
SLZOJIT,X,O,O,X,X
SLOTIJZ,X,X,X,X,O
SLOTIZJ,X,O,X,X,O
SLOTJIZ,X,O,X,X,O
SLOTJZI,X,O,X,X,O
SLOTZIJ,X,O,X,X,O
SLOTZJI,X,O,X,X,O
SLOITJZ,X,X,X,X,O
SLOITZJ,X,O,X,X,O
SLOIJTZ,X,O,O,X,X
SLOIJZT,X,O,O,X,X
SLOIZTJ,X,O,X,X,O
SLOIZJT,X,O,O,X,X
SLOJTIZ,X,O,O,X,X
SLOJTZI,X,O,O,X,X
SLOJITZ,X,O,O,X,X
SLOJIZT,X,O,O,X,X
SLOJZTI,X,O,O,X,X
SLOJZIT,X,O,O,X,X
SLOZTIJ,X,O,X,X,O
SLOZTJI,X,O,X,X,O
SLOZITJ,X,O,X,X,O
SLOZIJT,X,O,O,X,X
SLOZJTI,X,O,O,X,X
SLOZJIT,X,O,O,X,X
SJTILZO,X,O,X,X,O
SJTILOZ,X,O,X,X,O
SJTIZLO,X,O,X,X,O
SJTIZOL,O,O,X,X,X
SJTIOLZ,O,O,X,X,X
SJTIOZL,O,O,X,X,X
SJTLIZO,X,O,X,O,O
SJTLIOZ,X,O,X,O,O
SJTLZIO,X,O,X,O,O
SJTLZOI,O,O,X,O,O
SJTLOIZ,O,O,X,O,O
SJTLOZI,O,O,X,O,O
SJTZILO,X,O,X,X,O
SJTZIOL,O,O,X,X,X
SJTZLIO,X,O,X,O,O
SJTZLOI,O,O,X,O,O
SJTZOIL,O,O,X,X,X
SJTZOLI,O,O,X,X,X
SJTOILZ,O,O,X,X,X
SJTOIZL,O,O,X,X,X
SJTOLIZ,O,O,X,X,X
SJTOLZI,O,O,X,X,X
SJTOZIL,O,O,X,X,X
SJTOZLI,O,O,X,X,X
SJITLZO,X,O,X,X,O
SJITLOZ,X,O,X,X,O
SJITZLO,X,O,X,X,O
SJITZOL,X,O,X,X,X
SJITOLZ,X,O,X,X,X
SJITOZL,X,O,X,X,X
SJILTZO,X,O,X,X,O
SJILTOZ,X,O,X,X,O
SJILZTO,X,O,X,X,O
SJILZOT,X,O,X,X,X
SJILOTZ,X,O,X,X,X
SJILOZT,X,O,X,X,X
SJIZTLO,X,O,X,X,O
SJIZTOL,X,O,X,X,X
SJIZLTO,X,O,X,X,O
SJIZLOT,X,O,X,X,X
SJIZOTL,O,O,X,X,X
SJIZOLT,X,O,X,X,X
SJIOTLZ,O,O,X,X,X
SJIOTZL,O,O,X,X,X
SJIOLTZ,X,O,X,X,X
SJIOLZT,X,O,X,X,X
SJIOZTL,O,O,X,X,X
SJIOZLT,X,O,X,X,X
SJLTIZO,X,O,X,O,O
SJLTIOZ,X,O,X,O,O
SJLTZIO,X,O,X,O,O
SJLTZOI,X,O,X,O,O
SJLTOIZ,X,O,X,O,O
SJLTOZI,X,O,X,O,O
SJLITZO,X,O,X,X,O
SJLITOZ,X,O,X,X,O
SJLIZTO,X,O,X,X,O
SJLIZOT,X,O,X,X,X
SJLIOTZ,X,O,X,X,X
SJLIOZT,X,O,X,X,X
SJLZTIO,X,O,X,O,O
SJLZTOI,X,O,X,O,O
SJLZITO,X,O,X,X,O
SJLZIOT,X,O,X,X,X
SJLZOTI,X,O,O,X,X
SJLZOIT,X,O,O,X,X
SJLOTIZ,X,O,O,X,X
SJLOTZI,X,O,O,X,X
SJLOITZ,X,O,O,X,X
SJLOIZT,X,O,O,X,X
SJLOZTI,X,O,O,X,X
SJLOZIT,X,O,O,X,X
SJZTILO,X,O,X,X,O
SJZTIOL,O,O,X,X,X
SJZTLIO,X,O,X,O,O
SJZTLOI,O,O,X,O,O
SJZTOIL,O,O,X,X,X
SJZTOLI,O,O,X,X,X
SJZITLO,X,O,X,X,O
SJZITOL,X,O,X,X,X
SJZILTO,X,O,X,X,O
SJZILOT,X,O,X,X,X
SJZIOTL,O,O,X,X,X
SJZIOLT,X,O,X,X,X
SJZLTIO,X,O,X,O,O
SJZLTOI,X,O,X,O,O
SJZLITO,X,O,X,X,O
SJZLIOT,X,O,X,X,X
SJZLOTI,X,O,O,X,X
SJZLOIT,X,O,O,X,X
SJZOTIL,O,O,X,X,X
SJZOTLI,O,O,X,X,X
SJZOITL,O,O,X,X,X
SJZOILT,X,O,O,X,X
SJZOLTI,X,O,O,X,X
SJZOLIT,X,O,O,X,X
SJOTILZ,O,O,X,X,X
SJOTIZL,O,O,X,X,X
SJOTLIZ,O,O,X,X,X
SJOTLZI,O,O,X,X,X
SJOTZIL,O,O,X,X,X
SJOTZLI,O,O,X,X,X
SJOITLZ,O,O,X,X,X
SJOITZL,O,O,X,X,X
SJOILTZ,X,O,O,X,X
SJOILZT,X,O,O,X,X
SJOIZTL,O,O,X,X,X
SJOIZLT,X,O,O,X,X
SJOLTIZ,X,O,O,X,X
SJOLTZI,X,O,O,X,X
SJOLITZ,X,O,O,X,X
SJOLIZT,X,O,O,X,X
SJOLZTI,X,O,O,X,X
SJOLZIT,X,O,O,X,X
SJOZTIL,O,O,X,X,X
SJOZTLI,O,O,X,X,X
SJOZITL,O,O,X,X,X
SJOZILT,X,O,O,X,X
SJOZLTI,X,O,O,X,X
SJOZLIT,X,O,O,X,X
SZTILJO,X,X,X,X,O
SZTILOJ,X,O,X,X,O
SZTIJLO,X,O,X,X,O
SZTIJOL,O,O,X,X,X
SZTIOLJ,O,O,X,X,O
SZTIOJL,O,O,X,X,X
SZTLIJO,X,X,X,O,O
SZTLIOJ,X,O,X,O,O
SZTLJIO,X,O,X,O,O
SZTLJOI,O,O,X,O,O
SZTLOIJ,O,O,X,O,O
SZTLOJI,O,O,X,O,O
SZTJILO,X,O,X,X,O
SZTJIOL,O,O,X,X,X
SZTJLIO,X,O,X,O,O
SZTJLOI,O,O,X,O,O
SZTJOIL,O,O,X,X,X
SZTJOLI,O,O,X,X,X
SZTOILJ,O,O,X,X,O
SZTOIJL,O,O,X,X,X
SZTOLIJ,O,O,X,X,O
SZTOLJI,O,O,X,X,O
SZTOJIL,O,O,X,X,X
SZTOJLI,O,O,X,X,X
SZITLJO,X,X,X,X,O
SZITLOJ,X,O,X,X,O
SZITJLO,X,O,X,X,O
SZITJOL,X,O,X,X,X
SZITOLJ,X,O,X,X,O
SZITOJL,X,O,X,X,X
SZILTJO,X,X,X,X,O
SZILTOJ,X,O,X,X,O
SZILJTO,X,O,X,X,O
SZILJOT,X,O,X,X,X
SZILOTJ,X,O,X,X,O
SZILOJT,X,O,O,X,X
SZIJTLO,X,O,X,X,O
SZIJTOL,X,O,X,X,X
SZIJLTO,X,O,X,X,O
SZIJLOT,X,O,X,X,X
SZIJOTL,O,O,X,X,X
SZIJOLT,X,O,X,X,X
SZIOTLJ,O,O,X,X,O
SZIOTJL,O,O,X,X,X
SZIOLTJ,X,O,X,X,O
SZIOLJT,X,O,O,X,X
SZIOJTL,O,O,X,X,X
SZIOJLT,X,O,O,X,X
SZLTIJO,X,X,X,O,O
SZLTIOJ,X,O,X,O,O
SZLTJIO,X,O,X,O,O
SZLTJOI,X,O,X,O,O
SZLTOIJ,X,O,X,O,O
SZLTOJI,X,O,X,O,O
SZLITJO,X,X,X,X,O
SZLITOJ,X,O,X,X,O
SZLIJTO,X,O,X,X,O
SZLIJOT,X,O,X,X,X
SZLIOTJ,X,O,X,X,O
SZLIOJT,X,O,O,X,X
SZLJTIO,X,O,X,O,O
SZLJTOI,X,O,X,O,O
SZLJITO,X,O,X,X,O
SZLJIOT,X,O,X,X,X
SZLJOTI,X,O,O,X,X
SZLJOIT,X,O,O,X,X
SZLOTIJ,X,O,X,X,O
SZLOTJI,X,O,X,X,O
SZLOITJ,X,O,X,X,O
SZLOIJT,X,O,O,X,X
SZLOJTI,X,O,O,X,X
SZLOJIT,X,O,O,X,X
SZJTILO,X,O,X,X,O
SZJTIOL,O,O,X,X,X
SZJTLIO,X,O,X,O,O
SZJTLOI,O,O,X,O,O
SZJTOIL,O,O,X,X,X
SZJTOLI,O,O,X,X,X
SZJITLO,X,O,X,X,O
SZJITOL,X,O,X,X,X
SZJILTO,X,O,X,X,O
SZJILOT,X,O,X,X,X
SZJIOTL,O,O,X,X,X
SZJIOLT,X,O,X,X,X
SZJLTIO,X,O,X,O,O
SZJLTOI,X,O,X,O,O
SZJLITO,X,O,X,X,O
SZJLIOT,X,O,X,X,X
SZJLOTI,X,O,O,X,X
SZJLOIT,X,O,O,X,X
SZJOTIL,O,O,X,X,X
SZJOTLI,O,O,X,X,X
SZJOITL,O,O,X,X,X
SZJOILT,X,O,O,X,X
SZJOLTI,X,O,O,X,X
SZJOLIT,X,O,O,X,X
SZOTILJ,O,O,X,X,O
SZOTIJL,O,O,X,X,X
SZOTLIJ,O,O,X,X,O
SZOTLJI,O,O,X,X,O
SZOTJIL,O,O,X,X,X
SZOTJLI,O,O,X,X,X
SZOITLJ,O,O,X,X,O
SZOITJL,O,O,X,X,X
SZOILTJ,X,O,X,X,O
SZOILJT,X,O,O,X,X
SZOIJTL,O,O,X,X,X
SZOIJLT,X,O,O,X,X
SZOLTIJ,X,O,X,X,O
SZOLTJI,X,O,X,X,O
SZOLITJ,X,O,X,X,O
SZOLIJT,X,O,O,X,X
SZOLJTI,X,O,O,X,X
SZOLJIT,X,O,O,X,X
SZOJTIL,O,O,X,X,X
SZOJTLI,O,O,X,X,X
SZOJITL,O,O,X,X,X
SZOJILT,X,O,O,X,X
SZOJLTI,X,O,O,X,X
SZOJLIT,X,O,O,X,X
SOTILJZ,O,X,X,X,O
SOTILZJ,O,O,X,X,O
SOTIJLZ,O,O,X,X,X
SOTIJZL,O,O,X,X,X
SOTIZLJ,O,O,X,X,O
SOTIZJL,O,O,X,X,X
SOTLIJZ,O,X,X,X,O
SOTLIZJ,O,O,X,X,O
SOTLJIZ,O,O,X,X,O
SOTLJZI,O,O,X,X,O
SOTLZIJ,O,O,X,X,O
SOTLZJI,O,O,X,X,O
SOTJILZ,O,O,X,X,X
SOTJIZL,O,O,X,X,X
SOTJLIZ,O,O,X,X,X
SOTJLZI,O,O,X,X,X
SOTJZIL,O,O,X,X,X
SOTJZLI,O,O,X,X,X
SOTZILJ,O,O,X,X,O
SOTZIJL,O,O,X,X,X
SOTZLIJ,O,O,X,X,O
SOTZLJI,O,O,X,X,O
SOTZJIL,O,O,X,X,X
SOTZJLI,O,O,X,X,X
SOITLJZ,O,X,X,X,O
SOITLZJ,O,O,X,X,O
SOITJLZ,O,O,X,X,X
SOITJZL,O,O,X,X,X
SOITZLJ,O,O,X,X,O
SOITZJL,O,O,X,X,X
SOILTJZ,X,X,X,X,O
SOILTZJ,X,O,X,X,O
SOILJTZ,X,O,O,X,X
SOILJZT,X,O,O,X,X
SOILZTJ,X,O,X,X,O
SOILZJT,X,O,O,X,X
SOIJTLZ,O,O,X,X,X
SOIJTZL,O,O,X,X,X
SOIJLTZ,X,O,O,X,X
SOIJLZT,X,O,O,X,X
SOIJZTL,O,O,X,X,X
SOIJZLT,X,O,O,X,X
SOIZTLJ,O,O,X,X,O
SOIZTJL,O,O,X,X,X
SOIZLTJ,X,O,X,X,O
SOIZLJT,X,O,O,X,X
SOIZJTL,O,O,X,X,X
SOIZJLT,X,O,O,X,X
SOLTIJZ,X,X,X,X,O
SOLTIZJ,X,O,X,X,O
SOLTJIZ,X,O,X,X,O
SOLTJZI,X,O,X,X,O
SOLTZIJ,X,O,X,X,O
SOLTZJI,X,O,X,X,O
SOLITJZ,X,X,X,X,O
SOLITZJ,X,O,X,X,O
SOLIJTZ,X,O,O,X,X
SOLIJZT,X,O,O,X,X
SOLIZTJ,X,O,X,X,O
SOLIZJT,X,O,O,X,X
SOLJTIZ,X,O,O,X,X
SOLJTZI,X,O,O,X,X
SOLJITZ,X,O,O,X,X
SOLJIZT,X,O,O,X,X
SOLJZTI,X,O,O,X,X
SOLJZIT,X,O,O,X,X
SOLZTIJ,X,O,X,X,O
SOLZTJI,X,O,X,X,O
SOLZITJ,X,O,X,X,O
SOLZIJT,X,O,O,X,X
SOLZJTI,X,O,O,X,X
SOLZJIT,X,O,O,X,X
SOJTILZ,O,O,X,X,X
SOJTIZL,O,O,X,X,X
SOJTLIZ,O,O,X,X,X
SOJTLZI,O,O,X,X,X
SOJTZIL,O,O,X,X,X
SOJTZLI,O,O,X,X,X
SOJITLZ,O,O,X,X,X
SOJITZL,O,O,X,X,X
SOJILTZ,X,O,O,X,X
SOJILZT,X,O,O,X,X
SOJIZTL,O,O,X,X,X
SOJIZLT,X,O,O,X,X
SOJLTIZ,X,O,O,X,X
SOJLTZI,X,O,O,X,X
SOJLITZ,X,O,O,X,X
SOJLIZT,X,O,O,X,X
SOJLZTI,X,O,O,X,X
SOJLZIT,X,O,O,X,X
SOJZTIL,O,O,X,X,X
SOJZTLI,O,O,X,X,X
SOJZITL,O,O,X,X,X
SOJZILT,X,O,O,X,X
SOJZLTI,X,O,O,X,X
SOJZLIT,X,O,O,X,X
SOZTILJ,O,O,X,X,O
SOZTIJL,O,O,X,X,X
SOZTLIJ,O,O,X,X,O
SOZTLJI,O,O,X,X,O
SOZTJIL,O,O,X,X,X
SOZTJLI,O,O,X,X,X
SOZITLJ,O,O,X,X,O
SOZITJL,O,O,X,X,X
SOZILTJ,X,O,X,X,O
SOZILJT,X,O,O,X,X
SOZIJTL,O,O,X,X,X
SOZIJLT,X,O,O,X,X
SOZLTIJ,X,O,X,X,O
SOZLTJI,X,O,X,X,O
SOZLITJ,X,O,X,X,O
SOZLIJT,X,O,O,X,X
SOZLJTI,X,O,O,X,X
SOZLJIT,X,O,O,X,X
SOZJTIL,O,O,X,X,X
SOZJTLI,O,O,X,X,X
SOZJITL,O,O,X,X,X
SOZJILT,X,O,O,X,X
SOZJLTI,X,O,O,X,X
SOZJLIT,X,O,O,X,X
ZTILJSO,X,X,X,O,X
ZTILJOS,X,X,X,O,X
ZTILSJO,X,X,X,O,O
ZTILSOJ,X,X,X,O,O
ZTILOJS,X,X,O,O,X
ZTILOSJ,X,X,X,O,X
ZTIJLSO,X,X,X,O,X
ZTIJLOS,X,X,X,O,X
ZTIJSLO,X,O,X,X,X
ZTIJSOL,O,O,X,X,X
ZTIJOLS,O,X,X,X,X
ZTIJOSL,O,X,X,X,X
ZTISLJO,X,X,X,X,O
ZTISLOJ,X,O,X,X,O
ZTISJLO,X,O,X,X,O
ZTISJOL,O,O,X,X,X
ZTISOLJ,O,O,X,X,O
ZTISOJL,O,O,X,X,X
ZTIOLJS,O,X,O,X,X
ZTIOLSJ,O,X,X,X,X
ZTIOJLS,O,X,O,X,X
ZTIOJSL,O,X,X,X,X
ZTIOSLJ,O,X,X,X,X
ZTIOSJL,O,X,X,X,X
ZTLIJSO,X,X,X,O,X
ZTLIJOS,X,X,X,O,X
ZTLISJO,X,X,X,O,O
ZTLISOJ,X,X,X,O,O
ZTLIOJS,X,X,O,O,X
ZTLIOSJ,X,X,X,O,X
ZTLJISO,X,X,X,O,X
ZTLJIOS,X,X,X,O,X
ZTLJSIO,X,X,X,O,X
ZTLJSOI,O,X,X,O,X
ZTLJOIS,O,X,O,O,X
ZTLJOSI,O,X,O,O,X
ZTLSIJO,X,X,X,O,O
ZTLSIOJ,X,X,X,O,O
ZTLSJIO,X,X,X,O,O
ZTLSJOI,O,X,X,O,O
ZTLSOIJ,O,X,X,O,O
ZTLSOJI,O,X,X,O,O
ZTLOIJS,O,X,O,O,X
ZTLOISJ,O,X,X,O,X
ZTLOJIS,O,X,O,O,X
ZTLOJSI,O,X,O,O,X
ZTLOSIJ,O,X,X,O,X
ZTLOSJI,O,X,X,O,X
ZTJILSO,X,X,X,O,X
ZTJILOS,X,X,X,O,X
ZTJISLO,X,O,X,X,X
ZTJISOL,O,O,X,X,X
ZTJIOLS,O,X,X,X,X
ZTJIOSL,O,X,X,X,X
ZTJLISO,X,X,X,O,X
ZTJLIOS,X,X,X,O,X
ZTJLSIO,X,X,X,O,X
ZTJLSOI,O,X,X,O,X
ZTJLOIS,O,X,O,O,X
ZTJLOSI,O,X,O,O,X
ZTJSILO,X,O,X,X,X
ZTJSIOL,O,O,X,X,X
ZTJSLIO,X,O,X,O,X
ZTJSLOI,O,O,X,O,X
ZTJSOIL,O,O,X,X,X
ZTJSOLI,O,O,X,X,X
ZTJOILS,O,X,O,X,X
ZTJOISL,O,X,X,X,X
ZTJOLIS,O,X,O,O,X
ZTJOLSI,O,X,O,O,X
ZTJOSIL,O,X,X,X,X
ZTJOSLI,O,X,X,X,X
ZTSILJO,X,X,X,X,O
ZTSILOJ,X,O,X,X,O
ZTSIJLO,X,O,X,X,O
ZTSIJOL,O,O,X,X,X
ZTSIOLJ,O,O,X,X,O
ZTSIOJL,O,O,X,X,X
ZTSLIJO,X,X,X,O,O
ZTSLIOJ,X,O,X,O,O
ZTSLJIO,X,O,X,O,O
ZTSLJOI,O,O,X,O,O
ZTSLOIJ,O,O,X,O,O
ZTSLOJI,O,O,X,O,O
ZTSJILO,X,O,X,X,O
ZTSJIOL,O,O,X,X,X
ZTSJLIO,X,O,X,O,O
ZTSJLOI,O,O,X,O,O
ZTSJOIL,O,O,X,X,X
ZTSJOLI,O,O,X,X,X
ZTSOILJ,O,O,X,X,O
ZTSOIJL,O,O,X,X,X
ZTSOLIJ,O,O,X,X,O
ZTSOLJI,O,O,X,X,O
ZTSOJIL,O,O,X,X,X
ZTSOJLI,O,O,X,X,X
ZTOILJS,O,X,O,X,X
ZTOILSJ,O,X,X,X,X
ZTOIJLS,O,X,O,X,X
ZTOIJSL,O,X,X,X,X
ZTOISLJ,O,X,X,X,X
ZTOISJL,O,X,X,X,X
ZTOLIJS,O,X,O,O,X
ZTOLISJ,O,X,X,O,X
ZTOLJIS,O,X,O,O,X
ZTOLJSI,O,X,O,O,X
ZTOLSIJ,O,X,X,O,X
ZTOLSJI,O,X,X,O,X
ZTOJILS,O,X,O,X,X
ZTOJISL,O,X,X,X,X
ZTOJLIS,O,X,O,O,X
ZTOJLSI,O,X,O,O,X
ZTOJSIL,O,X,X,X,X
ZTOJSLI,O,X,X,X,X
ZTOSILJ,O,X,X,X,X
ZTOSIJL,O,X,X,X,X
ZTOSLIJ,O,X,X,X,X
ZTOSLJI,O,X,X,X,X
ZTOSJIL,O,X,X,X,X
ZTOSJLI,O,X,X,X,X
ZITLJSO,X,X,X,O,X
ZITLJOS,X,X,X,O,X
ZITLSJO,X,X,X,O,O
ZITLSOJ,X,X,X,O,O
ZITLOJS,X,X,O,O,X
ZITLOSJ,X,X,X,O,X
ZITJLSO,X,X,X,O,X
ZITJLOS,X,X,X,O,X
ZITJSLO,X,O,X,X,X
ZITJSOL,O,O,X,X,X
ZITJOLS,O,X,X,X,X
ZITJOSL,O,X,X,X,X
ZITSLJO,X,X,X,X,O
ZITSLOJ,X,O,X,X,O
ZITSJLO,X,O,X,X,O
ZITSJOL,O,O,X,X,X
ZITSOLJ,O,O,X,X,O
ZITSOJL,O,O,X,X,X
ZITOLJS,O,X,O,X,X
ZITOLSJ,O,X,X,X,X
ZITOJLS,O,X,O,X,X
ZITOJSL,O,X,X,X,X
ZITOSLJ,O,X,X,X,X
ZITOSJL,O,X,X,X,X
ZILTJSO,X,X,X,O,X
ZILTJOS,X,X,X,O,X
ZILTSJO,X,X,X,O,O
ZILTSOJ,X,X,X,O,O
ZILTOJS,X,X,O,O,X
ZILTOSJ,X,X,X,O,X
ZILJTSO,X,X,X,O,X
ZILJTOS,X,X,X,O,X
ZILJSTO,X,O,X,X,O
ZILJSOT,X,O,X,X,X
ZILJOTS,O,X,O,X,X
ZILJOST,X,X,O,X,X
ZILSTJO,X,X,X,X,O
ZILSTOJ,X,O,X,X,O
ZILSJTO,X,O,X,X,O
ZILSJOT,X,O,X,X,X
ZILSOTJ,X,O,X,X,O
ZILSOJT,X,O,O,X,X
ZILOTJS,O,X,O,X,X
ZILOTSJ,O,X,X,X,X
ZILOJTS,O,X,O,X,X
ZILOJST,X,X,O,X,X
ZILOSTJ,X,X,X,X,O
ZILOSJT,X,X,O,X,X
ZIJTLSO,X,X,X,O,X
ZIJTLOS,X,X,X,O,X
ZIJTSLO,X,O,X,X,X
ZIJTSOL,O,O,X,X,X
ZIJTOLS,O,X,X,X,X
ZIJTOSL,O,X,X,X,X
ZIJLTSO,X,X,X,O,X
ZIJLTOS,X,X,X,O,X
ZIJLSTO,X,O,X,X,O
ZIJLSOT,X,O,X,X,X
ZIJLOTS,O,X,O,X,X
ZIJLOST,X,X,O,X,X
ZIJSTLO,X,O,X,X,O
ZIJSTOL,X,O,X,X,X
ZIJSLTO,X,O,X,X,O
ZIJSLOT,X,O,X,X,X
ZIJSOTL,O,O,X,X,X
ZIJSOLT,X,O,X,X,X
ZIJOTLS,O,X,O,X,X
ZIJOTSL,O,X,X,X,X
ZIJOLTS,O,X,O,X,X
ZIJOLST,X,X,O,X,X
ZIJOSTL,O,O,X,X,X
ZIJOSLT,X,O,O,X,X
ZISTLJO,X,X,X,X,O
ZISTLOJ,X,O,X,X,O
ZISTJLO,X,O,X,X,O
ZISTJOL,X,O,X,X,X
ZISTOLJ,X,O,X,X,O
ZISTOJL,X,O,X,X,X
ZISLTJO,X,X,X,X,O
ZISLTOJ,X,O,X,X,O
ZISLJTO,X,O,X,X,O
ZISLJOT,X,O,X,X,X
ZISLOTJ,X,O,X,X,O
ZISLOJT,X,O,O,X,X
ZISJTLO,X,O,X,X,O
ZISJTOL,X,O,X,X,X
ZISJLTO,X,O,X,X,O
ZISJLOT,X,O,X,X,X
ZISJOTL,O,O,X,X,X
ZISJOLT,X,O,X,X,X
ZISOTLJ,O,O,X,X,O
ZISOTJL,O,O,X,X,X
ZISOLTJ,X,O,X,X,O
ZISOLJT,X,O,O,X,X
ZISOJTL,O,O,X,X,X
ZISOJLT,X,O,O,X,X
ZIOTLJS,O,X,O,X,X
ZIOTLSJ,O,X,X,X,X
ZIOTJLS,O,X,O,X,X
ZIOTJSL,O,X,X,X,X
ZIOTSLJ,O,X,X,X,X
ZIOTSJL,O,X,X,X,X
ZIOLTJS,O,X,O,X,X
ZIOLTSJ,O,X,X,X,X
ZIOLJTS,O,X,O,X,X
ZIOLJST,X,X,O,X,X
ZIOLSTJ,X,X,X,X,O
ZIOLSJT,X,X,O,X,X
ZIOJTLS,O,X,O,X,X
ZIOJTSL,O,X,X,X,X
ZIOJLTS,O,X,O,X,X
ZIOJLST,X,X,O,X,X
ZIOJSTL,O,O,X,X,X
ZIOJSLT,X,O,O,X,X
ZIOSTLJ,O,O,X,X,O
ZIOSTJL,O,O,X,X,X
ZIOSLTJ,X,O,X,X,O
ZIOSLJT,X,O,O,X,X
ZIOSJTL,O,O,X,X,X
ZIOSJLT,X,O,O,X,X
ZLTIJSO,X,X,X,O,X
ZLTIJOS,X,X,X,O,X
ZLTISJO,X,X,X,O,O
ZLTISOJ,X,X,X,O,O
ZLTIOJS,X,X,O,O,X
ZLTIOSJ,X,X,X,O,X
ZLTJISO,X,X,X,O,X
ZLTJIOS,X,X,X,O,X
ZLTJSIO,X,X,X,O,X
ZLTJSOI,O,X,X,O,X
ZLTJOIS,O,X,O,O,X
ZLTJOSI,O,X,O,O,X
ZLTSIJO,X,X,X,O,O
ZLTSIOJ,X,X,X,O,O
ZLTSJIO,X,X,X,O,O
ZLTSJOI,O,X,X,O,O
ZLTSOIJ,O,X,X,O,O
ZLTSOJI,O,X,X,O,O
ZLTOIJS,O,X,O,O,X
ZLTOISJ,O,X,X,O,X
ZLTOJIS,O,X,O,O,X
ZLTOJSI,O,X,O,O,X
ZLTOSIJ,O,X,X,O,X
ZLTOSJI,O,X,X,O,X
ZLITJSO,X,X,X,O,X
ZLITJOS,X,X,X,O,X
ZLITSJO,X,X,X,O,O
ZLITSOJ,X,X,X,O,O
ZLITOJS,X,X,O,O,X
ZLITOSJ,X,X,X,O,X
ZLIJTSO,X,X,X,O,X
ZLIJTOS,X,X,X,O,X
ZLIJSTO,X,O,X,X,O
ZLIJSOT,X,O,X,X,X
ZLIJOTS,O,X,O,X,X
ZLIJOST,X,X,O,X,X
ZLISTJO,X,X,X,X,O
ZLISTOJ,X,O,X,X,O
ZLISJTO,X,O,X,X,O
ZLISJOT,X,O,X,X,X
ZLISOTJ,X,O,X,X,O
ZLISOJT,X,O,O,X,X
ZLIOTJS,O,X,O,X,X
ZLIOTSJ,O,X,X,X,X
ZLIOJTS,O,X,O,X,X
ZLIOJST,X,X,O,X,X
ZLIOSTJ,X,X,X,X,O
ZLIOSJT,X,X,O,X,X
ZLJTISO,X,X,X,O,X
ZLJTIOS,X,X,X,O,X
ZLJTSIO,X,X,X,O,X
ZLJTSOI,O,X,X,O,X
ZLJTOIS,O,X,O,O,X
ZLJTOSI,O,X,O,O,X
ZLJITSO,X,X,X,O,X
ZLJITOS,X,X,X,O,X
ZLJISTO,X,O,X,X,O
ZLJISOT,X,O,X,X,X
ZLJIOTS,O,X,O,X,X
ZLJIOST,X,X,O,X,X
ZLJSTIO,X,O,X,O,O
ZLJSTOI,X,O,X,O,O
ZLJSITO,X,O,X,X,O
ZLJSIOT,X,O,X,X,X
ZLJSOTI,X,O,O,X,X
ZLJSOIT,X,O,O,X,X
ZLJOTIS,O,X,O,O,X
ZLJOTSI,O,X,O,O,X
ZLJOITS,O,X,O,X,X
ZLJOIST,X,X,O,X,X
ZLJOSTI,X,X,O,X,X
ZLJOSIT,X,X,O,X,X
ZLSTIJO,X,X,X,O,O
ZLSTIOJ,X,O,X,O,O
ZLSTJIO,X,O,X,O,O
ZLSTJOI,X,O,X,O,O
ZLSTOIJ,X,O,X,O,O
ZLSTOJI,X,O,X,O,O
ZLSITJO,X,X,X,X,O
ZLSITOJ,X,O,X,X,O
ZLSIJTO,X,O,X,X,O
ZLSIJOT,X,O,X,X,X
ZLSIOTJ,X,O,X,X,O
ZLSIOJT,X,O,O,X,X
ZLSJTIO,X,O,X,O,O
ZLSJTOI,X,O,X,O,O
ZLSJITO,X,O,X,X,O
ZLSJIOT,X,O,X,X,X
ZLSJOTI,X,O,O,X,X
ZLSJOIT,X,O,O,X,X
ZLSOTIJ,X,O,X,X,O
ZLSOTJI,X,O,X,X,O
ZLSOITJ,X,O,X,X,O
ZLSOIJT,X,O,O,X,X
ZLSOJTI,X,O,O,X,X
ZLSOJIT,X,O,O,X,X
ZLOTIJS,O,X,O,O,X
ZLOTISJ,O,X,X,O,X
ZLOTJIS,O,X,O,O,X
ZLOTJSI,O,X,O,O,X
ZLOTSIJ,O,X,X,O,X
ZLOTSJI,O,X,X,O,X
ZLOITJS,O,X,O,X,X
ZLOITSJ,O,X,X,X,X
ZLOIJTS,O,X,O,X,X
ZLOIJST,X,X,O,X,X
ZLOISTJ,X,X,X,X,O
ZLOISJT,X,X,O,X,X
ZLOJTIS,O,X,O,O,X
ZLOJTSI,O,X,O,O,X
ZLOJITS,O,X,O,X,X
ZLOJIST,X,X,O,X,X
ZLOJSTI,X,X,O,X,X
ZLOJSIT,X,X,O,X,X
ZLOSTIJ,X,X,X,X,O
ZLOSTJI,X,X,X,X,O
ZLOSITJ,X,X,X,X,O
ZLOSIJT,X,X,O,X,X
ZLOSJTI,X,X,O,X,X
ZLOSJIT,X,X,O,X,X
ZJTILSO,X,X,X,O,X
ZJTILOS,X,X,X,O,X
ZJTISLO,X,O,X,X,X
ZJTISOL,O,O,X,X,X
ZJTIOLS,O,X,X,X,X
ZJTIOSL,O,X,X,X,X
ZJTLISO,X,X,X,O,X
ZJTLIOS,X,X,X,O,X
ZJTLSIO,X,X,X,O,X
ZJTLSOI,O,X,X,O,X
ZJTLOIS,O,X,O,O,X
ZJTLOSI,O,X,O,O,X
ZJTSILO,X,O,X,X,X
ZJTSIOL,O,O,X,X,X
ZJTSLIO,X,O,X,O,X
ZJTSLOI,O,O,X,O,X
ZJTSOIL,O,O,X,X,X
ZJTSOLI,O,O,X,X,X
ZJTOILS,O,X,O,X,X
ZJTOISL,O,X,X,X,X
ZJTOLIS,O,X,O,O,X
ZJTOLSI,O,X,O,O,X
ZJTOSIL,O,X,X,X,X
ZJTOSLI,O,X,X,X,X
ZJITLSO,X,X,X,O,X
ZJITLOS,X,X,X,O,X
ZJITSLO,X,O,X,X,X
ZJITSOL,O,O,X,X,X
ZJITOLS,O,X,X,X,X
ZJITOSL,O,X,X,X,X
ZJILTSO,X,X,X,O,X
ZJILTOS,X,X,X,O,X
ZJILSTO,X,O,X,X,O
ZJILSOT,X,O,X,X,X
ZJILOTS,O,X,O,X,X
ZJILOST,X,X,O,X,X
ZJISTLO,X,O,X,X,O
ZJISTOL,X,O,X,X,X
ZJISLTO,X,O,X,X,O
ZJISLOT,X,O,X,X,X
ZJISOTL,O,O,X,X,X
ZJISOLT,X,O,X,X,X
ZJIOTLS,O,X,O,X,X
ZJIOTSL,O,X,X,X,X
ZJIOLTS,O,X,O,X,X
ZJIOLST,X,X,O,X,X
ZJIOSTL,O,O,X,X,X
ZJIOSLT,X,O,O,X,X
ZJLTISO,X,X,X,O,X
ZJLTIOS,X,X,X,O,X
ZJLTSIO,X,X,X,O,X
ZJLTSOI,O,X,X,O,X
ZJLTOIS,O,X,O,O,X
ZJLTOSI,O,X,O,O,X
ZJLITSO,X,X,X,O,X
ZJLITOS,X,X,X,O,X
ZJLISTO,X,O,X,X,O
ZJLISOT,X,O,X,X,X
ZJLIOTS,O,X,O,X,X
ZJLIOST,X,X,O,X,X
ZJLSTIO,X,O,X,O,O
ZJLSTOI,X,O,X,O,O
ZJLSITO,X,O,X,X,O
ZJLSIOT,X,O,X,X,X
ZJLSOTI,X,O,O,X,X
ZJLSOIT,X,O,O,X,X
ZJLOTIS,O,X,O,O,X
ZJLOTSI,O,X,O,O,X
ZJLOITS,O,X,O,X,X
ZJLOIST,X,X,O,X,X
ZJLOSTI,X,X,O,X,X
ZJLOSIT,X,X,O,X,X
ZJSTILO,X,O,X,X,O
ZJSTIOL,O,O,X,X,X
ZJSTLIO,X,O,X,O,O
ZJSTLOI,O,O,X,O,O
ZJSTOIL,O,O,X,X,X
ZJSTOLI,O,O,X,X,X
ZJSITLO,X,O,X,X,O
ZJSITOL,X,O,X,X,X
ZJSILTO,X,O,X,X,O
ZJSILOT,X,O,X,X,X
ZJSIOTL,O,O,X,X,X
ZJSIOLT,X,O,X,X,X
ZJSLTIO,X,O,X,O,O
ZJSLTOI,X,O,X,O,O
ZJSLITO,X,O,X,X,O
ZJSLIOT,X,O,X,X,X
ZJSLOTI,X,O,O,X,X
ZJSLOIT,X,O,O,X,X
ZJSOTIL,O,O,X,X,X
ZJSOTLI,O,O,X,X,X
ZJSOITL,O,O,X,X,X
ZJSOILT,X,O,O,X,X
ZJSOLTI,X,O,O,X,X
ZJSOLIT,X,O,O,X,X
ZJOTILS,O,X,O,X,X
ZJOTISL,O,X,X,X,X
ZJOTLIS,O,X,O,O,X
ZJOTLSI,O,X,O,O,X
ZJOTSIL,O,X,X,X,X
ZJOTSLI,O,X,X,X,X
ZJOITLS,O,X,O,X,X
ZJOITSL,O,X,X,X,X
ZJOILTS,O,X,O,X,X
ZJOILST,X,X,O,X,X
ZJOISTL,O,O,X,X,X
ZJOISLT,X,O,O,X,X
ZJOLTIS,O,X,O,O,X
ZJOLTSI,O,X,O,O,X
ZJOLITS,O,X,O,X,X
ZJOLIST,X,X,O,X,X
ZJOLSTI,X,X,O,X,X
ZJOLSIT,X,X,O,X,X
ZJOSTIL,O,O,X,X,X
ZJOSTLI,O,O,X,X,X
ZJOSITL,O,O,X,X,X
ZJOSILT,X,O,O,X,X
ZJOSLTI,X,O,O,X,X
ZJOSLIT,X,O,O,X,X
ZSTILJO,X,X,X,X,O
ZSTILOJ,X,O,X,X,O
ZSTIJLO,X,O,X,X,O
ZSTIJOL,O,O,X,X,X
ZSTIOLJ,O,O,X,X,O
ZSTIOJL,O,O,X,X,X
ZSTLIJO,X,X,X,O,O
ZSTLIOJ,X,O,X,O,O
ZSTLJIO,X,O,X,O,O
ZSTLJOI,O,O,X,O,O
ZSTLOIJ,O,O,X,O,O
ZSTLOJI,O,O,X,O,O
ZSTJILO,X,O,X,X,O
ZSTJIOL,O,O,X,X,X
ZSTJLIO,X,O,X,O,O
ZSTJLOI,O,O,X,O,O
ZSTJOIL,O,O,X,X,X
ZSTJOLI,O,O,X,X,X
ZSTOILJ,O,O,X,X,O
ZSTOIJL,O,O,X,X,X
ZSTOLIJ,O,O,X,X,O
ZSTOLJI,O,O,X,X,O
ZSTOJIL,O,O,X,X,X
ZSTOJLI,O,O,X,X,X
ZSITLJO,X,X,X,X,O
ZSITLOJ,X,O,X,X,O
ZSITJLO,X,O,X,X,O
ZSITJOL,X,O,X,X,X
ZSITOLJ,X,O,X,X,O
ZSITOJL,X,O,X,X,X
ZSILTJO,X,X,X,X,O
ZSILTOJ,X,O,X,X,O
ZSILJTO,X,O,X,X,O
ZSILJOT,X,O,X,X,X
ZSILOTJ,X,O,X,X,O
ZSILOJT,X,O,O,X,X
ZSIJTLO,X,O,X,X,O
ZSIJTOL,X,O,X,X,X
ZSIJLTO,X,O,X,X,O
ZSIJLOT,X,O,X,X,X
ZSIJOTL,O,O,X,X,X
ZSIJOLT,X,O,X,X,X
ZSIOTLJ,O,O,X,X,O
ZSIOTJL,O,O,X,X,X
ZSIOLTJ,X,O,X,X,O
ZSIOLJT,X,O,O,X,X
ZSIOJTL,O,O,X,X,X
ZSIOJLT,X,O,O,X,X
ZSLTIJO,X,X,X,O,O
ZSLTIOJ,X,O,X,O,O
ZSLTJIO,X,O,X,O,O
ZSLTJOI,X,O,X,O,O
ZSLTOIJ,X,O,X,O,O
ZSLTOJI,X,O,X,O,O
ZSLITJO,X,X,X,X,O
ZSLITOJ,X,O,X,X,O
ZSLIJTO,X,O,X,X,O
ZSLIJOT,X,O,X,X,X
ZSLIOTJ,X,O,X,X,O
ZSLIOJT,X,O,O,X,X
ZSLJTIO,X,O,X,O,O
ZSLJTOI,X,O,X,O,O
ZSLJITO,X,O,X,X,O
ZSLJIOT,X,O,X,X,X
ZSLJOTI,X,O,O,X,X
ZSLJOIT,X,O,O,X,X
ZSLOTIJ,X,O,X,X,O
ZSLOTJI,X,O,X,X,O
ZSLOITJ,X,O,X,X,O
ZSLOIJT,X,O,O,X,X
ZSLOJTI,X,O,O,X,X
ZSLOJIT,X,O,O,X,X
ZSJTILO,X,O,X,X,O
ZSJTIOL,O,O,X,X,X
ZSJTLIO,X,O,X,O,O
ZSJTLOI,O,O,X,O,O
ZSJTOIL,O,O,X,X,X
ZSJTOLI,O,O,X,X,X
ZSJITLO,X,O,X,X,O
ZSJITOL,X,O,X,X,X
ZSJILTO,X,O,X,X,O
ZSJILOT,X,O,X,X,X
ZSJIOTL,O,O,X,X,X
ZSJIOLT,X,O,X,X,X
ZSJLTIO,X,O,X,O,O
ZSJLTOI,X,O,X,O,O
ZSJLITO,X,O,X,X,O
ZSJLIOT,X,O,X,X,X
ZSJLOTI,X,O,O,X,X
ZSJLOIT,X,O,O,X,X
ZSJOTIL,O,O,X,X,X
ZSJOTLI,O,O,X,X,X
ZSJOITL,O,O,X,X,X
ZSJOILT,X,O,O,X,X
ZSJOLTI,X,O,O,X,X
ZSJOLIT,X,O,O,X,X
ZSOTILJ,O,O,X,X,O
ZSOTIJL,O,O,X,X,X
ZSOTLIJ,O,O,X,X,O
ZSOTLJI,O,O,X,X,O
ZSOTJIL,O,O,X,X,X
ZSOTJLI,O,O,X,X,X
ZSOITLJ,O,O,X,X,O
ZSOITJL,O,O,X,X,X
ZSOILTJ,X,O,X,X,O
ZSOILJT,X,O,O,X,X
ZSOIJTL,O,O,X,X,X
ZSOIJLT,X,O,O,X,X
ZSOLTIJ,X,O,X,X,O
ZSOLTJI,X,O,X,X,O
ZSOLITJ,X,O,X,X,O
ZSOLIJT,X,O,O,X,X
ZSOLJTI,X,O,O,X,X
ZSOLJIT,X,O,O,X,X
ZSOJTIL,O,O,X,X,X
ZSOJTLI,O,O,X,X,X
ZSOJITL,O,O,X,X,X
ZSOJILT,X,O,O,X,X
ZSOJLTI,X,O,O,X,X
ZSOJLIT,X,O,O,X,X
ZOTILJS,O,X,O,X,X
ZOTILSJ,O,X,X,X,X
ZOTIJLS,O,X,O,X,X
ZOTIJSL,O,X,X,X,X
ZOTISLJ,O,X,X,X,X
ZOTISJL,O,X,X,X,X
ZOTLIJS,O,X,O,O,X
ZOTLISJ,O,X,X,O,X
ZOTLJIS,O,X,O,O,X
ZOTLJSI,O,X,O,O,X
ZOTLSIJ,O,X,X,O,X
ZOTLSJI,O,X,X,O,X
ZOTJILS,O,X,O,X,X
ZOTJISL,O,X,X,X,X
ZOTJLIS,O,X,O,O,X
ZOTJLSI,O,X,O,O,X
ZOTJSIL,O,X,X,X,X
ZOTJSLI,O,X,X,X,X
ZOTSILJ,O,X,X,X,X
ZOTSIJL,O,X,X,X,X
ZOTSLIJ,O,X,X,X,X
ZOTSLJI,O,X,X,X,X
ZOTSJIL,O,X,X,X,X
ZOTSJLI,O,X,X,X,X
ZOITLJS,O,X,O,X,X
ZOITLSJ,O,X,X,X,X
ZOITJLS,O,X,O,X,X
ZOITJSL,O,X,X,X,X
ZOITSLJ,O,X,X,X,X
ZOITSJL,O,X,X,X,X
ZOILTJS,O,X,O,X,X
ZOILTSJ,O,X,X,X,X
ZOILJTS,O,X,O,X,X
ZOILJST,X,X,O,X,X
ZOILSTJ,X,X,X,X,O
ZOILSJT,X,X,O,X,X
ZOIJTLS,O,X,O,X,X
ZOIJTSL,O,X,X,X,X
ZOIJLTS,O,X,O,X,X
ZOIJLST,X,X,O,X,X
ZOIJSTL,O,O,X,X,X
ZOIJSLT,X,O,O,X,X
ZOISTLJ,O,O,X,X,O
ZOISTJL,O,O,X,X,X
ZOISLTJ,X,O,X,X,O
ZOISLJT,X,O,O,X,X
ZOISJTL,O,O,X,X,X
ZOISJLT,X,O,O,X,X
ZOLTIJS,O,X,O,O,X
ZOLTISJ,O,X,X,O,X
ZOLTJIS,O,X,O,O,X
ZOLTJSI,O,X,O,O,X
ZOLTSIJ,O,X,X,O,X
ZOLTSJI,O,X,X,O,X
ZOLITJS,O,X,O,X,X
ZOLITSJ,O,X,X,X,X
ZOLIJTS,O,X,O,X,X
ZOLIJST,X,X,O,X,X
ZOLISTJ,X,X,X,X,O
ZOLISJT,X,X,O,X,X
ZOLJTIS,O,X,O,O,X
ZOLJTSI,O,X,O,O,X
ZOLJITS,O,X,O,X,X
ZOLJIST,X,X,O,X,X
ZOLJSTI,X,X,O,X,X
ZOLJSIT,X,X,O,X,X
ZOLSTIJ,X,X,X,X,O
ZOLSTJI,X,X,X,X,O
ZOLSITJ,X,X,X,X,O
ZOLSIJT,X,X,O,X,X
ZOLSJTI,X,X,O,X,X
ZOLSJIT,X,X,O,X,X
ZOJTILS,O,X,O,X,X
ZOJTISL,O,X,X,X,X
ZOJTLIS,O,X,O,O,X
ZOJTLSI,O,X,O,O,X
ZOJTSIL,O,X,X,X,X
ZOJTSLI,O,X,X,X,X
ZOJITLS,O,X,O,X,X
ZOJITSL,O,X,X,X,X
ZOJILTS,O,X,O,X,X
ZOJILST,X,X,O,X,X
ZOJISTL,O,O,X,X,X
ZOJISLT,X,O,O,X,X
ZOJLTIS,O,X,O,O,X
ZOJLTSI,O,X,O,O,X
ZOJLITS,O,X,O,X,X
ZOJLIST,X,X,O,X,X
ZOJLSTI,X,X,O,X,X
ZOJLSIT,X,X,O,X,X
ZOJSTIL,O,O,X,X,X
ZOJSTLI,O,O,X,X,X
ZOJSITL,O,O,X,X,X
ZOJSILT,X,O,O,X,X
ZOJSLTI,X,O,O,X,X
ZOJSLIT,X,O,O,X,X
ZOSTILJ,O,O,X,X,O
ZOSTIJL,O,O,X,X,X
ZOSTLIJ,O,O,X,X,O
ZOSTLJI,O,O,X,X,O
ZOSTJIL,O,O,X,X,X
ZOSTJLI,O,O,X,X,X
ZOSITLJ,O,O,X,X,O
ZOSITJL,O,O,X,X,X
ZOSILTJ,X,O,X,X,O
ZOSILJT,X,O,O,X,X
ZOSIJTL,O,O,X,X,X
ZOSIJLT,X,O,O,X,X
ZOSLTIJ,X,O,X,X,O
ZOSLTJI,X,O,X,X,O
ZOSLITJ,X,O,X,X,O
ZOSLIJT,X,O,O,X,X
ZOSLJTI,X,O,O,X,X
ZOSLJIT,X,O,O,X,X
ZOSJTIL,O,O,X,X,X
ZOSJTLI,O,O,X,X,X
ZOSJITL,O,O,X,X,X
ZOSJILT,X,O,O,X,X
ZOSJLTI,X,O,O,X,X
ZOSJLIT,X,O,O,X,X
OTILJSZ,O,X,O,X,X
OTILJZS,O,X,O,X,X
OTILSJZ,O,X,X,X,X
OTILSZJ,O,X,X,X,X
OTILZJS,O,X,O,X,X
OTILZSJ,O,X,X,X,X
OTIJLSZ,O,X,O,X,X
OTIJLZS,O,X,O,X,X
OTIJSLZ,O,X,X,X,X
OTIJSZL,O,X,X,X,X
OTIJZLS,O,X,O,X,X
OTIJZSL,O,X,X,X,X
OTISLJZ,O,X,X,X,X
OTISLZJ,O,X,X,X,X
OTISJLZ,O,X,X,X,X
OTISJZL,O,X,X,X,X
OTISZLJ,O,X,X,X,X
OTISZJL,O,X,X,X,X
OTIZLJS,O,X,O,X,X
OTIZLSJ,O,X,X,X,X
OTIZJLS,O,X,O,X,X
OTIZJSL,O,X,X,X,X
OTIZSLJ,O,X,X,X,X
OTIZSJL,O,X,X,X,X
OTLIJSZ,O,X,O,O,X
OTLIJZS,O,X,O,O,X
OTLISJZ,O,X,X,O,X
OTLISZJ,O,X,X,O,X
OTLIZJS,O,X,O,O,X
OTLIZSJ,O,X,X,O,X
OTLJISZ,O,X,O,O,X
OTLJIZS,O,X,O,O,X
OTLJSIZ,O,X,O,O,X
OTLJSZI,O,X,O,O,X
OTLJZIS,O,X,O,O,X
OTLJZSI,O,X,O,O,X
OTLSIJZ,O,X,X,O,X
OTLSIZJ,O,X,X,O,X
OTLSJIZ,O,X,X,O,X
OTLSJZI,O,X,X,O,X
OTLSZIJ,O,X,X,O,X
OTLSZJI,O,X,X,O,X
OTLZIJS,O,X,O,O,X
OTLZISJ,O,X,X,O,X
OTLZJIS,O,X,O,O,X
OTLZJSI,O,X,O,O,X
OTLZSIJ,O,X,X,O,X
OTLZSJI,O,X,X,O,X
OTJILSZ,O,X,O,X,X
OTJILZS,O,X,O,X,X
OTJISLZ,O,X,X,X,X
OTJISZL,O,X,X,X,X
OTJIZLS,O,X,O,X,X
OTJIZSL,O,X,X,X,X
OTJLISZ,O,X,O,O,X
OTJLIZS,O,X,O,O,X
OTJLSIZ,O,X,O,O,X
OTJLSZI,O,X,O,O,X
OTJLZIS,O,X,O,O,X
OTJLZSI,O,X,O,O,X
OTJSILZ,O,X,X,X,X
OTJSIZL,O,X,X,X,X
OTJSLIZ,O,X,X,X,X
OTJSLZI,O,X,X,X,X
OTJSZIL,O,X,X,X,X
OTJSZLI,O,X,X,X,X
OTJZILS,O,X,O,X,X
OTJZISL,O,X,X,X,X
OTJZLIS,O,X,O,O,X
OTJZLSI,O,X,O,O,X
OTJZSIL,O,X,X,X,X
OTJZSLI,O,X,X,X,X
OTSILJZ,O,X,X,X,X
OTSILZJ,O,X,X,X,X
OTSIJLZ,O,X,X,X,X
OTSIJZL,O,X,X,X,X
OTSIZLJ,O,X,X,X,X
OTSIZJL,O,X,X,X,X
OTSLIJZ,O,X,X,X,X
OTSLIZJ,O,X,X,X,X
OTSLJIZ,O,X,X,X,X
OTSLJZI,O,X,X,X,X
OTSLZIJ,O,X,X,X,X
OTSLZJI,O,X,X,X,X
OTSJILZ,O,X,X,X,X
OTSJIZL,O,X,X,X,X
OTSJLIZ,O,X,X,X,X
OTSJLZI,O,X,X,X,X
OTSJZIL,O,X,X,X,X
OTSJZLI,O,X,X,X,X
OTSZILJ,O,X,X,X,X
OTSZIJL,O,X,X,X,X
OTSZLIJ,O,X,X,X,X
OTSZLJI,O,X,X,X,X
OTSZJIL,O,X,X,X,X
OTSZJLI,O,X,X,X,X
OTZILJS,O,X,O,X,X
OTZILSJ,O,X,X,X,X
OTZIJLS,O,X,O,X,X
OTZIJSL,O,X,X,X,X
OTZISLJ,O,X,X,X,X
OTZISJL,O,X,X,X,X
OTZLIJS,O,X,O,O,X
OTZLISJ,O,X,X,O,X
OTZLJIS,O,X,O,O,X
OTZLJSI,O,X,O,O,X
OTZLSIJ,O,X,X,O,X
OTZLSJI,O,X,X,O,X
OTZJILS,O,X,O,X,X
OTZJISL,O,X,X,X,X
OTZJLIS,O,X,O,O,X
OTZJLSI,O,X,O,O,X
OTZJSIL,O,X,X,X,X
OTZJSLI,O,X,X,X,X
OTZSILJ,O,X,X,X,X
OTZSIJL,O,X,X,X,X
OTZSLIJ,O,X,X,X,X
OTZSLJI,O,X,X,X,X
OTZSJIL,O,X,X,X,X
OTZSJLI,O,X,X,X,X
OITLJSZ,O,X,O,X,X
OITLJZS,O,X,O,X,X
OITLSJZ,O,X,X,X,X
OITLSZJ,O,X,X,X,X
OITLZJS,O,X,O,X,X
OITLZSJ,O,X,X,X,X
OITJLSZ,O,X,O,X,X
OITJLZS,O,X,O,X,X
OITJSLZ,O,X,X,X,X
OITJSZL,O,X,X,X,X
OITJZLS,O,X,O,X,X
OITJZSL,O,X,X,X,X
OITSLJZ,O,X,X,X,X
OITSLZJ,O,X,X,X,X
OITSJLZ,O,X,X,X,X
OITSJZL,O,X,X,X,X
OITSZLJ,O,X,X,X,X
OITSZJL,O,X,X,X,X
OITZLJS,O,X,O,X,X
OITZLSJ,O,X,X,X,X
OITZJLS,O,X,O,X,X
OITZJSL,O,X,X,X,X
OITZSLJ,O,X,X,X,X
OITZSJL,O,X,X,X,X
OILTJSZ,O,X,O,X,X
OILTJZS,O,X,O,X,X
OILTSJZ,O,X,X,X,X
OILTSZJ,O,X,X,X,X
OILTZJS,O,X,O,X,X
OILTZSJ,O,X,X,X,X
OILJTSZ,O,X,O,X,X
OILJTZS,O,X,O,X,X
OILJSTZ,X,X,O,X,X
OILJSZT,X,X,O,X,X
OILJZTS,O,X,O,X,X
OILJZST,X,X,O,X,X
OILSTJZ,X,X,X,X,O
OILSTZJ,X,X,X,X,O
OILSJTZ,X,X,O,X,X
OILSJZT,X,X,O,X,X
OILSZTJ,X,X,X,X,O
OILSZJT,X,X,O,X,X
OILZTJS,O,X,O,X,X
OILZTSJ,O,X,X,X,X
OILZJTS,O,X,O,X,X
OILZJST,X,X,O,X,X
OILZSTJ,X,X,X,X,O
OILZSJT,X,X,O,X,X
OIJTLSZ,O,X,O,X,X
OIJTLZS,O,X,O,X,X
OIJTSLZ,O,X,X,X,X
OIJTSZL,O,X,X,X,X
OIJTZLS,O,X,O,X,X
OIJTZSL,O,X,X,X,X
OIJLTSZ,O,X,O,X,X
OIJLTZS,O,X,O,X,X
OIJLSTZ,X,X,O,X,X
OIJLSZT,X,X,O,X,X
OIJLZTS,O,X,O,X,X
OIJLZST,X,X,O,X,X
OIJSTLZ,O,O,X,X,X
OIJSTZL,O,O,X,X,X
OIJSLTZ,X,O,O,X,X
OIJSLZT,X,O,O,X,X
OIJSZTL,O,O,X,X,X
OIJSZLT,X,O,O,X,X
OIJZTLS,O,X,O,X,X
OIJZTSL,O,X,X,X,X
OIJZLTS,O,X,O,X,X
OIJZLST,X,X,O,X,X
OIJZSTL,O,O,X,X,X
OIJZSLT,X,O,O,X,X
OISTLJZ,O,X,X,X,O
OISTLZJ,O,O,X,X,O
OISTJLZ,O,O,X,X,X
OISTJZL,O,O,X,X,X
OISTZLJ,O,O,X,X,O
OISTZJL,O,O,X,X,X
OISLTJZ,X,X,X,X,O
OISLTZJ,X,O,X,X,O
OISLJTZ,X,O,O,X,X
OISLJZT,X,O,O,X,X
OISLZTJ,X,O,X,X,O
OISLZJT,X,O,O,X,X
OISJTLZ,O,O,X,X,X
OISJTZL,O,O,X,X,X
OISJLTZ,X,O,O,X,X
OISJLZT,X,O,O,X,X
OISJZTL,O,O,X,X,X
OISJZLT,X,O,O,X,X
OISZTLJ,O,O,X,X,O
OISZTJL,O,O,X,X,X
OISZLTJ,X,O,X,X,O
OISZLJT,X,O,O,X,X
OISZJTL,O,O,X,X,X
OISZJLT,X,O,O,X,X
OIZTLJS,O,X,O,X,X
OIZTLSJ,O,X,X,X,X
OIZTJLS,O,X,O,X,X
OIZTJSL,O,X,X,X,X
OIZTSLJ,O,X,X,X,X
OIZTSJL,O,X,X,X,X
OIZLTJS,O,X,O,X,X
OIZLTSJ,O,X,X,X,X
OIZLJTS,O,X,O,X,X
OIZLJST,X,X,O,X,X
OIZLSTJ,X,X,X,X,O
OIZLSJT,X,X,O,X,X
OIZJTLS,O,X,O,X,X
OIZJTSL,O,X,X,X,X
OIZJLTS,O,X,O,X,X
OIZJLST,X,X,O,X,X
OIZJSTL,O,O,X,X,X
OIZJSLT,X,O,O,X,X
OIZSTLJ,O,O,X,X,O
OIZSTJL,O,O,X,X,X
OIZSLTJ,X,O,X,X,O
OIZSLJT,X,O,O,X,X
OIZSJTL,O,O,X,X,X
OIZSJLT,X,O,O,X,X
OLTIJSZ,O,X,O,O,X
OLTIJZS,O,X,O,O,X
OLTISJZ,O,X,X,O,X
OLTISZJ,O,X,X,O,X
OLTIZJS,O,X,O,O,X
OLTIZSJ,O,X,X,O,X
OLTJISZ,O,X,O,O,X
OLTJIZS,O,X,O,O,X
OLTJSIZ,O,X,O,O,X
OLTJSZI,O,X,O,O,X
OLTJZIS,O,X,O,O,X
OLTJZSI,O,X,O,O,X
OLTSIJZ,O,X,X,O,X
OLTSIZJ,O,X,X,O,X
OLTSJIZ,O,X,X,O,X
OLTSJZI,O,X,X,O,X
OLTSZIJ,O,X,X,O,X
OLTSZJI,O,X,X,O,X
OLTZIJS,O,X,O,O,X
OLTZISJ,O,X,X,O,X
OLTZJIS,O,X,O,O,X
OLTZJSI,O,X,O,O,X
OLTZSIJ,O,X,X,O,X
OLTZSJI,O,X,X,O,X
OLITJSZ,O,X,O,X,X
OLITJZS,O,X,O,X,X
OLITSJZ,O,X,X,X,X
OLITSZJ,O,X,X,X,X
OLITZJS,O,X,O,X,X
OLITZSJ,O,X,X,X,X
OLIJTSZ,O,X,O,X,X
OLIJTZS,O,X,O,X,X
OLIJSTZ,X,X,O,X,X
OLIJSZT,X,X,O,X,X
OLIJZTS,O,X,O,X,X
OLIJZST,X,X,O,X,X
OLISTJZ,X,X,X,X,O
OLISTZJ,X,X,X,X,O
OLISJTZ,X,X,O,X,X
OLISJZT,X,X,O,X,X
OLISZTJ,X,X,X,X,O
OLISZJT,X,X,O,X,X
OLIZTJS,O,X,O,X,X
OLIZTSJ,O,X,X,X,X
OLIZJTS,O,X,O,X,X
OLIZJST,X,X,O,X,X
OLIZSTJ,X,X,X,X,O
OLIZSJT,X,X,O,X,X
OLJTISZ,O,X,O,O,X
OLJTIZS,O,X,O,O,X
OLJTSIZ,O,X,O,O,X
OLJTSZI,O,X,O,O,X
OLJTZIS,O,X,O,O,X
OLJTZSI,O,X,O,O,X
OLJITSZ,O,X,O,X,X
OLJITZS,O,X,O,X,X
OLJISTZ,X,X,O,X,X
OLJISZT,X,X,O,X,X
OLJIZTS,O,X,O,X,X
OLJIZST,X,X,O,X,X
OLJSTIZ,X,X,O,X,X
OLJSTZI,X,X,O,X,X
OLJSITZ,X,X,O,X,X
OLJSIZT,X,X,O,X,X
OLJSZTI,X,X,O,X,X
OLJSZIT,X,X,O,X,X
OLJZTIS,O,X,O,O,X
OLJZTSI,O,X,O,O,X
OLJZITS,O,X,O,X,X
OLJZIST,X,X,O,X,X
OLJZSTI,X,X,O,X,X
OLJZSIT,X,X,O,X,X
OLSTIJZ,X,X,X,X,O
OLSTIZJ,X,X,X,X,O
OLSTJIZ,X,X,X,X,O
OLSTJZI,X,X,X,X,O
OLSTZIJ,X,X,X,X,O
OLSTZJI,X,X,X,X,O
OLSITJZ,X,X,X,X,O
OLSITZJ,X,X,X,X,O
OLSIJTZ,X,X,O,X,X
OLSIJZT,X,X,O,X,X
OLSIZTJ,X,X,X,X,O
OLSIZJT,X,X,O,X,X
OLSJTIZ,X,X,O,X,X
OLSJTZI,X,X,O,X,X
OLSJITZ,X,X,O,X,X
OLSJIZT,X,X,O,X,X
OLSJZTI,X,X,O,X,X
OLSJZIT,X,X,O,X,X
OLSZTIJ,X,X,X,X,O
OLSZTJI,X,X,X,X,O
OLSZITJ,X,X,X,X,O
OLSZIJT,X,X,O,X,X
OLSZJTI,X,X,O,X,X
OLSZJIT,X,X,O,X,X
OLZTIJS,O,X,O,O,X
OLZTISJ,O,X,X,O,X
OLZTJIS,O,X,O,O,X
OLZTJSI,O,X,O,O,X
OLZTSIJ,O,X,X,O,X
OLZTSJI,O,X,X,O,X
OLZITJS,O,X,O,X,X
OLZITSJ,O,X,X,X,X
OLZIJTS,O,X,O,X,X
OLZIJST,X,X,O,X,X
OLZISTJ,X,X,X,X,O
OLZISJT,X,X,O,X,X
OLZJTIS,O,X,O,O,X
OLZJTSI,O,X,O,O,X
OLZJITS,O,X,O,X,X
OLZJIST,X,X,O,X,X
OLZJSTI,X,X,O,X,X
OLZJSIT,X,X,O,X,X
OLZSTIJ,X,X,X,X,O
OLZSTJI,X,X,X,X,O
OLZSITJ,X,X,X,X,O
OLZSIJT,X,X,O,X,X
OLZSJTI,X,X,O,X,X
OLZSJIT,X,X,O,X,X
OJTILSZ,O,X,O,X,X
OJTILZS,O,X,O,X,X
OJTISLZ,O,X,X,X,X
OJTISZL,O,X,X,X,X
OJTIZLS,O,X,O,X,X
OJTIZSL,O,X,X,X,X
OJTLISZ,O,X,O,O,X
OJTLIZS,O,X,O,O,X
OJTLSIZ,O,X,O,O,X
OJTLSZI,O,X,O,O,X
OJTLZIS,O,X,O,O,X
OJTLZSI,O,X,O,O,X
OJTSILZ,O,X,X,X,X
OJTSIZL,O,X,X,X,X
OJTSLIZ,O,X,X,X,X
OJTSLZI,O,X,X,X,X
OJTSZIL,O,X,X,X,X
OJTSZLI,O,X,X,X,X
OJTZILS,O,X,O,X,X
OJTZISL,O,X,X,X,X
OJTZLIS,O,X,O,O,X
OJTZLSI,O,X,O,O,X
OJTZSIL,O,X,X,X,X
OJTZSLI,O,X,X,X,X
OJITLSZ,O,X,O,X,X
OJITLZS,O,X,O,X,X
OJITSLZ,O,X,X,X,X
OJITSZL,O,X,X,X,X
OJITZLS,O,X,O,X,X
OJITZSL,O,X,X,X,X
OJILTSZ,O,X,O,X,X
OJILTZS,O,X,O,X,X
OJILSTZ,X,X,O,X,X
OJILSZT,X,X,O,X,X
OJILZTS,O,X,O,X,X
OJILZST,X,X,O,X,X
OJISTLZ,O,O,X,X,X
OJISTZL,O,O,X,X,X
OJISLTZ,X,O,O,X,X
OJISLZT,X,O,O,X,X
OJISZTL,O,O,X,X,X
OJISZLT,X,O,O,X,X
OJIZTLS,O,X,O,X,X
OJIZTSL,O,X,X,X,X
OJIZLTS,O,X,O,X,X
OJIZLST,X,X,O,X,X
OJIZSTL,O,O,X,X,X
OJIZSLT,X,O,O,X,X
OJLTISZ,O,X,O,O,X
OJLTIZS,O,X,O,O,X
OJLTSIZ,O,X,O,O,X
OJLTSZI,O,X,O,O,X
OJLTZIS,O,X,O,O,X
OJLTZSI,O,X,O,O,X
OJLITSZ,O,X,O,X,X
OJLITZS,O,X,O,X,X
OJLISTZ,X,X,O,X,X
OJLISZT,X,X,O,X,X
OJLIZTS,O,X,O,X,X
OJLIZST,X,X,O,X,X
OJLSTIZ,X,X,O,X,X
OJLSTZI,X,X,O,X,X
OJLSITZ,X,X,O,X,X
OJLSIZT,X,X,O,X,X
OJLSZTI,X,X,O,X,X
OJLSZIT,X,X,O,X,X
OJLZTIS,O,X,O,O,X
OJLZTSI,O,X,O,O,X
OJLZITS,O,X,O,X,X
OJLZIST,X,X,O,X,X
OJLZSTI,X,X,O,X,X
OJLZSIT,X,X,O,X,X
OJSTILZ,O,O,X,X,X
OJSTIZL,O,O,X,X,X
OJSTLIZ,O,O,X,X,X
OJSTLZI,O,O,X,X,X
OJSTZIL,O,O,X,X,X
OJSTZLI,O,O,X,X,X
OJSITLZ,O,O,X,X,X
OJSITZL,O,O,X,X,X
OJSILTZ,X,O,O,X,X
OJSILZT,X,O,O,X,X
OJSIZTL,O,O,X,X,X
OJSIZLT,X,O,O,X,X
OJSLTIZ,X,O,O,X,X
OJSLTZI,X,O,O,X,X
OJSLITZ,X,O,O,X,X
OJSLIZT,X,O,O,X,X
OJSLZTI,X,O,O,X,X
OJSLZIT,X,O,O,X,X
OJSZTIL,O,O,X,X,X
OJSZTLI,O,O,X,X,X
OJSZITL,O,O,X,X,X
OJSZILT,X,O,O,X,X
OJSZLTI,X,O,O,X,X
OJSZLIT,X,O,O,X,X
OJZTILS,O,X,O,X,X
OJZTISL,O,X,X,X,X
OJZTLIS,O,X,O,O,X
OJZTLSI,O,X,O,O,X
OJZTSIL,O,X,X,X,X
OJZTSLI,O,X,X,X,X
OJZITLS,O,X,O,X,X
OJZITSL,O,X,X,X,X
OJZILTS,O,X,O,X,X
OJZILST,X,X,O,X,X
OJZISTL,O,O,X,X,X
OJZISLT,X,O,O,X,X
OJZLTIS,O,X,O,O,X
OJZLTSI,O,X,O,O,X
OJZLITS,O,X,O,X,X
OJZLIST,X,X,O,X,X
OJZLSTI,X,X,O,X,X
OJZLSIT,X,X,O,X,X
OJZSTIL,O,O,X,X,X
OJZSTLI,O,O,X,X,X
OJZSITL,O,O,X,X,X
OJZSILT,X,O,O,X,X
OJZSLTI,X,O,O,X,X
OJZSLIT,X,O,O,X,X
OSTILJZ,O,X,X,X,O
OSTILZJ,O,O,X,X,O
OSTIJLZ,O,O,X,X,X
OSTIJZL,O,O,X,X,X
OSTIZLJ,O,O,X,X,O
OSTIZJL,O,O,X,X,X
OSTLIJZ,O,X,X,X,O
OSTLIZJ,O,O,X,X,O
OSTLJIZ,O,O,X,X,O
OSTLJZI,O,O,X,X,O
OSTLZIJ,O,O,X,X,O
OSTLZJI,O,O,X,X,O
OSTJILZ,O,O,X,X,X
OSTJIZL,O,O,X,X,X
OSTJLIZ,O,O,X,X,X
OSTJLZI,O,O,X,X,X
OSTJZIL,O,O,X,X,X
OSTJZLI,O,O,X,X,X
OSTZILJ,O,O,X,X,O
OSTZIJL,O,O,X,X,X
OSTZLIJ,O,O,X,X,O
OSTZLJI,O,O,X,X,O
OSTZJIL,O,O,X,X,X
OSTZJLI,O,O,X,X,X
OSITLJZ,O,X,X,X,O
OSITLZJ,O,O,X,X,O
OSITJLZ,O,O,X,X,X
OSITJZL,O,O,X,X,X
OSITZLJ,O,O,X,X,O
OSITZJL,O,O,X,X,X
OSILTJZ,X,X,X,X,O
OSILTZJ,X,O,X,X,O
OSILJTZ,X,O,O,X,X
OSILJZT,X,O,O,X,X
OSILZTJ,X,O,X,X,O
OSILZJT,X,O,O,X,X
OSIJTLZ,O,O,X,X,X
OSIJTZL,O,O,X,X,X
OSIJLTZ,X,O,O,X,X
OSIJLZT,X,O,O,X,X
OSIJZTL,O,O,X,X,X
OSIJZLT,X,O,O,X,X
OSIZTLJ,O,O,X,X,O
OSIZTJL,O,O,X,X,X
OSIZLTJ,X,O,X,X,O
OSIZLJT,X,O,O,X,X
OSIZJTL,O,O,X,X,X
OSIZJLT,X,O,O,X,X
OSLTIJZ,X,X,X,X,O
OSLTIZJ,X,O,X,X,O
OSLTJIZ,X,O,X,X,O
OSLTJZI,X,O,X,X,O
OSLTZIJ,X,O,X,X,O
OSLTZJI,X,O,X,X,O
OSLITJZ,X,X,X,X,O
OSLITZJ,X,O,X,X,O
OSLIJTZ,X,O,O,X,X
OSLIJZT,X,O,O,X,X
OSLIZTJ,X,O,X,X,O
OSLIZJT,X,O,O,X,X
OSLJTIZ,X,O,O,X,X
OSLJTZI,X,O,O,X,X
OSLJITZ,X,O,O,X,X
OSLJIZT,X,O,O,X,X
OSLJZTI,X,O,O,X,X
OSLJZIT,X,O,O,X,X
OSLZTIJ,X,O,X,X,O
OSLZTJI,X,O,X,X,O
OSLZITJ,X,O,X,X,O
OSLZIJT,X,O,O,X,X
OSLZJTI,X,O,O,X,X
OSLZJIT,X,O,O,X,X
OSJTILZ,O,O,X,X,X
OSJTIZL,O,O,X,X,X
OSJTLIZ,O,O,X,X,X
OSJTLZI,O,O,X,X,X
OSJTZIL,O,O,X,X,X
OSJTZLI,O,O,X,X,X
OSJITLZ,O,O,X,X,X
OSJITZL,O,O,X,X,X
OSJILTZ,X,O,O,X,X
OSJILZT,X,O,O,X,X
OSJIZTL,O,O,X,X,X
OSJIZLT,X,O,O,X,X
OSJLTIZ,X,O,O,X,X
OSJLTZI,X,O,O,X,X
OSJLITZ,X,O,O,X,X
OSJLIZT,X,O,O,X,X
OSJLZTI,X,O,O,X,X
OSJLZIT,X,O,O,X,X
OSJZTIL,O,O,X,X,X
OSJZTLI,O,O,X,X,X
OSJZITL,O,O,X,X,X
OSJZILT,X,O,O,X,X
OSJZLTI,X,O,O,X,X
OSJZLIT,X,O,O,X,X
OSZTILJ,O,O,X,X,O
OSZTIJL,O,O,X,X,X
OSZTLIJ,O,O,X,X,O
OSZTLJI,O,O,X,X,O
OSZTJIL,O,O,X,X,X
OSZTJLI,O,O,X,X,X
OSZITLJ,O,O,X,X,O
OSZITJL,O,O,X,X,X
OSZILTJ,X,O,X,X,O
OSZILJT,X,O,O,X,X
OSZIJTL,O,O,X,X,X
OSZIJLT,X,O,O,X,X
OSZLTIJ,X,O,X,X,O
OSZLTJI,X,O,X,X,O
OSZLITJ,X,O,X,X,O
OSZLIJT,X,O,O,X,X
OSZLJTI,X,O,O,X,X
OSZLJIT,X,O,O,X,X
OSZJTIL,O,O,X,X,X
OSZJTLI,O,O,X,X,X
OSZJITL,O,O,X,X,X
OSZJILT,X,O,O,X,X
OSZJLTI,X,O,O,X,X
OSZJLIT,X,O,O,X,X
OZTILJS,O,X,O,X,X
OZTILSJ,O,X,X,X,X
OZTIJLS,O,X,O,X,X
OZTIJSL,O,X,X,X,X
OZTISLJ,O,X,X,X,X
OZTISJL,O,X,X,X,X
OZTLIJS,O,X,O,O,X
OZTLISJ,O,X,X,O,X
OZTLJIS,O,X,O,O,X
OZTLJSI,O,X,O,O,X
OZTLSIJ,O,X,X,O,X
OZTLSJI,O,X,X,O,X
OZTJILS,O,X,O,X,X
OZTJISL,O,X,X,X,X
OZTJLIS,O,X,O,O,X
OZTJLSI,O,X,O,O,X
OZTJSIL,O,X,X,X,X
OZTJSLI,O,X,X,X,X
OZTSILJ,O,X,X,X,X
OZTSIJL,O,X,X,X,X
OZTSLIJ,O,X,X,X,X
OZTSLJI,O,X,X,X,X
OZTSJIL,O,X,X,X,X
OZTSJLI,O,X,X,X,X
OZITLJS,O,X,O,X,X
OZITLSJ,O,X,X,X,X
OZITJLS,O,X,O,X,X
OZITJSL,O,X,X,X,X
OZITSLJ,O,X,X,X,X
OZITSJL,O,X,X,X,X
OZILTJS,O,X,O,X,X
OZILTSJ,O,X,X,X,X
OZILJTS,O,X,O,X,X
OZILJST,X,X,O,X,X
OZILSTJ,X,X,X,X,O
OZILSJT,X,X,O,X,X
OZIJTLS,O,X,O,X,X
OZIJTSL,O,X,X,X,X
OZIJLTS,O,X,O,X,X
OZIJLST,X,X,O,X,X
OZIJSTL,O,O,X,X,X
OZIJSLT,X,O,O,X,X
OZISTLJ,O,O,X,X,O
OZISTJL,O,O,X,X,X
OZISLTJ,X,O,X,X,O
OZISLJT,X,O,O,X,X
OZISJTL,O,O,X,X,X
OZISJLT,X,O,O,X,X
OZLTIJS,O,X,O,O,X
OZLTISJ,O,X,X,O,X
OZLTJIS,O,X,O,O,X
OZLTJSI,O,X,O,O,X
OZLTSIJ,O,X,X,O,X
OZLTSJI,O,X,X,O,X
OZLITJS,O,X,O,X,X
OZLITSJ,O,X,X,X,X
OZLIJTS,O,X,O,X,X
OZLIJST,X,X,O,X,X
OZLISTJ,X,X,X,X,O
OZLISJT,X,X,O,X,X
OZLJTIS,O,X,O,O,X
OZLJTSI,O,X,O,O,X
OZLJITS,O,X,O,X,X
OZLJIST,X,X,O,X,X
OZLJSTI,X,X,O,X,X
OZLJSIT,X,X,O,X,X
OZLSTIJ,X,X,X,X,O
OZLSTJI,X,X,X,X,O
OZLSITJ,X,X,X,X,O
OZLSIJT,X,X,O,X,X
OZLSJTI,X,X,O,X,X
OZLSJIT,X,X,O,X,X
OZJTILS,O,X,O,X,X
OZJTISL,O,X,X,X,X
OZJTLIS,O,X,O,O,X
OZJTLSI,O,X,O,O,X
OZJTSIL,O,X,X,X,X
OZJTSLI,O,X,X,X,X
OZJITLS,O,X,O,X,X
OZJITSL,O,X,X,X,X
OZJILTS,O,X,O,X,X
OZJILST,X,X,O,X,X
OZJISTL,O,O,X,X,X
OZJISLT,X,O,O,X,X
OZJLTIS,O,X,O,O,X
OZJLTSI,O,X,O,O,X
OZJLITS,O,X,O,X,X
OZJLIST,X,X,O,X,X
OZJLSTI,X,X,O,X,X
OZJLSIT,X,X,O,X,X
OZJSTIL,O,O,X,X,X
OZJSTLI,O,O,X,X,X
OZJSITL,O,O,X,X,X
OZJSILT,X,O,O,X,X
OZJSLTI,X,O,O,X,X
OZJSLIT,X,O,O,X,X
OZSTILJ,O,O,X,X,O
OZSTIJL,O,O,X,X,X
OZSTLIJ,O,O,X,X,O
OZSTLJI,O,O,X,X,O
OZSTJIL,O,O,X,X,X
OZSTJLI,O,O,X,X,X
OZSITLJ,O,O,X,X,O
OZSITJL,O,O,X,X,X
OZSILTJ,X,O,X,X,O
OZSILJT,X,O,O,X,X
OZSIJTL,O,O,X,X,X
OZSIJLT,X,O,O,X,X
OZSLTIJ,X,O,X,X,O
OZSLTJI,X,O,X,X,O
OZSLITJ,X,O,X,X,O
OZSLIJT,X,O,O,X,X
OZSLJTI,X,O,O,X,X
OZSLJIT,X,O,O,X,X
OZSJTIL,O,O,X,X,X
OZSJTLI,O,O,X,X,X
OZSJITL,O,O,X,X,X
OZSJILT,X,O,O,X,X
OZSJLTI,X,O,O,X,X
OZSJLIT,X,O,O,X,X
