sequence,v115@JhA8FeA8BeA8EeB8AeE8BeB8JeZEJvhFukBqlB/mBU?iBFjBTsB,v115@JhA8FeA8BeA8EeB8AeE8BeB8JeZEJvhFukBqlBThB/?nBFjBUsB,v115@JhA8FeA8BeA8EeB8AeE8BeB8JeZEJvhFukBFiBXjBC?mBUmBTsB,v115@JhA8FeA8BeA8EeB8AeE8BeB8JeZEJvhFukBChBXjBV?rBUnBTsB
TILJSZO,O,X,O,O
TILJSOZ,O,X,O,O
TILJZSO,O,O,O,O
TILJZOS,O,O,X,O
TILJOSZ,O,X,O,O
TILJOZS,O,O,O,O
TILSJZO,O,X,O,O
TILSJOZ,O,X,O,O
TILSZJO,O,X,O,O
TILSZOJ,O,X,X,O
TILSOJZ,O,X,O,O
TILSOZJ,O,X,X,O
TILZJSO,O,O,O,O
TILZJOS,O,O,X,O
TILZSJO,O,O,O,O
TILZSOJ,O,O,X,O
TILZOJS,O,O,X,O
TILZOSJ,O,O,X,O
TILOJSZ,O,X,O,O
TILOJZS,O,O,O,O
TILOSJZ,O,X,O,O
TILOSZJ,O,X,O,O
TILOZJS,O,O,O,O
TILOZSJ,O,O,O,O
TIJLSZO,O,X,O,O
TIJLSOZ,O,X,O,O
TIJLZSO,O,O,O,O
TIJLZOS,O,O,X,O
TIJLOSZ,O,X,O,O
TIJLOZS,O,O,O,O
TIJSLZO,O,X,O,O
TIJSLOZ,O,X,O,O
TIJSZLO,O,X,O,O
TIJSZOL,X,X,X,O
TIJSOLZ,O,X,O,O
TIJSOZL,X,X,X,O
TIJZLSO,O,O,X,O
TIJZLOS,O,O,X,O
TIJZSLO,X,O,X,O
TIJZSOL,X,O,X,O
TIJZOLS,O,X,X,O
TIJZOSL,X,X,X,O
TIJOLSZ,O,X,O,O
TIJOLZS,O,X,O,O
TIJOSLZ,O,X,O,O
TIJOSZL,O,X,O,O
TIJOZLS,O,X,O,O
TIJOZSL,O,X,O,O
TISLJZO,O,X,O,O
TISLJOZ,O,X,O,O
TISLZJO,O,X,O,O
TISLZOJ,O,X,X,O
TISLOJZ,O,X,O,O
TISLOZJ,O,X,X,O
TISJLZO,O,X,O,O
TISJLOZ,O,X,O,O
TISJZLO,O,X,O,O
TISJZOL,X,X,X,O
TISJOLZ,O,X,O,O
TISJOZL,X,X,X,O
TISZLJO,O,X,O,O
TISZLOJ,O,X,X,O
TISZJLO,O,X,O,O
TISZJOL,X,X,X,O
TISZOLJ,O,X,X,O
TISZOJL,X,X,X,O
TISOLJZ,O,X,O,O
TISOLZJ,O,X,X,O
TISOJLZ,O,X,O,O
TISOJZL,O,X,X,O
TISOZLJ,O,X,X,O
TISOZJL,O,X,X,O
TIZLJSO,O,O,X,O
TIZLJOS,O,O,X,O
TIZLSJO,O,O,X,O
TIZLSOJ,O,O,X,O
TIZLOJS,O,O,X,O
TIZLOSJ,O,O,X,O
TIZJLSO,O,O,X,O
TIZJLOS,O,O,X,O
TIZJSLO,X,O,X,O
TIZJSOL,X,O,X,O
TIZJOLS,O,X,X,O
TIZJOSL,X,X,X,O
TIZSLJO,O,O,X,O
TIZSLOJ,O,O,X,O
TIZSJLO,O,O,X,O
TIZSJOL,X,O,X,O
TIZSOLJ,O,O,X,O
TIZSOJL,X,O,X,O
TIZOLJS,O,O,X,O
TIZOLSJ,O,O,X,O
TIZOJLS,O,X,X,O
TIZOJSL,O,X,X,O
TIZOSLJ,O,O,X,O
TIZOSJL,O,O,X,O
TIOLJSZ,O,X,O,O
TIOLJZS,O,X,O,O
TIOLSJZ,O,X,O,O
TIOLSZJ,O,X,O,O
TIOLZJS,O,X,O,O
TIOLZSJ,O,X,O,O
TIOJLSZ,O,X,O,O
TIOJLZS,O,X,O,O
TIOJSLZ,O,X,O,O
TIOJSZL,O,X,O,O
TIOJZLS,O,X,O,O
TIOJZSL,O,X,O,O
TIOSLJZ,O,X,O,O
TIOSLZJ,O,X,O,O
TIOSJLZ,O,X,O,O
TIOSJZL,O,X,O,O
TIOSZLJ,O,X,O,O
TIOSZJL,O,X,O,O
TIOZLJS,O,X,O,O
TIOZLSJ,O,X,O,O
TIOZJLS,O,X,O,O
TIOZJSL,O,X,O,O
TIOZSLJ,O,X,O,O
TIOZSJL,O,X,O,O
TLIJSZO,O,X,O,O
TLIJSOZ,O,X,O,O
TLIJZSO,O,O,O,O
TLIJZOS,O,O,X,O
TLIJOSZ,O,X,O,O
TLIJOZS,O,O,O,O
TLISJZO,O,X,O,O
TLISJOZ,O,X,O,O
TLISZJO,O,X,O,O
TLISZOJ,O,X,X,O
TLISOJZ,O,X,O,O
TLISOZJ,O,X,X,O
TLIZJSO,O,O,O,O
TLIZJOS,O,O,X,O
TLIZSJO,O,O,O,O
TLIZSOJ,O,O,X,O
TLIZOJS,O,O,X,O
TLIZOSJ,O,O,X,O
TLIOJSZ,O,X,O,O
TLIOJZS,O,O,O,O
TLIOSJZ,O,X,O,O
TLIOSZJ,O,X,O,O
TLIOZJS,O,O,O,O
TLIOZSJ,O,O,O,O
TLJISZO,O,X,O,O
TLJISOZ,O,X,O,O
TLJIZSO,O,O,O,O
TLJIZOS,O,O,X,O
TLJIOSZ,O,X,O,O
TLJIOZS,O,O,O,O
TLJSIZO,O,X,O,O
TLJSIOZ,O,X,O,O
TLJSZIO,O,X,O,O
TLJSZOI,O,X,X,O
TLJSOIZ,O,X,O,O
TLJSOZI,O,X,X,O
TLJZISO,O,O,O,O
TLJZIOS,O,O,X,O
TLJZSIO,O,O,O,O
TLJZSOI,O,O,X,O
TLJZOIS,O,O,X,O
TLJZOSI,O,O,X,O
TLJOISZ,O,X,O,O
TLJOIZS,O,O,O,O
TLJOSIZ,O,X,O,O
TLJOSZI,O,X,O,O
TLJOZIS,O,O,O,O
TLJOZSI,O,O,O,O
TLSIJZO,O,X,O,O
TLSIJOZ,O,X,O,O
TLSIZJO,O,X,O,O
TLSIZOJ,O,X,X,O
TLSIOJZ,O,X,O,O
TLSIOZJ,O,X,X,O
TLSJIZO,O,X,O,O
TLSJIOZ,O,X,O,O
TLSJZIO,O,X,O,O
TLSJZOI,O,X,X,O
TLSJOIZ,O,X,O,O
TLSJOZI,O,X,X,O
TLSZIJO,O,X,O,O
TLSZIOJ,O,X,X,O
TLSZJIO,O,X,O,O
TLSZJOI,O,X,X,O
TLSZOIJ,O,X,X,O
TLSZOJI,O,X,X,O
TLSOIJZ,O,X,O,O
TLSOIZJ,O,X,X,O
TLSOJIZ,O,X,O,O
TLSOJZI,O,X,X,O
TLSOZIJ,O,X,X,O
TLSOZJI,O,X,X,O
TLZIJSO,O,O,O,O
TLZIJOS,O,O,X,O
TLZISJO,O,O,O,O
TLZISOJ,O,O,X,O
TLZIOJS,O,O,X,O
TLZIOSJ,O,O,X,O
TLZJISO,O,O,O,O
TLZJIOS,O,O,X,O
TLZJSIO,O,O,O,O
TLZJSOI,O,O,X,O
TLZJOIS,O,O,X,O
TLZJOSI,O,O,X,O
TLZSIJO,O,O,O,O
TLZSIOJ,O,O,X,O
TLZSJIO,O,O,O,O
TLZSJOI,O,O,X,O
TLZSOIJ,O,O,X,O
TLZSOJI,O,O,X,O
TLZOIJS,O,O,X,O
TLZOISJ,O,O,X,O
TLZOJIS,O,O,X,O
TLZOJSI,O,O,X,O
TLZOSIJ,O,O,X,O
TLZOSJI,O,O,X,O
TLOIJSZ,O,X,O,O
TLOIJZS,O,O,O,O
TLOISJZ,O,X,O,O
TLOISZJ,O,X,O,O
TLOIZJS,O,O,O,O
TLOIZSJ,O,O,O,O
TLOJISZ,O,X,O,O
TLOJIZS,O,O,O,O
TLOJSIZ,O,X,O,O
TLOJSZI,O,X,O,O
TLOJZIS,O,O,O,O
TLOJZSI,O,O,O,O
TLOSIJZ,O,X,O,O
TLOSIZJ,O,X,O,O
TLOSJIZ,O,X,O,O
TLOSJZI,O,X,O,O
TLOSZIJ,O,X,O,O
TLOSZJI,O,X,O,O
TLOZIJS,O,O,O,O
TLOZISJ,O,O,O,O
TLOZJIS,O,O,O,O
TLOZJSI,O,O,O,O
TLOZSIJ,O,O,O,O
TLOZSJI,O,O,O,O
TJILSZO,O,X,O,O
TJILSOZ,O,X,O,O
TJILZSO,O,O,O,O
TJILZOS,O,O,X,O
TJILOSZ,O,X,O,O
TJILOZS,O,O,O,O
TJISLZO,O,X,O,O
TJISLOZ,O,X,O,O
TJISZLO,O,X,O,O
TJISZOL,X,X,X,O
TJISOLZ,O,X,O,O
TJISOZL,X,X,X,O
TJIZLSO,O,O,X,O
TJIZLOS,O,O,X,O
TJIZSLO,X,O,X,O
TJIZSOL,X,O,X,O
TJIZOLS,O,X,X,O
TJIZOSL,X,X,X,O
TJIOLSZ,O,X,O,O
TJIOLZS,O,X,O,O
TJIOSLZ,O,X,O,O
TJIOSZL,O,X,O,O
TJIOZLS,O,X,O,O
TJIOZSL,O,X,O,O
TJLISZO,O,X,O,O
TJLISOZ,O,X,O,O
TJLIZSO,O,O,O,O
TJLIZOS,O,O,X,O
TJLIOSZ,O,X,O,O
TJLIOZS,O,O,O,O
TJLSIZO,O,X,O,O
TJLSIOZ,O,X,O,O
TJLSZIO,O,X,O,O
TJLSZOI,O,X,X,O
TJLSOIZ,O,X,O,O
TJLSOZI,O,X,X,O
TJLZISO,O,O,O,O
TJLZIOS,O,O,X,O
TJLZSIO,O,O,O,O
TJLZSOI,O,O,X,O
TJLZOIS,O,O,X,O
TJLZOSI,O,O,X,O
TJLOISZ,O,X,O,O
TJLOIZS,O,O,O,O
TJLOSIZ,O,X,O,O
TJLOSZI,O,X,O,O
TJLOZIS,O,O,O,O
TJLOZSI,O,O,O,O
TJSILZO,O,X,O,O
TJSILOZ,O,X,O,O
TJSIZLO,O,X,O,O
TJSIZOL,X,X,X,O
TJSIOLZ,O,X,O,O
TJSIOZL,X,X,X,O
TJSLIZO,O,X,O,O
TJSLIOZ,O,X,O,O
TJSLZIO,O,X,O,O
TJSLZOI,O,X,X,O
TJSLOIZ,O,X,O,O
TJSLOZI,O,X,X,O
TJSZILO,O,X,O,O
TJSZIOL,X,X,X,O
TJSZLIO,O,X,O,O
TJSZLOI,O,X,X,O
TJSZOIL,X,X,X,O
TJSZOLI,X,X,X,O
TJSOILZ,O,X,O,O
TJSOIZL,X,X,X,O
TJSOLIZ,O,X,O,O
TJSOLZI,O,X,X,O
TJSOZIL,X,X,X,O
TJSOZLI,X,X,X,O
TJZILSO,O,O,X,O
TJZILOS,O,O,X,O
TJZISLO,X,O,X,O
TJZISOL,X,O,X,O
TJZIOLS,O,X,X,O
TJZIOSL,X,X,X,O
TJZLISO,O,O,X,O
TJZLIOS,O,O,X,O
TJZLSIO,O,O,X,O
TJZLSOI,O,O,X,O
TJZLOIS,O,O,X,O
TJZLOSI,O,O,X,O
TJZSILO,X,O,X,O
TJZSIOL,X,O,X,O
TJZSLIO,X,O,X,O
TJZSLOI,X,O,X,O
TJZSOIL,X,O,X,O
TJZSOLI,X,O,X,O
TJZOILS,O,X,X,O
TJZOISL,X,X,X,O
TJZOLIS,O,X,X,O
TJZOLSI,O,X,X,O
TJZOSIL,X,X,X,O
TJZOSLI,X,X,X,O
TJOILSZ,O,X,O,O
TJOILZS,O,X,O,O
TJOISLZ,O,X,O,O
TJOISZL,O,X,O,O
TJOIZLS,O,X,O,O
TJOIZSL,O,X,O,O
TJOLISZ,O,X,O,O
TJOLIZS,O,X,O,O
TJOLSIZ,O,X,O,O
TJOLSZI,O,X,O,O
TJOLZIS,O,X,O,O
TJOLZSI,O,X,O,O
TJOSILZ,O,X,O,O
TJOSIZL,O,X,O,O
TJOSLIZ,O,X,O,O
TJOSLZI,O,X,O,O
TJOSZIL,O,X,O,O
TJOSZLI,O,X,O,O
TJOZILS,O,X,O,O
TJOZISL,O,X,O,O
TJOZLIS,O,X,O,O
TJOZLSI,O,X,O,O
TJOZSIL,O,X,O,O
TJOZSLI,O,X,O,O
TSILJZO,O,X,O,O
TSILJOZ,O,X,O,O
TSILZJO,O,X,O,O
TSILZOJ,O,X,X,O
TSILOJZ,O,X,O,O
TSILOZJ,O,X,X,O
TSIJLZO,O,X,O,O
TSIJLOZ,O,X,O,O
TSIJZLO,O,X,O,O
TSIJZOL,X,X,X,O
TSIJOLZ,O,X,O,O
TSIJOZL,X,X,X,O
TSIZLJO,O,X,O,O
TSIZLOJ,O,X,X,O
TSIZJLO,O,X,O,O
TSIZJOL,X,X,X,O
TSIZOLJ,O,X,X,O
TSIZOJL,X,X,X,O
TSIOLJZ,O,X,O,O
TSIOLZJ,O,X,X,O
TSIOJLZ,O,X,O,O
TSIOJZL,O,X,X,O
TSIOZLJ,O,X,X,O
TSIOZJL,O,X,X,O
TSLIJZO,O,X,O,O
TSLIJOZ,O,X,O,O
TSLIZJO,O,X,O,O
TSLIZOJ,O,X,X,O
TSLIOJZ,O,X,O,O
TSLIOZJ,O,X,X,O
TSLJIZO,O,X,O,O
TSLJIOZ,O,X,O,O
TSLJZIO,O,X,O,O
TSLJZOI,O,X,X,O
TSLJOIZ,O,X,O,O
TSLJOZI,O,X,X,O
TSLZIJO,O,X,O,O
TSLZIOJ,O,X,X,O
TSLZJIO,O,X,O,O
TSLZJOI,O,X,X,O
TSLZOIJ,O,X,X,O
TSLZOJI,O,X,X,O
TSLOIJZ,O,X,O,O
TSLOIZJ,O,X,X,O
TSLOJIZ,O,X,O,O
TSLOJZI,O,X,X,O
TSLOZIJ,O,X,X,O
TSLOZJI,O,X,X,O
TSJILZO,O,X,O,O
TSJILOZ,O,X,O,O
TSJIZLO,O,X,O,O
TSJIZOL,X,X,X,O
TSJIOLZ,O,X,O,O
TSJIOZL,X,X,X,O
TSJLIZO,O,X,O,O
TSJLIOZ,O,X,O,O
TSJLZIO,O,X,O,O
TSJLZOI,O,X,X,O
TSJLOIZ,O,X,O,O
TSJLOZI,O,X,X,O
TSJZILO,O,X,O,O
TSJZIOL,X,X,X,O
TSJZLIO,O,X,O,O
TSJZLOI,O,X,X,O
TSJZOIL,X,X,X,O
TSJZOLI,X,X,X,O
TSJOILZ,O,X,O,O
TSJOIZL,X,X,X,O
TSJOLIZ,O,X,O,O
TSJOLZI,O,X,X,O
TSJOZIL,X,X,X,O
TSJOZLI,X,X,X,O
TSZILJO,O,X,O,O
TSZILOJ,O,X,X,O
TSZIJLO,O,X,O,O
TSZIJOL,X,X,X,O
TSZIOLJ,O,X,X,O
TSZIOJL,X,X,X,O
TSZLIJO,O,X,O,O
TSZLIOJ,O,X,X,O
TSZLJIO,O,X,O,O
TSZLJOI,O,X,X,O
TSZLOIJ,O,X,X,O
TSZLOJI,O,X,X,O
TSZJILO,O,X,O,O
TSZJIOL,X,X,X,O
TSZJLIO,O,X,O,O
TSZJLOI,O,X,X,O
TSZJOIL,X,X,X,O
TSZJOLI,X,X,X,O
TSZOILJ,O,X,X,O
TSZOIJL,X,X,X,O
TSZOLIJ,O,X,X,O
TSZOLJI,O,X,X,O
TSZOJIL,X,X,X,O
TSZOJLI,X,X,X,O
TSOILJZ,O,X,O,O
TSOILZJ,O,X,X,O
TSOIJLZ,O,X,O,O
TSOIJZL,O,X,X,O
TSOIZLJ,O,X,X,O
TSOIZJL,O,X,X,O
TSOLIJZ,O,X,O,O
TSOLIZJ,O,X,X,O
TSOLJIZ,O,X,O,O
TSOLJZI,O,X,X,O
TSOLZIJ,O,X,X,O
TSOLZJI,O,X,X,O
TSOJILZ,O,X,O,O
TSOJIZL,O,X,X,O
TSOJLIZ,O,X,O,O
TSOJLZI,O,X,X,O
TSOJZIL,O,X,X,O
TSOJZLI,O,X,X,O
TSOZILJ,O,X,X,O
TSOZIJL,O,X,X,O
TSOZLIJ,O,X,X,O
TSOZLJI,O,X,X,O
TSOZJIL,O,X,X,O
TSOZJLI,O,X,X,O
TZILJSO,O,O,X,O
TZILJOS,O,O,X,O
TZILSJO,O,O,X,O
TZILSOJ,O,O,X,O
TZILOJS,O,O,X,O
TZILOSJ,O,O,X,O
TZIJLSO,O,O,X,O
TZIJLOS,O,O,X,O
TZIJSLO,X,O,X,O
TZIJSOL,X,O,X,O
TZIJOLS,O,X,X,O
TZIJOSL,X,X,X,O
TZISLJO,O,O,X,O
TZISLOJ,O,O,X,O
TZISJLO,O,O,X,O
TZISJOL,X,O,X,O
TZISOLJ,O,O,X,O
TZISOJL,X,O,X,O
TZIOLJS,O,O,X,O
TZIOLSJ,O,O,X,O
TZIOJLS,O,X,X,O
TZIOJSL,O,X,X,O
TZIOSLJ,O,O,X,O
TZIOSJL,O,O,X,O
TZLIJSO,O,O,X,O
TZLIJOS,O,O,X,O
TZLISJO,O,O,X,O
TZLISOJ,O,O,X,O
TZLIOJS,O,O,X,O
TZLIOSJ,O,O,X,O
TZLJISO,O,O,X,O
TZLJIOS,O,O,X,O
TZLJSIO,O,O,X,O
TZLJSOI,O,O,X,O
TZLJOIS,O,O,X,O
TZLJOSI,O,O,X,O
TZLSIJO,O,O,X,O
TZLSIOJ,O,O,X,O
TZLSJIO,O,O,X,O
TZLSJOI,O,O,X,O
TZLSOIJ,O,O,X,O
TZLSOJI,O,O,X,O
TZLOIJS,O,O,X,O
TZLOISJ,O,O,X,O
TZLOJIS,O,O,X,O
TZLOJSI,O,O,X,O
TZLOSIJ,O,O,X,O
TZLOSJI,O,O,X,O
TZJILSO,O,O,X,O
TZJILOS,O,O,X,O
TZJISLO,X,O,X,O
TZJISOL,X,O,X,O
TZJIOLS,O,X,X,O
TZJIOSL,X,X,X,O
TZJLISO,O,O,X,O
TZJLIOS,O,O,X,O
TZJLSIO,O,O,X,O
TZJLSOI,O,O,X,O
TZJLOIS,O,O,X,O
TZJLOSI,O,O,X,O
TZJSILO,X,O,X,O
TZJSIOL,X,O,X,O
TZJSLIO,X,O,X,O
TZJSLOI,X,O,X,O
TZJSOIL,X,O,X,O
TZJSOLI,X,O,X,O
TZJOILS,O,X,X,O
TZJOISL,X,X,X,O
TZJOLIS,O,X,X,O
TZJOLSI,O,X,X,O
TZJOSIL,X,X,X,O
TZJOSLI,X,X,X,O
TZSILJO,O,O,X,O
TZSILOJ,O,O,X,O
TZSIJLO,O,O,X,O
TZSIJOL,X,O,X,O
TZSIOLJ,O,O,X,O
TZSIOJL,X,O,X,O
TZSLIJO,O,O,X,O
TZSLIOJ,O,O,X,O
TZSLJIO,O,O,X,O
TZSLJOI,O,O,X,O
TZSLOIJ,O,O,X,O
TZSLOJI,O,O,X,O
TZSJILO,O,O,X,O
TZSJIOL,X,O,X,O
TZSJLIO,O,O,X,O
TZSJLOI,O,O,X,O
TZSJOIL,X,O,X,O
TZSJOLI,X,O,X,O
TZSOILJ,O,O,X,O
TZSOIJL,X,O,X,O
TZSOLIJ,O,O,X,O
TZSOLJI,O,O,X,O
TZSOJIL,X,O,X,O
TZSOJLI,X,O,X,O
TZOILJS,O,O,X,O
TZOILSJ,O,O,X,O
TZOIJLS,O,X,X,O
TZOIJSL,O,X,X,O
TZOISLJ,O,O,X,O
TZOISJL,O,O,X,O
TZOLIJS,O,O,X,O
TZOLISJ,O,O,X,O
TZOLJIS,O,O,X,O
TZOLJSI,O,O,X,O
TZOLSIJ,O,O,X,O
TZOLSJI,O,O,X,O
TZOJILS,O,X,X,O
TZOJISL,O,X,X,O
TZOJLIS,O,X,X,O
TZOJLSI,O,X,X,O
TZOJSIL,O,X,X,O
TZOJSLI,O,X,X,O
TZOSILJ,O,O,X,O
TZOSIJL,O,O,X,O
TZOSLIJ,O,O,X,O
TZOSLJI,O,O,X,O
TZOSJIL,O,O,X,O
TZOSJLI,O,O,X,O
TOILJSZ,O,X,O,O
TOILJZS,O,X,O,O
TOILSJZ,O,X,O,O
TOILSZJ,O,X,O,O
TOILZJS,O,X,O,O
TOILZSJ,O,X,O,O
TOIJLSZ,O,X,O,O
TOIJLZS,O,X,O,O
TOIJSLZ,O,X,O,O
TOIJSZL,O,X,O,O
TOIJZLS,O,X,O,O
TOIJZSL,O,X,O,O
TOISLJZ,O,X,O,O
TOISLZJ,O,X,O,O
TOISJLZ,O,X,O,O
TOISJZL,O,X,O,O
TOISZLJ,O,X,O,O
TOISZJL,O,X,O,O
TOIZLJS,O,X,O,O
TOIZLSJ,O,X,O,O
TOIZJLS,O,X,O,O
TOIZJSL,O,X,O,O
TOIZSLJ,O,X,O,O
TOIZSJL,O,X,O,O
TOLIJSZ,O,X,O,O
TOLIJZS,O,X,O,O
TOLISJZ,O,X,O,O
TOLISZJ,O,X,O,O
TOLIZJS,O,X,O,O
TOLIZSJ,O,X,O,O
TOLJISZ,O,X,O,O
TOLJIZS,O,X,O,O
TOLJSIZ,O,X,O,O
TOLJSZI,O,X,O,O
TOLJZIS,O,X,O,O
TOLJZSI,O,X,O,O
TOLSIJZ,O,X,O,O
TOLSIZJ,O,X,O,O
TOLSJIZ,O,X,O,O
TOLSJZI,O,X,O,O
TOLSZIJ,O,X,O,O
TOLSZJI,O,X,O,O
TOLZIJS,O,X,O,O
TOLZISJ,O,X,O,O
TOLZJIS,O,X,O,O
TOLZJSI,O,X,O,O
TOLZSIJ,O,X,O,O
TOLZSJI,O,X,O,O
TOJILSZ,O,X,O,O
TOJILZS,O,X,O,O
TOJISLZ,O,X,O,O
TOJISZL,O,X,O,O
TOJIZLS,O,X,O,O
TOJIZSL,O,X,O,O
TOJLISZ,O,X,O,O
TOJLIZS,O,X,O,O
TOJLSIZ,O,X,O,O
TOJLSZI,O,X,O,O
TOJLZIS,O,X,O,O
TOJLZSI,O,X,O,O
TOJSILZ,O,X,O,O
TOJSIZL,O,X,O,O
TOJSLIZ,O,X,O,O
TOJSLZI,O,X,O,O
TOJSZIL,O,X,O,O
TOJSZLI,O,X,O,O
TOJZILS,O,X,O,O
TOJZISL,O,X,O,O
TOJZLIS,O,X,O,O
TOJZLSI,O,X,O,O
TOJZSIL,O,X,O,O
TOJZSLI,O,X,O,O
TOSILJZ,O,X,O,O
TOSILZJ,O,X,O,O
TOSIJLZ,O,X,O,O
TOSIJZL,O,X,O,O
TOSIZLJ,O,X,O,O
TOSIZJL,O,X,O,O
TOSLIJZ,O,X,O,O
TOSLIZJ,O,X,O,O
TOSLJIZ,O,X,O,O
TOSLJZI,O,X,O,O
TOSLZIJ,O,X,O,O
TOSLZJI,O,X,O,O
TOSJILZ,O,X,O,O
TOSJIZL,O,X,O,O
TOSJLIZ,O,X,O,O
TOSJLZI,O,X,O,O
TOSJZIL,O,X,O,O
TOSJZLI,O,X,O,O
TOSZILJ,O,X,O,O
TOSZIJL,O,X,O,O
TOSZLIJ,O,X,O,O
TOSZLJI,O,X,O,O
TOSZJIL,O,X,O,O
TOSZJLI,O,X,O,O
TOZILJS,O,X,O,O
TOZILSJ,O,X,O,O
TOZIJLS,O,X,O,O
TOZIJSL,O,X,O,O
TOZISLJ,O,X,O,O
TOZISJL,O,X,O,O
TOZLIJS,O,X,O,O
TOZLISJ,O,X,O,O
TOZLJIS,O,X,O,O
TOZLJSI,O,X,O,O
TOZLSIJ,O,X,O,O
TOZLSJI,O,X,O,O
TOZJILS,O,X,O,O
TOZJISL,O,X,O,O
TOZJLIS,O,X,O,O
TOZJLSI,O,X,O,O
TOZJSIL,O,X,O,O
TOZJSLI,O,X,O,O
TOZSILJ,O,X,O,O
TOZSIJL,O,X,O,O
TOZSLIJ,O,X,O,O
TOZSLJI,O,X,O,O
TOZSJIL,O,X,O,O
TOZSJLI,O,X,O,O
ITLJSZO,O,X,O,O
ITLJSOZ,O,X,O,O
ITLJZSO,O,O,O,O
ITLJZOS,O,O,X,O
ITLJOSZ,O,X,O,O
ITLJOZS,O,O,O,O
ITLSJZO,O,X,O,O
ITLSJOZ,O,X,O,O
ITLSZJO,O,X,O,O
ITLSZOJ,O,X,X,O
ITLSOJZ,O,X,O,O
ITLSOZJ,O,X,X,O
ITLZJSO,O,O,O,O
ITLZJOS,O,O,X,O
ITLZSJO,O,O,O,O
ITLZSOJ,O,O,X,O
ITLZOJS,O,O,X,O
ITLZOSJ,O,O,X,O
ITLOJSZ,O,X,O,O
ITLOJZS,O,O,O,O
ITLOSJZ,O,X,O,O
ITLOSZJ,O,X,O,O
ITLOZJS,O,O,O,O
ITLOZSJ,O,O,O,O
ITJLSZO,O,X,O,O
ITJLSOZ,O,X,O,O
ITJLZSO,O,O,O,O
ITJLZOS,O,O,X,O
ITJLOSZ,O,X,O,O
ITJLOZS,O,O,O,O
ITJSLZO,O,X,O,O
ITJSLOZ,O,X,O,O
ITJSZLO,O,X,O,O
ITJSZOL,X,X,X,O
ITJSOLZ,O,X,O,O
ITJSOZL,X,X,X,O
ITJZLSO,O,O,X,O
ITJZLOS,O,O,X,O
ITJZSLO,X,O,X,O
ITJZSOL,X,O,X,O
ITJZOLS,O,X,X,O
ITJZOSL,X,X,X,O
ITJOLSZ,O,X,O,O
ITJOLZS,O,X,O,O
ITJOSLZ,O,X,O,O
ITJOSZL,O,X,O,O
ITJOZLS,O,X,O,O
ITJOZSL,O,X,O,O
ITSLJZO,O,X,O,O
ITSLJOZ,O,X,O,O
ITSLZJO,O,X,O,O
ITSLZOJ,O,X,X,O
ITSLOJZ,O,X,O,O
ITSLOZJ,O,X,X,O
ITSJLZO,O,X,O,O
ITSJLOZ,O,X,O,O
ITSJZLO,O,X,O,O
ITSJZOL,X,X,X,O
ITSJOLZ,O,X,O,O
ITSJOZL,X,X,X,O
ITSZLJO,O,X,O,O
ITSZLOJ,O,X,X,O
ITSZJLO,O,X,O,O
ITSZJOL,X,X,X,O
ITSZOLJ,O,X,X,O
ITSZOJL,X,X,X,O
ITSOLJZ,O,X,O,O
ITSOLZJ,O,X,X,O
ITSOJLZ,O,X,O,O
ITSOJZL,O,X,X,O
ITSOZLJ,O,X,X,O
ITSOZJL,O,X,X,O
ITZLJSO,O,O,X,O
ITZLJOS,O,O,X,O
ITZLSJO,O,O,X,O
ITZLSOJ,O,O,X,O
ITZLOJS,O,O,X,O
ITZLOSJ,O,O,X,O
ITZJLSO,O,O,X,O
ITZJLOS,O,O,X,O
ITZJSLO,X,O,X,O
ITZJSOL,X,O,X,O
ITZJOLS,O,X,X,O
ITZJOSL,X,X,X,O
ITZSLJO,O,O,X,O
ITZSLOJ,O,O,X,O
ITZSJLO,O,O,X,O
ITZSJOL,X,O,X,O
ITZSOLJ,O,O,X,O
ITZSOJL,X,O,X,O
ITZOLJS,O,O,X,O
ITZOLSJ,O,O,X,O
ITZOJLS,O,X,X,O
ITZOJSL,O,X,X,O
ITZOSLJ,O,O,X,O
ITZOSJL,O,O,X,O
ITOLJSZ,O,X,O,O
ITOLJZS,O,X,O,O
ITOLSJZ,O,X,O,O
ITOLSZJ,O,X,O,O
ITOLZJS,O,X,O,O
ITOLZSJ,O,X,O,O
ITOJLSZ,O,X,O,O
ITOJLZS,O,X,O,O
ITOJSLZ,O,X,O,O
ITOJSZL,O,X,O,O
ITOJZLS,O,X,O,O
ITOJZSL,O,X,O,O
ITOSLJZ,O,X,O,O
ITOSLZJ,O,X,O,O
ITOSJLZ,O,X,O,O
ITOSJZL,O,X,O,O
ITOSZLJ,O,X,O,O
ITOSZJL,O,X,O,O
ITOZLJS,O,X,O,O
ITOZLSJ,O,X,O,O
ITOZJLS,O,X,O,O
ITOZJSL,O,X,O,O
ITOZSLJ,O,X,O,O
ITOZSJL,O,X,O,O
ILTJSZO,O,X,O,O
ILTJSOZ,O,X,O,O
ILTJZSO,O,O,O,O
ILTJZOS,O,O,X,O
ILTJOSZ,O,X,O,O
ILTJOZS,O,O,O,O
ILTSJZO,O,X,O,O
ILTSJOZ,O,X,O,O
ILTSZJO,O,X,O,O
ILTSZOJ,O,X,X,O
ILTSOJZ,O,X,O,O
ILTSOZJ,O,X,X,O
ILTZJSO,O,O,O,O
ILTZJOS,O,O,X,O
ILTZSJO,O,O,O,O
ILTZSOJ,O,O,X,O
ILTZOJS,O,O,X,O
ILTZOSJ,O,O,X,O
ILTOJSZ,O,X,O,O
ILTOJZS,O,O,O,O
ILTOSJZ,O,X,O,O
ILTOSZJ,O,X,O,O
ILTOZJS,O,O,O,O
ILTOZSJ,O,O,O,O
ILJTSZO,O,X,O,O
ILJTSOZ,O,X,O,O
ILJTZSO,O,O,O,O
ILJTZOS,O,O,X,O
ILJTOSZ,O,X,O,O
ILJTOZS,O,O,O,O
ILJSTZO,O,X,O,O
ILJSTOZ,O,X,O,O
ILJSZTO,O,O,O,X
ILJSZOT,O,O,X,X
ILJSOTZ,O,X,O,X
ILJSOZT,O,O,O,X
ILJZTSO,O,O,O,X
ILJZTOS,O,O,X,X
ILJZSTO,O,O,O,X
ILJZSOT,O,O,X,X
ILJZOTS,O,O,O,X
ILJZOST,O,O,O,X
ILJOTSZ,O,X,O,X
ILJOTZS,O,O,O,X
ILJOSTZ,O,X,O,X
ILJOSZT,O,O,O,X
ILJOZTS,O,O,O,X
ILJOZST,O,O,O,X
ILSTJZO,O,X,O,O
ILSTJOZ,O,X,O,O
ILSTZJO,O,X,O,O
ILSTZOJ,O,X,X,O
ILSTOJZ,O,X,O,O
ILSTOZJ,O,X,X,O
ILSJTZO,O,X,O,O
ILSJTOZ,O,X,O,O
ILSJZTO,O,O,O,X
ILSJZOT,O,O,X,X
ILSJOTZ,O,X,O,X
ILSJOZT,O,O,O,X
ILSZTJO,O,O,O,X
ILSZTOJ,O,O,X,X
ILSZJTO,O,O,O,X
ILSZJOT,O,O,X,X
ILSZOTJ,O,O,X,X
ILSZOJT,O,O,X,X
ILSOTJZ,O,X,O,X
ILSOTZJ,O,X,O,X
ILSOJTZ,O,X,O,X
ILSOJZT,O,O,O,X
ILSOZTJ,O,O,O,X
ILSOZJT,O,O,O,X
ILZTJSO,O,O,O,X
ILZTJOS,O,O,X,X
ILZTSJO,O,O,O,X
ILZTSOJ,O,O,X,X
ILZTOJS,O,O,X,X
ILZTOSJ,O,O,X,X
ILZJTSO,O,O,O,X
ILZJTOS,O,O,X,X
ILZJSTO,O,O,O,X
ILZJSOT,O,O,X,X
ILZJOTS,O,O,O,X
ILZJOST,O,O,O,X
ILZSTJO,O,O,O,X
ILZSTOJ,O,O,X,X
ILZSJTO,O,O,O,X
ILZSJOT,O,O,X,X
ILZSOTJ,O,O,X,X
ILZSOJT,O,O,X,X
ILZOTJS,O,O,O,X
ILZOTSJ,O,O,O,X
ILZOJTS,O,O,O,X
ILZOJST,O,O,O,X
ILZOSTJ,O,O,O,X
ILZOSJT,O,O,O,X
ILOTJSZ,O,X,O,X
ILOTJZS,O,O,O,X
ILOTSJZ,O,X,O,X
ILOTSZJ,O,X,O,X
ILOTZJS,O,O,O,X
ILOTZSJ,O,O,O,X
ILOJTSZ,O,X,O,X
ILOJTZS,O,O,O,X
ILOJSTZ,O,X,O,X
ILOJSZT,O,O,O,X
ILOJZTS,O,O,O,X
ILOJZST,O,O,O,X
ILOSTJZ,O,X,O,X
ILOSTZJ,O,X,O,X
ILOSJTZ,O,X,O,X
ILOSJZT,O,O,O,X
ILOSZTJ,O,O,O,X
ILOSZJT,O,O,O,X
ILOZTJS,O,O,O,X
ILOZTSJ,O,O,O,X
ILOZJTS,O,O,O,X
ILOZJST,O,O,O,X
ILOZSTJ,O,O,O,X
ILOZSJT,O,O,O,X
IJTLSZO,O,X,O,O
IJTLSOZ,O,X,O,O
IJTLZSO,O,O,O,O
IJTLZOS,O,O,X,O
IJTLOSZ,O,X,O,O
IJTLOZS,O,O,O,O
IJTSLZO,O,X,O,O
IJTSLOZ,O,X,O,O
IJTSZLO,O,X,O,O
IJTSZOL,X,X,X,O
IJTSOLZ,O,X,O,O
IJTSOZL,X,X,X,O
IJTZLSO,O,O,X,O
IJTZLOS,O,O,X,O
IJTZSLO,X,O,X,O
IJTZSOL,X,O,X,O
IJTZOLS,O,X,X,O
IJTZOSL,X,X,X,O
IJTOLSZ,O,X,O,O
IJTOLZS,O,X,O,O
IJTOSLZ,O,X,O,O
IJTOSZL,O,X,O,O
IJTOZLS,O,X,O,O
IJTOZSL,O,X,O,O
IJLTSZO,O,X,O,O
IJLTSOZ,O,X,O,O
IJLTZSO,O,O,O,O
IJLTZOS,O,O,X,O
IJLTOSZ,O,X,O,O
IJLTOZS,O,O,O,O
IJLSTZO,O,X,O,O
IJLSTOZ,O,X,O,O
IJLSZTO,O,O,O,X
IJLSZOT,O,O,X,X
IJLSOTZ,O,X,O,X
IJLSOZT,O,O,O,X
IJLZTSO,O,O,O,X
IJLZTOS,O,O,X,X
IJLZSTO,O,O,O,X
IJLZSOT,O,O,X,X
IJLZOTS,O,O,O,X
IJLZOST,O,O,O,X
IJLOTSZ,O,X,O,X
IJLOTZS,O,O,O,X
IJLOSTZ,O,X,O,X
IJLOSZT,O,O,O,X
IJLOZTS,O,O,O,X
IJLOZST,O,O,O,X
IJSTLZO,O,X,O,O
IJSTLOZ,O,X,O,O
IJSTZLO,O,X,O,O
IJSTZOL,X,X,X,O
IJSTOLZ,O,X,O,O
IJSTOZL,X,X,X,O
IJSLTZO,O,X,O,O
IJSLTOZ,O,X,O,O
IJSLZTO,O,O,O,X
IJSLZOT,O,O,X,X
IJSLOTZ,O,X,O,X
IJSLOZT,O,O,O,X
IJSZTLO,O,O,O,O
IJSZTOL,X,O,X,O
IJSZLTO,O,O,O,X
IJSZLOT,O,O,X,X
IJSZOTL,X,O,X,X
IJSZOLT,X,O,X,X
IJSOTLZ,O,X,O,O
IJSOTZL,O,X,O,O
IJSOLTZ,O,X,O,X
IJSOLZT,O,X,O,X
IJSOZTL,O,X,O,X
IJSOZLT,O,X,O,X
IJZTLSO,O,O,X,O
IJZTLOS,O,O,X,O
IJZTSLO,X,O,X,O
IJZTSOL,X,O,X,O
IJZTOLS,O,X,X,O
IJZTOSL,X,X,X,O
IJZLTSO,O,O,O,X
IJZLTOS,O,O,X,X
IJZLSTO,O,O,O,X
IJZLSOT,O,O,X,X
IJZLOTS,O,O,O,X
IJZLOST,O,O,O,X
IJZSTLO,X,O,O,O
IJZSTOL,X,O,X,O
IJZSLTO,X,O,O,X
IJZSLOT,X,O,X,X
IJZSOTL,X,O,X,X
IJZSOLT,X,O,X,X
IJZOTLS,O,X,O,X
IJZOTSL,X,X,O,X
IJZOLTS,O,O,O,X
IJZOLST,O,O,O,X
IJZOSTL,X,O,O,X
IJZOSLT,X,O,O,X
IJOTLSZ,O,X,O,O
IJOTLZS,O,X,O,O
IJOTSLZ,O,X,O,O
IJOTSZL,O,X,O,O
IJOTZLS,O,X,O,O
IJOTZSL,O,X,O,O
IJOLTSZ,O,X,O,X
IJOLTZS,O,O,O,X
IJOLSTZ,O,X,O,X
IJOLSZT,O,O,O,X
IJOLZTS,O,O,O,X
IJOLZST,O,O,O,X
IJOSTLZ,O,X,O,O
IJOSTZL,O,X,O,O
IJOSLTZ,O,X,O,X
IJOSLZT,O,X,O,X
IJOSZTL,O,X,O,X
IJOSZLT,O,X,O,X
IJOZTLS,O,X,O,X
IJOZTSL,O,X,O,X
IJOZLTS,O,O,O,X
IJOZLST,O,O,O,X
IJOZSTL,O,O,O,X
IJOZSLT,O,O,O,X
ISTLJZO,O,X,O,O
ISTLJOZ,O,X,O,O
ISTLZJO,O,X,O,O
ISTLZOJ,O,X,X,O
ISTLOJZ,O,X,O,O
ISTLOZJ,O,X,X,O
ISTJLZO,O,X,O,O
ISTJLOZ,O,X,O,O
ISTJZLO,O,X,O,O
ISTJZOL,X,X,X,O
ISTJOLZ,O,X,O,O
ISTJOZL,X,X,X,O
ISTZLJO,O,X,O,O
ISTZLOJ,O,X,X,O
ISTZJLO,O,X,O,O
ISTZJOL,X,X,X,O
ISTZOLJ,O,X,X,O
ISTZOJL,X,X,X,O
ISTOLJZ,O,X,O,O
ISTOLZJ,O,X,X,O
ISTOJLZ,O,X,O,O
ISTOJZL,O,X,X,O
ISTOZLJ,O,X,X,O
ISTOZJL,O,X,X,O
ISLTJZO,O,X,O,O
ISLTJOZ,O,X,O,O
ISLTZJO,O,X,O,O
ISLTZOJ,O,X,X,O
ISLTOJZ,O,X,O,O
ISLTOZJ,O,X,X,O
ISLJTZO,O,X,O,O
ISLJTOZ,O,X,O,O
ISLJZTO,O,O,O,X
ISLJZOT,O,O,X,X
ISLJOTZ,O,X,O,X
ISLJOZT,O,O,O,X
ISLZTJO,O,O,O,X
ISLZTOJ,O,O,X,X
ISLZJTO,O,O,O,X
ISLZJOT,O,O,X,X
ISLZOTJ,O,O,X,X
ISLZOJT,O,O,X,X
ISLOTJZ,O,X,O,X
ISLOTZJ,O,X,O,X
ISLOJTZ,O,X,O,X
ISLOJZT,O,O,O,X
ISLOZTJ,O,O,O,X
ISLOZJT,O,O,O,X
ISJTLZO,O,X,O,O
ISJTLOZ,O,X,O,O
ISJTZLO,O,X,O,O
ISJTZOL,X,X,X,O
ISJTOLZ,O,X,O,O
ISJTOZL,X,X,X,O
ISJLTZO,O,X,O,O
ISJLTOZ,O,X,O,O
ISJLZTO,O,O,O,X
ISJLZOT,O,O,X,X
ISJLOTZ,O,X,O,X
ISJLOZT,O,O,O,X
ISJZTLO,O,O,O,O
ISJZTOL,X,O,X,O
ISJZLTO,O,O,O,X
ISJZLOT,O,O,X,X
ISJZOTL,X,O,X,X
ISJZOLT,X,O,X,X
ISJOTLZ,O,X,O,O
ISJOTZL,O,X,O,O
ISJOLTZ,O,X,O,X
ISJOLZT,O,X,O,X
ISJOZTL,O,X,O,X
ISJOZLT,O,X,O,X
ISZTLJO,O,O,O,O
ISZTLOJ,O,O,X,O
ISZTJLO,O,O,O,O
ISZTJOL,X,O,X,O
ISZTOLJ,O,O,X,O
ISZTOJL,X,O,X,O
ISZLTJO,O,O,O,X
ISZLTOJ,O,O,X,X
ISZLJTO,O,O,O,X
ISZLJOT,O,O,X,X
ISZLOTJ,O,O,X,X
ISZLOJT,O,O,X,X
ISZJTLO,O,O,O,O
ISZJTOL,X,O,X,O
ISZJLTO,O,O,O,X
ISZJLOT,O,O,X,X
ISZJOTL,X,O,X,X
ISZJOLT,X,O,X,X
ISZOTLJ,O,O,X,X
ISZOTJL,O,O,X,X
ISZOLTJ,O,O,X,X
ISZOLJT,O,O,X,X
ISZOJTL,O,O,X,X
ISZOJLT,O,O,X,X
ISOTLJZ,O,X,O,O
ISOTLZJ,O,X,O,O
ISOTJLZ,O,X,O,O
ISOTJZL,O,X,O,O
ISOTZLJ,O,X,O,O
ISOTZJL,O,X,O,O
ISOLTJZ,O,X,O,X
ISOLTZJ,O,X,O,X
ISOLJTZ,O,X,O,X
ISOLJZT,O,X,O,X
ISOLZTJ,O,X,O,X
ISOLZJT,O,X,O,X
ISOJTLZ,O,X,O,O
ISOJTZL,O,X,O,O
ISOJLTZ,O,X,O,X
ISOJLZT,O,X,O,X
ISOJZTL,O,X,O,X
ISOJZLT,O,X,O,X
ISOZTLJ,O,X,O,X
ISOZTJL,O,X,O,X
ISOZLTJ,O,X,O,X
ISOZLJT,O,X,O,X
ISOZJTL,O,X,O,X
ISOZJLT,O,X,O,X
IZTLJSO,O,O,X,O
IZTLJOS,O,O,X,O
IZTLSJO,O,O,X,O
IZTLSOJ,O,O,X,O
IZTLOJS,O,O,X,O
IZTLOSJ,O,O,X,O
IZTJLSO,O,O,X,O
IZTJLOS,O,O,X,O
IZTJSLO,X,O,X,O
IZTJSOL,X,O,X,O
IZTJOLS,O,X,X,O
IZTJOSL,X,X,X,O
IZTSLJO,O,O,X,O
IZTSLOJ,O,O,X,O
IZTSJLO,O,O,X,O
IZTSJOL,X,O,X,O
IZTSOLJ,O,O,X,O
IZTSOJL,X,O,X,O
IZTOLJS,O,O,X,O
IZTOLSJ,O,O,X,O
IZTOJLS,O,X,X,O
IZTOJSL,O,X,X,O
IZTOSLJ,O,O,X,O
IZTOSJL,O,O,X,O
IZLTJSO,O,O,O,X
IZLTJOS,O,O,X,X
IZLTSJO,O,O,O,X
IZLTSOJ,O,O,X,X
IZLTOJS,O,O,X,X
IZLTOSJ,O,O,X,X
IZLJTSO,O,O,O,X
IZLJTOS,O,O,X,X
IZLJSTO,O,O,O,X
IZLJSOT,O,O,X,X
IZLJOTS,O,O,O,X
IZLJOST,O,O,O,X
IZLSTJO,O,O,O,X
IZLSTOJ,O,O,X,X
IZLSJTO,O,O,O,X
IZLSJOT,O,O,X,X
IZLSOTJ,O,O,X,X
IZLSOJT,O,O,X,X
IZLOTJS,O,O,O,X
IZLOTSJ,O,O,O,X
IZLOJTS,O,O,O,X
IZLOJST,O,O,O,X
IZLOSTJ,O,O,O,X
IZLOSJT,O,O,O,X
IZJTLSO,O,O,X,O
IZJTLOS,O,O,X,O
IZJTSLO,X,O,X,O
IZJTSOL,X,O,X,O
IZJTOLS,O,X,X,O
IZJTOSL,X,X,X,O
IZJLTSO,O,O,O,X
IZJLTOS,O,O,X,X
IZJLSTO,O,O,O,X
IZJLSOT,O,O,X,X
IZJLOTS,O,O,O,X
IZJLOST,O,O,O,X
IZJSTLO,X,O,O,O
IZJSTOL,X,O,X,O
IZJSLTO,X,O,O,X
IZJSLOT,X,O,X,X
IZJSOTL,X,O,X,X
IZJSOLT,X,O,X,X
IZJOTLS,O,X,O,X
IZJOTSL,X,X,O,X
IZJOLTS,O,O,O,X
IZJOLST,O,O,O,X
IZJOSTL,X,O,O,X
IZJOSLT,X,O,O,X
IZSTLJO,O,O,O,O
IZSTLOJ,O,O,X,O
IZSTJLO,O,O,O,O
IZSTJOL,X,O,X,O
IZSTOLJ,O,O,X,O
IZSTOJL,X,O,X,O
IZSLTJO,O,O,O,X
IZSLTOJ,O,O,X,X
IZSLJTO,O,O,O,X
IZSLJOT,O,O,X,X
IZSLOTJ,O,O,X,X
IZSLOJT,O,O,X,X
IZSJTLO,O,O,O,O
IZSJTOL,X,O,X,O
IZSJLTO,O,O,O,X
IZSJLOT,O,O,X,X
IZSJOTL,X,O,X,X
IZSJOLT,X,O,X,X
IZSOTLJ,O,O,X,X
IZSOTJL,O,O,X,X
IZSOLTJ,O,O,X,X
IZSOLJT,O,O,X,X
IZSOJTL,O,O,X,X
IZSOJLT,O,O,X,X
IZOTLJS,O,O,O,X
IZOTLSJ,O,O,O,X
IZOTJLS,O,X,O,X
IZOTJSL,O,X,O,X
IZOTSLJ,O,O,O,X
IZOTSJL,O,O,O,X
IZOLTJS,O,O,O,X
IZOLTSJ,O,O,O,X
IZOLJTS,O,O,O,X
IZOLJST,O,O,O,X
IZOLSTJ,O,O,O,X
IZOLSJT,O,O,O,X
IZOJTLS,O,X,O,X
IZOJTSL,O,X,O,X
IZOJLTS,O,O,O,X
IZOJLST,O,O,O,X
IZOJSTL,O,O,O,X
IZOJSLT,O,O,O,X
IZOSTLJ,O,O,O,X
IZOSTJL,O,O,O,X
IZOSLTJ,O,O,O,X
IZOSLJT,O,O,O,X
IZOSJTL,O,O,O,X
IZOSJLT,O,O,O,X
IOTLJSZ,O,X,O,O
IOTLJZS,O,X,O,O
IOTLSJZ,O,X,O,O
IOTLSZJ,O,X,O,O
IOTLZJS,O,X,O,O
IOTLZSJ,O,X,O,O
IOTJLSZ,O,X,O,O
IOTJLZS,O,X,O,O
IOTJSLZ,O,X,O,O
IOTJSZL,O,X,O,O
IOTJZLS,O,X,O,O
IOTJZSL,O,X,O,O
IOTSLJZ,O,X,O,O
IOTSLZJ,O,X,O,O
IOTSJLZ,O,X,O,O
IOTSJZL,O,X,O,O
IOTSZLJ,O,X,O,O
IOTSZJL,O,X,O,O
IOTZLJS,O,X,O,O
IOTZLSJ,O,X,O,O
IOTZJLS,O,X,O,O
IOTZJSL,O,X,O,O
IOTZSLJ,O,X,O,O
IOTZSJL,O,X,O,O
IOLTJSZ,O,X,O,X
IOLTJZS,O,O,O,X
IOLTSJZ,O,X,O,X
IOLTSZJ,O,X,O,X
IOLTZJS,O,O,O,X
IOLTZSJ,O,O,O,X
IOLJTSZ,O,X,O,X
IOLJTZS,O,O,O,X
IOLJSTZ,O,X,O,X
IOLJSZT,O,O,O,X
IOLJZTS,O,O,O,X
IOLJZST,O,O,O,X
IOLSTJZ,O,X,O,X
IOLSTZJ,O,X,O,X
IOLSJTZ,O,X,O,X
IOLSJZT,O,O,O,X
IOLSZTJ,O,O,O,X
IOLSZJT,O,O,O,X
IOLZTJS,O,O,O,X
IOLZTSJ,O,O,O,X
IOLZJTS,O,O,O,X
IOLZJST,O,O,O,X
IOLZSTJ,O,O,O,X
IOLZSJT,O,O,O,X
IOJTLSZ,O,X,O,O
IOJTLZS,O,X,O,O
IOJTSLZ,O,X,O,O
IOJTSZL,O,X,O,O
IOJTZLS,O,X,O,O
IOJTZSL,O,X,O,O
IOJLTSZ,O,X,O,X
IOJLTZS,O,O,O,X
IOJLSTZ,O,X,O,X
IOJLSZT,O,O,O,X
IOJLZTS,O,O,O,X
IOJLZST,O,O,O,X
IOJSTLZ,O,X,O,O
IOJSTZL,O,X,O,O
IOJSLTZ,O,X,O,X
IOJSLZT,O,X,O,X
IOJSZTL,O,X,O,X
IOJSZLT,O,X,O,X
IOJZTLS,O,X,O,X
IOJZTSL,O,X,O,X
IOJZLTS,O,O,O,X
IOJZLST,O,O,O,X
IOJZSTL,O,O,O,X
IOJZSLT,O,O,O,X
IOSTLJZ,O,X,O,O
IOSTLZJ,O,X,O,O
IOSTJLZ,O,X,O,O
IOSTJZL,O,X,O,O
IOSTZLJ,O,X,O,O
IOSTZJL,O,X,O,O
IOSLTJZ,O,X,O,X
IOSLTZJ,O,X,O,X
IOSLJTZ,O,X,O,X
IOSLJZT,O,X,O,X
IOSLZTJ,O,X,O,X
IOSLZJT,O,X,O,X
IOSJTLZ,O,X,O,O
IOSJTZL,O,X,O,O
IOSJLTZ,O,X,O,X
IOSJLZT,O,X,O,X
IOSJZTL,O,X,O,X
IOSJZLT,O,X,O,X
IOSZTLJ,O,X,O,X
IOSZTJL,O,X,O,X
IOSZLTJ,O,X,O,X
IOSZLJT,O,X,O,X
IOSZJTL,O,X,O,X
IOSZJLT,O,X,O,X
IOZTLJS,O,O,O,X
IOZTLSJ,O,O,O,X
IOZTJLS,O,X,O,X
IOZTJSL,O,X,O,X
IOZTSLJ,O,O,O,X
IOZTSJL,O,O,O,X
IOZLTJS,O,O,O,X
IOZLTSJ,O,O,O,X
IOZLJTS,O,O,O,X
IOZLJST,O,O,O,X
IOZLSTJ,O,O,O,X
IOZLSJT,O,O,O,X
IOZJTLS,O,X,O,X
IOZJTSL,O,X,O,X
IOZJLTS,O,O,O,X
IOZJLST,O,O,O,X
IOZJSTL,O,O,O,X
IOZJSLT,O,O,O,X
IOZSTLJ,O,O,O,X
IOZSTJL,O,O,O,X
IOZSLTJ,O,O,O,X
IOZSLJT,O,O,O,X
IOZSJTL,O,O,O,X
IOZSJLT,O,O,O,X
LTIJSZO,O,X,O,O
LTIJSOZ,O,X,O,O
LTIJZSO,O,O,O,O
LTIJZOS,O,O,X,O
LTIJOSZ,O,X,O,O
LTIJOZS,O,O,O,O
LTISJZO,O,X,O,O
LTISJOZ,O,X,O,O
LTISZJO,O,X,O,O
LTISZOJ,O,X,X,O
LTISOJZ,O,X,O,O
LTISOZJ,O,X,X,O
LTIZJSO,O,O,O,O
LTIZJOS,O,O,X,O
LTIZSJO,O,O,O,O
LTIZSOJ,O,O,X,O
LTIZOJS,O,O,X,O
LTIZOSJ,O,O,X,O
LTIOJSZ,O,X,O,O
LTIOJZS,O,O,O,O
LTIOSJZ,O,X,O,O
LTIOSZJ,O,X,O,O
LTIOZJS,O,O,O,O
LTIOZSJ,O,O,O,O
LTJISZO,O,X,O,O
LTJISOZ,O,X,O,O
LTJIZSO,O,O,O,O
LTJIZOS,O,O,X,O
LTJIOSZ,O,X,O,O
LTJIOZS,O,O,O,O
LTJSIZO,O,X,O,O
LTJSIOZ,O,X,O,O
LTJSZIO,O,X,O,O
LTJSZOI,O,X,X,O
LTJSOIZ,O,X,O,O
LTJSOZI,O,X,X,O
LTJZISO,O,O,O,O
LTJZIOS,O,O,X,O
LTJZSIO,O,O,O,O
LTJZSOI,O,O,X,O
LTJZOIS,O,O,X,O
LTJZOSI,O,O,X,O
LTJOISZ,O,X,O,O
LTJOIZS,O,O,O,O
LTJOSIZ,O,X,O,O
LTJOSZI,O,X,O,O
LTJOZIS,O,O,O,O
LTJOZSI,O,O,O,O
LTSIJZO,O,X,O,O
LTSIJOZ,O,X,O,O
LTSIZJO,O,X,O,O
LTSIZOJ,O,X,X,O
LTSIOJZ,O,X,O,O
LTSIOZJ,O,X,X,O
LTSJIZO,O,X,O,O
LTSJIOZ,O,X,O,O
LTSJZIO,O,X,O,O
LTSJZOI,O,X,X,O
LTSJOIZ,O,X,O,O
LTSJOZI,O,X,X,O
LTSZIJO,O,X,O,O
LTSZIOJ,O,X,X,O
LTSZJIO,O,X,O,O
LTSZJOI,O,X,X,O
LTSZOIJ,O,X,X,O
LTSZOJI,O,X,X,O
LTSOIJZ,O,X,O,O
LTSOIZJ,O,X,X,O
LTSOJIZ,O,X,O,O
LTSOJZI,O,X,X,O
LTSOZIJ,O,X,X,O
LTSOZJI,O,X,X,O
LTZIJSO,O,O,O,O
LTZIJOS,O,O,X,O
LTZISJO,O,O,O,O
LTZISOJ,O,O,X,O
LTZIOJS,O,O,X,O
LTZIOSJ,O,O,X,O
LTZJISO,O,O,O,O
LTZJIOS,O,O,X,O
LTZJSIO,O,O,O,O
LTZJSOI,O,O,X,O
LTZJOIS,O,O,X,O
LTZJOSI,O,O,X,O
LTZSIJO,O,O,O,O
LTZSIOJ,O,O,X,O
LTZSJIO,O,O,O,O
LTZSJOI,O,O,X,O
LTZSOIJ,O,O,X,O
LTZSOJI,O,O,X,O
LTZOIJS,O,O,X,O
LTZOISJ,O,O,X,O
LTZOJIS,O,O,X,O
LTZOJSI,O,O,X,O
LTZOSIJ,O,O,X,O
LTZOSJI,O,O,X,O
LTOIJSZ,O,X,O,O
LTOIJZS,O,O,O,O
LTOISJZ,O,X,O,O
LTOISZJ,O,X,O,O
LTOIZJS,O,O,O,O
LTOIZSJ,O,O,O,O
LTOJISZ,O,X,O,O
LTOJIZS,O,O,O,O
LTOJSIZ,O,X,O,O
LTOJSZI,O,X,O,O
LTOJZIS,O,O,O,O
LTOJZSI,O,O,O,O
LTOSIJZ,O,X,O,O
LTOSIZJ,O,X,O,O
LTOSJIZ,O,X,O,O
LTOSJZI,O,X,O,O
LTOSZIJ,O,X,O,O
LTOSZJI,O,X,O,O
LTOZIJS,O,O,O,O
LTOZISJ,O,O,O,O
LTOZJIS,O,O,O,O
LTOZJSI,O,O,O,O
LTOZSIJ,O,O,O,O
LTOZSJI,O,O,O,O
LITJSZO,O,X,O,O
LITJSOZ,O,X,O,O
LITJZSO,O,O,O,O
LITJZOS,O,O,X,O
LITJOSZ,O,X,O,O
LITJOZS,O,O,O,O
LITSJZO,O,X,O,O
LITSJOZ,O,X,O,O
LITSZJO,O,X,O,O
LITSZOJ,O,X,X,O
LITSOJZ,O,X,O,O
LITSOZJ,O,X,X,O
LITZJSO,O,O,O,O
LITZJOS,O,O,X,O
LITZSJO,O,O,O,O
LITZSOJ,O,O,X,O
LITZOJS,O,O,X,O
LITZOSJ,O,O,X,O
LITOJSZ,O,X,O,O
LITOJZS,O,O,O,O
LITOSJZ,O,X,O,O
LITOSZJ,O,X,O,O
LITOZJS,O,O,O,O
LITOZSJ,O,O,O,O
LIJTSZO,O,X,O,O
LIJTSOZ,O,X,O,O
LIJTZSO,O,O,O,O
LIJTZOS,O,O,X,O
LIJTOSZ,O,X,O,O
LIJTOZS,O,O,O,O
LIJSTZO,O,X,O,O
LIJSTOZ,O,X,O,O
LIJSZTO,O,O,O,X
LIJSZOT,O,O,X,X
LIJSOTZ,O,X,O,X
LIJSOZT,O,O,O,X
LIJZTSO,O,O,O,X
LIJZTOS,O,O,X,X
LIJZSTO,O,O,O,X
LIJZSOT,O,O,X,X
LIJZOTS,O,O,O,X
LIJZOST,O,O,O,X
LIJOTSZ,O,X,O,X
LIJOTZS,O,O,O,X
LIJOSTZ,O,X,O,X
LIJOSZT,O,O,O,X
LIJOZTS,O,O,O,X
LIJOZST,O,O,O,X
LISTJZO,O,X,O,O
LISTJOZ,O,X,O,O
LISTZJO,O,X,O,O
LISTZOJ,O,X,X,O
LISTOJZ,O,X,O,O
LISTOZJ,O,X,X,O
LISJTZO,O,X,O,O
LISJTOZ,O,X,O,O
LISJZTO,O,O,O,X
LISJZOT,O,O,X,X
LISJOTZ,O,X,O,X
LISJOZT,O,O,O,X
LISZTJO,O,O,O,X
LISZTOJ,O,O,X,X
LISZJTO,O,O,O,X
LISZJOT,O,O,X,X
LISZOTJ,O,O,X,X
LISZOJT,O,O,X,X
LISOTJZ,O,X,O,X
LISOTZJ,O,X,O,X
LISOJTZ,O,X,O,X
LISOJZT,O,O,O,X
LISOZTJ,O,O,O,X
LISOZJT,O,O,O,X
LIZTJSO,O,O,O,X
LIZTJOS,O,O,X,X
LIZTSJO,O,O,O,X
LIZTSOJ,O,O,X,X
LIZTOJS,O,O,X,X
LIZTOSJ,O,O,X,X
LIZJTSO,O,O,O,X
LIZJTOS,O,O,X,X
LIZJSTO,O,O,O,X
LIZJSOT,O,O,X,X
LIZJOTS,O,O,O,X
LIZJOST,O,O,O,X
LIZSTJO,O,O,O,X
LIZSTOJ,O,O,X,X
LIZSJTO,O,O,O,X
LIZSJOT,O,O,X,X
LIZSOTJ,O,O,X,X
LIZSOJT,O,O,X,X
LIZOTJS,O,O,O,X
LIZOTSJ,O,O,O,X
LIZOJTS,O,O,O,X
LIZOJST,O,O,O,X
LIZOSTJ,O,O,O,X
LIZOSJT,O,O,O,X
LIOTJSZ,O,X,O,X
LIOTJZS,O,O,O,X
LIOTSJZ,O,X,O,X
LIOTSZJ,O,X,O,X
LIOTZJS,O,O,O,X
LIOTZSJ,O,O,O,X
LIOJTSZ,O,X,O,X
LIOJTZS,O,O,O,X
LIOJSTZ,O,X,O,X
LIOJSZT,O,O,O,X
LIOJZTS,O,O,O,X
LIOJZST,O,O,O,X
LIOSTJZ,O,X,O,X
LIOSTZJ,O,X,O,X
LIOSJTZ,O,X,O,X
LIOSJZT,O,O,O,X
LIOSZTJ,O,O,O,X
LIOSZJT,O,O,O,X
LIOZTJS,O,O,O,X
LIOZTSJ,O,O,O,X
LIOZJTS,O,O,O,X
LIOZJST,O,O,O,X
LIOZSTJ,O,O,O,X
LIOZSJT,O,O,O,X
LJTISZO,O,X,O,O
LJTISOZ,O,X,O,O
LJTIZSO,O,O,O,O
LJTIZOS,O,O,X,O
LJTIOSZ,O,X,O,O
LJTIOZS,O,O,O,O
LJTSIZO,O,X,O,O
LJTSIOZ,O,X,O,O
LJTSZIO,O,X,O,O
LJTSZOI,O,X,X,O
LJTSOIZ,O,X,O,O
LJTSOZI,O,X,X,O
LJTZISO,O,O,O,O
LJTZIOS,O,O,X,O
LJTZSIO,O,O,O,O
LJTZSOI,O,O,X,O
LJTZOIS,O,O,X,O
LJTZOSI,O,O,X,O
LJTOISZ,O,X,O,O
LJTOIZS,O,O,O,O
LJTOSIZ,O,X,O,O
LJTOSZI,O,X,O,O
LJTOZIS,O,O,O,O
LJTOZSI,O,O,O,O
LJITSZO,O,X,O,O
LJITSOZ,O,X,O,O
LJITZSO,O,O,O,O
LJITZOS,O,O,X,O
LJITOSZ,O,X,O,O
LJITOZS,O,O,O,O
LJISTZO,O,X,O,O
LJISTOZ,O,X,O,O
LJISZTO,O,O,O,X
LJISZOT,O,O,X,X
LJISOTZ,O,X,O,X
LJISOZT,O,O,O,X
LJIZTSO,O,O,O,X
LJIZTOS,O,O,X,X
LJIZSTO,O,O,O,X
LJIZSOT,O,O,X,X
LJIZOTS,O,O,O,X
LJIZOST,O,O,O,X
LJIOTSZ,O,X,O,X
LJIOTZS,O,O,O,X
LJIOSTZ,O,X,O,X
LJIOSZT,O,O,O,X
LJIOZTS,O,O,O,X
LJIOZST,O,O,O,X
LJSTIZO,O,X,O,O
LJSTIOZ,O,X,O,O
LJSTZIO,O,X,O,O
LJSTZOI,O,X,X,O
LJSTOIZ,O,X,O,O
LJSTOZI,O,X,X,O
LJSITZO,O,X,O,O
LJSITOZ,O,X,O,O
LJSIZTO,O,O,O,X
LJSIZOT,O,O,X,X
LJSIOTZ,O,X,O,X
LJSIOZT,O,O,O,X
LJSZTIO,O,O,O,X
LJSZTOI,O,O,X,X
LJSZITO,O,O,O,X
LJSZIOT,O,O,X,X
LJSZOTI,O,O,X,X
LJSZOIT,O,O,X,X
LJSOTIZ,O,X,O,X
LJSOTZI,O,X,O,X
LJSOITZ,O,X,O,X
LJSOIZT,O,O,O,X
LJSOZTI,O,O,O,X
LJSOZIT,O,O,O,X
LJZTISO,O,O,O,X
LJZTIOS,O,O,X,X
LJZTSIO,O,O,O,X
LJZTSOI,O,O,X,X
LJZTOIS,O,O,X,X
LJZTOSI,O,O,X,X
LJZITSO,O,O,O,X
LJZITOS,O,O,X,X
LJZISTO,O,O,O,X
LJZISOT,O,O,X,X
LJZIOTS,O,O,O,X
LJZIOST,O,O,O,X
LJZSTIO,O,O,O,X
LJZSTOI,O,O,X,X
LJZSITO,O,O,O,X
LJZSIOT,O,O,X,X
LJZSOTI,O,O,X,X
LJZSOIT,O,O,X,X
LJZOTIS,O,O,O,X
LJZOTSI,O,O,O,X
LJZOITS,O,O,O,X
LJZOIST,O,O,O,X
LJZOSTI,O,O,O,X
LJZOSIT,O,O,O,X
LJOTISZ,O,X,O,X
LJOTIZS,O,O,O,X
LJOTSIZ,O,X,O,X
LJOTSZI,O,X,O,X
LJOTZIS,O,O,O,X
LJOTZSI,O,O,O,X
LJOITSZ,O,X,O,X
LJOITZS,O,O,O,X
LJOISTZ,O,X,O,X
LJOISZT,O,O,O,X
LJOIZTS,O,O,O,X
LJOIZST,O,O,O,X
LJOSTIZ,O,X,O,X
LJOSTZI,O,X,O,X
LJOSITZ,O,X,O,X
LJOSIZT,O,O,O,X
LJOSZTI,O,O,O,X
LJOSZIT,O,O,O,X
LJOZTIS,O,O,O,X
LJOZTSI,O,O,O,X
LJOZITS,O,O,O,X
LJOZIST,O,O,O,X
LJOZSTI,O,O,O,X
LJOZSIT,O,O,O,X
LSTIJZO,O,X,O,O
LSTIJOZ,O,X,O,O
LSTIZJO,O,X,O,O
LSTIZOJ,O,X,X,O
LSTIOJZ,O,X,O,O
LSTIOZJ,O,X,X,O
LSTJIZO,O,X,O,O
LSTJIOZ,O,X,O,O
LSTJZIO,O,X,O,O
LSTJZOI,O,X,X,O
LSTJOIZ,O,X,O,O
LSTJOZI,O,X,X,O
LSTZIJO,O,X,O,O
LSTZIOJ,O,X,X,O
LSTZJIO,O,X,O,O
LSTZJOI,O,X,X,O
LSTZOIJ,O,X,X,O
LSTZOJI,O,X,X,O
LSTOIJZ,O,X,O,O
LSTOIZJ,O,X,X,O
LSTOJIZ,O,X,O,O
LSTOJZI,O,X,X,O
LSTOZIJ,O,X,X,O
LSTOZJI,O,X,X,O
LSITJZO,O,X,O,O
LSITJOZ,O,X,O,O
LSITZJO,O,X,O,O
LSITZOJ,O,X,X,O
LSITOJZ,O,X,O,O
LSITOZJ,O,X,X,O
LSIJTZO,O,X,O,O
LSIJTOZ,O,X,O,O
LSIJZTO,O,O,O,X
LSIJZOT,O,O,X,X
LSIJOTZ,O,X,O,X
LSIJOZT,O,O,O,X
LSIZTJO,O,O,O,X
LSIZTOJ,O,O,X,X
LSIZJTO,O,O,O,X
LSIZJOT,O,O,X,X
LSIZOTJ,O,O,X,X
LSIZOJT,O,O,X,X
LSIOTJZ,O,X,O,X
LSIOTZJ,O,X,O,X
LSIOJTZ,O,X,O,X
LSIOJZT,O,O,O,X
LSIOZTJ,O,O,O,X
LSIOZJT,O,O,O,X
LSJTIZO,O,X,O,O
LSJTIOZ,O,X,O,O
LSJTZIO,O,X,O,O
LSJTZOI,O,X,X,O
LSJTOIZ,O,X,O,O
LSJTOZI,O,X,X,O
LSJITZO,O,X,O,O
LSJITOZ,O,X,O,O
LSJIZTO,O,O,O,X
LSJIZOT,O,O,X,X
LSJIOTZ,O,X,O,X
LSJIOZT,O,O,O,X
LSJZTIO,O,O,O,X
LSJZTOI,O,O,X,X
LSJZITO,O,O,O,X
LSJZIOT,O,O,X,X
LSJZOTI,O,O,X,X
LSJZOIT,O,O,X,X
LSJOTIZ,O,X,O,X
LSJOTZI,O,X,O,X
LSJOITZ,O,X,O,X
LSJOIZT,O,O,O,X
LSJOZTI,O,O,O,X
LSJOZIT,O,O,O,X
LSZTIJO,O,O,O,X
LSZTIOJ,O,O,X,X
LSZTJIO,O,O,O,X
LSZTJOI,O,O,X,X
LSZTOIJ,O,O,X,X
LSZTOJI,O,O,X,X
LSZITJO,O,O,O,X
LSZITOJ,O,O,X,X
LSZIJTO,O,O,O,X
LSZIJOT,O,O,X,X
LSZIOTJ,O,O,X,X
LSZIOJT,O,O,X,X
LSZJTIO,O,O,O,X
LSZJTOI,O,O,X,X
LSZJITO,O,O,O,X
LSZJIOT,O,O,X,X
LSZJOTI,O,O,X,X
LSZJOIT,O,O,X,X
LSZOTIJ,O,O,X,X
LSZOTJI,O,O,X,X
LSZOITJ,O,O,X,X
LSZOIJT,O,O,X,X
LSZOJTI,O,O,X,X
LSZOJIT,O,O,X,X
LSOTIJZ,O,X,O,X
LSOTIZJ,O,X,O,X
LSOTJIZ,O,X,O,X
LSOTJZI,O,X,O,X
LSOTZIJ,O,X,O,X
LSOTZJI,O,X,O,X
LSOITJZ,O,X,O,X
LSOITZJ,O,X,O,X
LSOIJTZ,O,X,O,X
LSOIJZT,O,O,O,X
LSOIZTJ,O,O,O,X
LSOIZJT,O,O,O,X
LSOJTIZ,O,X,O,X
LSOJTZI,O,X,O,X
LSOJITZ,O,X,O,X
LSOJIZT,O,O,O,X
LSOJZTI,O,O,O,X
LSOJZIT,O,O,O,X
LSOZTIJ,O,O,O,X
LSOZTJI,O,O,O,X
LSOZITJ,O,O,O,X
LSOZIJT,O,O,O,X
LSOZJTI,O,O,O,X
LSOZJIT,O,O,O,X
LZTIJSO,O,O,O,X
LZTIJOS,O,O,X,X
LZTISJO,O,O,O,X
LZTISOJ,O,O,X,X
LZTIOJS,O,O,X,X
LZTIOSJ,O,O,X,X
LZTJISO,O,O,O,X
LZTJIOS,O,O,X,X
LZTJSIO,O,O,O,X
LZTJSOI,O,O,X,X
LZTJOIS,O,O,X,X
LZTJOSI,O,O,X,X
LZTSIJO,O,O,O,X
LZTSIOJ,O,O,X,X
LZTSJIO,O,O,O,X
LZTSJOI,O,O,X,X
LZTSOIJ,O,O,X,X
LZTSOJI,O,O,X,X
LZTOIJS,O,O,X,X
LZTOISJ,O,O,X,X
LZTOJIS,O,O,X,X
LZTOJSI,O,O,X,X
LZTOSIJ,O,O,X,X
LZTOSJI,O,O,X,X
LZITJSO,O,O,O,X
LZITJOS,O,O,X,X
LZITSJO,O,O,O,X
LZITSOJ,O,O,X,X
LZITOJS,O,O,X,X
LZITOSJ,O,O,X,X
LZIJTSO,O,O,O,X
LZIJTOS,O,O,X,X
LZIJSTO,O,O,O,X
LZIJSOT,O,O,X,X
LZIJOTS,O,O,O,X
LZIJOST,O,O,O,X
LZISTJO,O,O,O,X
LZISTOJ,O,O,X,X
LZISJTO,O,O,O,X
LZISJOT,O,O,X,X
LZISOTJ,O,O,X,X
LZISOJT,O,O,X,X
LZIOTJS,O,O,O,X
LZIOTSJ,O,O,O,X
LZIOJTS,O,O,O,X
LZIOJST,O,O,O,X
LZIOSTJ,O,O,O,X
LZIOSJT,O,O,O,X
LZJTISO,O,O,O,X
LZJTIOS,O,O,X,X
LZJTSIO,O,O,O,X
LZJTSOI,O,O,X,X
LZJTOIS,O,O,X,X
LZJTOSI,O,O,X,X
LZJITSO,O,O,O,X
LZJITOS,O,O,X,X
LZJISTO,O,O,O,X
LZJISOT,O,O,X,X
LZJIOTS,O,O,O,X
LZJIOST,O,O,O,X
LZJSTIO,O,O,O,X
LZJSTOI,O,O,X,X
LZJSITO,O,O,O,X
LZJSIOT,O,O,X,X
LZJSOTI,O,O,X,X
LZJSOIT,O,O,X,X
LZJOTIS,O,O,O,X
LZJOTSI,O,O,O,X
LZJOITS,O,O,O,X
LZJOIST,O,O,O,X
LZJOSTI,O,O,O,X
LZJOSIT,O,O,O,X
LZSTIJO,O,O,O,X
LZSTIOJ,O,O,X,X
LZSTJIO,O,O,O,X
LZSTJOI,O,O,X,X
LZSTOIJ,O,O,X,X
LZSTOJI,O,O,X,X
LZSITJO,O,O,O,X
LZSITOJ,O,O,X,X
LZSIJTO,O,O,O,X
LZSIJOT,O,O,X,X
LZSIOTJ,O,O,X,X
LZSIOJT,O,O,X,X
LZSJTIO,O,O,O,X
LZSJTOI,O,O,X,X
LZSJITO,O,O,O,X
LZSJIOT,O,O,X,X
LZSJOTI,O,O,X,X
LZSJOIT,O,O,X,X
LZSOTIJ,O,O,X,X
LZSOTJI,O,O,X,X
LZSOITJ,O,O,X,X
LZSOIJT,O,O,X,X
LZSOJTI,O,O,X,X
LZSOJIT,O,O,X,X
LZOTIJS,O,O,O,X
LZOTISJ,O,O,O,X
LZOTJIS,O,O,O,X
LZOTJSI,O,O,O,X
LZOTSIJ,O,O,O,X
LZOTSJI,O,O,O,X
LZOITJS,O,O,O,X
LZOITSJ,O,O,O,X
LZOIJTS,O,O,O,X
LZOIJST,O,O,O,X
LZOISTJ,O,O,O,X
LZOISJT,O,O,O,X
LZOJTIS,O,O,O,X
LZOJTSI,O,O,O,X
LZOJITS,O,O,O,X
LZOJIST,O,O,O,X
LZOJSTI,O,O,O,X
LZOJSIT,O,O,O,X
LZOSTIJ,O,O,O,X
LZOSTJI,O,O,O,X
LZOSITJ,O,O,O,X
LZOSIJT,O,O,O,X
LZOSJTI,O,O,O,X
LZOSJIT,O,O,O,X
LOTIJSZ,O,X,O,X
LOTIJZS,O,O,O,X
LOTISJZ,O,X,O,X
LOTISZJ,O,X,O,X
LOTIZJS,O,O,O,X
LOTIZSJ,O,O,O,X
LOTJISZ,O,X,O,X
LOTJIZS,O,O,O,X
LOTJSIZ,O,X,O,X
LOTJSZI,O,X,O,X
LOTJZIS,O,O,O,X
LOTJZSI,O,O,O,X
LOTSIJZ,O,X,O,X
LOTSIZJ,O,X,O,X
LOTSJIZ,O,X,O,X
LOTSJZI,O,X,O,X
LOTSZIJ,O,X,O,X
LOTSZJI,O,X,O,X
LOTZIJS,O,O,O,X
LOTZISJ,O,O,O,X
LOTZJIS,O,O,O,X
LOTZJSI,O,O,O,X
LOTZSIJ,O,O,O,X
LOTZSJI,O,O,O,X
LOITJSZ,O,X,O,X
LOITJZS,O,O,O,X
LOITSJZ,O,X,O,X
LOITSZJ,O,X,O,X
LOITZJS,O,O,O,X
LOITZSJ,O,O,O,X
LOIJTSZ,O,X,O,X
LOIJTZS,O,O,O,X
LOIJSTZ,O,X,O,X
LOIJSZT,O,O,O,X
LOIJZTS,O,O,O,X
LOIJZST,O,O,O,X
LOISTJZ,O,X,O,X
LOISTZJ,O,X,O,X
LOISJTZ,O,X,O,X
LOISJZT,O,O,O,X
LOISZTJ,O,O,O,X
LOISZJT,O,O,O,X
LOIZTJS,O,O,O,X
LOIZTSJ,O,O,O,X
LOIZJTS,O,O,O,X
LOIZJST,O,O,O,X
LOIZSTJ,O,O,O,X
LOIZSJT,O,O,O,X
LOJTISZ,O,X,O,X
LOJTIZS,O,O,O,X
LOJTSIZ,O,X,O,X
LOJTSZI,O,X,O,X
LOJTZIS,O,O,O,X
LOJTZSI,O,O,O,X
LOJITSZ,O,X,O,X
LOJITZS,O,O,O,X
LOJISTZ,O,X,O,X
LOJISZT,O,O,O,X
LOJIZTS,O,O,O,X
LOJIZST,O,O,O,X
LOJSTIZ,O,X,O,X
LOJSTZI,O,X,O,X
LOJSITZ,O,X,O,X
LOJSIZT,O,O,O,X
LOJSZTI,O,O,O,X
LOJSZIT,O,O,O,X
LOJZTIS,O,O,O,X
LOJZTSI,O,O,O,X
LOJZITS,O,O,O,X
LOJZIST,O,O,O,X
LOJZSTI,O,O,O,X
LOJZSIT,O,O,O,X
LOSTIJZ,O,X,O,X
LOSTIZJ,O,X,O,X
LOSTJIZ,O,X,O,X
LOSTJZI,O,X,O,X
LOSTZIJ,O,X,O,X
LOSTZJI,O,X,O,X
LOSITJZ,O,X,O,X
LOSITZJ,O,X,O,X
LOSIJTZ,O,X,O,X
LOSIJZT,O,O,O,X
LOSIZTJ,O,O,O,X
LOSIZJT,O,O,O,X
LOSJTIZ,O,X,O,X
LOSJTZI,O,X,O,X
LOSJITZ,O,X,O,X
LOSJIZT,O,O,O,X
LOSJZTI,O,O,O,X
LOSJZIT,O,O,O,X
LOSZTIJ,O,O,O,X
LOSZTJI,O,O,O,X
LOSZITJ,O,O,O,X
LOSZIJT,O,O,O,X
LOSZJTI,O,O,O,X
LOSZJIT,O,O,O,X
LOZTIJS,O,O,O,X
LOZTISJ,O,O,O,X
LOZTJIS,O,O,O,X
LOZTJSI,O,O,O,X
LOZTSIJ,O,O,O,X
LOZTSJI,O,O,O,X
LOZITJS,O,O,O,X
LOZITSJ,O,O,O,X
LOZIJTS,O,O,O,X
LOZIJST,O,O,O,X
LOZISTJ,O,O,O,X
LOZISJT,O,O,O,X
LOZJTIS,O,O,O,X
LOZJTSI,O,O,O,X
LOZJITS,O,O,O,X
LOZJIST,O,O,O,X
LOZJSTI,O,O,O,X
LOZJSIT,O,O,O,X
LOZSTIJ,O,O,O,X
LOZSTJI,O,O,O,X
LOZSITJ,O,O,O,X
LOZSIJT,O,O,O,X
LOZSJTI,O,O,O,X
LOZSJIT,O,O,O,X
JTILSZO,O,X,O,O
JTILSOZ,O,X,O,O
JTILZSO,O,O,O,O
JTILZOS,O,O,X,O
JTILOSZ,O,X,O,O
JTILOZS,O,O,O,O
JTISLZO,O,X,O,O
JTISLOZ,O,X,O,O
JTISZLO,O,X,O,O
JTISZOL,X,X,X,O
JTISOLZ,O,X,O,O
JTISOZL,X,X,X,O
JTIZLSO,O,O,X,O
JTIZLOS,O,O,X,O
JTIZSLO,X,O,X,O
JTIZSOL,X,O,X,O
JTIZOLS,O,X,X,O
JTIZOSL,X,X,X,O
JTIOLSZ,O,X,O,O
JTIOLZS,O,X,O,O
JTIOSLZ,O,X,O,O
JTIOSZL,O,X,O,O
JTIOZLS,O,X,O,O
JTIOZSL,O,X,O,O
JTLISZO,O,X,O,O
JTLISOZ,O,X,O,O
JTLIZSO,O,O,O,O
JTLIZOS,O,O,X,O
JTLIOSZ,O,X,O,O
JTLIOZS,O,O,O,O
JTLSIZO,O,X,O,O
JTLSIOZ,O,X,O,O
JTLSZIO,O,X,O,O
JTLSZOI,O,X,X,O
JTLSOIZ,O,X,O,O
JTLSOZI,O,X,X,O
JTLZISO,O,O,O,O
JTLZIOS,O,O,X,O
JTLZSIO,O,O,O,O
JTLZSOI,O,O,X,O
JTLZOIS,O,O,X,O
JTLZOSI,O,O,X,O
JTLOISZ,O,X,O,O
JTLOIZS,O,O,O,O
JTLOSIZ,O,X,O,O
JTLOSZI,O,X,O,O
JTLOZIS,O,O,O,O
JTLOZSI,O,O,O,O
JTSILZO,O,X,O,O
JTSILOZ,O,X,O,O
JTSIZLO,O,X,O,O
JTSIZOL,X,X,X,O
JTSIOLZ,O,X,O,O
JTSIOZL,X,X,X,O
JTSLIZO,O,X,O,O
JTSLIOZ,O,X,O,O
JTSLZIO,O,X,O,O
JTSLZOI,O,X,X,O
JTSLOIZ,O,X,O,O
JTSLOZI,O,X,X,O
JTSZILO,O,X,O,O
JTSZIOL,X,X,X,O
JTSZLIO,O,X,O,O
JTSZLOI,O,X,X,O
JTSZOIL,X,X,X,O
JTSZOLI,X,X,X,O
JTSOILZ,O,X,O,O
JTSOIZL,X,X,X,O
JTSOLIZ,O,X,O,O
JTSOLZI,O,X,X,O
JTSOZIL,X,X,X,O
JTSOZLI,X,X,X,O
JTZILSO,O,O,X,O
JTZILOS,O,O,X,O
JTZISLO,X,O,X,O
JTZISOL,X,O,X,O
JTZIOLS,O,X,X,O
JTZIOSL,X,X,X,O
JTZLISO,O,O,X,O
JTZLIOS,O,O,X,O
JTZLSIO,O,O,X,O
JTZLSOI,O,O,X,O
JTZLOIS,O,O,X,O
JTZLOSI,O,O,X,O
JTZSILO,X,O,X,O
JTZSIOL,X,O,X,O
JTZSLIO,X,O,X,O
JTZSLOI,X,O,X,O
JTZSOIL,X,O,X,O
JTZSOLI,X,O,X,O
JTZOILS,O,X,X,O
JTZOISL,X,X,X,O
JTZOLIS,O,X,X,O
JTZOLSI,O,X,X,O
JTZOSIL,X,X,X,O
JTZOSLI,X,X,X,O
JTOILSZ,O,X,O,O
JTOILZS,O,X,O,O
JTOISLZ,O,X,O,O
JTOISZL,O,X,O,O
JTOIZLS,O,X,O,O
JTOIZSL,O,X,O,O
JTOLISZ,O,X,O,O
JTOLIZS,O,X,O,O
JTOLSIZ,O,X,O,O
JTOLSZI,O,X,O,O
JTOLZIS,O,X,O,O
JTOLZSI,O,X,O,O
JTOSILZ,O,X,O,O
JTOSIZL,O,X,O,O
JTOSLIZ,O,X,O,O
JTOSLZI,O,X,O,O
JTOSZIL,O,X,O,O
JTOSZLI,O,X,O,O
JTOZILS,O,X,O,O
JTOZISL,O,X,O,O
JTOZLIS,O,X,O,O
JTOZLSI,O,X,O,O
JTOZSIL,O,X,O,O
JTOZSLI,O,X,O,O
JITLSZO,O,X,O,O
JITLSOZ,O,X,O,O
JITLZSO,O,O,O,O
JITLZOS,O,O,X,O
JITLOSZ,O,X,O,O
JITLOZS,O,O,O,O
JITSLZO,O,X,O,O
JITSLOZ,O,X,O,O
JITSZLO,O,X,O,O
JITSZOL,X,X,X,O
JITSOLZ,O,X,O,O
JITSOZL,X,X,X,O
JITZLSO,O,O,X,O
JITZLOS,O,O,X,O
JITZSLO,X,O,X,O
JITZSOL,X,O,X,O
JITZOLS,O,X,X,O
JITZOSL,X,X,X,O
JITOLSZ,O,X,O,O
JITOLZS,O,X,O,O
JITOSLZ,O,X,O,O
JITOSZL,O,X,O,O
JITOZLS,O,X,O,O
JITOZSL,O,X,O,O
JILTSZO,O,X,O,O
JILTSOZ,O,X,O,O
JILTZSO,O,O,O,O
JILTZOS,O,O,X,O
JILTOSZ,O,X,O,O
JILTOZS,O,O,O,O
JILSTZO,O,X,O,O
JILSTOZ,O,X,O,O
JILSZTO,O,O,O,X
JILSZOT,O,O,X,X
JILSOTZ,O,X,O,X
JILSOZT,O,O,O,X
JILZTSO,O,O,O,X
JILZTOS,O,O,X,X
JILZSTO,O,O,O,X
JILZSOT,O,O,X,X
JILZOTS,O,O,O,X
JILZOST,O,O,O,X
JILOTSZ,O,X,O,X
JILOTZS,O,O,O,X
JILOSTZ,O,X,O,X
JILOSZT,O,O,O,X
JILOZTS,O,O,O,X
JILOZST,O,O,O,X
JISTLZO,O,X,O,O
JISTLOZ,O,X,O,O
JISTZLO,O,X,O,O
JISTZOL,X,X,X,O
JISTOLZ,O,X,O,O
JISTOZL,X,X,X,O
JISLTZO,O,X,O,O
JISLTOZ,O,X,O,O
JISLZTO,O,O,O,X
JISLZOT,O,O,X,X
JISLOTZ,O,X,O,X
JISLOZT,O,O,O,X
JISZTLO,O,O,O,O
JISZTOL,X,O,X,O
JISZLTO,O,O,O,X
JISZLOT,O,O,X,X
JISZOTL,X,O,X,X
JISZOLT,X,O,X,X
JISOTLZ,O,X,O,O
JISOTZL,O,X,O,O
JISOLTZ,O,X,O,X
JISOLZT,O,X,O,X
JISOZTL,O,X,O,X
JISOZLT,O,X,O,X
JIZTLSO,O,O,X,O
JIZTLOS,O,O,X,O
JIZTSLO,X,O,X,O
JIZTSOL,X,O,X,O
JIZTOLS,O,X,X,O
JIZTOSL,X,X,X,O
JIZLTSO,O,O,O,X
JIZLTOS,O,O,X,X
JIZLSTO,O,O,O,X
JIZLSOT,O,O,X,X
JIZLOTS,O,O,O,X
JIZLOST,O,O,O,X
JIZSTLO,X,O,O,O
JIZSTOL,X,O,X,O
JIZSLTO,X,O,O,X
JIZSLOT,X,O,X,X
JIZSOTL,X,O,X,X
JIZSOLT,X,O,X,X
JIZOTLS,O,X,O,X
JIZOTSL,X,X,O,X
JIZOLTS,O,O,O,X
JIZOLST,O,O,O,X
JIZOSTL,X,O,O,X
JIZOSLT,X,O,O,X
JIOTLSZ,O,X,O,O
JIOTLZS,O,X,O,O
JIOTSLZ,O,X,O,O
JIOTSZL,O,X,O,O
JIOTZLS,O,X,O,O
JIOTZSL,O,X,O,O
JIOLTSZ,O,X,O,X
JIOLTZS,O,O,O,X
JIOLSTZ,O,X,O,X
JIOLSZT,O,O,O,X
JIOLZTS,O,O,O,X
JIOLZST,O,O,O,X
JIOSTLZ,O,X,O,O
JIOSTZL,O,X,O,O
JIOSLTZ,O,X,O,X
JIOSLZT,O,X,O,X
JIOSZTL,O,X,O,X
JIOSZLT,O,X,O,X
JIOZTLS,O,X,O,X
JIOZTSL,O,X,O,X
JIOZLTS,O,O,O,X
JIOZLST,O,O,O,X
JIOZSTL,O,O,O,X
JIOZSLT,O,O,O,X
JLTISZO,O,X,O,O
JLTISOZ,O,X,O,O
JLTIZSO,O,O,O,O
JLTIZOS,O,O,X,O
JLTIOSZ,O,X,O,O
JLTIOZS,O,O,O,O
JLTSIZO,O,X,O,O
JLTSIOZ,O,X,O,O
JLTSZIO,O,X,O,O
JLTSZOI,O,X,X,O
JLTSOIZ,O,X,O,O
JLTSOZI,O,X,X,O
JLTZISO,O,O,O,O
JLTZIOS,O,O,X,O
JLTZSIO,O,O,O,O
JLTZSOI,O,O,X,O
JLTZOIS,O,O,X,O
JLTZOSI,O,O,X,O
JLTOISZ,O,X,O,O
JLTOIZS,O,O,O,O
JLTOSIZ,O,X,O,O
JLTOSZI,O,X,O,O
JLTOZIS,O,O,O,O
JLTOZSI,O,O,O,O
JLITSZO,O,X,O,O
JLITSOZ,O,X,O,O
JLITZSO,O,O,O,O
JLITZOS,O,O,X,O
JLITOSZ,O,X,O,O
JLITOZS,O,O,O,O
JLISTZO,O,X,O,O
JLISTOZ,O,X,O,O
JLISZTO,O,O,O,X
JLISZOT,O,O,X,X
JLISOTZ,O,X,O,X
JLISOZT,O,O,O,X
JLIZTSO,O,O,O,X
JLIZTOS,O,O,X,X
JLIZSTO,O,O,O,X
JLIZSOT,O,O,X,X
JLIZOTS,O,O,O,X
JLIZOST,O,O,O,X
JLIOTSZ,O,X,O,X
JLIOTZS,O,O,O,X
JLIOSTZ,O,X,O,X
JLIOSZT,O,O,O,X
JLIOZTS,O,O,O,X
JLIOZST,O,O,O,X
JLSTIZO,O,X,O,O
JLSTIOZ,O,X,O,O
JLSTZIO,O,X,O,O
JLSTZOI,O,X,X,O
JLSTOIZ,O,X,O,O
JLSTOZI,O,X,X,O
JLSITZO,O,X,O,O
JLSITOZ,O,X,O,O
JLSIZTO,O,O,O,X
JLSIZOT,O,O,X,X
JLSIOTZ,O,X,O,X
JLSIOZT,O,O,O,X
JLSZTIO,O,O,O,X
JLSZTOI,O,O,X,X
JLSZITO,O,O,O,X
JLSZIOT,O,O,X,X
JLSZOTI,O,O,X,X
JLSZOIT,O,O,X,X
JLSOTIZ,O,X,O,X
JLSOTZI,O,X,O,X
JLSOITZ,O,X,O,X
JLSOIZT,O,O,O,X
JLSOZTI,O,O,O,X
JLSOZIT,O,O,O,X
JLZTISO,O,O,O,X
JLZTIOS,O,O,X,X
JLZTSIO,O,O,O,X
JLZTSOI,O,O,X,X
JLZTOIS,O,O,X,X
JLZTOSI,O,O,X,X
JLZITSO,O,O,O,X
JLZITOS,O,O,X,X
JLZISTO,O,O,O,X
JLZISOT,O,O,X,X
JLZIOTS,O,O,O,X
JLZIOST,O,O,O,X
JLZSTIO,O,O,O,X
JLZSTOI,O,O,X,X
JLZSITO,O,O,O,X
JLZSIOT,O,O,X,X
JLZSOTI,O,O,X,X
JLZSOIT,O,O,X,X
JLZOTIS,O,O,O,X
JLZOTSI,O,O,O,X
JLZOITS,O,O,O,X
JLZOIST,O,O,O,X
JLZOSTI,O,O,O,X
JLZOSIT,O,O,O,X
JLOTISZ,O,X,O,X
JLOTIZS,O,O,O,X
JLOTSIZ,O,X,O,X
JLOTSZI,O,X,O,X
JLOTZIS,O,O,O,X
JLOTZSI,O,O,O,X
JLOITSZ,O,X,O,X
JLOITZS,O,O,O,X
JLOISTZ,O,X,O,X
JLOISZT,O,O,O,X
JLOIZTS,O,O,O,X
JLOIZST,O,O,O,X
JLOSTIZ,O,X,O,X
JLOSTZI,O,X,O,X
JLOSITZ,O,X,O,X
JLOSIZT,O,O,O,X
JLOSZTI,O,O,O,X
JLOSZIT,O,O,O,X
JLOZTIS,O,O,O,X
JLOZTSI,O,O,O,X
JLOZITS,O,O,O,X
JLOZIST,O,O,O,X
JLOZSTI,O,O,O,X
JLOZSIT,O,O,O,X
JSTILZO,O,X,O,O
JSTILOZ,O,X,O,O
JSTIZLO,O,X,O,O
JSTIZOL,X,X,X,O
JSTIOLZ,O,X,O,O
JSTIOZL,X,X,X,O
JSTLIZO,O,X,O,O
JSTLIOZ,O,X,O,O
JSTLZIO,O,X,O,O
JSTLZOI,O,X,X,O
JSTLOIZ,O,X,O,O
JSTLOZI,O,X,X,O
JSTZILO,O,X,O,O
JSTZIOL,X,X,X,O
JSTZLIO,O,X,O,O
JSTZLOI,O,X,X,O
JSTZOIL,X,X,X,O
JSTZOLI,X,X,X,O
JSTOILZ,O,X,O,O
JSTOIZL,X,X,X,O
JSTOLIZ,O,X,O,O
JSTOLZI,O,X,X,O
JSTOZIL,X,X,X,O
JSTOZLI,X,X,X,O
JSITLZO,O,X,O,O
JSITLOZ,O,X,O,O
JSITZLO,O,X,O,O
JSITZOL,X,X,X,O
JSITOLZ,O,X,O,O
JSITOZL,X,X,X,O
JSILTZO,O,X,O,O
JSILTOZ,O,X,O,O
JSILZTO,O,O,O,X
JSILZOT,O,O,X,X
JSILOTZ,O,X,O,X
JSILOZT,O,O,O,X
JSIZTLO,O,O,O,O
JSIZTOL,X,O,X,O
JSIZLTO,O,O,O,X
JSIZLOT,O,O,X,X
JSIZOTL,X,O,X,X
JSIZOLT,X,O,X,X
JSIOTLZ,O,X,O,O
JSIOTZL,O,X,O,O
JSIOLTZ,O,X,O,X
JSIOLZT,O,X,O,X
JSIOZTL,O,X,O,X
JSIOZLT,O,X,O,X
JSLTIZO,O,X,O,O
JSLTIOZ,O,X,O,O
JSLTZIO,O,X,O,O
JSLTZOI,O,X,X,O
JSLTOIZ,O,X,O,O
JSLTOZI,O,X,X,O
JSLITZO,O,X,O,O
JSLITOZ,O,X,O,O
JSLIZTO,O,O,O,X
JSLIZOT,O,O,X,X
JSLIOTZ,O,X,O,X
JSLIOZT,O,O,O,X
JSLZTIO,O,O,O,X
JSLZTOI,O,O,X,X
JSLZITO,O,O,O,X
JSLZIOT,O,O,X,X
JSLZOTI,O,O,X,X
JSLZOIT,O,O,X,X
JSLOTIZ,O,X,O,X
JSLOTZI,O,X,O,X
JSLOITZ,O,X,O,X
JSLOIZT,O,O,O,X
JSLOZTI,O,O,O,X
JSLOZIT,O,O,O,X
JSZTILO,O,O,O,O
JSZTIOL,X,O,X,O
JSZTLIO,O,O,O,O
JSZTLOI,O,O,X,O
JSZTOIL,X,O,X,O
JSZTOLI,X,O,X,O
JSZITLO,O,O,O,O
JSZITOL,X,O,X,O
JSZILTO,O,O,O,X
JSZILOT,O,O,X,X
JSZIOTL,X,O,X,X
JSZIOLT,X,O,X,X
JSZLTIO,O,O,O,X
JSZLTOI,O,O,X,X
JSZLITO,O,O,O,X
JSZLIOT,O,O,X,X
JSZLOTI,O,O,X,X
JSZLOIT,O,O,X,X
JSZOTIL,X,O,X,X
JSZOTLI,X,O,X,X
JSZOITL,X,O,X,X
JSZOILT,X,O,X,X
JSZOLTI,X,O,X,X
JSZOLIT,X,O,X,X
JSOTILZ,O,X,O,O
JSOTIZL,O,X,O,O
JSOTLIZ,O,X,O,O
JSOTLZI,O,X,O,O
JSOTZIL,O,X,O,O
JSOTZLI,O,X,O,O
JSOITLZ,O,X,O,O
JSOITZL,O,X,O,O
JSOILTZ,O,X,O,X
JSOILZT,O,X,O,X
JSOIZTL,O,X,O,X
JSOIZLT,O,X,O,X
JSOLTIZ,O,X,O,X
JSOLTZI,O,X,O,X
JSOLITZ,O,X,O,X
JSOLIZT,O,X,O,X
JSOLZTI,O,X,O,X
JSOLZIT,O,X,O,X
JSOZTIL,O,X,O,X
JSOZTLI,O,X,O,X
JSOZITL,O,X,O,X
JSOZILT,O,X,O,X
JSOZLTI,O,X,O,X
JSOZLIT,O,X,O,X
JZTILSO,O,O,X,O
JZTILOS,O,O,X,O
JZTISLO,X,O,X,O
JZTISOL,X,O,X,O
JZTIOLS,O,X,X,O
JZTIOSL,X,X,X,O
JZTLISO,O,O,X,O
JZTLIOS,O,O,X,O
JZTLSIO,O,O,X,O
JZTLSOI,O,O,X,O
JZTLOIS,O,O,X,O
JZTLOSI,O,O,X,O
JZTSILO,X,O,X,O
JZTSIOL,X,O,X,O
JZTSLIO,X,O,X,O
JZTSLOI,X,O,X,O
JZTSOIL,X,O,X,O
JZTSOLI,X,O,X,O
JZTOILS,O,X,X,O
JZTOISL,X,X,X,O
JZTOLIS,O,X,X,O
JZTOLSI,O,X,X,O
JZTOSIL,X,X,X,O
JZTOSLI,X,X,X,O
JZITLSO,O,O,X,O
JZITLOS,O,O,X,O
JZITSLO,X,O,X,O
JZITSOL,X,O,X,O
JZITOLS,O,X,X,O
JZITOSL,X,X,X,O
JZILTSO,O,O,O,X
JZILTOS,O,O,X,X
JZILSTO,O,O,O,X
JZILSOT,O,O,X,X
JZILOTS,O,O,O,X
JZILOST,O,O,O,X
JZISTLO,X,O,O,O
JZISTOL,X,O,X,O
JZISLTO,X,O,O,X
JZISLOT,X,O,X,X
JZISOTL,X,O,X,X
JZISOLT,X,O,X,X
JZIOTLS,O,X,O,X
JZIOTSL,X,X,O,X
JZIOLTS,O,O,O,X
JZIOLST,O,O,O,X
JZIOSTL,X,O,O,X
JZIOSLT,X,O,O,X
JZLTISO,O,O,O,X
JZLTIOS,O,O,X,X
JZLTSIO,O,O,O,X
JZLTSOI,O,O,X,X
JZLTOIS,O,O,X,X
JZLTOSI,O,O,X,X
JZLITSO,O,O,O,X
JZLITOS,O,O,X,X
JZLISTO,O,O,O,X
JZLISOT,O,O,X,X
JZLIOTS,O,O,O,X
JZLIOST,O,O,O,X
JZLSTIO,O,O,O,X
JZLSTOI,O,O,X,X
JZLSITO,O,O,O,X
JZLSIOT,O,O,X,X
JZLSOTI,O,O,X,X
JZLSOIT,O,O,X,X
JZLOTIS,O,O,O,X
JZLOTSI,O,O,O,X
JZLOITS,O,O,O,X
JZLOIST,O,O,O,X
JZLOSTI,O,O,O,X
JZLOSIT,O,O,O,X
JZSTILO,X,O,O,O
JZSTIOL,X,O,X,O
JZSTLIO,X,O,O,O
JZSTLOI,X,O,X,O
JZSTOIL,X,O,X,O
JZSTOLI,X,O,X,O
JZSITLO,X,O,O,O
JZSITOL,X,O,X,O
JZSILTO,X,O,O,X
JZSILOT,X,O,X,X
JZSIOTL,X,O,X,X
JZSIOLT,X,O,X,X
JZSLTIO,X,O,O,X
JZSLTOI,X,O,X,X
JZSLITO,X,O,O,X
JZSLIOT,X,O,X,X
JZSLOTI,X,O,X,X
JZSLOIT,X,O,X,X
JZSOTIL,X,O,X,X
JZSOTLI,X,O,X,X
JZSOITL,X,O,X,X
JZSOILT,X,O,X,X
JZSOLTI,X,O,X,X
JZSOLIT,X,O,X,X
JZOTILS,O,X,O,X
JZOTISL,X,X,O,X
JZOTLIS,O,X,O,X
JZOTLSI,O,X,O,X
JZOTSIL,X,X,O,X
JZOTSLI,X,X,O,X
JZOITLS,O,X,O,X
JZOITSL,X,X,O,X
JZOILTS,O,O,O,X
JZOILST,O,O,O,X
JZOISTL,X,O,O,X
JZOISLT,X,O,O,X
JZOLTIS,O,O,O,X
JZOLTSI,O,O,O,X
JZOLITS,O,O,O,X
JZOLIST,O,O,O,X
JZOLSTI,O,O,O,X
JZOLSIT,O,O,O,X
JZOSTIL,X,O,O,X
JZOSTLI,X,O,O,X
JZOSITL,X,O,O,X
JZOSILT,X,O,O,X
JZOSLTI,X,O,O,X
JZOSLIT,X,O,O,X
JOTILSZ,O,X,O,O
JOTILZS,O,X,O,O
JOTISLZ,O,X,O,O
JOTISZL,O,X,O,O
JOTIZLS,O,X,O,O
JOTIZSL,O,X,O,O
JOTLISZ,O,X,O,O
JOTLIZS,O,X,O,O
JOTLSIZ,O,X,O,O
JOTLSZI,O,X,O,O
JOTLZIS,O,X,O,O
JOTLZSI,O,X,O,O
JOTSILZ,O,X,O,O
JOTSIZL,O,X,O,O
JOTSLIZ,O,X,O,O
JOTSLZI,O,X,O,O
JOTSZIL,O,X,O,O
JOTSZLI,O,X,O,O
JOTZILS,O,X,O,O
JOTZISL,O,X,O,O
JOTZLIS,O,X,O,O
JOTZLSI,O,X,O,O
JOTZSIL,O,X,O,O
JOTZSLI,O,X,O,O
JOITLSZ,O,X,O,O
JOITLZS,O,X,O,O
JOITSLZ,O,X,O,O
JOITSZL,O,X,O,O
JOITZLS,O,X,O,O
JOITZSL,O,X,O,O
JOILTSZ,O,X,O,X
JOILTZS,O,O,O,X
JOILSTZ,O,X,O,X
JOILSZT,O,O,O,X
JOILZTS,O,O,O,X
JOILZST,O,O,O,X
JOISTLZ,O,X,O,O
JOISTZL,O,X,O,O
JOISLTZ,O,X,O,X
JOISLZT,O,X,O,X
JOISZTL,O,X,O,X
JOISZLT,O,X,O,X
JOIZTLS,O,X,O,X
JOIZTSL,O,X,O,X
JOIZLTS,O,O,O,X
JOIZLST,O,O,O,X
JOIZSTL,O,O,O,X
JOIZSLT,O,O,O,X
JOLTISZ,O,X,O,X
JOLTIZS,O,O,O,X
JOLTSIZ,O,X,O,X
JOLTSZI,O,X,O,X
JOLTZIS,O,O,O,X
JOLTZSI,O,O,O,X
JOLITSZ,O,X,O,X
JOLITZS,O,O,O,X
JOLISTZ,O,X,O,X
JOLISZT,O,O,O,X
JOLIZTS,O,O,O,X
JOLIZST,O,O,O,X
JOLSTIZ,O,X,O,X
JOLSTZI,O,X,O,X
JOLSITZ,O,X,O,X
JOLSIZT,O,O,O,X
JOLSZTI,O,O,O,X
JOLSZIT,O,O,O,X
JOLZTIS,O,O,O,X
JOLZTSI,O,O,O,X
JOLZITS,O,O,O,X
JOLZIST,O,O,O,X
JOLZSTI,O,O,O,X
JOLZSIT,O,O,O,X
JOSTILZ,O,X,O,O
JOSTIZL,O,X,O,O
JOSTLIZ,O,X,O,O
JOSTLZI,O,X,O,O
JOSTZIL,O,X,O,O
JOSTZLI,O,X,O,O
JOSITLZ,O,X,O,O
JOSITZL,O,X,O,O
JOSILTZ,O,X,O,X
JOSILZT,O,X,O,X
JOSIZTL,O,X,O,X
JOSIZLT,O,X,O,X
JOSLTIZ,O,X,O,X
JOSLTZI,O,X,O,X
JOSLITZ,O,X,O,X
JOSLIZT,O,X,O,X
JOSLZTI,O,X,O,X
JOSLZIT,O,X,O,X
JOSZTIL,O,X,O,X
JOSZTLI,O,X,O,X
JOSZITL,O,X,O,X
JOSZILT,O,X,O,X
JOSZLTI,O,X,O,X
JOSZLIT,O,X,O,X
JOZTILS,O,X,O,X
JOZTISL,O,X,O,X
JOZTLIS,O,X,O,X
JOZTLSI,O,X,O,X
JOZTSIL,O,X,O,X
JOZTSLI,O,X,O,X
JOZITLS,O,X,O,X
JOZITSL,O,X,O,X
JOZILTS,O,O,O,X
JOZILST,O,O,O,X
JOZISTL,O,O,O,X
JOZISLT,O,O,O,X
JOZLTIS,O,O,O,X
JOZLTSI,O,O,O,X
JOZLITS,O,O,O,X
JOZLIST,O,O,O,X
JOZLSTI,O,O,O,X
JOZLSIT,O,O,O,X
JOZSTIL,O,O,O,X
JOZSTLI,O,O,O,X
JOZSITL,O,O,O,X
JOZSILT,O,O,O,X
JOZSLTI,O,O,O,X
JOZSLIT,O,O,O,X
STILJZO,O,X,O,O
STILJOZ,O,X,O,O
STILZJO,O,X,O,O
STILZOJ,O,X,X,O
STILOJZ,O,X,O,O
STILOZJ,O,X,X,O
STIJLZO,O,X,O,O
STIJLOZ,O,X,O,O
STIJZLO,O,X,O,O
STIJZOL,X,X,X,O
STIJOLZ,O,X,O,O
STIJOZL,X,X,X,O
STIZLJO,O,X,O,O
STIZLOJ,O,X,X,O
STIZJLO,O,X,O,O
STIZJOL,X,X,X,O
STIZOLJ,O,X,X,O
STIZOJL,X,X,X,O
STIOLJZ,O,X,O,O
STIOLZJ,O,X,X,O
STIOJLZ,O,X,O,O
STIOJZL,O,X,X,O
STIOZLJ,O,X,X,O
STIOZJL,O,X,X,O
STLIJZO,O,X,O,O
STLIJOZ,O,X,O,O
STLIZJO,O,X,O,O
STLIZOJ,O,X,X,O
STLIOJZ,O,X,O,O
STLIOZJ,O,X,X,O
STLJIZO,O,X,O,O
STLJIOZ,O,X,O,O
STLJZIO,O,X,O,O
STLJZOI,O,X,X,O
STLJOIZ,O,X,O,O
STLJOZI,O,X,X,O
STLZIJO,O,X,O,O
STLZIOJ,O,X,X,O
STLZJIO,O,X,O,O
STLZJOI,O,X,X,O
STLZOIJ,O,X,X,O
STLZOJI,O,X,X,O
STLOIJZ,O,X,O,O
STLOIZJ,O,X,X,O
STLOJIZ,O,X,O,O
STLOJZI,O,X,X,O
STLOZIJ,O,X,X,O
STLOZJI,O,X,X,O
STJILZO,O,X,O,O
STJILOZ,O,X,O,O
STJIZLO,O,X,O,O
STJIZOL,X,X,X,O
STJIOLZ,O,X,O,O
STJIOZL,X,X,X,O
STJLIZO,O,X,O,O
STJLIOZ,O,X,O,O
STJLZIO,O,X,O,O
STJLZOI,O,X,X,O
STJLOIZ,O,X,O,O
STJLOZI,O,X,X,O
STJZILO,O,X,O,O
STJZIOL,X,X,X,O
STJZLIO,O,X,O,O
STJZLOI,O,X,X,O
STJZOIL,X,X,X,O
STJZOLI,X,X,X,O
STJOILZ,O,X,O,O
STJOIZL,X,X,X,O
STJOLIZ,O,X,O,O
STJOLZI,O,X,X,O
STJOZIL,X,X,X,O
STJOZLI,X,X,X,O
STZILJO,O,X,O,O
STZILOJ,O,X,X,O
STZIJLO,O,X,O,O
STZIJOL,X,X,X,O
STZIOLJ,O,X,X,O
STZIOJL,X,X,X,O
STZLIJO,O,X,O,O
STZLIOJ,O,X,X,O
STZLJIO,O,X,O,O
STZLJOI,O,X,X,O
STZLOIJ,O,X,X,O
STZLOJI,O,X,X,O
STZJILO,O,X,O,O
STZJIOL,X,X,X,O
STZJLIO,O,X,O,O
STZJLOI,O,X,X,O
STZJOIL,X,X,X,O
STZJOLI,X,X,X,O
STZOILJ,O,X,X,O
STZOIJL,X,X,X,O
STZOLIJ,O,X,X,O
STZOLJI,O,X,X,O
STZOJIL,X,X,X,O
STZOJLI,X,X,X,O
STOILJZ,O,X,O,O
STOILZJ,O,X,X,O
STOIJLZ,O,X,O,O
STOIJZL,O,X,X,O
STOIZLJ,O,X,X,O
STOIZJL,O,X,X,O
STOLIJZ,O,X,O,O
STOLIZJ,O,X,X,O
STOLJIZ,O,X,O,O
STOLJZI,O,X,X,O
STOLZIJ,O,X,X,O
STOLZJI,O,X,X,O
STOJILZ,O,X,O,O
STOJIZL,O,X,X,O
STOJLIZ,O,X,O,O
STOJLZI,O,X,X,O
STOJZIL,O,X,X,O
STOJZLI,O,X,X,O
STOZILJ,O,X,X,O
STOZIJL,O,X,X,O
STOZLIJ,O,X,X,O
STOZLJI,O,X,X,O
STOZJIL,O,X,X,O
STOZJLI,O,X,X,O
SITLJZO,O,X,O,O
SITLJOZ,O,X,O,O
SITLZJO,O,X,O,O
SITLZOJ,O,X,X,O
SITLOJZ,O,X,O,O
SITLOZJ,O,X,X,O
SITJLZO,O,X,O,O
SITJLOZ,O,X,O,O
SITJZLO,O,X,O,O
SITJZOL,X,X,X,O
SITJOLZ,O,X,O,O
SITJOZL,X,X,X,O
SITZLJO,O,X,O,O
SITZLOJ,O,X,X,O
SITZJLO,O,X,O,O
SITZJOL,X,X,X,O
SITZOLJ,O,X,X,O
SITZOJL,X,X,X,O
SITOLJZ,O,X,O,O
SITOLZJ,O,X,X,O
SITOJLZ,O,X,O,O
SITOJZL,O,X,X,O
SITOZLJ,O,X,X,O
SITOZJL,O,X,X,O
SILTJZO,O,X,O,O
SILTJOZ,O,X,O,O
SILTZJO,O,X,O,O
SILTZOJ,O,X,X,O
SILTOJZ,O,X,O,O
SILTOZJ,O,X,X,O
SILJTZO,O,X,O,O
SILJTOZ,O,X,O,O
SILJZTO,O,O,O,X
SILJZOT,O,O,X,X
SILJOTZ,O,X,O,X
SILJOZT,O,O,O,X
SILZTJO,O,O,O,X
SILZTOJ,O,O,X,X
SILZJTO,O,O,O,X
SILZJOT,O,O,X,X
SILZOTJ,O,O,X,X
SILZOJT,O,O,X,X
SILOTJZ,O,X,O,X
SILOTZJ,O,X,O,X
SILOJTZ,O,X,O,X
SILOJZT,O,O,O,X
SILOZTJ,O,O,O,X
SILOZJT,O,O,O,X
SIJTLZO,O,X,O,O
SIJTLOZ,O,X,O,O
SIJTZLO,O,X,O,O
SIJTZOL,X,X,X,O
SIJTOLZ,O,X,O,O
SIJTOZL,X,X,X,O
SIJLTZO,O,X,O,O
SIJLTOZ,O,X,O,O
SIJLZTO,O,O,O,X
SIJLZOT,O,O,X,X
SIJLOTZ,O,X,O,X
SIJLOZT,O,O,O,X
SIJZTLO,O,O,O,O
SIJZTOL,X,O,X,O
SIJZLTO,O,O,O,X
SIJZLOT,O,O,X,X
SIJZOTL,X,O,X,X
SIJZOLT,X,O,X,X
SIJOTLZ,O,X,O,O
SIJOTZL,O,X,O,O
SIJOLTZ,O,X,O,X
SIJOLZT,O,X,O,X
SIJOZTL,O,X,O,X
SIJOZLT,O,X,O,X
SIZTLJO,O,O,O,O
SIZTLOJ,O,O,X,O
SIZTJLO,O,O,O,O
SIZTJOL,X,O,X,O
SIZTOLJ,O,O,X,O
SIZTOJL,X,O,X,O
SIZLTJO,O,O,O,X
SIZLTOJ,O,O,X,X
SIZLJTO,O,O,O,X
SIZLJOT,O,O,X,X
SIZLOTJ,O,O,X,X
SIZLOJT,O,O,X,X
SIZJTLO,O,O,O,O
SIZJTOL,X,O,X,O
SIZJLTO,O,O,O,X
SIZJLOT,O,O,X,X
SIZJOTL,X,O,X,X
SIZJOLT,X,O,X,X
SIZOTLJ,O,O,X,X
SIZOTJL,O,O,X,X
SIZOLTJ,O,O,X,X
SIZOLJT,O,O,X,X
SIZOJTL,O,O,X,X
SIZOJLT,O,O,X,X
SIOTLJZ,O,X,O,O
SIOTLZJ,O,X,O,O
SIOTJLZ,O,X,O,O
SIOTJZL,O,X,O,O
SIOTZLJ,O,X,O,O
SIOTZJL,O,X,O,O
SIOLTJZ,O,X,O,X
SIOLTZJ,O,X,O,X
SIOLJTZ,O,X,O,X
SIOLJZT,O,X,O,X
SIOLZTJ,O,X,O,X
SIOLZJT,O,X,O,X
SIOJTLZ,O,X,O,O
SIOJTZL,O,X,O,O
SIOJLTZ,O,X,O,X
SIOJLZT,O,X,O,X
SIOJZTL,O,X,O,X
SIOJZLT,O,X,O,X
SIOZTLJ,O,X,O,X
SIOZTJL,O,X,O,X
SIOZLTJ,O,X,O,X
SIOZLJT,O,X,O,X
SIOZJTL,O,X,O,X
SIOZJLT,O,X,O,X
SLTIJZO,O,X,O,O
SLTIJOZ,O,X,O,O
SLTIZJO,O,X,O,O
SLTIZOJ,O,X,X,O
SLTIOJZ,O,X,O,O
SLTIOZJ,O,X,X,O
SLTJIZO,O,X,O,O
SLTJIOZ,O,X,O,O
SLTJZIO,O,X,O,O
SLTJZOI,O,X,X,O
SLTJOIZ,O,X,O,O
SLTJOZI,O,X,X,O
SLTZIJO,O,X,O,O
SLTZIOJ,O,X,X,O
SLTZJIO,O,X,O,O
SLTZJOI,O,X,X,O
SLTZOIJ,O,X,X,O
SLTZOJI,O,X,X,O
SLTOIJZ,O,X,O,O
SLTOIZJ,O,X,X,O
SLTOJIZ,O,X,O,O
SLTOJZI,O,X,X,O
SLTOZIJ,O,X,X,O
SLTOZJI,O,X,X,O
SLITJZO,O,X,O,O
SLITJOZ,O,X,O,O
SLITZJO,O,X,O,O
SLITZOJ,O,X,X,O
SLITOJZ,O,X,O,O
SLITOZJ,O,X,X,O
SLIJTZO,O,X,O,O
SLIJTOZ,O,X,O,O
SLIJZTO,O,O,O,X
SLIJZOT,O,O,X,X
SLIJOTZ,O,X,O,X
SLIJOZT,O,O,O,X
SLIZTJO,O,O,O,X
SLIZTOJ,O,O,X,X
SLIZJTO,O,O,O,X
SLIZJOT,O,O,X,X
SLIZOTJ,O,O,X,X
SLIZOJT,O,O,X,X
SLIOTJZ,O,X,O,X
SLIOTZJ,O,X,O,X
SLIOJTZ,O,X,O,X
SLIOJZT,O,O,O,X
SLIOZTJ,O,O,O,X
SLIOZJT,O,O,O,X
SLJTIZO,O,X,O,O
SLJTIOZ,O,X,O,O
SLJTZIO,O,X,O,O
SLJTZOI,O,X,X,O
SLJTOIZ,O,X,O,O
SLJTOZI,O,X,X,O
SLJITZO,O,X,O,O
SLJITOZ,O,X,O,O
SLJIZTO,O,O,O,X
SLJIZOT,O,O,X,X
SLJIOTZ,O,X,O,X
SLJIOZT,O,O,O,X
SLJZTIO,O,O,O,X
SLJZTOI,O,O,X,X
SLJZITO,O,O,O,X
SLJZIOT,O,O,X,X
SLJZOTI,O,O,X,X
SLJZOIT,O,O,X,X
SLJOTIZ,O,X,O,X
SLJOTZI,O,X,O,X
SLJOITZ,O,X,O,X
SLJOIZT,O,O,O,X
SLJOZTI,O,O,O,X
SLJOZIT,O,O,O,X
SLZTIJO,O,O,O,X
SLZTIOJ,O,O,X,X
SLZTJIO,O,O,O,X
SLZTJOI,O,O,X,X
SLZTOIJ,O,O,X,X
SLZTOJI,O,O,X,X
SLZITJO,O,O,O,X
SLZITOJ,O,O,X,X
SLZIJTO,O,O,O,X
SLZIJOT,O,O,X,X
SLZIOTJ,O,O,X,X
SLZIOJT,O,O,X,X
SLZJTIO,O,O,O,X
SLZJTOI,O,O,X,X
SLZJITO,O,O,O,X
SLZJIOT,O,O,X,X
SLZJOTI,O,O,X,X
SLZJOIT,O,O,X,X
SLZOTIJ,O,O,X,X
SLZOTJI,O,O,X,X
SLZOITJ,O,O,X,X
SLZOIJT,O,O,X,X
SLZOJTI,O,O,X,X
SLZOJIT,O,O,X,X
SLOTIJZ,O,X,O,X
SLOTIZJ,O,X,O,X
SLOTJIZ,O,X,O,X
SLOTJZI,O,X,O,X
SLOTZIJ,O,X,O,X
SLOTZJI,O,X,O,X
SLOITJZ,O,X,O,X
SLOITZJ,O,X,O,X
SLOIJTZ,O,X,O,X
SLOIJZT,O,O,O,X
SLOIZTJ,O,O,O,X
SLOIZJT,O,O,O,X
SLOJTIZ,O,X,O,X
SLOJTZI,O,X,O,X
SLOJITZ,O,X,O,X
SLOJIZT,O,O,O,X
SLOJZTI,O,O,O,X
SLOJZIT,O,O,O,X
SLOZTIJ,O,O,O,X
SLOZTJI,O,O,O,X
SLOZITJ,O,O,O,X
SLOZIJT,O,O,O,X
SLOZJTI,O,O,O,X
SLOZJIT,O,O,O,X
SJTILZO,O,X,O,O
SJTILOZ,O,X,O,O
SJTIZLO,O,X,O,O
SJTIZOL,X,X,X,O
SJTIOLZ,O,X,O,O
SJTIOZL,X,X,X,O
SJTLIZO,O,X,O,O
SJTLIOZ,O,X,O,O
SJTLZIO,O,X,O,O
SJTLZOI,O,X,X,O
SJTLOIZ,O,X,O,O
SJTLOZI,O,X,X,O
SJTZILO,O,X,O,O
SJTZIOL,X,X,X,O
SJTZLIO,O,X,O,O
SJTZLOI,O,X,X,O
SJTZOIL,X,X,X,O
SJTZOLI,X,X,X,O
SJTOILZ,O,X,O,O
SJTOIZL,X,X,X,O
SJTOLIZ,O,X,O,O
SJTOLZI,O,X,X,O
SJTOZIL,X,X,X,O
SJTOZLI,X,X,X,O
SJITLZO,O,X,O,O
SJITLOZ,O,X,O,O
SJITZLO,O,X,O,O
SJITZOL,X,X,X,O
SJITOLZ,O,X,O,O
SJITOZL,X,X,X,O
SJILTZO,O,X,O,O
SJILTOZ,O,X,O,O
SJILZTO,O,O,O,X
SJILZOT,O,O,X,X
SJILOTZ,O,X,O,X
SJILOZT,O,O,O,X
SJIZTLO,O,O,O,O
SJIZTOL,X,O,X,O
SJIZLTO,O,O,O,X
SJIZLOT,O,O,X,X
SJIZOTL,X,O,X,X
SJIZOLT,X,O,X,X
SJIOTLZ,O,X,O,O
SJIOTZL,O,X,O,O
SJIOLTZ,O,X,O,X
SJIOLZT,O,X,O,X
SJIOZTL,O,X,O,X
SJIOZLT,O,X,O,X
SJLTIZO,O,X,O,O
SJLTIOZ,O,X,O,O
SJLTZIO,O,X,O,O
SJLTZOI,O,X,X,O
SJLTOIZ,O,X,O,O
SJLTOZI,O,X,X,O
SJLITZO,O,X,O,O
SJLITOZ,O,X,O,O
SJLIZTO,O,O,O,X
SJLIZOT,O,O,X,X
SJLIOTZ,O,X,O,X
SJLIOZT,O,O,O,X
SJLZTIO,O,O,O,X
SJLZTOI,O,O,X,X
SJLZITO,O,O,O,X
SJLZIOT,O,O,X,X
SJLZOTI,O,O,X,X
SJLZOIT,O,O,X,X
SJLOTIZ,O,X,O,X
SJLOTZI,O,X,O,X
SJLOITZ,O,X,O,X
SJLOIZT,O,O,O,X
SJLOZTI,O,O,O,X
SJLOZIT,O,O,O,X
SJZTILO,O,O,O,O
SJZTIOL,X,O,X,O
SJZTLIO,O,O,O,O
SJZTLOI,O,O,X,O
SJZTOIL,X,O,X,O
SJZTOLI,X,O,X,O
SJZITLO,O,O,O,O
SJZITOL,X,O,X,O
SJZILTO,O,O,O,X
SJZILOT,O,O,X,X
SJZIOTL,X,O,X,X
SJZIOLT,X,O,X,X
SJZLTIO,O,O,O,X
SJZLTOI,O,O,X,X
SJZLITO,O,O,O,X
SJZLIOT,O,O,X,X
SJZLOTI,O,O,X,X
SJZLOIT,O,O,X,X
SJZOTIL,X,O,X,X
SJZOTLI,X,O,X,X
SJZOITL,X,O,X,X
SJZOILT,X,O,X,X
SJZOLTI,X,O,X,X
SJZOLIT,X,O,X,X
SJOTILZ,O,X,O,O
SJOTIZL,O,X,O,O
SJOTLIZ,O,X,O,O
SJOTLZI,O,X,O,O
SJOTZIL,O,X,O,O
SJOTZLI,O,X,O,O
SJOITLZ,O,X,O,O
SJOITZL,O,X,O,O
SJOILTZ,O,X,O,X
SJOILZT,O,X,O,X
SJOIZTL,O,X,O,X
SJOIZLT,O,X,O,X
SJOLTIZ,O,X,O,X
SJOLTZI,O,X,O,X
SJOLITZ,O,X,O,X
SJOLIZT,O,X,O,X
SJOLZTI,O,X,O,X
SJOLZIT,O,X,O,X
SJOZTIL,O,X,O,X
SJOZTLI,O,X,O,X
SJOZITL,O,X,O,X
SJOZILT,O,X,O,X
SJOZLTI,O,X,O,X
SJOZLIT,O,X,O,X
SZTILJO,O,O,O,O
SZTILOJ,O,O,X,O
SZTIJLO,O,O,O,O
SZTIJOL,X,O,X,O
SZTIOLJ,O,O,X,O
SZTIOJL,X,O,X,O
SZTLIJO,O,O,O,O
SZTLIOJ,O,O,X,O
SZTLJIO,O,O,O,O
SZTLJOI,O,O,X,O
SZTLOIJ,O,O,X,O
SZTLOJI,O,O,X,O
SZTJILO,O,O,O,O
SZTJIOL,X,O,X,O
SZTJLIO,O,O,O,O
SZTJLOI,O,O,X,O
SZTJOIL,X,O,X,O
SZTJOLI,X,O,X,O
SZTOILJ,O,O,X,O
SZTOIJL,X,O,X,O
SZTOLIJ,O,O,X,O
SZTOLJI,O,O,X,O
SZTOJIL,X,O,X,O
SZTOJLI,X,O,X,O
SZITLJO,O,O,O,O
SZITLOJ,O,O,X,O
SZITJLO,O,O,O,O
SZITJOL,X,O,X,O
SZITOLJ,O,O,X,O
SZITOJL,X,O,X,O
SZILTJO,O,O,O,X
SZILTOJ,O,O,X,X
SZILJTO,O,O,O,X
SZILJOT,O,O,X,X
SZILOTJ,O,O,X,X
SZILOJT,O,O,X,X
SZIJTLO,O,O,O,O
SZIJTOL,X,O,X,O
SZIJLTO,O,O,O,X
SZIJLOT,O,O,X,X
SZIJOTL,X,O,X,X
SZIJOLT,X,O,X,X
SZIOTLJ,O,O,X,X
SZIOTJL,O,O,X,X
SZIOLTJ,O,O,X,X
SZIOLJT,O,O,X,X
SZIOJTL,O,O,X,X
SZIOJLT,O,O,X,X
SZLTIJO,O,O,O,X
SZLTIOJ,O,O,X,X
SZLTJIO,O,O,O,X
SZLTJOI,O,O,X,X
SZLTOIJ,O,O,X,X
SZLTOJI,O,O,X,X
SZLITJO,O,O,O,X
SZLITOJ,O,O,X,X
SZLIJTO,O,O,O,X
SZLIJOT,O,O,X,X
SZLIOTJ,O,O,X,X
SZLIOJT,O,O,X,X
SZLJTIO,O,O,O,X
SZLJTOI,O,O,X,X
SZLJITO,O,O,O,X
SZLJIOT,O,O,X,X
SZLJOTI,O,O,X,X
SZLJOIT,O,O,X,X
SZLOTIJ,O,O,X,X
SZLOTJI,O,O,X,X
SZLOITJ,O,O,X,X
SZLOIJT,O,O,X,X
SZLOJTI,O,O,X,X
SZLOJIT,O,O,X,X
SZJTILO,O,O,O,O
SZJTIOL,X,O,X,O
SZJTLIO,O,O,O,O
SZJTLOI,O,O,X,O
SZJTOIL,X,O,X,O
SZJTOLI,X,O,X,O
SZJITLO,O,O,O,O
SZJITOL,X,O,X,O
SZJILTO,O,O,O,X
SZJILOT,O,O,X,X
SZJIOTL,X,O,X,X
SZJIOLT,X,O,X,X
SZJLTIO,O,O,O,X
SZJLTOI,O,O,X,X
SZJLITO,O,O,O,X
SZJLIOT,O,O,X,X
SZJLOTI,O,O,X,X
SZJLOIT,O,O,X,X
SZJOTIL,X,O,X,X
SZJOTLI,X,O,X,X
SZJOITL,X,O,X,X
SZJOILT,X,O,X,X
SZJOLTI,X,O,X,X
SZJOLIT,X,O,X,X
SZOTILJ,O,O,X,X
SZOTIJL,O,O,X,X
SZOTLIJ,O,O,X,X
SZOTLJI,O,O,X,X
SZOTJIL,O,O,X,X
SZOTJLI,O,O,X,X
SZOITLJ,O,O,X,X
SZOITJL,O,O,X,X
SZOILTJ,O,O,X,X
SZOILJT,O,O,X,X
SZOIJTL,O,O,X,X
SZOIJLT,O,O,X,X
SZOLTIJ,O,O,X,X
SZOLTJI,O,O,X,X
SZOLITJ,O,O,X,X
SZOLIJT,O,O,X,X
SZOLJTI,O,O,X,X
SZOLJIT,O,O,X,X
SZOJTIL,O,O,X,X
SZOJTLI,O,O,X,X
SZOJITL,O,O,X,X
SZOJILT,O,O,X,X
SZOJLTI,O,O,X,X
SZOJLIT,O,O,X,X
SOTILJZ,O,X,O,O
SOTILZJ,O,X,O,O
SOTIJLZ,O,X,O,O
SOTIJZL,O,X,O,O
SOTIZLJ,O,X,O,O
SOTIZJL,O,X,O,O
SOTLIJZ,O,X,O,O
SOTLIZJ,O,X,O,O
SOTLJIZ,O,X,O,O
SOTLJZI,O,X,O,O
SOTLZIJ,O,X,O,O
SOTLZJI,O,X,O,O
SOTJILZ,O,X,O,O
SOTJIZL,O,X,O,O
SOTJLIZ,O,X,O,O
SOTJLZI,O,X,O,O
SOTJZIL,O,X,O,O
SOTJZLI,O,X,O,O
SOTZILJ,O,X,O,O
SOTZIJL,O,X,O,O
SOTZLIJ,O,X,O,O
SOTZLJI,O,X,O,O
SOTZJIL,O,X,O,O
SOTZJLI,O,X,O,O
SOITLJZ,O,X,O,O
SOITLZJ,O,X,O,O
SOITJLZ,O,X,O,O
SOITJZL,O,X,O,O
SOITZLJ,O,X,O,O
SOITZJL,O,X,O,O
SOILTJZ,O,X,O,X
SOILTZJ,O,X,O,X
SOILJTZ,O,X,O,X
SOILJZT,O,X,O,X
SOILZTJ,O,X,O,X
SOILZJT,O,X,O,X
SOIJTLZ,O,X,O,O
SOIJTZL,O,X,O,O
SOIJLTZ,O,X,O,X
SOIJLZT,O,X,O,X
SOIJZTL,O,X,O,X
SOIJZLT,O,X,O,X
SOIZTLJ,O,X,O,X
SOIZTJL,O,X,O,X
SOIZLTJ,O,X,O,X
SOIZLJT,O,X,O,X
SOIZJTL,O,X,O,X
SOIZJLT,O,X,O,X
SOLTIJZ,O,X,O,X
SOLTIZJ,O,X,O,X
SOLTJIZ,O,X,O,X
SOLTJZI,O,X,O,X
SOLTZIJ,O,X,O,X
SOLTZJI,O,X,O,X
SOLITJZ,O,X,O,X
SOLITZJ,O,X,O,X
SOLIJTZ,O,X,O,X
SOLIJZT,O,X,O,X
SOLIZTJ,O,X,O,X
SOLIZJT,O,X,O,X
SOLJTIZ,O,X,O,X
SOLJTZI,O,X,O,X
SOLJITZ,O,X,O,X
SOLJIZT,O,X,O,X
SOLJZTI,O,X,O,X
SOLJZIT,O,X,O,X
SOLZTIJ,O,X,O,X
SOLZTJI,O,X,O,X
SOLZITJ,O,X,O,X
SOLZIJT,O,X,O,X
SOLZJTI,O,X,O,X
SOLZJIT,O,X,O,X
SOJTILZ,O,X,O,O
SOJTIZL,O,X,O,O
SOJTLIZ,O,X,O,O
SOJTLZI,O,X,O,O
SOJTZIL,O,X,O,O
SOJTZLI,O,X,O,O
SOJITLZ,O,X,O,O
SOJITZL,O,X,O,O
SOJILTZ,O,X,O,X
SOJILZT,O,X,O,X
SOJIZTL,O,X,O,X
SOJIZLT,O,X,O,X
SOJLTIZ,O,X,O,X
SOJLTZI,O,X,O,X
SOJLITZ,O,X,O,X
SOJLIZT,O,X,O,X
SOJLZTI,O,X,O,X
SOJLZIT,O,X,O,X
SOJZTIL,O,X,O,X
SOJZTLI,O,X,O,X
SOJZITL,O,X,O,X
SOJZILT,O,X,O,X
SOJZLTI,O,X,O,X
SOJZLIT,O,X,O,X
SOZTILJ,O,X,O,X
SOZTIJL,O,X,O,X
SOZTLIJ,O,X,O,X
SOZTLJI,O,X,O,X
SOZTJIL,O,X,O,X
SOZTJLI,O,X,O,X
SOZITLJ,O,X,O,X
SOZITJL,O,X,O,X
SOZILTJ,O,X,O,X
SOZILJT,O,X,O,X
SOZIJTL,O,X,O,X
SOZIJLT,O,X,O,X
SOZLTIJ,O,X,O,X
SOZLTJI,O,X,O,X
SOZLITJ,O,X,O,X
SOZLIJT,O,X,O,X
SOZLJTI,O,X,O,X
SOZLJIT,O,X,O,X
SOZJTIL,O,X,O,X
SOZJTLI,O,X,O,X
SOZJITL,O,X,O,X
SOZJILT,O,X,O,X
SOZJLTI,O,X,O,X
SOZJLIT,O,X,O,X
ZTILJSO,O,O,X,O
ZTILJOS,O,O,X,O
ZTILSJO,O,O,X,O
ZTILSOJ,O,O,X,O
ZTILOJS,O,O,X,O
ZTILOSJ,O,O,X,O
ZTIJLSO,O,O,X,O
ZTIJLOS,O,O,X,O
ZTIJSLO,X,O,X,O
ZTIJSOL,X,O,X,O
ZTIJOLS,O,X,X,O
ZTIJOSL,X,X,X,O
ZTISLJO,O,O,X,O
ZTISLOJ,O,O,X,O
ZTISJLO,O,O,X,O
ZTISJOL,X,O,X,O
ZTISOLJ,O,O,X,O
ZTISOJL,X,O,X,O
ZTIOLJS,O,O,X,O
ZTIOLSJ,O,O,X,O
ZTIOJLS,O,X,X,O
ZTIOJSL,O,X,X,O
ZTIOSLJ,O,O,X,O
ZTIOSJL,O,O,X,O
ZTLIJSO,O,O,X,O
ZTLIJOS,O,O,X,O
ZTLISJO,O,O,X,O
ZTLISOJ,O,O,X,O
ZTLIOJS,O,O,X,O
ZTLIOSJ,O,O,X,O
ZTLJISO,O,O,X,O
ZTLJIOS,O,O,X,O
ZTLJSIO,O,O,X,O
ZTLJSOI,O,O,X,O
ZTLJOIS,O,O,X,O
ZTLJOSI,O,O,X,O
ZTLSIJO,O,O,X,O
ZTLSIOJ,O,O,X,O
ZTLSJIO,O,O,X,O
ZTLSJOI,O,O,X,O
ZTLSOIJ,O,O,X,O
ZTLSOJI,O,O,X,O
ZTLOIJS,O,O,X,O
ZTLOISJ,O,O,X,O
ZTLOJIS,O,O,X,O
ZTLOJSI,O,O,X,O
ZTLOSIJ,O,O,X,O
ZTLOSJI,O,O,X,O
ZTJILSO,O,O,X,O
ZTJILOS,O,O,X,O
ZTJISLO,X,O,X,O
ZTJISOL,X,O,X,O
ZTJIOLS,O,X,X,O
ZTJIOSL,X,X,X,O
ZTJLISO,O,O,X,O
ZTJLIOS,O,O,X,O
ZTJLSIO,O,O,X,O
ZTJLSOI,O,O,X,O
ZTJLOIS,O,O,X,O
ZTJLOSI,O,O,X,O
ZTJSILO,X,O,X,O
ZTJSIOL,X,O,X,O
ZTJSLIO,X,O,X,O
ZTJSLOI,X,O,X,O
ZTJSOIL,X,O,X,O
ZTJSOLI,X,O,X,O
ZTJOILS,O,X,X,O
ZTJOISL,X,X,X,O
ZTJOLIS,O,X,X,O
ZTJOLSI,O,X,X,O
ZTJOSIL,X,X,X,O
ZTJOSLI,X,X,X,O
ZTSILJO,O,O,X,O
ZTSILOJ,O,O,X,O
ZTSIJLO,O,O,X,O
ZTSIJOL,X,O,X,O
ZTSIOLJ,O,O,X,O
ZTSIOJL,X,O,X,O
ZTSLIJO,O,O,X,O
ZTSLIOJ,O,O,X,O
ZTSLJIO,O,O,X,O
ZTSLJOI,O,O,X,O
ZTSLOIJ,O,O,X,O
ZTSLOJI,O,O,X,O
ZTSJILO,O,O,X,O
ZTSJIOL,X,O,X,O
ZTSJLIO,O,O,X,O
ZTSJLOI,O,O,X,O
ZTSJOIL,X,O,X,O
ZTSJOLI,X,O,X,O
ZTSOILJ,O,O,X,O
ZTSOIJL,X,O,X,O
ZTSOLIJ,O,O,X,O
ZTSOLJI,O,O,X,O
ZTSOJIL,X,O,X,O
ZTSOJLI,X,O,X,O
ZTOILJS,O,O,X,O
ZTOILSJ,O,O,X,O
ZTOIJLS,O,X,X,O
ZTOIJSL,O,X,X,O
ZTOISLJ,O,O,X,O
ZTOISJL,O,O,X,O
ZTOLIJS,O,O,X,O
ZTOLISJ,O,O,X,O
ZTOLJIS,O,O,X,O
ZTOLJSI,O,O,X,O
ZTOLSIJ,O,O,X,O
ZTOLSJI,O,O,X,O
ZTOJILS,O,X,X,O
ZTOJISL,O,X,X,O
ZTOJLIS,O,X,X,O
ZTOJLSI,O,X,X,O
ZTOJSIL,O,X,X,O
ZTOJSLI,O,X,X,O
ZTOSILJ,O,O,X,O
ZTOSIJL,O,O,X,O
ZTOSLIJ,O,O,X,O
ZTOSLJI,O,O,X,O
ZTOSJIL,O,O,X,O
ZTOSJLI,O,O,X,O
ZITLJSO,O,O,X,O
ZITLJOS,O,O,X,O
ZITLSJO,O,O,X,O
ZITLSOJ,O,O,X,O
ZITLOJS,O,O,X,O
ZITLOSJ,O,O,X,O
ZITJLSO,O,O,X,O
ZITJLOS,O,O,X,O
ZITJSLO,X,O,X,O
ZITJSOL,X,O,X,O
ZITJOLS,O,X,X,O
ZITJOSL,X,X,X,O
ZITSLJO,O,O,X,O
ZITSLOJ,O,O,X,O
ZITSJLO,O,O,X,O
ZITSJOL,X,O,X,O
ZITSOLJ,O,O,X,O
ZITSOJL,X,O,X,O
ZITOLJS,O,O,X,O
ZITOLSJ,O,O,X,O
ZITOJLS,O,X,X,O
ZITOJSL,O,X,X,O
ZITOSLJ,O,O,X,O
ZITOSJL,O,O,X,O
ZILTJSO,O,O,O,X
ZILTJOS,O,O,X,X
ZILTSJO,O,O,O,X
ZILTSOJ,O,O,X,X
ZILTOJS,O,O,X,X
ZILTOSJ,O,O,X,X
ZILJTSO,O,O,O,X
ZILJTOS,O,O,X,X
ZILJSTO,O,O,O,X
ZILJSOT,O,O,X,X
ZILJOTS,O,O,O,X
ZILJOST,O,O,O,X
ZILSTJO,O,O,O,X
ZILSTOJ,O,O,X,X
ZILSJTO,O,O,O,X
ZILSJOT,O,O,X,X
ZILSOTJ,O,O,X,X
ZILSOJT,O,O,X,X
ZILOTJS,O,O,O,X
ZILOTSJ,O,O,O,X
ZILOJTS,O,O,O,X
ZILOJST,O,O,O,X
ZILOSTJ,O,O,O,X
ZILOSJT,O,O,O,X
ZIJTLSO,O,O,X,O
ZIJTLOS,O,O,X,O
ZIJTSLO,X,O,X,O
ZIJTSOL,X,O,X,O
ZIJTOLS,O,X,X,O
ZIJTOSL,X,X,X,O
ZIJLTSO,O,O,O,X
ZIJLTOS,O,O,X,X
ZIJLSTO,O,O,O,X
ZIJLSOT,O,O,X,X
ZIJLOTS,O,O,O,X
ZIJLOST,O,O,O,X
ZIJSTLO,X,O,O,O
ZIJSTOL,X,O,X,O
ZIJSLTO,X,O,O,X
ZIJSLOT,X,O,X,X
ZIJSOTL,X,O,X,X
ZIJSOLT,X,O,X,X
ZIJOTLS,O,X,O,X
ZIJOTSL,X,X,O,X
ZIJOLTS,O,O,O,X
ZIJOLST,O,O,O,X
ZIJOSTL,X,O,O,X
ZIJOSLT,X,O,O,X
ZISTLJO,O,O,O,O
ZISTLOJ,O,O,X,O
ZISTJLO,O,O,O,O
ZISTJOL,X,O,X,O
ZISTOLJ,O,O,X,O
ZISTOJL,X,O,X,O
ZISLTJO,O,O,O,X
ZISLTOJ,O,O,X,X
ZISLJTO,O,O,O,X
ZISLJOT,O,O,X,X
ZISLOTJ,O,O,X,X
ZISLOJT,O,O,X,X
ZISJTLO,O,O,O,O
ZISJTOL,X,O,X,O
ZISJLTO,O,O,O,X
ZISJLOT,O,O,X,X
ZISJOTL,X,O,X,X
ZISJOLT,X,O,X,X
ZISOTLJ,O,O,X,X
ZISOTJL,O,O,X,X
ZISOLTJ,O,O,X,X
ZISOLJT,O,O,X,X
ZISOJTL,O,O,X,X
ZISOJLT,O,O,X,X
ZIOTLJS,O,O,O,X
ZIOTLSJ,O,O,O,X
ZIOTJLS,O,X,O,X
ZIOTJSL,O,X,O,X
ZIOTSLJ,O,O,O,X
ZIOTSJL,O,O,O,X
ZIOLTJS,O,O,O,X
ZIOLTSJ,O,O,O,X
ZIOLJTS,O,O,O,X
ZIOLJST,O,O,O,X
ZIOLSTJ,O,O,O,X
ZIOLSJT,O,O,O,X
ZIOJTLS,O,X,O,X
ZIOJTSL,O,X,O,X
ZIOJLTS,O,O,O,X
ZIOJLST,O,O,O,X
ZIOJSTL,O,O,O,X
ZIOJSLT,O,O,O,X
ZIOSTLJ,O,O,O,X
ZIOSTJL,O,O,O,X
ZIOSLTJ,O,O,O,X
ZIOSLJT,O,O,O,X
ZIOSJTL,O,O,O,X
ZIOSJLT,O,O,O,X
ZLTIJSO,O,O,O,X
ZLTIJOS,O,O,X,X
ZLTISJO,O,O,O,X
ZLTISOJ,O,O,X,X
ZLTIOJS,O,O,X,X
ZLTIOSJ,O,O,X,X
ZLTJISO,O,O,O,X
ZLTJIOS,O,O,X,X
ZLTJSIO,O,O,O,X
ZLTJSOI,O,O,X,X
ZLTJOIS,O,O,X,X
ZLTJOSI,O,O,X,X
ZLTSIJO,O,O,O,X
ZLTSIOJ,O,O,X,X
ZLTSJIO,O,O,O,X
ZLTSJOI,O,O,X,X
ZLTSOIJ,O,O,X,X
ZLTSOJI,O,O,X,X
ZLTOIJS,O,O,X,X
ZLTOISJ,O,O,X,X
ZLTOJIS,O,O,X,X
ZLTOJSI,O,O,X,X
ZLTOSIJ,O,O,X,X
ZLTOSJI,O,O,X,X
ZLITJSO,O,O,O,X
ZLITJOS,O,O,X,X
ZLITSJO,O,O,O,X
ZLITSOJ,O,O,X,X
ZLITOJS,O,O,X,X
ZLITOSJ,O,O,X,X
ZLIJTSO,O,O,O,X
ZLIJTOS,O,O,X,X
ZLIJSTO,O,O,O,X
ZLIJSOT,O,O,X,X
ZLIJOTS,O,O,O,X
ZLIJOST,O,O,O,X
ZLISTJO,O,O,O,X
ZLISTOJ,O,O,X,X
ZLISJTO,O,O,O,X
ZLISJOT,O,O,X,X
ZLISOTJ,O,O,X,X
ZLISOJT,O,O,X,X
ZLIOTJS,O,O,O,X
ZLIOTSJ,O,O,O,X
ZLIOJTS,O,O,O,X
ZLIOJST,O,O,O,X
ZLIOSTJ,O,O,O,X
ZLIOSJT,O,O,O,X
ZLJTISO,O,O,O,X
ZLJTIOS,O,O,X,X
ZLJTSIO,O,O,O,X
ZLJTSOI,O,O,X,X
ZLJTOIS,O,O,X,X
ZLJTOSI,O,O,X,X
ZLJITSO,O,O,O,X
ZLJITOS,O,O,X,X
ZLJISTO,O,O,O,X
ZLJISOT,O,O,X,X
ZLJIOTS,O,O,O,X
ZLJIOST,O,O,O,X
ZLJSTIO,O,O,O,X
ZLJSTOI,O,O,X,X
ZLJSITO,O,O,O,X
ZLJSIOT,O,O,X,X
ZLJSOTI,O,O,X,X
ZLJSOIT,O,O,X,X
ZLJOTIS,O,O,O,X
ZLJOTSI,O,O,O,X
ZLJOITS,O,O,O,X
ZLJOIST,O,O,O,X
ZLJOSTI,O,O,O,X
ZLJOSIT,O,O,O,X
ZLSTIJO,O,O,O,X
ZLSTIOJ,O,O,X,X
ZLSTJIO,O,O,O,X
ZLSTJOI,O,O,X,X
ZLSTOIJ,O,O,X,X
ZLSTOJI,O,O,X,X
ZLSITJO,O,O,O,X
ZLSITOJ,O,O,X,X
ZLSIJTO,O,O,O,X
ZLSIJOT,O,O,X,X
ZLSIOTJ,O,O,X,X
ZLSIOJT,O,O,X,X
ZLSJTIO,O,O,O,X
ZLSJTOI,O,O,X,X
ZLSJITO,O,O,O,X
ZLSJIOT,O,O,X,X
ZLSJOTI,O,O,X,X
ZLSJOIT,O,O,X,X
ZLSOTIJ,O,O,X,X
ZLSOTJI,O,O,X,X
ZLSOITJ,O,O,X,X
ZLSOIJT,O,O,X,X
ZLSOJTI,O,O,X,X
ZLSOJIT,O,O,X,X
ZLOTIJS,O,O,O,X
ZLOTISJ,O,O,O,X
ZLOTJIS,O,O,O,X
ZLOTJSI,O,O,O,X
ZLOTSIJ,O,O,O,X
ZLOTSJI,O,O,O,X
ZLOITJS,O,O,O,X
ZLOITSJ,O,O,O,X
ZLOIJTS,O,O,O,X
ZLOIJST,O,O,O,X
ZLOISTJ,O,O,O,X
ZLOISJT,O,O,O,X
ZLOJTIS,O,O,O,X
ZLOJTSI,O,O,O,X
ZLOJITS,O,O,O,X
ZLOJIST,O,O,O,X
ZLOJSTI,O,O,O,X
ZLOJSIT,O,O,O,X
ZLOSTIJ,O,O,O,X
ZLOSTJI,O,O,O,X
ZLOSITJ,O,O,O,X
ZLOSIJT,O,O,O,X
ZLOSJTI,O,O,O,X
ZLOSJIT,O,O,O,X
ZJTILSO,O,O,X,O
ZJTILOS,O,O,X,O
ZJTISLO,X,O,X,O
ZJTISOL,X,O,X,O
ZJTIOLS,O,X,X,O
ZJTIOSL,X,X,X,O
ZJTLISO,O,O,X,O
ZJTLIOS,O,O,X,O
ZJTLSIO,O,O,X,O
ZJTLSOI,O,O,X,O
ZJTLOIS,O,O,X,O
ZJTLOSI,O,O,X,O
ZJTSILO,X,O,X,O
ZJTSIOL,X,O,X,O
ZJTSLIO,X,O,X,O
ZJTSLOI,X,O,X,O
ZJTSOIL,X,O,X,O
ZJTSOLI,X,O,X,O
ZJTOILS,O,X,X,O
ZJTOISL,X,X,X,O
ZJTOLIS,O,X,X,O
ZJTOLSI,O,X,X,O
ZJTOSIL,X,X,X,O
ZJTOSLI,X,X,X,O
ZJITLSO,O,O,X,O
ZJITLOS,O,O,X,O
ZJITSLO,X,O,X,O
ZJITSOL,X,O,X,O
ZJITOLS,O,X,X,O
ZJITOSL,X,X,X,O
ZJILTSO,O,O,O,X
ZJILTOS,O,O,X,X
ZJILSTO,O,O,O,X
ZJILSOT,O,O,X,X
ZJILOTS,O,O,O,X
ZJILOST,O,O,O,X
ZJISTLO,X,O,O,O
ZJISTOL,X,O,X,O
ZJISLTO,X,O,O,X
ZJISLOT,X,O,X,X
ZJISOTL,X,O,X,X
ZJISOLT,X,O,X,X
ZJIOTLS,O,X,O,X
ZJIOTSL,X,X,O,X
ZJIOLTS,O,O,O,X
ZJIOLST,O,O,O,X
ZJIOSTL,X,O,O,X
ZJIOSLT,X,O,O,X
ZJLTISO,O,O,O,X
ZJLTIOS,O,O,X,X
ZJLTSIO,O,O,O,X
ZJLTSOI,O,O,X,X
ZJLTOIS,O,O,X,X
ZJLTOSI,O,O,X,X
ZJLITSO,O,O,O,X
ZJLITOS,O,O,X,X
ZJLISTO,O,O,O,X
ZJLISOT,O,O,X,X
ZJLIOTS,O,O,O,X
ZJLIOST,O,O,O,X
ZJLSTIO,O,O,O,X
ZJLSTOI,O,O,X,X
ZJLSITO,O,O,O,X
ZJLSIOT,O,O,X,X
ZJLSOTI,O,O,X,X
ZJLSOIT,O,O,X,X
ZJLOTIS,O,O,O,X
ZJLOTSI,O,O,O,X
ZJLOITS,O,O,O,X
ZJLOIST,O,O,O,X
ZJLOSTI,O,O,O,X
ZJLOSIT,O,O,O,X
ZJSTILO,X,O,O,O
ZJSTIOL,X,O,X,O
ZJSTLIO,X,O,O,O
ZJSTLOI,X,O,X,O
ZJSTOIL,X,O,X,O
ZJSTOLI,X,O,X,O
ZJSITLO,X,O,O,O
ZJSITOL,X,O,X,O
ZJSILTO,X,O,O,X
ZJSILOT,X,O,X,X
ZJSIOTL,X,O,X,X
ZJSIOLT,X,O,X,X
ZJSLTIO,X,O,O,X
ZJSLTOI,X,O,X,X
ZJSLITO,X,O,O,X
ZJSLIOT,X,O,X,X
ZJSLOTI,X,O,X,X
ZJSLOIT,X,O,X,X
ZJSOTIL,X,O,X,X
ZJSOTLI,X,O,X,X
ZJSOITL,X,O,X,X
ZJSOILT,X,O,X,X
ZJSOLTI,X,O,X,X
ZJSOLIT,X,O,X,X
ZJOTILS,O,X,O,X
ZJOTISL,X,X,O,X
ZJOTLIS,O,X,O,X
ZJOTLSI,O,X,O,X
ZJOTSIL,X,X,O,X
ZJOTSLI,X,X,O,X
ZJOITLS,O,X,O,X
ZJOITSL,X,X,O,X
ZJOILTS,O,O,O,X
ZJOILST,O,O,O,X
ZJOISTL,X,O,O,X
ZJOISLT,X,O,O,X
ZJOLTIS,O,O,O,X
ZJOLTSI,O,O,O,X
ZJOLITS,O,O,O,X
ZJOLIST,O,O,O,X
ZJOLSTI,O,O,O,X
ZJOLSIT,O,O,O,X
ZJOSTIL,X,O,O,X
ZJOSTLI,X,O,O,X
ZJOSITL,X,O,O,X
ZJOSILT,X,O,O,X
ZJOSLTI,X,O,O,X
ZJOSLIT,X,O,O,X
ZSTILJO,O,O,O,O
ZSTILOJ,O,O,X,O
ZSTIJLO,O,O,O,O
ZSTIJOL,X,O,X,O
ZSTIOLJ,O,O,X,O
ZSTIOJL,X,O,X,O
ZSTLIJO,O,O,O,O
ZSTLIOJ,O,O,X,O
ZSTLJIO,O,O,O,O
ZSTLJOI,O,O,X,O
ZSTLOIJ,O,O,X,O
ZSTLOJI,O,O,X,O
ZSTJILO,O,O,O,O
ZSTJIOL,X,O,X,O
ZSTJLIO,O,O,O,O
ZSTJLOI,O,O,X,O
ZSTJOIL,X,O,X,O
ZSTJOLI,X,O,X,O
ZSTOILJ,O,O,X,O
ZSTOIJL,X,O,X,O
ZSTOLIJ,O,O,X,O
ZSTOLJI,O,O,X,O
ZSTOJIL,X,O,X,O
ZSTOJLI,X,O,X,O
ZSITLJO,O,O,O,O
ZSITLOJ,O,O,X,O
ZSITJLO,O,O,O,O
ZSITJOL,X,O,X,O
ZSITOLJ,O,O,X,O
ZSITOJL,X,O,X,O
ZSILTJO,O,O,O,X
ZSILTOJ,O,O,X,X
ZSILJTO,O,O,O,X
ZSILJOT,O,O,X,X
ZSILOTJ,O,O,X,X
ZSILOJT,O,O,X,X
ZSIJTLO,O,O,O,O
ZSIJTOL,X,O,X,O
ZSIJLTO,O,O,O,X
ZSIJLOT,O,O,X,X
ZSIJOTL,X,O,X,X
ZSIJOLT,X,O,X,X
ZSIOTLJ,O,O,X,X
ZSIOTJL,O,O,X,X
ZSIOLTJ,O,O,X,X
ZSIOLJT,O,O,X,X
ZSIOJTL,O,O,X,X
ZSIOJLT,O,O,X,X
ZSLTIJO,O,O,O,X
ZSLTIOJ,O,O,X,X
ZSLTJIO,O,O,O,X
ZSLTJOI,O,O,X,X
ZSLTOIJ,O,O,X,X
ZSLTOJI,O,O,X,X
ZSLITJO,O,O,O,X
ZSLITOJ,O,O,X,X
ZSLIJTO,O,O,O,X
ZSLIJOT,O,O,X,X
ZSLIOTJ,O,O,X,X
ZSLIOJT,O,O,X,X
ZSLJTIO,O,O,O,X
ZSLJTOI,O,O,X,X
ZSLJITO,O,O,O,X
ZSLJIOT,O,O,X,X
ZSLJOTI,O,O,X,X
ZSLJOIT,O,O,X,X
ZSLOTIJ,O,O,X,X
ZSLOTJI,O,O,X,X
ZSLOITJ,O,O,X,X
ZSLOIJT,O,O,X,X
ZSLOJTI,O,O,X,X
ZSLOJIT,O,O,X,X
ZSJTILO,O,O,O,O
ZSJTIOL,X,O,X,O
ZSJTLIO,O,O,O,O
ZSJTLOI,O,O,X,O
ZSJTOIL,X,O,X,O
ZSJTOLI,X,O,X,O
ZSJITLO,O,O,O,O
ZSJITOL,X,O,X,O
ZSJILTO,O,O,O,X
ZSJILOT,O,O,X,X
ZSJIOTL,X,O,X,X
ZSJIOLT,X,O,X,X
ZSJLTIO,O,O,O,X
ZSJLTOI,O,O,X,X
ZSJLITO,O,O,O,X
ZSJLIOT,O,O,X,X
ZSJLOTI,O,O,X,X
ZSJLOIT,O,O,X,X
ZSJOTIL,X,O,X,X
ZSJOTLI,X,O,X,X
ZSJOITL,X,O,X,X
ZSJOILT,X,O,X,X
ZSJOLTI,X,O,X,X
ZSJOLIT,X,O,X,X
ZSOTILJ,O,O,X,X
ZSOTIJL,O,O,X,X
ZSOTLIJ,O,O,X,X
ZSOTLJI,O,O,X,X
ZSOTJIL,O,O,X,X
ZSOTJLI,O,O,X,X
ZSOITLJ,O,O,X,X
ZSOITJL,O,O,X,X
ZSOILTJ,O,O,X,X
ZSOILJT,O,O,X,X
ZSOIJTL,O,O,X,X
ZSOIJLT,O,O,X,X
ZSOLTIJ,O,O,X,X
ZSOLTJI,O,O,X,X
ZSOLITJ,O,O,X,X
ZSOLIJT,O,O,X,X
ZSOLJTI,O,O,X,X
ZSOLJIT,O,O,X,X
ZSOJTIL,O,O,X,X
ZSOJTLI,O,O,X,X
ZSOJITL,O,O,X,X
ZSOJILT,O,O,X,X
ZSOJLTI,O,O,X,X
ZSOJLIT,O,O,X,X
ZOTILJS,O,O,O,X
ZOTILSJ,O,O,O,X
ZOTIJLS,O,X,O,X
ZOTIJSL,O,X,O,X
ZOTISLJ,O,O,O,X
ZOTISJL,O,O,O,X
ZOTLIJS,O,O,O,X
ZOTLISJ,O,O,O,X
ZOTLJIS,O,O,O,X
ZOTLJSI,O,O,O,X
ZOTLSIJ,O,O,O,X
ZOTLSJI,O,O,O,X
ZOTJILS,O,X,O,X
ZOTJISL,O,X,O,X
ZOTJLIS,O,X,O,X
ZOTJLSI,O,X,O,X
ZOTJSIL,O,X,O,X
ZOTJSLI,O,X,O,X
ZOTSILJ,O,O,O,X
ZOTSIJL,O,O,O,X
ZOTSLIJ,O,O,O,X
ZOTSLJI,O,O,O,X
ZOTSJIL,O,O,O,X
ZOTSJLI,O,O,O,X
ZOITLJS,O,O,O,X
ZOITLSJ,O,O,O,X
ZOITJLS,O,X,O,X
ZOITJSL,O,X,O,X
ZOITSLJ,O,O,O,X
ZOITSJL,O,O,O,X
ZOILTJS,O,O,O,X
ZOILTSJ,O,O,O,X
ZOILJTS,O,O,O,X
ZOILJST,O,O,O,X
ZOILSTJ,O,O,O,X
ZOILSJT,O,O,O,X
ZOIJTLS,O,X,O,X
ZOIJTSL,O,X,O,X
ZOIJLTS,O,O,O,X
ZOIJLST,O,O,O,X
ZOIJSTL,O,O,O,X
ZOIJSLT,O,O,O,X
ZOISTLJ,O,O,O,X
ZOISTJL,O,O,O,X
ZOISLTJ,O,O,O,X
ZOISLJT,O,O,O,X
ZOISJTL,O,O,O,X
ZOISJLT,O,O,O,X
ZOLTIJS,O,O,O,X
ZOLTISJ,O,O,O,X
ZOLTJIS,O,O,O,X
ZOLTJSI,O,O,O,X
ZOLTSIJ,O,O,O,X
ZOLTSJI,O,O,O,X
ZOLITJS,O,O,O,X
ZOLITSJ,O,O,O,X
ZOLIJTS,O,O,O,X
ZOLIJST,O,O,O,X
ZOLISTJ,O,O,O,X
ZOLISJT,O,O,O,X
ZOLJTIS,O,O,O,X
ZOLJTSI,O,O,O,X
ZOLJITS,O,O,O,X
ZOLJIST,O,O,O,X
ZOLJSTI,O,O,O,X
ZOLJSIT,O,O,O,X
ZOLSTIJ,O,O,O,X
ZOLSTJI,O,O,O,X
ZOLSITJ,O,O,O,X
ZOLSIJT,O,O,O,X
ZOLSJTI,O,O,O,X
ZOLSJIT,O,O,O,X
ZOJTILS,O,X,O,X
ZOJTISL,O,X,O,X
ZOJTLIS,O,X,O,X
ZOJTLSI,O,X,O,X
ZOJTSIL,O,X,O,X
ZOJTSLI,O,X,O,X
ZOJITLS,O,X,O,X
ZOJITSL,O,X,O,X
ZOJILTS,O,O,O,X
ZOJILST,O,O,O,X
ZOJISTL,O,O,O,X
ZOJISLT,O,O,O,X
ZOJLTIS,O,O,O,X
ZOJLTSI,O,O,O,X
ZOJLITS,O,O,O,X
ZOJLIST,O,O,O,X
ZOJLSTI,O,O,O,X
ZOJLSIT,O,O,O,X
ZOJSTIL,O,O,O,X
ZOJSTLI,O,O,O,X
ZOJSITL,O,O,O,X
ZOJSILT,O,O,O,X
ZOJSLTI,O,O,O,X
ZOJSLIT,O,O,O,X
ZOSTILJ,O,O,O,X
ZOSTIJL,O,O,O,X
ZOSTLIJ,O,O,O,X
ZOSTLJI,O,O,O,X
ZOSTJIL,O,O,O,X
ZOSTJLI,O,O,O,X
ZOSITLJ,O,O,O,X
ZOSITJL,O,O,O,X
ZOSILTJ,O,O,O,X
ZOSILJT,O,O,O,X
ZOSIJTL,O,O,O,X
ZOSIJLT,O,O,O,X
ZOSLTIJ,O,O,O,X
ZOSLTJI,O,O,O,X
ZOSLITJ,O,O,O,X
ZOSLIJT,O,O,O,X
ZOSLJTI,O,O,O,X
ZOSLJIT,O,O,O,X
ZOSJTIL,O,O,O,X
ZOSJTLI,O,O,O,X
ZOSJITL,O,O,O,X
ZOSJILT,O,O,O,X
ZOSJLTI,O,O,O,X
ZOSJLIT,O,O,O,X
OTILJSZ,O,X,O,O
OTILJZS,O,X,O,O
OTILSJZ,O,X,O,O
OTILSZJ,O,X,O,O
OTILZJS,O,X,O,O
OTILZSJ,O,X,O,O
OTIJLSZ,O,X,O,O
OTIJLZS,O,X,O,O
OTIJSLZ,O,X,O,O
OTIJSZL,O,X,O,O
OTIJZLS,O,X,O,O
OTIJZSL,O,X,O,O
OTISLJZ,O,X,O,O
OTISLZJ,O,X,O,O
OTISJLZ,O,X,O,O
OTISJZL,O,X,O,O
OTISZLJ,O,X,O,O
OTISZJL,O,X,O,O
OTIZLJS,O,X,O,O
OTIZLSJ,O,X,O,O
OTIZJLS,O,X,O,O
OTIZJSL,O,X,O,O
OTIZSLJ,O,X,O,O
OTIZSJL,O,X,O,O
OTLIJSZ,O,X,O,O
OTLIJZS,O,X,O,O
OTLISJZ,O,X,O,O
OTLISZJ,O,X,O,O
OTLIZJS,O,X,O,O
OTLIZSJ,O,X,O,O
OTLJISZ,O,X,O,O
OTLJIZS,O,X,O,O
OTLJSIZ,O,X,O,O
OTLJSZI,O,X,O,O
OTLJZIS,O,X,O,O
OTLJZSI,O,X,O,O
OTLSIJZ,O,X,O,O
OTLSIZJ,O,X,O,O
OTLSJIZ,O,X,O,O
OTLSJZI,O,X,O,O
OTLSZIJ,O,X,O,O
OTLSZJI,O,X,O,O
OTLZIJS,O,X,O,O
OTLZISJ,O,X,O,O
OTLZJIS,O,X,O,O
OTLZJSI,O,X,O,O
OTLZSIJ,O,X,O,O
OTLZSJI,O,X,O,O
OTJILSZ,O,X,O,O
OTJILZS,O,X,O,O
OTJISLZ,O,X,O,O
OTJISZL,O,X,O,O
OTJIZLS,O,X,O,O
OTJIZSL,O,X,O,O
OTJLISZ,O,X,O,O
OTJLIZS,O,X,O,O
OTJLSIZ,O,X,O,O
OTJLSZI,O,X,O,O
OTJLZIS,O,X,O,O
OTJLZSI,O,X,O,O
OTJSILZ,O,X,O,O
OTJSIZL,O,X,O,O
OTJSLIZ,O,X,O,O
OTJSLZI,O,X,O,O
OTJSZIL,O,X,O,O
OTJSZLI,O,X,O,O
OTJZILS,O,X,O,O
OTJZISL,O,X,O,O
OTJZLIS,O,X,O,O
OTJZLSI,O,X,O,O
OTJZSIL,O,X,O,O
OTJZSLI,O,X,O,O
OTSILJZ,O,X,O,O
OTSILZJ,O,X,O,O
OTSIJLZ,O,X,O,O
OTSIJZL,O,X,O,O
OTSIZLJ,O,X,O,O
OTSIZJL,O,X,O,O
OTSLIJZ,O,X,O,O
OTSLIZJ,O,X,O,O
OTSLJIZ,O,X,O,O
OTSLJZI,O,X,O,O
OTSLZIJ,O,X,O,O
OTSLZJI,O,X,O,O
OTSJILZ,O,X,O,O
OTSJIZL,O,X,O,O
OTSJLIZ,O,X,O,O
OTSJLZI,O,X,O,O
OTSJZIL,O,X,O,O
OTSJZLI,O,X,O,O
OTSZILJ,O,X,O,O
OTSZIJL,O,X,O,O
OTSZLIJ,O,X,O,O
OTSZLJI,O,X,O,O
OTSZJIL,O,X,O,O
OTSZJLI,O,X,O,O
OTZILJS,O,X,O,O
OTZILSJ,O,X,O,O
OTZIJLS,O,X,O,O
OTZIJSL,O,X,O,O
OTZISLJ,O,X,O,O
OTZISJL,O,X,O,O
OTZLIJS,O,X,O,O
OTZLISJ,O,X,O,O
OTZLJIS,O,X,O,O
OTZLJSI,O,X,O,O
OTZLSIJ,O,X,O,O
OTZLSJI,O,X,O,O
OTZJILS,O,X,O,O
OTZJISL,O,X,O,O
OTZJLIS,O,X,O,O
OTZJLSI,O,X,O,O
OTZJSIL,O,X,O,O
OTZJSLI,O,X,O,O
OTZSILJ,O,X,O,O
OTZSIJL,O,X,O,O
OTZSLIJ,O,X,O,O
OTZSLJI,O,X,O,O
OTZSJIL,O,X,O,O
OTZSJLI,O,X,O,O
OITLJSZ,O,X,O,O
OITLJZS,O,X,O,O
OITLSJZ,O,X,O,O
OITLSZJ,O,X,O,O
OITLZJS,O,X,O,O
OITLZSJ,O,X,O,O
OITJLSZ,O,X,O,O
OITJLZS,O,X,O,O
OITJSLZ,O,X,O,O
OITJSZL,O,X,O,O
OITJZLS,O,X,O,O
OITJZSL,O,X,O,O
OITSLJZ,O,X,O,O
OITSLZJ,O,X,O,O
OITSJLZ,O,X,O,O
OITSJZL,O,X,O,O
OITSZLJ,O,X,O,O
OITSZJL,O,X,O,O
OITZLJS,O,X,O,O
OITZLSJ,O,X,O,O
OITZJLS,O,X,O,O
OITZJSL,O,X,O,O
OITZSLJ,O,X,O,O
OITZSJL,O,X,O,O
OILTJSZ,O,X,O,X
OILTJZS,O,O,O,X
OILTSJZ,O,X,O,X
OILTSZJ,O,X,O,X
OILTZJS,O,O,O,X
OILTZSJ,O,O,O,X
OILJTSZ,O,X,O,X
OILJTZS,O,O,O,X
OILJSTZ,O,X,O,X
OILJSZT,O,O,O,X
OILJZTS,O,O,O,X
OILJZST,O,O,O,X
OILSTJZ,O,X,O,X
OILSTZJ,O,X,O,X
OILSJTZ,O,X,O,X
OILSJZT,O,O,O,X
OILSZTJ,O,O,O,X
OILSZJT,O,O,O,X
OILZTJS,O,O,O,X
OILZTSJ,O,O,O,X
OILZJTS,O,O,O,X
OILZJST,O,O,O,X
OILZSTJ,O,O,O,X
OILZSJT,O,O,O,X
OIJTLSZ,O,X,O,O
OIJTLZS,O,X,O,O
OIJTSLZ,O,X,O,O
OIJTSZL,O,X,O,O
OIJTZLS,O,X,O,O
OIJTZSL,O,X,O,O
OIJLTSZ,O,X,O,X
OIJLTZS,O,O,O,X
OIJLSTZ,O,X,O,X
OIJLSZT,O,O,O,X
OIJLZTS,O,O,O,X
OIJLZST,O,O,O,X
OIJSTLZ,O,X,O,O
OIJSTZL,O,X,O,O
OIJSLTZ,O,X,O,X
OIJSLZT,O,X,O,X
OIJSZTL,O,X,O,X
OIJSZLT,O,X,O,X
OIJZTLS,O,X,O,X
OIJZTSL,O,X,O,X
OIJZLTS,O,O,O,X
OIJZLST,O,O,O,X
OIJZSTL,O,O,O,X
OIJZSLT,O,O,O,X
OISTLJZ,O,X,O,O
OISTLZJ,O,X,O,O
OISTJLZ,O,X,O,O
OISTJZL,O,X,O,O
OISTZLJ,O,X,O,O
OISTZJL,O,X,O,O
OISLTJZ,O,X,O,X
OISLTZJ,O,X,O,X
OISLJTZ,O,X,O,X
OISLJZT,O,X,O,X
OISLZTJ,O,X,O,X
OISLZJT,O,X,O,X
OISJTLZ,O,X,O,O
OISJTZL,O,X,O,O
OISJLTZ,O,X,O,X
OISJLZT,O,X,O,X
OISJZTL,O,X,O,X
OISJZLT,O,X,O,X
OISZTLJ,O,X,O,X
OISZTJL,O,X,O,X
OISZLTJ,O,X,O,X
OISZLJT,O,X,O,X
OISZJTL,O,X,O,X
OISZJLT,O,X,O,X
OIZTLJS,O,O,O,X
OIZTLSJ,O,O,O,X
OIZTJLS,O,X,O,X
OIZTJSL,O,X,O,X
OIZTSLJ,O,O,O,X
OIZTSJL,O,O,O,X
OIZLTJS,O,O,O,X
OIZLTSJ,O,O,O,X
OIZLJTS,O,O,O,X
OIZLJST,O,O,O,X
OIZLSTJ,O,O,O,X
OIZLSJT,O,O,O,X
OIZJTLS,O,X,O,X
OIZJTSL,O,X,O,X
OIZJLTS,O,O,O,X
OIZJLST,O,O,O,X
OIZJSTL,O,O,O,X
OIZJSLT,O,O,O,X
OIZSTLJ,O,O,O,X
OIZSTJL,O,O,O,X
OIZSLTJ,O,O,O,X
OIZSLJT,O,O,O,X
OIZSJTL,O,O,O,X
OIZSJLT,O,O,O,X
OLTIJSZ,O,X,O,X
OLTIJZS,O,O,O,X
OLTISJZ,O,X,O,X
OLTISZJ,O,X,O,X
OLTIZJS,O,O,O,X
OLTIZSJ,O,O,O,X
OLTJISZ,O,X,O,X
OLTJIZS,O,O,O,X
OLTJSIZ,O,X,O,X
OLTJSZI,O,X,O,X
OLTJZIS,O,O,O,X
OLTJZSI,O,O,O,X
OLTSIJZ,O,X,O,X
OLTSIZJ,O,X,O,X
OLTSJIZ,O,X,O,X
OLTSJZI,O,X,O,X
OLTSZIJ,O,X,O,X
OLTSZJI,O,X,O,X
OLTZIJS,O,O,O,X
OLTZISJ,O,O,O,X
OLTZJIS,O,O,O,X
OLTZJSI,O,O,O,X
OLTZSIJ,O,O,O,X
OLTZSJI,O,O,O,X
OLITJSZ,O,X,O,X
OLITJZS,O,O,O,X
OLITSJZ,O,X,O,X
OLITSZJ,O,X,O,X
OLITZJS,O,O,O,X
OLITZSJ,O,O,O,X
OLIJTSZ,O,X,O,X
OLIJTZS,O,O,O,X
OLIJSTZ,O,X,O,X
OLIJSZT,O,O,O,X
OLIJZTS,O,O,O,X
OLIJZST,O,O,O,X
OLISTJZ,O,X,O,X
OLISTZJ,O,X,O,X
OLISJTZ,O,X,O,X
OLISJZT,O,O,O,X
OLISZTJ,O,O,O,X
OLISZJT,O,O,O,X
OLIZTJS,O,O,O,X
OLIZTSJ,O,O,O,X
OLIZJTS,O,O,O,X
OLIZJST,O,O,O,X
OLIZSTJ,O,O,O,X
OLIZSJT,O,O,O,X
OLJTISZ,O,X,O,X
OLJTIZS,O,O,O,X
OLJTSIZ,O,X,O,X
OLJTSZI,O,X,O,X
OLJTZIS,O,O,O,X
OLJTZSI,O,O,O,X
OLJITSZ,O,X,O,X
OLJITZS,O,O,O,X
OLJISTZ,O,X,O,X
OLJISZT,O,O,O,X
OLJIZTS,O,O,O,X
OLJIZST,O,O,O,X
OLJSTIZ,O,X,O,X
OLJSTZI,O,X,O,X
OLJSITZ,O,X,O,X
OLJSIZT,O,O,O,X
OLJSZTI,O,O,O,X
OLJSZIT,O,O,O,X
OLJZTIS,O,O,O,X
OLJZTSI,O,O,O,X
OLJZITS,O,O,O,X
OLJZIST,O,O,O,X
OLJZSTI,O,O,O,X
OLJZSIT,O,O,O,X
OLSTIJZ,O,X,O,X
OLSTIZJ,O,X,O,X
OLSTJIZ,O,X,O,X
OLSTJZI,O,X,O,X
OLSTZIJ,O,X,O,X
OLSTZJI,O,X,O,X
OLSITJZ,O,X,O,X
OLSITZJ,O,X,O,X
OLSIJTZ,O,X,O,X
OLSIJZT,O,O,O,X
OLSIZTJ,O,O,O,X
OLSIZJT,O,O,O,X
OLSJTIZ,O,X,O,X
OLSJTZI,O,X,O,X
OLSJITZ,O,X,O,X
OLSJIZT,O,O,O,X
OLSJZTI,O,O,O,X
OLSJZIT,O,O,O,X
OLSZTIJ,O,O,O,X
OLSZTJI,O,O,O,X
OLSZITJ,O,O,O,X
OLSZIJT,O,O,O,X
OLSZJTI,O,O,O,X
OLSZJIT,O,O,O,X
OLZTIJS,O,O,O,X
OLZTISJ,O,O,O,X
OLZTJIS,O,O,O,X
OLZTJSI,O,O,O,X
OLZTSIJ,O,O,O,X
OLZTSJI,O,O,O,X
OLZITJS,O,O,O,X
OLZITSJ,O,O,O,X
OLZIJTS,O,O,O,X
OLZIJST,O,O,O,X
OLZISTJ,O,O,O,X
OLZISJT,O,O,O,X
OLZJTIS,O,O,O,X
OLZJTSI,O,O,O,X
OLZJITS,O,O,O,X
OLZJIST,O,O,O,X
OLZJSTI,O,O,O,X
OLZJSIT,O,O,O,X
OLZSTIJ,O,O,O,X
OLZSTJI,O,O,O,X
OLZSITJ,O,O,O,X
OLZSIJT,O,O,O,X
OLZSJTI,O,O,O,X
OLZSJIT,O,O,O,X
OJTILSZ,O,X,O,O
OJTILZS,O,X,O,O
OJTISLZ,O,X,O,O
OJTISZL,O,X,O,O
OJTIZLS,O,X,O,O
OJTIZSL,O,X,O,O
OJTLISZ,O,X,O,O
OJTLIZS,O,X,O,O
OJTLSIZ,O,X,O,O
OJTLSZI,O,X,O,O
OJTLZIS,O,X,O,O
OJTLZSI,O,X,O,O
OJTSILZ,O,X,O,O
OJTSIZL,O,X,O,O
OJTSLIZ,O,X,O,O
OJTSLZI,O,X,O,O
OJTSZIL,O,X,O,O
OJTSZLI,O,X,O,O
OJTZILS,O,X,O,O
OJTZISL,O,X,O,O
OJTZLIS,O,X,O,O
OJTZLSI,O,X,O,O
OJTZSIL,O,X,O,O
OJTZSLI,O,X,O,O
OJITLSZ,O,X,O,O
OJITLZS,O,X,O,O
OJITSLZ,O,X,O,O
OJITSZL,O,X,O,O
OJITZLS,O,X,O,O
OJITZSL,O,X,O,O
OJILTSZ,O,X,O,X
OJILTZS,O,O,O,X
OJILSTZ,O,X,O,X
OJILSZT,O,O,O,X
OJILZTS,O,O,O,X
OJILZST,O,O,O,X
OJISTLZ,O,X,O,O
OJISTZL,O,X,O,O
OJISLTZ,O,X,O,X
OJISLZT,O,X,O,X
OJISZTL,O,X,O,X
OJISZLT,O,X,O,X
OJIZTLS,O,X,O,X
OJIZTSL,O,X,O,X
OJIZLTS,O,O,O,X
OJIZLST,O,O,O,X
OJIZSTL,O,O,O,X
OJIZSLT,O,O,O,X
OJLTISZ,O,X,O,X
OJLTIZS,O,O,O,X
OJLTSIZ,O,X,O,X
OJLTSZI,O,X,O,X
OJLTZIS,O,O,O,X
OJLTZSI,O,O,O,X
OJLITSZ,O,X,O,X
OJLITZS,O,O,O,X
OJLISTZ,O,X,O,X
OJLISZT,O,O,O,X
OJLIZTS,O,O,O,X
OJLIZST,O,O,O,X
OJLSTIZ,O,X,O,X
OJLSTZI,O,X,O,X
OJLSITZ,O,X,O,X
OJLSIZT,O,O,O,X
OJLSZTI,O,O,O,X
OJLSZIT,O,O,O,X
OJLZTIS,O,O,O,X
OJLZTSI,O,O,O,X
OJLZITS,O,O,O,X
OJLZIST,O,O,O,X
OJLZSTI,O,O,O,X
OJLZSIT,O,O,O,X
OJSTILZ,O,X,O,O
OJSTIZL,O,X,O,O
OJSTLIZ,O,X,O,O
OJSTLZI,O,X,O,O
OJSTZIL,O,X,O,O
OJSTZLI,O,X,O,O
OJSITLZ,O,X,O,O
OJSITZL,O,X,O,O
OJSILTZ,O,X,O,X
OJSILZT,O,X,O,X
OJSIZTL,O,X,O,X
OJSIZLT,O,X,O,X
OJSLTIZ,O,X,O,X
OJSLTZI,O,X,O,X
OJSLITZ,O,X,O,X
OJSLIZT,O,X,O,X
OJSLZTI,O,X,O,X
OJSLZIT,O,X,O,X
OJSZTIL,O,X,O,X
OJSZTLI,O,X,O,X
OJSZITL,O,X,O,X
OJSZILT,O,X,O,X
OJSZLTI,O,X,O,X
OJSZLIT,O,X,O,X
OJZTILS,O,X,O,X
OJZTISL,O,X,O,X
OJZTLIS,O,X,O,X
OJZTLSI,O,X,O,X
OJZTSIL,O,X,O,X
OJZTSLI,O,X,O,X
OJZITLS,O,X,O,X
OJZITSL,O,X,O,X
OJZILTS,O,O,O,X
OJZILST,O,O,O,X
OJZISTL,O,O,O,X
OJZISLT,O,O,O,X
OJZLTIS,O,O,O,X
OJZLTSI,O,O,O,X
OJZLITS,O,O,O,X
OJZLIST,O,O,O,X
OJZLSTI,O,O,O,X
OJZLSIT,O,O,O,X
OJZSTIL,O,O,O,X
OJZSTLI,O,O,O,X
OJZSITL,O,O,O,X
OJZSILT,O,O,O,X
OJZSLTI,O,O,O,X
OJZSLIT,O,O,O,X
OSTILJZ,O,X,O,O
OSTILZJ,O,X,O,O
OSTIJLZ,O,X,O,O
OSTIJZL,O,X,O,O
OSTIZLJ,O,X,O,O
OSTIZJL,O,X,O,O
OSTLIJZ,O,X,O,O
OSTLIZJ,O,X,O,O
OSTLJIZ,O,X,O,O
OSTLJZI,O,X,O,O
OSTLZIJ,O,X,O,O
OSTLZJI,O,X,O,O
OSTJILZ,O,X,O,O
OSTJIZL,O,X,O,O
OSTJLIZ,O,X,O,O
OSTJLZI,O,X,O,O
OSTJZIL,O,X,O,O
OSTJZLI,O,X,O,O
OSTZILJ,O,X,O,O
OSTZIJL,O,X,O,O
OSTZLIJ,O,X,O,O
OSTZLJI,O,X,O,O
OSTZJIL,O,X,O,O
OSTZJLI,O,X,O,O
OSITLJZ,O,X,O,O
OSITLZJ,O,X,O,O
OSITJLZ,O,X,O,O
OSITJZL,O,X,O,O
OSITZLJ,O,X,O,O
OSITZJL,O,X,O,O
OSILTJZ,O,X,O,X
OSILTZJ,O,X,O,X
OSILJTZ,O,X,O,X
OSILJZT,O,X,O,X
OSILZTJ,O,X,O,X
OSILZJT,O,X,O,X
OSIJTLZ,O,X,O,O
OSIJTZL,O,X,O,O
OSIJLTZ,O,X,O,X
OSIJLZT,O,X,O,X
OSIJZTL,O,X,O,X
OSIJZLT,O,X,O,X
OSIZTLJ,O,X,O,X
OSIZTJL,O,X,O,X
OSIZLTJ,O,X,O,X
OSIZLJT,O,X,O,X
OSIZJTL,O,X,O,X
OSIZJLT,O,X,O,X
OSLTIJZ,O,X,O,X
OSLTIZJ,O,X,O,X
OSLTJIZ,O,X,O,X
OSLTJZI,O,X,O,X
OSLTZIJ,O,X,O,X
OSLTZJI,O,X,O,X
OSLITJZ,O,X,O,X
OSLITZJ,O,X,O,X
OSLIJTZ,O,X,O,X
OSLIJZT,O,X,O,X
OSLIZTJ,O,X,O,X
OSLIZJT,O,X,O,X
OSLJTIZ,O,X,O,X
OSLJTZI,O,X,O,X
OSLJITZ,O,X,O,X
OSLJIZT,O,X,O,X
OSLJZTI,O,X,O,X
OSLJZIT,O,X,O,X
OSLZTIJ,O,X,O,X
OSLZTJI,O,X,O,X
OSLZITJ,O,X,O,X
OSLZIJT,O,X,O,X
OSLZJTI,O,X,O,X
OSLZJIT,O,X,O,X
OSJTILZ,O,X,O,O
OSJTIZL,O,X,O,O
OSJTLIZ,O,X,O,O
OSJTLZI,O,X,O,O
OSJTZIL,O,X,O,O
OSJTZLI,O,X,O,O
OSJITLZ,O,X,O,O
OSJITZL,O,X,O,O
OSJILTZ,O,X,O,X
OSJILZT,O,X,O,X
OSJIZTL,O,X,O,X
OSJIZLT,O,X,O,X
OSJLTIZ,O,X,O,X
OSJLTZI,O,X,O,X
OSJLITZ,O,X,O,X
OSJLIZT,O,X,O,X
OSJLZTI,O,X,O,X
OSJLZIT,O,X,O,X
OSJZTIL,O,X,O,X
OSJZTLI,O,X,O,X
OSJZITL,O,X,O,X
OSJZILT,O,X,O,X
OSJZLTI,O,X,O,X
OSJZLIT,O,X,O,X
OSZTILJ,O,X,O,X
OSZTIJL,O,X,O,X
OSZTLIJ,O,X,O,X
OSZTLJI,O,X,O,X
OSZTJIL,O,X,O,X
OSZTJLI,O,X,O,X
OSZITLJ,O,X,O,X
OSZITJL,O,X,O,X
OSZILTJ,O,X,O,X
OSZILJT,O,X,O,X
OSZIJTL,O,X,O,X
OSZIJLT,O,X,O,X
OSZLTIJ,O,X,O,X
OSZLTJI,O,X,O,X
OSZLITJ,O,X,O,X
OSZLIJT,O,X,O,X
OSZLJTI,O,X,O,X
OSZLJIT,O,X,O,X
OSZJTIL,O,X,O,X
OSZJTLI,O,X,O,X
OSZJITL,O,X,O,X
OSZJILT,O,X,O,X
OSZJLTI,O,X,O,X
OSZJLIT,O,X,O,X
OZTILJS,O,O,O,X
OZTILSJ,O,O,O,X
OZTIJLS,O,X,O,X
OZTIJSL,O,X,O,X
OZTISLJ,O,O,O,X
OZTISJL,O,O,O,X
OZTLIJS,O,O,O,X
OZTLISJ,O,O,O,X
OZTLJIS,O,O,O,X
OZTLJSI,O,O,O,X
OZTLSIJ,O,O,O,X
OZTLSJI,O,O,O,X
OZTJILS,O,X,O,X
OZTJISL,O,X,O,X
OZTJLIS,O,X,O,X
OZTJLSI,O,X,O,X
OZTJSIL,O,X,O,X
OZTJSLI,O,X,O,X
OZTSILJ,O,O,O,X
OZTSIJL,O,O,O,X
OZTSLIJ,O,O,O,X
OZTSLJI,O,O,O,X
OZTSJIL,O,O,O,X
OZTSJLI,O,O,O,X
OZITLJS,O,O,O,X
OZITLSJ,O,O,O,X
OZITJLS,O,X,O,X
OZITJSL,O,X,O,X
OZITSLJ,O,O,O,X
OZITSJL,O,O,O,X
OZILTJS,O,O,O,X
OZILTSJ,O,O,O,X
OZILJTS,O,O,O,X
OZILJST,O,O,O,X
OZILSTJ,O,O,O,X
OZILSJT,O,O,O,X
OZIJTLS,O,X,O,X
OZIJTSL,O,X,O,X
OZIJLTS,O,O,O,X
OZIJLST,O,O,O,X
OZIJSTL,O,O,O,X
OZIJSLT,O,O,O,X
OZISTLJ,O,O,O,X
OZISTJL,O,O,O,X
OZISLTJ,O,O,O,X
OZISLJT,O,O,O,X
OZISJTL,O,O,O,X
OZISJLT,O,O,O,X
OZLTIJS,O,O,O,X
OZLTISJ,O,O,O,X
OZLTJIS,O,O,O,X
OZLTJSI,O,O,O,X
OZLTSIJ,O,O,O,X
OZLTSJI,O,O,O,X
OZLITJS,O,O,O,X
OZLITSJ,O,O,O,X
OZLIJTS,O,O,O,X
OZLIJST,O,O,O,X
OZLISTJ,O,O,O,X
OZLISJT,O,O,O,X
OZLJTIS,O,O,O,X
OZLJTSI,O,O,O,X
OZLJITS,O,O,O,X
OZLJIST,O,O,O,X
OZLJSTI,O,O,O,X
OZLJSIT,O,O,O,X
OZLSTIJ,O,O,O,X
OZLSTJI,O,O,O,X
OZLSITJ,O,O,O,X
OZLSIJT,O,O,O,X
OZLSJTI,O,O,O,X
OZLSJIT,O,O,O,X
OZJTILS,O,X,O,X
OZJTISL,O,X,O,X
OZJTLIS,O,X,O,X
OZJTLSI,O,X,O,X
OZJTSIL,O,X,O,X
OZJTSLI,O,X,O,X
OZJITLS,O,X,O,X
OZJITSL,O,X,O,X
OZJILTS,O,O,O,X
OZJILST,O,O,O,X
OZJISTL,O,O,O,X
OZJISLT,O,O,O,X
OZJLTIS,O,O,O,X
OZJLTSI,O,O,O,X
OZJLITS,O,O,O,X
OZJLIST,O,O,O,X
OZJLSTI,O,O,O,X
OZJLSIT,O,O,O,X
OZJSTIL,O,O,O,X
OZJSTLI,O,O,O,X
OZJSITL,O,O,O,X
OZJSILT,O,O,O,X
OZJSLTI,O,O,O,X
OZJSLIT,O,O,O,X
OZSTILJ,O,O,O,X
OZSTIJL,O,O,O,X
OZSTLIJ,O,O,O,X
OZSTLJI,O,O,O,X
OZSTJIL,O,O,O,X
OZSTJLI,O,O,O,X
OZSITLJ,O,O,O,X
OZSITJL,O,O,O,X
OZSILTJ,O,O,O,X
OZSILJT,O,O,O,X
OZSIJTL,O,O,O,X
OZSIJLT,O,O,O,X
OZSLTIJ,O,O,O,X
OZSLTJI,O,O,O,X
OZSLITJ,O,O,O,X
OZSLIJT,O,O,O,X
OZSLJTI,O,O,O,X
OZSLJIT,O,O,O,X
OZSJTIL,O,O,O,X
OZSJTLI,O,O,O,X
OZSJITL,O,O,O,X
OZSJILT,O,O,O,X
OZSJLTI,O,O,O,X
OZSJLIT,O,O,O,X
