sequence,v115@RhA8DeA8AeD8CeF8Jei/IvhFRhBcnBTjBFlBXmBWvB,v115@RhA8DeA8AeD8CeF8JeT/IvhFlgBRiBSoB8pBmmB3qB,v115@RhA8DeA8AeD8CeF8Jei/IvhFfmBxhBTjBUlBFnBWvB,v115@RhA8DeA8AeD8CeF8Jem/IvhFfmBxhBTjB0kBFnBSvB,v115@RhA8DeA8AeD8CeF8Je/EJvhFxhBTjBOqB8qBFnBCqB
TILJSZO,X,X,X,X,X
TILJSOZ,X,X,X,X,X
TILJZSO,X,X,X,X,X
TILJZOS,X,X,X,X,X
TILJOSZ,X,X,X,X,X
TILJOZS,X,X,X,X,X
TILSJZO,X,X,X,X,X
TILSJOZ,X,X,X,X,X
TILSZJO,X,X,X,X,X
TILSZOJ,X,X,X,X,X
TILSOJZ,X,X,X,X,X
TILSOZJ,X,X,X,X,X
TILZJSO,X,X,X,X,X
TILZJOS,X,X,X,X,X
TILZSJO,X,X,X,X,X
TILZSOJ,X,X,X,X,X
TILZOJS,X,X,X,X,X
TILZOSJ,X,X,X,X,X
TILOJSZ,X,X,X,X,X
TILOJZS,X,X,X,X,X
TILOSJZ,X,X,X,X,X
TILOSZJ,X,X,X,X,X
TILOZJS,X,X,X,X,X
TILOZSJ,X,X,X,X,X
TIJLSZO,X,X,X,X,X
TIJLSOZ,X,X,X,X,X
TIJLZSO,X,X,X,X,X
TIJLZOS,X,X,X,X,X
TIJLOSZ,X,X,X,X,X
TIJLOZS,X,X,X,X,X
TIJSLZO,X,X,X,X,X
TIJSLOZ,X,X,O,X,X
TIJSZLO,X,X,X,X,X
TIJSZOL,X,X,X,X,X
TIJSOLZ,X,X,O,X,X
TIJSOZL,X,X,X,X,X
TIJZLSO,X,X,X,X,X
TIJZLOS,X,X,X,X,X
TIJZSLO,X,X,X,X,X
TIJZSOL,X,X,X,X,X
TIJZOLS,X,X,X,X,X
TIJZOSL,X,X,X,X,X
TIJOLSZ,X,X,X,X,X
TIJOLZS,X,X,X,X,X
TIJOSLZ,X,X,O,X,X
TIJOSZL,X,X,X,X,X
TIJOZLS,X,X,X,X,X
TIJOZSL,X,X,X,X,X
TISLJZO,X,X,X,X,X
TISLJOZ,X,X,X,X,X
TISLZJO,X,X,X,O,X
TISLZOJ,X,X,X,O,X
TISLOJZ,X,X,O,X,X
TISLOZJ,X,X,X,O,X
TISJLZO,X,X,X,X,X
TISJLOZ,X,X,O,X,X
TISJZLO,X,X,X,X,X
TISJZOL,X,X,X,X,X
TISJOLZ,X,X,O,X,X
TISJOZL,X,X,X,X,X
TISZLJO,X,X,X,X,X
TISZLOJ,X,X,X,X,X
TISZJLO,X,X,X,X,X
TISZJOL,X,X,X,O,O
TISZOLJ,X,X,X,X,X
TISZOJL,X,X,X,O,O
TISOLJZ,X,X,O,X,X
TISOLZJ,X,X,X,O,X
TISOJLZ,X,X,O,X,X
TISOJZL,X,X,X,X,X
TISOZLJ,X,X,X,X,X
TISOZJL,X,X,X,O,O
TIZLJSO,X,X,X,X,X
TIZLJOS,X,X,X,X,X
TIZLSJO,X,X,X,X,X
TIZLSOJ,X,X,X,X,X
TIZLOJS,X,X,X,X,X
TIZLOSJ,X,X,X,X,X
TIZJLSO,X,X,X,X,X
TIZJLOS,X,X,X,X,X
TIZJSLO,X,X,X,X,X
TIZJSOL,X,X,X,X,O
TIZJOLS,X,X,X,X,X
TIZJOSL,X,X,X,X,O
TIZSLJO,X,X,X,X,X
TIZSLOJ,X,X,X,X,X
TIZSJLO,X,X,X,X,X
TIZSJOL,X,X,X,O,O
TIZSOLJ,X,X,X,X,X
TIZSOJL,X,X,X,O,O
TIZOLJS,X,X,X,X,X
TIZOLSJ,X,X,X,X,X
TIZOJLS,X,X,X,X,X
TIZOJSL,X,X,X,X,O
TIZOSLJ,X,X,X,X,X
TIZOSJL,X,X,X,O,O
TIOLJSZ,X,X,X,X,X
TIOLJZS,X,X,X,X,X
TIOLSJZ,X,X,X,X,X
TIOLSZJ,X,X,X,X,X
TIOLZJS,X,X,X,X,X
TIOLZSJ,X,X,X,X,X
TIOJLSZ,X,X,X,X,X
TIOJLZS,X,X,X,X,X
TIOJSLZ,X,X,O,X,X
TIOJSZL,X,X,X,X,X
TIOJZLS,X,X,X,X,X
TIOJZSL,X,X,X,X,X
TIOSLJZ,X,X,O,X,X
TIOSLZJ,X,X,X,O,X
TIOSJLZ,X,X,O,X,X
TIOSJZL,X,X,X,X,X
TIOSZLJ,X,X,X,X,X
TIOSZJL,X,X,X,O,O
TIOZLJS,X,X,X,X,X
TIOZLSJ,X,X,X,X,X
TIOZJLS,X,X,X,X,X
TIOZJSL,X,X,X,X,O
TIOZSLJ,X,X,X,X,X
TIOZSJL,X,X,X,O,O
TLIJSZO,X,X,X,X,X
TLIJSOZ,X,X,X,X,X
TLIJZSO,X,X,X,X,X
TLIJZOS,X,X,X,X,X
TLIJOSZ,X,X,X,X,X
TLIJOZS,X,X,X,X,X
TLISJZO,X,X,X,X,X
TLISJOZ,X,X,X,X,X
TLISZJO,X,X,X,X,X
TLISZOJ,X,X,X,X,X
TLISOJZ,X,X,X,X,X
TLISOZJ,X,X,X,X,X
TLIZJSO,X,X,X,X,X
TLIZJOS,X,X,X,X,X
TLIZSJO,X,X,X,X,X
TLIZSOJ,X,X,X,X,X
TLIZOJS,X,X,X,X,X
TLIZOSJ,X,X,X,X,X
TLIOJSZ,X,X,X,X,X
TLIOJZS,X,X,X,X,X
TLIOSJZ,X,X,X,X,X
TLIOSZJ,X,X,X,X,X
TLIOZJS,X,X,X,X,X
TLIOZSJ,X,X,X,X,X
TLJISZO,X,X,X,X,X
TLJISOZ,X,X,X,X,X
TLJIZSO,X,X,X,X,X
TLJIZOS,X,X,X,X,X
TLJIOSZ,X,X,X,X,X
TLJIOZS,X,X,X,X,X
TLJSIZO,X,X,X,X,X
TLJSIOZ,X,X,O,X,X
TLJSZIO,X,X,X,X,X
TLJSZOI,X,X,X,X,X
TLJSOIZ,X,X,O,X,X
TLJSOZI,X,X,X,X,X
TLJZISO,X,X,X,X,X
TLJZIOS,X,X,X,X,X
TLJZSIO,X,X,O,X,X
TLJZSOI,X,X,O,X,X
TLJZOIS,X,X,X,X,X
TLJZOSI,X,X,O,X,X
TLJOISZ,X,X,X,X,X
TLJOIZS,X,X,X,X,X
TLJOSIZ,X,X,O,X,X
TLJOSZI,X,X,X,X,X
TLJOZIS,X,X,X,X,X
TLJOZSI,X,X,O,X,X
TLSIJZO,X,X,X,X,X
TLSIJOZ,X,X,X,X,X
TLSIZJO,X,X,X,O,X
TLSIZOJ,X,X,X,O,X
TLSIOJZ,X,X,O,X,X
TLSIOZJ,X,X,X,O,X
TLSJIZO,X,X,X,X,X
TLSJIOZ,X,X,X,X,X
TLSJZIO,X,X,X,X,X
TLSJZOI,X,X,X,X,X
TLSJOIZ,X,X,X,X,X
TLSJOZI,X,X,X,X,X
TLSZIJO,X,X,X,O,X
TLSZIOJ,X,X,X,O,X
TLSZJIO,X,X,X,O,X
TLSZJOI,X,X,X,O,X
TLSZOIJ,X,X,X,O,X
TLSZOJI,X,X,X,O,X
TLSOIJZ,X,X,O,X,X
TLSOIZJ,X,X,X,O,X
TLSOJIZ,X,X,X,X,X
TLSOJZI,X,X,X,X,X
TLSOZIJ,X,X,X,O,X
TLSOZJI,X,X,X,O,X
TLZIJSO,X,X,X,X,X
TLZIJOS,X,X,X,X,X
TLZISJO,X,X,X,X,X
TLZISOJ,X,X,X,X,X
TLZIOJS,X,X,X,X,X
TLZIOSJ,X,X,X,X,X
TLZJISO,X,X,X,X,X
TLZJIOS,X,X,X,X,X
TLZJSIO,X,X,X,O,X
TLZJSOI,X,X,X,O,X
TLZJOIS,X,X,X,X,X
TLZJOSI,X,X,X,O,X
TLZSIJO,X,X,X,O,X
TLZSIOJ,X,X,X,O,X
TLZSJIO,X,X,X,O,X
TLZSJOI,X,X,X,O,X
TLZSOIJ,X,X,X,O,X
TLZSOJI,X,X,X,O,X
TLZOIJS,X,X,X,X,X
TLZOISJ,X,X,X,X,X
TLZOJIS,X,X,X,X,X
TLZOJSI,X,X,X,O,X
TLZOSIJ,X,X,X,O,X
TLZOSJI,X,X,X,O,X
TLOIJSZ,X,X,X,X,X
TLOIJZS,X,X,X,X,X
TLOISJZ,X,X,X,X,X
TLOISZJ,X,X,X,X,X
TLOIZJS,X,X,X,X,X
TLOIZSJ,X,X,X,X,X
TLOJISZ,X,X,X,X,X
TLOJIZS,X,X,X,X,X
TLOJSIZ,X,X,O,X,X
TLOJSZI,X,X,X,X,X
TLOJZIS,X,X,X,X,X
TLOJZSI,X,X,O,X,X
TLOSIJZ,X,X,O,X,X
TLOSIZJ,X,X,X,O,X
TLOSJIZ,X,X,X,X,X
TLOSJZI,X,X,X,X,X
TLOSZIJ,X,X,X,O,X
TLOSZJI,X,X,X,O,X
TLOZIJS,X,X,X,X,X
TLOZISJ,X,X,X,X,X
TLOZJIS,X,X,X,X,X
TLOZJSI,X,X,X,O,X
TLOZSIJ,X,X,X,O,X
TLOZSJI,X,X,X,O,X
TJILSZO,X,X,X,X,X
TJILSOZ,X,X,X,X,X
TJILZSO,X,X,X,X,X
TJILZOS,X,X,X,X,X
TJILOSZ,X,X,X,X,X
TJILOZS,X,X,X,X,X
TJISLZO,X,X,X,X,X
TJISLOZ,X,X,O,X,X
TJISZLO,X,X,X,X,X
TJISZOL,X,X,X,X,X
TJISOLZ,X,X,O,X,X
TJISOZL,X,X,X,X,X
TJIZLSO,X,X,X,X,X
TJIZLOS,X,X,X,X,X
TJIZSLO,X,X,X,X,X
TJIZSOL,X,X,X,X,X
TJIZOLS,X,X,X,X,X
TJIZOSL,X,X,X,X,X
TJIOLSZ,X,X,X,X,X
TJIOLZS,X,X,X,X,X
TJIOSLZ,X,X,O,X,X
TJIOSZL,X,X,X,X,X
TJIOZLS,X,X,X,X,X
TJIOZSL,X,X,X,X,X
TJLISZO,X,X,X,X,X
TJLISOZ,X,X,X,X,X
TJLIZSO,X,X,X,X,X
TJLIZOS,X,X,X,X,X
TJLIOSZ,X,X,X,X,X
TJLIOZS,X,X,X,X,X
TJLSIZO,X,X,X,X,X
TJLSIOZ,X,X,O,X,X
TJLSZIO,X,X,X,X,X
TJLSZOI,X,X,X,X,X
TJLSOIZ,X,X,O,X,X
TJLSOZI,X,X,X,X,X
TJLZISO,X,X,X,X,X
TJLZIOS,X,X,X,X,X
TJLZSIO,X,X,O,X,X
TJLZSOI,X,X,O,X,X
TJLZOIS,X,X,X,X,X
TJLZOSI,X,X,O,X,X
TJLOISZ,X,X,X,X,X
TJLOIZS,X,X,X,X,X
TJLOSIZ,X,X,O,X,X
TJLOSZI,X,X,X,X,X
TJLOZIS,X,X,X,X,X
TJLOZSI,X,X,O,X,X
TJSILZO,X,X,X,X,X
TJSILOZ,X,X,O,X,X
TJSIZLO,X,X,X,X,X
TJSIZOL,X,X,X,X,X
TJSIOLZ,X,X,O,X,X
TJSIOZL,X,X,X,X,X
TJSLIZO,X,X,X,X,X
TJSLIOZ,X,X,O,X,X
TJSLZIO,X,X,X,X,X
TJSLZOI,X,X,X,X,X
TJSLOIZ,X,X,O,X,X
TJSLOZI,X,X,X,X,X
TJSZILO,X,X,X,X,X
TJSZIOL,X,X,X,X,X
TJSZLIO,X,X,X,X,X
TJSZLOI,X,X,X,X,X
TJSZOIL,X,X,X,X,X
TJSZOLI,X,X,X,X,X
TJSOILZ,X,X,O,X,X
TJSOIZL,X,X,X,X,X
TJSOLIZ,X,X,O,X,X
TJSOLZI,X,X,X,X,X
TJSOZIL,X,X,X,X,X
TJSOZLI,X,X,X,X,X
TJZILSO,X,X,X,X,X
TJZILOS,X,X,X,X,X
TJZISLO,X,X,X,X,X
TJZISOL,X,X,X,X,X
TJZIOLS,X,X,X,X,X
TJZIOSL,X,X,X,X,X
TJZLISO,X,X,X,X,X
TJZLIOS,X,X,X,X,X
TJZLSIO,X,X,O,X,X
TJZLSOI,X,X,O,X,X
TJZLOIS,X,X,X,X,X
TJZLOSI,X,X,O,X,X
TJZSILO,X,X,O,X,X
TJZSIOL,X,X,O,X,X
TJZSLIO,X,X,O,X,X
TJZSLOI,X,X,O,X,X
TJZSOIL,X,X,O,X,X
TJZSOLI,X,X,O,X,X
TJZOILS,X,X,X,X,X
TJZOISL,X,X,X,X,X
TJZOLIS,X,X,X,X,X
TJZOLSI,X,X,O,X,X
TJZOSIL,X,X,O,X,X
TJZOSLI,X,X,O,X,X
TJOILSZ,X,X,X,X,X
TJOILZS,X,X,X,X,X
TJOISLZ,X,X,O,X,X
TJOISZL,X,X,X,X,X
TJOIZLS,X,X,X,X,X
TJOIZSL,X,X,X,X,X
TJOLISZ,X,X,X,X,X
TJOLIZS,X,X,X,X,X
TJOLSIZ,X,X,O,X,X
TJOLSZI,X,X,X,X,X
TJOLZIS,X,X,X,X,X
TJOLZSI,X,X,O,X,X
TJOSILZ,X,X,O,X,X
TJOSIZL,X,X,X,X,X
TJOSLIZ,X,X,O,X,X
TJOSLZI,X,X,X,X,X
TJOSZIL,X,X,X,X,X
TJOSZLI,X,X,X,X,X
TJOZILS,X,X,X,X,X
TJOZISL,X,X,X,X,X
TJOZLIS,X,X,X,X,X
TJOZLSI,X,X,O,X,X
TJOZSIL,X,X,O,X,X
TJOZSLI,X,X,O,X,X
TSILJZO,X,X,X,X,X
TSILJOZ,X,X,X,X,X
TSILZJO,X,X,X,O,X
TSILZOJ,X,X,X,O,X
TSILOJZ,X,X,O,X,X
TSILOZJ,X,X,X,O,X
TSIJLZO,X,X,X,X,X
TSIJLOZ,X,X,O,X,X
TSIJZLO,X,X,X,X,X
TSIJZOL,X,X,X,X,X
TSIJOLZ,X,X,O,X,X
TSIJOZL,X,X,X,X,X
TSIZLJO,X,X,X,X,X
TSIZLOJ,X,X,X,X,X
TSIZJLO,X,X,X,X,X
TSIZJOL,X,X,X,O,O
TSIZOLJ,X,X,X,X,X
TSIZOJL,X,X,X,O,O
TSIOLJZ,X,X,O,X,X
TSIOLZJ,X,X,X,O,X
TSIOJLZ,X,X,O,X,X
TSIOJZL,X,X,X,X,X
TSIOZLJ,X,X,X,X,X
TSIOZJL,X,X,X,O,O
TSLIJZO,X,X,X,X,X
TSLIJOZ,X,X,X,X,X
TSLIZJO,X,X,X,O,X
TSLIZOJ,X,X,X,O,X
TSLIOJZ,X,X,O,X,X
TSLIOZJ,X,X,X,O,X
TSLJIZO,X,X,X,X,X
TSLJIOZ,X,X,X,X,X
TSLJZIO,X,X,X,X,X
TSLJZOI,X,X,X,X,X
TSLJOIZ,X,X,X,X,X
TSLJOZI,X,X,X,X,X
TSLZIJO,X,X,X,O,X
TSLZIOJ,X,X,X,O,X
TSLZJIO,X,X,X,O,X
TSLZJOI,X,X,X,O,X
TSLZOIJ,X,X,X,O,X
TSLZOJI,X,X,X,O,X
TSLOIJZ,X,X,O,X,X
TSLOIZJ,X,X,X,O,X
TSLOJIZ,X,X,X,X,X
TSLOJZI,X,X,X,X,X
TSLOZIJ,X,X,X,O,X
TSLOZJI,X,X,X,O,X
TSJILZO,X,X,X,X,X
TSJILOZ,X,X,O,X,X
TSJIZLO,X,X,X,X,X
TSJIZOL,X,X,X,X,X
TSJIOLZ,X,X,O,X,X
TSJIOZL,X,X,X,X,X
TSJLIZO,X,X,X,X,X
TSJLIOZ,X,X,O,X,X
TSJLZIO,X,X,X,X,X
TSJLZOI,X,X,X,X,X
TSJLOIZ,X,X,O,X,X
TSJLOZI,X,X,X,X,X
TSJZILO,X,X,X,X,X
TSJZIOL,X,X,X,X,X
TSJZLIO,X,X,X,X,X
TSJZLOI,X,X,X,X,X
TSJZOIL,X,X,X,X,X
TSJZOLI,X,X,X,X,X
TSJOILZ,X,X,O,X,X
TSJOIZL,X,X,X,X,X
TSJOLIZ,X,X,O,X,X
TSJOLZI,X,X,X,X,X
TSJOZIL,X,X,X,X,X
TSJOZLI,X,X,X,X,X
TSZILJO,X,X,X,X,X
TSZILOJ,X,X,X,X,X
TSZIJLO,X,X,X,X,X
TSZIJOL,X,X,X,O,O
TSZIOLJ,X,X,X,X,X
TSZIOJL,X,X,X,O,O
TSZLIJO,X,X,X,X,X
TSZLIOJ,X,X,X,X,X
TSZLJIO,X,X,X,X,X
TSZLJOI,X,X,X,X,X
TSZLOIJ,X,X,X,X,X
TSZLOJI,X,X,X,X,X
TSZJILO,X,X,X,X,X
TSZJIOL,X,X,X,O,O
TSZJLIO,X,X,X,X,X
TSZJLOI,X,X,X,X,X
TSZJOIL,X,X,X,O,O
TSZJOLI,X,X,X,X,O
TSZOILJ,X,X,X,X,X
TSZOIJL,X,X,X,O,O
TSZOLIJ,X,X,X,X,X
TSZOLJI,X,X,X,X,X
TSZOJIL,X,X,X,O,O
TSZOJLI,X,X,X,X,O
TSOILJZ,X,X,O,X,X
TSOILZJ,X,X,X,O,X
TSOIJLZ,X,X,O,X,X
TSOIJZL,X,X,X,X,X
TSOIZLJ,X,X,X,X,X
TSOIZJL,X,X,X,O,O
TSOLIJZ,X,X,O,X,X
TSOLIZJ,X,X,X,O,X
TSOLJIZ,X,X,X,X,X
TSOLJZI,X,X,X,X,X
TSOLZIJ,X,X,X,O,X
TSOLZJI,X,X,X,O,X
TSOJILZ,X,X,O,X,X
TSOJIZL,X,X,X,X,X
TSOJLIZ,X,X,O,X,X
TSOJLZI,X,X,X,X,X
TSOJZIL,X,X,X,X,X
TSOJZLI,X,X,X,X,X
TSOZILJ,X,X,X,X,X
TSOZIJL,X,X,X,O,O
TSOZLIJ,X,X,X,X,X
TSOZLJI,X,X,X,X,X
TSOZJIL,X,X,X,O,O
TSOZJLI,X,X,X,X,O
TZILJSO,X,X,X,X,X
TZILJOS,X,X,X,X,X
TZILSJO,X,X,X,X,X
TZILSOJ,X,X,X,X,X
TZILOJS,X,X,X,X,X
TZILOSJ,X,X,X,X,X
TZIJLSO,X,X,X,X,X
TZIJLOS,X,X,X,X,X
TZIJSLO,X,X,X,X,X
TZIJSOL,X,X,X,X,O
TZIJOLS,X,X,X,X,X
TZIJOSL,X,X,X,X,O
TZISLJO,X,X,X,X,X
TZISLOJ,X,X,X,X,X
TZISJLO,X,X,X,X,X
TZISJOL,X,X,X,O,O
TZISOLJ,X,X,X,X,X
TZISOJL,X,X,X,O,O
TZIOLJS,X,X,X,X,X
TZIOLSJ,X,X,X,X,X
TZIOJLS,X,X,X,X,X
TZIOJSL,X,X,X,X,O
TZIOSLJ,X,X,X,X,X
TZIOSJL,X,X,X,O,O
TZLIJSO,X,X,X,X,X
TZLIJOS,X,X,X,X,X
TZLISJO,X,X,X,X,X
TZLISOJ,X,X,X,X,X
TZLIOJS,X,X,X,X,X
TZLIOSJ,X,X,X,X,X
TZLJISO,X,X,X,X,X
TZLJIOS,X,X,X,X,X
TZLJSIO,X,X,X,O,X
TZLJSOI,X,X,X,O,X
TZLJOIS,X,X,X,X,X
TZLJOSI,X,X,X,O,X
TZLSIJO,X,X,X,O,X
TZLSIOJ,X,X,X,O,X
TZLSJIO,X,X,X,O,X
TZLSJOI,X,X,X,O,X
TZLSOIJ,X,X,X,O,X
TZLSOJI,X,X,X,O,X
TZLOIJS,X,X,X,X,X
TZLOISJ,X,X,X,X,X
TZLOJIS,X,X,X,X,X
TZLOJSI,X,X,X,O,X
TZLOSIJ,X,X,X,O,X
TZLOSJI,X,X,X,O,X
TZJILSO,X,X,X,X,X
TZJILOS,X,X,X,X,X
TZJISLO,X,X,X,X,X
TZJISOL,X,X,X,X,O
TZJIOLS,X,X,X,X,X
TZJIOSL,X,X,X,X,O
TZJLISO,X,X,X,X,X
TZJLIOS,X,X,X,X,X
TZJLSIO,X,X,X,X,X
TZJLSOI,X,X,X,X,X
TZJLOIS,X,X,X,X,X
TZJLOSI,X,X,X,X,X
TZJSILO,X,X,X,X,X
TZJSIOL,X,X,X,O,O
TZJSLIO,X,X,X,X,X
TZJSLOI,X,X,X,X,X
TZJSOIL,X,X,X,O,O
TZJSOLI,X,X,X,X,O
TZJOILS,X,X,X,X,X
TZJOISL,X,X,X,X,O
TZJOLIS,X,X,X,X,X
TZJOLSI,X,X,X,X,X
TZJOSIL,X,X,X,O,O
TZJOSLI,X,X,X,X,O
TZSILJO,X,X,X,X,X
TZSILOJ,X,X,X,X,X
TZSIJLO,X,X,X,X,X
TZSIJOL,X,X,X,O,O
TZSIOLJ,X,X,X,X,X
TZSIOJL,X,X,X,O,O
TZSLIJO,X,X,X,X,X
TZSLIOJ,X,X,X,X,X
TZSLJIO,X,X,X,X,X
TZSLJOI,X,X,X,X,X
TZSLOIJ,X,X,X,X,X
TZSLOJI,X,X,X,X,X
TZSJILO,X,X,X,X,X
TZSJIOL,X,X,X,O,O
TZSJLIO,X,X,X,X,X
TZSJLOI,X,X,X,X,X
TZSJOIL,X,X,X,O,O
TZSJOLI,X,X,X,X,O
TZSOILJ,X,X,X,X,X
TZSOIJL,X,X,X,O,O
TZSOLIJ,X,X,X,X,X
TZSOLJI,X,X,X,X,X
TZSOJIL,X,X,X,O,O
TZSOJLI,X,X,X,X,O
TZOILJS,X,X,X,X,X
TZOILSJ,X,X,X,X,X
TZOIJLS,X,X,X,X,X
TZOIJSL,X,X,X,X,O
TZOISLJ,X,X,X,X,X
TZOISJL,X,X,X,O,O
TZOLIJS,X,X,X,X,X
TZOLISJ,X,X,X,X,X
TZOLJIS,X,X,X,X,X
TZOLJSI,X,X,X,O,X
TZOLSIJ,X,X,X,O,X
TZOLSJI,X,X,X,O,X
TZOJILS,X,X,X,X,X
TZOJISL,X,X,X,X,O
TZOJLIS,X,X,X,X,X
TZOJLSI,X,X,X,X,X
TZOJSIL,X,X,X,O,O
TZOJSLI,X,X,X,X,O
TZOSILJ,X,X,X,X,X
TZOSIJL,X,X,X,O,O
TZOSLIJ,X,X,X,X,X
TZOSLJI,X,X,X,X,X
TZOSJIL,X,X,X,O,O
TZOSJLI,X,X,X,X,O
TOILJSZ,X,X,X,X,X
TOILJZS,X,X,X,X,X
TOILSJZ,X,X,X,X,X
TOILSZJ,X,X,X,X,X
TOILZJS,X,X,X,X,X
TOILZSJ,X,X,X,X,X
TOIJLSZ,X,X,X,X,X
TOIJLZS,X,X,X,X,X
TOIJSLZ,X,X,O,X,X
TOIJSZL,X,X,X,X,X
TOIJZLS,X,X,X,X,X
TOIJZSL,X,X,X,X,X
TOISLJZ,X,X,O,X,X
TOISLZJ,X,X,X,O,X
TOISJLZ,X,X,O,X,X
TOISJZL,X,X,X,X,X
TOISZLJ,X,X,X,X,X
TOISZJL,X,X,X,O,O
TOIZLJS,X,X,X,X,X
TOIZLSJ,X,X,X,X,X
TOIZJLS,X,X,X,X,X
TOIZJSL,X,X,X,X,O
TOIZSLJ,X,X,X,X,X
TOIZSJL,X,X,X,O,O
TOLIJSZ,X,X,X,X,X
TOLIJZS,X,X,X,X,X
TOLISJZ,X,X,X,X,X
TOLISZJ,X,X,X,X,X
TOLIZJS,X,X,X,X,X
TOLIZSJ,X,X,X,X,X
TOLJISZ,X,X,X,X,X
TOLJIZS,X,X,X,X,X
TOLJSIZ,X,X,O,X,X
TOLJSZI,X,X,X,X,X
TOLJZIS,X,X,X,X,X
TOLJZSI,X,X,O,X,X
TOLSIJZ,X,X,O,X,X
TOLSIZJ,X,X,X,O,X
TOLSJIZ,X,X,X,X,X
TOLSJZI,X,X,X,X,X
TOLSZIJ,X,X,X,O,X
TOLSZJI,X,X,X,O,X
TOLZIJS,X,X,X,X,X
TOLZISJ,X,X,X,X,X
TOLZJIS,X,X,X,X,X
TOLZJSI,X,X,X,O,X
TOLZSIJ,X,X,X,O,X
TOLZSJI,X,X,X,O,X
TOJILSZ,X,X,X,X,X
TOJILZS,X,X,X,X,X
TOJISLZ,X,X,O,X,X
TOJISZL,X,X,X,X,X
TOJIZLS,X,X,X,X,X
TOJIZSL,X,X,X,X,X
TOJLISZ,X,X,X,X,X
TOJLIZS,X,X,X,X,X
TOJLSIZ,X,X,O,X,X
TOJLSZI,X,X,X,X,X
TOJLZIS,X,X,X,X,X
TOJLZSI,X,X,O,X,X
TOJSILZ,X,X,O,X,X
TOJSIZL,X,X,X,X,X
TOJSLIZ,X,X,O,X,X
TOJSLZI,X,X,X,X,X
TOJSZIL,X,X,X,X,X
TOJSZLI,X,X,X,X,X
TOJZILS,X,X,X,X,X
TOJZISL,X,X,X,X,X
TOJZLIS,X,X,X,X,X
TOJZLSI,X,X,O,X,X
TOJZSIL,X,X,O,X,X
TOJZSLI,X,X,O,X,X
TOSILJZ,X,X,O,X,X
TOSILZJ,X,X,X,O,X
TOSIJLZ,X,X,O,X,X
TOSIJZL,X,X,X,X,X
TOSIZLJ,X,X,X,X,X
TOSIZJL,X,X,X,O,O
TOSLIJZ,X,X,O,X,X
TOSLIZJ,X,X,X,O,X
TOSLJIZ,X,X,X,X,X
TOSLJZI,X,X,X,X,X
TOSLZIJ,X,X,X,O,X
TOSLZJI,X,X,X,O,X
TOSJILZ,X,X,O,X,X
TOSJIZL,X,X,X,X,X
TOSJLIZ,X,X,O,X,X
TOSJLZI,X,X,X,X,X
TOSJZIL,X,X,X,X,X
TOSJZLI,X,X,X,X,X
TOSZILJ,X,X,X,X,X
TOSZIJL,X,X,X,O,O
TOSZLIJ,X,X,X,X,X
TOSZLJI,X,X,X,X,X
TOSZJIL,X,X,X,O,O
TOSZJLI,X,X,X,X,O
TOZILJS,X,X,X,X,X
TOZILSJ,X,X,X,X,X
TOZIJLS,X,X,X,X,X
TOZIJSL,X,X,X,X,O
TOZISLJ,X,X,X,X,X
TOZISJL,X,X,X,O,O
TOZLIJS,X,X,X,X,X
TOZLISJ,X,X,X,X,X
TOZLJIS,X,X,X,X,X
TOZLJSI,X,X,X,O,X
TOZLSIJ,X,X,X,O,X
TOZLSJI,X,X,X,O,X
TOZJILS,X,X,X,X,X
TOZJISL,X,X,X,X,O
TOZJLIS,X,X,X,X,X
TOZJLSI,X,X,X,X,X
TOZJSIL,X,X,X,O,O
TOZJSLI,X,X,X,X,O
TOZSILJ,X,X,X,X,X
TOZSIJL,X,X,X,O,O
TOZSLIJ,X,X,X,X,X
TOZSLJI,X,X,X,X,X
TOZSJIL,X,X,X,O,O
TOZSJLI,X,X,X,X,O
ITLJSZO,X,X,X,X,X
ITLJSOZ,X,X,X,X,X
ITLJZSO,X,X,X,X,X
ITLJZOS,X,X,X,X,X
ITLJOSZ,X,X,X,X,X
ITLJOZS,X,X,X,X,X
ITLSJZO,X,X,X,X,X
ITLSJOZ,X,X,X,X,X
ITLSZJO,X,X,X,X,X
ITLSZOJ,X,X,X,X,X
ITLSOJZ,X,X,X,X,X
ITLSOZJ,X,X,X,X,X
ITLZJSO,X,X,X,X,X
ITLZJOS,X,X,X,X,X
ITLZSJO,X,X,X,X,X
ITLZSOJ,X,X,X,X,X
ITLZOJS,X,X,X,X,X
ITLZOSJ,X,X,X,X,X
ITLOJSZ,X,X,X,X,X
ITLOJZS,X,X,X,X,X
ITLOSJZ,X,X,X,X,X
ITLOSZJ,X,X,X,X,X
ITLOZJS,X,X,X,X,X
ITLOZSJ,X,X,X,X,X
ITJLSZO,X,X,X,X,X
ITJLSOZ,X,X,X,X,X
ITJLZSO,X,X,X,X,X
ITJLZOS,X,X,X,X,X
ITJLOSZ,X,X,X,X,X
ITJLOZS,X,X,X,X,X
ITJSLZO,X,X,X,X,X
ITJSLOZ,X,X,X,X,X
ITJSZLO,X,X,X,X,X
ITJSZOL,X,X,X,X,X
ITJSOLZ,X,X,X,X,X
ITJSOZL,X,X,X,X,X
ITJZLSO,X,X,X,X,X
ITJZLOS,X,X,X,X,X
ITJZSLO,X,X,X,X,X
ITJZSOL,X,X,X,X,X
ITJZOLS,X,X,X,X,X
ITJZOSL,X,X,X,X,X
ITJOLSZ,X,X,X,X,X
ITJOLZS,X,X,X,X,X
ITJOSLZ,X,X,X,X,X
ITJOSZL,X,X,X,X,X
ITJOZLS,X,X,X,X,X
ITJOZSL,X,X,X,X,X
ITSLJZO,X,X,X,X,X
ITSLJOZ,X,X,X,X,X
ITSLZJO,X,X,X,X,X
ITSLZOJ,X,X,X,X,X
ITSLOJZ,X,X,X,X,X
ITSLOZJ,X,X,X,X,X
ITSJLZO,X,X,X,X,X
ITSJLOZ,X,X,X,X,X
ITSJZLO,X,X,X,X,X
ITSJZOL,X,X,X,X,X
ITSJOLZ,X,X,X,X,X
ITSJOZL,X,X,X,X,X
ITSZLJO,X,X,X,X,X
ITSZLOJ,X,X,X,X,X
ITSZJLO,X,X,X,X,X
ITSZJOL,X,X,X,X,X
ITSZOLJ,X,X,X,X,X
ITSZOJL,X,X,X,X,X
ITSOLJZ,X,X,X,X,X
ITSOLZJ,X,X,X,X,X
ITSOJLZ,X,X,X,X,X
ITSOJZL,X,X,X,X,X
ITSOZLJ,X,X,X,X,X
ITSOZJL,X,X,X,X,X
ITZLJSO,X,X,X,X,X
ITZLJOS,X,X,X,X,X
ITZLSJO,X,X,X,X,X
ITZLSOJ,X,X,X,X,X
ITZLOJS,X,X,X,X,X
ITZLOSJ,X,X,X,X,X
ITZJLSO,X,X,X,X,X
ITZJLOS,X,X,X,X,X
ITZJSLO,X,X,X,X,X
ITZJSOL,X,X,X,X,X
ITZJOLS,X,X,X,X,X
ITZJOSL,X,X,X,X,X
ITZSLJO,X,X,X,X,X
ITZSLOJ,X,X,X,X,X
ITZSJLO,X,X,X,X,X
ITZSJOL,X,X,X,X,X
ITZSOLJ,X,X,X,X,X
ITZSOJL,X,X,X,X,X
ITZOLJS,X,X,X,X,X
ITZOLSJ,X,X,X,X,X
ITZOJLS,X,X,X,X,X
ITZOJSL,X,X,X,X,X
ITZOSLJ,X,X,X,X,X
ITZOSJL,X,X,X,X,X
ITOLJSZ,X,X,X,X,X
ITOLJZS,X,X,X,X,X
ITOLSJZ,X,X,X,X,X
ITOLSZJ,X,X,X,X,X
ITOLZJS,X,X,X,X,X
ITOLZSJ,X,X,X,X,X
ITOJLSZ,X,X,X,X,X
ITOJLZS,X,X,X,X,X
ITOJSLZ,X,X,X,X,X
ITOJSZL,X,X,X,X,X
ITOJZLS,X,X,X,X,X
ITOJZSL,X,X,X,X,X
ITOSLJZ,X,X,X,X,X
ITOSLZJ,X,X,X,X,X
ITOSJLZ,X,X,X,X,X
ITOSJZL,X,X,X,X,X
ITOSZLJ,X,X,X,X,X
ITOSZJL,X,X,X,X,X
ITOZLJS,X,X,X,X,X
ITOZLSJ,X,X,X,X,X
ITOZJLS,X,X,X,X,X
ITOZJSL,X,X,X,X,X
ITOZSLJ,X,X,X,X,X
ITOZSJL,X,X,X,X,X
ILTJSZO,X,X,X,X,X
ILTJSOZ,X,X,X,X,X
ILTJZSO,X,X,X,X,X
ILTJZOS,X,X,X,X,X
ILTJOSZ,X,X,X,X,X
ILTJOZS,X,X,X,X,X
ILTSJZO,X,X,X,X,X
ILTSJOZ,X,X,X,X,X
ILTSZJO,X,X,X,X,X
ILTSZOJ,X,X,X,X,X
ILTSOJZ,X,X,X,X,X
ILTSOZJ,X,X,X,X,X
ILTZJSO,X,X,X,X,X
ILTZJOS,X,X,X,X,X
ILTZSJO,X,X,X,X,X
ILTZSOJ,X,X,X,X,X
ILTZOJS,X,X,X,X,X
ILTZOSJ,X,X,X,X,X
ILTOJSZ,X,X,X,X,X
ILTOJZS,X,X,X,X,X
ILTOSJZ,X,X,X,X,X
ILTOSZJ,X,X,X,X,X
ILTOZJS,X,X,X,X,X
ILTOZSJ,X,X,X,X,X
ILJTSZO,X,X,X,X,X
ILJTSOZ,X,X,X,X,X
ILJTZSO,X,X,X,X,X
ILJTZOS,X,X,X,X,X
ILJTOSZ,X,X,X,X,X
ILJTOZS,X,X,X,X,X
ILJSTZO,X,X,X,X,X
ILJSTOZ,X,X,X,X,X
ILJSZTO,X,X,X,X,X
ILJSZOT,X,X,X,X,X
ILJSOTZ,X,X,X,X,X
ILJSOZT,X,X,X,X,X
ILJZTSO,X,X,X,X,X
ILJZTOS,X,X,X,X,X
ILJZSTO,X,X,X,X,X
ILJZSOT,X,X,X,X,X
ILJZOTS,X,X,X,X,X
ILJZOST,X,X,X,X,X
ILJOTSZ,X,X,X,X,X
ILJOTZS,X,X,X,X,X
ILJOSTZ,X,X,X,X,X
ILJOSZT,X,X,X,X,X
ILJOZTS,X,X,X,X,X
ILJOZST,X,X,X,X,X
ILSTJZO,X,X,X,X,X
ILSTJOZ,X,X,X,X,X
ILSTZJO,X,X,X,X,X
ILSTZOJ,X,X,X,X,X
ILSTOJZ,X,X,X,X,X
ILSTOZJ,X,X,X,X,X
ILSJTZO,X,X,X,X,X
ILSJTOZ,X,X,X,X,X
ILSJZTO,X,X,X,X,X
ILSJZOT,X,X,X,X,X
ILSJOTZ,X,X,X,X,X
ILSJOZT,X,X,X,X,X
ILSZTJO,X,X,X,X,X
ILSZTOJ,X,X,X,X,X
ILSZJTO,X,X,X,X,X
ILSZJOT,X,X,X,X,X
ILSZOTJ,X,X,X,X,X
ILSZOJT,X,X,X,X,X
ILSOTJZ,X,X,X,X,X
ILSOTZJ,X,X,X,X,X
ILSOJTZ,X,X,X,X,X
ILSOJZT,X,X,X,X,X
ILSOZTJ,X,X,X,X,X
ILSOZJT,X,X,X,X,X
ILZTJSO,X,X,X,X,X
ILZTJOS,X,X,X,X,X
ILZTSJO,X,X,X,X,X
ILZTSOJ,X,X,X,X,X
ILZTOJS,X,X,X,X,X
ILZTOSJ,X,X,X,X,X
ILZJTSO,X,X,X,X,X
ILZJTOS,X,X,X,X,X
ILZJSTO,X,X,X,X,X
ILZJSOT,X,X,X,X,X
ILZJOTS,X,X,X,X,X
ILZJOST,X,X,X,X,X
ILZSTJO,X,X,X,X,X
ILZSTOJ,X,X,X,X,X
ILZSJTO,X,X,X,X,X
ILZSJOT,X,X,X,X,X
ILZSOTJ,X,X,X,X,X
ILZSOJT,X,X,X,X,X
ILZOTJS,X,X,X,X,X
ILZOTSJ,X,X,X,X,X
ILZOJTS,X,X,X,X,X
ILZOJST,X,X,X,X,X
ILZOSTJ,X,X,X,X,X
ILZOSJT,X,X,X,X,X
ILOTJSZ,X,X,X,X,X
ILOTJZS,X,X,X,X,X
ILOTSJZ,X,X,X,X,X
ILOTSZJ,X,X,X,X,X
ILOTZJS,X,X,X,X,X
ILOTZSJ,X,X,X,X,X
ILOJTSZ,X,X,X,X,X
ILOJTZS,X,X,X,X,X
ILOJSTZ,X,X,X,X,X
ILOJSZT,X,X,X,X,X
ILOJZTS,X,X,X,X,X
ILOJZST,X,X,X,X,X
ILOSTJZ,X,X,X,X,X
ILOSTZJ,X,X,X,X,X
ILOSJTZ,X,X,X,X,X
ILOSJZT,X,X,X,X,X
ILOSZTJ,X,X,X,X,X
ILOSZJT,X,X,X,X,X
ILOZTJS,X,X,X,X,X
ILOZTSJ,X,X,X,X,X
ILOZJTS,X,X,X,X,X
ILOZJST,X,X,X,X,X
ILOZSTJ,X,X,X,X,X
ILOZSJT,X,X,X,X,X
IJTLSZO,X,X,X,X,X
IJTLSOZ,X,X,X,X,X
IJTLZSO,X,X,X,X,X
IJTLZOS,X,X,X,X,X
IJTLOSZ,X,X,X,X,X
IJTLOZS,X,X,X,X,X
IJTSLZO,X,X,X,X,X
IJTSLOZ,X,X,X,X,X
IJTSZLO,X,X,X,X,X
IJTSZOL,X,X,X,X,X
IJTSOLZ,X,X,X,X,X
IJTSOZL,X,X,X,X,X
IJTZLSO,X,X,X,X,X
IJTZLOS,X,X,X,X,X
IJTZSLO,X,X,X,X,X
IJTZSOL,X,X,X,X,X
IJTZOLS,X,X,X,X,X
IJTZOSL,X,X,X,X,X
IJTOLSZ,X,X,X,X,X
IJTOLZS,X,X,X,X,X
IJTOSLZ,X,X,X,X,X
IJTOSZL,X,X,X,X,X
IJTOZLS,X,X,X,X,X
IJTOZSL,X,X,X,X,X
IJLTSZO,X,X,X,X,X
IJLTSOZ,X,X,X,X,X
IJLTZSO,X,X,X,X,X
IJLTZOS,X,X,X,X,X
IJLTOSZ,X,X,X,X,X
IJLTOZS,X,X,X,X,X
IJLSTZO,X,X,X,X,X
IJLSTOZ,X,X,X,X,X
IJLSZTO,X,X,X,X,X
IJLSZOT,X,X,X,X,X
IJLSOTZ,X,X,X,X,X
IJLSOZT,X,X,X,X,X
IJLZTSO,X,X,X,X,X
IJLZTOS,X,X,X,X,X
IJLZSTO,X,X,X,X,X
IJLZSOT,X,X,X,X,X
IJLZOTS,X,X,X,X,X
IJLZOST,X,X,X,X,X
IJLOTSZ,X,X,X,X,X
IJLOTZS,X,X,X,X,X
IJLOSTZ,X,X,X,X,X
IJLOSZT,X,X,X,X,X
IJLOZTS,X,X,X,X,X
IJLOZST,X,X,X,X,X
IJSTLZO,X,X,X,X,X
IJSTLOZ,X,X,X,X,X
IJSTZLO,X,X,X,X,X
IJSTZOL,X,X,X,X,X
IJSTOLZ,X,X,X,X,X
IJSTOZL,X,X,X,X,X
IJSLTZO,X,X,X,X,X
IJSLTOZ,X,X,X,X,X
IJSLZTO,X,X,X,X,X
IJSLZOT,X,X,X,X,X
IJSLOTZ,X,X,X,X,X
IJSLOZT,X,X,X,X,X
IJSZTLO,X,X,X,X,X
IJSZTOL,X,X,X,X,X
IJSZLTO,X,X,X,X,X
IJSZLOT,X,X,X,X,X
IJSZOTL,X,X,X,X,X
IJSZOLT,X,X,X,X,X
IJSOTLZ,X,X,X,X,X
IJSOTZL,X,X,X,X,X
IJSOLTZ,X,X,X,X,X
IJSOLZT,X,X,X,X,X
IJSOZTL,X,X,X,X,X
IJSOZLT,X,X,X,X,X
IJZTLSO,X,X,X,X,X
IJZTLOS,X,X,X,X,X
IJZTSLO,X,X,X,X,X
IJZTSOL,X,X,X,X,X
IJZTOLS,X,X,X,X,X
IJZTOSL,X,X,X,X,X
IJZLTSO,X,X,X,X,X
IJZLTOS,X,X,X,X,X
IJZLSTO,X,X,X,X,X
IJZLSOT,X,X,X,X,X
IJZLOTS,X,X,X,X,X
IJZLOST,X,X,X,X,X
IJZSTLO,X,X,X,X,X
IJZSTOL,X,X,X,X,X
IJZSLTO,X,X,X,X,X
IJZSLOT,X,X,X,X,X
IJZSOTL,X,X,X,X,X
IJZSOLT,X,X,X,X,X
IJZOTLS,X,X,X,X,X
IJZOTSL,X,X,X,X,X
IJZOLTS,X,X,X,X,X
IJZOLST,X,X,X,X,X
IJZOSTL,X,X,X,X,X
IJZOSLT,X,X,X,X,X
IJOTLSZ,X,X,X,X,X
IJOTLZS,X,X,X,X,X
IJOTSLZ,X,X,X,X,X
IJOTSZL,X,X,X,X,X
IJOTZLS,X,X,X,X,X
IJOTZSL,X,X,X,X,X
IJOLTSZ,X,X,X,X,X
IJOLTZS,X,X,X,X,X
IJOLSTZ,X,X,X,X,X
IJOLSZT,X,X,X,X,X
IJOLZTS,X,X,X,X,X
IJOLZST,X,X,X,X,X
IJOSTLZ,X,X,X,X,X
IJOSTZL,X,X,X,X,X
IJOSLTZ,X,X,X,X,X
IJOSLZT,X,X,X,X,X
IJOSZTL,X,X,X,X,X
IJOSZLT,X,X,X,X,X
IJOZTLS,X,X,X,X,X
IJOZTSL,X,X,X,X,X
IJOZLTS,X,X,X,X,X
IJOZLST,X,X,X,X,X
IJOZSTL,X,X,X,X,X
IJOZSLT,X,X,X,X,X
ISTLJZO,X,X,X,X,X
ISTLJOZ,X,X,X,X,X
ISTLZJO,X,X,X,X,X
ISTLZOJ,X,X,X,X,X
ISTLOJZ,X,X,X,X,X
ISTLOZJ,X,X,X,X,X
ISTJLZO,X,X,X,X,X
ISTJLOZ,X,X,X,X,X
ISTJZLO,X,X,X,X,X
ISTJZOL,X,X,X,X,X
ISTJOLZ,X,X,X,X,X
ISTJOZL,X,X,X,X,X
ISTZLJO,X,X,X,X,X
ISTZLOJ,X,X,X,X,X
ISTZJLO,X,X,X,X,X
ISTZJOL,X,X,X,X,X
ISTZOLJ,X,X,X,X,X
ISTZOJL,X,X,X,X,X
ISTOLJZ,X,X,X,X,X
ISTOLZJ,X,X,X,X,X
ISTOJLZ,X,X,X,X,X
ISTOJZL,X,X,X,X,X
ISTOZLJ,X,X,X,X,X
ISTOZJL,X,X,X,X,X
ISLTJZO,X,X,X,X,X
ISLTJOZ,X,X,X,X,X
ISLTZJO,X,X,X,X,X
ISLTZOJ,X,X,X,X,X
ISLTOJZ,X,X,X,X,X
ISLTOZJ,X,X,X,X,X
ISLJTZO,X,X,X,X,X
ISLJTOZ,X,X,X,X,X
ISLJZTO,X,X,X,X,X
ISLJZOT,X,X,X,X,X
ISLJOTZ,X,X,X,X,X
ISLJOZT,X,X,X,X,X
ISLZTJO,X,X,X,X,X
ISLZTOJ,X,X,X,X,X
ISLZJTO,X,X,X,X,X
ISLZJOT,X,X,X,X,X
ISLZOTJ,X,X,X,X,X
ISLZOJT,X,X,X,X,X
ISLOTJZ,X,X,X,X,X
ISLOTZJ,X,X,X,X,X
ISLOJTZ,X,X,X,X,X
ISLOJZT,X,X,X,X,X
ISLOZTJ,X,X,X,X,X
ISLOZJT,X,X,X,X,X
ISJTLZO,X,X,X,X,X
ISJTLOZ,X,X,X,X,X
ISJTZLO,X,X,X,X,X
ISJTZOL,X,X,X,X,X
ISJTOLZ,X,X,X,X,X
ISJTOZL,X,X,X,X,X
ISJLTZO,X,X,X,X,X
ISJLTOZ,X,X,X,X,X
ISJLZTO,X,X,X,X,X
ISJLZOT,X,X,X,X,X
ISJLOTZ,X,X,X,X,X
ISJLOZT,X,X,X,X,X
ISJZTLO,X,X,X,X,X
ISJZTOL,X,X,X,X,X
ISJZLTO,X,X,X,X,X
ISJZLOT,X,X,X,X,X
ISJZOTL,X,X,X,X,X
ISJZOLT,X,X,X,X,X
ISJOTLZ,X,X,X,X,X
ISJOTZL,X,X,X,X,X
ISJOLTZ,X,X,X,X,X
ISJOLZT,X,X,X,X,X
ISJOZTL,X,X,X,X,X
ISJOZLT,X,X,X,X,X
ISZTLJO,X,X,X,X,X
ISZTLOJ,X,X,X,X,X
ISZTJLO,X,X,X,X,X
ISZTJOL,X,X,X,X,X
ISZTOLJ,X,X,X,X,X
ISZTOJL,X,X,X,X,X
ISZLTJO,X,X,X,X,X
ISZLTOJ,X,X,X,X,X
ISZLJTO,X,X,X,X,X
ISZLJOT,X,X,X,X,X
ISZLOTJ,X,X,X,X,X
ISZLOJT,X,X,X,X,X
ISZJTLO,X,X,X,X,X
ISZJTOL,X,X,X,X,X
ISZJLTO,X,X,X,X,X
ISZJLOT,X,X,X,X,X
ISZJOTL,X,X,X,X,X
ISZJOLT,X,X,X,X,X
ISZOTLJ,X,X,X,X,X
ISZOTJL,X,X,X,X,X
ISZOLTJ,X,X,X,X,X
ISZOLJT,X,X,X,X,X
ISZOJTL,X,X,X,X,X
ISZOJLT,X,X,X,X,X
ISOTLJZ,X,X,X,X,X
ISOTLZJ,X,X,X,X,X
ISOTJLZ,X,X,X,X,X
ISOTJZL,X,X,X,X,X
ISOTZLJ,X,X,X,X,X
ISOTZJL,X,X,X,X,X
ISOLTJZ,X,X,X,X,X
ISOLTZJ,X,X,X,X,X
ISOLJTZ,X,X,X,X,X
ISOLJZT,X,X,X,X,X
ISOLZTJ,X,X,X,X,X
ISOLZJT,X,X,X,X,X
ISOJTLZ,X,X,X,X,X
ISOJTZL,X,X,X,X,X
ISOJLTZ,X,X,X,X,X
ISOJLZT,X,X,X,X,X
ISOJZTL,X,X,X,X,X
ISOJZLT,X,X,X,X,X
ISOZTLJ,X,X,X,X,X
ISOZTJL,X,X,X,X,X
ISOZLTJ,X,X,X,X,X
ISOZLJT,X,X,X,X,X
ISOZJTL,X,X,X,X,X
ISOZJLT,X,X,X,X,X
IZTLJSO,X,X,X,X,X
IZTLJOS,X,X,X,X,X
IZTLSJO,X,X,X,X,X
IZTLSOJ,X,X,X,X,X
IZTLOJS,X,X,X,X,X
IZTLOSJ,X,X,X,X,X
IZTJLSO,X,X,X,X,X
IZTJLOS,X,X,X,X,X
IZTJSLO,X,X,X,X,X
IZTJSOL,X,X,X,X,X
IZTJOLS,X,X,X,X,X
IZTJOSL,X,X,X,X,X
IZTSLJO,X,X,X,X,X
IZTSLOJ,X,X,X,X,X
IZTSJLO,X,X,X,X,X
IZTSJOL,X,X,X,X,X
IZTSOLJ,X,X,X,X,X
IZTSOJL,X,X,X,X,X
IZTOLJS,X,X,X,X,X
IZTOLSJ,X,X,X,X,X
IZTOJLS,X,X,X,X,X
IZTOJSL,X,X,X,X,X
IZTOSLJ,X,X,X,X,X
IZTOSJL,X,X,X,X,X
IZLTJSO,X,X,X,X,X
IZLTJOS,X,X,X,X,X
IZLTSJO,X,X,X,X,X
IZLTSOJ,X,X,X,X,X
IZLTOJS,X,X,X,X,X
IZLTOSJ,X,X,X,X,X
IZLJTSO,X,X,X,X,X
IZLJTOS,X,X,X,X,X
IZLJSTO,X,X,X,X,X
IZLJSOT,X,X,X,X,X
IZLJOTS,X,X,X,X,X
IZLJOST,X,X,X,X,X
IZLSTJO,X,X,X,X,X
IZLSTOJ,X,X,X,X,X
IZLSJTO,X,X,X,X,X
IZLSJOT,X,X,X,X,X
IZLSOTJ,X,X,X,X,X
IZLSOJT,X,X,X,X,X
IZLOTJS,X,X,X,X,X
IZLOTSJ,X,X,X,X,X
IZLOJTS,X,X,X,X,X
IZLOJST,X,X,X,X,X
IZLOSTJ,X,X,X,X,X
IZLOSJT,X,X,X,X,X
IZJTLSO,X,X,X,X,X
IZJTLOS,X,X,X,X,X
IZJTSLO,X,X,X,X,X
IZJTSOL,X,X,X,X,X
IZJTOLS,X,X,X,X,X
IZJTOSL,X,X,X,X,X
IZJLTSO,X,X,X,X,X
IZJLTOS,X,X,X,X,X
IZJLSTO,X,X,X,X,X
IZJLSOT,X,X,X,X,X
IZJLOTS,X,X,X,X,X
IZJLOST,X,X,X,X,X
IZJSTLO,X,X,X,X,X
IZJSTOL,X,X,X,X,X
IZJSLTO,X,X,X,X,X
IZJSLOT,X,X,X,X,X
IZJSOTL,X,X,X,X,X
IZJSOLT,X,X,X,X,X
IZJOTLS,X,X,X,X,X
IZJOTSL,X,X,X,X,X
IZJOLTS,X,X,X,X,X
IZJOLST,X,X,X,X,X
IZJOSTL,X,X,X,X,X
IZJOSLT,X,X,X,X,X
IZSTLJO,X,X,X,X,X
IZSTLOJ,X,X,X,X,X
IZSTJLO,X,X,X,X,X
IZSTJOL,X,X,X,X,X
IZSTOLJ,X,X,X,X,X
IZSTOJL,X,X,X,X,X
IZSLTJO,X,X,X,X,X
IZSLTOJ,X,X,X,X,X
IZSLJTO,X,X,X,X,X
IZSLJOT,X,X,X,X,X
IZSLOTJ,X,X,X,X,X
IZSLOJT,X,X,X,X,X
IZSJTLO,X,X,X,X,X
IZSJTOL,X,X,X,X,X
IZSJLTO,X,X,X,X,X
IZSJLOT,X,X,X,X,X
IZSJOTL,X,X,X,X,X
IZSJOLT,X,X,X,X,X
IZSOTLJ,X,X,X,X,X
IZSOTJL,X,X,X,X,X
IZSOLTJ,X,X,X,X,X
IZSOLJT,X,X,X,X,X
IZSOJTL,X,X,X,X,X
IZSOJLT,X,X,X,X,X
IZOTLJS,X,X,X,X,X
IZOTLSJ,X,X,X,X,X
IZOTJLS,X,X,X,X,X
IZOTJSL,X,X,X,X,X
IZOTSLJ,X,X,X,X,X
IZOTSJL,X,X,X,X,X
IZOLTJS,X,X,X,X,X
IZOLTSJ,X,X,X,X,X
IZOLJTS,X,X,X,X,X
IZOLJST,X,X,X,X,X
IZOLSTJ,X,X,X,X,X
IZOLSJT,X,X,X,X,X
IZOJTLS,X,X,X,X,X
IZOJTSL,X,X,X,X,X
IZOJLTS,X,X,X,X,X
IZOJLST,X,X,X,X,X
IZOJSTL,X,X,X,X,X
IZOJSLT,X,X,X,X,X
IZOSTLJ,X,X,X,X,X
IZOSTJL,X,X,X,X,X
IZOSLTJ,X,X,X,X,X
IZOSLJT,X,X,X,X,X
IZOSJTL,X,X,X,X,X
IZOSJLT,X,X,X,X,X
IOTLJSZ,X,X,X,X,X
IOTLJZS,X,X,X,X,X
IOTLSJZ,X,X,X,X,X
IOTLSZJ,X,X,X,X,X
IOTLZJS,X,X,X,X,X
IOTLZSJ,X,X,X,X,X
IOTJLSZ,X,X,X,X,X
IOTJLZS,X,X,X,X,X
IOTJSLZ,X,X,X,X,X
IOTJSZL,X,X,X,X,X
IOTJZLS,X,X,X,X,X
IOTJZSL,X,X,X,X,X
IOTSLJZ,X,X,X,X,X
IOTSLZJ,X,X,X,X,X
IOTSJLZ,X,X,X,X,X
IOTSJZL,X,X,X,X,X
IOTSZLJ,X,X,X,X,X
IOTSZJL,X,X,X,X,X
IOTZLJS,X,X,X,X,X
IOTZLSJ,X,X,X,X,X
IOTZJLS,X,X,X,X,X
IOTZJSL,X,X,X,X,X
IOTZSLJ,X,X,X,X,X
IOTZSJL,X,X,X,X,X
IOLTJSZ,X,X,X,X,X
IOLTJZS,X,X,X,X,X
IOLTSJZ,X,X,X,X,X
IOLTSZJ,X,X,X,X,X
IOLTZJS,X,X,X,X,X
IOLTZSJ,X,X,X,X,X
IOLJTSZ,X,X,X,X,X
IOLJTZS,X,X,X,X,X
IOLJSTZ,X,X,X,X,X
IOLJSZT,X,X,X,X,X
IOLJZTS,X,X,X,X,X
IOLJZST,X,X,X,X,X
IOLSTJZ,X,X,X,X,X
IOLSTZJ,X,X,X,X,X
IOLSJTZ,X,X,X,X,X
IOLSJZT,X,X,X,X,X
IOLSZTJ,X,X,X,X,X
IOLSZJT,X,X,X,X,X
IOLZTJS,X,X,X,X,X
IOLZTSJ,X,X,X,X,X
IOLZJTS,X,X,X,X,X
IOLZJST,X,X,X,X,X
IOLZSTJ,X,X,X,X,X
IOLZSJT,X,X,X,X,X
IOJTLSZ,X,X,X,X,X
IOJTLZS,X,X,X,X,X
IOJTSLZ,X,X,X,X,X
IOJTSZL,X,X,X,X,X
IOJTZLS,X,X,X,X,X
IOJTZSL,X,X,X,X,X
IOJLTSZ,X,X,X,X,X
IOJLTZS,X,X,X,X,X
IOJLSTZ,X,X,X,X,X
IOJLSZT,X,X,X,X,X
IOJLZTS,X,X,X,X,X
IOJLZST,X,X,X,X,X
IOJSTLZ,X,X,X,X,X
IOJSTZL,X,X,X,X,X
IOJSLTZ,X,X,X,X,X
IOJSLZT,X,X,X,X,X
IOJSZTL,X,X,X,X,X
IOJSZLT,X,X,X,X,X
IOJZTLS,X,X,X,X,X
IOJZTSL,X,X,X,X,X
IOJZLTS,X,X,X,X,X
IOJZLST,X,X,X,X,X
IOJZSTL,X,X,X,X,X
IOJZSLT,X,X,X,X,X
IOSTLJZ,X,X,X,X,X
IOSTLZJ,X,X,X,X,X
IOSTJLZ,X,X,X,X,X
IOSTJZL,X,X,X,X,X
IOSTZLJ,X,X,X,X,X
IOSTZJL,X,X,X,X,X
IOSLTJZ,X,X,X,X,X
IOSLTZJ,X,X,X,X,X
IOSLJTZ,X,X,X,X,X
IOSLJZT,X,X,X,X,X
IOSLZTJ,X,X,X,X,X
IOSLZJT,X,X,X,X,X
IOSJTLZ,X,X,X,X,X
IOSJTZL,X,X,X,X,X
IOSJLTZ,X,X,X,X,X
IOSJLZT,X,X,X,X,X
IOSJZTL,X,X,X,X,X
IOSJZLT,X,X,X,X,X
IOSZTLJ,X,X,X,X,X
IOSZTJL,X,X,X,X,X
IOSZLTJ,X,X,X,X,X
IOSZLJT,X,X,X,X,X
IOSZJTL,X,X,X,X,X
IOSZJLT,X,X,X,X,X
IOZTLJS,X,X,X,X,X
IOZTLSJ,X,X,X,X,X
IOZTJLS,X,X,X,X,X
IOZTJSL,X,X,X,X,X
IOZTSLJ,X,X,X,X,X
IOZTSJL,X,X,X,X,X
IOZLTJS,X,X,X,X,X
IOZLTSJ,X,X,X,X,X
IOZLJTS,X,X,X,X,X
IOZLJST,X,X,X,X,X
IOZLSTJ,X,X,X,X,X
IOZLSJT,X,X,X,X,X
IOZJTLS,X,X,X,X,X
IOZJTSL,X,X,X,X,X
IOZJLTS,X,X,X,X,X
IOZJLST,X,X,X,X,X
IOZJSTL,X,X,X,X,X
IOZJSLT,X,X,X,X,X
IOZSTLJ,X,X,X,X,X
IOZSTJL,X,X,X,X,X
IOZSLTJ,X,X,X,X,X
IOZSLJT,X,X,X,X,X
IOZSJTL,X,X,X,X,X
IOZSJLT,X,X,X,X,X
LTIJSZO,X,X,X,X,X
LTIJSOZ,X,X,X,X,X
LTIJZSO,X,X,X,X,X
LTIJZOS,X,X,X,X,X
LTIJOSZ,X,X,X,X,X
LTIJOZS,X,X,X,X,X
LTISJZO,X,X,X,X,X
LTISJOZ,X,X,X,X,X
LTISZJO,X,X,X,X,X
LTISZOJ,X,X,X,X,X
LTISOJZ,X,X,X,X,X
LTISOZJ,X,X,X,X,X
LTIZJSO,X,X,X,X,X
LTIZJOS,X,X,X,X,X
LTIZSJO,X,X,X,X,X
LTIZSOJ,X,X,X,X,X
LTIZOJS,X,X,X,X,X
LTIZOSJ,X,X,X,X,X
LTIOJSZ,X,X,X,X,X
LTIOJZS,X,X,X,X,X
LTIOSJZ,X,X,X,X,X
LTIOSZJ,X,X,X,X,X
LTIOZJS,X,X,X,X,X
LTIOZSJ,X,X,X,X,X
LTJISZO,X,X,X,X,X
LTJISOZ,X,X,X,X,X
LTJIZSO,X,X,X,X,X
LTJIZOS,X,X,X,X,X
LTJIOSZ,X,X,X,X,X
LTJIOZS,X,X,X,X,X
LTJSIZO,X,X,X,X,X
LTJSIOZ,X,X,O,X,X
LTJSZIO,X,X,X,X,X
LTJSZOI,X,X,X,X,X
LTJSOIZ,X,X,O,X,X
LTJSOZI,X,X,X,X,X
LTJZISO,X,X,X,X,X
LTJZIOS,X,X,X,X,X
LTJZSIO,X,X,O,X,X
LTJZSOI,X,X,O,X,X
LTJZOIS,X,X,X,X,X
LTJZOSI,X,X,O,X,X
LTJOISZ,X,X,X,X,X
LTJOIZS,X,X,X,X,X
LTJOSIZ,X,X,O,X,X
LTJOSZI,X,X,X,X,X
LTJOZIS,X,X,X,X,X
LTJOZSI,X,X,O,X,X
LTSIJZO,X,X,X,X,X
LTSIJOZ,X,X,X,X,X
LTSIZJO,X,X,X,O,X
LTSIZOJ,X,X,X,O,X
LTSIOJZ,X,X,O,X,X
LTSIOZJ,X,X,X,O,X
LTSJIZO,X,X,X,X,X
LTSJIOZ,X,X,X,X,X
LTSJZIO,X,X,X,X,X
LTSJZOI,X,X,X,X,X
LTSJOIZ,X,X,X,X,X
LTSJOZI,X,X,X,X,X
LTSZIJO,X,X,X,O,X
LTSZIOJ,X,X,X,O,X
LTSZJIO,X,X,X,O,X
LTSZJOI,X,X,X,O,X
LTSZOIJ,X,X,X,O,X
LTSZOJI,X,X,X,O,X
LTSOIJZ,X,X,O,X,X
LTSOIZJ,X,X,X,O,X
LTSOJIZ,X,X,X,X,X
LTSOJZI,X,X,X,X,X
LTSOZIJ,X,X,X,O,X
LTSOZJI,X,X,X,O,X
LTZIJSO,X,X,X,X,X
LTZIJOS,X,X,X,X,X
LTZISJO,X,X,X,X,X
LTZISOJ,X,X,X,X,X
LTZIOJS,X,X,X,X,X
LTZIOSJ,X,X,X,X,X
LTZJISO,X,X,X,X,X
LTZJIOS,X,X,X,X,X
LTZJSIO,X,X,X,O,X
LTZJSOI,X,X,X,O,X
LTZJOIS,X,X,X,X,X
LTZJOSI,X,X,X,O,X
LTZSIJO,X,X,X,O,X
LTZSIOJ,X,X,X,O,X
LTZSJIO,X,X,X,O,X
LTZSJOI,X,X,X,O,X
LTZSOIJ,X,X,X,O,X
LTZSOJI,X,X,X,O,X
LTZOIJS,X,X,X,X,X
LTZOISJ,X,X,X,X,X
LTZOJIS,X,X,X,X,X
LTZOJSI,X,X,X,O,X
LTZOSIJ,X,X,X,O,X
LTZOSJI,X,X,X,O,X
LTOIJSZ,X,X,X,X,X
LTOIJZS,X,X,X,X,X
LTOISJZ,X,X,X,X,X
LTOISZJ,X,X,X,X,X
LTOIZJS,X,X,X,X,X
LTOIZSJ,X,X,X,X,X
LTOJISZ,X,X,X,X,X
LTOJIZS,X,X,X,X,X
LTOJSIZ,X,X,O,X,X
LTOJSZI,X,X,X,X,X
LTOJZIS,X,X,X,X,X
LTOJZSI,X,X,O,X,X
LTOSIJZ,X,X,O,X,X
LTOSIZJ,X,X,X,O,X
LTOSJIZ,X,X,X,X,X
LTOSJZI,X,X,X,X,X
LTOSZIJ,X,X,X,O,X
LTOSZJI,X,X,X,O,X
LTOZIJS,X,X,X,X,X
LTOZISJ,X,X,X,X,X
LTOZJIS,X,X,X,X,X
LTOZJSI,X,X,X,O,X
LTOZSIJ,X,X,X,O,X
LTOZSJI,X,X,X,O,X
LITJSZO,X,X,X,X,X
LITJSOZ,X,X,X,X,X
LITJZSO,X,X,X,X,X
LITJZOS,X,X,X,X,X
LITJOSZ,X,X,X,X,X
LITJOZS,X,X,X,X,X
LITSJZO,X,X,X,X,X
LITSJOZ,X,X,X,X,X
LITSZJO,X,X,X,X,X
LITSZOJ,X,X,X,X,X
LITSOJZ,X,X,X,X,X
LITSOZJ,X,X,X,X,X
LITZJSO,X,X,X,X,X
LITZJOS,X,X,X,X,X
LITZSJO,X,X,X,X,X
LITZSOJ,X,X,X,X,X
LITZOJS,X,X,X,X,X
LITZOSJ,X,X,X,X,X
LITOJSZ,X,X,X,X,X
LITOJZS,X,X,X,X,X
LITOSJZ,X,X,X,X,X
LITOSZJ,X,X,X,X,X
LITOZJS,X,X,X,X,X
LITOZSJ,X,X,X,X,X
LIJTSZO,X,O,X,X,X
LIJTSOZ,X,X,X,X,X
LIJTZSO,X,X,X,X,X
LIJTZOS,X,O,X,X,X
LIJTOSZ,X,X,X,X,X
LIJTOZS,X,X,X,X,X
LIJSTZO,X,O,X,X,X
LIJSTOZ,X,X,X,X,X
LIJSZTO,X,O,X,X,X
LIJSZOT,X,O,X,X,X
LIJSOTZ,X,X,X,X,X
LIJSOZT,X,X,X,X,X
LIJZTSO,X,X,X,X,X
LIJZTOS,X,O,X,X,X
LIJZSTO,X,X,X,X,X
LIJZSOT,X,X,X,X,X
LIJZOTS,X,O,X,X,X
LIJZOST,X,X,X,X,X
LIJOTSZ,X,X,X,X,X
LIJOTZS,X,X,X,X,X
LIJOSTZ,X,X,X,X,X
LIJOSZT,X,X,X,X,X
LIJOZTS,X,O,X,X,X
LIJOZST,X,X,X,X,X
LISTJZO,X,X,X,X,X
LISTJOZ,X,X,X,X,X
LISTZJO,X,X,X,X,X
LISTZOJ,X,O,X,X,X
LISTOJZ,X,X,X,X,X
LISTOZJ,X,X,X,X,X
LISJTZO,X,O,X,X,X
LISJTOZ,X,X,X,X,X
LISJZTO,X,O,X,X,X
LISJZOT,X,O,X,X,X
LISJOTZ,X,X,X,X,X
LISJOZT,X,X,X,X,X
LISZTJO,X,X,X,X,X
LISZTOJ,X,O,X,X,X
LISZJTO,X,O,X,X,X
LISZJOT,X,O,X,X,X
LISZOTJ,X,O,X,X,X
LISZOJT,X,O,X,X,X
LISOTJZ,X,X,X,X,X
LISOTZJ,X,X,X,X,X
LISOJTZ,X,X,X,X,X
LISOJZT,X,X,X,X,X
LISOZTJ,X,X,X,X,X
LISOZJT,X,X,X,X,X
LIZTJSO,X,X,X,X,X
LIZTJOS,X,X,X,X,X
LIZTSJO,X,X,X,X,X
LIZTSOJ,X,X,X,X,X
LIZTOJS,X,O,X,X,X
LIZTOSJ,X,X,X,X,X
LIZJTSO,X,X,X,X,X
LIZJTOS,X,O,X,X,X
LIZJSTO,X,X,X,X,X
LIZJSOT,X,X,X,X,X
LIZJOTS,X,O,X,X,X
LIZJOST,X,X,X,X,X
LIZSTJO,X,X,X,X,X
LIZSTOJ,X,X,X,X,X
LIZSJTO,X,X,X,X,X
LIZSJOT,X,X,X,X,X
LIZSOTJ,X,X,X,X,X
LIZSOJT,X,X,X,X,X
LIZOTJS,X,O,X,X,X
LIZOTSJ,X,X,X,X,X
LIZOJTS,X,O,X,X,X
LIZOJST,X,X,X,X,X
LIZOSTJ,X,X,X,X,X
LIZOSJT,X,X,X,X,X
LIOTJSZ,X,X,X,X,X
LIOTJZS,X,X,X,X,X
LIOTSJZ,X,X,X,X,X
LIOTSZJ,X,X,X,X,X
LIOTZJS,X,X,X,X,X
LIOTZSJ,X,X,X,X,X
LIOJTSZ,X,X,X,X,X
LIOJTZS,X,X,X,X,X
LIOJSTZ,X,X,X,X,X
LIOJSZT,X,X,X,X,X
LIOJZTS,X,O,X,X,X
LIOJZST,X,X,X,X,X
LIOSTJZ,X,X,X,X,X
LIOSTZJ,X,X,X,X,X
LIOSJTZ,X,X,X,X,X
LIOSJZT,X,X,X,X,X
LIOSZTJ,X,X,X,X,X
LIOSZJT,X,X,X,X,X
LIOZTJS,X,O,X,X,X
LIOZTSJ,X,X,X,X,X
LIOZJTS,X,O,X,X,X
LIOZJST,X,X,X,X,X
LIOZSTJ,X,X,X,X,X
LIOZSJT,X,X,X,X,X
LJTISZO,X,O,X,X,X
LJTISOZ,X,X,X,X,X
LJTIZSO,X,X,X,X,X
LJTIZOS,X,O,X,X,X
LJTIOSZ,X,X,X,X,X
LJTIOZS,X,X,X,X,X
LJTSIZO,X,O,X,X,X
LJTSIOZ,X,X,O,X,X
LJTSZIO,O,O,X,X,X
LJTSZOI,O,O,X,X,X
LJTSOIZ,X,X,O,X,X
LJTSOZI,O,X,X,X,X
LJTZISO,X,X,X,X,X
LJTZIOS,O,O,X,X,X
LJTZSIO,O,X,O,X,X
LJTZSOI,O,X,O,X,X
LJTZOIS,O,O,X,X,X
LJTZOSI,O,X,O,X,X
LJTOISZ,X,X,X,X,X
LJTOIZS,X,X,X,X,X
LJTOSIZ,X,X,O,X,X
LJTOSZI,O,X,X,X,X
LJTOZIS,O,X,X,X,X
LJTOZSI,O,X,O,X,X
LJITSZO,X,O,X,X,X
LJITSOZ,X,X,X,X,X
LJITZSO,X,X,X,X,X
LJITZOS,X,O,X,X,X
LJITOSZ,X,X,X,X,X
LJITOZS,X,X,X,X,X
LJISTZO,X,O,X,X,X
LJISTOZ,X,X,X,X,X
LJISZTO,X,O,X,X,X
LJISZOT,X,O,X,X,X
LJISOTZ,X,X,X,X,X
LJISOZT,X,X,X,X,X
LJIZTSO,X,X,X,X,X
LJIZTOS,X,O,X,X,X
LJIZSTO,X,X,X,X,X
LJIZSOT,X,X,X,X,X
LJIZOTS,X,O,X,X,X
LJIZOST,X,X,X,X,X
LJIOTSZ,X,X,X,X,X
LJIOTZS,X,X,X,X,X
LJIOSTZ,X,X,X,X,X
LJIOSZT,X,X,X,X,X
LJIOZTS,X,O,X,X,X
LJIOZST,X,X,X,X,X
LJSTIZO,X,O,X,X,X
LJSTIOZ,X,X,O,X,X
LJSTZIO,X,O,X,X,X
LJSTZOI,X,O,X,X,X
LJSTOIZ,X,X,O,X,X
LJSTOZI,X,X,X,X,X
LJSITZO,X,O,X,X,X
LJSITOZ,X,X,X,X,X
LJSIZTO,X,O,X,X,X
LJSIZOT,X,O,X,X,X
LJSIOTZ,X,X,O,X,X
LJSIOZT,X,X,O,X,X
LJSZTIO,X,O,X,X,X
LJSZTOI,X,O,X,X,X
LJSZITO,X,O,X,X,X
LJSZIOT,O,O,X,X,X
LJSZOTI,X,O,X,X,X
LJSZOIT,O,O,X,X,X
LJSOTIZ,X,X,O,X,X
LJSOTZI,X,X,X,X,X
LJSOITZ,X,X,O,X,X
LJSOIZT,X,X,O,X,X
LJSOZTI,X,X,X,X,X
LJSOZIT,O,X,X,X,X
LJZTISO,X,X,X,X,X
LJZTIOS,O,O,X,X,X
LJZTSIO,O,X,O,X,X
LJZTSOI,O,X,O,X,X
LJZTOIS,O,O,X,X,X
LJZTOSI,O,X,O,X,X
LJZITSO,X,X,X,X,X
LJZITOS,X,O,X,X,X
LJZISTO,X,X,X,X,X
LJZISOT,X,X,X,X,X
LJZIOTS,O,O,X,X,X
LJZIOST,O,X,X,X,X
LJZSTIO,X,X,O,X,X
LJZSTOI,X,X,O,X,X
LJZSITO,X,X,X,X,X
LJZSIOT,O,X,O,X,X
LJZSOTI,X,X,O,X,X
LJZSOIT,O,X,O,X,X
LJZOTIS,O,O,X,X,X
LJZOTSI,O,X,O,X,X
LJZOITS,O,O,X,X,X
LJZOIST,O,X,X,X,X
LJZOSTI,X,X,O,X,X
LJZOSIT,O,X,O,X,X
LJOTISZ,X,X,X,X,X
LJOTIZS,X,X,X,X,X
LJOTSIZ,X,X,O,X,X
LJOTSZI,O,X,X,X,X
LJOTZIS,O,X,X,X,X
LJOTZSI,O,X,O,X,X
LJOITSZ,X,X,X,X,X
LJOITZS,X,X,X,X,X
LJOISTZ,X,X,X,X,X
LJOISZT,X,X,X,X,X
LJOIZTS,X,O,X,X,X
LJOIZST,X,X,X,X,X
LJOSTIZ,X,X,O,X,X
LJOSTZI,X,X,X,X,X
LJOSITZ,X,X,O,X,X
LJOSIZT,X,X,O,X,X
LJOSZTI,X,X,X,X,X
LJOSZIT,O,X,X,X,X
LJOZTIS,O,O,X,X,X
LJOZTSI,O,X,O,X,X
LJOZITS,O,O,X,X,X
LJOZIST,O,X,X,X,X
LJOZSTI,X,X,O,X,X
LJOZSIT,O,X,O,X,X
LSTIJZO,X,X,X,X,X
LSTIJOZ,X,X,X,X,X
LSTIZJO,X,X,X,O,X
LSTIZOJ,X,O,X,O,X
LSTIOJZ,X,X,O,X,X
LSTIOZJ,X,X,X,O,X
LSTJIZO,X,O,X,X,X
LSTJIOZ,X,X,X,X,X
LSTJZIO,X,O,X,X,X
LSTJZOI,X,O,X,X,X
LSTJOIZ,X,X,X,X,X
LSTJOZI,X,X,X,X,X
LSTZIJO,X,X,X,O,X
LSTZIOJ,X,O,X,O,X
LSTZJIO,X,O,X,O,X
LSTZJOI,X,O,X,O,X
LSTZOIJ,X,O,X,O,X
LSTZOJI,X,O,X,O,X
LSTOIJZ,X,X,O,X,X
LSTOIZJ,X,X,X,O,X
LSTOJIZ,X,X,X,X,X
LSTOJZI,X,X,X,X,X
LSTOZIJ,X,X,X,O,X
LSTOZJI,X,X,X,O,X
LSITJZO,X,X,X,X,X
LSITJOZ,X,X,X,X,X
LSITZJO,X,X,X,X,X
LSITZOJ,X,O,X,X,X
LSITOJZ,X,X,X,X,X
LSITOZJ,X,X,X,X,X
LSIJTZO,X,O,X,X,X
LSIJTOZ,X,X,X,X,X
LSIJZTO,X,O,X,X,X
LSIJZOT,X,O,X,X,X
LSIJOTZ,X,X,X,X,X
LSIJOZT,X,X,X,X,X
LSIZTJO,X,X,X,X,X
LSIZTOJ,X,O,X,X,X
LSIZJTO,X,O,X,X,X
LSIZJOT,X,O,X,O,X
LSIZOTJ,X,O,X,X,X
LSIZOJT,X,O,X,O,X
LSIOTJZ,X,X,O,X,X
LSIOTZJ,X,X,X,X,X
LSIOJTZ,X,X,O,X,X
LSIOJZT,X,X,O,X,X
LSIOZTJ,X,X,X,X,X
LSIOZJT,X,X,X,O,X
LSJTIZO,X,O,X,X,X
LSJTIOZ,X,X,X,X,X
LSJTZIO,X,O,X,X,X
LSJTZOI,X,O,X,X,X
LSJTOIZ,X,X,X,X,X
LSJTOZI,X,X,X,X,X
LSJITZO,X,O,X,X,X
LSJITOZ,X,X,X,X,X
LSJIZTO,X,O,X,X,X
LSJIZOT,X,O,X,X,X
LSJIOTZ,X,X,X,X,X
LSJIOZT,X,X,X,X,X
LSJZTIO,X,O,X,X,X
LSJZTOI,X,O,X,X,X
LSJZITO,X,O,X,X,X
LSJZIOT,X,O,X,X,X
LSJZOTI,X,O,X,X,X
LSJZOIT,X,O,X,X,X
LSJOTIZ,X,X,X,X,X
LSJOTZI,X,X,X,X,X
LSJOITZ,X,X,X,X,X
LSJOIZT,X,X,X,X,X
LSJOZTI,X,X,X,X,X
LSJOZIT,X,X,X,X,X
LSZTIJO,X,X,X,O,X
LSZTIOJ,X,O,X,O,X
LSZTJIO,X,O,X,O,X
LSZTJOI,X,O,X,O,X
LSZTOIJ,X,O,X,O,X
LSZTOJI,X,O,X,O,X
LSZITJO,X,X,X,X,X
LSZITOJ,X,O,X,X,X
LSZIJTO,X,O,X,X,X
LSZIJOT,X,O,X,O,X
LSZIOTJ,O,O,X,X,X
LSZIOJT,O,O,X,O,X
LSZJTIO,X,O,X,O,X
LSZJTOI,X,O,X,O,X
LSZJITO,X,O,X,X,X
LSZJIOT,X,O,X,O,X
LSZJOTI,X,O,X,O,X
LSZJOIT,X,O,X,O,X
LSZOTIJ,X,O,X,O,X
LSZOTJI,X,O,X,O,X
LSZOITJ,O,O,X,X,X
LSZOIJT,O,O,X,O,X
LSZOJTI,X,O,X,O,X
LSZOJIT,X,O,X,O,X
LSOTIJZ,X,X,O,X,X
LSOTIZJ,X,X,X,O,X
LSOTJIZ,X,X,X,X,X
LSOTJZI,X,X,X,X,X
LSOTZIJ,X,X,X,O,X
LSOTZJI,X,X,X,O,X
LSOITJZ,X,X,O,X,X
LSOITZJ,X,X,X,X,X
LSOIJTZ,X,X,O,X,X
LSOIJZT,X,X,O,X,X
LSOIZTJ,X,X,X,X,X
LSOIZJT,X,X,X,O,X
LSOJTIZ,X,X,X,X,X
LSOJTZI,X,X,X,X,X
LSOJITZ,X,X,X,X,X
LSOJIZT,X,X,X,X,X
LSOJZTI,X,X,X,X,X
LSOJZIT,X,X,X,X,X
LSOZTIJ,X,X,X,O,X
LSOZTJI,X,X,X,O,X
LSOZITJ,O,X,X,X,X
LSOZIJT,O,X,X,O,X
LSOZJTI,X,X,X,O,X
LSOZJIT,X,X,X,O,X
LZTIJSO,X,X,X,X,X
LZTIJOS,X,X,X,X,X
LZTISJO,X,X,X,X,X
LZTISOJ,X,X,X,X,X
LZTIOJS,X,O,X,X,X
LZTIOSJ,X,X,X,X,X
LZTJISO,X,X,X,X,X
LZTJIOS,X,O,X,X,X
LZTJSIO,X,X,X,O,X
LZTJSOI,X,X,X,O,X
LZTJOIS,X,O,X,X,X
LZTJOSI,X,X,X,O,X
LZTSIJO,X,X,X,O,X
LZTSIOJ,X,X,X,O,X
LZTSJIO,X,X,X,O,X
LZTSJOI,X,X,X,O,X
LZTSOIJ,X,X,X,O,X
LZTSOJI,X,X,X,O,X
LZTOIJS,X,O,X,X,X
LZTOISJ,X,X,X,X,X
LZTOJIS,X,O,X,X,X
LZTOJSI,X,X,X,O,X
LZTOSIJ,X,X,X,O,X
LZTOSJI,X,X,X,O,X
LZITJSO,X,X,X,X,X
LZITJOS,X,X,X,X,X
LZITSJO,X,X,X,X,X
LZITSOJ,X,X,X,X,X
LZITOJS,X,O,X,X,X
LZITOSJ,X,X,X,X,X
LZIJTSO,X,X,X,X,X
LZIJTOS,X,O,X,X,X
LZIJSTO,X,X,X,X,X
LZIJSOT,X,X,X,X,X
LZIJOTS,X,O,X,X,X
LZIJOST,X,X,X,X,X
LZISTJO,X,X,X,X,X
LZISTOJ,X,X,X,X,X
LZISJTO,X,X,X,X,X
LZISJOT,X,X,X,X,X
LZISOTJ,X,X,X,X,X
LZISOJT,X,X,X,X,X
LZIOTJS,X,O,X,X,X
LZIOTSJ,X,X,X,X,X
LZIOJTS,O,O,X,X,X
LZIOJST,O,X,X,X,X
LZIOSTJ,O,X,X,X,X
LZIOSJT,O,X,X,X,X
LZJTISO,X,X,X,X,X
LZJTIOS,O,O,X,X,X
LZJTSIO,O,X,X,O,X
LZJTSOI,O,X,X,O,X
LZJTOIS,O,O,X,X,X
LZJTOSI,O,X,X,O,X
LZJITSO,X,X,X,X,X
LZJITOS,X,O,X,X,X
LZJISTO,X,X,X,X,X
LZJISOT,X,X,X,X,X
LZJIOTS,O,O,X,X,X
LZJIOST,O,X,X,X,X
LZJSTIO,X,X,X,O,X
LZJSTOI,X,X,X,O,X
LZJSITO,X,X,X,X,X
LZJSIOT,O,X,X,O,X
LZJSOTI,X,X,X,O,X
LZJSOIT,O,X,X,O,X
LZJOTIS,O,O,X,X,X
LZJOTSI,O,X,X,O,X
LZJOITS,O,O,X,X,X
LZJOIST,O,X,X,X,X
LZJOSTI,X,X,X,O,X
LZJOSIT,O,X,X,O,X
LZSTIJO,X,X,X,O,X
LZSTIOJ,X,X,X,O,X
LZSTJIO,X,X,X,O,X
LZSTJOI,X,X,X,O,X
LZSTOIJ,X,X,X,O,X
LZSTOJI,X,X,X,O,X
LZSITJO,X,X,X,X,X
LZSITOJ,X,X,X,X,X
LZSIJTO,X,X,X,X,X
LZSIJOT,X,X,X,O,X
LZSIOTJ,O,X,X,X,X
LZSIOJT,O,X,X,O,X
LZSJTIO,X,X,X,O,X
LZSJTOI,X,X,X,O,X
LZSJITO,X,X,X,X,X
LZSJIOT,X,X,X,O,X
LZSJOTI,X,X,X,O,X
LZSJOIT,X,X,X,O,X
LZSOTIJ,X,X,X,O,X
LZSOTJI,X,X,X,O,X
LZSOITJ,O,X,X,X,X
LZSOIJT,O,X,X,O,X
LZSOJTI,X,X,X,O,X
LZSOJIT,X,X,X,O,X
LZOTIJS,X,O,X,X,X
LZOTISJ,X,X,X,X,X
LZOTJIS,X,O,X,X,X
LZOTJSI,X,X,X,O,X
LZOTSIJ,X,X,X,O,X
LZOTSJI,X,X,X,O,X
LZOITJS,X,O,X,X,X
LZOITSJ,X,X,X,X,X
LZOIJTS,O,O,X,X,X
LZOIJST,O,X,X,X,X
LZOISTJ,O,X,X,X,X
LZOISJT,O,X,X,X,X
LZOJTIS,O,O,X,X,X
LZOJTSI,O,X,X,O,X
LZOJITS,O,O,X,X,X
LZOJIST,O,X,X,X,X
LZOJSTI,X,X,X,O,X
LZOJSIT,O,X,X,O,X
LZOSTIJ,X,X,X,O,X
LZOSTJI,X,X,X,O,X
LZOSITJ,O,X,X,X,X
LZOSIJT,O,X,X,O,X
LZOSJTI,X,X,X,O,X
LZOSJIT,X,X,X,O,X
LOTIJSZ,X,X,X,X,X
LOTIJZS,X,X,X,X,X
LOTISJZ,X,X,X,X,X
LOTISZJ,X,X,X,X,X
LOTIZJS,X,X,X,X,X
LOTIZSJ,X,X,X,X,X
LOTJISZ,X,X,X,X,X
LOTJIZS,X,X,X,X,X
LOTJSIZ,X,X,O,X,X
LOTJSZI,X,X,X,X,X
LOTJZIS,X,X,X,X,X
LOTJZSI,X,X,O,X,X
LOTSIJZ,X,X,O,X,X
LOTSIZJ,X,X,X,O,X
LOTSJIZ,X,X,X,X,X
LOTSJZI,X,X,X,X,X
LOTSZIJ,X,X,X,O,X
LOTSZJI,X,X,X,O,X
LOTZIJS,X,X,X,X,X
LOTZISJ,X,X,X,X,X
LOTZJIS,X,X,X,X,X
LOTZJSI,X,X,X,O,X
LOTZSIJ,X,X,X,O,X
LOTZSJI,X,X,X,O,X
LOITJSZ,X,X,X,X,X
LOITJZS,X,X,X,X,X
LOITSJZ,X,X,X,X,X
LOITSZJ,X,X,X,X,X
LOITZJS,X,X,X,X,X
LOITZSJ,X,X,X,X,X
LOIJTSZ,X,X,X,X,X
LOIJTZS,X,X,X,X,X
LOIJSTZ,X,X,X,X,X
LOIJSZT,X,X,X,X,X
LOIJZTS,X,O,X,X,X
LOIJZST,X,X,X,X,X
LOISTJZ,X,X,X,X,X
LOISTZJ,X,X,X,X,X
LOISJTZ,X,X,X,X,X
LOISJZT,X,X,X,X,X
LOISZTJ,X,X,X,X,X
LOISZJT,X,X,X,X,X
LOIZTJS,X,O,X,X,X
LOIZTSJ,X,X,X,X,X
LOIZJTS,X,O,X,X,X
LOIZJST,X,X,X,X,X
LOIZSTJ,X,X,X,X,X
LOIZSJT,X,X,X,X,X
LOJTISZ,X,X,X,X,X
LOJTIZS,X,X,X,X,X
LOJTSIZ,X,X,O,X,X
LOJTSZI,O,X,X,X,X
LOJTZIS,O,X,X,X,X
LOJTZSI,O,X,O,X,X
LOJITSZ,X,X,X,X,X
LOJITZS,X,X,X,X,X
LOJISTZ,X,X,X,X,X
LOJISZT,X,X,X,X,X
LOJIZTS,X,O,X,X,X
LOJIZST,X,X,X,X,X
LOJSTIZ,X,X,O,X,X
LOJSTZI,X,X,X,X,X
LOJSITZ,X,X,O,X,X
LOJSIZT,X,X,O,X,X
LOJSZTI,X,X,X,X,X
LOJSZIT,O,X,X,X,X
LOJZTIS,O,O,X,X,X
LOJZTSI,O,X,O,X,X
LOJZITS,O,O,X,X,X
LOJZIST,O,X,X,X,X
LOJZSTI,X,X,O,X,X
LOJZSIT,O,X,O,X,X
LOSTIJZ,X,X,O,X,X
LOSTIZJ,X,X,X,O,X
LOSTJIZ,X,X,X,X,X
LOSTJZI,X,X,X,X,X
LOSTZIJ,X,X,X,O,X
LOSTZJI,X,X,X,O,X
LOSITJZ,X,X,O,X,X
LOSITZJ,X,X,X,X,X
LOSIJTZ,X,X,O,X,X
LOSIJZT,X,X,O,X,X
LOSIZTJ,X,X,X,X,X
LOSIZJT,X,X,X,O,X
LOSJTIZ,X,X,X,X,X
LOSJTZI,X,X,X,X,X
LOSJITZ,X,X,X,X,X
LOSJIZT,X,X,X,X,X
LOSJZTI,X,X,X,X,X
LOSJZIT,X,X,X,X,X
LOSZTIJ,X,X,X,O,X
LOSZTJI,X,X,X,O,X
LOSZITJ,O,X,X,X,X
LOSZIJT,O,X,X,O,X
LOSZJTI,X,X,X,O,X
LOSZJIT,X,X,X,O,X
LOZTIJS,X,O,X,X,X
LOZTISJ,X,X,X,X,X
LOZTJIS,X,O,X,X,X
LOZTJSI,X,X,X,O,X
LOZTSIJ,X,X,X,O,X
LOZTSJI,X,X,X,O,X
LOZITJS,X,O,X,X,X
LOZITSJ,X,X,X,X,X
LOZIJTS,O,O,X,X,X
LOZIJST,O,X,X,X,X
LOZISTJ,O,X,X,X,X
LOZISJT,O,X,X,X,X
LOZJTIS,O,O,X,X,X
LOZJTSI,O,X,X,O,X
LOZJITS,O,O,X,X,X
LOZJIST,O,X,X,X,X
LOZJSTI,X,X,X,O,X
LOZJSIT,O,X,X,O,X
LOZSTIJ,X,X,X,O,X
LOZSTJI,X,X,X,O,X
LOZSITJ,O,X,X,X,X
LOZSIJT,O,X,X,O,X
LOZSJTI,X,X,X,O,X
LOZSJIT,X,X,X,O,X
JTILSZO,X,O,X,X,X
JTILSOZ,X,X,X,X,X
JTILZSO,X,X,X,X,X
JTILZOS,X,O,X,X,X
JTILOSZ,X,X,X,X,X
JTILOZS,X,X,X,X,X
JTISLZO,X,O,X,X,X
JTISLOZ,X,X,O,X,X
JTISZLO,X,O,X,X,X
JTISZOL,X,O,X,X,X
JTISOLZ,X,X,O,X,X
JTISOZL,X,X,X,X,X
JTIZLSO,X,X,X,X,X
JTIZLOS,X,O,X,X,X
JTIZSLO,X,X,X,X,X
JTIZSOL,X,X,X,X,X
JTIZOLS,X,O,X,X,X
JTIZOSL,X,X,X,X,X
JTIOLSZ,X,X,X,X,X
JTIOLZS,X,X,X,X,X
JTIOSLZ,X,X,O,X,X
JTIOSZL,X,X,X,X,X
JTIOZLS,X,X,X,X,X
JTIOZSL,X,X,X,X,X
JTLISZO,X,O,X,X,X
JTLISOZ,X,X,X,X,X
JTLIZSO,X,X,X,X,X
JTLIZOS,X,O,X,X,X
JTLIOSZ,X,X,X,X,X
JTLIOZS,X,X,X,X,X
JTLSIZO,X,O,X,X,X
JTLSIOZ,X,X,O,X,X
JTLSZIO,O,O,X,X,X
JTLSZOI,O,O,X,X,X
JTLSOIZ,X,X,O,X,X
JTLSOZI,O,X,X,X,X
JTLZISO,X,X,X,X,X
JTLZIOS,O,O,X,X,X
JTLZSIO,O,X,O,X,X
JTLZSOI,O,X,O,X,X
JTLZOIS,O,O,X,X,X
JTLZOSI,O,X,O,X,X
JTLOISZ,X,X,X,X,X
JTLOIZS,X,X,X,X,X
JTLOSIZ,X,X,O,X,X
JTLOSZI,O,X,X,X,X
JTLOZIS,O,X,X,X,X
JTLOZSI,O,X,O,X,X
JTSILZO,X,O,X,X,X
JTSILOZ,X,X,O,X,X
JTSIZLO,X,O,X,X,X
JTSIZOL,X,O,X,X,X
JTSIOLZ,X,X,O,X,X
JTSIOZL,X,X,X,X,X
JTSLIZO,X,O,X,X,X
JTSLIOZ,X,X,O,X,X
JTSLZIO,O,O,X,X,X
JTSLZOI,O,O,X,X,X
JTSLOIZ,X,X,O,X,X
JTSLOZI,O,X,X,X,X
JTSZILO,O,O,X,X,X
JTSZIOL,O,O,X,X,X
JTSZLIO,O,O,X,X,X
JTSZLOI,O,O,X,X,X
JTSZOIL,O,O,X,X,X
JTSZOLI,O,O,X,X,X
JTSOILZ,X,X,O,X,X
JTSOIZL,X,X,X,X,X
JTSOLIZ,X,X,O,X,X
JTSOLZI,O,X,X,X,X
JTSOZIL,O,X,X,X,X
JTSOZLI,O,X,X,X,X
JTZILSO,X,X,X,X,X
JTZILOS,O,O,X,X,X
JTZISLO,X,X,X,X,X
JTZISOL,X,X,X,X,X
JTZIOLS,O,O,X,X,X
JTZIOSL,X,X,X,X,X
JTZLISO,X,X,X,X,X
JTZLIOS,O,O,X,X,X
JTZLSIO,O,X,O,X,X
JTZLSOI,O,X,O,X,X
JTZLOIS,O,O,X,X,X
JTZLOSI,O,X,O,X,X
JTZSILO,O,X,O,X,X
JTZSIOL,O,X,O,X,X
JTZSLIO,O,X,O,X,X
JTZSLOI,O,X,O,X,X
JTZSOIL,O,X,O,X,X
JTZSOLI,O,X,O,X,X
JTZOILS,O,O,X,X,X
JTZOISL,X,X,X,X,X
JTZOLIS,O,O,X,X,X
JTZOLSI,O,X,O,X,X
JTZOSIL,O,X,O,X,X
JTZOSLI,O,X,O,X,X
JTOILSZ,X,X,X,X,X
JTOILZS,X,X,X,X,X
JTOISLZ,X,X,O,X,X
JTOISZL,X,X,X,X,X
JTOIZLS,X,X,X,X,X
JTOIZSL,X,X,X,X,X
JTOLISZ,X,X,X,X,X
JTOLIZS,X,X,X,X,X
JTOLSIZ,X,X,O,X,X
JTOLSZI,O,X,X,X,X
JTOLZIS,O,X,X,X,X
JTOLZSI,O,X,O,X,X
JTOSILZ,X,X,O,X,X
JTOSIZL,X,X,X,X,X
JTOSLIZ,X,X,O,X,X
JTOSLZI,O,X,X,X,X
JTOSZIL,O,X,X,X,X
JTOSZLI,O,X,X,X,X
JTOZILS,O,X,X,X,X
JTOZISL,X,X,X,X,X
JTOZLIS,O,X,X,X,X
JTOZLSI,O,X,O,X,X
JTOZSIL,O,X,O,X,X
JTOZSLI,O,X,O,X,X
JITLSZO,X,O,X,X,X
JITLSOZ,X,X,X,X,X
JITLZSO,X,X,X,X,X
JITLZOS,X,O,X,X,X
JITLOSZ,X,X,X,X,X
JITLOZS,X,X,X,X,X
JITSLZO,X,O,X,X,X
JITSLOZ,X,X,X,X,X
JITSZLO,X,O,X,X,X
JITSZOL,X,O,X,X,X
JITSOLZ,X,X,X,X,X
JITSOZL,X,X,X,X,X
JITZLSO,X,X,X,X,X
JITZLOS,X,O,X,X,X
JITZSLO,X,X,X,X,X
JITZSOL,X,X,X,X,X
JITZOLS,X,O,X,X,X
JITZOSL,X,X,X,X,X
JITOLSZ,X,X,X,X,X
JITOLZS,X,X,X,X,X
JITOSLZ,X,X,X,X,X
JITOSZL,X,X,X,X,X
JITOZLS,X,X,X,X,X
JITOZSL,X,X,X,X,X
JILTSZO,X,O,X,X,X
JILTSOZ,X,X,X,X,X
JILTZSO,X,X,X,X,X
JILTZOS,X,O,X,X,X
JILTOSZ,X,X,X,X,X
JILTOZS,X,X,X,X,X
JILSTZO,X,O,X,X,X
JILSTOZ,X,X,X,X,X
JILSZTO,X,O,X,X,X
JILSZOT,X,O,X,X,X
JILSOTZ,X,X,X,X,X
JILSOZT,X,X,X,X,X
JILZTSO,X,X,X,X,X
JILZTOS,X,O,X,X,X
JILZSTO,X,X,X,X,X
JILZSOT,X,X,X,X,X
JILZOTS,X,O,X,X,X
JILZOST,X,X,X,X,X
JILOTSZ,X,X,X,X,X
JILOTZS,X,X,X,X,X
JILOSTZ,X,X,X,X,X
JILOSZT,X,X,X,X,X
JILOZTS,X,O,X,X,X
JILOZST,X,X,X,X,X
JISTLZO,X,O,X,X,X
JISTLOZ,X,X,X,X,X
JISTZLO,X,O,X,X,X
JISTZOL,X,O,X,X,X
JISTOLZ,X,X,X,X,X
JISTOZL,X,X,X,X,X
JISLTZO,X,O,X,X,X
JISLTOZ,X,X,X,X,X
JISLZTO,X,O,X,X,X
JISLZOT,X,O,X,X,X
JISLOTZ,X,X,X,X,X
JISLOZT,X,X,X,X,X
JISZTLO,X,O,X,X,X
JISZTOL,X,O,X,X,X
JISZLTO,X,O,X,X,X
JISZLOT,X,O,X,X,X
JISZOTL,X,O,X,X,X
JISZOLT,X,O,X,X,X
JISOTLZ,X,X,X,X,X
JISOTZL,X,X,X,X,X
JISOLTZ,X,X,X,X,X
JISOLZT,X,X,X,X,X
JISOZTL,X,X,X,X,X
JISOZLT,X,X,X,X,X
JIZTLSO,X,X,X,X,X
JIZTLOS,X,O,X,X,X
JIZTSLO,X,X,X,X,X
JIZTSOL,X,X,X,X,X
JIZTOLS,X,O,X,X,X
JIZTOSL,X,X,X,X,X
JIZLTSO,X,X,X,X,X
JIZLTOS,X,O,X,X,X
JIZLSTO,X,X,X,X,X
JIZLSOT,X,X,X,X,X
JIZLOTS,X,O,X,X,X
JIZLOST,X,X,X,X,X
JIZSTLO,X,X,X,X,X
JIZSTOL,X,X,X,X,X
JIZSLTO,X,X,X,X,X
JIZSLOT,X,X,X,X,X
JIZSOTL,X,X,X,X,X
JIZSOLT,X,X,X,X,X
JIZOTLS,X,O,X,X,X
JIZOTSL,X,X,X,X,X
JIZOLTS,X,O,X,X,X
JIZOLST,X,X,X,X,X
JIZOSTL,X,X,X,X,X
JIZOSLT,X,X,X,X,X
JIOTLSZ,X,X,X,X,X
JIOTLZS,X,X,X,X,X
JIOTSLZ,X,X,X,X,X
JIOTSZL,X,X,X,X,X
JIOTZLS,X,X,X,X,X
JIOTZSL,X,X,X,X,X
JIOLTSZ,X,X,X,X,X
JIOLTZS,X,X,X,X,X
JIOLSTZ,X,X,X,X,X
JIOLSZT,X,X,X,X,X
JIOLZTS,X,O,X,X,X
JIOLZST,X,X,X,X,X
JIOSTLZ,X,X,X,X,X
JIOSTZL,X,X,X,X,X
JIOSLTZ,X,X,X,X,X
JIOSLZT,X,X,X,X,X
JIOSZTL,X,X,X,X,X
JIOSZLT,X,X,X,X,X
JIOZTLS,X,O,X,X,X
JIOZTSL,X,X,X,X,X
JIOZLTS,X,O,X,X,X
JIOZLST,X,X,X,X,X
JIOZSTL,X,X,X,X,X
JIOZSLT,X,X,X,X,X
JLTISZO,X,O,X,X,X
JLTISOZ,X,X,X,X,X
JLTIZSO,X,X,X,X,X
JLTIZOS,X,O,X,X,X
JLTIOSZ,X,X,X,X,X
JLTIOZS,X,X,X,X,X
JLTSIZO,X,O,X,X,X
JLTSIOZ,X,X,O,X,X
JLTSZIO,O,O,X,X,X
JLTSZOI,O,O,X,X,X
JLTSOIZ,X,X,O,X,X
JLTSOZI,O,X,X,X,X
JLTZISO,X,X,X,X,X
JLTZIOS,O,O,X,X,X
JLTZSIO,O,X,O,X,X
JLTZSOI,O,X,O,X,X
JLTZOIS,O,O,X,X,X
JLTZOSI,O,X,O,X,X
JLTOISZ,X,X,X,X,X
JLTOIZS,X,X,X,X,X
JLTOSIZ,X,X,O,X,X
JLTOSZI,O,X,X,X,X
JLTOZIS,O,X,X,X,X
JLTOZSI,O,X,O,X,X
JLITSZO,X,O,X,X,X
JLITSOZ,X,X,X,X,X
JLITZSO,X,X,X,X,X
JLITZOS,X,O,X,X,X
JLITOSZ,X,X,X,X,X
JLITOZS,X,X,X,X,X
JLISTZO,X,O,X,X,X
JLISTOZ,X,X,X,X,X
JLISZTO,X,O,X,X,X
JLISZOT,X,O,X,X,X
JLISOTZ,X,X,X,X,X
JLISOZT,X,X,X,X,X
JLIZTSO,X,X,X,X,X
JLIZTOS,X,O,X,X,X
JLIZSTO,X,X,X,X,X
JLIZSOT,X,X,X,X,X
JLIZOTS,X,O,X,X,X
JLIZOST,X,X,X,X,X
JLIOTSZ,X,X,X,X,X
JLIOTZS,X,X,X,X,X
JLIOSTZ,X,X,X,X,X
JLIOSZT,X,X,X,X,X
JLIOZTS,X,O,X,X,X
JLIOZST,X,X,X,X,X
JLSTIZO,X,O,X,X,X
JLSTIOZ,X,X,O,X,X
JLSTZIO,X,O,X,X,X
JLSTZOI,X,O,X,X,X
JLSTOIZ,X,X,O,X,X
JLSTOZI,X,X,X,X,X
JLSITZO,X,O,X,X,X
JLSITOZ,X,X,X,X,X
JLSIZTO,X,O,X,X,X
JLSIZOT,X,O,X,X,X
JLSIOTZ,X,X,O,X,X
JLSIOZT,X,X,O,X,X
JLSZTIO,X,O,X,X,X
JLSZTOI,X,O,X,X,X
JLSZITO,X,O,X,X,X
JLSZIOT,O,O,X,X,X
JLSZOTI,X,O,X,X,X
JLSZOIT,O,O,X,X,X
JLSOTIZ,X,X,O,X,X
JLSOTZI,X,X,X,X,X
JLSOITZ,X,X,O,X,X
JLSOIZT,X,X,O,X,X
JLSOZTI,X,X,X,X,X
JLSOZIT,O,X,X,X,X
JLZTISO,X,X,X,X,X
JLZTIOS,O,O,X,X,X
JLZTSIO,O,X,O,X,X
JLZTSOI,O,X,O,X,X
JLZTOIS,O,O,X,X,X
JLZTOSI,O,X,O,X,X
JLZITSO,X,X,X,X,X
JLZITOS,X,O,X,X,X
JLZISTO,X,X,X,X,X
JLZISOT,X,X,X,X,X
JLZIOTS,O,O,X,X,X
JLZIOST,O,X,X,X,X
JLZSTIO,X,X,O,X,X
JLZSTOI,X,X,O,X,X
JLZSITO,X,X,X,X,X
JLZSIOT,O,X,O,X,X
JLZSOTI,X,X,O,X,X
JLZSOIT,O,X,O,X,X
JLZOTIS,O,O,X,X,X
JLZOTSI,O,X,O,X,X
JLZOITS,O,O,X,X,X
JLZOIST,O,X,X,X,X
JLZOSTI,X,X,O,X,X
JLZOSIT,O,X,O,X,X
JLOTISZ,X,X,X,X,X
JLOTIZS,X,X,X,X,X
JLOTSIZ,X,X,O,X,X
JLOTSZI,O,X,X,X,X
JLOTZIS,O,X,X,X,X
JLOTZSI,O,X,O,X,X
JLOITSZ,X,X,X,X,X
JLOITZS,X,X,X,X,X
JLOISTZ,X,X,X,X,X
JLOISZT,X,X,X,X,X
JLOIZTS,X,O,X,X,X
JLOIZST,X,X,X,X,X
JLOSTIZ,X,X,O,X,X
JLOSTZI,X,X,X,X,X
JLOSITZ,X,X,O,X,X
JLOSIZT,X,X,O,X,X
JLOSZTI,X,X,X,X,X
JLOSZIT,O,X,X,X,X
JLOZTIS,O,O,X,X,X
JLOZTSI,O,X,O,X,X
JLOZITS,O,O,X,X,X
JLOZIST,O,X,X,X,X
JLOZSTI,X,X,O,X,X
JLOZSIT,O,X,O,X,X
JSTILZO,X,O,X,X,X
JSTILOZ,X,X,O,X,X
JSTIZLO,X,O,X,X,X
JSTIZOL,X,O,X,X,X
JSTIOLZ,X,X,O,X,X
JSTIOZL,X,X,X,X,X
JSTLIZO,X,O,X,X,X
JSTLIOZ,X,X,O,X,X
JSTLZIO,O,O,X,X,X
JSTLZOI,O,O,X,X,X
JSTLOIZ,X,X,O,X,X
JSTLOZI,O,X,X,X,X
JSTZILO,O,O,X,X,X
JSTZIOL,O,O,X,X,X
JSTZLIO,O,O,X,X,X
JSTZLOI,O,O,X,X,X
JSTZOIL,O,O,X,X,X
JSTZOLI,O,O,X,X,X
JSTOILZ,X,X,O,X,X
JSTOIZL,X,X,X,X,X
JSTOLIZ,X,X,O,X,X
JSTOLZI,O,X,X,X,X
JSTOZIL,O,X,X,X,X
JSTOZLI,O,X,X,X,X
JSITLZO,X,O,X,X,X
JSITLOZ,X,X,X,X,X
JSITZLO,X,O,X,X,X
JSITZOL,X,O,X,X,X
JSITOLZ,X,X,X,X,X
JSITOZL,X,X,X,X,X
JSILTZO,X,O,X,X,X
JSILTOZ,X,X,X,X,X
JSILZTO,X,O,X,X,X
JSILZOT,X,O,X,X,X
JSILOTZ,X,X,O,X,X
JSILOZT,X,X,O,X,X
JSIZTLO,X,O,X,X,X
JSIZTOL,X,O,X,X,X
JSIZLTO,X,O,X,X,X
JSIZLOT,X,O,X,X,X
JSIZOTL,X,O,X,X,X
JSIZOLT,X,O,X,X,X
JSIOTLZ,X,X,X,X,X
JSIOTZL,X,X,X,X,X
JSIOLTZ,X,X,O,X,X
JSIOLZT,X,X,O,X,X
JSIOZTL,X,X,X,X,X
JSIOZLT,X,X,X,X,X
JSLTIZO,X,O,X,X,X
JSLTIOZ,X,X,O,X,X
JSLTZIO,X,O,X,X,X
JSLTZOI,X,O,X,X,X
JSLTOIZ,X,X,O,X,X
JSLTOZI,X,X,X,X,X
JSLITZO,X,O,X,X,X
JSLITOZ,X,X,X,X,X
JSLIZTO,X,O,X,X,X
JSLIZOT,X,O,X,X,X
JSLIOTZ,X,X,O,X,X
JSLIOZT,X,X,O,X,X
JSLZTIO,X,O,X,X,X
JSLZTOI,X,O,X,X,X
JSLZITO,X,O,X,X,X
JSLZIOT,O,O,X,X,X
JSLZOTI,X,O,X,X,X
JSLZOIT,O,O,X,X,X
JSLOTIZ,X,X,O,X,X
JSLOTZI,X,X,X,X,X
JSLOITZ,X,X,O,X,X
JSLOIZT,X,X,O,X,X
JSLOZTI,X,X,X,X,X
JSLOZIT,O,X,X,X,X
JSZTILO,O,O,X,X,X
JSZTIOL,O,O,X,X,X
JSZTLIO,O,O,X,X,X
JSZTLOI,O,O,X,X,X
JSZTOIL,O,O,X,X,X
JSZTOLI,O,O,X,X,X
JSZITLO,O,O,X,X,X
JSZITOL,O,O,X,X,X
JSZILTO,X,O,X,X,X
JSZILOT,O,O,X,X,X
JSZIOTL,O,O,X,X,X
JSZIOLT,O,O,X,X,X
JSZLTIO,X,O,X,X,X
JSZLTOI,X,O,X,X,X
JSZLITO,X,O,X,X,X
JSZLIOT,O,O,X,X,X
JSZLOTI,X,O,X,X,X
JSZLOIT,O,O,X,X,X
JSZOTIL,O,O,X,X,X
JSZOTLI,O,O,X,X,X
JSZOITL,O,O,X,X,X
JSZOILT,O,O,X,X,X
JSZOLTI,X,O,X,X,X
JSZOLIT,O,O,X,X,X
JSOTILZ,X,X,O,X,X
JSOTIZL,X,X,X,X,X
JSOTLIZ,X,X,O,X,X
JSOTLZI,O,X,X,X,X
JSOTZIL,O,X,X,X,X
JSOTZLI,O,X,X,X,X
JSOITLZ,X,X,X,X,X
JSOITZL,X,X,X,X,X
JSOILTZ,X,X,O,X,X
JSOILZT,X,X,O,X,X
JSOIZTL,X,X,X,X,X
JSOIZLT,X,X,X,X,X
JSOLTIZ,X,X,O,X,X
JSOLTZI,X,X,X,X,X
JSOLITZ,X,X,O,X,X
JSOLIZT,X,X,O,X,X
JSOLZTI,X,X,X,X,X
JSOLZIT,O,X,X,X,X
JSOZTIL,O,X,X,X,X
JSOZTLI,O,X,X,X,X
JSOZITL,O,X,X,X,X
JSOZILT,O,X,X,X,X
JSOZLTI,X,X,X,X,X
JSOZLIT,O,X,X,X,X
JZTILSO,X,X,X,X,X
JZTILOS,O,O,X,X,X
JZTISLO,X,X,X,X,X
JZTISOL,X,X,X,X,X
JZTIOLS,O,O,X,X,X
JZTIOSL,X,X,X,X,X
JZTLISO,X,X,X,X,X
JZTLIOS,O,O,X,X,X
JZTLSIO,O,X,O,X,X
JZTLSOI,O,X,O,X,X
JZTLOIS,O,O,X,X,X
JZTLOSI,O,X,O,X,X
JZTSILO,O,X,O,X,X
JZTSIOL,O,X,O,X,X
JZTSLIO,O,X,O,X,X
JZTSLOI,O,X,O,X,X
JZTSOIL,O,X,O,X,X
JZTSOLI,O,X,O,X,X
JZTOILS,O,O,X,X,X
JZTOISL,X,X,X,X,X
JZTOLIS,O,O,X,X,X
JZTOLSI,O,X,O,X,X
JZTOSIL,O,X,O,X,X
JZTOSLI,O,X,O,X,X
JZITLSO,X,X,X,X,X
JZITLOS,O,O,X,X,X
JZITSLO,X,X,X,X,X
JZITSOL,X,X,X,X,X
JZITOLS,O,O,X,X,X
JZITOSL,X,X,X,X,X
JZILTSO,X,X,X,X,X
JZILTOS,X,O,X,X,X
JZILSTO,X,X,X,X,X
JZILSOT,X,X,X,X,X
JZILOTS,O,O,X,X,X
JZILOST,O,X,X,X,X
JZISTLO,O,X,X,X,X
JZISTOL,O,X,X,X,X
JZISLTO,X,X,X,X,X
JZISLOT,O,X,X,X,X
JZISOTL,O,X,X,X,X
JZISOLT,O,X,X,X,X
JZIOTLS,O,O,X,X,X
JZIOTSL,X,X,X,X,X
JZIOLTS,O,O,X,X,X
JZIOLST,O,X,X,X,X
JZIOSTL,O,X,X,X,X
JZIOSLT,O,X,X,X,X
JZLTISO,X,X,X,X,X
JZLTIOS,O,O,X,X,X
JZLTSIO,O,X,O,X,X
JZLTSOI,O,X,O,X,X
JZLTOIS,O,O,X,X,X
JZLTOSI,O,X,O,X,X
JZLITSO,X,X,X,X,X
JZLITOS,X,O,X,X,X
JZLISTO,X,X,X,X,X
JZLISOT,X,X,X,X,X
JZLIOTS,O,O,X,X,X
JZLIOST,O,X,X,X,X
JZLSTIO,X,X,O,X,X
JZLSTOI,X,X,O,X,X
JZLSITO,X,X,X,X,X
JZLSIOT,O,X,O,X,X
JZLSOTI,X,X,O,X,X
JZLSOIT,O,X,O,X,X
JZLOTIS,O,O,X,X,X
JZLOTSI,O,X,O,X,X
JZLOITS,O,O,X,X,X
JZLOIST,O,X,X,X,X
JZLOSTI,X,X,O,X,X
JZLOSIT,O,X,O,X,X
JZSTILO,O,X,O,X,X
JZSTIOL,O,X,O,X,X
JZSTLIO,O,X,O,X,X
JZSTLOI,O,X,O,X,X
JZSTOIL,O,X,O,X,X
JZSTOLI,O,X,O,X,X
JZSITLO,O,X,X,X,X
JZSITOL,O,X,X,X,X
JZSILTO,X,X,X,X,X
JZSILOT,O,X,O,X,X
JZSIOTL,O,X,X,X,X
JZSIOLT,O,X,O,X,X
JZSLTIO,X,X,O,X,X
JZSLTOI,X,X,O,X,X
JZSLITO,X,X,X,X,X
JZSLIOT,O,X,O,X,X
JZSLOTI,X,X,O,X,X
JZSLOIT,O,X,O,X,X
JZSOTIL,O,X,O,X,X
JZSOTLI,O,X,O,X,X
JZSOITL,O,X,X,X,X
JZSOILT,O,X,O,X,X
JZSOLTI,X,X,O,X,X
JZSOLIT,O,X,O,X,X
JZOTILS,O,O,X,X,X
JZOTISL,X,X,X,X,X
JZOTLIS,O,O,X,X,X
JZOTLSI,O,X,O,X,X
JZOTSIL,O,X,O,X,X
JZOTSLI,O,X,O,X,X
JZOITLS,O,O,X,X,X
JZOITSL,X,X,X,X,X
JZOILTS,O,O,X,X,X
JZOILST,O,X,X,X,X
JZOISTL,O,X,X,X,X
JZOISLT,O,X,X,X,X
JZOLTIS,O,O,X,X,X
JZOLTSI,O,X,O,X,X
JZOLITS,O,O,X,X,X
JZOLIST,O,X,X,X,X
JZOLSTI,X,X,O,X,X
JZOLSIT,O,X,O,X,X
JZOSTIL,O,X,O,X,X
JZOSTLI,O,X,O,X,X
JZOSITL,O,X,X,X,X
JZOSILT,O,X,O,X,X
JZOSLTI,X,X,O,X,X
JZOSLIT,O,X,O,X,X
JOTILSZ,X,X,X,X,X
JOTILZS,X,X,X,X,X
JOTISLZ,X,X,O,X,X
JOTISZL,X,X,X,X,X
JOTIZLS,X,X,X,X,X
JOTIZSL,X,X,X,X,X
JOTLISZ,X,X,X,X,X
JOTLIZS,X,X,X,X,X
JOTLSIZ,X,X,O,X,X
JOTLSZI,O,X,X,X,X
JOTLZIS,O,X,X,X,X
JOTLZSI,O,X,O,X,X
JOTSILZ,X,X,O,X,X
JOTSIZL,X,X,X,X,X
JOTSLIZ,X,X,O,X,X
JOTSLZI,O,X,X,X,X
JOTSZIL,O,X,X,X,X
JOTSZLI,O,X,X,X,X
JOTZILS,O,X,X,X,X
JOTZISL,X,X,X,X,X
JOTZLIS,O,X,X,X,X
JOTZLSI,O,X,O,X,X
JOTZSIL,O,X,O,X,X
JOTZSLI,O,X,O,X,X
JOITLSZ,X,X,X,X,X
JOITLZS,X,X,X,X,X
JOITSLZ,X,X,X,X,X
JOITSZL,X,X,X,X,X
JOITZLS,X,X,X,X,X
JOITZSL,X,X,X,X,X
JOILTSZ,X,X,X,X,X
JOILTZS,X,X,X,X,X
JOILSTZ,X,X,X,X,X
JOILSZT,X,X,X,X,X
JOILZTS,X,O,X,X,X
JOILZST,X,X,X,X,X
JOISTLZ,X,X,X,X,X
JOISTZL,X,X,X,X,X
JOISLTZ,X,X,X,X,X
JOISLZT,X,X,X,X,X
JOISZTL,X,X,X,X,X
JOISZLT,X,X,X,X,X
JOIZTLS,X,O,X,X,X
JOIZTSL,X,X,X,X,X
JOIZLTS,X,O,X,X,X
JOIZLST,X,X,X,X,X
JOIZSTL,X,X,X,X,X
JOIZSLT,X,X,X,X,X
JOLTISZ,X,X,X,X,X
JOLTIZS,X,X,X,X,X
JOLTSIZ,X,X,O,X,X
JOLTSZI,O,X,X,X,X
JOLTZIS,O,X,X,X,X
JOLTZSI,O,X,O,X,X
JOLITSZ,X,X,X,X,X
JOLITZS,X,X,X,X,X
JOLISTZ,X,X,X,X,X
JOLISZT,X,X,X,X,X
JOLIZTS,X,O,X,X,X
JOLIZST,X,X,X,X,X
JOLSTIZ,X,X,O,X,X
JOLSTZI,X,X,X,X,X
JOLSITZ,X,X,O,X,X
JOLSIZT,X,X,O,X,X
JOLSZTI,X,X,X,X,X
JOLSZIT,O,X,X,X,X
JOLZTIS,O,O,X,X,X
JOLZTSI,O,X,O,X,X
JOLZITS,O,O,X,X,X
JOLZIST,O,X,X,X,X
JOLZSTI,X,X,O,X,X
JOLZSIT,O,X,O,X,X
JOSTILZ,X,X,O,X,X
JOSTIZL,X,X,X,X,X
JOSTLIZ,X,X,O,X,X
JOSTLZI,O,X,X,X,X
JOSTZIL,O,X,X,X,X
JOSTZLI,O,X,X,X,X
JOSITLZ,X,X,X,X,X
JOSITZL,X,X,X,X,X
JOSILTZ,X,X,O,X,X
JOSILZT,X,X,O,X,X
JOSIZTL,X,X,X,X,X
JOSIZLT,X,X,X,X,X
JOSLTIZ,X,X,O,X,X
JOSLTZI,X,X,X,X,X
JOSLITZ,X,X,O,X,X
JOSLIZT,X,X,O,X,X
JOSLZTI,X,X,X,X,X
JOSLZIT,O,X,X,X,X
JOSZTIL,O,X,X,X,X
JOSZTLI,O,X,X,X,X
JOSZITL,O,X,X,X,X
JOSZILT,O,X,X,X,X
JOSZLTI,X,X,X,X,X
JOSZLIT,O,X,X,X,X
JOZTILS,O,O,X,X,X
JOZTISL,X,X,X,X,X
JOZTLIS,O,O,X,X,X
JOZTLSI,O,X,O,X,X
JOZTSIL,O,X,O,X,X
JOZTSLI,O,X,O,X,X
JOZITLS,O,O,X,X,X
JOZITSL,X,X,X,X,X
JOZILTS,O,O,X,X,X
JOZILST,O,X,X,X,X
JOZISTL,O,X,X,X,X
JOZISLT,O,X,X,X,X
JOZLTIS,O,O,X,X,X
JOZLTSI,O,X,O,X,X
JOZLITS,O,O,X,X,X
JOZLIST,O,X,X,X,X
JOZLSTI,X,X,O,X,X
JOZLSIT,O,X,O,X,X
JOZSTIL,O,X,O,X,X
JOZSTLI,O,X,O,X,X
JOZSITL,O,X,X,X,X
JOZSILT,O,X,O,X,X
JOZSLTI,X,X,O,X,X
JOZSLIT,O,X,O,X,X
STILJZO,X,X,X,X,X
STILJOZ,X,X,X,X,X
STILZJO,X,X,X,O,X
STILZOJ,X,X,X,O,X
STILOJZ,X,X,O,X,X
STILOZJ,X,X,X,O,X
STIJLZO,X,X,X,X,X
STIJLOZ,X,X,O,X,X
STIJZLO,X,X,X,X,X
STIJZOL,X,X,X,X,X
STIJOLZ,X,X,O,X,X
STIJOZL,X,X,X,X,X
STIZLJO,X,X,X,X,X
STIZLOJ,X,X,X,X,X
STIZJLO,X,X,X,X,X
STIZJOL,X,X,X,O,O
STIZOLJ,X,X,X,X,X
STIZOJL,X,X,X,O,O
STIOLJZ,X,X,O,X,X
STIOLZJ,X,X,X,O,X
STIOJLZ,X,X,O,X,X
STIOJZL,X,X,X,X,X
STIOZLJ,X,X,X,X,X
STIOZJL,X,X,X,O,O
STLIJZO,X,X,X,X,X
STLIJOZ,X,X,X,X,X
STLIZJO,X,X,X,O,X
STLIZOJ,X,O,X,O,X
STLIOJZ,X,X,O,X,X
STLIOZJ,X,X,X,O,X
STLJIZO,X,O,X,X,X
STLJIOZ,X,X,X,X,X
STLJZIO,X,O,X,X,X
STLJZOI,X,O,X,X,X
STLJOIZ,X,X,X,X,X
STLJOZI,X,X,X,X,X
STLZIJO,X,X,X,O,X
STLZIOJ,O,O,X,O,X
STLZJIO,X,O,X,O,X
STLZJOI,X,O,X,O,X
STLZOIJ,O,O,X,O,X
STLZOJI,X,O,X,O,X
STLOIJZ,X,X,O,X,X
STLOIZJ,X,X,X,O,X
STLOJIZ,X,X,X,X,X
STLOJZI,X,X,X,X,X
STLOZIJ,O,X,X,O,X
STLOZJI,X,X,X,O,X
STJILZO,X,X,X,X,X
STJILOZ,X,X,O,X,X
STJIZLO,X,X,X,X,X
STJIZOL,X,X,X,X,X
STJIOLZ,X,X,O,X,X
STJIOZL,X,X,X,X,X
STJLIZO,X,X,X,X,X
STJLIOZ,X,X,O,X,X
STJLZIO,X,X,X,X,X
STJLZOI,X,X,X,X,X
STJLOIZ,X,X,O,X,X
STJLOZI,X,X,X,X,X
STJZILO,X,X,X,X,X
STJZIOL,X,X,X,X,X
STJZLIO,X,X,X,X,X
STJZLOI,X,X,X,X,X
STJZOIL,X,X,X,X,X
STJZOLI,X,X,X,X,X
STJOILZ,X,X,O,X,X
STJOIZL,X,X,X,X,X
STJOLIZ,X,X,O,X,X
STJOLZI,X,X,X,X,X
STJOZIL,X,X,X,X,X
STJOZLI,X,X,X,X,X
STZILJO,X,X,X,X,X
STZILOJ,O,X,X,X,X
STZIJLO,X,X,X,X,X
STZIJOL,X,X,X,O,O
STZIOLJ,O,X,X,X,X
STZIOJL,X,X,X,O,O
STZLIJO,X,X,X,X,X
STZLIOJ,O,O,X,X,X
STZLJIO,X,O,X,X,X
STZLJOI,X,O,X,X,X
STZLOIJ,O,O,X,X,X
STZLOJI,X,O,X,X,X
STZJILO,X,X,X,X,X
STZJIOL,X,X,X,O,O
STZJLIO,X,X,X,X,X
STZJLOI,X,X,X,X,X
STZJOIL,X,X,X,O,O
STZJOLI,X,X,X,X,O
STZOILJ,O,X,X,X,X
STZOIJL,X,X,X,O,O
STZOLIJ,O,O,X,X,X
STZOLJI,X,O,X,X,X
STZOJIL,X,X,X,O,O
STZOJLI,X,X,X,X,O
STOILJZ,X,X,O,X,X
STOILZJ,X,X,X,O,X
STOIJLZ,X,X,O,X,X
STOIJZL,X,X,X,X,X
STOIZLJ,X,X,X,X,X
STOIZJL,X,X,X,O,O
STOLIJZ,X,X,O,X,X
STOLIZJ,X,X,X,O,X
STOLJIZ,X,X,X,X,X
STOLJZI,X,X,X,X,X
STOLZIJ,O,X,X,O,X
STOLZJI,X,X,X,O,X
STOJILZ,X,X,O,X,X
STOJIZL,X,X,X,X,X
STOJLIZ,X,X,O,X,X
STOJLZI,X,X,X,X,X
STOJZIL,X,X,X,X,X
STOJZLI,X,X,X,X,X
STOZILJ,O,X,X,X,X
STOZIJL,X,X,X,O,O
STOZLIJ,O,X,X,X,X
STOZLJI,X,X,X,X,X
STOZJIL,X,X,X,O,O
STOZJLI,X,X,X,X,O
SITLJZO,X,X,X,X,X
SITLJOZ,X,X,X,X,X
SITLZJO,X,X,X,X,X
SITLZOJ,X,X,X,X,X
SITLOJZ,X,X,X,X,X
SITLOZJ,X,X,X,X,X
SITJLZO,X,X,X,X,X
SITJLOZ,X,X,X,X,X
SITJZLO,X,X,X,X,X
SITJZOL,X,X,X,X,X
SITJOLZ,X,X,X,X,X
SITJOZL,X,X,X,X,X
SITZLJO,X,X,X,X,X
SITZLOJ,X,X,X,X,X
SITZJLO,X,X,X,X,X
SITZJOL,X,X,X,X,X
SITZOLJ,X,X,X,X,X
SITZOJL,X,X,X,X,X
SITOLJZ,X,X,X,X,X
SITOLZJ,X,X,X,X,X
SITOJLZ,X,X,X,X,X
SITOJZL,X,X,X,X,X
SITOZLJ,X,X,X,X,X
SITOZJL,X,X,X,X,X
SILTJZO,X,X,X,X,X
SILTJOZ,X,X,X,X,X
SILTZJO,X,X,X,X,X
SILTZOJ,X,X,X,X,X
SILTOJZ,X,X,X,X,X
SILTOZJ,X,X,X,X,X
SILJTZO,X,X,X,X,X
SILJTOZ,X,X,X,X,X
SILJZTO,X,X,X,X,X
SILJZOT,X,X,X,X,X
SILJOTZ,X,X,X,X,X
SILJOZT,X,X,X,X,X
SILZTJO,X,X,X,X,X
SILZTOJ,X,X,X,X,X
SILZJTO,X,X,X,X,X
SILZJOT,X,X,X,O,X
SILZOTJ,X,X,X,X,X
SILZOJT,X,X,X,O,X
SILOTJZ,X,X,O,X,X
SILOTZJ,X,X,X,X,X
SILOJTZ,X,X,O,X,X
SILOJZT,X,X,O,X,X
SILOZTJ,X,X,X,X,X
SILOZJT,X,X,X,O,X
SIJTLZO,X,X,X,X,X
SIJTLOZ,X,X,X,X,X
SIJTZLO,X,X,X,X,X
SIJTZOL,X,X,X,X,X
SIJTOLZ,X,X,X,X,X
SIJTOZL,X,X,X,X,X
SIJLTZO,X,X,X,X,X
SIJLTOZ,X,X,X,X,X
SIJLZTO,X,X,X,X,X
SIJLZOT,X,X,X,X,X
SIJLOTZ,X,X,O,X,X
SIJLOZT,X,X,O,X,X
SIJZTLO,X,X,X,X,X
SIJZTOL,X,X,X,X,X
SIJZLTO,X,X,X,X,X
SIJZLOT,X,X,X,X,X
SIJZOTL,X,X,X,X,X
SIJZOLT,X,X,X,X,X
SIJOTLZ,X,X,X,X,X
SIJOTZL,X,X,X,X,X
SIJOLTZ,X,X,O,X,X
SIJOLZT,X,X,O,X,X
SIJOZTL,X,X,X,X,X
SIJOZLT,X,X,X,X,X
SIZTLJO,X,X,X,X,X
SIZTLOJ,X,X,X,X,X
SIZTJLO,X,X,X,X,X
SIZTJOL,X,X,X,X,X
SIZTOLJ,X,X,X,X,X
SIZTOJL,X,X,X,X,X
SIZLTJO,X,X,X,X,X
SIZLTOJ,X,X,X,X,X
SIZLJTO,X,X,X,X,X
SIZLJOT,X,X,X,X,X
SIZLOTJ,X,X,X,X,X
SIZLOJT,X,X,X,X,X
SIZJTLO,X,X,X,X,X
SIZJTOL,X,X,X,X,X
SIZJLTO,X,X,X,X,X
SIZJLOT,X,X,X,X,X
SIZJOTL,X,X,X,O,X
SIZJOLT,X,X,X,X,X
SIZOTLJ,X,X,X,X,X
SIZOTJL,X,X,X,X,X
SIZOLTJ,X,X,X,X,X
SIZOLJT,X,X,X,X,X
SIZOJTL,X,X,X,O,X
SIZOJLT,X,X,X,X,X
SIOTLJZ,X,X,X,X,X
SIOTLZJ,X,X,X,X,X
SIOTJLZ,X,X,X,X,X
SIOTJZL,X,X,X,X,X
SIOTZLJ,X,X,X,X,X
SIOTZJL,X,X,X,X,X
SIOLTJZ,X,X,O,X,X
SIOLTZJ,X,X,X,X,X
SIOLJTZ,X,X,O,X,X
SIOLJZT,X,X,O,X,X
SIOLZTJ,X,X,X,X,X
SIOLZJT,X,X,X,O,X
SIOJTLZ,X,X,X,X,X
SIOJTZL,X,X,X,X,X
SIOJLTZ,X,X,O,X,X
SIOJLZT,X,X,O,X,X
SIOJZTL,X,X,X,X,X
SIOJZLT,X,X,X,X,X
SIOZTLJ,X,X,X,X,X
SIOZTJL,X,X,X,X,X
SIOZLTJ,X,X,X,X,X
SIOZLJT,X,X,X,X,X
SIOZJTL,X,X,X,O,X
SIOZJLT,X,X,X,X,X
SLTIJZO,X,X,X,X,X
SLTIJOZ,X,X,X,X,X
SLTIZJO,X,X,X,O,X
SLTIZOJ,X,O,X,O,X
SLTIOJZ,X,X,O,X,X
SLTIOZJ,X,X,X,O,X
SLTJIZO,X,O,X,X,X
SLTJIOZ,X,X,X,X,X
SLTJZIO,X,O,X,X,X
SLTJZOI,X,O,X,X,X
SLTJOIZ,X,X,X,X,X
SLTJOZI,X,X,X,X,X
SLTZIJO,X,X,X,O,X
SLTZIOJ,X,O,X,O,X
SLTZJIO,X,O,X,O,X
SLTZJOI,X,O,X,O,X
SLTZOIJ,X,O,X,O,X
SLTZOJI,X,O,X,O,X
SLTOIJZ,X,X,O,X,X
SLTOIZJ,X,X,X,O,X
SLTOJIZ,X,X,X,X,X
SLTOJZI,X,X,X,X,X
SLTOZIJ,X,X,X,O,X
SLTOZJI,X,X,X,O,X
SLITJZO,X,X,X,X,X
SLITJOZ,X,X,X,X,X
SLITZJO,X,X,X,X,X
SLITZOJ,X,O,X,X,X
SLITOJZ,X,X,X,X,X
SLITOZJ,X,X,X,X,X
SLIJTZO,X,O,X,X,X
SLIJTOZ,X,X,X,X,X
SLIJZTO,X,O,X,X,X
SLIJZOT,X,O,X,X,X
SLIJOTZ,X,X,X,X,X
SLIJOZT,X,X,X,X,X
SLIZTJO,X,X,X,X,X
SLIZTOJ,X,O,X,X,X
SLIZJTO,X,O,X,X,X
SLIZJOT,X,O,X,O,X
SLIZOTJ,X,O,X,X,X
SLIZOJT,X,O,X,O,X
SLIOTJZ,X,X,O,X,X
SLIOTZJ,X,X,X,X,X
SLIOJTZ,X,X,O,X,X
SLIOJZT,X,X,O,X,X
SLIOZTJ,X,X,X,X,X
SLIOZJT,X,X,X,O,X
SLJTIZO,X,O,X,X,X
SLJTIOZ,X,X,X,X,X
SLJTZIO,X,O,X,X,X
SLJTZOI,X,O,X,X,X
SLJTOIZ,X,X,X,X,X
SLJTOZI,X,X,X,X,X
SLJITZO,X,O,X,X,X
SLJITOZ,X,X,X,X,X
SLJIZTO,X,O,X,X,X
SLJIZOT,X,O,X,X,X
SLJIOTZ,X,X,X,X,X
SLJIOZT,X,X,X,X,X
SLJZTIO,X,O,X,X,X
SLJZTOI,X,O,X,X,X
SLJZITO,X,O,X,X,X
SLJZIOT,X,O,X,X,X
SLJZOTI,X,O,X,X,X
SLJZOIT,X,O,X,X,X
SLJOTIZ,X,X,X,X,X
SLJOTZI,X,X,X,X,X
SLJOITZ,X,X,X,X,X
SLJOIZT,X,X,X,X,X
SLJOZTI,X,X,X,X,X
SLJOZIT,X,X,X,X,X
SLZTIJO,X,X,X,O,X
SLZTIOJ,X,O,X,O,X
SLZTJIO,X,O,X,O,X
SLZTJOI,X,O,X,O,X
SLZTOIJ,X,O,X,O,X
SLZTOJI,X,O,X,O,X
SLZITJO,X,X,X,X,X
SLZITOJ,X,O,X,X,X
SLZIJTO,X,O,X,X,X
SLZIJOT,X,O,X,O,X
SLZIOTJ,O,O,X,X,X
SLZIOJT,O,O,X,O,X
SLZJTIO,X,O,X,O,X
SLZJTOI,X,O,X,O,X
SLZJITO,X,O,X,X,X
SLZJIOT,X,O,X,O,X
SLZJOTI,X,O,X,O,X
SLZJOIT,X,O,X,O,X
SLZOTIJ,X,O,X,O,X
SLZOTJI,X,O,X,O,X
SLZOITJ,O,O,X,X,X
SLZOIJT,O,O,X,O,X
SLZOJTI,X,O,X,O,X
SLZOJIT,X,O,X,O,X
SLOTIJZ,X,X,O,X,X
SLOTIZJ,X,X,X,O,X
SLOTJIZ,X,X,X,X,X
SLOTJZI,X,X,X,X,X
SLOTZIJ,X,X,X,O,X
SLOTZJI,X,X,X,O,X
SLOITJZ,X,X,O,X,X
SLOITZJ,X,X,X,X,X
SLOIJTZ,X,X,O,X,X
SLOIJZT,X,X,O,X,X
SLOIZTJ,X,X,X,X,X
SLOIZJT,X,X,X,O,X
SLOJTIZ,X,X,X,X,X
SLOJTZI,X,X,X,X,X
SLOJITZ,X,X,X,X,X
SLOJIZT,X,X,X,X,X
SLOJZTI,X,X,X,X,X
SLOJZIT,X,X,X,X,X
SLOZTIJ,X,X,X,O,X
SLOZTJI,X,X,X,O,X
SLOZITJ,O,X,X,X,X
SLOZIJT,O,X,X,O,X
SLOZJTI,X,X,X,O,X
SLOZJIT,X,X,X,O,X
SJTILZO,X,O,X,X,X
SJTILOZ,X,X,O,X,X
SJTIZLO,X,O,X,X,X
SJTIZOL,X,O,X,X,X
SJTIOLZ,X,X,O,X,X
SJTIOZL,X,X,X,X,X
SJTLIZO,X,O,X,X,X
SJTLIOZ,X,X,O,X,X
SJTLZIO,O,O,X,X,X
SJTLZOI,O,O,X,X,X
SJTLOIZ,X,X,O,X,X
SJTLOZI,O,X,X,X,X
SJTZILO,O,O,X,X,X
SJTZIOL,O,O,X,X,X
SJTZLIO,O,O,X,X,X
SJTZLOI,O,O,X,X,X
SJTZOIL,O,O,X,X,X
SJTZOLI,O,O,X,X,X
SJTOILZ,X,X,O,X,X
SJTOIZL,X,X,X,X,X
SJTOLIZ,X,X,O,X,X
SJTOLZI,O,X,X,X,X
SJTOZIL,O,X,X,X,X
SJTOZLI,O,X,X,X,X
SJITLZO,X,O,X,X,X
SJITLOZ,X,X,X,X,X
SJITZLO,X,O,X,X,X
SJITZOL,X,O,X,X,X
SJITOLZ,X,X,X,X,X
SJITOZL,X,X,X,X,X
SJILTZO,X,O,X,X,X
SJILTOZ,X,X,X,X,X
SJILZTO,X,O,X,X,X
SJILZOT,X,O,X,X,X
SJILOTZ,X,X,O,X,X
SJILOZT,X,X,O,X,X
SJIZTLO,X,O,X,X,X
SJIZTOL,X,O,X,X,X
SJIZLTO,X,O,X,X,X
SJIZLOT,X,O,X,X,X
SJIZOTL,X,O,X,X,X
SJIZOLT,X,O,X,X,X
SJIOTLZ,X,X,X,X,X
SJIOTZL,X,X,X,X,X
SJIOLTZ,X,X,O,X,X
SJIOLZT,X,X,O,X,X
SJIOZTL,X,X,X,X,X
SJIOZLT,X,X,X,X,X
SJLTIZO,X,O,X,X,X
SJLTIOZ,X,X,O,X,X
SJLTZIO,X,O,X,X,X
SJLTZOI,X,O,X,X,X
SJLTOIZ,X,X,O,X,X
SJLTOZI,X,X,X,X,X
SJLITZO,X,O,X,X,X
SJLITOZ,X,X,X,X,X
SJLIZTO,X,O,X,X,X
SJLIZOT,X,O,X,X,X
SJLIOTZ,X,X,O,X,X
SJLIOZT,X,X,O,X,X
SJLZTIO,X,O,X,X,X
SJLZTOI,X,O,X,X,X
SJLZITO,X,O,X,X,X
SJLZIOT,O,O,X,X,X
SJLZOTI,X,O,X,X,X
SJLZOIT,O,O,X,X,X
SJLOTIZ,X,X,O,X,X
SJLOTZI,X,X,X,X,X
SJLOITZ,X,X,O,X,X
SJLOIZT,X,X,O,X,X
SJLOZTI,X,X,X,X,X
SJLOZIT,O,X,X,X,X
SJZTILO,O,O,X,X,X
SJZTIOL,O,O,X,X,X
SJZTLIO,O,O,X,X,X
SJZTLOI,O,O,X,X,X
SJZTOIL,O,O,X,X,X
SJZTOLI,O,O,X,X,X
SJZITLO,O,O,X,X,X
SJZITOL,O,O,X,X,X
SJZILTO,X,O,X,X,X
SJZILOT,O,O,X,X,X
SJZIOTL,O,O,X,X,X
SJZIOLT,O,O,X,X,X
SJZLTIO,X,O,X,X,X
SJZLTOI,X,O,X,X,X
SJZLITO,X,O,X,X,X
SJZLIOT,O,O,X,X,X
SJZLOTI,X,O,X,X,X
SJZLOIT,O,O,X,X,X
SJZOTIL,O,O,X,X,X
SJZOTLI,O,O,X,X,X
SJZOITL,O,O,X,X,X
SJZOILT,O,O,X,X,X
SJZOLTI,X,O,X,X,X
SJZOLIT,O,O,X,X,X
SJOTILZ,X,X,O,X,X
SJOTIZL,X,X,X,X,X
SJOTLIZ,X,X,O,X,X
SJOTLZI,O,X,X,X,X
SJOTZIL,O,X,X,X,X
SJOTZLI,O,X,X,X,X
SJOITLZ,X,X,X,X,X
SJOITZL,X,X,X,X,X
SJOILTZ,X,X,O,X,X
SJOILZT,X,X,O,X,X
SJOIZTL,X,X,X,X,X
SJOIZLT,X,X,X,X,X
SJOLTIZ,X,X,O,X,X
SJOLTZI,X,X,X,X,X
SJOLITZ,X,X,O,X,X
SJOLIZT,X,X,O,X,X
SJOLZTI,X,X,X,X,X
SJOLZIT,O,X,X,X,X
SJOZTIL,O,X,X,X,X
SJOZTLI,O,X,X,X,X
SJOZITL,O,X,X,X,X
SJOZILT,O,X,X,X,X
SJOZLTI,X,X,X,X,X
SJOZLIT,O,X,X,X,X
SZTILJO,X,X,X,X,X
SZTILOJ,O,X,X,X,X
SZTIJLO,X,X,X,X,X
SZTIJOL,X,X,X,O,O
SZTIOLJ,O,X,X,X,X
SZTIOJL,X,X,X,O,O
SZTLIJO,X,X,X,X,X
SZTLIOJ,O,O,X,X,X
SZTLJIO,X,O,X,X,X
SZTLJOI,X,O,X,X,X
SZTLOIJ,O,O,X,X,X
SZTLOJI,X,O,X,X,X
SZTJILO,X,X,X,X,X
SZTJIOL,X,X,X,O,O
SZTJLIO,X,X,X,X,X
SZTJLOI,X,X,X,X,X
SZTJOIL,X,X,X,O,O
SZTJOLI,X,X,X,X,O
SZTOILJ,O,X,X,X,X
SZTOIJL,X,X,X,O,O
SZTOLIJ,O,O,X,X,X
SZTOLJI,X,O,X,X,X
SZTOJIL,X,X,X,O,O
SZTOJLI,X,X,X,X,O
SZITLJO,X,X,X,X,X
SZITLOJ,O,X,X,X,X
SZITJLO,X,X,X,X,X
SZITJOL,X,X,X,X,X
SZITOLJ,O,X,X,X,X
SZITOJL,X,X,X,X,X
SZILTJO,X,X,X,X,X
SZILTOJ,X,X,X,X,X
SZILJTO,X,X,X,X,X
SZILJOT,X,X,X,X,X
SZILOTJ,O,X,X,X,X
SZILOJT,O,X,X,X,X
SZIJTLO,O,X,X,X,X
SZIJTOL,O,X,X,X,X
SZIJLTO,X,X,X,X,X
SZIJLOT,O,X,X,X,X
SZIJOTL,O,X,X,O,X
SZIJOLT,O,X,X,X,X
SZIOTLJ,O,X,X,X,X
SZIOTJL,X,X,X,X,X
SZIOLTJ,O,X,X,X,X
SZIOLJT,O,X,X,X,X
SZIOJTL,O,X,X,O,X
SZIOJLT,O,X,X,X,X
SZLTIJO,X,X,X,X,X
SZLTIOJ,X,O,X,X,X
SZLTJIO,X,O,X,X,X
SZLTJOI,X,O,X,X,X
SZLTOIJ,X,O,X,X,X
SZLTOJI,X,O,X,X,X
SZLITJO,X,X,X,X,X
SZLITOJ,X,O,X,X,X
SZLIJTO,X,O,X,X,X
SZLIJOT,X,O,X,X,X
SZLIOTJ,O,O,X,X,X
SZLIOJT,O,O,X,X,X
SZLJTIO,X,O,X,X,X
SZLJTOI,X,O,X,X,X
SZLJITO,X,O,X,X,X
SZLJIOT,X,O,X,X,X
SZLJOTI,X,O,X,X,X
SZLJOIT,X,O,X,X,X
SZLOTIJ,X,O,X,X,X
SZLOTJI,X,O,X,X,X
SZLOITJ,O,O,X,X,X
SZLOIJT,O,O,X,X,X
SZLOJTI,X,O,X,X,X
SZLOJIT,X,O,X,X,X
SZJTILO,O,O,X,X,X
SZJTIOL,O,O,X,O,O
SZJTLIO,O,O,X,X,X
SZJTLOI,O,O,X,X,X
SZJTOIL,O,O,X,O,O
SZJTOLI,O,O,X,X,O
SZJITLO,O,O,X,X,X
SZJITOL,O,O,X,X,X
SZJILTO,X,O,X,X,X
SZJILOT,O,O,X,X,X
SZJIOTL,O,O,X,O,X
SZJIOLT,O,O,X,X,X
SZJLTIO,X,O,X,X,X
SZJLTOI,X,O,X,X,X
SZJLITO,X,O,X,X,X
SZJLIOT,O,O,X,X,X
SZJLOTI,X,O,X,X,X
SZJLOIT,O,O,X,X,X
SZJOTIL,O,O,X,O,O
SZJOTLI,O,O,X,X,O
SZJOITL,O,O,X,O,X
SZJOILT,O,O,X,X,X
SZJOLTI,X,O,X,X,X
SZJOLIT,O,O,X,X,X
SZOTILJ,O,X,X,X,X
SZOTIJL,X,X,X,O,O
SZOTLIJ,O,O,X,X,X
SZOTLJI,X,O,X,X,X
SZOTJIL,X,X,X,O,O
SZOTJLI,X,X,X,X,O
SZOITLJ,O,X,X,X,X
SZOITJL,X,X,X,X,X
SZOILTJ,O,X,X,X,X
SZOILJT,O,X,X,X,X
SZOIJTL,O,X,X,O,X
SZOIJLT,O,X,X,X,X
SZOLTIJ,X,O,X,X,X
SZOLTJI,X,O,X,X,X
SZOLITJ,O,O,X,X,X
SZOLIJT,O,O,X,X,X
SZOLJTI,X,O,X,X,X
SZOLJIT,X,O,X,X,X
SZOJTIL,O,O,X,O,O
SZOJTLI,O,O,X,X,O
SZOJITL,O,O,X,O,X
SZOJILT,O,O,X,X,X
SZOJLTI,X,O,X,X,X
SZOJLIT,O,O,X,X,X
SOTILJZ,X,X,O,X,X
SOTILZJ,X,X,X,O,X
SOTIJLZ,X,X,O,X,X
SOTIJZL,X,X,X,X,X
SOTIZLJ,X,X,X,X,X
SOTIZJL,X,X,X,O,O
SOTLIJZ,X,X,O,X,X
SOTLIZJ,X,X,X,O,X
SOTLJIZ,X,X,X,X,X
SOTLJZI,X,X,X,X,X
SOTLZIJ,O,X,X,O,X
SOTLZJI,X,X,X,O,X
SOTJILZ,X,X,O,X,X
SOTJIZL,X,X,X,X,X
SOTJLIZ,X,X,O,X,X
SOTJLZI,X,X,X,X,X
SOTJZIL,X,X,X,X,X
SOTJZLI,X,X,X,X,X
SOTZILJ,O,X,X,X,X
SOTZIJL,X,X,X,O,O
SOTZLIJ,O,X,X,X,X
SOTZLJI,X,X,X,X,X
SOTZJIL,X,X,X,O,O
SOTZJLI,X,X,X,X,O
SOITLJZ,X,X,X,X,X
SOITLZJ,X,X,X,X,X
SOITJLZ,X,X,X,X,X
SOITJZL,X,X,X,X,X
SOITZLJ,X,X,X,X,X
SOITZJL,X,X,X,X,X
SOILTJZ,X,X,O,X,X
SOILTZJ,X,X,X,X,X
SOILJTZ,X,X,O,X,X
SOILJZT,X,X,O,X,X
SOILZTJ,X,X,X,X,X
SOILZJT,X,X,X,O,X
SOIJTLZ,X,X,X,X,X
SOIJTZL,X,X,X,X,X
SOIJLTZ,X,X,O,X,X
SOIJLZT,X,X,O,X,X
SOIJZTL,X,X,X,X,X
SOIJZLT,X,X,X,X,X
SOIZTLJ,X,X,X,X,X
SOIZTJL,X,X,X,X,X
SOIZLTJ,X,X,X,X,X
SOIZLJT,X,X,X,X,X
SOIZJTL,X,X,X,O,X
SOIZJLT,X,X,X,X,X
SOLTIJZ,X,X,O,X,X
SOLTIZJ,X,X,X,O,X
SOLTJIZ,X,X,X,X,X
SOLTJZI,X,X,X,X,X
SOLTZIJ,X,X,X,O,X
SOLTZJI,X,X,X,O,X
SOLITJZ,X,X,O,X,X
SOLITZJ,X,X,X,X,X
SOLIJTZ,X,X,O,X,X
SOLIJZT,X,X,O,X,X
SOLIZTJ,X,X,X,X,X
SOLIZJT,X,X,X,O,X
SOLJTIZ,X,X,X,X,X
SOLJTZI,X,X,X,X,X
SOLJITZ,X,X,X,X,X
SOLJIZT,X,X,X,X,X
SOLJZTI,X,X,X,X,X
SOLJZIT,X,X,X,X,X
SOLZTIJ,X,X,X,O,X
SOLZTJI,X,X,X,O,X
SOLZITJ,O,X,X,X,X
SOLZIJT,O,X,X,O,X
SOLZJTI,X,X,X,O,X
SOLZJIT,X,X,X,O,X
SOJTILZ,X,X,O,X,X
SOJTIZL,X,X,X,X,X
SOJTLIZ,X,X,O,X,X
SOJTLZI,O,X,X,X,X
SOJTZIL,O,X,X,X,X
SOJTZLI,O,X,X,X,X
SOJITLZ,X,X,X,X,X
SOJITZL,X,X,X,X,X
SOJILTZ,X,X,O,X,X
SOJILZT,X,X,O,X,X
SOJIZTL,X,X,X,X,X
SOJIZLT,X,X,X,X,X
SOJLTIZ,X,X,O,X,X
SOJLTZI,X,X,X,X,X
SOJLITZ,X,X,O,X,X
SOJLIZT,X,X,O,X,X
SOJLZTI,X,X,X,X,X
SOJLZIT,O,X,X,X,X
SOJZTIL,O,X,X,X,X
SOJZTLI,O,X,X,X,X
SOJZITL,O,X,X,X,X
SOJZILT,O,X,X,X,X
SOJZLTI,X,X,X,X,X
SOJZLIT,O,X,X,X,X
SOZTILJ,O,X,X,X,X
SOZTIJL,X,X,X,O,O
SOZTLIJ,O,X,X,X,X
SOZTLJI,X,X,X,X,X
SOZTJIL,X,X,X,O,O
SOZTJLI,X,X,X,X,O
SOZITLJ,O,X,X,X,X
SOZITJL,X,X,X,X,X
SOZILTJ,O,X,X,X,X
SOZILJT,O,X,X,X,X
SOZIJTL,O,X,X,O,X
SOZIJLT,O,X,X,X,X
SOZLTIJ,X,X,X,X,X
SOZLTJI,X,X,X,X,X
SOZLITJ,O,X,X,X,X
SOZLIJT,O,X,X,X,X
SOZLJTI,X,X,X,X,X
SOZLJIT,X,X,X,X,X
SOZJTIL,O,X,X,O,O
SOZJTLI,O,X,X,X,O
SOZJITL,O,X,X,O,X
SOZJILT,O,X,X,X,X
SOZJLTI,X,X,X,X,X
SOZJLIT,O,X,X,X,X
ZTILJSO,X,X,X,X,X
ZTILJOS,X,X,X,X,X
ZTILSJO,X,X,X,X,X
ZTILSOJ,X,X,X,X,X
ZTILOJS,X,X,X,X,X
ZTILOSJ,X,X,X,X,X
ZTIJLSO,X,X,X,X,X
ZTIJLOS,X,X,X,X,X
ZTIJSLO,X,X,X,X,X
ZTIJSOL,X,X,X,X,O
ZTIJOLS,X,X,X,X,X
ZTIJOSL,X,X,X,X,O
ZTISLJO,X,X,X,X,X
ZTISLOJ,X,X,X,X,X
ZTISJLO,X,X,X,X,X
ZTISJOL,X,X,X,O,O
ZTISOLJ,X,X,X,X,X
ZTISOJL,X,X,X,O,O
ZTIOLJS,X,X,X,X,X
ZTIOLSJ,X,X,X,X,X
ZTIOJLS,X,X,X,X,X
ZTIOJSL,X,X,X,X,O
ZTIOSLJ,X,X,X,X,X
ZTIOSJL,X,X,X,O,O
ZTLIJSO,X,X,X,X,X
ZTLIJOS,X,X,X,X,X
ZTLISJO,X,X,X,X,X
ZTLISOJ,X,X,X,X,X
ZTLIOJS,X,O,X,X,X
ZTLIOSJ,X,X,X,X,X
ZTLJISO,X,X,X,X,X
ZTLJIOS,X,O,X,X,X
ZTLJSIO,X,X,X,O,X
ZTLJSOI,X,X,X,O,X
ZTLJOIS,X,O,X,X,X
ZTLJOSI,X,X,X,O,X
ZTLSIJO,X,X,X,O,X
ZTLSIOJ,X,X,X,O,X
ZTLSJIO,X,X,X,O,X
ZTLSJOI,X,X,X,O,X
ZTLSOIJ,X,X,X,O,X
ZTLSOJI,X,X,X,O,X
ZTLOIJS,X,O,X,X,X
ZTLOISJ,X,X,X,X,X
ZTLOJIS,X,O,X,X,X
ZTLOJSI,X,X,X,O,X
ZTLOSIJ,X,X,X,O,X
ZTLOSJI,X,X,X,O,X
ZTJILSO,X,X,X,X,X
ZTJILOS,X,X,X,X,X
ZTJISLO,X,X,X,X,X
ZTJISOL,X,X,X,X,O
ZTJIOLS,X,X,X,X,X
ZTJIOSL,X,X,X,X,O
ZTJLISO,X,X,X,X,X
ZTJLIOS,X,X,X,X,X
ZTJLSIO,X,X,X,X,X
ZTJLSOI,X,X,X,X,X
ZTJLOIS,X,X,X,X,X
ZTJLOSI,X,X,X,X,X
ZTJSILO,X,X,X,X,X
ZTJSIOL,X,X,X,O,O
ZTJSLIO,X,X,X,X,X
ZTJSLOI,X,X,X,X,X
ZTJSOIL,X,X,X,O,O
ZTJSOLI,X,X,X,X,O
ZTJOILS,X,X,X,X,X
ZTJOISL,X,X,X,X,O
ZTJOLIS,X,X,X,X,X
ZTJOLSI,X,X,X,X,X
ZTJOSIL,X,X,X,O,O
ZTJOSLI,X,X,X,X,O
ZTSILJO,X,X,X,X,X
ZTSILOJ,X,X,X,X,X
ZTSIJLO,X,X,X,X,X
ZTSIJOL,X,X,X,O,O
ZTSIOLJ,X,X,X,X,X
ZTSIOJL,X,X,X,O,O
ZTSLIJO,X,X,X,X,X
ZTSLIOJ,X,X,X,X,X
ZTSLJIO,X,X,X,X,X
ZTSLJOI,X,X,X,X,X
ZTSLOIJ,X,X,X,X,X
ZTSLOJI,X,X,X,X,X
ZTSJILO,X,X,X,X,X
ZTSJIOL,X,X,X,O,O
ZTSJLIO,X,X,X,X,X
ZTSJLOI,X,X,X,X,X
ZTSJOIL,X,X,X,O,O
ZTSJOLI,X,X,X,X,O
ZTSOILJ,X,X,X,X,X
ZTSOIJL,X,X,X,O,O
ZTSOLIJ,X,X,X,X,X
ZTSOLJI,X,X,X,X,X
ZTSOJIL,X,X,X,O,O
ZTSOJLI,X,X,X,X,O
ZTOILJS,X,X,X,X,X
ZTOILSJ,X,X,X,X,X
ZTOIJLS,X,X,X,X,X
ZTOIJSL,X,X,X,X,O
ZTOISLJ,X,X,X,X,X
ZTOISJL,X,X,X,O,O
ZTOLIJS,X,O,X,X,X
ZTOLISJ,X,X,X,X,X
ZTOLJIS,X,O,X,X,X
ZTOLJSI,X,X,X,O,X
ZTOLSIJ,X,X,X,O,X
ZTOLSJI,X,X,X,O,X
ZTOJILS,X,X,X,X,X
ZTOJISL,X,X,X,X,O
ZTOJLIS,X,X,X,X,X
ZTOJLSI,X,X,X,X,X
ZTOJSIL,X,X,X,O,O
ZTOJSLI,X,X,X,X,O
ZTOSILJ,X,X,X,X,X
ZTOSIJL,X,X,X,O,O
ZTOSLIJ,X,X,X,X,X
ZTOSLJI,X,X,X,X,X
ZTOSJIL,X,X,X,O,O
ZTOSJLI,X,X,X,X,O
ZITLJSO,X,X,X,X,X
ZITLJOS,X,X,X,X,X
ZITLSJO,X,X,X,X,X
ZITLSOJ,X,X,X,X,X
ZITLOJS,X,X,X,X,X
ZITLOSJ,X,X,X,X,X
ZITJLSO,X,X,X,X,X
ZITJLOS,X,X,X,X,X
ZITJSLO,X,X,X,X,X
ZITJSOL,X,X,X,X,X
ZITJOLS,X,X,X,X,X
ZITJOSL,X,X,X,X,X
ZITSLJO,X,X,X,X,X
ZITSLOJ,X,X,X,X,X
ZITSJLO,X,X,X,X,X
ZITSJOL,X,X,X,X,X
ZITSOLJ,X,X,X,X,X
ZITSOJL,X,X,X,X,X
ZITOLJS,X,X,X,X,X
ZITOLSJ,X,X,X,X,X
ZITOJLS,X,X,X,X,X
ZITOJSL,X,X,X,X,X
ZITOSLJ,X,X,X,X,X
ZITOSJL,X,X,X,X,X
ZILTJSO,X,X,X,X,X
ZILTJOS,X,X,X,X,X
ZILTSJO,X,X,X,X,X
ZILTSOJ,X,X,X,X,X
ZILTOJS,X,X,X,X,X
ZILTOSJ,X,X,X,X,X
ZILJTSO,X,X,X,X,X
ZILJTOS,X,X,X,X,X
ZILJSTO,X,X,X,X,X
ZILJSOT,X,X,X,X,X
ZILJOTS,X,X,X,X,X
ZILJOST,X,X,X,X,X
ZILSTJO,X,X,X,X,X
ZILSTOJ,X,X,X,X,X
ZILSJTO,X,X,X,X,X
ZILSJOT,X,X,X,X,X
ZILSOTJ,X,X,X,X,X
ZILSOJT,X,X,X,X,X
ZILOTJS,X,X,X,X,X
ZILOTSJ,X,X,X,X,X
ZILOJTS,O,X,X,X,X
ZILOJST,O,X,X,X,X
ZILOSTJ,O,X,X,X,X
ZILOSJT,O,X,X,X,X
ZIJTLSO,X,X,X,X,X
ZIJTLOS,O,X,X,X,X
ZIJTSLO,X,X,X,X,X
ZIJTSOL,X,X,X,X,X
ZIJTOLS,O,X,X,X,X
ZIJTOSL,X,X,X,X,X
ZIJLTSO,X,X,X,X,X
ZIJLTOS,X,X,X,X,X
ZIJLSTO,X,X,X,X,X
ZIJLSOT,X,X,X,X,X
ZIJLOTS,O,X,X,X,X
ZIJLOST,O,X,X,X,X
ZIJSTLO,O,X,X,X,X
ZIJSTOL,O,X,X,X,X
ZIJSLTO,X,X,X,X,X
ZIJSLOT,O,X,X,X,X
ZIJSOTL,O,X,X,X,X
ZIJSOLT,O,X,X,X,X
ZIJOTLS,O,X,X,X,X
ZIJOTSL,X,X,X,X,X
ZIJOLTS,O,X,X,X,X
ZIJOLST,O,X,X,X,X
ZIJOSTL,O,X,X,X,X
ZIJOSLT,O,X,X,X,X
ZISTLJO,X,X,X,X,X
ZISTLOJ,O,X,X,X,X
ZISTJLO,X,X,X,X,X
ZISTJOL,X,X,X,X,X
ZISTOLJ,O,X,X,X,X
ZISTOJL,X,X,X,X,X
ZISLTJO,X,X,X,X,X
ZISLTOJ,X,X,X,X,X
ZISLJTO,X,X,X,X,X
ZISLJOT,X,X,X,X,X
ZISLOTJ,O,X,X,X,X
ZISLOJT,O,X,X,X,X
ZISJTLO,O,X,X,X,X
ZISJTOL,O,X,X,X,X
ZISJLTO,X,X,X,X,X
ZISJLOT,O,X,X,X,X
ZISJOTL,O,X,X,X,X
ZISJOLT,O,X,X,X,X
ZISOTLJ,O,X,X,X,X
ZISOTJL,X,X,X,X,X
ZISOLTJ,O,X,X,X,X
ZISOLJT,O,X,X,X,X
ZISOJTL,O,X,X,X,X
ZISOJLT,O,X,X,X,X
ZIOTLJS,X,X,X,X,X
ZIOTLSJ,X,X,X,X,X
ZIOTJLS,X,X,X,X,X
ZIOTJSL,X,X,X,X,X
ZIOTSLJ,X,X,X,X,X
ZIOTSJL,X,X,X,X,X
ZIOLTJS,X,X,X,X,X
ZIOLTSJ,X,X,X,X,X
ZIOLJTS,O,X,X,X,X
ZIOLJST,O,X,X,X,X
ZIOLSTJ,O,X,X,X,X
ZIOLSJT,O,X,X,X,X
ZIOJTLS,O,X,X,X,X
ZIOJTSL,X,X,X,X,X
ZIOJLTS,O,X,X,X,X
ZIOJLST,O,X,X,X,X
ZIOJSTL,O,X,X,X,X
ZIOJSLT,O,X,X,X,X
ZIOSTLJ,O,X,X,X,X
ZIOSTJL,X,X,X,X,X
ZIOSLTJ,O,X,X,X,X
ZIOSLJT,O,X,X,X,X
ZIOSJTL,O,X,X,X,X
ZIOSJLT,O,X,X,X,X
ZLTIJSO,X,X,X,X,X
ZLTIJOS,X,X,X,X,X
ZLTISJO,X,X,X,X,X
ZLTISOJ,X,X,X,X,X
ZLTIOJS,X,O,X,X,X
ZLTIOSJ,X,X,X,X,X
ZLTJISO,X,X,X,X,X
ZLTJIOS,X,O,X,X,X
ZLTJSIO,X,X,X,O,X
ZLTJSOI,X,X,X,O,X
ZLTJOIS,X,O,X,X,X
ZLTJOSI,X,X,X,O,X
ZLTSIJO,X,X,X,O,X
ZLTSIOJ,X,X,X,O,X
ZLTSJIO,X,X,X,O,X
ZLTSJOI,X,X,X,O,X
ZLTSOIJ,X,X,X,O,X
ZLTSOJI,X,X,X,O,X
ZLTOIJS,X,O,X,X,X
ZLTOISJ,X,X,X,X,X
ZLTOJIS,X,O,X,X,X
ZLTOJSI,X,X,X,O,X
ZLTOSIJ,X,X,X,O,X
ZLTOSJI,X,X,X,O,X
ZLITJSO,X,X,X,X,X
ZLITJOS,X,X,X,X,X
ZLITSJO,X,X,X,X,X
ZLITSOJ,X,X,X,X,X
ZLITOJS,X,O,X,X,X
ZLITOSJ,X,X,X,X,X
ZLIJTSO,X,X,X,X,X
ZLIJTOS,X,O,X,X,X
ZLIJSTO,X,X,X,X,X
ZLIJSOT,X,X,X,X,X
ZLIJOTS,X,O,X,X,X
ZLIJOST,X,X,X,X,X
ZLISTJO,X,X,X,X,X
ZLISTOJ,X,X,X,X,X
ZLISJTO,X,X,X,X,X
ZLISJOT,X,X,X,X,X
ZLISOTJ,X,X,X,X,X
ZLISOJT,X,X,X,X,X
ZLIOTJS,X,O,X,X,X
ZLIOTSJ,X,X,X,X,X
ZLIOJTS,O,O,X,X,X
ZLIOJST,O,X,X,X,X
ZLIOSTJ,O,X,X,X,X
ZLIOSJT,O,X,X,X,X
ZLJTISO,X,X,X,X,X
ZLJTIOS,O,O,X,X,X
ZLJTSIO,O,X,X,O,X
ZLJTSOI,O,X,X,O,X
ZLJTOIS,O,O,X,X,X
ZLJTOSI,O,X,X,O,X
ZLJITSO,X,X,X,X,X
ZLJITOS,X,O,X,X,X
ZLJISTO,X,X,X,X,X
ZLJISOT,X,X,X,X,X
ZLJIOTS,O,O,X,X,X
ZLJIOST,O,X,X,X,X
ZLJSTIO,X,X,X,O,X
ZLJSTOI,X,X,X,O,X
ZLJSITO,X,X,X,X,X
ZLJSIOT,O,X,X,O,X
ZLJSOTI,X,X,X,O,X
ZLJSOIT,O,X,X,O,X
ZLJOTIS,O,O,X,X,X
ZLJOTSI,O,X,X,O,X
ZLJOITS,O,O,X,X,X
ZLJOIST,O,X,X,X,X
ZLJOSTI,X,X,X,O,X
ZLJOSIT,O,X,X,O,X
ZLSTIJO,X,X,X,O,X
ZLSTIOJ,X,X,X,O,X
ZLSTJIO,X,X,X,O,X
ZLSTJOI,X,X,X,O,X
ZLSTOIJ,X,X,X,O,X
ZLSTOJI,X,X,X,O,X
ZLSITJO,X,X,X,X,X
ZLSITOJ,X,X,X,X,X
ZLSIJTO,X,X,X,X,X
ZLSIJOT,X,X,X,O,X
ZLSIOTJ,O,X,X,X,X
ZLSIOJT,O,X,X,O,X
ZLSJTIO,X,X,X,O,X
ZLSJTOI,X,X,X,O,X
ZLSJITO,X,X,X,X,X
ZLSJIOT,X,X,X,O,X
ZLSJOTI,X,X,X,O,X
ZLSJOIT,X,X,X,O,X
ZLSOTIJ,X,X,X,O,X
ZLSOTJI,X,X,X,O,X
ZLSOITJ,O,X,X,X,X
ZLSOIJT,O,X,X,O,X
ZLSOJTI,X,X,X,O,X
ZLSOJIT,X,X,X,O,X
ZLOTIJS,X,O,X,X,X
ZLOTISJ,X,X,X,X,X
ZLOTJIS,X,O,X,X,X
ZLOTJSI,X,X,X,O,X
ZLOTSIJ,X,X,X,O,X
ZLOTSJI,X,X,X,O,X
ZLOITJS,X,O,X,X,X
ZLOITSJ,X,X,X,X,X
ZLOIJTS,O,O,X,X,X
ZLOIJST,O,X,X,X,X
ZLOISTJ,O,X,X,X,X
ZLOISJT,O,X,X,X,X
ZLOJTIS,O,O,X,X,X
ZLOJTSI,O,X,X,O,X
ZLOJITS,O,O,X,X,X
ZLOJIST,O,X,X,X,X
ZLOJSTI,X,X,X,O,X
ZLOJSIT,O,X,X,O,X
ZLOSTIJ,X,X,X,O,X
ZLOSTJI,X,X,X,O,X
ZLOSITJ,O,X,X,X,X
ZLOSIJT,O,X,X,O,X
ZLOSJTI,X,X,X,O,X
ZLOSJIT,X,X,X,O,X
ZJTILSO,X,X,X,X,X
ZJTILOS,O,O,X,X,X
ZJTISLO,X,X,X,X,X
ZJTISOL,X,X,X,X,O
ZJTIOLS,O,O,X,X,X
ZJTIOSL,X,X,X,X,O
ZJTLISO,X,X,X,X,X
ZJTLIOS,O,O,X,X,X
ZJTLSIO,O,X,X,X,X
ZJTLSOI,O,X,X,X,X
ZJTLOIS,O,O,X,X,X
ZJTLOSI,O,X,X,X,X
ZJTSILO,O,X,X,X,X
ZJTSIOL,O,X,X,O,O
ZJTSLIO,O,X,X,X,X
ZJTSLOI,O,X,X,X,X
ZJTSOIL,O,X,X,O,O
ZJTSOLI,O,X,X,X,O
ZJTOILS,O,O,X,X,X
ZJTOISL,X,X,X,X,O
ZJTOLIS,O,O,X,X,X
ZJTOLSI,O,X,X,X,X
ZJTOSIL,O,X,X,O,O
ZJTOSLI,O,X,X,X,O
ZJITLSO,X,X,X,X,X
ZJITLOS,O,O,X,X,X
ZJITSLO,X,X,X,X,X
ZJITSOL,X,X,X,X,X
ZJITOLS,O,O,X,X,X
ZJITOSL,X,X,X,X,X
ZJILTSO,X,X,X,X,X
ZJILTOS,X,O,X,X,X
ZJILSTO,X,X,X,X,X
ZJILSOT,X,X,X,X,X
ZJILOTS,O,O,X,X,X
ZJILOST,O,X,X,X,X
ZJISTLO,O,X,X,X,X
ZJISTOL,O,X,X,X,X
ZJISLTO,X,X,X,X,X
ZJISLOT,O,X,X,X,X
ZJISOTL,O,X,X,X,X
ZJISOLT,O,X,X,X,X
ZJIOTLS,O,O,X,X,X
ZJIOTSL,X,X,X,X,X
ZJIOLTS,O,O,X,X,X
ZJIOLST,O,X,X,X,X
ZJIOSTL,O,X,X,X,X
ZJIOSLT,O,X,X,X,X
ZJLTISO,X,X,X,X,X
ZJLTIOS,O,O,X,X,X
ZJLTSIO,O,X,X,X,X
ZJLTSOI,O,X,X,X,X
ZJLTOIS,O,O,X,X,X
ZJLTOSI,O,X,X,X,X
ZJLITSO,X,X,X,X,X
ZJLITOS,X,O,X,X,X
ZJLISTO,X,X,X,X,X
ZJLISOT,X,X,X,X,X
ZJLIOTS,O,O,X,X,X
ZJLIOST,O,X,X,X,X
ZJLSTIO,X,X,X,X,X
ZJLSTOI,X,X,X,X,X
ZJLSITO,X,X,X,X,X
ZJLSIOT,O,X,X,X,X
ZJLSOTI,X,X,X,X,X
ZJLSOIT,O,X,X,X,X
ZJLOTIS,O,O,X,X,X
ZJLOTSI,O,X,X,X,X
ZJLOITS,O,O,X,X,X
ZJLOIST,O,X,X,X,X
ZJLOSTI,X,X,X,X,X
ZJLOSIT,O,X,X,X,X
ZJSTILO,O,X,X,X,X
ZJSTIOL,O,X,X,O,O
ZJSTLIO,O,X,X,X,X
ZJSTLOI,O,X,X,X,X
ZJSTOIL,O,X,X,O,O
ZJSTOLI,O,X,X,X,O
ZJSITLO,O,X,X,X,X
ZJSITOL,O,X,X,X,X
ZJSILTO,X,X,X,X,X
ZJSILOT,O,X,X,X,X
ZJSIOTL,O,X,X,O,X
ZJSIOLT,O,X,X,X,X
ZJSLTIO,X,X,X,X,X
ZJSLTOI,X,X,X,X,X
ZJSLITO,X,X,X,X,X
ZJSLIOT,O,X,X,X,X
ZJSLOTI,X,X,X,X,X
ZJSLOIT,O,X,X,X,X
ZJSOTIL,O,X,X,O,O
ZJSOTLI,O,X,X,X,O
ZJSOITL,O,X,X,O,X
ZJSOILT,O,X,X,X,X
ZJSOLTI,X,X,X,X,X
ZJSOLIT,O,X,X,X,X
ZJOTILS,O,O,X,X,X
ZJOTISL,X,X,X,X,O
ZJOTLIS,O,O,X,X,X
ZJOTLSI,O,X,X,X,X
ZJOTSIL,O,X,X,O,O
ZJOTSLI,O,X,X,X,O
ZJOITLS,O,O,X,X,X
ZJOITSL,X,X,X,X,X
ZJOILTS,O,O,X,X,X
ZJOILST,O,X,X,X,X
ZJOISTL,O,X,X,X,X
ZJOISLT,O,X,X,X,X
ZJOLTIS,O,O,X,X,X
ZJOLTSI,O,X,X,X,X
ZJOLITS,O,O,X,X,X
ZJOLIST,O,X,X,X,X
ZJOLSTI,X,X,X,X,X
ZJOLSIT,O,X,X,X,X
ZJOSTIL,O,X,X,O,O
ZJOSTLI,O,X,X,X,O
ZJOSITL,O,X,X,O,X
ZJOSILT,O,X,X,X,X
ZJOSLTI,X,X,X,X,X
ZJOSLIT,O,X,X,X,X
ZSTILJO,X,X,X,X,X
ZSTILOJ,O,X,X,X,X
ZSTIJLO,X,X,X,X,X
ZSTIJOL,X,X,X,O,O
ZSTIOLJ,O,X,X,X,X
ZSTIOJL,X,X,X,O,O
ZSTLIJO,X,X,X,X,X
ZSTLIOJ,O,X,X,X,X
ZSTLJIO,X,X,X,X,X
ZSTLJOI,X,X,X,X,X
ZSTLOIJ,O,X,X,X,X
ZSTLOJI,X,X,X,X,X
ZSTJILO,X,X,X,X,X
ZSTJIOL,X,X,X,O,O
ZSTJLIO,X,X,X,X,X
ZSTJLOI,X,X,X,X,X
ZSTJOIL,X,X,X,O,O
ZSTJOLI,X,X,X,X,O
ZSTOILJ,O,X,X,X,X
ZSTOIJL,X,X,X,O,O
ZSTOLIJ,O,X,X,X,X
ZSTOLJI,X,X,X,X,X
ZSTOJIL,X,X,X,O,O
ZSTOJLI,X,X,X,X,O
ZSITLJO,X,X,X,X,X
ZSITLOJ,O,X,X,X,X
ZSITJLO,X,X,X,X,X
ZSITJOL,X,X,X,X,X
ZSITOLJ,O,X,X,X,X
ZSITOJL,X,X,X,X,X
ZSILTJO,X,X,X,X,X
ZSILTOJ,X,X,X,X,X
ZSILJTO,X,X,X,X,X
ZSILJOT,X,X,X,X,X
ZSILOTJ,O,X,X,X,X
ZSILOJT,O,X,X,X,X
ZSIJTLO,O,X,X,X,X
ZSIJTOL,O,X,X,X,X
ZSIJLTO,X,X,X,X,X
ZSIJLOT,O,X,X,X,X
ZSIJOTL,O,X,X,O,X
ZSIJOLT,O,X,X,X,X
ZSIOTLJ,O,X,X,X,X
ZSIOTJL,X,X,X,X,X
ZSIOLTJ,O,X,X,X,X
ZSIOLJT,O,X,X,X,X
ZSIOJTL,O,X,X,O,X
ZSIOJLT,O,X,X,X,X
ZSLTIJO,X,X,X,X,X
ZSLTIOJ,X,X,X,X,X
ZSLTJIO,X,X,X,X,X
ZSLTJOI,X,X,X,X,X
ZSLTOIJ,X,X,X,X,X
ZSLTOJI,X,X,X,X,X
ZSLITJO,X,X,X,X,X
ZSLITOJ,X,X,X,X,X
ZSLIJTO,X,X,X,X,X
ZSLIJOT,X,X,X,X,X
ZSLIOTJ,O,X,X,X,X
ZSLIOJT,O,X,X,X,X
ZSLJTIO,X,X,X,X,X
ZSLJTOI,X,X,X,X,X
ZSLJITO,X,X,X,X,X
ZSLJIOT,X,X,X,X,X
ZSLJOTI,X,X,X,X,X
ZSLJOIT,X,X,X,X,X
ZSLOTIJ,X,X,X,X,X
ZSLOTJI,X,X,X,X,X
ZSLOITJ,O,X,X,X,X
ZSLOIJT,O,X,X,X,X
ZSLOJTI,X,X,X,X,X
ZSLOJIT,X,X,X,X,X
ZSJTILO,O,X,X,X,X
ZSJTIOL,O,X,X,O,O
ZSJTLIO,O,X,X,X,X
ZSJTLOI,O,X,X,X,X
ZSJTOIL,O,X,X,O,O
ZSJTOLI,O,X,X,X,O
ZSJITLO,O,X,X,X,X
ZSJITOL,O,X,X,X,X
ZSJILTO,X,X,X,X,X
ZSJILOT,O,X,X,X,X
ZSJIOTL,O,X,X,O,X
ZSJIOLT,O,X,X,X,X
ZSJLTIO,X,X,X,X,X
ZSJLTOI,X,X,X,X,X
ZSJLITO,X,X,X,X,X
ZSJLIOT,O,X,X,X,X
ZSJLOTI,X,X,X,X,X
ZSJLOIT,O,X,X,X,X
ZSJOTIL,O,X,X,O,O
ZSJOTLI,O,X,X,X,O
ZSJOITL,O,X,X,O,X
ZSJOILT,O,X,X,X,X
ZSJOLTI,X,X,X,X,X
ZSJOLIT,O,X,X,X,X
ZSOTILJ,O,X,X,X,X
ZSOTIJL,X,X,X,O,O
ZSOTLIJ,O,X,X,X,X
ZSOTLJI,X,X,X,X,X
ZSOTJIL,X,X,X,O,O
ZSOTJLI,X,X,X,X,O
ZSOITLJ,O,X,X,X,X
ZSOITJL,X,X,X,X,X
ZSOILTJ,O,X,X,X,X
ZSOILJT,O,X,X,X,X
ZSOIJTL,O,X,X,O,X
ZSOIJLT,O,X,X,X,X
ZSOLTIJ,X,X,X,X,X
ZSOLTJI,X,X,X,X,X
ZSOLITJ,O,X,X,X,X
ZSOLIJT,O,X,X,X,X
ZSOLJTI,X,X,X,X,X
ZSOLJIT,X,X,X,X,X
ZSOJTIL,O,X,X,O,O
ZSOJTLI,O,X,X,X,O
ZSOJITL,O,X,X,O,X
ZSOJILT,O,X,X,X,X
ZSOJLTI,X,X,X,X,X
ZSOJLIT,O,X,X,X,X
ZOTILJS,X,X,X,X,X
ZOTILSJ,X,X,X,X,X
ZOTIJLS,X,X,X,X,X
ZOTIJSL,X,X,X,X,O
ZOTISLJ,X,X,X,X,X
ZOTISJL,X,X,X,O,O
ZOTLIJS,X,O,X,X,X
ZOTLISJ,X,X,X,X,X
ZOTLJIS,X,O,X,X,X
ZOTLJSI,X,X,X,O,X
ZOTLSIJ,X,X,X,O,X
ZOTLSJI,X,X,X,O,X
ZOTJILS,X,X,X,X,X
ZOTJISL,X,X,X,X,O
ZOTJLIS,X,X,X,X,X
ZOTJLSI,X,X,X,X,X
ZOTJSIL,X,X,X,O,O
ZOTJSLI,X,X,X,X,O
ZOTSILJ,X,X,X,X,X
ZOTSIJL,X,X,X,O,O
ZOTSLIJ,X,X,X,X,X
ZOTSLJI,X,X,X,X,X
ZOTSJIL,X,X,X,O,O
ZOTSJLI,X,X,X,X,O
ZOITLJS,X,X,X,X,X
ZOITLSJ,X,X,X,X,X
ZOITJLS,X,X,X,X,X
ZOITJSL,X,X,X,X,X
ZOITSLJ,X,X,X,X,X
ZOITSJL,X,X,X,X,X
ZOILTJS,X,X,X,X,X
ZOILTSJ,X,X,X,X,X
ZOILJTS,O,X,X,X,X
ZOILJST,O,X,X,X,X
ZOILSTJ,O,X,X,X,X
ZOILSJT,O,X,X,X,X
ZOIJTLS,O,X,X,X,X
ZOIJTSL,X,X,X,X,X
ZOIJLTS,O,X,X,X,X
ZOIJLST,O,X,X,X,X
ZOIJSTL,O,X,X,X,X
ZOIJSLT,O,X,X,X,X
ZOISTLJ,O,X,X,X,X
ZOISTJL,X,X,X,X,X
ZOISLTJ,O,X,X,X,X
ZOISLJT,O,X,X,X,X
ZOISJTL,O,X,X,X,X
ZOISJLT,O,X,X,X,X
ZOLTIJS,X,O,X,X,X
ZOLTISJ,X,X,X,X,X
ZOLTJIS,X,O,X,X,X
ZOLTJSI,X,X,X,O,X
ZOLTSIJ,X,X,X,O,X
ZOLTSJI,X,X,X,O,X
ZOLITJS,X,O,X,X,X
ZOLITSJ,X,X,X,X,X
ZOLIJTS,O,O,X,X,X
ZOLIJST,O,X,X,X,X
ZOLISTJ,O,X,X,X,X
ZOLISJT,O,X,X,X,X
ZOLJTIS,O,O,X,X,X
ZOLJTSI,O,X,X,O,X
ZOLJITS,O,O,X,X,X
ZOLJIST,O,X,X,X,X
ZOLJSTI,X,X,X,O,X
ZOLJSIT,O,X,X,O,X
ZOLSTIJ,X,X,X,O,X
ZOLSTJI,X,X,X,O,X
ZOLSITJ,O,X,X,X,X
ZOLSIJT,O,X,X,O,X
ZOLSJTI,X,X,X,O,X
ZOLSJIT,X,X,X,O,X
ZOJTILS,O,O,X,X,X
ZOJTISL,X,X,X,X,O
ZOJTLIS,O,O,X,X,X
ZOJTLSI,O,X,X,X,X
ZOJTSIL,O,X,X,O,O
ZOJTSLI,O,X,X,X,O
ZOJITLS,O,O,X,X,X
ZOJITSL,X,X,X,X,X
ZOJILTS,O,O,X,X,X
ZOJILST,O,X,X,X,X
ZOJISTL,O,X,X,X,X
ZOJISLT,O,X,X,X,X
ZOJLTIS,O,O,X,X,X
ZOJLTSI,O,X,X,X,X
ZOJLITS,O,O,X,X,X
ZOJLIST,O,X,X,X,X
ZOJLSTI,X,X,X,X,X
ZOJLSIT,O,X,X,X,X
ZOJSTIL,O,X,X,O,O
ZOJSTLI,O,X,X,X,O
ZOJSITL,O,X,X,O,X
ZOJSILT,O,X,X,X,X
ZOJSLTI,X,X,X,X,X
ZOJSLIT,O,X,X,X,X
ZOSTILJ,O,X,X,X,X
ZOSTIJL,X,X,X,O,O
ZOSTLIJ,O,X,X,X,X
ZOSTLJI,X,X,X,X,X
ZOSTJIL,X,X,X,O,O
ZOSTJLI,X,X,X,X,O
ZOSITLJ,O,X,X,X,X
ZOSITJL,X,X,X,X,X
ZOSILTJ,O,X,X,X,X
ZOSILJT,O,X,X,X,X
ZOSIJTL,O,X,X,O,X
ZOSIJLT,O,X,X,X,X
ZOSLTIJ,X,X,X,X,X
ZOSLTJI,X,X,X,X,X
ZOSLITJ,O,X,X,X,X
ZOSLIJT,O,X,X,X,X
ZOSLJTI,X,X,X,X,X
ZOSLJIT,X,X,X,X,X
ZOSJTIL,O,X,X,O,O
ZOSJTLI,O,X,X,X,O
ZOSJITL,O,X,X,O,X
ZOSJILT,O,X,X,X,X
ZOSJLTI,X,X,X,X,X
ZOSJLIT,O,X,X,X,X
OTILJSZ,X,X,X,X,X
OTILJZS,X,X,X,X,X
OTILSJZ,X,X,X,X,X
OTILSZJ,X,X,X,X,X
OTILZJS,X,X,X,X,X
OTILZSJ,X,X,X,X,X
OTIJLSZ,X,X,X,X,X
OTIJLZS,X,X,X,X,X
OTIJSLZ,X,X,O,X,X
OTIJSZL,X,X,X,X,X
OTIJZLS,X,X,X,X,X
OTIJZSL,X,X,X,X,X
OTISLJZ,X,X,O,X,X
OTISLZJ,X,X,X,O,X
OTISJLZ,X,X,O,X,X
OTISJZL,X,X,X,X,X
OTISZLJ,X,X,X,X,X
OTISZJL,X,X,X,O,O
OTIZLJS,X,X,X,X,X
OTIZLSJ,X,X,X,X,X
OTIZJLS,X,X,X,X,X
OTIZJSL,X,X,X,X,O
OTIZSLJ,X,X,X,X,X
OTIZSJL,X,X,X,O,O
OTLIJSZ,X,X,X,X,X
OTLIJZS,X,X,X,X,X
OTLISJZ,X,X,X,X,X
OTLISZJ,X,X,X,X,X
OTLIZJS,X,X,X,X,X
OTLIZSJ,X,X,X,X,X
OTLJISZ,X,X,X,X,X
OTLJIZS,X,X,X,X,X
OTLJSIZ,X,X,O,X,X
OTLJSZI,X,X,X,X,X
OTLJZIS,X,X,X,X,X
OTLJZSI,X,X,O,X,X
OTLSIJZ,X,X,O,X,X
OTLSIZJ,X,X,X,O,X
OTLSJIZ,X,X,X,X,X
OTLSJZI,X,X,X,X,X
OTLSZIJ,X,X,X,O,X
OTLSZJI,X,X,X,O,X
OTLZIJS,X,X,X,X,X
OTLZISJ,X,X,X,X,X
OTLZJIS,X,X,X,X,X
OTLZJSI,X,X,X,O,X
OTLZSIJ,X,X,X,O,X
OTLZSJI,X,X,X,O,X
OTJILSZ,X,X,X,X,X
OTJILZS,X,X,X,X,X
OTJISLZ,X,X,O,X,X
OTJISZL,X,X,X,X,X
OTJIZLS,X,X,X,X,X
OTJIZSL,X,X,X,X,X
OTJLISZ,X,X,X,X,X
OTJLIZS,X,X,X,X,X
OTJLSIZ,X,X,O,X,X
OTJLSZI,X,X,X,X,X
OTJLZIS,X,X,X,X,X
OTJLZSI,X,X,O,X,X
OTJSILZ,X,X,O,X,X
OTJSIZL,X,X,X,X,X
OTJSLIZ,X,X,O,X,X
OTJSLZI,X,X,X,X,X
OTJSZIL,X,X,X,X,X
OTJSZLI,X,X,X,X,X
OTJZILS,X,X,X,X,X
OTJZISL,X,X,X,X,X
OTJZLIS,X,X,X,X,X
OTJZLSI,X,X,O,X,X
OTJZSIL,X,X,O,X,X
OTJZSLI,X,X,O,X,X
OTSILJZ,X,X,O,X,X
OTSILZJ,X,X,X,O,X
OTSIJLZ,X,X,O,X,X
OTSIJZL,X,X,X,X,X
OTSIZLJ,X,X,X,X,X
OTSIZJL,X,X,X,O,O
OTSLIJZ,X,X,O,X,X
OTSLIZJ,X,X,X,O,X
OTSLJIZ,X,X,X,X,X
OTSLJZI,X,X,X,X,X
OTSLZIJ,X,X,X,O,X
OTSLZJI,X,X,X,O,X
OTSJILZ,X,X,O,X,X
OTSJIZL,X,X,X,X,X
OTSJLIZ,X,X,O,X,X
OTSJLZI,X,X,X,X,X
OTSJZIL,X,X,X,X,X
OTSJZLI,X,X,X,X,X
OTSZILJ,X,X,X,X,X
OTSZIJL,X,X,X,O,O
OTSZLIJ,X,X,X,X,X
OTSZLJI,X,X,X,X,X
OTSZJIL,X,X,X,O,O
OTSZJLI,X,X,X,X,O
OTZILJS,X,X,X,X,X
OTZILSJ,X,X,X,X,X
OTZIJLS,X,X,X,X,X
OTZIJSL,X,X,X,X,O
OTZISLJ,X,X,X,X,X
OTZISJL,X,X,X,O,O
OTZLIJS,X,X,X,X,X
OTZLISJ,X,X,X,X,X
OTZLJIS,X,X,X,X,X
OTZLJSI,X,X,X,O,X
OTZLSIJ,X,X,X,O,X
OTZLSJI,X,X,X,O,X
OTZJILS,X,X,X,X,X
OTZJISL,X,X,X,X,O
OTZJLIS,X,X,X,X,X
OTZJLSI,X,X,X,X,X
OTZJSIL,X,X,X,O,O
OTZJSLI,X,X,X,X,O
OTZSILJ,X,X,X,X,X
OTZSIJL,X,X,X,O,O
OTZSLIJ,X,X,X,X,X
OTZSLJI,X,X,X,X,X
OTZSJIL,X,X,X,O,O
OTZSJLI,X,X,X,X,O
OITLJSZ,X,X,X,X,X
OITLJZS,X,X,X,X,X
OITLSJZ,X,X,X,X,X
OITLSZJ,X,X,X,X,X
OITLZJS,X,X,X,X,X
OITLZSJ,X,X,X,X,X
OITJLSZ,X,X,X,X,X
OITJLZS,X,X,X,X,X
OITJSLZ,X,X,X,X,X
OITJSZL,X,X,X,X,X
OITJZLS,X,X,X,X,X
OITJZSL,X,X,X,X,X
OITSLJZ,X,X,X,X,X
OITSLZJ,X,X,X,X,X
OITSJLZ,X,X,X,X,X
OITSJZL,X,X,X,X,X
OITSZLJ,X,X,X,X,X
OITSZJL,X,X,X,X,X
OITZLJS,X,X,X,X,X
OITZLSJ,X,X,X,X,X
OITZJLS,X,X,X,X,X
OITZJSL,X,X,X,X,X
OITZSLJ,X,X,X,X,X
OITZSJL,X,X,X,X,X
OILTJSZ,X,X,X,X,X
OILTJZS,X,X,X,X,X
OILTSJZ,X,X,X,X,X
OILTSZJ,X,X,X,X,X
OILTZJS,X,X,X,X,X
OILTZSJ,X,X,X,X,X
OILJTSZ,X,X,X,X,X
OILJTZS,X,X,X,X,X
OILJSTZ,X,X,X,X,X
OILJSZT,X,X,X,X,X
OILJZTS,X,X,X,X,X
OILJZST,X,X,X,X,X
OILSTJZ,X,X,X,X,X
OILSTZJ,X,X,X,X,X
OILSJTZ,X,X,X,X,X
OILSJZT,X,X,X,X,X
OILSZTJ,X,X,X,X,X
OILSZJT,X,X,X,X,X
OILZTJS,X,X,X,X,X
OILZTSJ,X,X,X,X,X
OILZJTS,X,X,X,X,X
OILZJST,X,X,X,X,X
OILZSTJ,X,X,X,X,X
OILZSJT,X,X,X,X,X
OIJTLSZ,X,X,X,X,X
OIJTLZS,X,X,X,X,X
OIJTSLZ,X,X,X,X,X
OIJTSZL,X,X,X,X,X
OIJTZLS,X,X,X,X,X
OIJTZSL,X,X,X,X,X
OIJLTSZ,X,X,X,X,X
OIJLTZS,X,X,X,X,X
OIJLSTZ,X,X,X,X,X
OIJLSZT,X,X,X,X,X
OIJLZTS,X,X,X,X,X
OIJLZST,X,X,X,X,X
OIJSTLZ,X,X,X,X,X
OIJSTZL,X,X,X,X,X
OIJSLTZ,X,X,X,X,X
OIJSLZT,X,X,X,X,X
OIJSZTL,X,X,X,X,X
OIJSZLT,X,X,X,X,X
OIJZTLS,X,X,X,X,X
OIJZTSL,X,X,X,X,X
OIJZLTS,X,X,X,X,X
OIJZLST,X,X,X,X,X
OIJZSTL,X,X,X,X,X
OIJZSLT,X,X,X,X,X
OISTLJZ,X,X,X,X,X
OISTLZJ,X,X,X,X,X
OISTJLZ,X,X,X,X,X
OISTJZL,X,X,X,X,X
OISTZLJ,X,X,X,X,X
OISTZJL,X,X,X,X,X
OISLTJZ,X,X,X,X,X
OISLTZJ,X,X,X,X,X
OISLJTZ,X,X,X,X,X
OISLJZT,X,X,X,X,X
OISLZTJ,X,X,X,X,X
OISLZJT,X,X,X,X,X
OISJTLZ,X,X,X,X,X
OISJTZL,X,X,X,X,X
OISJLTZ,X,X,X,X,X
OISJLZT,X,X,X,X,X
OISJZTL,X,X,X,X,X
OISJZLT,X,X,X,X,X
OISZTLJ,X,X,X,X,X
OISZTJL,X,X,X,X,X
OISZLTJ,X,X,X,X,X
OISZLJT,X,X,X,X,X
OISZJTL,X,X,X,X,X
OISZJLT,X,X,X,X,X
OIZTLJS,X,X,X,X,X
OIZTLSJ,X,X,X,X,X
OIZTJLS,X,X,X,X,X
OIZTJSL,X,X,X,X,X
OIZTSLJ,X,X,X,X,X
OIZTSJL,X,X,X,X,X
OIZLTJS,X,X,X,X,X
OIZLTSJ,X,X,X,X,X
OIZLJTS,X,X,X,X,X
OIZLJST,X,X,X,X,X
OIZLSTJ,X,X,X,X,X
OIZLSJT,X,X,X,X,X
OIZJTLS,X,X,X,X,X
OIZJTSL,X,X,X,X,X
OIZJLTS,X,X,X,X,X
OIZJLST,X,X,X,X,X
OIZJSTL,X,X,X,X,X
OIZJSLT,X,X,X,X,X
OIZSTLJ,X,X,X,X,X
OIZSTJL,X,X,X,X,X
OIZSLTJ,X,X,X,X,X
OIZSLJT,X,X,X,X,X
OIZSJTL,X,X,X,X,X
OIZSJLT,X,X,X,X,X
OLTIJSZ,X,X,X,X,X
OLTIJZS,X,X,X,X,X
OLTISJZ,X,X,X,X,X
OLTISZJ,X,X,X,X,X
OLTIZJS,X,X,X,X,X
OLTIZSJ,X,X,X,X,X
OLTJISZ,X,X,X,X,X
OLTJIZS,X,X,X,X,X
OLTJSIZ,X,X,O,X,X
OLTJSZI,X,X,X,X,X
OLTJZIS,X,X,X,X,X
OLTJZSI,X,X,O,X,X
OLTSIJZ,X,X,O,X,X
OLTSIZJ,X,X,X,O,X
OLTSJIZ,X,X,X,X,X
OLTSJZI,X,X,X,X,X
OLTSZIJ,X,X,X,O,X
OLTSZJI,X,X,X,O,X
OLTZIJS,X,X,X,X,X
OLTZISJ,X,X,X,X,X
OLTZJIS,X,X,X,X,X
OLTZJSI,X,X,X,O,X
OLTZSIJ,X,X,X,O,X
OLTZSJI,X,X,X,O,X
OLITJSZ,X,X,X,X,X
OLITJZS,X,X,X,X,X
OLITSJZ,X,X,X,X,X
OLITSZJ,X,X,X,X,X
OLITZJS,X,X,X,X,X
OLITZSJ,X,X,X,X,X
OLIJTSZ,X,X,X,X,X
OLIJTZS,X,X,X,X,X
OLIJSTZ,X,X,X,X,X
OLIJSZT,X,X,X,X,X
OLIJZTS,X,O,X,X,X
OLIJZST,X,X,X,X,X
OLISTJZ,X,X,X,X,X
OLISTZJ,X,X,X,X,X
OLISJTZ,X,X,X,X,X
OLISJZT,X,X,X,X,X
OLISZTJ,X,X,X,X,X
OLISZJT,X,X,X,X,X
OLIZTJS,X,O,X,X,X
OLIZTSJ,X,X,X,X,X
OLIZJTS,X,O,X,X,X
OLIZJST,X,X,X,X,X
OLIZSTJ,X,X,X,X,X
OLIZSJT,X,X,X,X,X
OLJTISZ,X,X,X,X,X
OLJTIZS,X,X,X,X,X
OLJTSIZ,X,X,O,X,X
OLJTSZI,O,X,X,X,X
OLJTZIS,O,X,X,X,X
OLJTZSI,O,X,O,X,X
OLJITSZ,X,X,X,X,X
OLJITZS,X,X,X,X,X
OLJISTZ,X,X,X,X,X
OLJISZT,X,X,X,X,X
OLJIZTS,X,O,X,X,X
OLJIZST,X,X,X,X,X
OLJSTIZ,X,X,O,X,X
OLJSTZI,X,X,X,X,X
OLJSITZ,X,X,O,X,X
OLJSIZT,X,X,O,X,X
OLJSZTI,X,X,X,X,X
OLJSZIT,O,X,X,X,X
OLJZTIS,O,O,X,X,X
OLJZTSI,O,X,O,X,X
OLJZITS,O,O,X,X,X
OLJZIST,O,X,X,X,X
OLJZSTI,X,X,O,X,X
OLJZSIT,O,X,O,X,X
OLSTIJZ,X,X,O,X,X
OLSTIZJ,X,X,X,O,X
OLSTJIZ,X,X,X,X,X
OLSTJZI,X,X,X,X,X
OLSTZIJ,X,X,X,O,X
OLSTZJI,X,X,X,O,X
OLSITJZ,X,X,O,X,X
OLSITZJ,X,X,X,X,X
OLSIJTZ,X,X,O,X,X
OLSIJZT,X,X,O,X,X
OLSIZTJ,X,X,X,X,X
OLSIZJT,X,X,X,O,X
OLSJTIZ,X,X,X,X,X
OLSJTZI,X,X,X,X,X
OLSJITZ,X,X,X,X,X
OLSJIZT,X,X,X,X,X
OLSJZTI,X,X,X,X,X
OLSJZIT,X,X,X,X,X
OLSZTIJ,X,X,X,O,X
OLSZTJI,X,X,X,O,X
OLSZITJ,O,X,X,X,X
OLSZIJT,O,X,X,O,X
OLSZJTI,X,X,X,O,X
OLSZJIT,X,X,X,O,X
OLZTIJS,X,O,X,X,X
OLZTISJ,X,X,X,X,X
OLZTJIS,X,O,X,X,X
OLZTJSI,X,X,X,O,X
OLZTSIJ,X,X,X,O,X
OLZTSJI,X,X,X,O,X
OLZITJS,X,O,X,X,X
OLZITSJ,X,X,X,X,X
OLZIJTS,O,O,X,X,X
OLZIJST,O,X,X,X,X
OLZISTJ,O,X,X,X,X
OLZISJT,O,X,X,X,X
OLZJTIS,O,O,X,X,X
OLZJTSI,O,X,X,O,X
OLZJITS,O,O,X,X,X
OLZJIST,O,X,X,X,X
OLZJSTI,X,X,X,O,X
OLZJSIT,O,X,X,O,X
OLZSTIJ,X,X,X,O,X
OLZSTJI,X,X,X,O,X
OLZSITJ,O,X,X,X,X
OLZSIJT,O,X,X,O,X
OLZSJTI,X,X,X,O,X
OLZSJIT,X,X,X,O,X
OJTILSZ,X,X,X,X,X
OJTILZS,X,X,X,X,X
OJTISLZ,X,X,O,X,X
OJTISZL,X,X,X,X,X
OJTIZLS,X,X,X,X,X
OJTIZSL,X,X,X,X,X
OJTLISZ,X,X,X,X,X
OJTLIZS,X,X,X,X,X
OJTLSIZ,X,X,O,X,X
OJTLSZI,O,X,X,X,X
OJTLZIS,O,X,X,X,X
OJTLZSI,O,X,O,X,X
OJTSILZ,X,X,O,X,X
OJTSIZL,X,X,X,X,X
OJTSLIZ,X,X,O,X,X
OJTSLZI,O,X,X,X,X
OJTSZIL,O,X,X,X,X
OJTSZLI,O,X,X,X,X
OJTZILS,O,X,X,X,X
OJTZISL,X,X,X,X,X
OJTZLIS,O,X,X,X,X
OJTZLSI,O,X,O,X,X
OJTZSIL,O,X,O,X,X
OJTZSLI,O,X,O,X,X
OJITLSZ,X,X,X,X,X
OJITLZS,X,X,X,X,X
OJITSLZ,X,X,X,X,X
OJITSZL,X,X,X,X,X
OJITZLS,X,X,X,X,X
OJITZSL,X,X,X,X,X
OJILTSZ,X,X,X,X,X
OJILTZS,X,X,X,X,X
OJILSTZ,X,X,X,X,X
OJILSZT,X,X,X,X,X
OJILZTS,X,O,X,X,X
OJILZST,X,X,X,X,X
OJISTLZ,X,X,X,X,X
OJISTZL,X,X,X,X,X
OJISLTZ,X,X,X,X,X
OJISLZT,X,X,X,X,X
OJISZTL,X,X,X,X,X
OJISZLT,X,X,X,X,X
OJIZTLS,X,O,X,X,X
OJIZTSL,X,X,X,X,X
OJIZLTS,X,O,X,X,X
OJIZLST,X,X,X,X,X
OJIZSTL,X,X,X,X,X
OJIZSLT,X,X,X,X,X
OJLTISZ,X,X,X,X,X
OJLTIZS,X,X,X,X,X
OJLTSIZ,X,X,O,X,X
OJLTSZI,O,X,X,X,X
OJLTZIS,O,X,X,X,X
OJLTZSI,O,X,O,X,X
OJLITSZ,X,X,X,X,X
OJLITZS,X,X,X,X,X
OJLISTZ,X,X,X,X,X
OJLISZT,X,X,X,X,X
OJLIZTS,X,O,X,X,X
OJLIZST,X,X,X,X,X
OJLSTIZ,X,X,O,X,X
OJLSTZI,X,X,X,X,X
OJLSITZ,X,X,O,X,X
OJLSIZT,X,X,O,X,X
OJLSZTI,X,X,X,X,X
OJLSZIT,O,X,X,X,X
OJLZTIS,O,O,X,X,X
OJLZTSI,O,X,O,X,X
OJLZITS,O,O,X,X,X
OJLZIST,O,X,X,X,X
OJLZSTI,X,X,O,X,X
OJLZSIT,O,X,O,X,X
OJSTILZ,X,X,O,X,X
OJSTIZL,X,X,X,X,X
OJSTLIZ,X,X,O,X,X
OJSTLZI,O,X,X,X,X
OJSTZIL,O,X,X,X,X
OJSTZLI,O,X,X,X,X
OJSITLZ,X,X,X,X,X
OJSITZL,X,X,X,X,X
OJSILTZ,X,X,O,X,X
OJSILZT,X,X,O,X,X
OJSIZTL,X,X,X,X,X
OJSIZLT,X,X,X,X,X
OJSLTIZ,X,X,O,X,X
OJSLTZI,X,X,X,X,X
OJSLITZ,X,X,O,X,X
OJSLIZT,X,X,O,X,X
OJSLZTI,X,X,X,X,X
OJSLZIT,O,X,X,X,X
OJSZTIL,O,X,X,X,X
OJSZTLI,O,X,X,X,X
OJSZITL,O,X,X,X,X
OJSZILT,O,X,X,X,X
OJSZLTI,X,X,X,X,X
OJSZLIT,O,X,X,X,X
OJZTILS,O,O,X,X,X
OJZTISL,X,X,X,X,X
OJZTLIS,O,O,X,X,X
OJZTLSI,O,X,O,X,X
OJZTSIL,O,X,O,X,X
OJZTSLI,O,X,O,X,X
OJZITLS,O,O,X,X,X
OJZITSL,X,X,X,X,X
OJZILTS,O,O,X,X,X
OJZILST,O,X,X,X,X
OJZISTL,O,X,X,X,X
OJZISLT,O,X,X,X,X
OJZLTIS,O,O,X,X,X
OJZLTSI,O,X,O,X,X
OJZLITS,O,O,X,X,X
OJZLIST,O,X,X,X,X
OJZLSTI,X,X,O,X,X
OJZLSIT,O,X,O,X,X
OJZSTIL,O,X,O,X,X
OJZSTLI,O,X,O,X,X
OJZSITL,O,X,X,X,X
OJZSILT,O,X,O,X,X
OJZSLTI,X,X,O,X,X
OJZSLIT,O,X,O,X,X
OSTILJZ,X,X,O,X,X
OSTILZJ,X,X,X,O,X
OSTIJLZ,X,X,O,X,X
OSTIJZL,X,X,X,X,X
OSTIZLJ,X,X,X,X,X
OSTIZJL,X,X,X,O,O
OSTLIJZ,X,X,O,X,X
OSTLIZJ,X,X,X,O,X
OSTLJIZ,X,X,X,X,X
OSTLJZI,X,X,X,X,X
OSTLZIJ,O,X,X,O,X
OSTLZJI,X,X,X,O,X
OSTJILZ,X,X,O,X,X
OSTJIZL,X,X,X,X,X
OSTJLIZ,X,X,O,X,X
OSTJLZI,X,X,X,X,X
OSTJZIL,X,X,X,X,X
OSTJZLI,X,X,X,X,X
OSTZILJ,O,X,X,X,X
OSTZIJL,X,X,X,O,O
OSTZLIJ,O,X,X,X,X
OSTZLJI,X,X,X,X,X
OSTZJIL,X,X,X,O,O
OSTZJLI,X,X,X,X,O
OSITLJZ,X,X,X,X,X
OSITLZJ,X,X,X,X,X
OSITJLZ,X,X,X,X,X
OSITJZL,X,X,X,X,X
OSITZLJ,X,X,X,X,X
OSITZJL,X,X,X,X,X
OSILTJZ,X,X,O,X,X
OSILTZJ,X,X,X,X,X
OSILJTZ,X,X,O,X,X
OSILJZT,X,X,O,X,X
OSILZTJ,X,X,X,X,X
OSILZJT,X,X,X,O,X
OSIJTLZ,X,X,X,X,X
OSIJTZL,X,X,X,X,X
OSIJLTZ,X,X,O,X,X
OSIJLZT,X,X,O,X,X
OSIJZTL,X,X,X,X,X
OSIJZLT,X,X,X,X,X
OSIZTLJ,X,X,X,X,X
OSIZTJL,X,X,X,X,X
OSIZLTJ,X,X,X,X,X
OSIZLJT,X,X,X,X,X
OSIZJTL,X,X,X,O,X
OSIZJLT,X,X,X,X,X
OSLTIJZ,X,X,O,X,X
OSLTIZJ,X,X,X,O,X
OSLTJIZ,X,X,X,X,X
OSLTJZI,X,X,X,X,X
OSLTZIJ,X,X,X,O,X
OSLTZJI,X,X,X,O,X
OSLITJZ,X,X,O,X,X
OSLITZJ,X,X,X,X,X
OSLIJTZ,X,X,O,X,X
OSLIJZT,X,X,O,X,X
OSLIZTJ,X,X,X,X,X
OSLIZJT,X,X,X,O,X
OSLJTIZ,X,X,X,X,X
OSLJTZI,X,X,X,X,X
OSLJITZ,X,X,X,X,X
OSLJIZT,X,X,X,X,X
OSLJZTI,X,X,X,X,X
OSLJZIT,X,X,X,X,X
OSLZTIJ,X,X,X,O,X
OSLZTJI,X,X,X,O,X
OSLZITJ,O,X,X,X,X
OSLZIJT,O,X,X,O,X
OSLZJTI,X,X,X,O,X
OSLZJIT,X,X,X,O,X
OSJTILZ,X,X,O,X,X
OSJTIZL,X,X,X,X,X
OSJTLIZ,X,X,O,X,X
OSJTLZI,O,X,X,X,X
OSJTZIL,O,X,X,X,X
OSJTZLI,O,X,X,X,X
OSJITLZ,X,X,X,X,X
OSJITZL,X,X,X,X,X
OSJILTZ,X,X,O,X,X
OSJILZT,X,X,O,X,X
OSJIZTL,X,X,X,X,X
OSJIZLT,X,X,X,X,X
OSJLTIZ,X,X,O,X,X
OSJLTZI,X,X,X,X,X
OSJLITZ,X,X,O,X,X
OSJLIZT,X,X,O,X,X
OSJLZTI,X,X,X,X,X
OSJLZIT,O,X,X,X,X
OSJZTIL,O,X,X,X,X
OSJZTLI,O,X,X,X,X
OSJZITL,O,X,X,X,X
OSJZILT,O,X,X,X,X
OSJZLTI,X,X,X,X,X
OSJZLIT,O,X,X,X,X
OSZTILJ,O,X,X,X,X
OSZTIJL,X,X,X,O,O
OSZTLIJ,O,X,X,X,X
OSZTLJI,X,X,X,X,X
OSZTJIL,X,X,X,O,O
OSZTJLI,X,X,X,X,O
OSZITLJ,O,X,X,X,X
OSZITJL,X,X,X,X,X
OSZILTJ,O,X,X,X,X
OSZILJT,O,X,X,X,X
OSZIJTL,O,X,X,O,X
OSZIJLT,O,X,X,X,X
OSZLTIJ,X,X,X,X,X
OSZLTJI,X,X,X,X,X
OSZLITJ,O,X,X,X,X
OSZLIJT,O,X,X,X,X
OSZLJTI,X,X,X,X,X
OSZLJIT,X,X,X,X,X
OSZJTIL,O,X,X,O,O
OSZJTLI,O,X,X,X,O
OSZJITL,O,X,X,O,X
OSZJILT,O,X,X,X,X
OSZJLTI,X,X,X,X,X
OSZJLIT,O,X,X,X,X
OZTILJS,X,X,X,X,X
OZTILSJ,X,X,X,X,X
OZTIJLS,X,X,X,X,X
OZTIJSL,X,X,X,X,O
OZTISLJ,X,X,X,X,X
OZTISJL,X,X,X,O,O
OZTLIJS,X,O,X,X,X
OZTLISJ,X,X,X,X,X
OZTLJIS,X,O,X,X,X
OZTLJSI,X,X,X,O,X
OZTLSIJ,X,X,X,O,X
OZTLSJI,X,X,X,O,X
OZTJILS,X,X,X,X,X
OZTJISL,X,X,X,X,O
OZTJLIS,X,X,X,X,X
OZTJLSI,X,X,X,X,X
OZTJSIL,X,X,X,O,O
OZTJSLI,X,X,X,X,O
OZTSILJ,X,X,X,X,X
OZTSIJL,X,X,X,O,O
OZTSLIJ,X,X,X,X,X
OZTSLJI,X,X,X,X,X
OZTSJIL,X,X,X,O,O
OZTSJLI,X,X,X,X,O
OZITLJS,X,X,X,X,X
OZITLSJ,X,X,X,X,X
OZITJLS,X,X,X,X,X
OZITJSL,X,X,X,X,X
OZITSLJ,X,X,X,X,X
OZITSJL,X,X,X,X,X
OZILTJS,X,X,X,X,X
OZILTSJ,X,X,X,X,X
OZILJTS,O,X,X,X,X
OZILJST,O,X,X,X,X
OZILSTJ,O,X,X,X,X
OZILSJT,O,X,X,X,X
OZIJTLS,O,X,X,X,X
OZIJTSL,X,X,X,X,X
OZIJLTS,O,X,X,X,X
OZIJLST,O,X,X,X,X
OZIJSTL,O,X,X,X,X
OZIJSLT,O,X,X,X,X
OZISTLJ,O,X,X,X,X
OZISTJL,X,X,X,X,X
OZISLTJ,O,X,X,X,X
OZISLJT,O,X,X,X,X
OZISJTL,O,X,X,X,X
OZISJLT,O,X,X,X,X
OZLTIJS,X,O,X,X,X
OZLTISJ,X,X,X,X,X
OZLTJIS,X,O,X,X,X
OZLTJSI,X,X,X,O,X
OZLTSIJ,X,X,X,O,X
OZLTSJI,X,X,X,O,X
OZLITJS,X,O,X,X,X
OZLITSJ,X,X,X,X,X
OZLIJTS,O,O,X,X,X
OZLIJST,O,X,X,X,X
OZLISTJ,O,X,X,X,X
OZLISJT,O,X,X,X,X
OZLJTIS,O,O,X,X,X
OZLJTSI,O,X,X,O,X
OZLJITS,O,O,X,X,X
OZLJIST,O,X,X,X,X
OZLJSTI,X,X,X,O,X
OZLJSIT,O,X,X,O,X
OZLSTIJ,X,X,X,O,X
OZLSTJI,X,X,X,O,X
OZLSITJ,O,X,X,X,X
OZLSIJT,O,X,X,O,X
OZLSJTI,X,X,X,O,X
OZLSJIT,X,X,X,O,X
OZJTILS,O,O,X,X,X
OZJTISL,X,X,X,X,O
OZJTLIS,O,O,X,X,X
OZJTLSI,O,X,X,X,X
OZJTSIL,O,X,X,O,O
OZJTSLI,O,X,X,X,O
OZJITLS,O,O,X,X,X
OZJITSL,X,X,X,X,X
OZJILTS,O,O,X,X,X
OZJILST,O,X,X,X,X
OZJISTL,O,X,X,X,X
OZJISLT,O,X,X,X,X
OZJLTIS,O,O,X,X,X
OZJLTSI,O,X,X,X,X
OZJLITS,O,O,X,X,X
OZJLIST,O,X,X,X,X
OZJLSTI,X,X,X,X,X
OZJLSIT,O,X,X,X,X
OZJSTIL,O,X,X,O,O
OZJSTLI,O,X,X,X,O
OZJSITL,O,X,X,O,X
OZJSILT,O,X,X,X,X
OZJSLTI,X,X,X,X,X
OZJSLIT,O,X,X,X,X
OZSTILJ,O,X,X,X,X
OZSTIJL,X,X,X,O,O
OZSTLIJ,O,X,X,X,X
OZSTLJI,X,X,X,X,X
OZSTJIL,X,X,X,O,O
OZSTJLI,X,X,X,X,O
OZSITLJ,O,X,X,X,X
OZSITJL,X,X,X,X,X
OZSILTJ,O,X,X,X,X
OZSILJT,O,X,X,X,X
OZSIJTL,O,X,X,O,X
OZSIJLT,O,X,X,X,X
OZSLTIJ,X,X,X,X,X
OZSLTJI,X,X,X,X,X
OZSLITJ,O,X,X,X,X
OZSLIJT,O,X,X,X,X
OZSLJTI,X,X,X,X,X
OZSLJIT,X,X,X,X,X
OZSJTIL,O,X,X,O,O
OZSJTLI,O,X,X,X,O
OZSJITL,O,X,X,O,X
OZSJILT,O,X,X,X,X
OZSJLTI,X,X,X,X,X
OZSJLIT,O,X,X,X,X
