sequence,v115@zgC8CeA8CeC8CeA8CeB8CeB8AeE8AeI8AeF8JeCDJv?hFzYBpUBsQBOQBllB3hB,v115@zgC8CeA8CeC8CeA8CeB8CeB8AeE8AeI8AeF8JeCDJv?hFzYBpUBsQBOQB3XBlWB
TILJSZO,X,X
TILJSOZ,X,X
TILJZSO,X,X
TILJZOS,X,X
TILJOSZ,X,X
TILJOZS,X,X
TILSJZO,X,X
TILSJOZ,X,X
TILSZJO,X,X
TILSZOJ,X,X
TILSOJZ,X,X
TILSOZJ,X,X
TILZJSO,X,X
TILZJOS,X,X
TILZSJO,X,X
TILZSOJ,X,X
TILZOJS,X,X
TILZOSJ,X,X
TILOJSZ,X,X
TILOJZS,X,X
TILOSJZ,X,X
TILOSZJ,X,X
TILOZJS,X,X
TILOZSJ,X,X
TIJLSZO,X,X
TIJLSOZ,X,X
TIJLZSO,X,X
TIJLZOS,X,X
TIJLOSZ,X,X
TIJLOZS,X,X
TIJSLZO,X,X
TIJSLOZ,X,X
TIJSZLO,X,X
TIJSZOL,X,X
TIJSOLZ,X,X
TIJSOZL,X,X
TIJZLSO,X,X
TIJZLOS,X,X
TIJZSLO,X,X
TIJZSOL,X,X
TIJZOLS,X,X
TIJZOSL,X,X
TIJOLSZ,X,X
TIJOLZS,X,X
TIJOSLZ,X,X
TIJOSZL,X,X
TIJOZLS,X,X
TIJOZSL,X,X
TISLJZO,X,X
TISLJOZ,X,X
TISLZJO,X,X
TISLZOJ,X,X
TISLOJZ,X,X
TISLOZJ,X,X
TISJLZO,X,X
TISJLOZ,X,X
TISJZLO,X,X
TISJZOL,X,X
TISJOLZ,X,X
TISJOZL,X,X
TISZLJO,X,X
TISZLOJ,X,X
TISZJLO,X,X
TISZJOL,X,X
TISZOLJ,X,X
TISZOJL,X,X
TISOLJZ,X,X
TISOLZJ,X,X
TISOJLZ,X,X
TISOJZL,X,X
TISOZLJ,X,X
TISOZJL,X,X
TIZLJSO,X,X
TIZLJOS,X,X
TIZLSJO,X,X
TIZLSOJ,X,X
TIZLOJS,X,X
TIZLOSJ,X,X
TIZJLSO,X,X
TIZJLOS,X,X
TIZJSLO,X,X
TIZJSOL,X,X
TIZJOLS,X,X
TIZJOSL,X,X
TIZSLJO,X,X
TIZSLOJ,X,X
TIZSJLO,X,X
TIZSJOL,X,X
TIZSOLJ,X,X
TIZSOJL,X,X
TIZOLJS,X,X
TIZOLSJ,X,X
TIZOJLS,X,X
TIZOJSL,X,X
TIZOSLJ,X,X
TIZOSJL,X,X
TIOLJSZ,X,X
TIOLJZS,X,X
TIOLSJZ,X,X
TIOLSZJ,X,X
TIOLZJS,X,X
TIOLZSJ,X,X
TIOJLSZ,X,X
TIOJLZS,X,X
TIOJSLZ,X,X
TIOJSZL,X,X
TIOJZLS,X,X
TIOJZSL,X,X
TIOSLJZ,X,X
TIOSLZJ,X,X
TIOSJLZ,X,X
TIOSJZL,X,X
TIOSZLJ,X,X
TIOSZJL,X,X
TIOZLJS,X,X
TIOZLSJ,X,X
TIOZJLS,X,X
TIOZJSL,X,X
TIOZSLJ,X,X
TIOZSJL,X,X
TLIJSZO,O,O
TLIJSOZ,O,O
TLIJZSO,O,O
TLIJZOS,O,O
TLIJOSZ,O,O
TLIJOZS,O,O
TLISJZO,O,O
TLISJOZ,O,O
TLISZJO,O,O
TLISZOJ,O,O
TLISOJZ,O,O
TLISOZJ,O,O
TLIZJSO,O,O
TLIZJOS,O,O
TLIZSJO,O,O
TLIZSOJ,O,O
TLIZOJS,O,O
TLIZOSJ,O,O
TLIOJSZ,O,O
TLIOJZS,O,O
TLIOSJZ,O,O
TLIOSZJ,O,O
TLIOZJS,O,O
TLIOZSJ,O,O
TLJISZO,O,O
TLJISOZ,O,O
TLJIZSO,O,O
TLJIZOS,O,O
TLJIOSZ,O,O
TLJIOZS,O,O
TLJSIZO,O,O
TLJSIOZ,O,O
TLJSZIO,O,O
TLJSZOI,O,O
TLJSOIZ,O,O
TLJSOZI,O,O
TLJZISO,O,O
TLJZIOS,O,O
TLJZSIO,O,O
TLJZSOI,O,O
TLJZOIS,O,O
TLJZOSI,O,O
TLJOISZ,O,O
TLJOIZS,O,O
TLJOSIZ,O,O
TLJOSZI,O,O
TLJOZIS,O,O
TLJOZSI,O,O
TLSIJZO,O,O
TLSIJOZ,O,O
TLSIZJO,O,O
TLSIZOJ,O,O
TLSIOJZ,O,O
TLSIOZJ,O,O
TLSJIZO,O,O
TLSJIOZ,O,O
TLSJZIO,O,O
TLSJZOI,O,O
TLSJOIZ,O,O
TLSJOZI,O,O
TLSZIJO,O,O
TLSZIOJ,O,O
TLSZJIO,O,O
TLSZJOI,O,O
TLSZOIJ,O,O
TLSZOJI,O,O
TLSOIJZ,O,O
TLSOIZJ,O,O
TLSOJIZ,O,O
TLSOJZI,O,O
TLSOZIJ,O,O
TLSOZJI,O,O
TLZIJSO,O,O
TLZIJOS,O,O
TLZISJO,O,O
TLZISOJ,O,O
TLZIOJS,O,O
TLZIOSJ,O,O
TLZJISO,O,O
TLZJIOS,O,O
TLZJSIO,O,O
TLZJSOI,O,O
TLZJOIS,O,O
TLZJOSI,O,O
TLZSIJO,O,O
TLZSIOJ,O,O
TLZSJIO,O,O
TLZSJOI,O,O
TLZSOIJ,O,O
TLZSOJI,O,O
TLZOIJS,O,O
TLZOISJ,O,O
TLZOJIS,O,O
TLZOJSI,O,O
TLZOSIJ,O,O
TLZOSJI,O,O
TLOIJSZ,O,O
TLOIJZS,O,O
TLOISJZ,O,O
TLOISZJ,O,O
TLOIZJS,O,O
TLOIZSJ,O,O
TLOJISZ,O,O
TLOJIZS,O,O
TLOJSIZ,O,O
TLOJSZI,O,O
TLOJZIS,O,O
TLOJZSI,O,O
TLOSIJZ,O,O
TLOSIZJ,O,O
TLOSJIZ,O,O
TLOSJZI,O,O
TLOSZIJ,O,O
TLOSZJI,O,O
TLOZIJS,O,O
TLOZISJ,O,O
TLOZJIS,O,O
TLOZJSI,O,O
TLOZSIJ,O,O
TLOZSJI,O,O
TJILSZO,X,X
TJILSOZ,X,X
TJILZSO,X,X
TJILZOS,X,X
TJILOSZ,X,X
TJILOZS,X,X
TJISLZO,X,X
TJISLOZ,X,X
TJISZLO,X,X
TJISZOL,X,X
TJISOLZ,X,X
TJISOZL,X,X
TJIZLSO,X,X
TJIZLOS,X,X
TJIZSLO,X,X
TJIZSOL,X,X
TJIZOLS,X,X
TJIZOSL,X,X
TJIOLSZ,X,X
TJIOLZS,X,X
TJIOSLZ,X,X
TJIOSZL,X,X
TJIOZLS,X,X
TJIOZSL,X,X
TJLISZO,O,O
TJLISOZ,O,O
TJLIZSO,O,O
TJLIZOS,O,O
TJLIOSZ,O,O
TJLIOZS,O,O
TJLSIZO,O,O
TJLSIOZ,O,O
TJLSZIO,O,O
TJLSZOI,O,O
TJLSOIZ,O,O
TJLSOZI,O,O
TJLZISO,O,O
TJLZIOS,O,O
TJLZSIO,O,O
TJLZSOI,O,O
TJLZOIS,O,O
TJLZOSI,O,O
TJLOISZ,O,O
TJLOIZS,O,O
TJLOSIZ,O,O
TJLOSZI,O,O
TJLOZIS,O,O
TJLOZSI,O,O
TJSILZO,X,X
TJSILOZ,X,X
TJSIZLO,X,X
TJSIZOL,X,X
TJSIOLZ,X,X
TJSIOZL,X,X
TJSLIZO,X,O
TJSLIOZ,X,O
TJSLZIO,X,O
TJSLZOI,X,O
TJSLOIZ,X,O
TJSLOZI,X,O
TJSZILO,X,X
TJSZIOL,X,X
TJSZLIO,X,O
TJSZLOI,X,O
TJSZOIL,X,X
TJSZOLI,X,X
TJSOILZ,X,X
TJSOIZL,X,X
TJSOLIZ,X,X
TJSOLZI,X,X
TJSOZIL,X,X
TJSOZLI,X,X
TJZILSO,X,X
TJZILOS,X,X
TJZISLO,X,X
TJZISOL,X,X
TJZIOLS,X,X
TJZIOSL,X,X
TJZLISO,O,O
TJZLIOS,O,O
TJZLSIO,O,O
TJZLSOI,O,O
TJZLOIS,O,O
TJZLOSI,O,O
TJZSILO,X,X
TJZSIOL,X,X
TJZSLIO,X,O
TJZSLOI,X,O
TJZSOIL,X,X
TJZSOLI,X,X
TJZOILS,X,X
TJZOISL,X,X
TJZOLIS,X,X
TJZOLSI,X,X
TJZOSIL,X,X
TJZOSLI,X,X
TJOILSZ,X,X
TJOILZS,X,X
TJOISLZ,X,X
TJOISZL,X,X
TJOIZLS,X,X
TJOIZSL,X,X
TJOLISZ,X,X
TJOLIZS,X,X
TJOLSIZ,X,X
TJOLSZI,X,X
TJOLZIS,X,X
TJOLZSI,X,X
TJOSILZ,X,X
TJOSIZL,X,X
TJOSLIZ,X,X
TJOSLZI,X,X
TJOSZIL,X,X
TJOSZLI,X,X
TJOZILS,X,X
TJOZISL,X,X
TJOZLIS,X,X
TJOZLSI,X,X
TJOZSIL,X,X
TJOZSLI,X,X
TSILJZO,X,X
TSILJOZ,X,X
TSILZJO,X,X
TSILZOJ,X,X
TSILOJZ,X,X
TSILOZJ,X,X
TSIJLZO,X,X
TSIJLOZ,X,X
TSIJZLO,X,X
TSIJZOL,X,X
TSIJOLZ,X,X
TSIJOZL,X,X
TSIZLJO,X,X
TSIZLOJ,X,X
TSIZJLO,X,X
TSIZJOL,X,X
TSIZOLJ,X,X
TSIZOJL,X,X
TSIOLJZ,X,X
TSIOLZJ,X,X
TSIOJLZ,X,X
TSIOJZL,X,X
TSIOZLJ,X,X
TSIOZJL,X,X
TSLIJZO,X,O
TSLIJOZ,X,O
TSLIZJO,X,O
TSLIZOJ,X,O
TSLIOJZ,X,O
TSLIOZJ,X,O
TSLJIZO,X,O
TSLJIOZ,X,O
TSLJZIO,X,O
TSLJZOI,X,O
TSLJOIZ,X,O
TSLJOZI,X,O
TSLZIJO,X,O
TSLZIOJ,X,O
TSLZJIO,X,O
TSLZJOI,X,O
TSLZOIJ,X,O
TSLZOJI,X,O
TSLOIJZ,X,O
TSLOIZJ,X,O
TSLOJIZ,X,O
TSLOJZI,X,O
TSLOZIJ,X,O
TSLOZJI,X,O
TSJILZO,X,X
TSJILOZ,X,X
TSJIZLO,X,X
TSJIZOL,X,X
TSJIOLZ,X,X
TSJIOZL,X,X
TSJLIZO,X,O
TSJLIOZ,X,O
TSJLZIO,X,O
TSJLZOI,X,O
TSJLOIZ,X,O
TSJLOZI,X,O
TSJZILO,X,X
TSJZIOL,X,X
TSJZLIO,X,O
TSJZLOI,X,O
TSJZOIL,X,X
TSJZOLI,X,X
TSJOILZ,X,X
TSJOIZL,X,X
TSJOLIZ,X,X
TSJOLZI,X,X
TSJOZIL,X,X
TSJOZLI,X,X
TSZILJO,X,X
TSZILOJ,X,X
TSZIJLO,X,X
TSZIJOL,X,X
TSZIOLJ,X,X
TSZIOJL,X,X
TSZLIJO,X,O
TSZLIOJ,X,O
TSZLJIO,X,O
TSZLJOI,X,O
TSZLOIJ,X,O
TSZLOJI,X,O
TSZJILO,X,X
TSZJIOL,X,X
TSZJLIO,X,O
TSZJLOI,X,O
TSZJOIL,X,X
TSZJOLI,X,X
TSZOILJ,X,X
TSZOIJL,X,X
TSZOLIJ,X,X
TSZOLJI,X,X
TSZOJIL,X,X
TSZOJLI,X,X
TSOILJZ,X,X
TSOILZJ,X,X
TSOIJLZ,X,X
TSOIJZL,X,X
TSOIZLJ,X,X
TSOIZJL,X,X
TSOLIJZ,X,X
TSOLIZJ,X,X
TSOLJIZ,X,X
TSOLJZI,X,X
TSOLZIJ,X,X
TSOLZJI,X,X
TSOJILZ,X,X
TSOJIZL,X,X
TSOJLIZ,X,X
TSOJLZI,X,X
TSOJZIL,X,X
TSOJZLI,X,X
TSOZILJ,X,X
TSOZIJL,X,X
TSOZLIJ,X,X
TSOZLJI,X,X
TSOZJIL,X,X
TSOZJLI,X,X
TZILJSO,X,X
TZILJOS,X,X
TZILSJO,X,X
TZILSOJ,X,X
TZILOJS,X,X
TZILOSJ,X,X
TZIJLSO,X,X
TZIJLOS,X,X
TZIJSLO,X,X
TZIJSOL,X,X
TZIJOLS,X,X
TZIJOSL,X,X
TZISLJO,X,X
TZISLOJ,X,X
TZISJLO,X,X
TZISJOL,X,X
TZISOLJ,X,X
TZISOJL,X,X
TZIOLJS,X,X
TZIOLSJ,X,X
TZIOJLS,X,X
TZIOJSL,X,X
TZIOSLJ,X,X
TZIOSJL,X,X
TZLIJSO,O,O
TZLIJOS,O,O
TZLISJO,O,O
TZLISOJ,O,O
TZLIOJS,O,O
TZLIOSJ,O,O
TZLJISO,O,O
TZLJIOS,O,O
TZLJSIO,O,O
TZLJSOI,O,O
TZLJOIS,O,O
TZLJOSI,O,O
TZLSIJO,O,O
TZLSIOJ,O,O
TZLSJIO,O,O
TZLSJOI,O,O
TZLSOIJ,O,O
TZLSOJI,O,O
TZLOIJS,O,O
TZLOISJ,O,O
TZLOJIS,O,O
TZLOJSI,O,O
TZLOSIJ,O,O
TZLOSJI,O,O
TZJILSO,X,X
TZJILOS,X,X
TZJISLO,X,X
TZJISOL,X,X
TZJIOLS,X,X
TZJIOSL,X,X
TZJLISO,O,O
TZJLIOS,O,O
TZJLSIO,O,O
TZJLSOI,O,O
TZJLOIS,O,O
TZJLOSI,O,O
TZJSILO,X,X
TZJSIOL,X,X
TZJSLIO,X,O
TZJSLOI,X,O
TZJSOIL,X,X
TZJSOLI,X,X
TZJOILS,X,X
TZJOISL,X,X
TZJOLIS,X,X
TZJOLSI,X,X
TZJOSIL,X,X
TZJOSLI,X,X
TZSILJO,X,X
TZSILOJ,X,X
TZSIJLO,X,X
TZSIJOL,X,X
TZSIOLJ,X,X
TZSIOJL,X,X
TZSLIJO,X,O
TZSLIOJ,X,O
TZSLJIO,X,O
TZSLJOI,X,O
TZSLOIJ,X,O
TZSLOJI,X,O
TZSJILO,X,X
TZSJIOL,X,X
TZSJLIO,X,O
TZSJLOI,X,O
TZSJOIL,X,X
TZSJOLI,X,X
TZSOILJ,X,X
TZSOIJL,X,X
TZSOLIJ,X,X
TZSOLJI,X,X
TZSOJIL,X,X
TZSOJLI,X,X
TZOILJS,X,X
TZOILSJ,X,X
TZOIJLS,X,X
TZOIJSL,X,X
TZOISLJ,X,X
TZOISJL,X,X
TZOLIJS,X,X
TZOLISJ,X,X
TZOLJIS,X,X
TZOLJSI,X,X
TZOLSIJ,X,X
TZOLSJI,X,X
TZOJILS,X,X
TZOJISL,X,X
TZOJLIS,X,X
TZOJLSI,X,X
TZOJSIL,X,X
TZOJSLI,X,X
TZOSILJ,X,X
TZOSIJL,X,X
TZOSLIJ,X,X
TZOSLJI,X,X
TZOSJIL,X,X
TZOSJLI,X,X
TOILJSZ,X,X
TOILJZS,X,X
TOILSJZ,X,X
TOILSZJ,X,X
TOILZJS,X,X
TOILZSJ,X,X
TOIJLSZ,X,X
TOIJLZS,X,X
TOIJSLZ,X,X
TOIJSZL,X,X
TOIJZLS,X,X
TOIJZSL,X,X
TOISLJZ,X,X
TOISLZJ,X,X
TOISJLZ,X,X
TOISJZL,X,X
TOISZLJ,X,X
TOISZJL,X,X
TOIZLJS,X,X
TOIZLSJ,X,X
TOIZJLS,X,X
TOIZJSL,X,X
TOIZSLJ,X,X
TOIZSJL,X,X
TOLIJSZ,X,X
TOLIJZS,X,X
TOLISJZ,X,X
TOLISZJ,X,X
TOLIZJS,X,X
TOLIZSJ,X,X
TOLJISZ,X,X
TOLJIZS,X,X
TOLJSIZ,X,X
TOLJSZI,X,X
TOLJZIS,X,X
TOLJZSI,X,X
TOLSIJZ,X,X
TOLSIZJ,X,X
TOLSJIZ,X,X
TOLSJZI,X,X
TOLSZIJ,X,X
TOLSZJI,X,X
TOLZIJS,X,X
TOLZISJ,X,X
TOLZJIS,X,X
TOLZJSI,X,X
TOLZSIJ,X,X
TOLZSJI,X,X
TOJILSZ,X,X
TOJILZS,X,X
TOJISLZ,X,X
TOJISZL,X,X
TOJIZLS,X,X
TOJIZSL,X,X
TOJLISZ,X,X
TOJLIZS,X,X
TOJLSIZ,X,X
TOJLSZI,X,X
TOJLZIS,X,X
TOJLZSI,X,X
TOJSILZ,X,X
TOJSIZL,X,X
TOJSLIZ,X,X
TOJSLZI,X,X
TOJSZIL,X,X
TOJSZLI,X,X
TOJZILS,X,X
TOJZISL,X,X
TOJZLIS,X,X
TOJZLSI,X,X
TOJZSIL,X,X
TOJZSLI,X,X
TOSILJZ,X,X
TOSILZJ,X,X
TOSIJLZ,X,X
TOSIJZL,X,X
TOSIZLJ,X,X
TOSIZJL,X,X
TOSLIJZ,X,X
TOSLIZJ,X,X
TOSLJIZ,X,X
TOSLJZI,X,X
TOSLZIJ,X,X
TOSLZJI,X,X
TOSJILZ,X,X
TOSJIZL,X,X
TOSJLIZ,X,X
TOSJLZI,X,X
TOSJZIL,X,X
TOSJZLI,X,X
TOSZILJ,X,X
TOSZIJL,X,X
TOSZLIJ,X,X
TOSZLJI,X,X
TOSZJIL,X,X
TOSZJLI,X,X
TOZILJS,X,X
TOZILSJ,X,X
TOZIJLS,X,X
TOZIJSL,X,X
TOZISLJ,X,X
TOZISJL,X,X
TOZLIJS,X,X
TOZLISJ,X,X
TOZLJIS,X,X
TOZLJSI,X,X
TOZLSIJ,X,X
TOZLSJI,X,X
TOZJILS,X,X
TOZJISL,X,X
TOZJLIS,X,X
TOZJLSI,X,X
TOZJSIL,X,X
TOZJSLI,X,X
TOZSILJ,X,X
TOZSIJL,X,X
TOZSLIJ,X,X
TOZSLJI,X,X
TOZSJIL,X,X
TOZSJLI,X,X
ITLJSZO,X,X
ITLJSOZ,X,X
ITLJZSO,X,X
ITLJZOS,X,X
ITLJOSZ,X,X
ITLJOZS,X,X
ITLSJZO,X,X
ITLSJOZ,X,X
ITLSZJO,X,X
ITLSZOJ,X,X
ITLSOJZ,X,X
ITLSOZJ,X,X
ITLZJSO,X,X
ITLZJOS,X,X
ITLZSJO,X,X
ITLZSOJ,X,X
ITLZOJS,X,X
ITLZOSJ,X,X
ITLOJSZ,X,X
ITLOJZS,X,X
ITLOSJZ,X,X
ITLOSZJ,X,X
ITLOZJS,X,X
ITLOZSJ,X,X
ITJLSZO,X,X
ITJLSOZ,X,X
ITJLZSO,X,X
ITJLZOS,X,X
ITJLOSZ,X,X
ITJLOZS,X,X
ITJSLZO,X,X
ITJSLOZ,X,X
ITJSZLO,X,X
ITJSZOL,X,X
ITJSOLZ,X,X
ITJSOZL,X,X
ITJZLSO,X,X
ITJZLOS,X,X
ITJZSLO,X,X
ITJZSOL,X,X
ITJZOLS,X,X
ITJZOSL,X,X
ITJOLSZ,X,X
ITJOLZS,X,X
ITJOSLZ,X,X
ITJOSZL,X,X
ITJOZLS,X,X
ITJOZSL,X,X
ITSLJZO,X,X
ITSLJOZ,X,X
ITSLZJO,X,X
ITSLZOJ,X,X
ITSLOJZ,X,X
ITSLOZJ,X,X
ITSJLZO,X,X
ITSJLOZ,X,X
ITSJZLO,X,X
ITSJZOL,X,X
ITSJOLZ,X,X
ITSJOZL,X,X
ITSZLJO,X,X
ITSZLOJ,X,X
ITSZJLO,X,X
ITSZJOL,X,X
ITSZOLJ,X,X
ITSZOJL,X,X
ITSOLJZ,X,X
ITSOLZJ,X,X
ITSOJLZ,X,X
ITSOJZL,X,X
ITSOZLJ,X,X
ITSOZJL,X,X
ITZLJSO,X,X
ITZLJOS,X,X
ITZLSJO,X,X
ITZLSOJ,X,X
ITZLOJS,X,X
ITZLOSJ,X,X
ITZJLSO,X,X
ITZJLOS,X,X
ITZJSLO,X,X
ITZJSOL,X,X
ITZJOLS,X,X
ITZJOSL,X,X
ITZSLJO,X,X
ITZSLOJ,X,X
ITZSJLO,X,X
ITZSJOL,X,X
ITZSOLJ,X,X
ITZSOJL,X,X
ITZOLJS,X,X
ITZOLSJ,X,X
ITZOJLS,X,X
ITZOJSL,X,X
ITZOSLJ,X,X
ITZOSJL,X,X
ITOLJSZ,X,X
ITOLJZS,X,X
ITOLSJZ,X,X
ITOLSZJ,X,X
ITOLZJS,X,X
ITOLZSJ,X,X
ITOJLSZ,X,X
ITOJLZS,X,X
ITOJSLZ,X,X
ITOJSZL,X,X
ITOJZLS,X,X
ITOJZSL,X,X
ITOSLJZ,X,X
ITOSLZJ,X,X
ITOSJLZ,X,X
ITOSJZL,X,X
ITOSZLJ,X,X
ITOSZJL,X,X
ITOZLJS,X,X
ITOZLSJ,X,X
ITOZJLS,X,X
ITOZJSL,X,X
ITOZSLJ,X,X
ITOZSJL,X,X
ILTJSZO,O,O
ILTJSOZ,O,O
ILTJZSO,O,O
ILTJZOS,O,O
ILTJOSZ,O,O
ILTJOZS,O,O
ILTSJZO,O,O
ILTSJOZ,O,O
ILTSZJO,O,O
ILTSZOJ,O,O
ILTSOJZ,O,O
ILTSOZJ,O,O
ILTZJSO,O,O
ILTZJOS,O,O
ILTZSJO,O,O
ILTZSOJ,O,O
ILTZOJS,O,O
ILTZOSJ,O,O
ILTOJSZ,O,O
ILTOJZS,O,O
ILTOSJZ,O,O
ILTOSZJ,O,O
ILTOZJS,O,O
ILTOZSJ,O,O
ILJTSZO,O,O
ILJTSOZ,O,O
ILJTZSO,O,O
ILJTZOS,O,O
ILJTOSZ,O,O
ILJTOZS,O,O
ILJSTZO,O,O
ILJSTOZ,O,O
ILJSZTO,O,O
ILJSZOT,O,O
ILJSOTZ,O,O
ILJSOZT,O,O
ILJZTSO,O,O
ILJZTOS,O,O
ILJZSTO,O,O
ILJZSOT,O,O
ILJZOTS,O,O
ILJZOST,O,O
ILJOTSZ,O,O
ILJOTZS,O,O
ILJOSTZ,O,O
ILJOSZT,O,O
ILJOZTS,O,O
ILJOZST,O,O
ILSTJZO,O,O
ILSTJOZ,O,O
ILSTZJO,O,O
ILSTZOJ,O,O
ILSTOJZ,O,O
ILSTOZJ,O,O
ILSJTZO,O,O
ILSJTOZ,O,O
ILSJZTO,O,O
ILSJZOT,O,O
ILSJOTZ,O,O
ILSJOZT,O,O
ILSZTJO,O,O
ILSZTOJ,O,O
ILSZJTO,O,O
ILSZJOT,O,O
ILSZOTJ,O,O
ILSZOJT,O,O
ILSOTJZ,O,O
ILSOTZJ,O,O
ILSOJTZ,O,O
ILSOJZT,O,O
ILSOZTJ,O,O
ILSOZJT,O,O
ILZTJSO,O,O
ILZTJOS,O,O
ILZTSJO,O,O
ILZTSOJ,O,O
ILZTOJS,O,O
ILZTOSJ,O,O
ILZJTSO,O,O
ILZJTOS,O,O
ILZJSTO,O,O
ILZJSOT,O,O
ILZJOTS,O,O
ILZJOST,O,O
ILZSTJO,O,O
ILZSTOJ,O,O
ILZSJTO,O,O
ILZSJOT,O,O
ILZSOTJ,O,O
ILZSOJT,O,O
ILZOTJS,O,O
ILZOTSJ,O,O
ILZOJTS,O,O
ILZOJST,O,O
ILZOSTJ,O,O
ILZOSJT,O,O
ILOTJSZ,O,O
ILOTJZS,O,O
ILOTSJZ,O,O
ILOTSZJ,O,O
ILOTZJS,O,O
ILOTZSJ,O,O
ILOJTSZ,O,O
ILOJTZS,O,O
ILOJSTZ,O,O
ILOJSZT,O,O
ILOJZTS,O,O
ILOJZST,O,O
ILOSTJZ,O,O
ILOSTZJ,O,O
ILOSJTZ,O,O
ILOSJZT,O,O
ILOSZTJ,O,O
ILOSZJT,O,O
ILOZTJS,O,O
ILOZTSJ,O,O
ILOZJTS,O,O
ILOZJST,O,O
ILOZSTJ,O,O
ILOZSJT,O,O
IJTLSZO,X,X
IJTLSOZ,X,X
IJTLZSO,X,X
IJTLZOS,X,X
IJTLOSZ,X,X
IJTLOZS,X,X
IJTSLZO,X,X
IJTSLOZ,X,X
IJTSZLO,X,X
IJTSZOL,X,X
IJTSOLZ,X,X
IJTSOZL,X,X
IJTZLSO,X,X
IJTZLOS,X,X
IJTZSLO,X,X
IJTZSOL,X,X
IJTZOLS,X,X
IJTZOSL,X,X
IJTOLSZ,X,X
IJTOLZS,X,X
IJTOSLZ,X,X
IJTOSZL,X,X
IJTOZLS,X,X
IJTOZSL,X,X
IJLTSZO,O,O
IJLTSOZ,O,O
IJLTZSO,O,O
IJLTZOS,O,O
IJLTOSZ,O,O
IJLTOZS,O,O
IJLSTZO,O,O
IJLSTOZ,O,O
IJLSZTO,O,O
IJLSZOT,O,O
IJLSOTZ,O,O
IJLSOZT,O,O
IJLZTSO,O,O
IJLZTOS,O,O
IJLZSTO,O,O
IJLZSOT,O,O
IJLZOTS,O,O
IJLZOST,O,O
IJLOTSZ,O,O
IJLOTZS,O,O
IJLOSTZ,O,O
IJLOSZT,O,O
IJLOZTS,O,O
IJLOZST,O,O
IJSTLZO,X,X
IJSTLOZ,X,X
IJSTZLO,X,X
IJSTZOL,X,X
IJSTOLZ,X,X
IJSTOZL,X,X
IJSLTZO,X,O
IJSLTOZ,X,O
IJSLZTO,X,O
IJSLZOT,X,O
IJSLOTZ,X,O
IJSLOZT,X,O
IJSZTLO,X,X
IJSZTOL,X,X
IJSZLTO,X,O
IJSZLOT,X,O
IJSZOTL,X,X
IJSZOLT,X,X
IJSOTLZ,X,X
IJSOTZL,X,X
IJSOLTZ,X,X
IJSOLZT,X,X
IJSOZTL,X,X
IJSOZLT,X,X
IJZTLSO,X,X
IJZTLOS,X,X
IJZTSLO,X,X
IJZTSOL,X,X
IJZTOLS,X,X
IJZTOSL,X,X
IJZLTSO,O,O
IJZLTOS,O,O
IJZLSTO,O,O
IJZLSOT,O,O
IJZLOTS,O,O
IJZLOST,O,O
IJZSTLO,X,X
IJZSTOL,X,X
IJZSLTO,X,O
IJZSLOT,X,O
IJZSOTL,X,X
IJZSOLT,X,X
IJZOTLS,X,X
IJZOTSL,X,X
IJZOLTS,X,X
IJZOLST,X,X
IJZOSTL,X,X
IJZOSLT,X,X
IJOTLSZ,X,X
IJOTLZS,X,X
IJOTSLZ,X,X
IJOTSZL,X,X
IJOTZLS,X,X
IJOTZSL,X,X
IJOLTSZ,X,X
IJOLTZS,X,X
IJOLSTZ,X,X
IJOLSZT,X,X
IJOLZTS,X,X
IJOLZST,X,X
IJOSTLZ,X,X
IJOSTZL,X,X
IJOSLTZ,X,X
IJOSLZT,X,X
IJOSZTL,X,X
IJOSZLT,X,X
IJOZTLS,X,X
IJOZTSL,X,X
IJOZLTS,X,X
IJOZLST,X,X
IJOZSTL,X,X
IJOZSLT,X,X
ISTLJZO,X,X
ISTLJOZ,X,X
ISTLZJO,X,X
ISTLZOJ,X,X
ISTLOJZ,X,X
ISTLOZJ,X,X
ISTJLZO,X,X
ISTJLOZ,X,X
ISTJZLO,X,X
ISTJZOL,X,X
ISTJOLZ,X,X
ISTJOZL,X,X
ISTZLJO,X,X
ISTZLOJ,X,X
ISTZJLO,X,X
ISTZJOL,X,X
ISTZOLJ,X,X
ISTZOJL,X,X
ISTOLJZ,X,X
ISTOLZJ,X,X
ISTOJLZ,X,X
ISTOJZL,X,X
ISTOZLJ,X,X
ISTOZJL,X,X
ISLTJZO,X,O
ISLTJOZ,X,O
ISLTZJO,X,O
ISLTZOJ,X,O
ISLTOJZ,X,O
ISLTOZJ,X,O
ISLJTZO,X,O
ISLJTOZ,X,O
ISLJZTO,X,O
ISLJZOT,X,O
ISLJOTZ,X,O
ISLJOZT,X,O
ISLZTJO,X,O
ISLZTOJ,X,O
ISLZJTO,X,O
ISLZJOT,X,O
ISLZOTJ,X,O
ISLZOJT,X,O
ISLOTJZ,X,O
ISLOTZJ,X,O
ISLOJTZ,X,O
ISLOJZT,X,O
ISLOZTJ,X,O
ISLOZJT,X,O
ISJTLZO,X,X
ISJTLOZ,X,X
ISJTZLO,X,X
ISJTZOL,X,X
ISJTOLZ,X,X
ISJTOZL,X,X
ISJLTZO,X,O
ISJLTOZ,X,O
ISJLZTO,X,O
ISJLZOT,X,O
ISJLOTZ,X,O
ISJLOZT,X,O
ISJZTLO,X,X
ISJZTOL,X,X
ISJZLTO,X,O
ISJZLOT,X,O
ISJZOTL,X,X
ISJZOLT,X,X
ISJOTLZ,X,X
ISJOTZL,X,X
ISJOLTZ,X,X
ISJOLZT,X,X
ISJOZTL,X,X
ISJOZLT,X,X
ISZTLJO,X,X
ISZTLOJ,X,X
ISZTJLO,X,X
ISZTJOL,X,X
ISZTOLJ,X,X
ISZTOJL,X,X
ISZLTJO,X,O
ISZLTOJ,X,O
ISZLJTO,X,O
ISZLJOT,X,O
ISZLOTJ,X,O
ISZLOJT,X,O
ISZJTLO,X,X
ISZJTOL,X,X
ISZJLTO,X,O
ISZJLOT,X,O
ISZJOTL,X,X
ISZJOLT,X,X
ISZOTLJ,X,X
ISZOTJL,X,X
ISZOLTJ,X,X
ISZOLJT,X,X
ISZOJTL,X,X
ISZOJLT,X,X
ISOTLJZ,X,X
ISOTLZJ,X,X
ISOTJLZ,X,X
ISOTJZL,X,X
ISOTZLJ,X,X
ISOTZJL,X,X
ISOLTJZ,X,X
ISOLTZJ,X,X
ISOLJTZ,X,X
ISOLJZT,X,X
ISOLZTJ,X,X
ISOLZJT,X,X
ISOJTLZ,X,X
ISOJTZL,X,X
ISOJLTZ,X,X
ISOJLZT,X,X
ISOJZTL,X,X
ISOJZLT,X,X
ISOZTLJ,X,X
ISOZTJL,X,X
ISOZLTJ,X,X
ISOZLJT,X,X
ISOZJTL,X,X
ISOZJLT,X,X
IZTLJSO,X,X
IZTLJOS,X,X
IZTLSJO,X,X
IZTLSOJ,X,X
IZTLOJS,X,X
IZTLOSJ,X,X
IZTJLSO,X,X
IZTJLOS,X,X
IZTJSLO,X,X
IZTJSOL,X,X
IZTJOLS,X,X
IZTJOSL,X,X
IZTSLJO,X,X
IZTSLOJ,X,X
IZTSJLO,X,X
IZTSJOL,X,X
IZTSOLJ,X,X
IZTSOJL,X,X
IZTOLJS,X,X
IZTOLSJ,X,X
IZTOJLS,X,X
IZTOJSL,X,X
IZTOSLJ,X,X
IZTOSJL,X,X
IZLTJSO,O,O
IZLTJOS,O,O
IZLTSJO,O,O
IZLTSOJ,O,O
IZLTOJS,O,O
IZLTOSJ,O,O
IZLJTSO,O,O
IZLJTOS,O,O
IZLJSTO,O,O
IZLJSOT,O,O
IZLJOTS,O,O
IZLJOST,O,O
IZLSTJO,O,O
IZLSTOJ,O,O
IZLSJTO,O,O
IZLSJOT,O,O
IZLSOTJ,O,O
IZLSOJT,O,O
IZLOTJS,O,O
IZLOTSJ,O,O
IZLOJTS,O,O
IZLOJST,O,O
IZLOSTJ,O,O
IZLOSJT,O,O
IZJTLSO,X,X
IZJTLOS,X,X
IZJTSLO,X,X
IZJTSOL,X,X
IZJTOLS,X,X
IZJTOSL,X,X
IZJLTSO,O,O
IZJLTOS,O,O
IZJLSTO,O,O
IZJLSOT,O,O
IZJLOTS,O,O
IZJLOST,O,O
IZJSTLO,X,X
IZJSTOL,X,X
IZJSLTO,X,O
IZJSLOT,X,O
IZJSOTL,X,X
IZJSOLT,X,X
IZJOTLS,X,X
IZJOTSL,X,X
IZJOLTS,X,X
IZJOLST,X,X
IZJOSTL,X,X
IZJOSLT,X,X
IZSTLJO,X,X
IZSTLOJ,X,X
IZSTJLO,X,X
IZSTJOL,X,X
IZSTOLJ,X,X
IZSTOJL,X,X
IZSLTJO,X,O
IZSLTOJ,X,O
IZSLJTO,X,O
IZSLJOT,X,O
IZSLOTJ,X,O
IZSLOJT,X,O
IZSJTLO,X,X
IZSJTOL,X,X
IZSJLTO,X,O
IZSJLOT,X,O
IZSJOTL,X,X
IZSJOLT,X,X
IZSOTLJ,X,X
IZSOTJL,X,X
IZSOLTJ,X,X
IZSOLJT,X,X
IZSOJTL,X,X
IZSOJLT,X,X
IZOTLJS,X,X
IZOTLSJ,X,X
IZOTJLS,X,X
IZOTJSL,X,X
IZOTSLJ,X,X
IZOTSJL,X,X
IZOLTJS,X,X
IZOLTSJ,X,X
IZOLJTS,X,X
IZOLJST,X,X
IZOLSTJ,X,X
IZOLSJT,X,X
IZOJTLS,X,X
IZOJTSL,X,X
IZOJLTS,X,X
IZOJLST,X,X
IZOJSTL,X,X
IZOJSLT,X,X
IZOSTLJ,X,X
IZOSTJL,X,X
IZOSLTJ,X,X
IZOSLJT,X,X
IZOSJTL,X,X
IZOSJLT,X,X
IOTLJSZ,X,X
IOTLJZS,X,X
IOTLSJZ,X,X
IOTLSZJ,X,X
IOTLZJS,X,X
IOTLZSJ,X,X
IOTJLSZ,X,X
IOTJLZS,X,X
IOTJSLZ,X,X
IOTJSZL,X,X
IOTJZLS,X,X
IOTJZSL,X,X
IOTSLJZ,X,X
IOTSLZJ,X,X
IOTSJLZ,X,X
IOTSJZL,X,X
IOTSZLJ,X,X
IOTSZJL,X,X
IOTZLJS,X,X
IOTZLSJ,X,X
IOTZJLS,X,X
IOTZJSL,X,X
IOTZSLJ,X,X
IOTZSJL,X,X
IOLTJSZ,X,X
IOLTJZS,X,X
IOLTSJZ,X,X
IOLTSZJ,X,X
IOLTZJS,X,X
IOLTZSJ,X,X
IOLJTSZ,X,X
IOLJTZS,X,X
IOLJSTZ,X,X
IOLJSZT,X,X
IOLJZTS,X,X
IOLJZST,X,X
IOLSTJZ,X,X
IOLSTZJ,X,X
IOLSJTZ,X,X
IOLSJZT,X,X
IOLSZTJ,X,X
IOLSZJT,X,X
IOLZTJS,X,X
IOLZTSJ,X,X
IOLZJTS,X,X
IOLZJST,X,X
IOLZSTJ,X,X
IOLZSJT,X,X
IOJTLSZ,X,X
IOJTLZS,X,X
IOJTSLZ,X,X
IOJTSZL,X,X
IOJTZLS,X,X
IOJTZSL,X,X
IOJLTSZ,X,X
IOJLTZS,X,X
IOJLSTZ,X,X
IOJLSZT,X,X
IOJLZTS,X,X
IOJLZST,X,X
IOJSTLZ,X,X
IOJSTZL,X,X
IOJSLTZ,X,X
IOJSLZT,X,X
IOJSZTL,X,X
IOJSZLT,X,X
IOJZTLS,X,X
IOJZTSL,X,X
IOJZLTS,X,X
IOJZLST,X,X
IOJZSTL,X,X
IOJZSLT,X,X
IOSTLJZ,X,X
IOSTLZJ,X,X
IOSTJLZ,X,X
IOSTJZL,X,X
IOSTZLJ,X,X
IOSTZJL,X,X
IOSLTJZ,X,X
IOSLTZJ,X,X
IOSLJTZ,X,X
IOSLJZT,X,X
IOSLZTJ,X,X
IOSLZJT,X,X
IOSJTLZ,X,X
IOSJTZL,X,X
IOSJLTZ,X,X
IOSJLZT,X,X
IOSJZTL,X,X
IOSJZLT,X,X
IOSZTLJ,X,X
IOSZTJL,X,X
IOSZLTJ,X,X
IOSZLJT,X,X
IOSZJTL,X,X
IOSZJLT,X,X
IOZTLJS,X,X
IOZTLSJ,X,X
IOZTJLS,X,X
IOZTJSL,X,X
IOZTSLJ,X,X
IOZTSJL,X,X
IOZLTJS,X,X
IOZLTSJ,X,X
IOZLJTS,X,X
IOZLJST,X,X
IOZLSTJ,X,X
IOZLSJT,X,X
IOZJTLS,X,X
IOZJTSL,X,X
IOZJLTS,X,X
IOZJLST,X,X
IOZJSTL,X,X
IOZJSLT,X,X
IOZSTLJ,X,X
IOZSTJL,X,X
IOZSLTJ,X,X
IOZSLJT,X,X
IOZSJTL,X,X
IOZSJLT,X,X
LTIJSZO,O,O
LTIJSOZ,O,O
LTIJZSO,O,O
LTIJZOS,O,O
LTIJOSZ,O,O
LTIJOZS,O,O
LTISJZO,O,O
LTISJOZ,O,O
LTISZJO,O,O
LTISZOJ,O,O
LTISOJZ,O,O
LTISOZJ,O,O
LTIZJSO,O,O
LTIZJOS,O,O
LTIZSJO,O,O
LTIZSOJ,O,O
LTIZOJS,O,O
LTIZOSJ,O,O
LTIOJSZ,O,O
LTIOJZS,O,O
LTIOSJZ,O,O
LTIOSZJ,O,O
LTIOZJS,O,O
LTIOZSJ,O,O
LTJISZO,O,O
LTJISOZ,O,O
LTJIZSO,O,O
LTJIZOS,O,O
LTJIOSZ,O,O
LTJIOZS,O,O
LTJSIZO,O,O
LTJSIOZ,O,O
LTJSZIO,O,O
LTJSZOI,O,O
LTJSOIZ,O,O
LTJSOZI,O,O
LTJZISO,O,O
LTJZIOS,O,O
LTJZSIO,O,O
LTJZSOI,O,O
LTJZOIS,O,O
LTJZOSI,O,O
LTJOISZ,O,O
LTJOIZS,O,O
LTJOSIZ,O,O
LTJOSZI,O,O
LTJOZIS,O,O
LTJOZSI,O,O
LTSIJZO,O,O
LTSIJOZ,O,O
LTSIZJO,O,O
LTSIZOJ,O,O
LTSIOJZ,O,O
LTSIOZJ,O,O
LTSJIZO,O,O
LTSJIOZ,O,O
LTSJZIO,O,O
LTSJZOI,O,O
LTSJOIZ,O,O
LTSJOZI,O,O
LTSZIJO,O,O
LTSZIOJ,O,O
LTSZJIO,O,O
LTSZJOI,O,O
LTSZOIJ,O,O
LTSZOJI,O,O
LTSOIJZ,O,O
LTSOIZJ,O,O
LTSOJIZ,O,O
LTSOJZI,O,O
LTSOZIJ,O,O
LTSOZJI,O,O
LTZIJSO,O,O
LTZIJOS,O,O
LTZISJO,O,O
LTZISOJ,O,O
LTZIOJS,O,O
LTZIOSJ,O,O
LTZJISO,O,O
LTZJIOS,O,O
LTZJSIO,O,O
LTZJSOI,O,O
LTZJOIS,O,O
LTZJOSI,O,O
LTZSIJO,O,O
LTZSIOJ,O,O
LTZSJIO,O,O
LTZSJOI,O,O
LTZSOIJ,O,O
LTZSOJI,O,O
LTZOIJS,O,O
LTZOISJ,O,O
LTZOJIS,O,O
LTZOJSI,O,O
LTZOSIJ,O,O
LTZOSJI,O,O
LTOIJSZ,O,O
LTOIJZS,O,O
LTOISJZ,O,O
LTOISZJ,O,O
LTOIZJS,O,O
LTOIZSJ,O,O
LTOJISZ,O,O
LTOJIZS,O,O
LTOJSIZ,O,O
LTOJSZI,O,O
LTOJZIS,O,O
LTOJZSI,O,O
LTOSIJZ,O,O
LTOSIZJ,O,O
LTOSJIZ,O,O
LTOSJZI,O,O
LTOSZIJ,O,O
LTOSZJI,O,O
LTOZIJS,O,O
LTOZISJ,O,O
LTOZJIS,O,O
LTOZJSI,O,O
LTOZSIJ,O,O
LTOZSJI,O,O
LITJSZO,O,O
LITJSOZ,O,O
LITJZSO,O,O
LITJZOS,O,O
LITJOSZ,O,O
LITJOZS,O,O
LITSJZO,O,O
LITSJOZ,O,O
LITSZJO,O,O
LITSZOJ,O,O
LITSOJZ,O,O
LITSOZJ,O,O
LITZJSO,O,O
LITZJOS,O,O
LITZSJO,O,O
LITZSOJ,O,O
LITZOJS,O,O
LITZOSJ,O,O
LITOJSZ,O,O
LITOJZS,O,O
LITOSJZ,O,O
LITOSZJ,O,O
LITOZJS,O,O
LITOZSJ,O,O
LIJTSZO,O,O
LIJTSOZ,O,O
LIJTZSO,O,O
LIJTZOS,O,O
LIJTOSZ,O,O
LIJTOZS,O,O
LIJSTZO,O,O
LIJSTOZ,O,O
LIJSZTO,O,O
LIJSZOT,O,O
LIJSOTZ,O,O
LIJSOZT,O,O
LIJZTSO,O,O
LIJZTOS,O,O
LIJZSTO,O,O
LIJZSOT,O,O
LIJZOTS,O,O
LIJZOST,O,O
LIJOTSZ,O,O
LIJOTZS,O,O
LIJOSTZ,O,O
LIJOSZT,O,O
LIJOZTS,O,O
LIJOZST,O,O
LISTJZO,O,O
LISTJOZ,O,O
LISTZJO,O,O
LISTZOJ,O,O
LISTOJZ,O,O
LISTOZJ,O,O
LISJTZO,O,O
LISJTOZ,O,O
LISJZTO,O,O
LISJZOT,O,O
LISJOTZ,O,O
LISJOZT,O,O
LISZTJO,O,O
LISZTOJ,O,O
LISZJTO,O,O
LISZJOT,O,O
LISZOTJ,O,O
LISZOJT,O,O
LISOTJZ,O,O
LISOTZJ,O,O
LISOJTZ,O,O
LISOJZT,O,O
LISOZTJ,O,O
LISOZJT,O,O
LIZTJSO,O,O
LIZTJOS,O,O
LIZTSJO,O,O
LIZTSOJ,O,O
LIZTOJS,O,O
LIZTOSJ,O,O
LIZJTSO,O,O
LIZJTOS,O,O
LIZJSTO,O,O
LIZJSOT,O,O
LIZJOTS,O,O
LIZJOST,O,O
LIZSTJO,O,O
LIZSTOJ,O,O
LIZSJTO,O,O
LIZSJOT,O,O
LIZSOTJ,O,O
LIZSOJT,O,O
LIZOTJS,O,O
LIZOTSJ,O,O
LIZOJTS,O,O
LIZOJST,O,O
LIZOSTJ,O,O
LIZOSJT,O,O
LIOTJSZ,O,O
LIOTJZS,O,O
LIOTSJZ,O,O
LIOTSZJ,O,O
LIOTZJS,O,O
LIOTZSJ,O,O
LIOJTSZ,O,O
LIOJTZS,O,O
LIOJSTZ,O,O
LIOJSZT,O,O
LIOJZTS,O,O
LIOJZST,O,O
LIOSTJZ,O,O
LIOSTZJ,O,O
LIOSJTZ,O,O
LIOSJZT,O,O
LIOSZTJ,O,O
LIOSZJT,O,O
LIOZTJS,O,O
LIOZTSJ,O,O
LIOZJTS,O,O
LIOZJST,O,O
LIOZSTJ,O,O
LIOZSJT,O,O
LJTISZO,O,O
LJTISOZ,O,O
LJTIZSO,O,O
LJTIZOS,O,O
LJTIOSZ,O,O
LJTIOZS,O,O
LJTSIZO,O,O
LJTSIOZ,O,O
LJTSZIO,O,O
LJTSZOI,O,O
LJTSOIZ,O,O
LJTSOZI,O,O
LJTZISO,O,O
LJTZIOS,O,O
LJTZSIO,O,O
LJTZSOI,O,O
LJTZOIS,O,O
LJTZOSI,O,O
LJTOISZ,O,O
LJTOIZS,O,O
LJTOSIZ,O,O
LJTOSZI,O,O
LJTOZIS,O,O
LJTOZSI,O,O
LJITSZO,O,O
LJITSOZ,O,O
LJITZSO,O,O
LJITZOS,O,O
LJITOSZ,O,O
LJITOZS,O,O
LJISTZO,O,O
LJISTOZ,O,O
LJISZTO,O,O
LJISZOT,O,O
LJISOTZ,O,O
LJISOZT,O,O
LJIZTSO,O,O
LJIZTOS,O,O
LJIZSTO,O,O
LJIZSOT,O,O
LJIZOTS,O,O
LJIZOST,O,O
LJIOTSZ,O,O
LJIOTZS,O,O
LJIOSTZ,O,O
LJIOSZT,O,O
LJIOZTS,O,O
LJIOZST,O,O
LJSTIZO,O,O
LJSTIOZ,O,O
LJSTZIO,O,O
LJSTZOI,O,O
LJSTOIZ,O,O
LJSTOZI,O,O
LJSITZO,O,O
LJSITOZ,O,O
LJSIZTO,O,O
LJSIZOT,O,O
LJSIOTZ,O,O
LJSIOZT,O,O
LJSZTIO,O,O
LJSZTOI,O,O
LJSZITO,O,O
LJSZIOT,O,O
LJSZOTI,O,O
LJSZOIT,O,O
LJSOTIZ,O,O
LJSOTZI,O,O
LJSOITZ,O,O
LJSOIZT,O,O
LJSOZTI,O,O
LJSOZIT,O,O
LJZTISO,O,O
LJZTIOS,O,O
LJZTSIO,O,O
LJZTSOI,O,O
LJZTOIS,O,O
LJZTOSI,O,O
LJZITSO,O,O
LJZITOS,O,O
LJZISTO,O,O
LJZISOT,O,O
LJZIOTS,O,O
LJZIOST,O,O
LJZSTIO,O,O
LJZSTOI,O,O
LJZSITO,O,O
LJZSIOT,O,O
LJZSOTI,O,O
LJZSOIT,O,O
LJZOTIS,O,O
LJZOTSI,O,O
LJZOITS,O,O
LJZOIST,O,O
LJZOSTI,O,O
LJZOSIT,O,O
LJOTISZ,O,O
LJOTIZS,O,O
LJOTSIZ,O,O
LJOTSZI,O,O
LJOTZIS,O,O
LJOTZSI,O,O
LJOITSZ,O,O
LJOITZS,O,O
LJOISTZ,O,O
LJOISZT,O,O
LJOIZTS,O,O
LJOIZST,O,O
LJOSTIZ,O,O
LJOSTZI,O,O
LJOSITZ,O,O
LJOSIZT,O,O
LJOSZTI,O,O
LJOSZIT,O,O
LJOZTIS,O,O
LJOZTSI,O,O
LJOZITS,O,O
LJOZIST,O,O
LJOZSTI,O,O
LJOZSIT,O,O
LSTIJZO,O,O
LSTIJOZ,O,O
LSTIZJO,O,O
LSTIZOJ,O,O
LSTIOJZ,O,O
LSTIOZJ,O,O
LSTJIZO,O,O
LSTJIOZ,O,O
LSTJZIO,O,O
LSTJZOI,O,O
LSTJOIZ,O,O
LSTJOZI,O,O
LSTZIJO,O,O
LSTZIOJ,O,O
LSTZJIO,O,O
LSTZJOI,O,O
LSTZOIJ,O,O
LSTZOJI,O,O
LSTOIJZ,O,O
LSTOIZJ,O,O
LSTOJIZ,O,O
LSTOJZI,O,O
LSTOZIJ,O,O
LSTOZJI,O,O
LSITJZO,O,O
LSITJOZ,O,O
LSITZJO,O,O
LSITZOJ,O,O
LSITOJZ,O,O
LSITOZJ,O,O
LSIJTZO,O,O
LSIJTOZ,O,O
LSIJZTO,O,O
LSIJZOT,O,O
LSIJOTZ,O,O
LSIJOZT,O,O
LSIZTJO,O,O
LSIZTOJ,O,O
LSIZJTO,O,O
LSIZJOT,O,O
LSIZOTJ,O,O
LSIZOJT,O,O
LSIOTJZ,O,O
LSIOTZJ,O,O
LSIOJTZ,O,O
LSIOJZT,O,O
LSIOZTJ,O,O
LSIOZJT,O,O
LSJTIZO,O,O
LSJTIOZ,O,O
LSJTZIO,O,O
LSJTZOI,O,O
LSJTOIZ,O,O
LSJTOZI,O,O
LSJITZO,O,O
LSJITOZ,O,O
LSJIZTO,O,O
LSJIZOT,O,O
LSJIOTZ,O,O
LSJIOZT,O,O
LSJZTIO,O,O
LSJZTOI,O,O
LSJZITO,O,O
LSJZIOT,O,O
LSJZOTI,O,O
LSJZOIT,O,O
LSJOTIZ,O,O
LSJOTZI,O,O
LSJOITZ,O,O
LSJOIZT,O,O
LSJOZTI,O,O
LSJOZIT,O,O
LSZTIJO,O,O
LSZTIOJ,O,O
LSZTJIO,O,O
LSZTJOI,O,O
LSZTOIJ,O,O
LSZTOJI,O,O
LSZITJO,O,O
LSZITOJ,O,O
LSZIJTO,O,O
LSZIJOT,O,O
LSZIOTJ,O,O
LSZIOJT,O,O
LSZJTIO,O,O
LSZJTOI,O,O
LSZJITO,O,O
LSZJIOT,O,O
LSZJOTI,O,O
LSZJOIT,O,O
LSZOTIJ,O,O
LSZOTJI,O,O
LSZOITJ,O,O
LSZOIJT,O,O
LSZOJTI,O,O
LSZOJIT,O,O
LSOTIJZ,O,O
LSOTIZJ,O,O
LSOTJIZ,O,O
LSOTJZI,O,O
LSOTZIJ,O,O
LSOTZJI,O,O
LSOITJZ,O,O
LSOITZJ,O,O
LSOIJTZ,O,O
LSOIJZT,O,O
LSOIZTJ,O,O
LSOIZJT,O,O
LSOJTIZ,O,O
LSOJTZI,O,O
LSOJITZ,O,O
LSOJIZT,O,O
LSOJZTI,O,O
LSOJZIT,O,O
LSOZTIJ,O,O
LSOZTJI,O,O
LSOZITJ,O,O
LSOZIJT,O,O
LSOZJTI,O,O
LSOZJIT,O,O
LZTIJSO,O,O
LZTIJOS,O,O
LZTISJO,O,O
LZTISOJ,O,O
LZTIOJS,O,O
LZTIOSJ,O,O
LZTJISO,O,O
LZTJIOS,O,O
LZTJSIO,O,O
LZTJSOI,O,O
LZTJOIS,O,O
LZTJOSI,O,O
LZTSIJO,O,O
LZTSIOJ,O,O
LZTSJIO,O,O
LZTSJOI,O,O
LZTSOIJ,O,O
LZTSOJI,O,O
LZTOIJS,O,O
LZTOISJ,O,O
LZTOJIS,O,O
LZTOJSI,O,O
LZTOSIJ,O,O
LZTOSJI,O,O
LZITJSO,O,O
LZITJOS,O,O
LZITSJO,O,O
LZITSOJ,O,O
LZITOJS,O,O
LZITOSJ,O,O
LZIJTSO,O,O
LZIJTOS,O,O
LZIJSTO,O,O
LZIJSOT,O,O
LZIJOTS,O,O
LZIJOST,O,O
LZISTJO,O,O
LZISTOJ,O,O
LZISJTO,O,O
LZISJOT,O,O
LZISOTJ,O,O
LZISOJT,O,O
LZIOTJS,O,O
LZIOTSJ,O,O
LZIOJTS,O,O
LZIOJST,O,O
LZIOSTJ,O,O
LZIOSJT,O,O
LZJTISO,O,O
LZJTIOS,O,O
LZJTSIO,O,O
LZJTSOI,O,O
LZJTOIS,O,O
LZJTOSI,O,O
LZJITSO,O,O
LZJITOS,O,O
LZJISTO,O,O
LZJISOT,O,O
LZJIOTS,O,O
LZJIOST,O,O
LZJSTIO,O,O
LZJSTOI,O,O
LZJSITO,O,O
LZJSIOT,O,O
LZJSOTI,O,O
LZJSOIT,O,O
LZJOTIS,O,O
LZJOTSI,O,O
LZJOITS,O,O
LZJOIST,O,O
LZJOSTI,O,O
LZJOSIT,O,O
LZSTIJO,O,O
LZSTIOJ,O,O
LZSTJIO,O,O
LZSTJOI,O,O
LZSTOIJ,O,O
LZSTOJI,O,O
LZSITJO,O,O
LZSITOJ,O,O
LZSIJTO,O,O
LZSIJOT,O,O
LZSIOTJ,O,O
LZSIOJT,O,O
LZSJTIO,O,O
LZSJTOI,O,O
LZSJITO,O,O
LZSJIOT,O,O
LZSJOTI,O,O
LZSJOIT,O,O
LZSOTIJ,O,O
LZSOTJI,O,O
LZSOITJ,O,O
LZSOIJT,O,O
LZSOJTI,O,O
LZSOJIT,O,O
LZOTIJS,O,O
LZOTISJ,O,O
LZOTJIS,O,O
LZOTJSI,O,O
LZOTSIJ,O,O
LZOTSJI,O,O
LZOITJS,O,O
LZOITSJ,O,O
LZOIJTS,O,O
LZOIJST,O,O
LZOISTJ,O,O
LZOISJT,O,O
LZOJTIS,O,O
LZOJTSI,O,O
LZOJITS,O,O
LZOJIST,O,O
LZOJSTI,O,O
LZOJSIT,O,O
LZOSTIJ,O,O
LZOSTJI,O,O
LZOSITJ,O,O
LZOSIJT,O,O
LZOSJTI,O,O
LZOSJIT,O,O
LOTIJSZ,O,O
LOTIJZS,O,O
LOTISJZ,O,O
LOTISZJ,O,O
LOTIZJS,O,O
LOTIZSJ,O,O
LOTJISZ,O,O
LOTJIZS,O,O
LOTJSIZ,O,O
LOTJSZI,O,O
LOTJZIS,O,O
LOTJZSI,O,O
LOTSIJZ,O,O
LOTSIZJ,O,O
LOTSJIZ,O,O
LOTSJZI,O,O
LOTSZIJ,O,O
LOTSZJI,O,O
LOTZIJS,O,O
LOTZISJ,O,O
LOTZJIS,O,O
LOTZJSI,O,O
LOTZSIJ,O,O
LOTZSJI,O,O
LOITJSZ,O,O
LOITJZS,O,O
LOITSJZ,O,O
LOITSZJ,O,O
LOITZJS,O,O
LOITZSJ,O,O
LOIJTSZ,O,O
LOIJTZS,O,O
LOIJSTZ,O,O
LOIJSZT,O,O
LOIJZTS,O,O
LOIJZST,O,O
LOISTJZ,O,O
LOISTZJ,O,O
LOISJTZ,O,O
LOISJZT,O,O
LOISZTJ,O,O
LOISZJT,O,O
LOIZTJS,O,O
LOIZTSJ,O,O
LOIZJTS,O,O
LOIZJST,O,O
LOIZSTJ,O,O
LOIZSJT,O,O
LOJTISZ,O,O
LOJTIZS,O,O
LOJTSIZ,O,O
LOJTSZI,O,O
LOJTZIS,O,O
LOJTZSI,O,O
LOJITSZ,O,O
LOJITZS,O,O
LOJISTZ,O,O
LOJISZT,O,O
LOJIZTS,O,O
LOJIZST,O,O
LOJSTIZ,O,O
LOJSTZI,O,O
LOJSITZ,O,O
LOJSIZT,O,O
LOJSZTI,O,O
LOJSZIT,O,O
LOJZTIS,O,O
LOJZTSI,O,O
LOJZITS,O,O
LOJZIST,O,O
LOJZSTI,O,O
LOJZSIT,O,O
LOSTIJZ,O,O
LOSTIZJ,O,O
LOSTJIZ,O,O
LOSTJZI,O,O
LOSTZIJ,O,O
LOSTZJI,O,O
LOSITJZ,O,O
LOSITZJ,O,O
LOSIJTZ,O,O
LOSIJZT,O,O
LOSIZTJ,O,O
LOSIZJT,O,O
LOSJTIZ,O,O
LOSJTZI,O,O
LOSJITZ,O,O
LOSJIZT,O,O
LOSJZTI,O,O
LOSJZIT,O,O
LOSZTIJ,O,O
LOSZTJI,O,O
LOSZITJ,O,O
LOSZIJT,O,O
LOSZJTI,O,O
LOSZJIT,O,O
LOZTIJS,O,O
LOZTISJ,O,O
LOZTJIS,O,O
LOZTJSI,O,O
LOZTSIJ,O,O
LOZTSJI,O,O
LOZITJS,O,O
LOZITSJ,O,O
LOZIJTS,O,O
LOZIJST,O,O
LOZISTJ,O,O
LOZISJT,O,O
LOZJTIS,O,O
LOZJTSI,O,O
LOZJITS,O,O
LOZJIST,O,O
LOZJSTI,O,O
LOZJSIT,O,O
LOZSTIJ,O,O
LOZSTJI,O,O
LOZSITJ,O,O
LOZSIJT,O,O
LOZSJTI,O,O
LOZSJIT,O,O
JTILSZO,X,X
JTILSOZ,X,X
JTILZSO,X,X
JTILZOS,X,X
JTILOSZ,X,X
JTILOZS,X,X
JTISLZO,X,X
JTISLOZ,X,X
JTISZLO,X,X
JTISZOL,X,X
JTISOLZ,X,X
JTISOZL,X,X
JTIZLSO,X,X
JTIZLOS,X,X
JTIZSLO,X,X
JTIZSOL,X,X
JTIZOLS,X,X
JTIZOSL,X,X
JTIOLSZ,X,X
JTIOLZS,X,X
JTIOSLZ,X,X
JTIOSZL,X,X
JTIOZLS,X,X
JTIOZSL,X,X
JTLISZO,O,O
JTLISOZ,O,O
JTLIZSO,O,O
JTLIZOS,O,O
JTLIOSZ,O,O
JTLIOZS,O,O
JTLSIZO,O,O
JTLSIOZ,O,O
JTLSZIO,O,O
JTLSZOI,O,O
JTLSOIZ,O,O
JTLSOZI,O,O
JTLZISO,O,O
JTLZIOS,O,O
JTLZSIO,O,O
JTLZSOI,O,O
JTLZOIS,O,O
JTLZOSI,O,O
JTLOISZ,O,O
JTLOIZS,O,O
JTLOSIZ,O,O
JTLOSZI,O,O
JTLOZIS,O,O
JTLOZSI,O,O
JTSILZO,X,X
JTSILOZ,X,X
JTSIZLO,X,X
JTSIZOL,X,X
JTSIOLZ,X,X
JTSIOZL,X,X
JTSLIZO,X,O
JTSLIOZ,X,O
JTSLZIO,X,O
JTSLZOI,X,O
JTSLOIZ,X,O
JTSLOZI,X,O
JTSZILO,X,X
JTSZIOL,X,X
JTSZLIO,X,O
JTSZLOI,X,O
JTSZOIL,X,X
JTSZOLI,X,X
JTSOILZ,X,X
JTSOIZL,X,X
JTSOLIZ,X,X
JTSOLZI,X,X
JTSOZIL,X,X
JTSOZLI,X,X
JTZILSO,X,X
JTZILOS,X,X
JTZISLO,X,X
JTZISOL,X,X
JTZIOLS,X,X
JTZIOSL,X,X
JTZLISO,O,O
JTZLIOS,O,O
JTZLSIO,O,O
JTZLSOI,O,O
JTZLOIS,O,O
JTZLOSI,O,O
JTZSILO,X,X
JTZSIOL,X,X
JTZSLIO,X,O
JTZSLOI,X,O
JTZSOIL,X,X
JTZSOLI,X,X
JTZOILS,X,X
JTZOISL,X,X
JTZOLIS,X,X
JTZOLSI,X,X
JTZOSIL,X,X
JTZOSLI,X,X
JTOILSZ,X,X
JTOILZS,X,X
JTOISLZ,X,X
JTOISZL,X,X
JTOIZLS,X,X
JTOIZSL,X,X
JTOLISZ,X,X
JTOLIZS,X,X
JTOLSIZ,X,X
JTOLSZI,X,X
JTOLZIS,X,X
JTOLZSI,X,X
JTOSILZ,X,X
JTOSIZL,X,X
JTOSLIZ,X,X
JTOSLZI,X,X
JTOSZIL,X,X
JTOSZLI,X,X
JTOZILS,X,X
JTOZISL,X,X
JTOZLIS,X,X
JTOZLSI,X,X
JTOZSIL,X,X
JTOZSLI,X,X
JITLSZO,X,X
JITLSOZ,X,X
JITLZSO,X,X
JITLZOS,X,X
JITLOSZ,X,X
JITLOZS,X,X
JITSLZO,X,X
JITSLOZ,X,X
JITSZLO,X,X
JITSZOL,X,X
JITSOLZ,X,X
JITSOZL,X,X
JITZLSO,X,X
JITZLOS,X,X
JITZSLO,X,X
JITZSOL,X,X
JITZOLS,X,X
JITZOSL,X,X
JITOLSZ,X,X
JITOLZS,X,X
JITOSLZ,X,X
JITOSZL,X,X
JITOZLS,X,X
JITOZSL,X,X
JILTSZO,O,O
JILTSOZ,O,O
JILTZSO,O,O
JILTZOS,O,O
JILTOSZ,O,O
JILTOZS,O,O
JILSTZO,O,O
JILSTOZ,O,O
JILSZTO,O,O
JILSZOT,O,O
JILSOTZ,O,O
JILSOZT,O,O
JILZTSO,O,O
JILZTOS,O,O
JILZSTO,O,O
JILZSOT,O,O
JILZOTS,O,O
JILZOST,O,O
JILOTSZ,O,O
JILOTZS,O,O
JILOSTZ,O,O
JILOSZT,O,O
JILOZTS,O,O
JILOZST,O,O
JISTLZO,X,X
JISTLOZ,X,X
JISTZLO,X,X
JISTZOL,X,X
JISTOLZ,X,X
JISTOZL,X,X
JISLTZO,X,O
JISLTOZ,X,O
JISLZTO,X,O
JISLZOT,X,O
JISLOTZ,X,O
JISLOZT,X,O
JISZTLO,X,X
JISZTOL,X,X
JISZLTO,X,O
JISZLOT,X,O
JISZOTL,X,X
JISZOLT,X,X
JISOTLZ,X,X
JISOTZL,X,X
JISOLTZ,X,X
JISOLZT,X,X
JISOZTL,X,X
JISOZLT,X,X
JIZTLSO,X,X
JIZTLOS,X,X
JIZTSLO,X,X
JIZTSOL,X,X
JIZTOLS,X,X
JIZTOSL,X,X
JIZLTSO,O,O
JIZLTOS,O,O
JIZLSTO,O,O
JIZLSOT,O,O
JIZLOTS,O,O
JIZLOST,O,O
JIZSTLO,X,X
JIZSTOL,X,X
JIZSLTO,X,O
JIZSLOT,X,O
JIZSOTL,X,X
JIZSOLT,X,X
JIZOTLS,X,X
JIZOTSL,X,X
JIZOLTS,X,X
JIZOLST,X,X
JIZOSTL,X,X
JIZOSLT,X,X
JIOTLSZ,X,X
JIOTLZS,X,X
JIOTSLZ,X,X
JIOTSZL,X,X
JIOTZLS,X,X
JIOTZSL,X,X
JIOLTSZ,X,X
JIOLTZS,X,X
JIOLSTZ,X,X
JIOLSZT,X,X
JIOLZTS,X,X
JIOLZST,X,X
JIOSTLZ,X,X
JIOSTZL,X,X
JIOSLTZ,X,X
JIOSLZT,X,X
JIOSZTL,X,X
JIOSZLT,X,X
JIOZTLS,X,X
JIOZTSL,X,X
JIOZLTS,X,X
JIOZLST,X,X
JIOZSTL,X,X
JIOZSLT,X,X
JLTISZO,O,O
JLTISOZ,O,O
JLTIZSO,O,O
JLTIZOS,O,O
JLTIOSZ,O,O
JLTIOZS,O,O
JLTSIZO,O,O
JLTSIOZ,O,O
JLTSZIO,O,O
JLTSZOI,O,O
JLTSOIZ,O,O
JLTSOZI,O,O
JLTZISO,O,O
JLTZIOS,O,O
JLTZSIO,O,O
JLTZSOI,O,O
JLTZOIS,O,O
JLTZOSI,O,O
JLTOISZ,O,O
JLTOIZS,O,O
JLTOSIZ,O,O
JLTOSZI,O,O
JLTOZIS,O,O
JLTOZSI,O,O
JLITSZO,O,O
JLITSOZ,O,O
JLITZSO,O,O
JLITZOS,O,O
JLITOSZ,O,O
JLITOZS,O,O
JLISTZO,O,O
JLISTOZ,O,O
JLISZTO,O,O
JLISZOT,O,O
JLISOTZ,O,O
JLISOZT,O,O
JLIZTSO,O,O
JLIZTOS,O,O
JLIZSTO,O,O
JLIZSOT,O,O
JLIZOTS,O,O
JLIZOST,O,O
JLIOTSZ,O,O
JLIOTZS,O,O
JLIOSTZ,O,O
JLIOSZT,O,O
JLIOZTS,O,O
JLIOZST,O,O
JLSTIZO,O,O
JLSTIOZ,O,O
JLSTZIO,O,O
JLSTZOI,O,O
JLSTOIZ,O,O
JLSTOZI,O,O
JLSITZO,O,O
JLSITOZ,O,O
JLSIZTO,O,O
JLSIZOT,O,O
JLSIOTZ,O,O
JLSIOZT,O,O
JLSZTIO,O,O
JLSZTOI,O,O
JLSZITO,O,O
JLSZIOT,O,O
JLSZOTI,O,O
JLSZOIT,O,O
JLSOTIZ,O,O
JLSOTZI,O,O
JLSOITZ,O,O
JLSOIZT,O,O
JLSOZTI,O,O
JLSOZIT,O,O
JLZTISO,O,O
JLZTIOS,O,O
JLZTSIO,O,O
JLZTSOI,O,O
JLZTOIS,O,O
JLZTOSI,O,O
JLZITSO,O,O
JLZITOS,O,O
JLZISTO,O,O
JLZISOT,O,O
JLZIOTS,O,O
JLZIOST,O,O
JLZSTIO,O,O
JLZSTOI,O,O
JLZSITO,O,O
JLZSIOT,O,O
JLZSOTI,O,O
JLZSOIT,O,O
JLZOTIS,O,O
JLZOTSI,O,O
JLZOITS,O,O
JLZOIST,O,O
JLZOSTI,O,O
JLZOSIT,O,O
JLOTISZ,O,O
JLOTIZS,O,O
JLOTSIZ,O,O
JLOTSZI,O,O
JLOTZIS,O,O
JLOTZSI,O,O
JLOITSZ,O,O
JLOITZS,O,O
JLOISTZ,O,O
JLOISZT,O,O
JLOIZTS,O,O
JLOIZST,O,O
JLOSTIZ,O,O
JLOSTZI,O,O
JLOSITZ,O,O
JLOSIZT,O,O
JLOSZTI,O,O
JLOSZIT,O,O
JLOZTIS,O,O
JLOZTSI,O,O
JLOZITS,O,O
JLOZIST,O,O
JLOZSTI,O,O
JLOZSIT,O,O
JSTILZO,X,X
JSTILOZ,X,X
JSTIZLO,X,X
JSTIZOL,X,X
JSTIOLZ,X,X
JSTIOZL,X,X
JSTLIZO,X,O
JSTLIOZ,X,O
JSTLZIO,X,O
JSTLZOI,X,O
JSTLOIZ,X,O
JSTLOZI,X,O
JSTZILO,X,X
JSTZIOL,X,X
JSTZLIO,X,O
JSTZLOI,X,O
JSTZOIL,X,X
JSTZOLI,X,X
JSTOILZ,X,X
JSTOIZL,X,X
JSTOLIZ,X,X
JSTOLZI,X,X
JSTOZIL,X,X
JSTOZLI,X,X
JSITLZO,X,X
JSITLOZ,X,X
JSITZLO,X,X
JSITZOL,X,X
JSITOLZ,X,X
JSITOZL,X,X
JSILTZO,X,O
JSILTOZ,X,O
JSILZTO,X,O
JSILZOT,X,O
JSILOTZ,X,O
JSILOZT,X,O
JSIZTLO,X,X
JSIZTOL,X,X
JSIZLTO,X,O
JSIZLOT,X,O
JSIZOTL,X,X
JSIZOLT,X,X
JSIOTLZ,X,X
JSIOTZL,X,X
JSIOLTZ,X,X
JSIOLZT,X,X
JSIOZTL,X,X
JSIOZLT,X,X
JSLTIZO,O,O
JSLTIOZ,O,O
JSLTZIO,O,O
JSLTZOI,O,O
JSLTOIZ,O,O
JSLTOZI,O,O
JSLITZO,O,O
JSLITOZ,O,O
JSLIZTO,O,O
JSLIZOT,O,O
JSLIOTZ,O,O
JSLIOZT,O,O
JSLZTIO,O,O
JSLZTOI,O,O
JSLZITO,O,O
JSLZIOT,O,O
JSLZOTI,O,O
JSLZOIT,O,O
JSLOTIZ,O,O
JSLOTZI,O,O
JSLOITZ,O,O
JSLOIZT,O,O
JSLOZTI,O,O
JSLOZIT,O,O
JSZTILO,X,X
JSZTIOL,X,X
JSZTLIO,X,O
JSZTLOI,X,O
JSZTOIL,X,X
JSZTOLI,X,X
JSZITLO,X,X
JSZITOL,X,X
JSZILTO,X,O
JSZILOT,X,O
JSZIOTL,X,X
JSZIOLT,X,X
JSZLTIO,O,O
JSZLTOI,O,O
JSZLITO,O,O
JSZLIOT,O,O
JSZLOTI,O,O
JSZLOIT,O,O
JSZOTIL,X,X
JSZOTLI,X,X
JSZOITL,X,X
JSZOILT,X,X
JSZOLTI,X,O
JSZOLIT,X,O
JSOTILZ,X,X
JSOTIZL,X,X
JSOTLIZ,X,X
JSOTLZI,X,X
JSOTZIL,X,X
JSOTZLI,X,X
JSOITLZ,X,X
JSOITZL,X,X
JSOILTZ,X,X
JSOILZT,X,X
JSOIZTL,X,X
JSOIZLT,X,X
JSOLTIZ,X,O
JSOLTZI,X,O
JSOLITZ,X,O
JSOLIZT,X,O
JSOLZTI,X,O
JSOLZIT,X,O
JSOZTIL,X,X
JSOZTLI,X,X
JSOZITL,X,X
JSOZILT,X,X
JSOZLTI,X,O
JSOZLIT,X,O
JZTILSO,X,X
JZTILOS,X,X
JZTISLO,X,X
JZTISOL,X,X
JZTIOLS,X,X
JZTIOSL,X,X
JZTLISO,O,O
JZTLIOS,O,O
JZTLSIO,O,O
JZTLSOI,O,O
JZTLOIS,O,O
JZTLOSI,O,O
JZTSILO,X,X
JZTSIOL,X,X
JZTSLIO,X,O
JZTSLOI,X,O
JZTSOIL,X,X
JZTSOLI,X,X
JZTOILS,X,X
JZTOISL,X,X
JZTOLIS,X,X
JZTOLSI,X,X
JZTOSIL,X,X
JZTOSLI,X,X
JZITLSO,X,X
JZITLOS,X,X
JZITSLO,X,X
JZITSOL,X,X
JZITOLS,X,X
JZITOSL,X,X
JZILTSO,O,O
JZILTOS,O,O
JZILSTO,O,O
JZILSOT,O,O
JZILOTS,O,O
JZILOST,O,O
JZISTLO,X,X
JZISTOL,X,X
JZISLTO,X,O
JZISLOT,X,O
JZISOTL,X,X
JZISOLT,X,X
JZIOTLS,X,X
JZIOTSL,X,X
JZIOLTS,X,X
JZIOLST,X,X
JZIOSTL,X,X
JZIOSLT,X,X
JZLTISO,O,O
JZLTIOS,O,O
JZLTSIO,O,O
JZLTSOI,O,O
JZLTOIS,O,O
JZLTOSI,O,O
JZLITSO,O,O
JZLITOS,O,O
JZLISTO,O,O
JZLISOT,O,O
JZLIOTS,O,O
JZLIOST,O,O
JZLSTIO,O,O
JZLSTOI,O,O
JZLSITO,O,O
JZLSIOT,O,O
JZLSOTI,O,O
JZLSOIT,O,O
JZLOTIS,O,O
JZLOTSI,O,O
JZLOITS,O,O
JZLOIST,O,O
JZLOSTI,O,O
JZLOSIT,O,O
JZSTILO,X,X
JZSTIOL,X,X
JZSTLIO,X,O
JZSTLOI,X,O
JZSTOIL,X,X
JZSTOLI,X,X
JZSITLO,X,X
JZSITOL,X,X
JZSILTO,X,O
JZSILOT,X,O
JZSIOTL,X,X
JZSIOLT,X,X
JZSLTIO,O,O
JZSLTOI,O,O
JZSLITO,O,O
JZSLIOT,O,O
JZSLOTI,O,O
JZSLOIT,O,O
JZSOTIL,X,X
JZSOTLI,X,X
JZSOITL,X,X
JZSOILT,X,X
JZSOLTI,X,O
JZSOLIT,X,O
JZOTILS,X,X
JZOTISL,X,X
JZOTLIS,X,X
JZOTLSI,X,X
JZOTSIL,X,X
JZOTSLI,X,X
JZOITLS,X,X
JZOITSL,X,X
JZOILTS,X,X
JZOILST,X,X
JZOISTL,X,X
JZOISLT,X,X
JZOLTIS,O,O
JZOLTSI,O,O
JZOLITS,O,O
JZOLIST,O,O
JZOLSTI,O,O
JZOLSIT,O,O
JZOSTIL,X,X
JZOSTLI,X,X
JZOSITL,X,X
JZOSILT,X,X
JZOSLTI,X,O
JZOSLIT,X,O
JOTILSZ,X,X
JOTILZS,X,X
JOTISLZ,X,X
JOTISZL,X,X
JOTIZLS,X,X
JOTIZSL,X,X
JOTLISZ,X,X
JOTLIZS,X,X
JOTLSIZ,X,X
JOTLSZI,X,X
JOTLZIS,X,X
JOTLZSI,X,X
JOTSILZ,X,X
JOTSIZL,X,X
JOTSLIZ,X,X
JOTSLZI,X,X
JOTSZIL,X,X
JOTSZLI,X,X
JOTZILS,X,X
JOTZISL,X,X
JOTZLIS,X,X
JOTZLSI,X,X
JOTZSIL,X,X
JOTZSLI,X,X
JOITLSZ,X,X
JOITLZS,X,X
JOITSLZ,X,X
JOITSZL,X,X
JOITZLS,X,X
JOITZSL,X,X
JOILTSZ,X,X
JOILTZS,X,X
JOILSTZ,X,X
JOILSZT,X,X
JOILZTS,X,X
JOILZST,X,X
JOISTLZ,X,X
JOISTZL,X,X
JOISLTZ,X,X
JOISLZT,X,X
JOISZTL,X,X
JOISZLT,X,X
JOIZTLS,X,X
JOIZTSL,X,X
JOIZLTS,X,X
JOIZLST,X,X
JOIZSTL,X,X
JOIZSLT,X,X
JOLTISZ,O,O
JOLTIZS,O,O
JOLTSIZ,O,O
JOLTSZI,O,O
JOLTZIS,O,O
JOLTZSI,O,O
JOLITSZ,O,O
JOLITZS,O,O
JOLISTZ,O,O
JOLISZT,O,O
JOLIZTS,O,O
JOLIZST,O,O
JOLSTIZ,O,O
JOLSTZI,O,O
JOLSITZ,O,O
JOLSIZT,O,O
JOLSZTI,O,O
JOLSZIT,O,O
JOLZTIS,O,O
JOLZTSI,O,O
JOLZITS,O,O
JOLZIST,O,O
JOLZSTI,O,O
JOLZSIT,O,O
JOSTILZ,X,X
JOSTIZL,X,X
JOSTLIZ,X,X
JOSTLZI,X,X
JOSTZIL,X,X
JOSTZLI,X,X
JOSITLZ,X,X
JOSITZL,X,X
JOSILTZ,X,X
JOSILZT,X,X
JOSIZTL,X,X
JOSIZLT,X,X
JOSLTIZ,X,O
JOSLTZI,X,O
JOSLITZ,X,O
JOSLIZT,X,O
JOSLZTI,X,O
JOSLZIT,X,O
JOSZTIL,X,X
JOSZTLI,X,X
JOSZITL,X,X
JOSZILT,X,X
JOSZLTI,X,O
JOSZLIT,X,O
JOZTILS,X,X
JOZTISL,X,X
JOZTLIS,X,X
JOZTLSI,X,X
JOZTSIL,X,X
JOZTSLI,X,X
JOZITLS,X,X
JOZITSL,X,X
JOZILTS,X,X
JOZILST,X,X
JOZISTL,X,X
JOZISLT,X,X
JOZLTIS,O,O
JOZLTSI,O,O
JOZLITS,O,O
JOZLIST,O,O
JOZLSTI,O,O
JOZLSIT,O,O
JOZSTIL,X,X
JOZSTLI,X,X
JOZSITL,X,X
JOZSILT,X,X
JOZSLTI,X,O
JOZSLIT,X,O
STILJZO,X,X
STILJOZ,X,X
STILZJO,X,X
STILZOJ,X,X
STILOJZ,X,X
STILOZJ,X,X
STIJLZO,X,X
STIJLOZ,X,X
STIJZLO,X,X
STIJZOL,X,X
STIJOLZ,X,X
STIJOZL,X,X
STIZLJO,X,X
STIZLOJ,X,X
STIZJLO,X,X
STIZJOL,X,X
STIZOLJ,X,X
STIZOJL,X,X
STIOLJZ,X,X
STIOLZJ,X,X
STIOJLZ,X,X
STIOJZL,X,X
STIOZLJ,X,X
STIOZJL,X,X
STLIJZO,X,O
STLIJOZ,X,O
STLIZJO,X,O
STLIZOJ,X,O
STLIOJZ,X,O
STLIOZJ,X,O
STLJIZO,X,O
STLJIOZ,X,O
STLJZIO,X,O
STLJZOI,X,O
STLJOIZ,X,O
STLJOZI,X,O
STLZIJO,X,O
STLZIOJ,X,O
STLZJIO,X,O
STLZJOI,X,O
STLZOIJ,X,O
STLZOJI,X,O
STLOIJZ,X,O
STLOIZJ,X,O
STLOJIZ,X,O
STLOJZI,X,O
STLOZIJ,X,O
STLOZJI,X,O
STJILZO,X,X
STJILOZ,X,X
STJIZLO,X,X
STJIZOL,X,X
STJIOLZ,X,X
STJIOZL,X,X
STJLIZO,X,O
STJLIOZ,X,O
STJLZIO,X,O
STJLZOI,X,O
STJLOIZ,X,O
STJLOZI,X,O
STJZILO,X,X
STJZIOL,X,X
STJZLIO,X,O
STJZLOI,X,O
STJZOIL,X,X
STJZOLI,X,X
STJOILZ,X,X
STJOIZL,X,X
STJOLIZ,X,X
STJOLZI,X,X
STJOZIL,X,X
STJOZLI,X,X
STZILJO,X,X
STZILOJ,X,X
STZIJLO,X,X
STZIJOL,X,X
STZIOLJ,X,X
STZIOJL,X,X
STZLIJO,X,O
STZLIOJ,X,O
STZLJIO,X,O
STZLJOI,X,O
STZLOIJ,X,O
STZLOJI,X,O
STZJILO,X,X
STZJIOL,X,X
STZJLIO,X,O
STZJLOI,X,O
STZJOIL,X,X
STZJOLI,X,X
STZOILJ,X,X
STZOIJL,X,X
STZOLIJ,X,X
STZOLJI,X,X
STZOJIL,X,X
STZOJLI,X,X
STOILJZ,X,X
STOILZJ,X,X
STOIJLZ,X,X
STOIJZL,X,X
STOIZLJ,X,X
STOIZJL,X,X
STOLIJZ,X,X
STOLIZJ,X,X
STOLJIZ,X,X
STOLJZI,X,X
STOLZIJ,X,X
STOLZJI,X,X
STOJILZ,X,X
STOJIZL,X,X
STOJLIZ,X,X
STOJLZI,X,X
STOJZIL,X,X
STOJZLI,X,X
STOZILJ,X,X
STOZIJL,X,X
STOZLIJ,X,X
STOZLJI,X,X
STOZJIL,X,X
STOZJLI,X,X
SITLJZO,X,X
SITLJOZ,X,X
SITLZJO,X,X
SITLZOJ,X,X
SITLOJZ,X,X
SITLOZJ,X,X
SITJLZO,X,X
SITJLOZ,X,X
SITJZLO,X,X
SITJZOL,X,X
SITJOLZ,X,X
SITJOZL,X,X
SITZLJO,X,X
SITZLOJ,X,X
SITZJLO,X,X
SITZJOL,X,X
SITZOLJ,X,X
SITZOJL,X,X
SITOLJZ,X,X
SITOLZJ,X,X
SITOJLZ,X,X
SITOJZL,X,X
SITOZLJ,X,X
SITOZJL,X,X
SILTJZO,X,O
SILTJOZ,X,O
SILTZJO,X,O
SILTZOJ,X,O
SILTOJZ,X,O
SILTOZJ,X,O
SILJTZO,X,O
SILJTOZ,X,O
SILJZTO,X,O
SILJZOT,X,O
SILJOTZ,X,O
SILJOZT,X,O
SILZTJO,X,O
SILZTOJ,X,O
SILZJTO,X,O
SILZJOT,X,O
SILZOTJ,X,O
SILZOJT,X,O
SILOTJZ,X,O
SILOTZJ,X,O
SILOJTZ,X,O
SILOJZT,X,O
SILOZTJ,X,O
SILOZJT,X,O
SIJTLZO,X,X
SIJTLOZ,X,X
SIJTZLO,X,X
SIJTZOL,X,X
SIJTOLZ,X,X
SIJTOZL,X,X
SIJLTZO,X,O
SIJLTOZ,X,O
SIJLZTO,X,O
SIJLZOT,X,O
SIJLOTZ,X,O
SIJLOZT,X,O
SIJZTLO,X,X
SIJZTOL,X,X
SIJZLTO,X,O
SIJZLOT,X,O
SIJZOTL,X,X
SIJZOLT,X,X
SIJOTLZ,X,X
SIJOTZL,X,X
SIJOLTZ,X,X
SIJOLZT,X,X
SIJOZTL,X,X
SIJOZLT,X,X
SIZTLJO,X,X
SIZTLOJ,X,X
SIZTJLO,X,X
SIZTJOL,X,X
SIZTOLJ,X,X
SIZTOJL,X,X
SIZLTJO,X,O
SIZLTOJ,X,O
SIZLJTO,X,O
SIZLJOT,X,O
SIZLOTJ,X,O
SIZLOJT,X,O
SIZJTLO,X,X
SIZJTOL,X,X
SIZJLTO,X,O
SIZJLOT,X,O
SIZJOTL,X,X
SIZJOLT,X,X
SIZOTLJ,X,X
SIZOTJL,X,X
SIZOLTJ,X,X
SIZOLJT,X,X
SIZOJTL,X,X
SIZOJLT,X,X
SIOTLJZ,X,X
SIOTLZJ,X,X
SIOTJLZ,X,X
SIOTJZL,X,X
SIOTZLJ,X,X
SIOTZJL,X,X
SIOLTJZ,X,X
SIOLTZJ,X,X
SIOLJTZ,X,X
SIOLJZT,X,X
SIOLZTJ,X,X
SIOLZJT,X,X
SIOJTLZ,X,X
SIOJTZL,X,X
SIOJLTZ,X,X
SIOJLZT,X,X
SIOJZTL,X,X
SIOJZLT,X,X
SIOZTLJ,X,X
SIOZTJL,X,X
SIOZLTJ,X,X
SIOZLJT,X,X
SIOZJTL,X,X
SIOZJLT,X,X
SLTIJZO,O,O
SLTIJOZ,O,O
SLTIZJO,O,O
SLTIZOJ,O,O
SLTIOJZ,O,O
SLTIOZJ,O,O
SLTJIZO,O,O
SLTJIOZ,O,O
SLTJZIO,O,O
SLTJZOI,O,O
SLTJOIZ,O,O
SLTJOZI,O,O
SLTZIJO,O,O
SLTZIOJ,O,O
SLTZJIO,O,O
SLTZJOI,O,O
SLTZOIJ,O,O
SLTZOJI,O,O
SLTOIJZ,O,O
SLTOIZJ,O,O
SLTOJIZ,O,O
SLTOJZI,O,O
SLTOZIJ,O,O
SLTOZJI,O,O
SLITJZO,O,O
SLITJOZ,O,O
SLITZJO,O,O
SLITZOJ,O,O
SLITOJZ,O,O
SLITOZJ,O,O
SLIJTZO,O,O
SLIJTOZ,O,O
SLIJZTO,O,O
SLIJZOT,O,O
SLIJOTZ,O,O
SLIJOZT,O,O
SLIZTJO,O,O
SLIZTOJ,O,O
SLIZJTO,O,O
SLIZJOT,O,O
SLIZOTJ,O,O
SLIZOJT,O,O
SLIOTJZ,O,O
SLIOTZJ,O,O
SLIOJTZ,O,O
SLIOJZT,O,O
SLIOZTJ,O,O
SLIOZJT,O,O
SLJTIZO,O,O
SLJTIOZ,O,O
SLJTZIO,O,O
SLJTZOI,O,O
SLJTOIZ,O,O
SLJTOZI,O,O
SLJITZO,O,O
SLJITOZ,O,O
SLJIZTO,O,O
SLJIZOT,O,O
SLJIOTZ,O,O
SLJIOZT,O,O
SLJZTIO,O,O
SLJZTOI,O,O
SLJZITO,O,O
SLJZIOT,O,O
SLJZOTI,O,O
SLJZOIT,O,O
SLJOTIZ,O,O
SLJOTZI,O,O
SLJOITZ,O,O
SLJOIZT,O,O
SLJOZTI,O,O
SLJOZIT,O,O
SLZTIJO,O,O
SLZTIOJ,O,O
SLZTJIO,O,O
SLZTJOI,O,O
SLZTOIJ,O,O
SLZTOJI,O,O
SLZITJO,O,O
SLZITOJ,O,O
SLZIJTO,O,O
SLZIJOT,O,O
SLZIOTJ,O,O
SLZIOJT,O,O
SLZJTIO,O,O
SLZJTOI,O,O
SLZJITO,O,O
SLZJIOT,O,O
SLZJOTI,O,O
SLZJOIT,O,O
SLZOTIJ,O,O
SLZOTJI,O,O
SLZOITJ,O,O
SLZOIJT,O,O
SLZOJTI,O,O
SLZOJIT,O,O
SLOTIJZ,O,O
SLOTIZJ,O,O
SLOTJIZ,O,O
SLOTJZI,O,O
SLOTZIJ,O,O
SLOTZJI,O,O
SLOITJZ,O,O
SLOITZJ,O,O
SLOIJTZ,O,O
SLOIJZT,O,O
SLOIZTJ,O,O
SLOIZJT,O,O
SLOJTIZ,O,O
SLOJTZI,O,O
SLOJITZ,O,O
SLOJIZT,O,O
SLOJZTI,O,O
SLOJZIT,O,O
SLOZTIJ,O,O
SLOZTJI,O,O
SLOZITJ,O,O
SLOZIJT,O,O
SLOZJTI,O,O
SLOZJIT,O,O
SJTILZO,X,X
SJTILOZ,X,X
SJTIZLO,X,X
SJTIZOL,X,X
SJTIOLZ,X,X
SJTIOZL,X,X
SJTLIZO,X,O
SJTLIOZ,X,O
SJTLZIO,X,O
SJTLZOI,X,O
SJTLOIZ,X,O
SJTLOZI,X,O
SJTZILO,X,X
SJTZIOL,X,X
SJTZLIO,X,O
SJTZLOI,X,O
SJTZOIL,X,X
SJTZOLI,X,X
SJTOILZ,X,X
SJTOIZL,X,X
SJTOLIZ,X,X
SJTOLZI,X,X
SJTOZIL,X,X
SJTOZLI,X,X
SJITLZO,X,X
SJITLOZ,X,X
SJITZLO,X,X
SJITZOL,X,X
SJITOLZ,X,X
SJITOZL,X,X
SJILTZO,X,O
SJILTOZ,X,O
SJILZTO,X,O
SJILZOT,X,O
SJILOTZ,X,O
SJILOZT,X,O
SJIZTLO,X,X
SJIZTOL,X,X
SJIZLTO,X,O
SJIZLOT,X,O
SJIZOTL,X,X
SJIZOLT,X,X
SJIOTLZ,X,X
SJIOTZL,X,X
SJIOLTZ,X,X
SJIOLZT,X,X
SJIOZTL,X,X
SJIOZLT,X,X
SJLTIZO,O,O
SJLTIOZ,O,O
SJLTZIO,O,O
SJLTZOI,O,O
SJLTOIZ,O,O
SJLTOZI,O,O
SJLITZO,O,O
SJLITOZ,O,O
SJLIZTO,O,O
SJLIZOT,O,O
SJLIOTZ,O,O
SJLIOZT,O,O
SJLZTIO,O,O
SJLZTOI,O,O
SJLZITO,O,O
SJLZIOT,O,O
SJLZOTI,O,O
SJLZOIT,O,O
SJLOTIZ,O,O
SJLOTZI,O,O
SJLOITZ,O,O
SJLOIZT,O,O
SJLOZTI,O,O
SJLOZIT,O,O
SJZTILO,X,X
SJZTIOL,X,X
SJZTLIO,X,O
SJZTLOI,X,O
SJZTOIL,X,X
SJZTOLI,X,X
SJZITLO,X,X
SJZITOL,X,X
SJZILTO,X,O
SJZILOT,X,O
SJZIOTL,X,X
SJZIOLT,X,X
SJZLTIO,O,O
SJZLTOI,O,O
SJZLITO,O,O
SJZLIOT,O,O
SJZLOTI,O,O
SJZLOIT,O,O
SJZOTIL,X,X
SJZOTLI,X,X
SJZOITL,X,X
SJZOILT,X,X
SJZOLTI,X,O
SJZOLIT,X,O
SJOTILZ,X,X
SJOTIZL,X,X
SJOTLIZ,X,X
SJOTLZI,X,X
SJOTZIL,X,X
SJOTZLI,X,X
SJOITLZ,X,X
SJOITZL,X,X
SJOILTZ,X,X
SJOILZT,X,X
SJOIZTL,X,X
SJOIZLT,X,X
SJOLTIZ,X,O
SJOLTZI,X,O
SJOLITZ,X,O
SJOLIZT,X,O
SJOLZTI,X,O
SJOLZIT,X,O
SJOZTIL,X,X
SJOZTLI,X,X
SJOZITL,X,X
SJOZILT,X,X
SJOZLTI,X,O
SJOZLIT,X,O
SZTILJO,X,X
SZTILOJ,X,X
SZTIJLO,X,X
SZTIJOL,X,X
SZTIOLJ,X,X
SZTIOJL,X,X
SZTLIJO,X,O
SZTLIOJ,X,O
SZTLJIO,X,O
SZTLJOI,X,O
SZTLOIJ,X,O
SZTLOJI,X,O
SZTJILO,X,X
SZTJIOL,X,X
SZTJLIO,X,O
SZTJLOI,X,O
SZTJOIL,X,X
SZTJOLI,X,X
SZTOILJ,X,X
SZTOIJL,X,X
SZTOLIJ,X,X
SZTOLJI,X,X
SZTOJIL,X,X
SZTOJLI,X,X
SZITLJO,X,X
SZITLOJ,X,X
SZITJLO,X,X
SZITJOL,X,X
SZITOLJ,X,X
SZITOJL,X,X
SZILTJO,X,O
SZILTOJ,X,O
SZILJTO,X,O
SZILJOT,X,O
SZILOTJ,X,O
SZILOJT,X,O
SZIJTLO,X,X
SZIJTOL,X,X
SZIJLTO,X,O
SZIJLOT,X,O
SZIJOTL,X,X
SZIJOLT,X,X
SZIOTLJ,X,X
SZIOTJL,X,X
SZIOLTJ,X,X
SZIOLJT,X,X
SZIOJTL,X,X
SZIOJLT,X,X
SZLTIJO,O,O
SZLTIOJ,O,O
SZLTJIO,O,O
SZLTJOI,O,O
SZLTOIJ,O,O
SZLTOJI,O,O
SZLITJO,O,O
SZLITOJ,O,O
SZLIJTO,O,O
SZLIJOT,O,O
SZLIOTJ,O,O
SZLIOJT,O,O
SZLJTIO,O,O
SZLJTOI,O,O
SZLJITO,O,O
SZLJIOT,O,O
SZLJOTI,O,O
SZLJOIT,O,O
SZLOTIJ,O,O
SZLOTJI,O,O
SZLOITJ,O,O
SZLOIJT,O,O
SZLOJTI,O,O
SZLOJIT,O,O
SZJTILO,X,X
SZJTIOL,X,X
SZJTLIO,X,O
SZJTLOI,X,O
SZJTOIL,X,X
SZJTOLI,X,X
SZJITLO,X,X
SZJITOL,X,X
SZJILTO,X,O
SZJILOT,X,O
SZJIOTL,X,X
SZJIOLT,X,X
SZJLTIO,O,O
SZJLTOI,O,O
SZJLITO,O,O
SZJLIOT,O,O
SZJLOTI,O,O
SZJLOIT,O,O
SZJOTIL,X,X
SZJOTLI,X,X
SZJOITL,X,X
SZJOILT,X,X
SZJOLTI,X,O
SZJOLIT,X,O
SZOTILJ,X,X
SZOTIJL,X,X
SZOTLIJ,X,X
SZOTLJI,X,X
SZOTJIL,X,X
SZOTJLI,X,X
SZOITLJ,X,X
SZOITJL,X,X
SZOILTJ,X,X
SZOILJT,X,X
SZOIJTL,X,X
SZOIJLT,X,X
SZOLTIJ,X,O
SZOLTJI,X,O
SZOLITJ,X,O
SZOLIJT,X,O
SZOLJTI,X,O
SZOLJIT,X,O
SZOJTIL,X,X
SZOJTLI,X,X
SZOJITL,X,X
SZOJILT,X,X
SZOJLTI,X,O
SZOJLIT,X,O
SOTILJZ,X,X
SOTILZJ,X,X
SOTIJLZ,X,X
SOTIJZL,X,X
SOTIZLJ,X,X
SOTIZJL,X,X
SOTLIJZ,X,X
SOTLIZJ,X,X
SOTLJIZ,X,X
SOTLJZI,X,X
SOTLZIJ,X,X
SOTLZJI,X,X
SOTJILZ,X,X
SOTJIZL,X,X
SOTJLIZ,X,X
SOTJLZI,X,X
SOTJZIL,X,X
SOTJZLI,X,X
SOTZILJ,X,X
SOTZIJL,X,X
SOTZLIJ,X,X
SOTZLJI,X,X
SOTZJIL,X,X
SOTZJLI,X,X
SOITLJZ,X,X
SOITLZJ,X,X
SOITJLZ,X,X
SOITJZL,X,X
SOITZLJ,X,X
SOITZJL,X,X
SOILTJZ,X,X
SOILTZJ,X,X
SOILJTZ,X,X
SOILJZT,X,X
SOILZTJ,X,X
SOILZJT,X,X
SOIJTLZ,X,X
SOIJTZL,X,X
SOIJLTZ,X,X
SOIJLZT,X,X
SOIJZTL,X,X
SOIJZLT,X,X
SOIZTLJ,X,X
SOIZTJL,X,X
SOIZLTJ,X,X
SOIZLJT,X,X
SOIZJTL,X,X
SOIZJLT,X,X
SOLTIJZ,X,O
SOLTIZJ,X,O
SOLTJIZ,X,O
SOLTJZI,X,O
SOLTZIJ,X,O
SOLTZJI,X,O
SOLITJZ,X,O
SOLITZJ,X,O
SOLIJTZ,X,O
SOLIJZT,X,O
SOLIZTJ,X,O
SOLIZJT,X,O
SOLJTIZ,X,O
SOLJTZI,X,O
SOLJITZ,X,O
SOLJIZT,X,O
SOLJZTI,X,O
SOLJZIT,X,O
SOLZTIJ,X,O
SOLZTJI,X,O
SOLZITJ,X,O
SOLZIJT,X,O
SOLZJTI,X,O
SOLZJIT,X,O
SOJTILZ,X,X
SOJTIZL,X,X
SOJTLIZ,X,X
SOJTLZI,X,X
SOJTZIL,X,X
SOJTZLI,X,X
SOJITLZ,X,X
SOJITZL,X,X
SOJILTZ,X,X
SOJILZT,X,X
SOJIZTL,X,X
SOJIZLT,X,X
SOJLTIZ,X,O
SOJLTZI,X,O
SOJLITZ,X,O
SOJLIZT,X,O
SOJLZTI,X,O
SOJLZIT,X,O
SOJZTIL,X,X
SOJZTLI,X,X
SOJZITL,X,X
SOJZILT,X,X
SOJZLTI,X,O
SOJZLIT,X,O
SOZTILJ,X,X
SOZTIJL,X,X
SOZTLIJ,X,X
SOZTLJI,X,X
SOZTJIL,X,X
SOZTJLI,X,X
SOZITLJ,X,X
SOZITJL,X,X
SOZILTJ,X,X
SOZILJT,X,X
SOZIJTL,X,X
SOZIJLT,X,X
SOZLTIJ,X,O
SOZLTJI,X,O
SOZLITJ,X,O
SOZLIJT,X,O
SOZLJTI,X,O
SOZLJIT,X,O
SOZJTIL,X,X
SOZJTLI,X,X
SOZJITL,X,X
SOZJILT,X,X
SOZJLTI,X,O
SOZJLIT,X,O
ZTILJSO,X,X
ZTILJOS,X,X
ZTILSJO,X,X
ZTILSOJ,X,X
ZTILOJS,X,X
ZTILOSJ,X,X
ZTIJLSO,X,X
ZTIJLOS,X,X
ZTIJSLO,X,X
ZTIJSOL,X,X
ZTIJOLS,X,X
ZTIJOSL,X,X
ZTISLJO,X,X
ZTISLOJ,X,X
ZTISJLO,X,X
ZTISJOL,X,X
ZTISOLJ,X,X
ZTISOJL,X,X
ZTIOLJS,X,X
ZTIOLSJ,X,X
ZTIOJLS,X,X
ZTIOJSL,X,X
ZTIOSLJ,X,X
ZTIOSJL,X,X
ZTLIJSO,O,O
ZTLIJOS,O,O
ZTLISJO,O,O
ZTLISOJ,O,O
ZTLIOJS,O,O
ZTLIOSJ,O,O
ZTLJISO,O,O
ZTLJIOS,O,O
ZTLJSIO,O,O
ZTLJSOI,O,O
ZTLJOIS,O,O
ZTLJOSI,O,O
ZTLSIJO,O,O
ZTLSIOJ,O,O
ZTLSJIO,O,O
ZTLSJOI,O,O
ZTLSOIJ,O,O
ZTLSOJI,O,O
ZTLOIJS,O,O
ZTLOISJ,O,O
ZTLOJIS,O,O
ZTLOJSI,O,O
ZTLOSIJ,O,O
ZTLOSJI,O,O
ZTJILSO,X,X
ZTJILOS,X,X
ZTJISLO,X,X
ZTJISOL,X,X
ZTJIOLS,X,X
ZTJIOSL,X,X
ZTJLISO,O,O
ZTJLIOS,O,O
ZTJLSIO,O,O
ZTJLSOI,O,O
ZTJLOIS,O,O
ZTJLOSI,O,O
ZTJSILO,X,X
ZTJSIOL,X,X
ZTJSLIO,X,O
ZTJSLOI,X,O
ZTJSOIL,X,X
ZTJSOLI,X,X
ZTJOILS,X,X
ZTJOISL,X,X
ZTJOLIS,X,X
ZTJOLSI,X,X
ZTJOSIL,X,X
ZTJOSLI,X,X
ZTSILJO,X,X
ZTSILOJ,X,X
ZTSIJLO,X,X
ZTSIJOL,X,X
ZTSIOLJ,X,X
ZTSIOJL,X,X
ZTSLIJO,X,O
ZTSLIOJ,X,O
ZTSLJIO,X,O
ZTSLJOI,X,O
ZTSLOIJ,X,O
ZTSLOJI,X,O
ZTSJILO,X,X
ZTSJIOL,X,X
ZTSJLIO,X,O
ZTSJLOI,X,O
ZTSJOIL,X,X
ZTSJOLI,X,X
ZTSOILJ,X,X
ZTSOIJL,X,X
ZTSOLIJ,X,X
ZTSOLJI,X,X
ZTSOJIL,X,X
ZTSOJLI,X,X
ZTOILJS,X,X
ZTOILSJ,X,X
ZTOIJLS,X,X
ZTOIJSL,X,X
ZTOISLJ,X,X
ZTOISJL,X,X
ZTOLIJS,X,X
ZTOLISJ,X,X
ZTOLJIS,X,X
ZTOLJSI,X,X
ZTOLSIJ,X,X
ZTOLSJI,X,X
ZTOJILS,X,X
ZTOJISL,X,X
ZTOJLIS,X,X
ZTOJLSI,X,X
ZTOJSIL,X,X
ZTOJSLI,X,X
ZTOSILJ,X,X
ZTOSIJL,X,X
ZTOSLIJ,X,X
ZTOSLJI,X,X
ZTOSJIL,X,X
ZTOSJLI,X,X
ZITLJSO,X,X
ZITLJOS,X,X
ZITLSJO,X,X
ZITLSOJ,X,X
ZITLOJS,X,X
ZITLOSJ,X,X
ZITJLSO,X,X
ZITJLOS,X,X
ZITJSLO,X,X
ZITJSOL,X,X
ZITJOLS,X,X
ZITJOSL,X,X
ZITSLJO,X,X
ZITSLOJ,X,X
ZITSJLO,X,X
ZITSJOL,X,X
ZITSOLJ,X,X
ZITSOJL,X,X
ZITOLJS,X,X
ZITOLSJ,X,X
ZITOJLS,X,X
ZITOJSL,X,X
ZITOSLJ,X,X
ZITOSJL,X,X
ZILTJSO,O,O
ZILTJOS,O,O
ZILTSJO,O,O
ZILTSOJ,O,O
ZILTOJS,O,O
ZILTOSJ,O,O
ZILJTSO,O,O
ZILJTOS,O,O
ZILJSTO,O,O
ZILJSOT,O,O
ZILJOTS,O,O
ZILJOST,O,O
ZILSTJO,O,O
ZILSTOJ,O,O
ZILSJTO,O,O
ZILSJOT,O,O
ZILSOTJ,O,O
ZILSOJT,O,O
ZILOTJS,O,O
ZILOTSJ,O,O
ZILOJTS,O,O
ZILOJST,O,O
ZILOSTJ,O,O
ZILOSJT,O,O
ZIJTLSO,X,X
ZIJTLOS,X,X
ZIJTSLO,X,X
ZIJTSOL,X,X
ZIJTOLS,X,X
ZIJTOSL,X,X
ZIJLTSO,O,O
ZIJLTOS,O,O
ZIJLSTO,O,O
ZIJLSOT,O,O
ZIJLOTS,O,O
ZIJLOST,O,O
ZIJSTLO,X,X
ZIJSTOL,X,X
ZIJSLTO,X,O
ZIJSLOT,X,O
ZIJSOTL,X,X
ZIJSOLT,X,X
ZIJOTLS,X,X
ZIJOTSL,X,X
ZIJOLTS,X,X
ZIJOLST,X,X
ZIJOSTL,X,X
ZIJOSLT,X,X
ZISTLJO,X,X
ZISTLOJ,X,X
ZISTJLO,X,X
ZISTJOL,X,X
ZISTOLJ,X,X
ZISTOJL,X,X
ZISLTJO,X,O
ZISLTOJ,X,O
ZISLJTO,X,O
ZISLJOT,X,O
ZISLOTJ,X,O
ZISLOJT,X,O
ZISJTLO,X,X
ZISJTOL,X,X
ZISJLTO,X,O
ZISJLOT,X,O
ZISJOTL,X,X
ZISJOLT,X,X
ZISOTLJ,X,X
ZISOTJL,X,X
ZISOLTJ,X,X
ZISOLJT,X,X
ZISOJTL,X,X
ZISOJLT,X,X
ZIOTLJS,X,X
ZIOTLSJ,X,X
ZIOTJLS,X,X
ZIOTJSL,X,X
ZIOTSLJ,X,X
ZIOTSJL,X,X
ZIOLTJS,X,X
ZIOLTSJ,X,X
ZIOLJTS,X,X
ZIOLJST,X,X
ZIOLSTJ,X,X
ZIOLSJT,X,X
ZIOJTLS,X,X
ZIOJTSL,X,X
ZIOJLTS,X,X
ZIOJLST,X,X
ZIOJSTL,X,X
ZIOJSLT,X,X
ZIOSTLJ,X,X
ZIOSTJL,X,X
ZIOSLTJ,X,X
ZIOSLJT,X,X
ZIOSJTL,X,X
ZIOSJLT,X,X
ZLTIJSO,O,O
ZLTIJOS,O,O
ZLTISJO,O,O
ZLTISOJ,O,O
ZLTIOJS,O,O
ZLTIOSJ,O,O
ZLTJISO,O,O
ZLTJIOS,O,O
ZLTJSIO,O,O
ZLTJSOI,O,O
ZLTJOIS,O,O
ZLTJOSI,O,O
ZLTSIJO,O,O
ZLTSIOJ,O,O
ZLTSJIO,O,O
ZLTSJOI,O,O
ZLTSOIJ,O,O
ZLTSOJI,O,O
ZLTOIJS,O,O
ZLTOISJ,O,O
ZLTOJIS,O,O
ZLTOJSI,O,O
ZLTOSIJ,O,O
ZLTOSJI,O,O
ZLITJSO,O,O
ZLITJOS,O,O
ZLITSJO,O,O
ZLITSOJ,O,O
ZLITOJS,O,O
ZLITOSJ,O,O
ZLIJTSO,O,O
ZLIJTOS,O,O
ZLIJSTO,O,O
ZLIJSOT,O,O
ZLIJOTS,O,O
ZLIJOST,O,O
ZLISTJO,O,O
ZLISTOJ,O,O
ZLISJTO,O,O
ZLISJOT,O,O
ZLISOTJ,O,O
ZLISOJT,O,O
ZLIOTJS,O,O
ZLIOTSJ,O,O
ZLIOJTS,O,O
ZLIOJST,O,O
ZLIOSTJ,O,O
ZLIOSJT,O,O
ZLJTISO,O,O
ZLJTIOS,O,O
ZLJTSIO,O,O
ZLJTSOI,O,O
ZLJTOIS,O,O
ZLJTOSI,O,O
ZLJITSO,O,O
ZLJITOS,O,O
ZLJISTO,O,O
ZLJISOT,O,O
ZLJIOTS,O,O
ZLJIOST,O,O
ZLJSTIO,O,O
ZLJSTOI,O,O
ZLJSITO,O,O
ZLJSIOT,O,O
ZLJSOTI,O,O
ZLJSOIT,O,O
ZLJOTIS,O,O
ZLJOTSI,O,O
ZLJOITS,O,O
ZLJOIST,O,O
ZLJOSTI,O,O
ZLJOSIT,O,O
ZLSTIJO,O,O
ZLSTIOJ,O,O
ZLSTJIO,O,O
ZLSTJOI,O,O
ZLSTOIJ,O,O
ZLSTOJI,O,O
ZLSITJO,O,O
ZLSITOJ,O,O
ZLSIJTO,O,O
ZLSIJOT,O,O
ZLSIOTJ,O,O
ZLSIOJT,O,O
ZLSJTIO,O,O
ZLSJTOI,O,O
ZLSJITO,O,O
ZLSJIOT,O,O
ZLSJOTI,O,O
ZLSJOIT,O,O
ZLSOTIJ,O,O
ZLSOTJI,O,O
ZLSOITJ,O,O
ZLSOIJT,O,O
ZLSOJTI,O,O
ZLSOJIT,O,O
ZLOTIJS,O,O
ZLOTISJ,O,O
ZLOTJIS,O,O
ZLOTJSI,O,O
ZLOTSIJ,O,O
ZLOTSJI,O,O
ZLOITJS,O,O
ZLOITSJ,O,O
ZLOIJTS,O,O
ZLOIJST,O,O
ZLOISTJ,O,O
ZLOISJT,O,O
ZLOJTIS,O,O
ZLOJTSI,O,O
ZLOJITS,O,O
ZLOJIST,O,O
ZLOJSTI,O,O
ZLOJSIT,O,O
ZLOSTIJ,O,O
ZLOSTJI,O,O
ZLOSITJ,O,O
ZLOSIJT,O,O
ZLOSJTI,O,O
ZLOSJIT,O,O
ZJTILSO,X,X
ZJTILOS,X,X
ZJTISLO,X,X
ZJTISOL,X,X
ZJTIOLS,X,X
ZJTIOSL,X,X
ZJTLISO,O,O
ZJTLIOS,O,O
ZJTLSIO,O,O
ZJTLSOI,O,O
ZJTLOIS,O,O
ZJTLOSI,O,O
ZJTSILO,X,X
ZJTSIOL,X,X
ZJTSLIO,X,O
ZJTSLOI,X,O
ZJTSOIL,X,X
ZJTSOLI,X,X
ZJTOILS,X,X
ZJTOISL,X,X
ZJTOLIS,X,X
ZJTOLSI,X,X
ZJTOSIL,X,X
ZJTOSLI,X,X
ZJITLSO,X,X
ZJITLOS,X,X
ZJITSLO,X,X
ZJITSOL,X,X
ZJITOLS,X,X
ZJITOSL,X,X
ZJILTSO,O,O
ZJILTOS,O,O
ZJILSTO,O,O
ZJILSOT,O,O
ZJILOTS,O,O
ZJILOST,O,O
ZJISTLO,X,X
ZJISTOL,X,X
ZJISLTO,X,O
ZJISLOT,X,O
ZJISOTL,X,X
ZJISOLT,X,X
ZJIOTLS,X,X
ZJIOTSL,X,X
ZJIOLTS,X,X
ZJIOLST,X,X
ZJIOSTL,X,X
ZJIOSLT,X,X
ZJLTISO,O,O
ZJLTIOS,O,O
ZJLTSIO,O,O
ZJLTSOI,O,O
ZJLTOIS,O,O
ZJLTOSI,O,O
ZJLITSO,O,O
ZJLITOS,O,O
ZJLISTO,O,O
ZJLISOT,O,O
ZJLIOTS,O,O
ZJLIOST,O,O
ZJLSTIO,O,O
ZJLSTOI,O,O
ZJLSITO,O,O
ZJLSIOT,O,O
ZJLSOTI,O,O
ZJLSOIT,O,O
ZJLOTIS,O,O
ZJLOTSI,O,O
ZJLOITS,O,O
ZJLOIST,O,O
ZJLOSTI,O,O
ZJLOSIT,O,O
ZJSTILO,X,X
ZJSTIOL,X,X
ZJSTLIO,X,O
ZJSTLOI,X,O
ZJSTOIL,X,X
ZJSTOLI,X,X
ZJSITLO,X,X
ZJSITOL,X,X
ZJSILTO,X,O
ZJSILOT,X,O
ZJSIOTL,X,X
ZJSIOLT,X,X
ZJSLTIO,O,O
ZJSLTOI,O,O
ZJSLITO,O,O
ZJSLIOT,O,O
ZJSLOTI,O,O
ZJSLOIT,O,O
ZJSOTIL,X,X
ZJSOTLI,X,X
ZJSOITL,X,X
ZJSOILT,X,X
ZJSOLTI,X,O
ZJSOLIT,X,O
ZJOTILS,X,X
ZJOTISL,X,X
ZJOTLIS,X,X
ZJOTLSI,X,X
ZJOTSIL,X,X
ZJOTSLI,X,X
ZJOITLS,X,X
ZJOITSL,X,X
ZJOILTS,X,X
ZJOILST,X,X
ZJOISTL,X,X
ZJOISLT,X,X
ZJOLTIS,O,O
ZJOLTSI,O,O
ZJOLITS,O,O
ZJOLIST,O,O
ZJOLSTI,O,O
ZJOLSIT,O,O
ZJOSTIL,X,X
ZJOSTLI,X,X
ZJOSITL,X,X
ZJOSILT,X,X
ZJOSLTI,X,O
ZJOSLIT,X,O
ZSTILJO,X,X
ZSTILOJ,X,X
ZSTIJLO,X,X
ZSTIJOL,X,X
ZSTIOLJ,X,X
ZSTIOJL,X,X
ZSTLIJO,X,O
ZSTLIOJ,X,O
ZSTLJIO,X,O
ZSTLJOI,X,O
ZSTLOIJ,X,O
ZSTLOJI,X,O
ZSTJILO,X,X
ZSTJIOL,X,X
ZSTJLIO,X,O
ZSTJLOI,X,O
ZSTJOIL,X,X
ZSTJOLI,X,X
ZSTOILJ,X,X
ZSTOIJL,X,X
ZSTOLIJ,X,X
ZSTOLJI,X,X
ZSTOJIL,X,X
ZSTOJLI,X,X
ZSITLJO,X,X
ZSITLOJ,X,X
ZSITJLO,X,X
ZSITJOL,X,X
ZSITOLJ,X,X
ZSITOJL,X,X
ZSILTJO,X,O
ZSILTOJ,X,O
ZSILJTO,X,O
ZSILJOT,X,O
ZSILOTJ,X,O
ZSILOJT,X,O
ZSIJTLO,X,X
ZSIJTOL,X,X
ZSIJLTO,X,O
ZSIJLOT,X,O
ZSIJOTL,X,X
ZSIJOLT,X,X
ZSIOTLJ,X,X
ZSIOTJL,X,X
ZSIOLTJ,X,X
ZSIOLJT,X,X
ZSIOJTL,X,X
ZSIOJLT,X,X
ZSLTIJO,O,O
ZSLTIOJ,O,O
ZSLTJIO,O,O
ZSLTJOI,O,O
ZSLTOIJ,O,O
ZSLTOJI,O,O
ZSLITJO,O,O
ZSLITOJ,O,O
ZSLIJTO,O,O
ZSLIJOT,O,O
ZSLIOTJ,O,O
ZSLIOJT,O,O
ZSLJTIO,O,O
ZSLJTOI,O,O
ZSLJITO,O,O
ZSLJIOT,O,O
ZSLJOTI,O,O
ZSLJOIT,O,O
ZSLOTIJ,O,O
ZSLOTJI,O,O
ZSLOITJ,O,O
ZSLOIJT,O,O
ZSLOJTI,O,O
ZSLOJIT,O,O
ZSJTILO,X,X
ZSJTIOL,X,X
ZSJTLIO,X,O
ZSJTLOI,X,O
ZSJTOIL,X,X
ZSJTOLI,X,X
ZSJITLO,X,X
ZSJITOL,X,X
ZSJILTO,X,O
ZSJILOT,X,O
ZSJIOTL,X,X
ZSJIOLT,X,X
ZSJLTIO,O,O
ZSJLTOI,O,O
ZSJLITO,O,O
ZSJLIOT,O,O
ZSJLOTI,O,O
ZSJLOIT,O,O
ZSJOTIL,X,X
ZSJOTLI,X,X
ZSJOITL,X,X
ZSJOILT,X,X
ZSJOLTI,X,O
ZSJOLIT,X,O
ZSOTILJ,X,X
ZSOTIJL,X,X
ZSOTLIJ,X,X
ZSOTLJI,X,X
ZSOTJIL,X,X
ZSOTJLI,X,X
ZSOITLJ,X,X
ZSOITJL,X,X
ZSOILTJ,X,X
ZSOILJT,X,X
ZSOIJTL,X,X
ZSOIJLT,X,X
ZSOLTIJ,X,O
ZSOLTJI,X,O
ZSOLITJ,X,O
ZSOLIJT,X,O
ZSOLJTI,X,O
ZSOLJIT,X,O
ZSOJTIL,X,X
ZSOJTLI,X,X
ZSOJITL,X,X
ZSOJILT,X,X
ZSOJLTI,X,O
ZSOJLIT,X,O
ZOTILJS,X,X
ZOTILSJ,X,X
ZOTIJLS,X,X
ZOTIJSL,X,X
ZOTISLJ,X,X
ZOTISJL,X,X
ZOTLIJS,X,X
ZOTLISJ,X,X
ZOTLJIS,X,X
ZOTLJSI,X,X
ZOTLSIJ,X,X
ZOTLSJI,X,X
ZOTJILS,X,X
ZOTJISL,X,X
ZOTJLIS,X,X
ZOTJLSI,X,X
ZOTJSIL,X,X
ZOTJSLI,X,X
ZOTSILJ,X,X
ZOTSIJL,X,X
ZOTSLIJ,X,X
ZOTSLJI,X,X
ZOTSJIL,X,X
ZOTSJLI,X,X
ZOITLJS,X,X
ZOITLSJ,X,X
ZOITJLS,X,X
ZOITJSL,X,X
ZOITSLJ,X,X
ZOITSJL,X,X
ZOILTJS,X,X
ZOILTSJ,X,X
ZOILJTS,X,X
ZOILJST,X,X
ZOILSTJ,X,X
ZOILSJT,X,X
ZOIJTLS,X,X
ZOIJTSL,X,X
ZOIJLTS,X,X
ZOIJLST,X,X
ZOIJSTL,X,X
ZOIJSLT,X,X
ZOISTLJ,X,X
ZOISTJL,X,X
ZOISLTJ,X,X
ZOISLJT,X,X
ZOISJTL,X,X
ZOISJLT,X,X
ZOLTIJS,O,O
ZOLTISJ,O,O
ZOLTJIS,O,O
ZOLTJSI,O,O
ZOLTSIJ,O,O
ZOLTSJI,O,O
ZOLITJS,O,O
ZOLITSJ,O,O
ZOLIJTS,O,O
ZOLIJST,O,O
ZOLISTJ,O,O
ZOLISJT,O,O
ZOLJTIS,O,O
ZOLJTSI,O,O
ZOLJITS,O,O
ZOLJIST,O,O
ZOLJSTI,O,O
ZOLJSIT,O,O
ZOLSTIJ,O,O
ZOLSTJI,O,O
ZOLSITJ,O,O
ZOLSIJT,O,O
ZOLSJTI,O,O
ZOLSJIT,O,O
ZOJTILS,X,X
ZOJTISL,X,X
ZOJTLIS,X,X
ZOJTLSI,X,X
ZOJTSIL,X,X
ZOJTSLI,X,X
ZOJITLS,X,X
ZOJITSL,X,X
ZOJILTS,X,X
ZOJILST,X,X
ZOJISTL,X,X
ZOJISLT,X,X
ZOJLTIS,O,O
ZOJLTSI,O,O
ZOJLITS,O,O
ZOJLIST,O,O
ZOJLSTI,O,O
ZOJLSIT,O,O
ZOJSTIL,X,X
ZOJSTLI,X,X
ZOJSITL,X,X
ZOJSILT,X,X
ZOJSLTI,X,O
ZOJSLIT,X,O
ZOSTILJ,X,X
ZOSTIJL,X,X
ZOSTLIJ,X,X
ZOSTLJI,X,X
ZOSTJIL,X,X
ZOSTJLI,X,X
ZOSITLJ,X,X
ZOSITJL,X,X
ZOSILTJ,X,X
ZOSILJT,X,X
ZOSIJTL,X,X
ZOSIJLT,X,X
ZOSLTIJ,X,O
ZOSLTJI,X,O
ZOSLITJ,X,O
ZOSLIJT,X,O
ZOSLJTI,X,O
ZOSLJIT,X,O
ZOSJTIL,X,X
ZOSJTLI,X,X
ZOSJITL,X,X
ZOSJILT,X,X
ZOSJLTI,X,O
ZOSJLIT,X,O
OTILJSZ,X,X
OTILJZS,X,X
OTILSJZ,X,X
OTILSZJ,X,X
OTILZJS,X,X
OTILZSJ,X,X
OTIJLSZ,X,X
OTIJLZS,X,X
OTIJSLZ,X,X
OTIJSZL,X,X
OTIJZLS,X,X
OTIJZSL,X,X
OTISLJZ,X,X
OTISLZJ,X,X
OTISJLZ,X,X
OTISJZL,X,X
OTISZLJ,X,X
OTISZJL,X,X
OTIZLJS,X,X
OTIZLSJ,X,X
OTIZJLS,X,X
OTIZJSL,X,X
OTIZSLJ,X,X
OTIZSJL,X,X
OTLIJSZ,X,X
OTLIJZS,X,X
OTLISJZ,X,X
OTLISZJ,X,X
OTLIZJS,X,X
OTLIZSJ,X,X
OTLJISZ,X,X
OTLJIZS,X,X
OTLJSIZ,X,X
OTLJSZI,X,X
OTLJZIS,X,X
OTLJZSI,X,X
OTLSIJZ,X,X
OTLSIZJ,X,X
OTLSJIZ,X,X
OTLSJZI,X,X
OTLSZIJ,X,X
OTLSZJI,X,X
OTLZIJS,X,X
OTLZISJ,X,X
OTLZJIS,X,X
OTLZJSI,X,X
OTLZSIJ,X,X
OTLZSJI,X,X
OTJILSZ,X,X
OTJILZS,X,X
OTJISLZ,X,X
OTJISZL,X,X
OTJIZLS,X,X
OTJIZSL,X,X
OTJLISZ,X,X
OTJLIZS,X,X
OTJLSIZ,X,X
OTJLSZI,X,X
OTJLZIS,X,X
OTJLZSI,X,X
OTJSILZ,X,X
OTJSIZL,X,X
OTJSLIZ,X,X
OTJSLZI,X,X
OTJSZIL,X,X
OTJSZLI,X,X
OTJZILS,X,X
OTJZISL,X,X
OTJZLIS,X,X
OTJZLSI,X,X
OTJZSIL,X,X
OTJZSLI,X,X
OTSILJZ,X,X
OTSILZJ,X,X
OTSIJLZ,X,X
OTSIJZL,X,X
OTSIZLJ,X,X
OTSIZJL,X,X
OTSLIJZ,X,X
OTSLIZJ,X,X
OTSLJIZ,X,X
OTSLJZI,X,X
OTSLZIJ,X,X
OTSLZJI,X,X
OTSJILZ,X,X
OTSJIZL,X,X
OTSJLIZ,X,X
OTSJLZI,X,X
OTSJZIL,X,X
OTSJZLI,X,X
OTSZILJ,X,X
OTSZIJL,X,X
OTSZLIJ,X,X
OTSZLJI,X,X
OTSZJIL,X,X
OTSZJLI,X,X
OTZILJS,X,X
OTZILSJ,X,X
OTZIJLS,X,X
OTZIJSL,X,X
OTZISLJ,X,X
OTZISJL,X,X
OTZLIJS,X,X
OTZLISJ,X,X
OTZLJIS,X,X
OTZLJSI,X,X
OTZLSIJ,X,X
OTZLSJI,X,X
OTZJILS,X,X
OTZJISL,X,X
OTZJLIS,X,X
OTZJLSI,X,X
OTZJSIL,X,X
OTZJSLI,X,X
OTZSILJ,X,X
OTZSIJL,X,X
OTZSLIJ,X,X
OTZSLJI,X,X
OTZSJIL,X,X
OTZSJLI,X,X
OITLJSZ,X,X
OITLJZS,X,X
OITLSJZ,X,X
OITLSZJ,X,X
OITLZJS,X,X
OITLZSJ,X,X
OITJLSZ,X,X
OITJLZS,X,X
OITJSLZ,X,X
OITJSZL,X,X
OITJZLS,X,X
OITJZSL,X,X
OITSLJZ,X,X
OITSLZJ,X,X
OITSJLZ,X,X
OITSJZL,X,X
OITSZLJ,X,X
OITSZJL,X,X
OITZLJS,X,X
OITZLSJ,X,X
OITZJLS,X,X
OITZJSL,X,X
OITZSLJ,X,X
OITZSJL,X,X
OILTJSZ,X,X
OILTJZS,X,X
OILTSJZ,X,X
OILTSZJ,X,X
OILTZJS,X,X
OILTZSJ,X,X
OILJTSZ,X,X
OILJTZS,X,X
OILJSTZ,X,X
OILJSZT,X,X
OILJZTS,X,X
OILJZST,X,X
OILSTJZ,X,X
OILSTZJ,X,X
OILSJTZ,X,X
OILSJZT,X,X
OILSZTJ,X,X
OILSZJT,X,X
OILZTJS,X,X
OILZTSJ,X,X
OILZJTS,X,X
OILZJST,X,X
OILZSTJ,X,X
OILZSJT,X,X
OIJTLSZ,X,X
OIJTLZS,X,X
OIJTSLZ,X,X
OIJTSZL,X,X
OIJTZLS,X,X
OIJTZSL,X,X
OIJLTSZ,X,X
OIJLTZS,X,X
OIJLSTZ,X,X
OIJLSZT,X,X
OIJLZTS,X,X
OIJLZST,X,X
OIJSTLZ,X,X
OIJSTZL,X,X
OIJSLTZ,X,X
OIJSLZT,X,X
OIJSZTL,X,X
OIJSZLT,X,X
OIJZTLS,X,X
OIJZTSL,X,X
OIJZLTS,X,X
OIJZLST,X,X
OIJZSTL,X,X
OIJZSLT,X,X
OISTLJZ,X,X
OISTLZJ,X,X
OISTJLZ,X,X
OISTJZL,X,X
OISTZLJ,X,X
OISTZJL,X,X
OISLTJZ,X,X
OISLTZJ,X,X
OISLJTZ,X,X
OISLJZT,X,X
OISLZTJ,X,X
OISLZJT,X,X
OISJTLZ,X,X
OISJTZL,X,X
OISJLTZ,X,X
OISJLZT,X,X
OISJZTL,X,X
OISJZLT,X,X
OISZTLJ,X,X
OISZTJL,X,X
OISZLTJ,X,X
OISZLJT,X,X
OISZJTL,X,X
OISZJLT,X,X
OIZTLJS,X,X
OIZTLSJ,X,X
OIZTJLS,X,X
OIZTJSL,X,X
OIZTSLJ,X,X
OIZTSJL,X,X
OIZLTJS,X,X
OIZLTSJ,X,X
OIZLJTS,X,X
OIZLJST,X,X
OIZLSTJ,X,X
OIZLSJT,X,X
OIZJTLS,X,X
OIZJTSL,X,X
OIZJLTS,X,X
OIZJLST,X,X
OIZJSTL,X,X
OIZJSLT,X,X
OIZSTLJ,X,X
OIZSTJL,X,X
OIZSLTJ,X,X
OIZSLJT,X,X
OIZSJTL,X,X
OIZSJLT,X,X
OLTIJSZ,O,O
OLTIJZS,O,O
OLTISJZ,O,O
OLTISZJ,O,O
OLTIZJS,O,O
OLTIZSJ,O,O
OLTJISZ,O,O
OLTJIZS,O,O
OLTJSIZ,O,O
OLTJSZI,O,O
OLTJZIS,O,O
OLTJZSI,O,O
OLTSIJZ,O,O
OLTSIZJ,O,O
OLTSJIZ,O,O
OLTSJZI,O,O
OLTSZIJ,O,O
OLTSZJI,O,O
OLTZIJS,O,O
OLTZISJ,O,O
OLTZJIS,O,O
OLTZJSI,O,O
OLTZSIJ,O,O
OLTZSJI,O,O
OLITJSZ,O,O
OLITJZS,O,O
OLITSJZ,O,O
OLITSZJ,O,O
OLITZJS,O,O
OLITZSJ,O,O
OLIJTSZ,O,O
OLIJTZS,O,O
OLIJSTZ,O,O
OLIJSZT,O,O
OLIJZTS,O,O
OLIJZST,O,O
OLISTJZ,O,O
OLISTZJ,O,O
OLISJTZ,O,O
OLISJZT,O,O
OLISZTJ,O,O
OLISZJT,O,O
OLIZTJS,O,O
OLIZTSJ,O,O
OLIZJTS,O,O
OLIZJST,O,O
OLIZSTJ,O,O
OLIZSJT,O,O
OLJTISZ,O,O
OLJTIZS,O,O
OLJTSIZ,O,O
OLJTSZI,O,O
OLJTZIS,O,O
OLJTZSI,O,O
OLJITSZ,O,O
OLJITZS,O,O
OLJISTZ,O,O
OLJISZT,O,O
OLJIZTS,O,O
OLJIZST,O,O
OLJSTIZ,O,O
OLJSTZI,O,O
OLJSITZ,O,O
OLJSIZT,O,O
OLJSZTI,O,O
OLJSZIT,O,O
OLJZTIS,O,O
OLJZTSI,O,O
OLJZITS,O,O
OLJZIST,O,O
OLJZSTI,O,O
OLJZSIT,O,O
OLSTIJZ,O,O
OLSTIZJ,O,O
OLSTJIZ,O,O
OLSTJZI,O,O
OLSTZIJ,O,O
OLSTZJI,O,O
OLSITJZ,O,O
OLSITZJ,O,O
OLSIJTZ,O,O
OLSIJZT,O,O
OLSIZTJ,O,O
OLSIZJT,O,O
OLSJTIZ,O,O
OLSJTZI,O,O
OLSJITZ,O,O
OLSJIZT,O,O
OLSJZTI,O,O
OLSJZIT,O,O
OLSZTIJ,O,O
OLSZTJI,O,O
OLSZITJ,O,O
OLSZIJT,O,O
OLSZJTI,O,O
OLSZJIT,O,O
OLZTIJS,O,O
OLZTISJ,O,O
OLZTJIS,O,O
OLZTJSI,O,O
OLZTSIJ,O,O
OLZTSJI,O,O
OLZITJS,O,O
OLZITSJ,O,O
OLZIJTS,O,O
OLZIJST,O,O
OLZISTJ,O,O
OLZISJT,O,O
OLZJTIS,O,O
OLZJTSI,O,O
OLZJITS,O,O
OLZJIST,O,O
OLZJSTI,O,O
OLZJSIT,O,O
OLZSTIJ,O,O
OLZSTJI,O,O
OLZSITJ,O,O
OLZSIJT,O,O
OLZSJTI,O,O
OLZSJIT,O,O
OJTILSZ,X,X
OJTILZS,X,X
OJTISLZ,X,X
OJTISZL,X,X
OJTIZLS,X,X
OJTIZSL,X,X
OJTLISZ,X,X
OJTLIZS,X,X
OJTLSIZ,X,X
OJTLSZI,X,X
OJTLZIS,X,X
OJTLZSI,X,X
OJTSILZ,X,X
OJTSIZL,X,X
OJTSLIZ,X,X
OJTSLZI,X,X
OJTSZIL,X,X
OJTSZLI,X,X
OJTZILS,X,X
OJTZISL,X,X
OJTZLIS,X,X
OJTZLSI,X,X
OJTZSIL,X,X
OJTZSLI,X,X
OJITLSZ,X,X
OJITLZS,X,X
OJITSLZ,X,X
OJITSZL,X,X
OJITZLS,X,X
OJITZSL,X,X
OJILTSZ,X,X
OJILTZS,X,X
OJILSTZ,X,X
OJILSZT,X,X
OJILZTS,X,X
OJILZST,X,X
OJISTLZ,X,X
OJISTZL,X,X
OJISLTZ,X,X
OJISLZT,X,X
OJISZTL,X,X
OJISZLT,X,X
OJIZTLS,X,X
OJIZTSL,X,X
OJIZLTS,X,X
OJIZLST,X,X
OJIZSTL,X,X
OJIZSLT,X,X
OJLTISZ,O,O
OJLTIZS,O,O
OJLTSIZ,O,O
OJLTSZI,O,O
OJLTZIS,O,O
OJLTZSI,O,O
OJLITSZ,O,O
OJLITZS,O,O
OJLISTZ,O,O
OJLISZT,O,O
OJLIZTS,O,O
OJLIZST,O,O
OJLSTIZ,O,O
OJLSTZI,O,O
OJLSITZ,O,O
OJLSIZT,O,O
OJLSZTI,O,O
OJLSZIT,O,O
OJLZTIS,O,O
OJLZTSI,O,O
OJLZITS,O,O
OJLZIST,O,O
OJLZSTI,O,O
OJLZSIT,O,O
OJSTILZ,X,X
OJSTIZL,X,X
OJSTLIZ,X,X
OJSTLZI,X,X
OJSTZIL,X,X
OJSTZLI,X,X
OJSITLZ,X,X
OJSITZL,X,X
OJSILTZ,X,X
OJSILZT,X,X
OJSIZTL,X,X
OJSIZLT,X,X
OJSLTIZ,X,O
OJSLTZI,X,O
OJSLITZ,X,O
OJSLIZT,X,O
OJSLZTI,X,O
OJSLZIT,X,O
OJSZTIL,X,X
OJSZTLI,X,X
OJSZITL,X,X
OJSZILT,X,X
OJSZLTI,X,O
OJSZLIT,X,O
OJZTILS,X,X
OJZTISL,X,X
OJZTLIS,X,X
OJZTLSI,X,X
OJZTSIL,X,X
OJZTSLI,X,X
OJZITLS,X,X
OJZITSL,X,X
OJZILTS,X,X
OJZILST,X,X
OJZISTL,X,X
OJZISLT,X,X
OJZLTIS,O,O
OJZLTSI,O,O
OJZLITS,O,O
OJZLIST,O,O
OJZLSTI,O,O
OJZLSIT,O,O
OJZSTIL,X,X
OJZSTLI,X,X
OJZSITL,X,X
OJZSILT,X,X
OJZSLTI,X,O
OJZSLIT,X,O
OSTILJZ,X,X
OSTILZJ,X,X
OSTIJLZ,X,X
OSTIJZL,X,X
OSTIZLJ,X,X
OSTIZJL,X,X
OSTLIJZ,X,X
OSTLIZJ,X,X
OSTLJIZ,X,X
OSTLJZI,X,X
OSTLZIJ,X,X
OSTLZJI,X,X
OSTJILZ,X,X
OSTJIZL,X,X
OSTJLIZ,X,X
OSTJLZI,X,X
OSTJZIL,X,X
OSTJZLI,X,X
OSTZILJ,X,X
OSTZIJL,X,X
OSTZLIJ,X,X
OSTZLJI,X,X
OSTZJIL,X,X
OSTZJLI,X,X
OSITLJZ,X,X
OSITLZJ,X,X
OSITJLZ,X,X
OSITJZL,X,X
OSITZLJ,X,X
OSITZJL,X,X
OSILTJZ,X,X
OSILTZJ,X,X
OSILJTZ,X,X
OSILJZT,X,X
OSILZTJ,X,X
OSILZJT,X,X
OSIJTLZ,X,X
OSIJTZL,X,X
OSIJLTZ,X,X
OSIJLZT,X,X
OSIJZTL,X,X
OSIJZLT,X,X
OSIZTLJ,X,X
OSIZTJL,X,X
OSIZLTJ,X,X
OSIZLJT,X,X
OSIZJTL,X,X
OSIZJLT,X,X
OSLTIJZ,X,O
OSLTIZJ,X,O
OSLTJIZ,X,O
OSLTJZI,X,O
OSLTZIJ,X,O
OSLTZJI,X,O
OSLITJZ,X,O
OSLITZJ,X,O
OSLIJTZ,X,O
OSLIJZT,X,O
OSLIZTJ,X,O
OSLIZJT,X,O
OSLJTIZ,X,O
OSLJTZI,X,O
OSLJITZ,X,O
OSLJIZT,X,O
OSLJZTI,X,O
OSLJZIT,X,O
OSLZTIJ,X,O
OSLZTJI,X,O
OSLZITJ,X,O
OSLZIJT,X,O
OSLZJTI,X,O
OSLZJIT,X,O
OSJTILZ,X,X
OSJTIZL,X,X
OSJTLIZ,X,X
OSJTLZI,X,X
OSJTZIL,X,X
OSJTZLI,X,X
OSJITLZ,X,X
OSJITZL,X,X
OSJILTZ,X,X
OSJILZT,X,X
OSJIZTL,X,X
OSJIZLT,X,X
OSJLTIZ,X,O
OSJLTZI,X,O
OSJLITZ,X,O
OSJLIZT,X,O
OSJLZTI,X,O
OSJLZIT,X,O
OSJZTIL,X,X
OSJZTLI,X,X
OSJZITL,X,X
OSJZILT,X,X
OSJZLTI,X,O
OSJZLIT,X,O
OSZTILJ,X,X
OSZTIJL,X,X
OSZTLIJ,X,X
OSZTLJI,X,X
OSZTJIL,X,X
OSZTJLI,X,X
OSZITLJ,X,X
OSZITJL,X,X
OSZILTJ,X,X
OSZILJT,X,X
OSZIJTL,X,X
OSZIJLT,X,X
OSZLTIJ,X,O
OSZLTJI,X,O
OSZLITJ,X,O
OSZLIJT,X,O
OSZLJTI,X,O
OSZLJIT,X,O
OSZJTIL,X,X
OSZJTLI,X,X
OSZJITL,X,X
OSZJILT,X,X
OSZJLTI,X,O
OSZJLIT,X,O
OZTILJS,X,X
OZTILSJ,X,X
OZTIJLS,X,X
OZTIJSL,X,X
OZTISLJ,X,X
OZTISJL,X,X
OZTLIJS,X,X
OZTLISJ,X,X
OZTLJIS,X,X
OZTLJSI,X,X
OZTLSIJ,X,X
OZTLSJI,X,X
OZTJILS,X,X
OZTJISL,X,X
OZTJLIS,X,X
OZTJLSI,X,X
OZTJSIL,X,X
OZTJSLI,X,X
OZTSILJ,X,X
OZTSIJL,X,X
OZTSLIJ,X,X
OZTSLJI,X,X
OZTSJIL,X,X
OZTSJLI,X,X
OZITLJS,X,X
OZITLSJ,X,X
OZITJLS,X,X
OZITJSL,X,X
OZITSLJ,X,X
OZITSJL,X,X
OZILTJS,X,X
OZILTSJ,X,X
OZILJTS,X,X
OZILJST,X,X
OZILSTJ,X,X
OZILSJT,X,X
OZIJTLS,X,X
OZIJTSL,X,X
OZIJLTS,X,X
OZIJLST,X,X
OZIJSTL,X,X
OZIJSLT,X,X
OZISTLJ,X,X
OZISTJL,X,X
OZISLTJ,X,X
OZISLJT,X,X
OZISJTL,X,X
OZISJLT,X,X
OZLTIJS,O,O
OZLTISJ,O,O
OZLTJIS,O,O
OZLTJSI,O,O
OZLTSIJ,O,O
OZLTSJI,O,O
OZLITJS,O,O
OZLITSJ,O,O
OZLIJTS,O,O
OZLIJST,O,O
OZLISTJ,O,O
OZLISJT,O,O
OZLJTIS,O,O
OZLJTSI,O,O
OZLJITS,O,O
OZLJIST,O,O
OZLJSTI,O,O
OZLJSIT,O,O
OZLSTIJ,O,O
OZLSTJI,O,O
OZLSITJ,O,O
OZLSIJT,O,O
OZLSJTI,O,O
OZLSJIT,O,O
OZJTILS,X,X
OZJTISL,X,X
OZJTLIS,X,X
OZJTLSI,X,X
OZJTSIL,X,X
OZJTSLI,X,X
OZJITLS,X,X
OZJITSL,X,X
OZJILTS,X,X
OZJILST,X,X
OZJISTL,X,X
OZJISLT,X,X
OZJLTIS,O,O
OZJLTSI,O,O
OZJLITS,O,O
OZJLIST,O,O
OZJLSTI,O,O
OZJLSIT,O,O
OZJSTIL,X,X
OZJSTLI,X,X
OZJSITL,X,X
OZJSILT,X,X
OZJSLTI,X,O
OZJSLIT,X,O
OZSTILJ,X,X
OZSTIJL,X,X
OZSTLIJ,X,X
OZSTLJI,X,X
OZSTJIL,X,X
OZSTJLI,X,X
OZSITLJ,X,X
OZSITJL,X,X
OZSILTJ,X,X
OZSILJT,X,X
OZSIJTL,X,X
OZSIJLT,X,X
OZSLTIJ,X,O
OZSLTJI,X,O
OZSLITJ,X,O
OZSLIJT,X,O
OZSLJTI,X,O
OZSLJIT,X,O
OZSJTIL,X,X
OZSJTLI,X,X
OZSJITL,X,X
OZSJILT,X,X
OZSJLTI,X,O
OZSJLIT,X,O
