sequence,v115@5gA8DeB8CeF8CeH8AeI8AeF8Jei6IvhFzYBpUBsQBO?QBllB3hB,v115@5gA8DeB8CeF8CeH8AeI8AeF8Jei6IvhFzYBpUBsQBO?QB3XBlWB
TILJSZO,O,O
TILJSOZ,O,O
TILJZSO,O,O
TILJZOS,O,O
TILJOSZ,O,O
TILJOZS,O,O
TILSJZO,O,O
TILSJOZ,O,O
TILSZJO,O,O
TILSZOJ,O,O
TILSOJZ,O,O
TILSOZJ,O,O
TILZJSO,O,O
TILZJOS,O,O
TILZSJO,O,O
TILZSOJ,O,O
TILZOJS,O,O
TILZOSJ,O,O
TILOJSZ,O,O
TILOJZS,O,O
TILOSJZ,O,O
TILOSZJ,O,O
TILOZJS,O,O
TILOZSJ,O,O
TIJLSZO,O,X
TIJLSOZ,O,X
TIJLZSO,O,X
TIJLZOS,O,X
TIJLOSZ,O,X
TIJLOZS,O,X
TIJSLZO,O,X
TIJSLOZ,O,X
TIJSZLO,X,X
TIJSZOL,X,X
TIJSOLZ,O,X
TIJSOZL,X,X
TIJZLSO,X,X
TIJZLOS,X,X
TIJZSLO,X,X
TIJZSOL,X,X
TIJZOLS,X,X
TIJZOSL,X,X
TIJOLSZ,O,X
TIJOLZS,O,X
TIJOSLZ,O,X
TIJOSZL,X,X
TIJOZLS,X,X
TIJOZSL,X,X
TISLJZO,O,O
TISLJOZ,O,O
TISLZJO,O,O
TISLZOJ,O,O
TISLOJZ,O,O
TISLOZJ,O,O
TISJLZO,O,X
TISJLOZ,O,X
TISJZLO,X,X
TISJZOL,X,X
TISJOLZ,O,X
TISJOZL,X,X
TISZLJO,O,X
TISZLOJ,O,X
TISZJLO,X,X
TISZJOL,X,X
TISZOLJ,O,X
TISZOJL,X,X
TISOLJZ,O,O
TISOLZJ,O,O
TISOJLZ,O,X
TISOJZL,X,X
TISOZLJ,O,X
TISOZJL,X,X
TIZLJSO,O,X
TIZLJOS,O,X
TIZLSJO,O,X
TIZLSOJ,O,X
TIZLOJS,O,X
TIZLOSJ,O,X
TIZJLSO,X,X
TIZJLOS,X,X
TIZJSLO,X,X
TIZJSOL,X,X
TIZJOLS,X,X
TIZJOSL,X,X
TIZSLJO,O,X
TIZSLOJ,O,X
TIZSJLO,X,X
TIZSJOL,X,X
TIZSOLJ,O,X
TIZSOJL,X,X
TIZOLJS,O,X
TIZOLSJ,O,X
TIZOJLS,X,X
TIZOJSL,X,X
TIZOSLJ,O,X
TIZOSJL,X,X
TIOLJSZ,O,O
TIOLJZS,O,O
TIOLSJZ,O,O
TIOLSZJ,O,O
TIOLZJS,O,O
TIOLZSJ,O,O
TIOJLSZ,O,X
TIOJLZS,O,X
TIOJSLZ,O,X
TIOJSZL,X,X
TIOJZLS,X,X
TIOJZSL,X,X
TIOSLJZ,O,O
TIOSLZJ,O,O
TIOSJLZ,O,X
TIOSJZL,X,X
TIOSZLJ,O,X
TIOSZJL,X,X
TIOZLJS,O,X
TIOZLSJ,O,X
TIOZJLS,X,X
TIOZJSL,X,X
TIOZSLJ,O,X
TIOZSJL,X,X
TLIJSZO,O,O
TLIJSOZ,O,O
TLIJZSO,O,O
TLIJZOS,O,O
TLIJOSZ,O,O
TLIJOZS,O,O
TLISJZO,O,O
TLISJOZ,O,O
TLISZJO,O,O
TLISZOJ,O,O
TLISOJZ,O,O
TLISOZJ,O,O
TLIZJSO,O,O
TLIZJOS,O,O
TLIZSJO,O,O
TLIZSOJ,O,O
TLIZOJS,O,O
TLIZOSJ,O,O
TLIOJSZ,O,O
TLIOJZS,O,O
TLIOSJZ,O,O
TLIOSZJ,O,O
TLIOZJS,O,O
TLIOZSJ,O,O
TLJISZO,O,O
TLJISOZ,O,O
TLJIZSO,O,O
TLJIZOS,O,O
TLJIOSZ,O,O
TLJIOZS,O,O
TLJSIZO,O,O
TLJSIOZ,O,O
TLJSZIO,O,O
TLJSZOI,O,O
TLJSOIZ,O,O
TLJSOZI,O,O
TLJZISO,O,O
TLJZIOS,O,O
TLJZSIO,O,O
TLJZSOI,O,O
TLJZOIS,O,O
TLJZOSI,O,O
TLJOISZ,O,O
TLJOIZS,O,O
TLJOSIZ,O,O
TLJOSZI,O,O
TLJOZIS,O,O
TLJOZSI,O,O
TLSIJZO,O,O
TLSIJOZ,O,O
TLSIZJO,O,O
TLSIZOJ,O,O
TLSIOJZ,O,O
TLSIOZJ,O,O
TLSJIZO,O,O
TLSJIOZ,O,O
TLSJZIO,O,O
TLSJZOI,O,O
TLSJOIZ,O,O
TLSJOZI,O,O
TLSZIJO,O,O
TLSZIOJ,O,O
TLSZJIO,O,O
TLSZJOI,O,O
TLSZOIJ,O,O
TLSZOJI,O,O
TLSOIJZ,O,O
TLSOIZJ,O,O
TLSOJIZ,O,O
TLSOJZI,O,O
TLSOZIJ,O,O
TLSOZJI,O,O
TLZIJSO,O,O
TLZIJOS,O,O
TLZISJO,O,O
TLZISOJ,O,O
TLZIOJS,O,O
TLZIOSJ,O,O
TLZJISO,O,O
TLZJIOS,O,O
TLZJSIO,O,O
TLZJSOI,O,O
TLZJOIS,O,O
TLZJOSI,O,O
TLZSIJO,O,O
TLZSIOJ,O,O
TLZSJIO,O,O
TLZSJOI,O,O
TLZSOIJ,O,O
TLZSOJI,O,O
TLZOIJS,O,O
TLZOISJ,O,O
TLZOJIS,O,O
TLZOJSI,O,O
TLZOSIJ,O,O
TLZOSJI,O,O
TLOIJSZ,O,O
TLOIJZS,O,O
TLOISJZ,O,O
TLOISZJ,O,O
TLOIZJS,O,O
TLOIZSJ,O,O
TLOJISZ,O,O
TLOJIZS,O,O
TLOJSIZ,O,O
TLOJSZI,O,O
TLOJZIS,O,O
TLOJZSI,O,O
TLOSIJZ,O,O
TLOSIZJ,O,O
TLOSJIZ,O,O
TLOSJZI,O,O
TLOSZIJ,O,O
TLOSZJI,O,O
TLOZIJS,O,O
TLOZISJ,O,O
TLOZJIS,O,O
TLOZJSI,O,O
TLOZSIJ,O,O
TLOZSJI,O,O
TJILSZO,O,X
TJILSOZ,O,X
TJILZSO,O,X
TJILZOS,O,X
TJILOSZ,O,X
TJILOZS,O,X
TJISLZO,O,X
TJISLOZ,O,X
TJISZLO,X,X
TJISZOL,X,X
TJISOLZ,O,X
TJISOZL,X,X
TJIZLSO,X,X
TJIZLOS,X,X
TJIZSLO,X,X
TJIZSOL,X,X
TJIZOLS,X,X
TJIZOSL,X,X
TJIOLSZ,O,X
TJIOLZS,O,X
TJIOSLZ,O,X
TJIOSZL,X,X
TJIOZLS,X,X
TJIOZSL,X,X
TJLISZO,O,X
TJLISOZ,O,X
TJLIZSO,O,X
TJLIZOS,O,X
TJLIOSZ,O,X
TJLIOZS,O,X
TJLSIZO,O,X
TJLSIOZ,O,X
TJLSZIO,O,X
TJLSZOI,O,X
TJLSOIZ,O,X
TJLSOZI,O,X
TJLZISO,O,X
TJLZIOS,O,X
TJLZSIO,O,X
TJLZSOI,O,X
TJLZOIS,O,X
TJLZOSI,O,X
TJLOISZ,O,X
TJLOIZS,O,X
TJLOSIZ,O,X
TJLOSZI,O,X
TJLOZIS,O,X
TJLOZSI,O,X
TJSILZO,O,X
TJSILOZ,O,X
TJSIZLO,X,X
TJSIZOL,X,X
TJSIOLZ,O,X
TJSIOZL,X,X
TJSLIZO,O,X
TJSLIOZ,O,X
TJSLZIO,O,X
TJSLZOI,O,X
TJSLOIZ,O,X
TJSLOZI,O,X
TJSZILO,X,X
TJSZIOL,X,X
TJSZLIO,X,X
TJSZLOI,X,X
TJSZOIL,X,X
TJSZOLI,X,X
TJSOILZ,O,X
TJSOIZL,X,X
TJSOLIZ,O,X
TJSOLZI,O,X
TJSOZIL,X,X
TJSOZLI,X,X
TJZILSO,X,X
TJZILOS,X,X
TJZISLO,X,X
TJZISOL,X,X
TJZIOLS,X,X
TJZIOSL,X,X
TJZLISO,X,X
TJZLIOS,X,X
TJZLSIO,X,X
TJZLSOI,X,X
TJZLOIS,X,X
TJZLOSI,X,X
TJZSILO,X,X
TJZSIOL,X,X
TJZSLIO,X,X
TJZSLOI,X,X
TJZSOIL,X,X
TJZSOLI,X,X
TJZOILS,X,X
TJZOISL,X,X
TJZOLIS,X,X
TJZOLSI,X,X
TJZOSIL,X,X
TJZOSLI,X,X
TJOILSZ,O,X
TJOILZS,O,X
TJOISLZ,O,X
TJOISZL,X,X
TJOIZLS,X,X
TJOIZSL,X,X
TJOLISZ,O,X
TJOLIZS,O,X
TJOLSIZ,O,X
TJOLSZI,O,X
TJOLZIS,O,X
TJOLZSI,O,X
TJOSILZ,O,X
TJOSIZL,X,X
TJOSLIZ,O,X
TJOSLZI,O,X
TJOSZIL,X,X
TJOSZLI,X,X
TJOZILS,X,X
TJOZISL,X,X
TJOZLIS,X,X
TJOZLSI,X,X
TJOZSIL,X,X
TJOZSLI,X,X
TSILJZO,O,O
TSILJOZ,O,O
TSILZJO,O,O
TSILZOJ,O,O
TSILOJZ,O,O
TSILOZJ,O,O
TSIJLZO,O,X
TSIJLOZ,O,X
TSIJZLO,X,X
TSIJZOL,X,X
TSIJOLZ,O,X
TSIJOZL,X,X
TSIZLJO,O,X
TSIZLOJ,O,X
TSIZJLO,X,X
TSIZJOL,X,X
TSIZOLJ,O,X
TSIZOJL,X,X
TSIOLJZ,O,O
TSIOLZJ,O,O
TSIOJLZ,O,X
TSIOJZL,X,X
TSIOZLJ,O,X
TSIOZJL,X,X
TSLIJZO,O,O
TSLIJOZ,O,O
TSLIZJO,O,O
TSLIZOJ,O,O
TSLIOJZ,O,O
TSLIOZJ,O,O
TSLJIZO,O,O
TSLJIOZ,O,O
TSLJZIO,O,O
TSLJZOI,O,O
TSLJOIZ,O,O
TSLJOZI,O,O
TSLZIJO,O,O
TSLZIOJ,O,O
TSLZJIO,O,O
TSLZJOI,O,O
TSLZOIJ,O,O
TSLZOJI,O,O
TSLOIJZ,O,O
TSLOIZJ,O,O
TSLOJIZ,O,O
TSLOJZI,O,O
TSLOZIJ,O,O
TSLOZJI,O,O
TSJILZO,O,X
TSJILOZ,O,X
TSJIZLO,X,X
TSJIZOL,X,X
TSJIOLZ,O,X
TSJIOZL,X,X
TSJLIZO,O,X
TSJLIOZ,O,X
TSJLZIO,O,X
TSJLZOI,O,X
TSJLOIZ,O,X
TSJLOZI,O,X
TSJZILO,X,X
TSJZIOL,X,X
TSJZLIO,X,X
TSJZLOI,X,X
TSJZOIL,X,X
TSJZOLI,X,X
TSJOILZ,O,X
TSJOIZL,X,X
TSJOLIZ,O,X
TSJOLZI,O,X
TSJOZIL,X,X
TSJOZLI,X,X
TSZILJO,O,X
TSZILOJ,O,X
TSZIJLO,X,X
TSZIJOL,X,X
TSZIOLJ,O,X
TSZIOJL,X,X
TSZLIJO,O,X
TSZLIOJ,O,X
TSZLJIO,O,X
TSZLJOI,O,X
TSZLOIJ,O,X
TSZLOJI,O,X
TSZJILO,X,X
TSZJIOL,X,X
TSZJLIO,X,X
TSZJLOI,X,X
TSZJOIL,X,X
TSZJOLI,X,X
TSZOILJ,O,X
TSZOIJL,X,X
TSZOLIJ,O,X
TSZOLJI,O,X
TSZOJIL,X,X
TSZOJLI,X,X
TSOILJZ,O,O
TSOILZJ,O,O
TSOIJLZ,O,X
TSOIJZL,X,X
TSOIZLJ,O,X
TSOIZJL,X,X
TSOLIJZ,O,O
TSOLIZJ,O,O
TSOLJIZ,O,O
TSOLJZI,O,O
TSOLZIJ,O,O
TSOLZJI,O,O
TSOJILZ,O,X
TSOJIZL,X,X
TSOJLIZ,O,X
TSOJLZI,O,X
TSOJZIL,X,X
TSOJZLI,X,X
TSOZILJ,O,X
TSOZIJL,X,X
TSOZLIJ,O,X
TSOZLJI,O,X
TSOZJIL,X,X
TSOZJLI,X,X
TZILJSO,O,X
TZILJOS,O,X
TZILSJO,O,X
TZILSOJ,O,X
TZILOJS,O,X
TZILOSJ,O,X
TZIJLSO,X,X
TZIJLOS,X,X
TZIJSLO,X,X
TZIJSOL,X,X
TZIJOLS,X,X
TZIJOSL,X,X
TZISLJO,O,X
TZISLOJ,O,X
TZISJLO,X,X
TZISJOL,X,X
TZISOLJ,O,X
TZISOJL,X,X
TZIOLJS,O,X
TZIOLSJ,O,X
TZIOJLS,X,X
TZIOJSL,X,X
TZIOSLJ,O,X
TZIOSJL,X,X
TZLIJSO,O,X
TZLIJOS,O,X
TZLISJO,O,X
TZLISOJ,O,X
TZLIOJS,O,X
TZLIOSJ,O,X
TZLJISO,O,X
TZLJIOS,O,X
TZLJSIO,O,X
TZLJSOI,O,X
TZLJOIS,O,X
TZLJOSI,O,X
TZLSIJO,O,X
TZLSIOJ,O,X
TZLSJIO,O,X
TZLSJOI,O,X
TZLSOIJ,O,X
TZLSOJI,O,X
TZLOIJS,O,X
TZLOISJ,O,X
TZLOJIS,O,X
TZLOJSI,O,X
TZLOSIJ,O,X
TZLOSJI,O,X
TZJILSO,X,X
TZJILOS,X,X
TZJISLO,X,X
TZJISOL,X,X
TZJIOLS,X,X
TZJIOSL,X,X
TZJLISO,X,X
TZJLIOS,X,X
TZJLSIO,X,X
TZJLSOI,X,X
TZJLOIS,X,X
TZJLOSI,X,X
TZJSILO,X,X
TZJSIOL,X,X
TZJSLIO,X,X
TZJSLOI,X,X
TZJSOIL,X,X
TZJSOLI,X,X
TZJOILS,X,X
TZJOISL,X,X
TZJOLIS,X,X
TZJOLSI,X,X
TZJOSIL,X,X
TZJOSLI,X,X
TZSILJO,O,X
TZSILOJ,O,X
TZSIJLO,X,X
TZSIJOL,X,X
TZSIOLJ,O,X
TZSIOJL,X,X
TZSLIJO,O,X
TZSLIOJ,O,X
TZSLJIO,O,X
TZSLJOI,O,X
TZSLOIJ,O,X
TZSLOJI,O,X
TZSJILO,X,X
TZSJIOL,X,X
TZSJLIO,X,X
TZSJLOI,X,X
TZSJOIL,X,X
TZSJOLI,X,X
TZSOILJ,O,X
TZSOIJL,X,X
TZSOLIJ,O,X
TZSOLJI,O,X
TZSOJIL,X,X
TZSOJLI,X,X
TZOILJS,O,X
TZOILSJ,O,X
TZOIJLS,X,X
TZOIJSL,X,X
TZOISLJ,O,X
TZOISJL,X,X
TZOLIJS,O,X
TZOLISJ,O,X
TZOLJIS,O,X
TZOLJSI,O,X
TZOLSIJ,O,X
TZOLSJI,O,X
TZOJILS,X,X
TZOJISL,X,X
TZOJLIS,X,X
TZOJLSI,X,X
TZOJSIL,X,X
TZOJSLI,X,X
TZOSILJ,O,X
TZOSIJL,X,X
TZOSLIJ,O,X
TZOSLJI,O,X
TZOSJIL,X,X
TZOSJLI,X,X
TOILJSZ,O,O
TOILJZS,O,O
TOILSJZ,O,O
TOILSZJ,O,O
TOILZJS,O,O
TOILZSJ,O,O
TOIJLSZ,O,X
TOIJLZS,O,X
TOIJSLZ,O,X
TOIJSZL,X,X
TOIJZLS,X,X
TOIJZSL,X,X
TOISLJZ,O,O
TOISLZJ,O,O
TOISJLZ,O,X
TOISJZL,X,X
TOISZLJ,O,X
TOISZJL,X,X
TOIZLJS,O,X
TOIZLSJ,O,X
TOIZJLS,X,X
TOIZJSL,X,X
TOIZSLJ,O,X
TOIZSJL,X,X
TOLIJSZ,O,O
TOLIJZS,O,O
TOLISJZ,O,O
TOLISZJ,O,O
TOLIZJS,O,O
TOLIZSJ,O,O
TOLJISZ,O,O
TOLJIZS,O,O
TOLJSIZ,O,O
TOLJSZI,O,O
TOLJZIS,O,O
TOLJZSI,O,O
TOLSIJZ,O,O
TOLSIZJ,O,O
TOLSJIZ,O,O
TOLSJZI,O,O
TOLSZIJ,O,O
TOLSZJI,O,O
TOLZIJS,O,O
TOLZISJ,O,O
TOLZJIS,O,O
TOLZJSI,O,O
TOLZSIJ,O,O
TOLZSJI,O,O
TOJILSZ,O,X
TOJILZS,O,X
TOJISLZ,O,X
TOJISZL,X,X
TOJIZLS,X,X
TOJIZSL,X,X
TOJLISZ,O,X
TOJLIZS,O,X
TOJLSIZ,O,X
TOJLSZI,O,X
TOJLZIS,O,X
TOJLZSI,O,X
TOJSILZ,O,X
TOJSIZL,X,X
TOJSLIZ,O,X
TOJSLZI,O,X
TOJSZIL,X,X
TOJSZLI,X,X
TOJZILS,X,X
TOJZISL,X,X
TOJZLIS,X,X
TOJZLSI,X,X
TOJZSIL,X,X
TOJZSLI,X,X
TOSILJZ,O,O
TOSILZJ,O,O
TOSIJLZ,O,X
TOSIJZL,X,X
TOSIZLJ,O,X
TOSIZJL,X,X
TOSLIJZ,O,O
TOSLIZJ,O,O
TOSLJIZ,O,O
TOSLJZI,O,O
TOSLZIJ,O,O
TOSLZJI,O,O
TOSJILZ,O,X
TOSJIZL,X,X
TOSJLIZ,O,X
TOSJLZI,O,X
TOSJZIL,X,X
TOSJZLI,X,X
TOSZILJ,O,X
TOSZIJL,X,X
TOSZLIJ,O,X
TOSZLJI,O,X
TOSZJIL,X,X
TOSZJLI,X,X
TOZILJS,O,X
TOZILSJ,O,X
TOZIJLS,X,X
TOZIJSL,X,X
TOZISLJ,O,X
TOZISJL,X,X
TOZLIJS,O,X
TOZLISJ,O,X
TOZLJIS,O,X
TOZLJSI,O,X
TOZLSIJ,O,X
TOZLSJI,O,X
TOZJILS,X,X
TOZJISL,X,X
TOZJLIS,X,X
TOZJLSI,X,X
TOZJSIL,X,X
TOZJSLI,X,X
TOZSILJ,O,X
TOZSIJL,X,X
TOZSLIJ,O,X
TOZSLJI,O,X
TOZSJIL,X,X
TOZSJLI,X,X
ITLJSZO,O,O
ITLJSOZ,O,O
ITLJZSO,O,O
ITLJZOS,O,O
ITLJOSZ,O,O
ITLJOZS,O,O
ITLSJZO,O,O
ITLSJOZ,O,O
ITLSZJO,O,O
ITLSZOJ,O,O
ITLSOJZ,O,O
ITLSOZJ,O,O
ITLZJSO,O,O
ITLZJOS,O,O
ITLZSJO,O,O
ITLZSOJ,O,O
ITLZOJS,O,O
ITLZOSJ,O,O
ITLOJSZ,O,O
ITLOJZS,O,O
ITLOSJZ,O,O
ITLOSZJ,O,O
ITLOZJS,O,O
ITLOZSJ,O,O
ITJLSZO,O,X
ITJLSOZ,O,X
ITJLZSO,O,X
ITJLZOS,O,X
ITJLOSZ,O,X
ITJLOZS,O,X
ITJSLZO,O,X
ITJSLOZ,O,X
ITJSZLO,X,X
ITJSZOL,X,X
ITJSOLZ,O,X
ITJSOZL,X,X
ITJZLSO,X,X
ITJZLOS,X,X
ITJZSLO,X,X
ITJZSOL,X,X
ITJZOLS,X,X
ITJZOSL,X,X
ITJOLSZ,O,X
ITJOLZS,O,X
ITJOSLZ,O,X
ITJOSZL,X,X
ITJOZLS,X,X
ITJOZSL,X,X
ITSLJZO,O,O
ITSLJOZ,O,O
ITSLZJO,O,O
ITSLZOJ,O,O
ITSLOJZ,O,O
ITSLOZJ,O,O
ITSJLZO,O,X
ITSJLOZ,O,X
ITSJZLO,X,X
ITSJZOL,X,X
ITSJOLZ,O,X
ITSJOZL,X,X
ITSZLJO,O,X
ITSZLOJ,O,X
ITSZJLO,X,X
ITSZJOL,X,X
ITSZOLJ,O,X
ITSZOJL,X,X
ITSOLJZ,O,O
ITSOLZJ,O,O
ITSOJLZ,O,X
ITSOJZL,X,X
ITSOZLJ,O,X
ITSOZJL,X,X
ITZLJSO,O,X
ITZLJOS,O,X
ITZLSJO,O,X
ITZLSOJ,O,X
ITZLOJS,O,X
ITZLOSJ,O,X
ITZJLSO,X,X
ITZJLOS,X,X
ITZJSLO,X,X
ITZJSOL,X,X
ITZJOLS,X,X
ITZJOSL,X,X
ITZSLJO,O,X
ITZSLOJ,O,X
ITZSJLO,X,X
ITZSJOL,X,X
ITZSOLJ,O,X
ITZSOJL,X,X
ITZOLJS,O,X
ITZOLSJ,O,X
ITZOJLS,X,X
ITZOJSL,X,X
ITZOSLJ,O,X
ITZOSJL,X,X
ITOLJSZ,O,O
ITOLJZS,O,O
ITOLSJZ,O,O
ITOLSZJ,O,O
ITOLZJS,O,O
ITOLZSJ,O,O
ITOJLSZ,O,X
ITOJLZS,O,X
ITOJSLZ,O,X
ITOJSZL,X,X
ITOJZLS,X,X
ITOJZSL,X,X
ITOSLJZ,O,O
ITOSLZJ,O,O
ITOSJLZ,O,X
ITOSJZL,X,X
ITOSZLJ,O,X
ITOSZJL,X,X
ITOZLJS,O,X
ITOZLSJ,O,X
ITOZJLS,X,X
ITOZJSL,X,X
ITOZSLJ,O,X
ITOZSJL,X,X
ILTJSZO,O,O
ILTJSOZ,O,O
ILTJZSO,O,O
ILTJZOS,O,O
ILTJOSZ,O,O
ILTJOZS,O,O
ILTSJZO,O,O
ILTSJOZ,O,O
ILTSZJO,O,O
ILTSZOJ,O,O
ILTSOJZ,O,O
ILTSOZJ,O,O
ILTZJSO,O,O
ILTZJOS,O,O
ILTZSJO,O,O
ILTZSOJ,O,O
ILTZOJS,O,O
ILTZOSJ,O,O
ILTOJSZ,O,O
ILTOJZS,O,O
ILTOSJZ,O,O
ILTOSZJ,O,O
ILTOZJS,O,O
ILTOZSJ,O,O
ILJTSZO,O,O
ILJTSOZ,O,O
ILJTZSO,O,O
ILJTZOS,O,O
ILJTOSZ,O,O
ILJTOZS,O,O
ILJSTZO,O,O
ILJSTOZ,O,O
ILJSZTO,O,O
ILJSZOT,O,O
ILJSOTZ,O,O
ILJSOZT,O,O
ILJZTSO,O,O
ILJZTOS,O,O
ILJZSTO,O,O
ILJZSOT,O,O
ILJZOTS,O,O
ILJZOST,O,O
ILJOTSZ,O,O
ILJOTZS,O,O
ILJOSTZ,O,O
ILJOSZT,O,O
ILJOZTS,O,O
ILJOZST,O,O
ILSTJZO,O,O
ILSTJOZ,O,O
ILSTZJO,O,O
ILSTZOJ,O,O
ILSTOJZ,O,O
ILSTOZJ,O,O
ILSJTZO,O,O
ILSJTOZ,O,O
ILSJZTO,O,O
ILSJZOT,O,O
ILSJOTZ,O,O
ILSJOZT,O,O
ILSZTJO,O,O
ILSZTOJ,O,O
ILSZJTO,O,O
ILSZJOT,O,O
ILSZOTJ,O,O
ILSZOJT,O,O
ILSOTJZ,O,O
ILSOTZJ,O,O
ILSOJTZ,O,O
ILSOJZT,O,O
ILSOZTJ,O,O
ILSOZJT,O,O
ILZTJSO,O,O
ILZTJOS,O,O
ILZTSJO,O,O
ILZTSOJ,O,O
ILZTOJS,O,O
ILZTOSJ,O,O
ILZJTSO,O,O
ILZJTOS,O,O
ILZJSTO,O,O
ILZJSOT,O,O
ILZJOTS,O,O
ILZJOST,O,O
ILZSTJO,O,O
ILZSTOJ,O,O
ILZSJTO,O,O
ILZSJOT,O,O
ILZSOTJ,O,O
ILZSOJT,O,O
ILZOTJS,O,O
ILZOTSJ,O,O
ILZOJTS,O,O
ILZOJST,O,O
ILZOSTJ,O,O
ILZOSJT,O,O
ILOTJSZ,O,O
ILOTJZS,O,O
ILOTSJZ,O,O
ILOTSZJ,O,O
ILOTZJS,O,O
ILOTZSJ,O,O
ILOJTSZ,O,O
ILOJTZS,O,O
ILOJSTZ,O,O
ILOJSZT,O,O
ILOJZTS,O,O
ILOJZST,O,O
ILOSTJZ,O,O
ILOSTZJ,O,O
ILOSJTZ,O,O
ILOSJZT,O,O
ILOSZTJ,O,O
ILOSZJT,O,O
ILOZTJS,O,O
ILOZTSJ,O,O
ILOZJTS,O,O
ILOZJST,O,O
ILOZSTJ,O,O
ILOZSJT,O,O
IJTLSZO,O,X
IJTLSOZ,O,X
IJTLZSO,O,X
IJTLZOS,O,X
IJTLOSZ,O,X
IJTLOZS,O,X
IJTSLZO,O,X
IJTSLOZ,O,X
IJTSZLO,X,X
IJTSZOL,X,X
IJTSOLZ,O,X
IJTSOZL,X,X
IJTZLSO,X,X
IJTZLOS,X,X
IJTZSLO,X,X
IJTZSOL,X,X
IJTZOLS,X,X
IJTZOSL,X,X
IJTOLSZ,O,X
IJTOLZS,O,X
IJTOSLZ,O,X
IJTOSZL,X,X
IJTOZLS,X,X
IJTOZSL,X,X
IJLTSZO,O,O
IJLTSOZ,O,O
IJLTZSO,O,O
IJLTZOS,O,O
IJLTOSZ,O,O
IJLTOZS,O,O
IJLSTZO,O,O
IJLSTOZ,O,O
IJLSZTO,O,O
IJLSZOT,O,O
IJLSOTZ,O,O
IJLSOZT,O,O
IJLZTSO,O,O
IJLZTOS,O,O
IJLZSTO,O,O
IJLZSOT,O,O
IJLZOTS,O,O
IJLZOST,O,O
IJLOTSZ,O,O
IJLOTZS,O,O
IJLOSTZ,O,O
IJLOSZT,O,O
IJLOZTS,O,O
IJLOZST,O,O
IJSTLZO,X,X
IJSTLOZ,X,X
IJSTZLO,X,X
IJSTZOL,X,X
IJSTOLZ,X,X
IJSTOZL,X,X
IJSLTZO,X,O
IJSLTOZ,X,O
IJSLZTO,X,O
IJSLZOT,X,O
IJSLOTZ,X,O
IJSLOZT,X,O
IJSZTLO,X,X
IJSZTOL,X,X
IJSZLTO,X,X
IJSZLOT,X,X
IJSZOTL,X,X
IJSZOLT,X,X
IJSOTLZ,X,X
IJSOTZL,X,X
IJSOLTZ,X,O
IJSOLZT,X,O
IJSOZTL,X,X
IJSOZLT,X,X
IJZTLSO,X,X
IJZTLOS,X,X
IJZTSLO,X,X
IJZTSOL,X,X
IJZTOLS,X,X
IJZTOSL,X,X
IJZLTSO,X,X
IJZLTOS,X,X
IJZLSTO,X,X
IJZLSOT,X,X
IJZLOTS,X,X
IJZLOST,X,X
IJZSTLO,X,X
IJZSTOL,X,X
IJZSLTO,X,X
IJZSLOT,X,X
IJZSOTL,X,X
IJZSOLT,X,X
IJZOTLS,X,X
IJZOTSL,X,X
IJZOLTS,X,X
IJZOLST,X,X
IJZOSTL,X,X
IJZOSLT,X,X
IJOTLSZ,O,X
IJOTLZS,O,X
IJOTSLZ,O,X
IJOTSZL,X,X
IJOTZLS,X,X
IJOTZSL,X,X
IJOLTSZ,O,O
IJOLTZS,O,O
IJOLSTZ,O,O
IJOLSZT,O,O
IJOLZTS,O,O
IJOLZST,O,O
IJOSTLZ,X,X
IJOSTZL,X,X
IJOSLTZ,X,O
IJOSLZT,X,O
IJOSZTL,X,X
IJOSZLT,X,X
IJOZTLS,X,X
IJOZTSL,X,X
IJOZLTS,X,X
IJOZLST,X,X
IJOZSTL,X,X
IJOZSLT,X,X
ISTLJZO,O,O
ISTLJOZ,O,O
ISTLZJO,O,O
ISTLZOJ,O,O
ISTLOJZ,O,O
ISTLOZJ,O,O
ISTJLZO,O,X
ISTJLOZ,O,X
ISTJZLO,X,X
ISTJZOL,X,X
ISTJOLZ,O,X
ISTJOZL,X,X
ISTZLJO,O,X
ISTZLOJ,O,X
ISTZJLO,X,X
ISTZJOL,X,X
ISTZOLJ,O,X
ISTZOJL,X,X
ISTOLJZ,O,O
ISTOLZJ,O,O
ISTOJLZ,O,X
ISTOJZL,X,X
ISTOZLJ,O,X
ISTOZJL,X,X
ISLTJZO,O,O
ISLTJOZ,O,O
ISLTZJO,O,O
ISLTZOJ,O,O
ISLTOJZ,O,O
ISLTOZJ,O,O
ISLJTZO,O,O
ISLJTOZ,O,O
ISLJZTO,O,O
ISLJZOT,O,O
ISLJOTZ,O,O
ISLJOZT,O,O
ISLZTJO,O,O
ISLZTOJ,O,O
ISLZJTO,O,O
ISLZJOT,O,O
ISLZOTJ,O,O
ISLZOJT,O,O
ISLOTJZ,O,O
ISLOTZJ,O,O
ISLOJTZ,O,O
ISLOJZT,O,O
ISLOZTJ,O,O
ISLOZJT,O,O
ISJTLZO,X,X
ISJTLOZ,X,X
ISJTZLO,X,X
ISJTZOL,X,X
ISJTOLZ,X,X
ISJTOZL,X,X
ISJLTZO,X,O
ISJLTOZ,X,O
ISJLZTO,X,O
ISJLZOT,X,O
ISJLOTZ,X,O
ISJLOZT,X,O
ISJZTLO,X,X
ISJZTOL,X,X
ISJZLTO,X,X
ISJZLOT,X,X
ISJZOTL,X,X
ISJZOLT,X,X
ISJOTLZ,X,X
ISJOTZL,X,X
ISJOLTZ,X,O
ISJOLZT,X,O
ISJOZTL,X,X
ISJOZLT,X,X
ISZTLJO,X,X
ISZTLOJ,X,X
ISZTJLO,X,X
ISZTJOL,X,X
ISZTOLJ,X,X
ISZTOJL,X,X
ISZLTJO,X,O
ISZLTOJ,X,O
ISZLJTO,X,O
ISZLJOT,X,O
ISZLOTJ,X,O
ISZLOJT,X,O
ISZJTLO,X,X
ISZJTOL,X,X
ISZJLTO,X,X
ISZJLOT,X,X
ISZJOTL,X,X
ISZJOLT,X,X
ISZOTLJ,X,X
ISZOTJL,X,X
ISZOLTJ,X,O
ISZOLJT,X,O
ISZOJTL,X,X
ISZOJLT,X,X
ISOTLJZ,O,O
ISOTLZJ,O,O
ISOTJLZ,O,X
ISOTJZL,X,X
ISOTZLJ,O,X
ISOTZJL,X,X
ISOLTJZ,O,O
ISOLTZJ,O,O
ISOLJTZ,O,O
ISOLJZT,O,O
ISOLZTJ,O,O
ISOLZJT,O,O
ISOJTLZ,X,X
ISOJTZL,X,X
ISOJLTZ,X,O
ISOJLZT,X,O
ISOJZTL,X,X
ISOJZLT,X,X
ISOZTLJ,X,X
ISOZTJL,X,X
ISOZLTJ,X,O
ISOZLJT,X,O
ISOZJTL,X,X
ISOZJLT,X,X
IZTLJSO,O,X
IZTLJOS,O,X
IZTLSJO,O,X
IZTLSOJ,O,X
IZTLOJS,O,X
IZTLOSJ,O,X
IZTJLSO,X,X
IZTJLOS,X,X
IZTJSLO,X,X
IZTJSOL,X,X
IZTJOLS,X,X
IZTJOSL,X,X
IZTSLJO,O,X
IZTSLOJ,O,X
IZTSJLO,X,X
IZTSJOL,X,X
IZTSOLJ,O,X
IZTSOJL,X,X
IZTOLJS,O,X
IZTOLSJ,O,X
IZTOJLS,X,X
IZTOJSL,X,X
IZTOSLJ,O,X
IZTOSJL,X,X
IZLTJSO,O,O
IZLTJOS,O,O
IZLTSJO,O,O
IZLTSOJ,O,O
IZLTOJS,O,O
IZLTOSJ,O,O
IZLJTSO,O,O
IZLJTOS,O,O
IZLJSTO,O,O
IZLJSOT,O,O
IZLJOTS,O,O
IZLJOST,O,O
IZLSTJO,O,O
IZLSTOJ,O,O
IZLSJTO,O,O
IZLSJOT,O,O
IZLSOTJ,O,O
IZLSOJT,O,O
IZLOTJS,O,O
IZLOTSJ,O,O
IZLOJTS,O,O
IZLOJST,O,O
IZLOSTJ,O,O
IZLOSJT,O,O
IZJTLSO,X,X
IZJTLOS,X,X
IZJTSLO,X,X
IZJTSOL,X,X
IZJTOLS,X,X
IZJTOSL,X,X
IZJLTSO,X,X
IZJLTOS,X,X
IZJLSTO,X,X
IZJLSOT,X,X
IZJLOTS,X,X
IZJLOST,X,X
IZJSTLO,X,X
IZJSTOL,X,X
IZJSLTO,X,X
IZJSLOT,X,X
IZJSOTL,X,X
IZJSOLT,X,X
IZJOTLS,X,X
IZJOTSL,X,X
IZJOLTS,X,X
IZJOLST,X,X
IZJOSTL,X,X
IZJOSLT,X,X
IZSTLJO,X,X
IZSTLOJ,X,X
IZSTJLO,X,X
IZSTJOL,X,X
IZSTOLJ,X,X
IZSTOJL,X,X
IZSLTJO,X,O
IZSLTOJ,X,O
IZSLJTO,X,O
IZSLJOT,X,O
IZSLOTJ,X,O
IZSLOJT,X,O
IZSJTLO,X,X
IZSJTOL,X,X
IZSJLTO,X,X
IZSJLOT,X,X
IZSJOTL,X,X
IZSJOLT,X,X
IZSOTLJ,X,X
IZSOTJL,X,X
IZSOLTJ,X,O
IZSOLJT,X,O
IZSOJTL,X,X
IZSOJLT,X,X
IZOTLJS,O,X
IZOTLSJ,O,X
IZOTJLS,X,X
IZOTJSL,X,X
IZOTSLJ,O,X
IZOTSJL,X,X
IZOLTJS,O,O
IZOLTSJ,O,O
IZOLJTS,O,O
IZOLJST,O,O
IZOLSTJ,O,O
IZOLSJT,O,O
IZOJTLS,X,X
IZOJTSL,X,X
IZOJLTS,X,X
IZOJLST,X,X
IZOJSTL,X,X
IZOJSLT,X,X
IZOSTLJ,X,X
IZOSTJL,X,X
IZOSLTJ,X,O
IZOSLJT,X,O
IZOSJTL,X,X
IZOSJLT,X,X
IOTLJSZ,O,O
IOTLJZS,O,O
IOTLSJZ,O,O
IOTLSZJ,O,O
IOTLZJS,O,O
IOTLZSJ,O,O
IOTJLSZ,O,X
IOTJLZS,O,X
IOTJSLZ,O,X
IOTJSZL,X,X
IOTJZLS,X,X
IOTJZSL,X,X
IOTSLJZ,O,O
IOTSLZJ,O,O
IOTSJLZ,O,X
IOTSJZL,X,X
IOTSZLJ,O,X
IOTSZJL,X,X
IOTZLJS,O,X
IOTZLSJ,O,X
IOTZJLS,X,X
IOTZJSL,X,X
IOTZSLJ,O,X
IOTZSJL,X,X
IOLTJSZ,O,O
IOLTJZS,O,O
IOLTSJZ,O,O
IOLTSZJ,O,O
IOLTZJS,O,O
IOLTZSJ,O,O
IOLJTSZ,O,O
IOLJTZS,O,O
IOLJSTZ,O,O
IOLJSZT,O,O
IOLJZTS,O,O
IOLJZST,O,O
IOLSTJZ,O,O
IOLSTZJ,O,O
IOLSJTZ,O,O
IOLSJZT,O,O
IOLSZTJ,O,O
IOLSZJT,O,O
IOLZTJS,O,O
IOLZTSJ,O,O
IOLZJTS,O,O
IOLZJST,O,O
IOLZSTJ,O,O
IOLZSJT,O,O
IOJTLSZ,O,X
IOJTLZS,O,X
IOJTSLZ,O,X
IOJTSZL,X,X
IOJTZLS,X,X
IOJTZSL,X,X
IOJLTSZ,O,O
IOJLTZS,O,O
IOJLSTZ,O,O
IOJLSZT,O,O
IOJLZTS,O,O
IOJLZST,O,O
IOJSTLZ,X,X
IOJSTZL,X,X
IOJSLTZ,X,O
IOJSLZT,X,O
IOJSZTL,X,X
IOJSZLT,X,X
IOJZTLS,X,X
IOJZTSL,X,X
IOJZLTS,X,X
IOJZLST,X,X
IOJZSTL,X,X
IOJZSLT,X,X
IOSTLJZ,O,O
IOSTLZJ,O,O
IOSTJLZ,O,X
IOSTJZL,X,X
IOSTZLJ,O,X
IOSTZJL,X,X
IOSLTJZ,O,O
IOSLTZJ,O,O
IOSLJTZ,O,O
IOSLJZT,O,O
IOSLZTJ,O,O
IOSLZJT,O,O
IOSJTLZ,X,X
IOSJTZL,X,X
IOSJLTZ,X,O
IOSJLZT,X,O
IOSJZTL,X,X
IOSJZLT,X,X
IOSZTLJ,X,X
IOSZTJL,X,X
IOSZLTJ,X,O
IOSZLJT,X,O
IOSZJTL,X,X
IOSZJLT,X,X
IOZTLJS,O,X
IOZTLSJ,O,X
IOZTJLS,X,X
IOZTJSL,X,X
IOZTSLJ,O,X
IOZTSJL,X,X
IOZLTJS,O,O
IOZLTSJ,O,O
IOZLJTS,O,O
IOZLJST,O,O
IOZLSTJ,O,O
IOZLSJT,O,O
IOZJTLS,X,X
IOZJTSL,X,X
IOZJLTS,X,X
IOZJLST,X,X
IOZJSTL,X,X
IOZJSLT,X,X
IOZSTLJ,X,X
IOZSTJL,X,X
IOZSLTJ,X,O
IOZSLJT,X,O
IOZSJTL,X,X
IOZSJLT,X,X
LTIJSZO,O,O
LTIJSOZ,O,O
LTIJZSO,O,O
LTIJZOS,O,O
LTIJOSZ,O,O
LTIJOZS,O,O
LTISJZO,O,O
LTISJOZ,O,O
LTISZJO,O,O
LTISZOJ,O,O
LTISOJZ,O,O
LTISOZJ,O,O
LTIZJSO,O,O
LTIZJOS,O,O
LTIZSJO,O,O
LTIZSOJ,O,O
LTIZOJS,O,O
LTIZOSJ,O,O
LTIOJSZ,O,O
LTIOJZS,O,O
LTIOSJZ,O,O
LTIOSZJ,O,O
LTIOZJS,O,O
LTIOZSJ,O,O
LTJISZO,O,O
LTJISOZ,O,O
LTJIZSO,O,O
LTJIZOS,O,O
LTJIOSZ,O,O
LTJIOZS,O,O
LTJSIZO,O,O
LTJSIOZ,O,O
LTJSZIO,O,O
LTJSZOI,O,O
LTJSOIZ,O,O
LTJSOZI,O,O
LTJZISO,O,O
LTJZIOS,O,O
LTJZSIO,O,O
LTJZSOI,O,O
LTJZOIS,O,O
LTJZOSI,O,O
LTJOISZ,O,O
LTJOIZS,O,O
LTJOSIZ,O,O
LTJOSZI,O,O
LTJOZIS,O,O
LTJOZSI,O,O
LTSIJZO,O,O
LTSIJOZ,O,O
LTSIZJO,O,O
LTSIZOJ,O,O
LTSIOJZ,O,O
LTSIOZJ,O,O
LTSJIZO,O,O
LTSJIOZ,O,O
LTSJZIO,O,O
LTSJZOI,O,O
LTSJOIZ,O,O
LTSJOZI,O,O
LTSZIJO,O,O
LTSZIOJ,O,O
LTSZJIO,O,O
LTSZJOI,O,O
LTSZOIJ,O,O
LTSZOJI,O,O
LTSOIJZ,O,O
LTSOIZJ,O,O
LTSOJIZ,O,O
LTSOJZI,O,O
LTSOZIJ,O,O
LTSOZJI,O,O
LTZIJSO,O,O
LTZIJOS,O,O
LTZISJO,O,O
LTZISOJ,O,O
LTZIOJS,O,O
LTZIOSJ,O,O
LTZJISO,O,O
LTZJIOS,O,O
LTZJSIO,O,O
LTZJSOI,O,O
LTZJOIS,O,O
LTZJOSI,O,O
LTZSIJO,O,O
LTZSIOJ,O,O
LTZSJIO,O,O
LTZSJOI,O,O
LTZSOIJ,O,O
LTZSOJI,O,O
LTZOIJS,O,O
LTZOISJ,O,O
LTZOJIS,O,O
LTZOJSI,O,O
LTZOSIJ,O,O
LTZOSJI,O,O
LTOIJSZ,O,O
LTOIJZS,O,O
LTOISJZ,O,O
LTOISZJ,O,O
LTOIZJS,O,O
LTOIZSJ,O,O
LTOJISZ,O,O
LTOJIZS,O,O
LTOJSIZ,O,O
LTOJSZI,O,O
LTOJZIS,O,O
LTOJZSI,O,O
LTOSIJZ,O,O
LTOSIZJ,O,O
LTOSJIZ,O,O
LTOSJZI,O,O
LTOSZIJ,O,O
LTOSZJI,O,O
LTOZIJS,O,O
LTOZISJ,O,O
LTOZJIS,O,O
LTOZJSI,O,O
LTOZSIJ,O,O
LTOZSJI,O,O
LITJSZO,O,O
LITJSOZ,O,O
LITJZSO,O,O
LITJZOS,O,O
LITJOSZ,O,O
LITJOZS,O,O
LITSJZO,O,O
LITSJOZ,O,O
LITSZJO,O,O
LITSZOJ,O,O
LITSOJZ,O,O
LITSOZJ,O,O
LITZJSO,O,O
LITZJOS,O,O
LITZSJO,O,O
LITZSOJ,O,O
LITZOJS,O,O
LITZOSJ,O,O
LITOJSZ,O,O
LITOJZS,O,O
LITOSJZ,O,O
LITOSZJ,O,O
LITOZJS,O,O
LITOZSJ,O,O
LIJTSZO,O,O
LIJTSOZ,O,O
LIJTZSO,O,O
LIJTZOS,O,O
LIJTOSZ,O,O
LIJTOZS,O,O
LIJSTZO,O,O
LIJSTOZ,O,O
LIJSZTO,O,O
LIJSZOT,O,O
LIJSOTZ,O,O
LIJSOZT,O,O
LIJZTSO,O,O
LIJZTOS,O,O
LIJZSTO,O,O
LIJZSOT,O,O
LIJZOTS,O,O
LIJZOST,O,O
LIJOTSZ,O,O
LIJOTZS,O,O
LIJOSTZ,O,O
LIJOSZT,O,O
LIJOZTS,O,O
LIJOZST,O,O
LISTJZO,O,O
LISTJOZ,O,O
LISTZJO,O,O
LISTZOJ,O,O
LISTOJZ,O,O
LISTOZJ,O,O
LISJTZO,O,O
LISJTOZ,O,O
LISJZTO,O,O
LISJZOT,O,O
LISJOTZ,O,O
LISJOZT,O,O
LISZTJO,O,O
LISZTOJ,O,O
LISZJTO,O,O
LISZJOT,O,O
LISZOTJ,O,O
LISZOJT,O,O
LISOTJZ,O,O
LISOTZJ,O,O
LISOJTZ,O,O
LISOJZT,O,O
LISOZTJ,O,O
LISOZJT,O,O
LIZTJSO,O,O
LIZTJOS,O,O
LIZTSJO,O,O
LIZTSOJ,O,O
LIZTOJS,O,O
LIZTOSJ,O,O
LIZJTSO,O,O
LIZJTOS,O,O
LIZJSTO,O,O
LIZJSOT,O,O
LIZJOTS,O,O
LIZJOST,O,O
LIZSTJO,O,O
LIZSTOJ,O,O
LIZSJTO,O,O
LIZSJOT,O,O
LIZSOTJ,O,O
LIZSOJT,O,O
LIZOTJS,O,O
LIZOTSJ,O,O
LIZOJTS,O,O
LIZOJST,O,O
LIZOSTJ,O,O
LIZOSJT,O,O
LIOTJSZ,O,O
LIOTJZS,O,O
LIOTSJZ,O,O
LIOTSZJ,O,O
LIOTZJS,O,O
LIOTZSJ,O,O
LIOJTSZ,O,O
LIOJTZS,O,O
LIOJSTZ,O,O
LIOJSZT,O,O
LIOJZTS,O,O
LIOJZST,O,O
LIOSTJZ,O,O
LIOSTZJ,O,O
LIOSJTZ,O,O
LIOSJZT,O,O
LIOSZTJ,O,O
LIOSZJT,O,O
LIOZTJS,O,O
LIOZTSJ,O,O
LIOZJTS,O,O
LIOZJST,O,O
LIOZSTJ,O,O
LIOZSJT,O,O
LJTISZO,O,O
LJTISOZ,O,O
LJTIZSO,O,O
LJTIZOS,O,O
LJTIOSZ,O,O
LJTIOZS,O,O
LJTSIZO,O,O
LJTSIOZ,O,O
LJTSZIO,O,O
LJTSZOI,O,O
LJTSOIZ,O,O
LJTSOZI,O,O
LJTZISO,O,O
LJTZIOS,O,O
LJTZSIO,O,O
LJTZSOI,O,O
LJTZOIS,O,O
LJTZOSI,O,O
LJTOISZ,O,O
LJTOIZS,O,O
LJTOSIZ,O,O
LJTOSZI,O,O
LJTOZIS,O,O
LJTOZSI,O,O
LJITSZO,O,O
LJITSOZ,O,O
LJITZSO,O,O
LJITZOS,O,O
LJITOSZ,O,O
LJITOZS,O,O
LJISTZO,O,O
LJISTOZ,O,O
LJISZTO,O,O
LJISZOT,O,O
LJISOTZ,O,O
LJISOZT,O,O
LJIZTSO,O,O
LJIZTOS,O,O
LJIZSTO,O,O
LJIZSOT,O,O
LJIZOTS,O,O
LJIZOST,O,O
LJIOTSZ,O,O
LJIOTZS,O,O
LJIOSTZ,O,O
LJIOSZT,O,O
LJIOZTS,O,O
LJIOZST,O,O
LJSTIZO,O,O
LJSTIOZ,O,O
LJSTZIO,O,O
LJSTZOI,O,O
LJSTOIZ,O,O
LJSTOZI,O,O
LJSITZO,O,O
LJSITOZ,O,O
LJSIZTO,O,O
LJSIZOT,O,O
LJSIOTZ,O,O
LJSIOZT,O,O
LJSZTIO,O,O
LJSZTOI,O,O
LJSZITO,O,O
LJSZIOT,O,O
LJSZOTI,O,O
LJSZOIT,O,O
LJSOTIZ,O,O
LJSOTZI,O,O
LJSOITZ,O,O
LJSOIZT,O,O
LJSOZTI,O,O
LJSOZIT,O,O
LJZTISO,O,O
LJZTIOS,O,O
LJZTSIO,O,O
LJZTSOI,O,O
LJZTOIS,O,O
LJZTOSI,O,O
LJZITSO,O,O
LJZITOS,O,O
LJZISTO,O,O
LJZISOT,O,O
LJZIOTS,O,O
LJZIOST,O,O
LJZSTIO,O,O
LJZSTOI,O,O
LJZSITO,O,O
LJZSIOT,O,O
LJZSOTI,O,O
LJZSOIT,O,O
LJZOTIS,O,O
LJZOTSI,O,O
LJZOITS,O,O
LJZOIST,O,O
LJZOSTI,O,O
LJZOSIT,O,O
LJOTISZ,O,O
LJOTIZS,O,O
LJOTSIZ,O,O
LJOTSZI,O,O
LJOTZIS,O,O
LJOTZSI,O,O
LJOITSZ,O,O
LJOITZS,O,O
LJOISTZ,O,O
LJOISZT,O,O
LJOIZTS,O,O
LJOIZST,O,O
LJOSTIZ,O,O
LJOSTZI,O,O
LJOSITZ,O,O
LJOSIZT,O,O
LJOSZTI,O,O
LJOSZIT,O,O
LJOZTIS,O,O
LJOZTSI,O,O
LJOZITS,O,O
LJOZIST,O,O
LJOZSTI,O,O
LJOZSIT,O,O
LSTIJZO,O,O
LSTIJOZ,O,O
LSTIZJO,O,O
LSTIZOJ,O,O
LSTIOJZ,O,O
LSTIOZJ,O,O
LSTJIZO,O,O
LSTJIOZ,O,O
LSTJZIO,O,O
LSTJZOI,O,O
LSTJOIZ,O,O
LSTJOZI,O,O
LSTZIJO,O,O
LSTZIOJ,O,O
LSTZJIO,O,O
LSTZJOI,O,O
LSTZOIJ,O,O
LSTZOJI,O,O
LSTOIJZ,O,O
LSTOIZJ,O,O
LSTOJIZ,O,O
LSTOJZI,O,O
LSTOZIJ,O,O
LSTOZJI,O,O
LSITJZO,O,O
LSITJOZ,O,O
LSITZJO,O,O
LSITZOJ,O,O
LSITOJZ,O,O
LSITOZJ,O,O
LSIJTZO,O,O
LSIJTOZ,O,O
LSIJZTO,O,O
LSIJZOT,O,O
LSIJOTZ,O,O
LSIJOZT,O,O
LSIZTJO,O,O
LSIZTOJ,O,O
LSIZJTO,O,O
LSIZJOT,O,O
LSIZOTJ,O,O
LSIZOJT,O,O
LSIOTJZ,O,O
LSIOTZJ,O,O
LSIOJTZ,O,O
LSIOJZT,O,O
LSIOZTJ,O,O
LSIOZJT,O,O
LSJTIZO,O,O
LSJTIOZ,O,O
LSJTZIO,O,O
LSJTZOI,O,O
LSJTOIZ,O,O
LSJTOZI,O,O
LSJITZO,O,O
LSJITOZ,O,O
LSJIZTO,O,O
LSJIZOT,O,O
LSJIOTZ,O,O
LSJIOZT,O,O
LSJZTIO,O,O
LSJZTOI,O,O
LSJZITO,O,O
LSJZIOT,O,O
LSJZOTI,O,O
LSJZOIT,O,O
LSJOTIZ,O,O
LSJOTZI,O,O
LSJOITZ,O,O
LSJOIZT,O,O
LSJOZTI,O,O
LSJOZIT,O,O
LSZTIJO,O,O
LSZTIOJ,O,O
LSZTJIO,O,O
LSZTJOI,O,O
LSZTOIJ,O,O
LSZTOJI,O,O
LSZITJO,O,O
LSZITOJ,O,O
LSZIJTO,O,O
LSZIJOT,O,O
LSZIOTJ,O,O
LSZIOJT,O,O
LSZJTIO,O,O
LSZJTOI,O,O
LSZJITO,O,O
LSZJIOT,O,O
LSZJOTI,O,O
LSZJOIT,O,O
LSZOTIJ,O,O
LSZOTJI,O,O
LSZOITJ,O,O
LSZOIJT,O,O
LSZOJTI,O,O
LSZOJIT,O,O
LSOTIJZ,O,O
LSOTIZJ,O,O
LSOTJIZ,O,O
LSOTJZI,O,O
LSOTZIJ,O,O
LSOTZJI,O,O
LSOITJZ,O,O
LSOITZJ,O,O
LSOIJTZ,O,O
LSOIJZT,O,O
LSOIZTJ,O,O
LSOIZJT,O,O
LSOJTIZ,O,O
LSOJTZI,O,O
LSOJITZ,O,O
LSOJIZT,O,O
LSOJZTI,O,O
LSOJZIT,O,O
LSOZTIJ,O,O
LSOZTJI,O,O
LSOZITJ,O,O
LSOZIJT,O,O
LSOZJTI,O,O
LSOZJIT,O,O
LZTIJSO,O,O
LZTIJOS,O,O
LZTISJO,O,O
LZTISOJ,O,O
LZTIOJS,O,O
LZTIOSJ,O,O
LZTJISO,O,O
LZTJIOS,O,O
LZTJSIO,O,O
LZTJSOI,O,O
LZTJOIS,O,O
LZTJOSI,O,O
LZTSIJO,O,O
LZTSIOJ,O,O
LZTSJIO,O,O
LZTSJOI,O,O
LZTSOIJ,O,O
LZTSOJI,O,O
LZTOIJS,O,O
LZTOISJ,O,O
LZTOJIS,O,O
LZTOJSI,O,O
LZTOSIJ,O,O
LZTOSJI,O,O
LZITJSO,O,O
LZITJOS,O,O
LZITSJO,O,O
LZITSOJ,O,O
LZITOJS,O,O
LZITOSJ,O,O
LZIJTSO,O,O
LZIJTOS,O,O
LZIJSTO,O,O
LZIJSOT,O,O
LZIJOTS,O,O
LZIJOST,O,O
LZISTJO,O,O
LZISTOJ,O,O
LZISJTO,O,O
LZISJOT,O,O
LZISOTJ,O,O
LZISOJT,O,O
LZIOTJS,O,O
LZIOTSJ,O,O
LZIOJTS,O,O
LZIOJST,O,O
LZIOSTJ,O,O
LZIOSJT,O,O
LZJTISO,O,O
LZJTIOS,O,O
LZJTSIO,O,O
LZJTSOI,O,O
LZJTOIS,O,O
LZJTOSI,O,O
LZJITSO,O,O
LZJITOS,O,O
LZJISTO,O,O
LZJISOT,O,O
LZJIOTS,O,O
LZJIOST,O,O
LZJSTIO,O,O
LZJSTOI,O,O
LZJSITO,O,O
LZJSIOT,O,O
LZJSOTI,O,O
LZJSOIT,O,O
LZJOTIS,O,O
LZJOTSI,O,O
LZJOITS,O,O
LZJOIST,O,O
LZJOSTI,O,O
LZJOSIT,O,O
LZSTIJO,O,O
LZSTIOJ,O,O
LZSTJIO,O,O
LZSTJOI,O,O
LZSTOIJ,O,O
LZSTOJI,O,O
LZSITJO,O,O
LZSITOJ,O,O
LZSIJTO,O,O
LZSIJOT,O,O
LZSIOTJ,O,O
LZSIOJT,O,O
LZSJTIO,O,O
LZSJTOI,O,O
LZSJITO,O,O
LZSJIOT,O,O
LZSJOTI,O,O
LZSJOIT,O,O
LZSOTIJ,O,O
LZSOTJI,O,O
LZSOITJ,O,O
LZSOIJT,O,O
LZSOJTI,O,O
LZSOJIT,O,O
LZOTIJS,O,O
LZOTISJ,O,O
LZOTJIS,O,O
LZOTJSI,O,O
LZOTSIJ,O,O
LZOTSJI,O,O
LZOITJS,O,O
LZOITSJ,O,O
LZOIJTS,O,O
LZOIJST,O,O
LZOISTJ,O,O
LZOISJT,O,O
LZOJTIS,O,O
LZOJTSI,O,O
LZOJITS,O,O
LZOJIST,O,O
LZOJSTI,O,O
LZOJSIT,O,O
LZOSTIJ,O,O
LZOSTJI,O,O
LZOSITJ,O,O
LZOSIJT,O,O
LZOSJTI,O,O
LZOSJIT,O,O
LOTIJSZ,O,O
LOTIJZS,O,O
LOTISJZ,O,O
LOTISZJ,O,O
LOTIZJS,O,O
LOTIZSJ,O,O
LOTJISZ,O,O
LOTJIZS,O,O
LOTJSIZ,O,O
LOTJSZI,O,O
LOTJZIS,O,O
LOTJZSI,O,O
LOTSIJZ,O,O
LOTSIZJ,O,O
LOTSJIZ,O,O
LOTSJZI,O,O
LOTSZIJ,O,O
LOTSZJI,O,O
LOTZIJS,O,O
LOTZISJ,O,O
LOTZJIS,O,O
LOTZJSI,O,O
LOTZSIJ,O,O
LOTZSJI,O,O
LOITJSZ,O,O
LOITJZS,O,O
LOITSJZ,O,O
LOITSZJ,O,O
LOITZJS,O,O
LOITZSJ,O,O
LOIJTSZ,O,O
LOIJTZS,O,O
LOIJSTZ,O,O
LOIJSZT,O,O
LOIJZTS,O,O
LOIJZST,O,O
LOISTJZ,O,O
LOISTZJ,O,O
LOISJTZ,O,O
LOISJZT,O,O
LOISZTJ,O,O
LOISZJT,O,O
LOIZTJS,O,O
LOIZTSJ,O,O
LOIZJTS,O,O
LOIZJST,O,O
LOIZSTJ,O,O
LOIZSJT,O,O
LOJTISZ,O,O
LOJTIZS,O,O
LOJTSIZ,O,O
LOJTSZI,O,O
LOJTZIS,O,O
LOJTZSI,O,O
LOJITSZ,O,O
LOJITZS,O,O
LOJISTZ,O,O
LOJISZT,O,O
LOJIZTS,O,O
LOJIZST,O,O
LOJSTIZ,O,O
LOJSTZI,O,O
LOJSITZ,O,O
LOJSIZT,O,O
LOJSZTI,O,O
LOJSZIT,O,O
LOJZTIS,O,O
LOJZTSI,O,O
LOJZITS,O,O
LOJZIST,O,O
LOJZSTI,O,O
LOJZSIT,O,O
LOSTIJZ,O,O
LOSTIZJ,O,O
LOSTJIZ,O,O
LOSTJZI,O,O
LOSTZIJ,O,O
LOSTZJI,O,O
LOSITJZ,O,O
LOSITZJ,O,O
LOSIJTZ,O,O
LOSIJZT,O,O
LOSIZTJ,O,O
LOSIZJT,O,O
LOSJTIZ,O,O
LOSJTZI,O,O
LOSJITZ,O,O
LOSJIZT,O,O
LOSJZTI,O,O
LOSJZIT,O,O
LOSZTIJ,O,O
LOSZTJI,O,O
LOSZITJ,O,O
LOSZIJT,O,O
LOSZJTI,O,O
LOSZJIT,O,O
LOZTIJS,O,O
LOZTISJ,O,O
LOZTJIS,O,O
LOZTJSI,O,O
LOZTSIJ,O,O
LOZTSJI,O,O
LOZITJS,O,O
LOZITSJ,O,O
LOZIJTS,O,O
LOZIJST,O,O
LOZISTJ,O,O
LOZISJT,O,O
LOZJTIS,O,O
LOZJTSI,O,O
LOZJITS,O,O
LOZJIST,O,O
LOZJSTI,O,O
LOZJSIT,O,O
LOZSTIJ,O,O
LOZSTJI,O,O
LOZSITJ,O,O
LOZSIJT,O,O
LOZSJTI,O,O
LOZSJIT,O,O
JTILSZO,O,X
JTILSOZ,O,X
JTILZSO,O,X
JTILZOS,O,X
JTILOSZ,O,X
JTILOZS,O,X
JTISLZO,O,X
JTISLOZ,O,X
JTISZLO,X,X
JTISZOL,X,X
JTISOLZ,O,X
JTISOZL,X,X
JTIZLSO,X,X
JTIZLOS,X,X
JTIZSLO,X,X
JTIZSOL,X,X
JTIZOLS,X,X
JTIZOSL,X,X
JTIOLSZ,O,X
JTIOLZS,O,X
JTIOSLZ,O,X
JTIOSZL,X,X
JTIOZLS,X,X
JTIOZSL,X,X
JTLISZO,O,X
JTLISOZ,O,X
JTLIZSO,O,X
JTLIZOS,O,X
JTLIOSZ,O,X
JTLIOZS,O,X
JTLSIZO,O,X
JTLSIOZ,O,X
JTLSZIO,O,X
JTLSZOI,O,X
JTLSOIZ,O,X
JTLSOZI,O,X
JTLZISO,O,X
JTLZIOS,O,X
JTLZSIO,O,X
JTLZSOI,O,X
JTLZOIS,O,X
JTLZOSI,O,X
JTLOISZ,O,X
JTLOIZS,O,X
JTLOSIZ,O,X
JTLOSZI,O,X
JTLOZIS,O,X
JTLOZSI,O,X
JTSILZO,O,X
JTSILOZ,O,X
JTSIZLO,X,X
JTSIZOL,X,X
JTSIOLZ,O,X
JTSIOZL,X,X
JTSLIZO,O,X
JTSLIOZ,O,X
JTSLZIO,O,X
JTSLZOI,O,X
JTSLOIZ,O,X
JTSLOZI,O,X
JTSZILO,X,X
JTSZIOL,X,X
JTSZLIO,X,X
JTSZLOI,X,X
JTSZOIL,X,X
JTSZOLI,X,X
JTSOILZ,O,X
JTSOIZL,X,X
JTSOLIZ,O,X
JTSOLZI,O,X
JTSOZIL,X,X
JTSOZLI,X,X
JTZILSO,X,X
JTZILOS,X,X
JTZISLO,X,X
JTZISOL,X,X
JTZIOLS,X,X
JTZIOSL,X,X
JTZLISO,X,X
JTZLIOS,X,X
JTZLSIO,X,X
JTZLSOI,X,X
JTZLOIS,X,X
JTZLOSI,X,X
JTZSILO,X,X
JTZSIOL,X,X
JTZSLIO,X,X
JTZSLOI,X,X
JTZSOIL,X,X
JTZSOLI,X,X
JTZOILS,X,X
JTZOISL,X,X
JTZOLIS,X,X
JTZOLSI,X,X
JTZOSIL,X,X
JTZOSLI,X,X
JTOILSZ,O,X
JTOILZS,O,X
JTOISLZ,O,X
JTOISZL,X,X
JTOIZLS,X,X
JTOIZSL,X,X
JTOLISZ,O,X
JTOLIZS,O,X
JTOLSIZ,O,X
JTOLSZI,O,X
JTOLZIS,O,X
JTOLZSI,O,X
JTOSILZ,O,X
JTOSIZL,X,X
JTOSLIZ,O,X
JTOSLZI,O,X
JTOSZIL,X,X
JTOSZLI,X,X
JTOZILS,X,X
JTOZISL,X,X
JTOZLIS,X,X
JTOZLSI,X,X
JTOZSIL,X,X
JTOZSLI,X,X
JITLSZO,O,X
JITLSOZ,O,X
JITLZSO,O,X
JITLZOS,O,X
JITLOSZ,O,X
JITLOZS,O,X
JITSLZO,O,X
JITSLOZ,O,X
JITSZLO,X,X
JITSZOL,X,X
JITSOLZ,O,X
JITSOZL,X,X
JITZLSO,X,X
JITZLOS,X,X
JITZSLO,X,X
JITZSOL,X,X
JITZOLS,X,X
JITZOSL,X,X
JITOLSZ,O,X
JITOLZS,O,X
JITOSLZ,O,X
JITOSZL,X,X
JITOZLS,X,X
JITOZSL,X,X
JILTSZO,O,O
JILTSOZ,O,O
JILTZSO,O,O
JILTZOS,O,O
JILTOSZ,O,O
JILTOZS,O,O
JILSTZO,O,O
JILSTOZ,O,O
JILSZTO,O,O
JILSZOT,O,O
JILSOTZ,O,O
JILSOZT,O,O
JILZTSO,O,O
JILZTOS,O,O
JILZSTO,O,O
JILZSOT,O,O
JILZOTS,O,O
JILZOST,O,O
JILOTSZ,O,O
JILOTZS,O,O
JILOSTZ,O,O
JILOSZT,O,O
JILOZTS,O,O
JILOZST,O,O
JISTLZO,X,X
JISTLOZ,X,X
JISTZLO,X,X
JISTZOL,X,X
JISTOLZ,X,X
JISTOZL,X,X
JISLTZO,X,O
JISLTOZ,X,O
JISLZTO,X,O
JISLZOT,X,O
JISLOTZ,X,O
JISLOZT,X,O
JISZTLO,X,X
JISZTOL,X,X
JISZLTO,X,X
JISZLOT,X,X
JISZOTL,X,X
JISZOLT,X,X
JISOTLZ,X,X
JISOTZL,X,X
JISOLTZ,X,O
JISOLZT,X,O
JISOZTL,X,X
JISOZLT,X,X
JIZTLSO,X,X
JIZTLOS,X,X
JIZTSLO,X,X
JIZTSOL,X,X
JIZTOLS,X,X
JIZTOSL,X,X
JIZLTSO,X,X
JIZLTOS,X,X
JIZLSTO,X,X
JIZLSOT,X,X
JIZLOTS,X,X
JIZLOST,X,X
JIZSTLO,X,X
JIZSTOL,X,X
JIZSLTO,X,X
JIZSLOT,X,X
JIZSOTL,X,X
JIZSOLT,X,X
JIZOTLS,X,X
JIZOTSL,X,X
JIZOLTS,X,X
JIZOLST,X,X
JIZOSTL,X,X
JIZOSLT,X,X
JIOTLSZ,O,X
JIOTLZS,O,X
JIOTSLZ,O,X
JIOTSZL,X,X
JIOTZLS,X,X
JIOTZSL,X,X
JIOLTSZ,O,O
JIOLTZS,O,O
JIOLSTZ,O,O
JIOLSZT,O,O
JIOLZTS,O,O
JIOLZST,O,O
JIOSTLZ,X,X
JIOSTZL,X,X
JIOSLTZ,X,O
JIOSLZT,X,O
JIOSZTL,X,X
JIOSZLT,X,X
JIOZTLS,X,X
JIOZTSL,X,X
JIOZLTS,X,X
JIOZLST,X,X
JIOZSTL,X,X
JIOZSLT,X,X
JLTISZO,O,O
JLTISOZ,O,O
JLTIZSO,O,O
JLTIZOS,O,O
JLTIOSZ,O,O
JLTIOZS,O,O
JLTSIZO,O,O
JLTSIOZ,O,O
JLTSZIO,O,O
JLTSZOI,O,O
JLTSOIZ,O,O
JLTSOZI,O,O
JLTZISO,O,O
JLTZIOS,O,O
JLTZSIO,O,O
JLTZSOI,O,O
JLTZOIS,O,O
JLTZOSI,O,O
JLTOISZ,O,O
JLTOIZS,O,O
JLTOSIZ,O,O
JLTOSZI,O,O
JLTOZIS,O,O
JLTOZSI,O,O
JLITSZO,O,O
JLITSOZ,O,O
JLITZSO,O,O
JLITZOS,O,O
JLITOSZ,O,O
JLITOZS,O,O
JLISTZO,O,O
JLISTOZ,O,O
JLISZTO,O,O
JLISZOT,O,O
JLISOTZ,O,O
JLISOZT,O,O
JLIZTSO,O,O
JLIZTOS,O,O
JLIZSTO,O,O
JLIZSOT,O,O
JLIZOTS,O,O
JLIZOST,O,O
JLIOTSZ,O,O
JLIOTZS,O,O
JLIOSTZ,O,O
JLIOSZT,O,O
JLIOZTS,O,O
JLIOZST,O,O
JLSTIZO,O,O
JLSTIOZ,O,O
JLSTZIO,O,O
JLSTZOI,O,O
JLSTOIZ,O,O
JLSTOZI,O,O
JLSITZO,O,O
JLSITOZ,O,O
JLSIZTO,O,O
JLSIZOT,O,O
JLSIOTZ,O,O
JLSIOZT,O,O
JLSZTIO,O,O
JLSZTOI,O,O
JLSZITO,O,O
JLSZIOT,O,O
JLSZOTI,O,O
JLSZOIT,O,O
JLSOTIZ,O,O
JLSOTZI,O,O
JLSOITZ,O,O
JLSOIZT,O,O
JLSOZTI,O,O
JLSOZIT,O,O
JLZTISO,O,O
JLZTIOS,O,O
JLZTSIO,O,O
JLZTSOI,O,O
JLZTOIS,O,O
JLZTOSI,O,O
JLZITSO,O,O
JLZITOS,O,O
JLZISTO,O,O
JLZISOT,O,O
JLZIOTS,O,O
JLZIOST,O,O
JLZSTIO,O,O
JLZSTOI,O,O
JLZSITO,O,O
JLZSIOT,O,O
JLZSOTI,O,O
JLZSOIT,O,O
JLZOTIS,O,O
JLZOTSI,O,O
JLZOITS,O,O
JLZOIST,O,O
JLZOSTI,O,O
JLZOSIT,O,O
JLOTISZ,O,O
JLOTIZS,O,O
JLOTSIZ,O,O
JLOTSZI,O,O
JLOTZIS,O,O
JLOTZSI,O,O
JLOITSZ,O,O
JLOITZS,O,O
JLOISTZ,O,O
JLOISZT,O,O
JLOIZTS,O,O
JLOIZST,O,O
JLOSTIZ,O,O
JLOSTZI,O,O
JLOSITZ,O,O
JLOSIZT,O,O
JLOSZTI,O,O
JLOSZIT,O,O
JLOZTIS,O,O
JLOZTSI,O,O
JLOZITS,O,O
JLOZIST,O,O
JLOZSTI,O,O
JLOZSIT,O,O
JSTILZO,X,X
JSTILOZ,X,X
JSTIZLO,X,X
JSTIZOL,X,X
JSTIOLZ,X,X
JSTIOZL,X,X
JSTLIZO,X,X
JSTLIOZ,X,X
JSTLZIO,X,X
JSTLZOI,X,X
JSTLOIZ,X,X
JSTLOZI,X,X
JSTZILO,X,X
JSTZIOL,X,X
JSTZLIO,X,X
JSTZLOI,X,X
JSTZOIL,X,X
JSTZOLI,X,X
JSTOILZ,X,X
JSTOIZL,X,X
JSTOLIZ,X,X
JSTOLZI,X,X
JSTOZIL,X,X
JSTOZLI,X,X
JSITLZO,X,X
JSITLOZ,X,X
JSITZLO,X,X
JSITZOL,X,X
JSITOLZ,X,X
JSITOZL,X,X
JSILTZO,X,O
JSILTOZ,X,O
JSILZTO,X,O
JSILZOT,X,O
JSILOTZ,X,O
JSILOZT,X,O
JSIZTLO,X,X
JSIZTOL,X,X
JSIZLTO,X,X
JSIZLOT,X,X
JSIZOTL,X,X
JSIZOLT,X,X
JSIOTLZ,X,X
JSIOTZL,X,X
JSIOLTZ,X,O
JSIOLZT,X,O
JSIOZTL,X,X
JSIOZLT,X,X
JSLTIZO,X,O
JSLTIOZ,X,O
JSLTZIO,X,O
JSLTZOI,X,O
JSLTOIZ,X,O
JSLTOZI,X,O
JSLITZO,X,O
JSLITOZ,X,O
JSLIZTO,X,O
JSLIZOT,X,O
JSLIOTZ,X,O
JSLIOZT,X,O
JSLZTIO,X,O
JSLZTOI,X,O
JSLZITO,X,O
JSLZIOT,X,O
JSLZOTI,X,O
JSLZOIT,X,O
JSLOTIZ,X,O
JSLOTZI,X,O
JSLOITZ,X,O
JSLOIZT,X,O
JSLOZTI,X,O
JSLOZIT,X,O
JSZTILO,X,X
JSZTIOL,X,X
JSZTLIO,X,X
JSZTLOI,X,X
JSZTOIL,X,X
JSZTOLI,X,X
JSZITLO,X,X
JSZITOL,X,X
JSZILTO,X,X
JSZILOT,X,X
JSZIOTL,X,X
JSZIOLT,X,X
JSZLTIO,X,X
JSZLTOI,X,X
JSZLITO,X,X
JSZLIOT,X,X
JSZLOTI,X,X
JSZLOIT,X,X
JSZOTIL,X,X
JSZOTLI,X,X
JSZOITL,X,X
JSZOILT,X,X
JSZOLTI,X,X
JSZOLIT,X,X
JSOTILZ,X,X
JSOTIZL,X,X
JSOTLIZ,X,X
JSOTLZI,X,X
JSOTZIL,X,X
JSOTZLI,X,X
JSOITLZ,X,X
JSOITZL,X,X
JSOILTZ,X,O
JSOILZT,X,O
JSOIZTL,X,X
JSOIZLT,X,X
JSOLTIZ,X,O
JSOLTZI,X,O
JSOLITZ,X,O
JSOLIZT,X,O
JSOLZTI,X,O
JSOLZIT,X,O
JSOZTIL,X,X
JSOZTLI,X,X
JSOZITL,X,X
JSOZILT,X,X
JSOZLTI,X,X
JSOZLIT,X,X
JZTILSO,X,X
JZTILOS,X,X
JZTISLO,X,X
JZTISOL,X,X
JZTIOLS,X,X
JZTIOSL,X,X
JZTLISO,X,X
JZTLIOS,X,X
JZTLSIO,X,X
JZTLSOI,X,X
JZTLOIS,X,X
JZTLOSI,X,X
JZTSILO,X,X
JZTSIOL,X,X
JZTSLIO,X,X
JZTSLOI,X,X
JZTSOIL,X,X
JZTSOLI,X,X
JZTOILS,X,X
JZTOISL,X,X
JZTOLIS,X,X
JZTOLSI,X,X
JZTOSIL,X,X
JZTOSLI,X,X
JZITLSO,X,X
JZITLOS,X,X
JZITSLO,X,X
JZITSOL,X,X
JZITOLS,X,X
JZITOSL,X,X
JZILTSO,X,X
JZILTOS,X,X
JZILSTO,X,X
JZILSOT,X,X
JZILOTS,X,X
JZILOST,X,X
JZISTLO,X,X
JZISTOL,X,X
JZISLTO,X,X
JZISLOT,X,X
JZISOTL,X,X
JZISOLT,X,X
JZIOTLS,X,X
JZIOTSL,X,X
JZIOLTS,X,X
JZIOLST,X,X
JZIOSTL,X,X
JZIOSLT,X,X
JZLTISO,X,X
JZLTIOS,X,X
JZLTSIO,X,X
JZLTSOI,X,X
JZLTOIS,X,X
JZLTOSI,X,X
JZLITSO,X,X
JZLITOS,X,X
JZLISTO,X,X
JZLISOT,X,X
JZLIOTS,X,X
JZLIOST,X,X
JZLSTIO,X,X
JZLSTOI,X,X
JZLSITO,X,X
JZLSIOT,X,X
JZLSOTI,X,X
JZLSOIT,X,X
JZLOTIS,X,X
JZLOTSI,X,X
JZLOITS,X,X
JZLOIST,X,X
JZLOSTI,X,X
JZLOSIT,X,X
JZSTILO,X,X
JZSTIOL,X,X
JZSTLIO,X,X
JZSTLOI,X,X
JZSTOIL,X,X
JZSTOLI,X,X
JZSITLO,X,X
JZSITOL,X,X
JZSILTO,X,X
JZSILOT,X,X
JZSIOTL,X,X
JZSIOLT,X,X
JZSLTIO,X,X
JZSLTOI,X,X
JZSLITO,X,X
JZSLIOT,X,X
JZSLOTI,X,X
JZSLOIT,X,X
JZSOTIL,X,X
JZSOTLI,X,X
JZSOITL,X,X
JZSOILT,X,X
JZSOLTI,X,X
JZSOLIT,X,X
JZOTILS,X,X
JZOTISL,X,X
JZOTLIS,X,X
JZOTLSI,X,X
JZOTSIL,X,X
JZOTSLI,X,X
JZOITLS,X,X
JZOITSL,X,X
JZOILTS,X,X
JZOILST,X,X
JZOISTL,X,X
JZOISLT,X,X
JZOLTIS,X,X
JZOLTSI,X,X
JZOLITS,X,X
JZOLIST,X,X
JZOLSTI,X,X
JZOLSIT,X,X
JZOSTIL,X,X
JZOSTLI,X,X
JZOSITL,X,X
JZOSILT,X,X
JZOSLTI,X,X
JZOSLIT,X,X
JOTILSZ,O,X
JOTILZS,O,X
JOTISLZ,O,X
JOTISZL,X,X
JOTIZLS,X,X
JOTIZSL,X,X
JOTLISZ,O,X
JOTLIZS,O,X
JOTLSIZ,O,X
JOTLSZI,O,X
JOTLZIS,O,X
JOTLZSI,O,X
JOTSILZ,O,X
JOTSIZL,X,X
JOTSLIZ,O,X
JOTSLZI,O,X
JOTSZIL,X,X
JOTSZLI,X,X
JOTZILS,X,X
JOTZISL,X,X
JOTZLIS,X,X
JOTZLSI,X,X
JOTZSIL,X,X
JOTZSLI,X,X
JOITLSZ,O,X
JOITLZS,O,X
JOITSLZ,O,X
JOITSZL,X,X
JOITZLS,X,X
JOITZSL,X,X
JOILTSZ,O,O
JOILTZS,O,O
JOILSTZ,O,O
JOILSZT,O,O
JOILZTS,O,O
JOILZST,O,O
JOISTLZ,X,X
JOISTZL,X,X
JOISLTZ,X,O
JOISLZT,X,O
JOISZTL,X,X
JOISZLT,X,X
JOIZTLS,X,X
JOIZTSL,X,X
JOIZLTS,X,X
JOIZLST,X,X
JOIZSTL,X,X
JOIZSLT,X,X
JOLTISZ,O,O
JOLTIZS,O,O
JOLTSIZ,O,O
JOLTSZI,O,O
JOLTZIS,O,O
JOLTZSI,O,O
JOLITSZ,O,O
JOLITZS,O,O
JOLISTZ,O,O
JOLISZT,O,O
JOLIZTS,O,O
JOLIZST,O,O
JOLSTIZ,O,O
JOLSTZI,O,O
JOLSITZ,O,O
JOLSIZT,O,O
JOLSZTI,O,O
JOLSZIT,O,O
JOLZTIS,O,O
JOLZTSI,O,O
JOLZITS,O,O
JOLZIST,O,O
JOLZSTI,O,O
JOLZSIT,O,O
JOSTILZ,X,X
JOSTIZL,X,X
JOSTLIZ,X,X
JOSTLZI,X,X
JOSTZIL,X,X
JOSTZLI,X,X
JOSITLZ,X,X
JOSITZL,X,X
JOSILTZ,X,O
JOSILZT,X,O
JOSIZTL,X,X
JOSIZLT,X,X
JOSLTIZ,X,O
JOSLTZI,X,O
JOSLITZ,X,O
JOSLIZT,X,O
JOSLZTI,X,O
JOSLZIT,X,O
JOSZTIL,X,X
JOSZTLI,X,X
JOSZITL,X,X
JOSZILT,X,X
JOSZLTI,X,X
JOSZLIT,X,X
JOZTILS,X,X
JOZTISL,X,X
JOZTLIS,X,X
JOZTLSI,X,X
JOZTSIL,X,X
JOZTSLI,X,X
JOZITLS,X,X
JOZITSL,X,X
JOZILTS,X,X
JOZILST,X,X
JOZISTL,X,X
JOZISLT,X,X
JOZLTIS,X,X
JOZLTSI,X,X
JOZLITS,X,X
JOZLIST,X,X
JOZLSTI,X,X
JOZLSIT,X,X
JOZSTIL,X,X
JOZSTLI,X,X
JOZSITL,X,X
JOZSILT,X,X
JOZSLTI,X,X
JOZSLIT,X,X
STILJZO,O,O
STILJOZ,O,O
STILZJO,O,O
STILZOJ,O,O
STILOJZ,O,O
STILOZJ,O,O
STIJLZO,O,X
STIJLOZ,O,X
STIJZLO,X,X
STIJZOL,X,X
STIJOLZ,O,X
STIJOZL,X,X
STIZLJO,O,X
STIZLOJ,O,X
STIZJLO,X,X
STIZJOL,X,X
STIZOLJ,O,X
STIZOJL,X,X
STIOLJZ,O,O
STIOLZJ,O,O
STIOJLZ,O,X
STIOJZL,X,X
STIOZLJ,O,X
STIOZJL,X,X
STLIJZO,O,O
STLIJOZ,O,O
STLIZJO,O,O
STLIZOJ,O,O
STLIOJZ,O,O
STLIOZJ,O,O
STLJIZO,O,O
STLJIOZ,O,O
STLJZIO,O,O
STLJZOI,O,O
STLJOIZ,O,O
STLJOZI,O,O
STLZIJO,O,O
STLZIOJ,O,O
STLZJIO,O,O
STLZJOI,O,O
STLZOIJ,O,O
STLZOJI,O,O
STLOIJZ,O,O
STLOIZJ,O,O
STLOJIZ,O,O
STLOJZI,O,O
STLOZIJ,O,O
STLOZJI,O,O
STJILZO,O,X
STJILOZ,O,X
STJIZLO,X,X
STJIZOL,X,X
STJIOLZ,O,X
STJIOZL,X,X
STJLIZO,O,X
STJLIOZ,O,X
STJLZIO,O,X
STJLZOI,O,X
STJLOIZ,O,X
STJLOZI,O,X
STJZILO,X,X
STJZIOL,X,X
STJZLIO,X,X
STJZLOI,X,X
STJZOIL,X,X
STJZOLI,X,X
STJOILZ,O,X
STJOIZL,X,X
STJOLIZ,O,X
STJOLZI,O,X
STJOZIL,X,X
STJOZLI,X,X
STZILJO,O,X
STZILOJ,O,X
STZIJLO,X,X
STZIJOL,X,X
STZIOLJ,O,X
STZIOJL,X,X
STZLIJO,O,X
STZLIOJ,O,X
STZLJIO,O,X
STZLJOI,O,X
STZLOIJ,O,X
STZLOJI,O,X
STZJILO,X,X
STZJIOL,X,X
STZJLIO,X,X
STZJLOI,X,X
STZJOIL,X,X
STZJOLI,X,X
STZOILJ,O,X
STZOIJL,X,X
STZOLIJ,O,X
STZOLJI,O,X
STZOJIL,X,X
STZOJLI,X,X
STOILJZ,O,O
STOILZJ,O,O
STOIJLZ,O,X
STOIJZL,X,X
STOIZLJ,O,X
STOIZJL,X,X
STOLIJZ,O,O
STOLIZJ,O,O
STOLJIZ,O,O
STOLJZI,O,O
STOLZIJ,O,O
STOLZJI,O,O
STOJILZ,O,X
STOJIZL,X,X
STOJLIZ,O,X
STOJLZI,O,X
STOJZIL,X,X
STOJZLI,X,X
STOZILJ,O,X
STOZIJL,X,X
STOZLIJ,O,X
STOZLJI,O,X
STOZJIL,X,X
STOZJLI,X,X
SITLJZO,O,O
SITLJOZ,O,O
SITLZJO,O,O
SITLZOJ,O,O
SITLOJZ,O,O
SITLOZJ,O,O
SITJLZO,O,X
SITJLOZ,O,X
SITJZLO,X,X
SITJZOL,X,X
SITJOLZ,O,X
SITJOZL,X,X
SITZLJO,O,X
SITZLOJ,O,X
SITZJLO,X,X
SITZJOL,X,X
SITZOLJ,O,X
SITZOJL,X,X
SITOLJZ,O,O
SITOLZJ,O,O
SITOJLZ,O,X
SITOJZL,X,X
SITOZLJ,O,X
SITOZJL,X,X
SILTJZO,O,O
SILTJOZ,O,O
SILTZJO,O,O
SILTZOJ,O,O
SILTOJZ,O,O
SILTOZJ,O,O
SILJTZO,O,O
SILJTOZ,O,O
SILJZTO,O,O
SILJZOT,O,O
SILJOTZ,O,O
SILJOZT,O,O
SILZTJO,O,O
SILZTOJ,O,O
SILZJTO,O,O
SILZJOT,O,O
SILZOTJ,O,O
SILZOJT,O,O
SILOTJZ,O,O
SILOTZJ,O,O
SILOJTZ,O,O
SILOJZT,O,O
SILOZTJ,O,O
SILOZJT,O,O
SIJTLZO,X,X
SIJTLOZ,X,X
SIJTZLO,X,X
SIJTZOL,X,X
SIJTOLZ,X,X
SIJTOZL,X,X
SIJLTZO,X,O
SIJLTOZ,X,O
SIJLZTO,X,O
SIJLZOT,X,O
SIJLOTZ,X,O
SIJLOZT,X,O
SIJZTLO,X,X
SIJZTOL,X,X
SIJZLTO,X,X
SIJZLOT,X,X
SIJZOTL,X,X
SIJZOLT,X,X
SIJOTLZ,X,X
SIJOTZL,X,X
SIJOLTZ,X,O
SIJOLZT,X,O
SIJOZTL,X,X
SIJOZLT,X,X
SIZTLJO,X,X
SIZTLOJ,X,X
SIZTJLO,X,X
SIZTJOL,X,X
SIZTOLJ,X,X
SIZTOJL,X,X
SIZLTJO,X,O
SIZLTOJ,X,O
SIZLJTO,X,O
SIZLJOT,X,O
SIZLOTJ,X,O
SIZLOJT,X,O
SIZJTLO,X,X
SIZJTOL,X,X
SIZJLTO,X,X
SIZJLOT,X,X
SIZJOTL,X,X
SIZJOLT,X,X
SIZOTLJ,X,X
SIZOTJL,X,X
SIZOLTJ,X,O
SIZOLJT,X,O
SIZOJTL,X,X
SIZOJLT,X,X
SIOTLJZ,O,O
SIOTLZJ,O,O
SIOTJLZ,O,X
SIOTJZL,X,X
SIOTZLJ,O,X
SIOTZJL,X,X
SIOLTJZ,O,O
SIOLTZJ,O,O
SIOLJTZ,O,O
SIOLJZT,O,O
SIOLZTJ,O,O
SIOLZJT,O,O
SIOJTLZ,X,X
SIOJTZL,X,X
SIOJLTZ,X,O
SIOJLZT,X,O
SIOJZTL,X,X
SIOJZLT,X,X
SIOZTLJ,X,X
SIOZTJL,X,X
SIOZLTJ,X,O
SIOZLJT,X,O
SIOZJTL,X,X
SIOZJLT,X,X
SLTIJZO,O,O
SLTIJOZ,O,O
SLTIZJO,O,O
SLTIZOJ,O,O
SLTIOJZ,O,O
SLTIOZJ,O,O
SLTJIZO,O,O
SLTJIOZ,O,O
SLTJZIO,O,O
SLTJZOI,O,O
SLTJOIZ,O,O
SLTJOZI,O,O
SLTZIJO,O,O
SLTZIOJ,O,O
SLTZJIO,O,O
SLTZJOI,O,O
SLTZOIJ,O,O
SLTZOJI,O,O
SLTOIJZ,O,O
SLTOIZJ,O,O
SLTOJIZ,O,O
SLTOJZI,O,O
SLTOZIJ,O,O
SLTOZJI,O,O
SLITJZO,O,O
SLITJOZ,O,O
SLITZJO,O,O
SLITZOJ,O,O
SLITOJZ,O,O
SLITOZJ,O,O
SLIJTZO,O,O
SLIJTOZ,O,O
SLIJZTO,O,O
SLIJZOT,O,O
SLIJOTZ,O,O
SLIJOZT,O,O
SLIZTJO,O,O
SLIZTOJ,O,O
SLIZJTO,O,O
SLIZJOT,O,O
SLIZOTJ,O,O
SLIZOJT,O,O
SLIOTJZ,O,O
SLIOTZJ,O,O
SLIOJTZ,O,O
SLIOJZT,O,O
SLIOZTJ,O,O
SLIOZJT,O,O
SLJTIZO,O,O
SLJTIOZ,O,O
SLJTZIO,O,O
SLJTZOI,O,O
SLJTOIZ,O,O
SLJTOZI,O,O
SLJITZO,O,O
SLJITOZ,O,O
SLJIZTO,O,O
SLJIZOT,O,O
SLJIOTZ,O,O
SLJIOZT,O,O
SLJZTIO,O,O
SLJZTOI,O,O
SLJZITO,O,O
SLJZIOT,O,O
SLJZOTI,O,O
SLJZOIT,O,O
SLJOTIZ,O,O
SLJOTZI,O,O
SLJOITZ,O,O
SLJOIZT,O,O
SLJOZTI,O,O
SLJOZIT,O,O
SLZTIJO,O,O
SLZTIOJ,O,O
SLZTJIO,O,O
SLZTJOI,O,O
SLZTOIJ,O,O
SLZTOJI,O,O
SLZITJO,O,O
SLZITOJ,O,O
SLZIJTO,O,O
SLZIJOT,O,O
SLZIOTJ,O,O
SLZIOJT,O,O
SLZJTIO,O,O
SLZJTOI,O,O
SLZJITO,O,O
SLZJIOT,O,O
SLZJOTI,O,O
SLZJOIT,O,O
SLZOTIJ,O,O
SLZOTJI,O,O
SLZOITJ,O,O
SLZOIJT,O,O
SLZOJTI,O,O
SLZOJIT,O,O
SLOTIJZ,O,O
SLOTIZJ,O,O
SLOTJIZ,O,O
SLOTJZI,O,O
SLOTZIJ,O,O
SLOTZJI,O,O
SLOITJZ,O,O
SLOITZJ,O,O
SLOIJTZ,O,O
SLOIJZT,O,O
SLOIZTJ,O,O
SLOIZJT,O,O
SLOJTIZ,O,O
SLOJTZI,O,O
SLOJITZ,O,O
SLOJIZT,O,O
SLOJZTI,O,O
SLOJZIT,O,O
SLOZTIJ,O,O
SLOZTJI,O,O
SLOZITJ,O,O
SLOZIJT,O,O
SLOZJTI,O,O
SLOZJIT,O,O
SJTILZO,X,X
SJTILOZ,X,X
SJTIZLO,X,X
SJTIZOL,X,X
SJTIOLZ,X,X
SJTIOZL,X,X
SJTLIZO,X,X
SJTLIOZ,X,X
SJTLZIO,X,X
SJTLZOI,X,X
SJTLOIZ,X,X
SJTLOZI,X,X
SJTZILO,X,X
SJTZIOL,X,X
SJTZLIO,X,X
SJTZLOI,X,X
SJTZOIL,X,X
SJTZOLI,X,X
SJTOILZ,X,X
SJTOIZL,X,X
SJTOLIZ,X,X
SJTOLZI,X,X
SJTOZIL,X,X
SJTOZLI,X,X
SJITLZO,X,X
SJITLOZ,X,X
SJITZLO,X,X
SJITZOL,X,X
SJITOLZ,X,X
SJITOZL,X,X
SJILTZO,X,O
SJILTOZ,X,O
SJILZTO,X,O
SJILZOT,X,O
SJILOTZ,X,O
SJILOZT,X,O
SJIZTLO,X,X
SJIZTOL,X,X
SJIZLTO,X,X
SJIZLOT,X,X
SJIZOTL,X,X
SJIZOLT,X,X
SJIOTLZ,X,X
SJIOTZL,X,X
SJIOLTZ,X,O
SJIOLZT,X,O
SJIOZTL,X,X
SJIOZLT,X,X
SJLTIZO,X,O
SJLTIOZ,X,O
SJLTZIO,X,O
SJLTZOI,X,O
SJLTOIZ,X,O
SJLTOZI,X,O
SJLITZO,X,O
SJLITOZ,X,O
SJLIZTO,X,O
SJLIZOT,X,O
SJLIOTZ,X,O
SJLIOZT,X,O
SJLZTIO,X,O
SJLZTOI,X,O
SJLZITO,X,O
SJLZIOT,X,O
SJLZOTI,X,O
SJLZOIT,X,O
SJLOTIZ,X,O
SJLOTZI,X,O
SJLOITZ,X,O
SJLOIZT,X,O
SJLOZTI,X,O
SJLOZIT,X,O
SJZTILO,X,X
SJZTIOL,X,X
SJZTLIO,X,X
SJZTLOI,X,X
SJZTOIL,X,X
SJZTOLI,X,X
SJZITLO,X,X
SJZITOL,X,X
SJZILTO,X,X
SJZILOT,X,X
SJZIOTL,X,X
SJZIOLT,X,X
SJZLTIO,X,X
SJZLTOI,X,X
SJZLITO,X,X
SJZLIOT,X,X
SJZLOTI,X,X
SJZLOIT,X,X
SJZOTIL,X,X
SJZOTLI,X,X
SJZOITL,X,X
SJZOILT,X,X
SJZOLTI,X,X
SJZOLIT,X,X
SJOTILZ,X,X
SJOTIZL,X,X
SJOTLIZ,X,X
SJOTLZI,X,X
SJOTZIL,X,X
SJOTZLI,X,X
SJOITLZ,X,X
SJOITZL,X,X
SJOILTZ,X,O
SJOILZT,X,O
SJOIZTL,X,X
SJOIZLT,X,X
SJOLTIZ,X,O
SJOLTZI,X,O
SJOLITZ,X,O
SJOLIZT,X,O
SJOLZTI,X,O
SJOLZIT,X,O
SJOZTIL,X,X
SJOZTLI,X,X
SJOZITL,X,X
SJOZILT,X,X
SJOZLTI,X,X
SJOZLIT,X,X
SZTILJO,X,X
SZTILOJ,X,X
SZTIJLO,X,X
SZTIJOL,X,X
SZTIOLJ,X,X
SZTIOJL,X,X
SZTLIJO,X,X
SZTLIOJ,X,X
SZTLJIO,X,X
SZTLJOI,X,X
SZTLOIJ,X,X
SZTLOJI,X,X
SZTJILO,X,X
SZTJIOL,X,X
SZTJLIO,X,X
SZTJLOI,X,X
SZTJOIL,X,X
SZTJOLI,X,X
SZTOILJ,X,X
SZTOIJL,X,X
SZTOLIJ,X,X
SZTOLJI,X,X
SZTOJIL,X,X
SZTOJLI,X,X
SZITLJO,X,X
SZITLOJ,X,X
SZITJLO,X,X
SZITJOL,X,X
SZITOLJ,X,X
SZITOJL,X,X
SZILTJO,X,O
SZILTOJ,X,O
SZILJTO,X,O
SZILJOT,X,O
SZILOTJ,X,O
SZILOJT,X,O
SZIJTLO,X,X
SZIJTOL,X,X
SZIJLTO,X,X
SZIJLOT,X,X
SZIJOTL,X,X
SZIJOLT,X,X
SZIOTLJ,X,X
SZIOTJL,X,X
SZIOLTJ,X,O
SZIOLJT,X,O
SZIOJTL,X,X
SZIOJLT,X,X
SZLTIJO,X,O
SZLTIOJ,X,O
SZLTJIO,X,O
SZLTJOI,X,O
SZLTOIJ,X,O
SZLTOJI,X,O
SZLITJO,X,O
SZLITOJ,X,O
SZLIJTO,X,O
SZLIJOT,X,O
SZLIOTJ,X,O
SZLIOJT,X,O
SZLJTIO,X,O
SZLJTOI,X,O
SZLJITO,X,O
SZLJIOT,X,O
SZLJOTI,X,O
SZLJOIT,X,O
SZLOTIJ,X,O
SZLOTJI,X,O
SZLOITJ,X,O
SZLOIJT,X,O
SZLOJTI,X,O
SZLOJIT,X,O
SZJTILO,X,X
SZJTIOL,X,X
SZJTLIO,X,X
SZJTLOI,X,X
SZJTOIL,X,X
SZJTOLI,X,X
SZJITLO,X,X
SZJITOL,X,X
SZJILTO,X,X
SZJILOT,X,X
SZJIOTL,X,X
SZJIOLT,X,X
SZJLTIO,X,X
SZJLTOI,X,X
SZJLITO,X,X
SZJLIOT,X,X
SZJLOTI,X,X
SZJLOIT,X,X
SZJOTIL,X,X
SZJOTLI,X,X
SZJOITL,X,X
SZJOILT,X,X
SZJOLTI,X,X
SZJOLIT,X,X
SZOTILJ,X,X
SZOTIJL,X,X
SZOTLIJ,X,X
SZOTLJI,X,X
SZOTJIL,X,X
SZOTJLI,X,X
SZOITLJ,X,X
SZOITJL,X,X
SZOILTJ,X,O
SZOILJT,X,O
SZOIJTL,X,X
SZOIJLT,X,X
SZOLTIJ,X,O
SZOLTJI,X,O
SZOLITJ,X,O
SZOLIJT,X,O
SZOLJTI,X,O
SZOLJIT,X,O
SZOJTIL,X,X
SZOJTLI,X,X
SZOJITL,X,X
SZOJILT,X,X
SZOJLTI,X,X
SZOJLIT,X,X
SOTILJZ,O,O
SOTILZJ,O,O
SOTIJLZ,O,X
SOTIJZL,X,X
SOTIZLJ,O,X
SOTIZJL,X,X
SOTLIJZ,O,O
SOTLIZJ,O,O
SOTLJIZ,O,O
SOTLJZI,O,O
SOTLZIJ,O,O
SOTLZJI,O,O
SOTJILZ,O,X
SOTJIZL,X,X
SOTJLIZ,O,X
SOTJLZI,O,X
SOTJZIL,X,X
SOTJZLI,X,X
SOTZILJ,O,X
SOTZIJL,X,X
SOTZLIJ,O,X
SOTZLJI,O,X
SOTZJIL,X,X
SOTZJLI,X,X
SOITLJZ,O,O
SOITLZJ,O,O
SOITJLZ,O,X
SOITJZL,X,X
SOITZLJ,O,X
SOITZJL,X,X
SOILTJZ,O,O
SOILTZJ,O,O
SOILJTZ,O,O
SOILJZT,O,O
SOILZTJ,O,O
SOILZJT,O,O
SOIJTLZ,X,X
SOIJTZL,X,X
SOIJLTZ,X,O
SOIJLZT,X,O
SOIJZTL,X,X
SOIJZLT,X,X
SOIZTLJ,X,X
SOIZTJL,X,X
SOIZLTJ,X,O
SOIZLJT,X,O
SOIZJTL,X,X
SOIZJLT,X,X
SOLTIJZ,O,O
SOLTIZJ,O,O
SOLTJIZ,O,O
SOLTJZI,O,O
SOLTZIJ,O,O
SOLTZJI,O,O
SOLITJZ,O,O
SOLITZJ,O,O
SOLIJTZ,O,O
SOLIJZT,O,O
SOLIZTJ,O,O
SOLIZJT,O,O
SOLJTIZ,O,O
SOLJTZI,O,O
SOLJITZ,O,O
SOLJIZT,O,O
SOLJZTI,O,O
SOLJZIT,O,O
SOLZTIJ,O,O
SOLZTJI,O,O
SOLZITJ,O,O
SOLZIJT,O,O
SOLZJTI,O,O
SOLZJIT,O,O
SOJTILZ,X,X
SOJTIZL,X,X
SOJTLIZ,X,X
SOJTLZI,X,X
SOJTZIL,X,X
SOJTZLI,X,X
SOJITLZ,X,X
SOJITZL,X,X
SOJILTZ,X,O
SOJILZT,X,O
SOJIZTL,X,X
SOJIZLT,X,X
SOJLTIZ,X,O
SOJLTZI,X,O
SOJLITZ,X,O
SOJLIZT,X,O
SOJLZTI,X,O
SOJLZIT,X,O
SOJZTIL,X,X
SOJZTLI,X,X
SOJZITL,X,X
SOJZILT,X,X
SOJZLTI,X,X
SOJZLIT,X,X
SOZTILJ,X,X
SOZTIJL,X,X
SOZTLIJ,X,X
SOZTLJI,X,X
SOZTJIL,X,X
SOZTJLI,X,X
SOZITLJ,X,X
SOZITJL,X,X
SOZILTJ,X,O
SOZILJT,X,O
SOZIJTL,X,X
SOZIJLT,X,X
SOZLTIJ,X,O
SOZLTJI,X,O
SOZLITJ,X,O
SOZLIJT,X,O
SOZLJTI,X,O
SOZLJIT,X,O
SOZJTIL,X,X
SOZJTLI,X,X
SOZJITL,X,X
SOZJILT,X,X
SOZJLTI,X,X
SOZJLIT,X,X
ZTILJSO,O,X
ZTILJOS,O,X
ZTILSJO,O,X
ZTILSOJ,O,X
ZTILOJS,O,X
ZTILOSJ,O,X
ZTIJLSO,X,X
ZTIJLOS,X,X
ZTIJSLO,X,X
ZTIJSOL,X,X
ZTIJOLS,X,X
ZTIJOSL,X,X
ZTISLJO,O,X
ZTISLOJ,O,X
ZTISJLO,X,X
ZTISJOL,X,X
ZTISOLJ,O,X
ZTISOJL,X,X
ZTIOLJS,O,X
ZTIOLSJ,O,X
ZTIOJLS,X,X
ZTIOJSL,X,X
ZTIOSLJ,O,X
ZTIOSJL,X,X
ZTLIJSO,O,X
ZTLIJOS,O,X
ZTLISJO,O,X
ZTLISOJ,O,X
ZTLIOJS,O,X
ZTLIOSJ,O,X
ZTLJISO,O,X
ZTLJIOS,O,X
ZTLJSIO,O,X
ZTLJSOI,O,X
ZTLJOIS,O,X
ZTLJOSI,O,X
ZTLSIJO,O,X
ZTLSIOJ,O,X
ZTLSJIO,O,X
ZTLSJOI,O,X
ZTLSOIJ,O,X
ZTLSOJI,O,X
ZTLOIJS,O,X
ZTLOISJ,O,X
ZTLOJIS,O,X
ZTLOJSI,O,X
ZTLOSIJ,O,X
ZTLOSJI,O,X
ZTJILSO,X,X
ZTJILOS,X,X
ZTJISLO,X,X
ZTJISOL,X,X
ZTJIOLS,X,X
ZTJIOSL,X,X
ZTJLISO,X,X
ZTJLIOS,X,X
ZTJLSIO,X,X
ZTJLSOI,X,X
ZTJLOIS,X,X
ZTJLOSI,X,X
ZTJSILO,X,X
ZTJSIOL,X,X
ZTJSLIO,X,X
ZTJSLOI,X,X
ZTJSOIL,X,X
ZTJSOLI,X,X
ZTJOILS,X,X
ZTJOISL,X,X
ZTJOLIS,X,X
ZTJOLSI,X,X
ZTJOSIL,X,X
ZTJOSLI,X,X
ZTSILJO,O,X
ZTSILOJ,O,X
ZTSIJLO,X,X
ZTSIJOL,X,X
ZTSIOLJ,O,X
ZTSIOJL,X,X
ZTSLIJO,O,X
ZTSLIOJ,O,X
ZTSLJIO,O,X
ZTSLJOI,O,X
ZTSLOIJ,O,X
ZTSLOJI,O,X
ZTSJILO,X,X
ZTSJIOL,X,X
ZTSJLIO,X,X
ZTSJLOI,X,X
ZTSJOIL,X,X
ZTSJOLI,X,X
ZTSOILJ,O,X
ZTSOIJL,X,X
ZTSOLIJ,O,X
ZTSOLJI,O,X
ZTSOJIL,X,X
ZTSOJLI,X,X
ZTOILJS,O,X
ZTOILSJ,O,X
ZTOIJLS,X,X
ZTOIJSL,X,X
ZTOISLJ,O,X
ZTOISJL,X,X
ZTOLIJS,O,X
ZTOLISJ,O,X
ZTOLJIS,O,X
ZTOLJSI,O,X
ZTOLSIJ,O,X
ZTOLSJI,O,X
ZTOJILS,X,X
ZTOJISL,X,X
ZTOJLIS,X,X
ZTOJLSI,X,X
ZTOJSIL,X,X
ZTOJSLI,X,X
ZTOSILJ,O,X
ZTOSIJL,X,X
ZTOSLIJ,O,X
ZTOSLJI,O,X
ZTOSJIL,X,X
ZTOSJLI,X,X
ZITLJSO,O,X
ZITLJOS,O,X
ZITLSJO,O,X
ZITLSOJ,O,X
ZITLOJS,O,X
ZITLOSJ,O,X
ZITJLSO,X,X
ZITJLOS,X,X
ZITJSLO,X,X
ZITJSOL,X,X
ZITJOLS,X,X
ZITJOSL,X,X
ZITSLJO,O,X
ZITSLOJ,O,X
ZITSJLO,X,X
ZITSJOL,X,X
ZITSOLJ,O,X
ZITSOJL,X,X
ZITOLJS,O,X
ZITOLSJ,O,X
ZITOJLS,X,X
ZITOJSL,X,X
ZITOSLJ,O,X
ZITOSJL,X,X
ZILTJSO,O,O
ZILTJOS,O,O
ZILTSJO,O,O
ZILTSOJ,O,O
ZILTOJS,O,O
ZILTOSJ,O,O
ZILJTSO,O,O
ZILJTOS,O,O
ZILJSTO,O,O
ZILJSOT,O,O
ZILJOTS,O,O
ZILJOST,O,O
ZILSTJO,O,O
ZILSTOJ,O,O
ZILSJTO,O,O
ZILSJOT,O,O
ZILSOTJ,O,O
ZILSOJT,O,O
ZILOTJS,O,O
ZILOTSJ,O,O
ZILOJTS,O,O
ZILOJST,O,O
ZILOSTJ,O,O
ZILOSJT,O,O
ZIJTLSO,X,X
ZIJTLOS,X,X
ZIJTSLO,X,X
ZIJTSOL,X,X
ZIJTOLS,X,X
ZIJTOSL,X,X
ZIJLTSO,X,X
ZIJLTOS,X,X
ZIJLSTO,X,X
ZIJLSOT,X,X
ZIJLOTS,X,X
ZIJLOST,X,X
ZIJSTLO,X,X
ZIJSTOL,X,X
ZIJSLTO,X,X
ZIJSLOT,X,X
ZIJSOTL,X,X
ZIJSOLT,X,X
ZIJOTLS,X,X
ZIJOTSL,X,X
ZIJOLTS,X,X
ZIJOLST,X,X
ZIJOSTL,X,X
ZIJOSLT,X,X
ZISTLJO,X,X
ZISTLOJ,X,X
ZISTJLO,X,X
ZISTJOL,X,X
ZISTOLJ,X,X
ZISTOJL,X,X
ZISLTJO,X,O
ZISLTOJ,X,O
ZISLJTO,X,O
ZISLJOT,X,O
ZISLOTJ,X,O
ZISLOJT,X,O
ZISJTLO,X,X
ZISJTOL,X,X
ZISJLTO,X,X
ZISJLOT,X,X
ZISJOTL,X,X
ZISJOLT,X,X
ZISOTLJ,X,X
ZISOTJL,X,X
ZISOLTJ,X,O
ZISOLJT,X,O
ZISOJTL,X,X
ZISOJLT,X,X
ZIOTLJS,O,X
ZIOTLSJ,O,X
ZIOTJLS,X,X
ZIOTJSL,X,X
ZIOTSLJ,O,X
ZIOTSJL,X,X
ZIOLTJS,O,O
ZIOLTSJ,O,O
ZIOLJTS,O,O
ZIOLJST,O,O
ZIOLSTJ,O,O
ZIOLSJT,O,O
ZIOJTLS,X,X
ZIOJTSL,X,X
ZIOJLTS,X,X
ZIOJLST,X,X
ZIOJSTL,X,X
ZIOJSLT,X,X
ZIOSTLJ,X,X
ZIOSTJL,X,X
ZIOSLTJ,X,O
ZIOSLJT,X,O
ZIOSJTL,X,X
ZIOSJLT,X,X
ZLTIJSO,O,O
ZLTIJOS,O,O
ZLTISJO,O,O
ZLTISOJ,O,O
ZLTIOJS,O,O
ZLTIOSJ,O,O
ZLTJISO,O,O
ZLTJIOS,O,O
ZLTJSIO,O,O
ZLTJSOI,O,O
ZLTJOIS,O,O
ZLTJOSI,O,O
ZLTSIJO,O,O
ZLTSIOJ,O,O
ZLTSJIO,O,O
ZLTSJOI,O,O
ZLTSOIJ,O,O
ZLTSOJI,O,O
ZLTOIJS,O,O
ZLTOISJ,O,O
ZLTOJIS,O,O
ZLTOJSI,O,O
ZLTOSIJ,O,O
ZLTOSJI,O,O
ZLITJSO,O,O
ZLITJOS,O,O
ZLITSJO,O,O
ZLITSOJ,O,O
ZLITOJS,O,O
ZLITOSJ,O,O
ZLIJTSO,O,O
ZLIJTOS,O,O
ZLIJSTO,O,O
ZLIJSOT,O,O
ZLIJOTS,O,O
ZLIJOST,O,O
ZLISTJO,O,O
ZLISTOJ,O,O
ZLISJTO,O,O
ZLISJOT,O,O
ZLISOTJ,O,O
ZLISOJT,O,O
ZLIOTJS,O,O
ZLIOTSJ,O,O
ZLIOJTS,O,O
ZLIOJST,O,O
ZLIOSTJ,O,O
ZLIOSJT,O,O
ZLJTISO,O,O
ZLJTIOS,O,O
ZLJTSIO,O,O
ZLJTSOI,O,O
ZLJTOIS,O,O
ZLJTOSI,O,O
ZLJITSO,O,O
ZLJITOS,O,O
ZLJISTO,O,O
ZLJISOT,O,O
ZLJIOTS,O,O
ZLJIOST,O,O
ZLJSTIO,O,O
ZLJSTOI,O,O
ZLJSITO,O,O
ZLJSIOT,O,O
ZLJSOTI,O,O
ZLJSOIT,O,O
ZLJOTIS,O,O
ZLJOTSI,O,O
ZLJOITS,O,O
ZLJOIST,O,O
ZLJOSTI,O,O
ZLJOSIT,O,O
ZLSTIJO,O,O
ZLSTIOJ,O,O
ZLSTJIO,O,O
ZLSTJOI,O,O
ZLSTOIJ,O,O
ZLSTOJI,O,O
ZLSITJO,O,O
ZLSITOJ,O,O
ZLSIJTO,O,O
ZLSIJOT,O,O
ZLSIOTJ,O,O
ZLSIOJT,O,O
ZLSJTIO,O,O
ZLSJTOI,O,O
ZLSJITO,O,O
ZLSJIOT,O,O
ZLSJOTI,O,O
ZLSJOIT,O,O
ZLSOTIJ,O,O
ZLSOTJI,O,O
ZLSOITJ,O,O
ZLSOIJT,O,O
ZLSOJTI,O,O
ZLSOJIT,O,O
ZLOTIJS,O,O
ZLOTISJ,O,O
ZLOTJIS,O,O
ZLOTJSI,O,O
ZLOTSIJ,O,O
ZLOTSJI,O,O
ZLOITJS,O,O
ZLOITSJ,O,O
ZLOIJTS,O,O
ZLOIJST,O,O
ZLOISTJ,O,O
ZLOISJT,O,O
ZLOJTIS,O,O
ZLOJTSI,O,O
ZLOJITS,O,O
ZLOJIST,O,O
ZLOJSTI,O,O
ZLOJSIT,O,O
ZLOSTIJ,O,O
ZLOSTJI,O,O
ZLOSITJ,O,O
ZLOSIJT,O,O
ZLOSJTI,O,O
ZLOSJIT,O,O
ZJTILSO,X,X
ZJTILOS,X,X
ZJTISLO,X,X
ZJTISOL,X,X
ZJTIOLS,X,X
ZJTIOSL,X,X
ZJTLISO,X,X
ZJTLIOS,X,X
ZJTLSIO,X,X
ZJTLSOI,X,X
ZJTLOIS,X,X
ZJTLOSI,X,X
ZJTSILO,X,X
ZJTSIOL,X,X
ZJTSLIO,X,X
ZJTSLOI,X,X
ZJTSOIL,X,X
ZJTSOLI,X,X
ZJTOILS,X,X
ZJTOISL,X,X
ZJTOLIS,X,X
ZJTOLSI,X,X
ZJTOSIL,X,X
ZJTOSLI,X,X
ZJITLSO,X,X
ZJITLOS,X,X
ZJITSLO,X,X
ZJITSOL,X,X
ZJITOLS,X,X
ZJITOSL,X,X
ZJILTSO,X,X
ZJILTOS,X,X
ZJILSTO,X,X
ZJILSOT,X,X
ZJILOTS,X,X
ZJILOST,X,X
ZJISTLO,X,X
ZJISTOL,X,X
ZJISLTO,X,X
ZJISLOT,X,X
ZJISOTL,X,X
ZJISOLT,X,X
ZJIOTLS,X,X
ZJIOTSL,X,X
ZJIOLTS,X,X
ZJIOLST,X,X
ZJIOSTL,X,X
ZJIOSLT,X,X
ZJLTISO,X,X
ZJLTIOS,X,X
ZJLTSIO,X,X
ZJLTSOI,X,X
ZJLTOIS,X,X
ZJLTOSI,X,X
ZJLITSO,X,X
ZJLITOS,X,X
ZJLISTO,X,X
ZJLISOT,X,X
ZJLIOTS,X,X
ZJLIOST,X,X
ZJLSTIO,X,X
ZJLSTOI,X,X
ZJLSITO,X,X
ZJLSIOT,X,X
ZJLSOTI,X,X
ZJLSOIT,X,X
ZJLOTIS,X,X
ZJLOTSI,X,X
ZJLOITS,X,X
ZJLOIST,X,X
ZJLOSTI,X,X
ZJLOSIT,X,X
ZJSTILO,X,X
ZJSTIOL,X,X
ZJSTLIO,X,X
ZJSTLOI,X,X
ZJSTOIL,X,X
ZJSTOLI,X,X
ZJSITLO,X,X
ZJSITOL,X,X
ZJSILTO,X,X
ZJSILOT,X,X
ZJSIOTL,X,X
ZJSIOLT,X,X
ZJSLTIO,X,X
ZJSLTOI,X,X
ZJSLITO,X,X
ZJSLIOT,X,X
ZJSLOTI,X,X
ZJSLOIT,X,X
ZJSOTIL,X,X
ZJSOTLI,X,X
ZJSOITL,X,X
ZJSOILT,X,X
ZJSOLTI,X,X
ZJSOLIT,X,X
ZJOTILS,X,X
ZJOTISL,X,X
ZJOTLIS,X,X
ZJOTLSI,X,X
ZJOTSIL,X,X
ZJOTSLI,X,X
ZJOITLS,X,X
ZJOITSL,X,X
ZJOILTS,X,X
ZJOILST,X,X
ZJOISTL,X,X
ZJOISLT,X,X
ZJOLTIS,X,X
ZJOLTSI,X,X
ZJOLITS,X,X
ZJOLIST,X,X
ZJOLSTI,X,X
ZJOLSIT,X,X
ZJOSTIL,X,X
ZJOSTLI,X,X
ZJOSITL,X,X
ZJOSILT,X,X
ZJOSLTI,X,X
ZJOSLIT,X,X
ZSTILJO,X,X
ZSTILOJ,X,X
ZSTIJLO,X,X
ZSTIJOL,X,X
ZSTIOLJ,X,X
ZSTIOJL,X,X
ZSTLIJO,X,X
ZSTLIOJ,X,X
ZSTLJIO,X,X
ZSTLJOI,X,X
ZSTLOIJ,X,X
ZSTLOJI,X,X
ZSTJILO,X,X
ZSTJIOL,X,X
ZSTJLIO,X,X
ZSTJLOI,X,X
ZSTJOIL,X,X
ZSTJOLI,X,X
ZSTOILJ,X,X
ZSTOIJL,X,X
ZSTOLIJ,X,X
ZSTOLJI,X,X
ZSTOJIL,X,X
ZSTOJLI,X,X
ZSITLJO,X,X
ZSITLOJ,X,X
ZSITJLO,X,X
ZSITJOL,X,X
ZSITOLJ,X,X
ZSITOJL,X,X
ZSILTJO,X,O
ZSILTOJ,X,O
ZSILJTO,X,O
ZSILJOT,X,O
ZSILOTJ,X,O
ZSILOJT,X,O
ZSIJTLO,X,X
ZSIJTOL,X,X
ZSIJLTO,X,X
ZSIJLOT,X,X
ZSIJOTL,X,X
ZSIJOLT,X,X
ZSIOTLJ,X,X
ZSIOTJL,X,X
ZSIOLTJ,X,O
ZSIOLJT,X,O
ZSIOJTL,X,X
ZSIOJLT,X,X
ZSLTIJO,X,O
ZSLTIOJ,X,O
ZSLTJIO,X,O
ZSLTJOI,X,O
ZSLTOIJ,X,O
ZSLTOJI,X,O
ZSLITJO,X,O
ZSLITOJ,X,O
ZSLIJTO,X,O
ZSLIJOT,X,O
ZSLIOTJ,X,O
ZSLIOJT,X,O
ZSLJTIO,X,O
ZSLJTOI,X,O
ZSLJITO,X,O
ZSLJIOT,X,O
ZSLJOTI,X,O
ZSLJOIT,X,O
ZSLOTIJ,X,O
ZSLOTJI,X,O
ZSLOITJ,X,O
ZSLOIJT,X,O
ZSLOJTI,X,O
ZSLOJIT,X,O
ZSJTILO,X,X
ZSJTIOL,X,X
ZSJTLIO,X,X
ZSJTLOI,X,X
ZSJTOIL,X,X
ZSJTOLI,X,X
ZSJITLO,X,X
ZSJITOL,X,X
ZSJILTO,X,X
ZSJILOT,X,X
ZSJIOTL,X,X
ZSJIOLT,X,X
ZSJLTIO,X,X
ZSJLTOI,X,X
ZSJLITO,X,X
ZSJLIOT,X,X
ZSJLOTI,X,X
ZSJLOIT,X,X
ZSJOTIL,X,X
ZSJOTLI,X,X
ZSJOITL,X,X
ZSJOILT,X,X
ZSJOLTI,X,X
ZSJOLIT,X,X
ZSOTILJ,X,X
ZSOTIJL,X,X
ZSOTLIJ,X,X
ZSOTLJI,X,X
ZSOTJIL,X,X
ZSOTJLI,X,X
ZSOITLJ,X,X
ZSOITJL,X,X
ZSOILTJ,X,O
ZSOILJT,X,O
ZSOIJTL,X,X
ZSOIJLT,X,X
ZSOLTIJ,X,O
ZSOLTJI,X,O
ZSOLITJ,X,O
ZSOLIJT,X,O
ZSOLJTI,X,O
ZSOLJIT,X,O
ZSOJTIL,X,X
ZSOJTLI,X,X
ZSOJITL,X,X
ZSOJILT,X,X
ZSOJLTI,X,X
ZSOJLIT,X,X
ZOTILJS,O,X
ZOTILSJ,O,X
ZOTIJLS,X,X
ZOTIJSL,X,X
ZOTISLJ,O,X
ZOTISJL,X,X
ZOTLIJS,O,X
ZOTLISJ,O,X
ZOTLJIS,O,X
ZOTLJSI,O,X
ZOTLSIJ,O,X
ZOTLSJI,O,X
ZOTJILS,X,X
ZOTJISL,X,X
ZOTJLIS,X,X
ZOTJLSI,X,X
ZOTJSIL,X,X
ZOTJSLI,X,X
ZOTSILJ,O,X
ZOTSIJL,X,X
ZOTSLIJ,O,X
ZOTSLJI,O,X
ZOTSJIL,X,X
ZOTSJLI,X,X
ZOITLJS,O,X
ZOITLSJ,O,X
ZOITJLS,X,X
ZOITJSL,X,X
ZOITSLJ,O,X
ZOITSJL,X,X
ZOILTJS,O,O
ZOILTSJ,O,O
ZOILJTS,O,O
ZOILJST,O,O
ZOILSTJ,O,O
ZOILSJT,O,O
ZOIJTLS,X,X
ZOIJTSL,X,X
ZOIJLTS,X,X
ZOIJLST,X,X
ZOIJSTL,X,X
ZOIJSLT,X,X
ZOISTLJ,X,X
ZOISTJL,X,X
ZOISLTJ,X,O
ZOISLJT,X,O
ZOISJTL,X,X
ZOISJLT,X,X
ZOLTIJS,O,O
ZOLTISJ,O,O
ZOLTJIS,O,O
ZOLTJSI,O,O
ZOLTSIJ,O,O
ZOLTSJI,O,O
ZOLITJS,O,O
ZOLITSJ,O,O
ZOLIJTS,O,O
ZOLIJST,O,O
ZOLISTJ,O,O
ZOLISJT,O,O
ZOLJTIS,O,O
ZOLJTSI,O,O
ZOLJITS,O,O
ZOLJIST,O,O
ZOLJSTI,O,O
ZOLJSIT,O,O
ZOLSTIJ,O,O
ZOLSTJI,O,O
ZOLSITJ,O,O
ZOLSIJT,O,O
ZOLSJTI,O,O
ZOLSJIT,O,O
ZOJTILS,X,X
ZOJTISL,X,X
ZOJTLIS,X,X
ZOJTLSI,X,X
ZOJTSIL,X,X
ZOJTSLI,X,X
ZOJITLS,X,X
ZOJITSL,X,X
ZOJILTS,X,X
ZOJILST,X,X
ZOJISTL,X,X
ZOJISLT,X,X
ZOJLTIS,X,X
ZOJLTSI,X,X
ZOJLITS,X,X
ZOJLIST,X,X
ZOJLSTI,X,X
ZOJLSIT,X,X
ZOJSTIL,X,X
ZOJSTLI,X,X
ZOJSITL,X,X
ZOJSILT,X,X
ZOJSLTI,X,X
ZOJSLIT,X,X
ZOSTILJ,X,X
ZOSTIJL,X,X
ZOSTLIJ,X,X
ZOSTLJI,X,X
ZOSTJIL,X,X
ZOSTJLI,X,X
ZOSITLJ,X,X
ZOSITJL,X,X
ZOSILTJ,X,O
ZOSILJT,X,O
ZOSIJTL,X,X
ZOSIJLT,X,X
ZOSLTIJ,X,O
ZOSLTJI,X,O
ZOSLITJ,X,O
ZOSLIJT,X,O
ZOSLJTI,X,O
ZOSLJIT,X,O
ZOSJTIL,X,X
ZOSJTLI,X,X
ZOSJITL,X,X
ZOSJILT,X,X
ZOSJLTI,X,X
ZOSJLIT,X,X
OTILJSZ,O,O
OTILJZS,O,O
OTILSJZ,O,O
OTILSZJ,O,O
OTILZJS,O,O
OTILZSJ,O,O
OTIJLSZ,O,X
OTIJLZS,O,X
OTIJSLZ,O,X
OTIJSZL,X,X
OTIJZLS,X,X
OTIJZSL,X,X
OTISLJZ,O,O
OTISLZJ,O,O
OTISJLZ,O,X
OTISJZL,X,X
OTISZLJ,O,X
OTISZJL,X,X
OTIZLJS,O,X
OTIZLSJ,O,X
OTIZJLS,X,X
OTIZJSL,X,X
OTIZSLJ,O,X
OTIZSJL,X,X
OTLIJSZ,O,O
OTLIJZS,O,O
OTLISJZ,O,O
OTLISZJ,O,O
OTLIZJS,O,O
OTLIZSJ,O,O
OTLJISZ,O,O
OTLJIZS,O,O
OTLJSIZ,O,O
OTLJSZI,O,O
OTLJZIS,O,O
OTLJZSI,O,O
OTLSIJZ,O,O
OTLSIZJ,O,O
OTLSJIZ,O,O
OTLSJZI,O,O
OTLSZIJ,O,O
OTLSZJI,O,O
OTLZIJS,O,O
OTLZISJ,O,O
OTLZJIS,O,O
OTLZJSI,O,O
OTLZSIJ,O,O
OTLZSJI,O,O
OTJILSZ,O,X
OTJILZS,O,X
OTJISLZ,O,X
OTJISZL,X,X
OTJIZLS,X,X
OTJIZSL,X,X
OTJLISZ,O,X
OTJLIZS,O,X
OTJLSIZ,O,X
OTJLSZI,O,X
OTJLZIS,O,X
OTJLZSI,O,X
OTJSILZ,O,X
OTJSIZL,X,X
OTJSLIZ,O,X
OTJSLZI,O,X
OTJSZIL,X,X
OTJSZLI,X,X
OTJZILS,X,X
OTJZISL,X,X
OTJZLIS,X,X
OTJZLSI,X,X
OTJZSIL,X,X
OTJZSLI,X,X
OTSILJZ,O,O
OTSILZJ,O,O
OTSIJLZ,O,X
OTSIJZL,X,X
OTSIZLJ,O,X
OTSIZJL,X,X
OTSLIJZ,O,O
OTSLIZJ,O,O
OTSLJIZ,O,O
OTSLJZI,O,O
OTSLZIJ,O,O
OTSLZJI,O,O
OTSJILZ,O,X
OTSJIZL,X,X
OTSJLIZ,O,X
OTSJLZI,O,X
OTSJZIL,X,X
OTSJZLI,X,X
OTSZILJ,O,X
OTSZIJL,X,X
OTSZLIJ,O,X
OTSZLJI,O,X
OTSZJIL,X,X
OTSZJLI,X,X
OTZILJS,O,X
OTZILSJ,O,X
OTZIJLS,X,X
OTZIJSL,X,X
OTZISLJ,O,X
OTZISJL,X,X
OTZLIJS,O,X
OTZLISJ,O,X
OTZLJIS,O,X
OTZLJSI,O,X
OTZLSIJ,O,X
OTZLSJI,O,X
OTZJILS,X,X
OTZJISL,X,X
OTZJLIS,X,X
OTZJLSI,X,X
OTZJSIL,X,X
OTZJSLI,X,X
OTZSILJ,O,X
OTZSIJL,X,X
OTZSLIJ,O,X
OTZSLJI,O,X
OTZSJIL,X,X
OTZSJLI,X,X
OITLJSZ,O,O
OITLJZS,O,O
OITLSJZ,O,O
OITLSZJ,O,O
OITLZJS,O,O
OITLZSJ,O,O
OITJLSZ,O,X
OITJLZS,O,X
OITJSLZ,O,X
OITJSZL,X,X
OITJZLS,X,X
OITJZSL,X,X
OITSLJZ,O,O
OITSLZJ,O,O
OITSJLZ,O,X
OITSJZL,X,X
OITSZLJ,O,X
OITSZJL,X,X
OITZLJS,O,X
OITZLSJ,O,X
OITZJLS,X,X
OITZJSL,X,X
OITZSLJ,O,X
OITZSJL,X,X
OILTJSZ,O,O
OILTJZS,O,O
OILTSJZ,O,O
OILTSZJ,O,O
OILTZJS,O,O
OILTZSJ,O,O
OILJTSZ,O,O
OILJTZS,O,O
OILJSTZ,O,O
OILJSZT,O,O
OILJZTS,O,O
OILJZST,O,O
OILSTJZ,O,O
OILSTZJ,O,O
OILSJTZ,O,O
OILSJZT,O,O
OILSZTJ,O,O
OILSZJT,O,O
OILZTJS,O,O
OILZTSJ,O,O
OILZJTS,O,O
OILZJST,O,O
OILZSTJ,O,O
OILZSJT,O,O
OIJTLSZ,O,X
OIJTLZS,O,X
OIJTSLZ,O,X
OIJTSZL,X,X
OIJTZLS,X,X
OIJTZSL,X,X
OIJLTSZ,O,O
OIJLTZS,O,O
OIJLSTZ,O,O
OIJLSZT,O,O
OIJLZTS,O,O
OIJLZST,O,O
OIJSTLZ,X,X
OIJSTZL,X,X
OIJSLTZ,X,O
OIJSLZT,X,O
OIJSZTL,X,X
OIJSZLT,X,X
OIJZTLS,X,X
OIJZTSL,X,X
OIJZLTS,X,X
OIJZLST,X,X
OIJZSTL,X,X
OIJZSLT,X,X
OISTLJZ,O,O
OISTLZJ,O,O
OISTJLZ,O,X
OISTJZL,X,X
OISTZLJ,O,X
OISTZJL,X,X
OISLTJZ,O,O
OISLTZJ,O,O
OISLJTZ,O,O
OISLJZT,O,O
OISLZTJ,O,O
OISLZJT,O,O
OISJTLZ,X,X
OISJTZL,X,X
OISJLTZ,X,O
OISJLZT,X,O
OISJZTL,X,X
OISJZLT,X,X
OISZTLJ,X,X
OISZTJL,X,X
OISZLTJ,X,O
OISZLJT,X,O
OISZJTL,X,X
OISZJLT,X,X
OIZTLJS,O,X
OIZTLSJ,O,X
OIZTJLS,X,X
OIZTJSL,X,X
OIZTSLJ,O,X
OIZTSJL,X,X
OIZLTJS,O,O
OIZLTSJ,O,O
OIZLJTS,O,O
OIZLJST,O,O
OIZLSTJ,O,O
OIZLSJT,O,O
OIZJTLS,X,X
OIZJTSL,X,X
OIZJLTS,X,X
OIZJLST,X,X
OIZJSTL,X,X
OIZJSLT,X,X
OIZSTLJ,X,X
OIZSTJL,X,X
OIZSLTJ,X,O
OIZSLJT,X,O
OIZSJTL,X,X
OIZSJLT,X,X
OLTIJSZ,O,O
OLTIJZS,O,O
OLTISJZ,O,O
OLTISZJ,O,O
OLTIZJS,O,O
OLTIZSJ,O,O
OLTJISZ,O,O
OLTJIZS,O,O
OLTJSIZ,O,O
OLTJSZI,O,O
OLTJZIS,O,O
OLTJZSI,O,O
OLTSIJZ,O,O
OLTSIZJ,O,O
OLTSJIZ,O,O
OLTSJZI,O,O
OLTSZIJ,O,O
OLTSZJI,O,O
OLTZIJS,O,O
OLTZISJ,O,O
OLTZJIS,O,O
OLTZJSI,O,O
OLTZSIJ,O,O
OLTZSJI,O,O
OLITJSZ,O,O
OLITJZS,O,O
OLITSJZ,O,O
OLITSZJ,O,O
OLITZJS,O,O
OLITZSJ,O,O
OLIJTSZ,O,O
OLIJTZS,O,O
OLIJSTZ,O,O
OLIJSZT,O,O
OLIJZTS,O,O
OLIJZST,O,O
OLISTJZ,O,O
OLISTZJ,O,O
OLISJTZ,O,O
OLISJZT,O,O
OLISZTJ,O,O
OLISZJT,O,O
OLIZTJS,O,O
OLIZTSJ,O,O
OLIZJTS,O,O
OLIZJST,O,O
OLIZSTJ,O,O
OLIZSJT,O,O
OLJTISZ,O,O
OLJTIZS,O,O
OLJTSIZ,O,O
OLJTSZI,O,O
OLJTZIS,O,O
OLJTZSI,O,O
OLJITSZ,O,O
OLJITZS,O,O
OLJISTZ,O,O
OLJISZT,O,O
OLJIZTS,O,O
OLJIZST,O,O
OLJSTIZ,O,O
OLJSTZI,O,O
OLJSITZ,O,O
OLJSIZT,O,O
OLJSZTI,O,O
OLJSZIT,O,O
OLJZTIS,O,O
OLJZTSI,O,O
OLJZITS,O,O
OLJZIST,O,O
OLJZSTI,O,O
OLJZSIT,O,O
OLSTIJZ,O,O
OLSTIZJ,O,O
OLSTJIZ,O,O
OLSTJZI,O,O
OLSTZIJ,O,O
OLSTZJI,O,O
OLSITJZ,O,O
OLSITZJ,O,O
OLSIJTZ,O,O
OLSIJZT,O,O
OLSIZTJ,O,O
OLSIZJT,O,O
OLSJTIZ,O,O
OLSJTZI,O,O
OLSJITZ,O,O
OLSJIZT,O,O
OLSJZTI,O,O
OLSJZIT,O,O
OLSZTIJ,O,O
OLSZTJI,O,O
OLSZITJ,O,O
OLSZIJT,O,O
OLSZJTI,O,O
OLSZJIT,O,O
OLZTIJS,O,O
OLZTISJ,O,O
OLZTJIS,O,O
OLZTJSI,O,O
OLZTSIJ,O,O
OLZTSJI,O,O
OLZITJS,O,O
OLZITSJ,O,O
OLZIJTS,O,O
OLZIJST,O,O
OLZISTJ,O,O
OLZISJT,O,O
OLZJTIS,O,O
OLZJTSI,O,O
OLZJITS,O,O
OLZJIST,O,O
OLZJSTI,O,O
OLZJSIT,O,O
OLZSTIJ,O,O
OLZSTJI,O,O
OLZSITJ,O,O
OLZSIJT,O,O
OLZSJTI,O,O
OLZSJIT,O,O
OJTILSZ,O,X
OJTILZS,O,X
OJTISLZ,O,X
OJTISZL,X,X
OJTIZLS,X,X
OJTIZSL,X,X
OJTLISZ,O,X
OJTLIZS,O,X
OJTLSIZ,O,X
OJTLSZI,O,X
OJTLZIS,O,X
OJTLZSI,O,X
OJTSILZ,O,X
OJTSIZL,X,X
OJTSLIZ,O,X
OJTSLZI,O,X
OJTSZIL,X,X
OJTSZLI,X,X
OJTZILS,X,X
OJTZISL,X,X
OJTZLIS,X,X
OJTZLSI,X,X
OJTZSIL,X,X
OJTZSLI,X,X
OJITLSZ,O,X
OJITLZS,O,X
OJITSLZ,O,X
OJITSZL,X,X
OJITZLS,X,X
OJITZSL,X,X
OJILTSZ,O,O
OJILTZS,O,O
OJILSTZ,O,O
OJILSZT,O,O
OJILZTS,O,O
OJILZST,O,O
OJISTLZ,X,X
OJISTZL,X,X
OJISLTZ,X,O
OJISLZT,X,O
OJISZTL,X,X
OJISZLT,X,X
OJIZTLS,X,X
OJIZTSL,X,X
OJIZLTS,X,X
OJIZLST,X,X
OJIZSTL,X,X
OJIZSLT,X,X
OJLTISZ,O,O
OJLTIZS,O,O
OJLTSIZ,O,O
OJLTSZI,O,O
OJLTZIS,O,O
OJLTZSI,O,O
OJLITSZ,O,O
OJLITZS,O,O
OJLISTZ,O,O
OJLISZT,O,O
OJLIZTS,O,O
OJLIZST,O,O
OJLSTIZ,O,O
OJLSTZI,O,O
OJLSITZ,O,O
OJLSIZT,O,O
OJLSZTI,O,O
OJLSZIT,O,O
OJLZTIS,O,O
OJLZTSI,O,O
OJLZITS,O,O
OJLZIST,O,O
OJLZSTI,O,O
OJLZSIT,O,O
OJSTILZ,X,X
OJSTIZL,X,X
OJSTLIZ,X,X
OJSTLZI,X,X
OJSTZIL,X,X
OJSTZLI,X,X
OJSITLZ,X,X
OJSITZL,X,X
OJSILTZ,X,O
OJSILZT,X,O
OJSIZTL,X,X
OJSIZLT,X,X
OJSLTIZ,X,O
OJSLTZI,X,O
OJSLITZ,X,O
OJSLIZT,X,O
OJSLZTI,X,O
OJSLZIT,X,O
OJSZTIL,X,X
OJSZTLI,X,X
OJSZITL,X,X
OJSZILT,X,X
OJSZLTI,X,X
OJSZLIT,X,X
OJZTILS,X,X
OJZTISL,X,X
OJZTLIS,X,X
OJZTLSI,X,X
OJZTSIL,X,X
OJZTSLI,X,X
OJZITLS,X,X
OJZITSL,X,X
OJZILTS,X,X
OJZILST,X,X
OJZISTL,X,X
OJZISLT,X,X
OJZLTIS,X,X
OJZLTSI,X,X
OJZLITS,X,X
OJZLIST,X,X
OJZLSTI,X,X
OJZLSIT,X,X
OJZSTIL,X,X
OJZSTLI,X,X
OJZSITL,X,X
OJZSILT,X,X
OJZSLTI,X,X
OJZSLIT,X,X
OSTILJZ,O,O
OSTILZJ,O,O
OSTIJLZ,O,X
OSTIJZL,X,X
OSTIZLJ,O,X
OSTIZJL,X,X
OSTLIJZ,O,O
OSTLIZJ,O,O
OSTLJIZ,O,O
OSTLJZI,O,O
OSTLZIJ,O,O
OSTLZJI,O,O
OSTJILZ,O,X
OSTJIZL,X,X
OSTJLIZ,O,X
OSTJLZI,O,X
OSTJZIL,X,X
OSTJZLI,X,X
OSTZILJ,O,X
OSTZIJL,X,X
OSTZLIJ,O,X
OSTZLJI,O,X
OSTZJIL,X,X
OSTZJLI,X,X
OSITLJZ,O,O
OSITLZJ,O,O
OSITJLZ,O,X
OSITJZL,X,X
OSITZLJ,O,X
OSITZJL,X,X
OSILTJZ,O,O
OSILTZJ,O,O
OSILJTZ,O,O
OSILJZT,O,O
OSILZTJ,O,O
OSILZJT,O,O
OSIJTLZ,X,X
OSIJTZL,X,X
OSIJLTZ,X,O
OSIJLZT,X,O
OSIJZTL,X,X
OSIJZLT,X,X
OSIZTLJ,X,X
OSIZTJL,X,X
OSIZLTJ,X,O
OSIZLJT,X,O
OSIZJTL,X,X
OSIZJLT,X,X
OSLTIJZ,O,O
OSLTIZJ,O,O
OSLTJIZ,O,O
OSLTJZI,O,O
OSLTZIJ,O,O
OSLTZJI,O,O
OSLITJZ,O,O
OSLITZJ,O,O
OSLIJTZ,O,O
OSLIJZT,O,O
OSLIZTJ,O,O
OSLIZJT,O,O
OSLJTIZ,O,O
OSLJTZI,O,O
OSLJITZ,O,O
OSLJIZT,O,O
OSLJZTI,O,O
OSLJZIT,O,O
OSLZTIJ,O,O
OSLZTJI,O,O
OSLZITJ,O,O
OSLZIJT,O,O
OSLZJTI,O,O
OSLZJIT,O,O
OSJTILZ,X,X
OSJTIZL,X,X
OSJTLIZ,X,X
OSJTLZI,X,X
OSJTZIL,X,X
OSJTZLI,X,X
OSJITLZ,X,X
OSJITZL,X,X
OSJILTZ,X,O
OSJILZT,X,O
OSJIZTL,X,X
OSJIZLT,X,X
OSJLTIZ,X,O
OSJLTZI,X,O
OSJLITZ,X,O
OSJLIZT,X,O
OSJLZTI,X,O
OSJLZIT,X,O
OSJZTIL,X,X
OSJZTLI,X,X
OSJZITL,X,X
OSJZILT,X,X
OSJZLTI,X,X
OSJZLIT,X,X
OSZTILJ,X,X
OSZTIJL,X,X
OSZTLIJ,X,X
OSZTLJI,X,X
OSZTJIL,X,X
OSZTJLI,X,X
OSZITLJ,X,X
OSZITJL,X,X
OSZILTJ,X,O
OSZILJT,X,O
OSZIJTL,X,X
OSZIJLT,X,X
OSZLTIJ,X,O
OSZLTJI,X,O
OSZLITJ,X,O
OSZLIJT,X,O
OSZLJTI,X,O
OSZLJIT,X,O
OSZJTIL,X,X
OSZJTLI,X,X
OSZJITL,X,X
OSZJILT,X,X
OSZJLTI,X,X
OSZJLIT,X,X
OZTILJS,O,X
OZTILSJ,O,X
OZTIJLS,X,X
OZTIJSL,X,X
OZTISLJ,O,X
OZTISJL,X,X
OZTLIJS,O,X
OZTLISJ,O,X
OZTLJIS,O,X
OZTLJSI,O,X
OZTLSIJ,O,X
OZTLSJI,O,X
OZTJILS,X,X
OZTJISL,X,X
OZTJLIS,X,X
OZTJLSI,X,X
OZTJSIL,X,X
OZTJSLI,X,X
OZTSILJ,O,X
OZTSIJL,X,X
OZTSLIJ,O,X
OZTSLJI,O,X
OZTSJIL,X,X
OZTSJLI,X,X
OZITLJS,O,X
OZITLSJ,O,X
OZITJLS,X,X
OZITJSL,X,X
OZITSLJ,O,X
OZITSJL,X,X
OZILTJS,O,O
OZILTSJ,O,O
OZILJTS,O,O
OZILJST,O,O
OZILSTJ,O,O
OZILSJT,O,O
OZIJTLS,X,X
OZIJTSL,X,X
OZIJLTS,X,X
OZIJLST,X,X
OZIJSTL,X,X
OZIJSLT,X,X
OZISTLJ,X,X
OZISTJL,X,X
OZISLTJ,X,O
OZISLJT,X,O
OZISJTL,X,X
OZISJLT,X,X
OZLTIJS,O,O
OZLTISJ,O,O
OZLTJIS,O,O
OZLTJSI,O,O
OZLTSIJ,O,O
OZLTSJI,O,O
OZLITJS,O,O
OZLITSJ,O,O
OZLIJTS,O,O
OZLIJST,O,O
OZLISTJ,O,O
OZLISJT,O,O
OZLJTIS,O,O
OZLJTSI,O,O
OZLJITS,O,O
OZLJIST,O,O
OZLJSTI,O,O
OZLJSIT,O,O
OZLSTIJ,O,O
OZLSTJI,O,O
OZLSITJ,O,O
OZLSIJT,O,O
OZLSJTI,O,O
OZLSJIT,O,O
OZJTILS,X,X
OZJTISL,X,X
OZJTLIS,X,X
OZJTLSI,X,X
OZJTSIL,X,X
OZJTSLI,X,X
OZJITLS,X,X
OZJITSL,X,X
OZJILTS,X,X
OZJILST,X,X
OZJISTL,X,X
OZJISLT,X,X
OZJLTIS,X,X
OZJLTSI,X,X
OZJLITS,X,X
OZJLIST,X,X
OZJLSTI,X,X
OZJLSIT,X,X
OZJSTIL,X,X
OZJSTLI,X,X
OZJSITL,X,X
OZJSILT,X,X
OZJSLTI,X,X
OZJSLIT,X,X
OZSTILJ,X,X
OZSTIJL,X,X
OZSTLIJ,X,X
OZSTLJI,X,X
OZSTJIL,X,X
OZSTJLI,X,X
OZSITLJ,X,X
OZSITJL,X,X
OZSILTJ,X,O
OZSILJT,X,O
OZSIJTL,X,X
OZSIJLT,X,X
OZSLTIJ,X,O
OZSLTJI,X,O
OZSLITJ,X,O
OZSLIJT,X,O
OZSLJTI,X,O
OZSLJIT,X,O
OZSJTIL,X,X
OZSJTLI,X,X
OZSJITL,X,X
OZSJILT,X,X
OZSJLTI,X,X
OZSJLIT,X,X
